v0,r_c,MBH,ML,chi2,reward,status,proposal_id,chi2_losvd,delta_chi2_iteration,max_light_relative_residual,max_light_sigma_residual,light_constraint_ok,solver_converged,solver_iterations,solver_failure_reason,julia_status_code,chi2_inner,chi2_outer,N_inner,N_outer,N_nonzero_weights,effective_N_orbits,max_weight_fraction,halo_type,alphat,light_rel_tol,light_sigma_tol,delta_chi2_iter_tol,halo_q_axis_ratio,karl_halo_params_active,coverage_status,coverage_strict,coverage_issue_region,coverage_issue_axis,coverage_issue_shell_bands,coverage_reasons,coverage_fraction,coverage_attempted_fraction,coverage_success_fraction,coverage_shell_min,coverage_lfrac_min,coverage_theta_min,coverage_shell_gap,coverage_lfrac_gap,coverage_theta_gap,coverage_joint_holes,coverage_deadline_hit,successful_base_orbits,planned_base_orbits,phase_volume_valid,phase_volume_convention,phase_volume_normalization,phase_volume_launches_recorded,phase_volume_sos_recorded,phase_volume_valid_base_orbits,phase_volume_invalid_recorded_orbits,phase_volume_nested_groups,phase_volume_duplicate_area_clusters,phase_volume_duplicate_area_orbits,raw_phase_volume_min,raw_phase_volume_max,raw_phase_volume_dynamic_range,normalized_phase_volume_min,normalized_phase_volume_max,wphase_min,wphase_max,wphase_dynamic_range,wphase_pair_max_relative_mismatch
100.0,1800.0,900000.0,1.0,,,todo,,,,,,,,,,,,,,,,,,,,,,,,,,,,,,,,,,,,,,,,,,,,,,,,,,,,,,,,,,,,,,
106.56660495795181,94.57040848300777,435027.54244641453,5.288579304188114,712.5122675074185,-712.5122675074185,pass_full,1.0,712.5122675074185,0.2745042449112134,0.0005334462072074074,4.925995011323254e-05,1.0,1.0,19.0,none,0.0,32.89332802865358,679.6189394787658,20.0,543.0,108.0,36.10484057249562,0.06305012143018222,nonsingular_isothermal,1.0,0.01,2.0,0.3,1.0,0.0,strict_pass,1.0,none,none,,,0.9931931931931932,1.0,0.9931931931931932,0.958664546899841,0.9753086419753086,0.9629629629629629,0.04133545310015896,0.024691358024691357,0.03703703703703709,0.0,0.0,4961.0,4995.0,1.0,inverse_phase_volume,geometric_mean,4961.0,4961.0,4961.0,0.0,540.0,0.0,0.0,1.916540478524873e+41,2.279037908001917e+57,1.1891415462072848e+16,1.2048179556009977e-11,143269.90866216682,6.979832746023584e-06,83000091038.74713,1.1891415462072832e+16,0.0
150.5387217744222,1859.6987018910581,301266.0697350675,12.940214140079458,517.6781945871228,-517.6781945871228,pass_full,2.0,517.6781945871228,0.11729589003516594,2.5684848352722576e-12,2.5152329408930412e-12,1.0,1.0,30.0,none,0.0,16.749609359103857,500.92858522801885,20.0,543.0,132.0,37.966942580248585,0.09159029741717055,nonsingular_isothermal,1.0,0.01,2.0,0.3,1.0,0.0,strict_pass,1.0,none,none,,,0.9961961961961961,1.0,0.9961961961961961,0.9697933227344993,0.9843621399176955,0.9851851851851852,0.030206677265500748,0.0156378600823045,0.014814814814814836,0.0,0.0,4976.0,4995.0,1.0,inverse_phase_volume,geometric_mean,4976.0,4976.0,4976.0,0.0,540.0,0.0,0.0,3.521528779549269e+42,8.913404571467116e+56,253111791197911.78,2.9310219275885258e-08,7418762.101322916,1.3479337743175233e-07,34117793.20336719,253111791197913.1,0.0
144.72543383541347,588.182442569013,1302.3385887918203,0.27036736272068784,566.9760523094305,-566.9760523094305,pass_full,3.0,566.9760523094305,0.011959626464999928,1.217562076808504e-12,1.6519341068868816e-12,1.0,1.0,46.0,none,0.0,22.544016043878738,544.4320362655517,20.0,543.0,197.0,48.43272851002487,0.043877066341082065,nonsingular_isothermal,1.0,0.01,2.0,0.3,1.0,0.0,strict_pass,1.0,none,none,,,0.9991991991991992,1.0,0.9991991991991992,0.9936406995230525,0.9967078189300411,0.9944444444444445,0.006359300476947549,0.003292181069958877,0.005555555555555536,0.0,0.0,4991.0,4995.0,1.0,inverse_phase_volume,geometric_mean,4991.0,4991.0,4991.0,0.0,540.0,0.0,0.0,8.162438717364148e+36,4.7849282280452775e+57,5.8621306618402996e+20,2.463445781022685e-13,144410410.467141,6.924708521810752e-09,4059354615001.3335,5.862130661840257e+20,0.0
46.16192309626368,1.1100214484238335,3845.813752338544,15.896814393838408,750.5310129360611,-750.5310129360611,pass_full,4.0,750.5310129360611,0.07327287132557103,1.7060774354477603e-12,1.6681646035489213e-11,1.0,1.0,55.0,none,0.0,24.356566841320625,726.1744460947402,20.0,543.0,143.0,39.41234628200012,0.08748924452299635,nonsingular_isothermal,1.0,0.01,2.0,0.3,1.0,0.0,strict_pass,1.0,none,none,,,1.0,1.0,1.0,1.0,1.0,1.0,0.0,0.0,0.0,0.0,0.0,4995.0,4995.0,1.0,inverse_phase_volume,geometric_mean,4995.0,4995.0,4995.0,0.0,540.0,0.0,0.0,6.528332142230437e+43,6.177371610663421e+55,946240398937.9271,6.916836408149444e-09,6544.9900422356795,0.0001527886205398127,144574765.2527673,946240398937.9229,0.0
122.43440513062329,2123.055542220718,30933.138319198406,19.609120352817314,522.7347161256218,-1000000.0,solver_failed_full,5.0,522.7347161256218,3.706077222886961e-09,0.15566687086825517,0.13029317390144224,0.0,0.0,31.0,line_search_failed,2.0,8.567048642787457,514.1676674828345,20.0,543.0,195.0,36.549941502439445,0.06837200330996022,nonsingular_isothermal,1.0,0.01,2.0,0.3,1.0,0.0,strict_pass,1.0,none,none,,,0.993993993993994,1.0,0.993993993993994,0.9745627980922098,0.9868312757201646,0.9851851851851852,0.025437201907790197,0.013168724279835398,0.012962962962962954,0.0,0.0,4965.0,4995.0,1.0,inverse_phase_volume,geometric_mean,4965.0,4965.0,4965.0,0.0,540.0,0.0,0.0,1.9500100667038162e+39,1.5573045118129754e+56,7.98613575593152e+16,1.0872728105286167e-10,8683108.268614724,1.1516613280229626e-07,9197323710.44774,7.986135755931502e+16,0.0
108.41303597976038,7.874817573371083,122180.90361117317,2.840070222301234,705.0305931995985,-1000000.0,solver_failed_full,6.0,705.0305931995985,1.6727133515285004,0.41479791928078524,0.7395337527697772,0.0,0.0,17.0,line_search_failed,2.0,38.974928389014735,666.0556648105836,20.0,543.0,65.0,38.28514228417531,0.046683785407636534,nonsingular_isothermal,1.0,0.01,2.0,0.3,1.0,0.0,strict_pass,1.0,none,none,,,0.9983983983983984,1.0,0.9983983983983984,0.9872813990461049,0.994238683127572,0.9962962962962963,0.012718600953895098,0.0057613168724279795,0.0037037037037036535,0.0,0.0,4987.0,4995.0,1.0,inverse_phase_volume,geometric_mean,4987.0,4987.0,4987.0,0.0,540.0,0.0,0.0,3.4512826288821075e+42,2.685784627260411e+57,778198981672606.1,2.647042740768082e-11,20599.259653096186,4.8545434002997986e-05,37778007305.98834,778198981672618.5,0.0
175.2517117885013,59.8043981124651,1995817.6441130778,16.587113015965134,883.4636865174483,-1000000.0,solver_failed_full,7.0,883.4636865174483,1.9462052203125495,0.48952567558603727,0.19589245243452885,0.0,0.0,17.0,line_search_failed,2.0,35.12157108815675,848.3421154292913,20.0,543.0,60.0,21.917569137032068,0.11830399959080395,nonsingular_isothermal,1.0,0.01,2.0,0.3,1.0,0.0,strict_pass,1.0,none,none,,,0.9961961961961961,1.0,0.9961961961961961,0.9793322734499205,0.9893004115226337,0.9796296296296296,0.020667726550079535,0.010699588477366295,0.020370370370370372,0.0,0.0,4976.0,4995.0,1.0,inverse_phase_volume,geometric_mean,4976.0,4976.0,4976.0,0.0,540.0,0.0,0.0,2.895191440164097e+45,1.3842673820376957e+58,4781263728657.737,1.1885240021055038e-08,56826.467019062395,1.75974339503554e-05,84137972.66428544,4781263728657.789,0.0
195.99409403032791,1613.870747728642,46993.98813257931,16.142619075977603,536.7606848055383,-536.7606848055383,pass_full,8.0,536.7606848055383,0.00703740145388565,9.663586870020334e-07,7.91791878904564e-06,1.0,1.0,43.0,none,0.0,22.348417768887412,514.412267036651,20.0,543.0,1733.0,34.91799315709857,0.08295705330207973,nonsingular_isothermal,1.0,0.01,2.0,0.3,1.0,0.0,strict_pass,1.0,none,none,,,0.998998998998999,1.0,0.998998998998999,0.9920508744038156,0.9958847736625515,0.9955555555555555,0.007949125596184436,0.004115226337448541,0.004444444444444473,0.0,0.0,4990.0,4995.0,1.0,inverse_phase_volume,geometric_mean,4990.0,4990.0,4990.0,0.0,540.0,0.0,0.0,1.5319905849389606e+40,3.812439184021433e+57,2.488552620036717e+17,1.4292557541119011e-10,35567781.515977204,2.811533239853027e-08,6996648410.356561,2.488552620036714e+17,0.0
149.44628334739,2528.7354904630724,4913566.857047622,12.135371101115936,560.5405376061893,-560.5405376061893,pass_full,9.0,560.5405376061893,0.20484703419026573,0.0011283300440773076,0.006650397212706958,1.0,1.0,31.0,none,0.0,10.870588391445498,549.669949214744,20.0,543.0,154.0,42.308353524236175,0.07878193999392716,nonsingular_isothermal,1.0,0.01,2.0,0.3,1.0,0.0,strict_pass,1.0,none,none,,,0.9921921921921922,1.0,0.9921921921921922,0.9443561208267091,0.9679012345679012,0.9722222222222222,0.055643879173290944,0.032098765432098775,0.02777777777777779,0.0,0.0,4956.0,4995.0,1.0,inverse_phase_volume,geometric_mean,4956.0,4956.0,4956.0,0.0,540.0,0.0,0.0,7.650802672477648e+44,2.1223031119706925e+56,277396137741.8982,9.100351699293739e-07,252440.24134769666,3.9613335602173566e-06,1098858.6299116418,277396137741.89417,0.0
7.1036914700331355,113.46340331630319,70996.85952412097,10.755809995559675,1107.161570244016,-1107.161570244016,pass_full,10.0,1107.161570244016,0.07773528508369054,0.00018438755619170833,0.0018388096440588864,1.0,1.0,63.0,none,0.0,15.925916872580542,1091.2356533714353,20.0,543.0,99.0,15.124002308543004,0.15001551458097434,nonsingular_isothermal,1.0,0.01,2.0,0.3,1.0,0.0,strict_pass,1.0,none,none,,,0.9971971971971972,1.0,0.9971971971971972,0.9777424483306836,0.988477366255144,0.9925925925925926,0.022257551669316422,0.011522633744855959,0.007407407407407418,0.0,0.0,4981.0,4995.0,1.0,inverse_phase_volume,geometric_mean,4981.0,4981.0,4981.0,0.0,540.0,0.0,0.0,1.7002251027218631e+41,7.955875761956076e+52,467930731596.63635,4.320478030496594e-08,20216.844456574494,4.946370350466842e-05,23145586.96841841,467930731596.6325,0.0
132.50267795836817,49.561906139860334,500280.64047542063,15.727230644663004,773.8783274189693,-773.8783274189693,pass_full,11.0,773.8783274189693,0.08335319646357675,2.4826504221368354e-07,6.924154031315609e-09,1.0,1.0,23.0,none,0.0,35.65541798771334,738.222909431256,20.0,543.0,593.0,44.08346041100572,0.06413718453346046,nonsingular_isothermal,1.0,0.01,2.0,0.3,1.0,0.0,strict_pass,1.0,none,none,,,0.9973973973973974,1.0,0.9973973973973974,0.985691573926868,0.9934156378600824,0.9925925925925926,0.014308426073131986,0.006584362139917643,0.007407407407407418,0.0,0.0,4982.0,4995.0,1.0,inverse_phase_volume,geometric_mean,4982.0,4982.0,4982.0,0.0,540.0,0.0,0.0,8.256277399218362e+42,5.8624690338035216e+57,710062023153259.5,1.166924635953664e-10,82858.886787263,1.2068711501850869e-05,8569533705.857143,710062023153251.5,0.0
28.257941511222473,1265.545724945766,30870.15850985406,7.5391929614883,702.8676633979184,-702.8676633979184,pass_full,12.0,702.8676633979184,0.2458908679346905,0.0030219673832710073,0.02298404578300666,1.0,1.0,56.0,none,0.0,7.531957099806131,695.3357062981122,20.0,543.0,94.0,31.138258395555614,0.07788348758160109,nonsingular_isothermal,1.0,0.01,2.0,0.3,1.0,0.0,strict_pass,1.0,none,none,,,0.9995995995995997,1.0,0.9995995995995997,0.9968203497615262,0.9983539094650206,0.9981481481481481,0.0031796502384737746,0.0016460905349794386,0.0018518518518518823,0.0,0.0,4993.0,4995.0,1.0,inverse_phase_volume,geometric_mean,4993.0,4993.0,4993.0,0.0,540.0,0.0,0.0,2.1432635183799893e+40,2.597514795624992e+54,121194373596596.0,1.0793038702780523e-08,1308055.5647873152,7.644935176454802e-07,92652312.98970309,121194373596597.19,0.0
150.5387217744222,1859.6987018910581,0.0,12.940214140079458,519.1186076797894,-519.1186076797894,pass_no_bh,2.0,519.1186076797894,0.02571973534713834,7.904425695324844e-13,2.123388627738582e-12,1.0,1.0,18.0,none,0.0,15.73320272128102,503.3854049585087,20.0,543.0,84.0,34.279374969146396,0.08517433101604374,nonsingular_isothermal,1.0,0.01,2.0,0.3,1.0,0.0,strict_pass,1.0,none,none,,,1.0,1.0,1.0,1.0,1.0,1.0,0.0,0.0,0.0,0.0,0.0,4995.0,4995.0,1.0,inverse_phase_volume,geometric_mean,4995.0,4995.0,4995.0,0.0,540.0,0.0,0.0,7.833070703690435e+33,9.036005926337118e+56,1.153571347451254e+23,4.301508795295776e-15,496209729.70627904,2.0152768882462846e-09,232476567546164.72,1.1535713474512592e+23,0.0
144.72543383541347,588.182442569013,0.0,0.27036736272068784,582.9402386123567,-1000000.0,solver_failed_no_bh,3.0,582.9402386123567,11.099961808826606,1.1536340833450736,1.3353433021075973,0.0,0.0,26.0,line_search_failed,2.0,19.8691713812187,563.0710672311377,20.0,543.0,96.0,46.93729491327225,0.04908856653737472,nonsingular_isothermal,1.0,0.01,2.0,0.3,1.0,0.0,strict_pass,1.0,none,none,,,0.9985985985985986,1.0,0.9985985985985986,0.9888712241653418,0.994238683127572,0.9981481481481481,0.011128775834658211,0.0057613168724279795,0.0018518518518518823,0.0,0.0,4988.0,4995.0,1.0,inverse_phase_volume,geometric_mean,4988.0,4988.0,4988.0,0.0,540.0,0.0,0.0,2.039401573507481e+33,4.784933848760137e+57,2.3462440702792682e+24,6.323260734167757e-16,1483591300.2370818,6.740400808768543e-10,1581462542887876.2,2.346244070279266e+24,0.0
195.99409403032791,1613.870747728642,0.0,16.142619075977603,536.352768438569,-536.352768438569,pass_no_bh,8.0,536.352768438569,0.10368306590100929,0.009262347006178055,0.0441709586892153,1.0,1.0,61.0,none,0.0,19.88185353920565,516.4709148993635,20.0,543.0,108.0,34.432369241703846,0.08587668377351941,nonsingular_isothermal,1.0,0.01,2.0,0.3,1.0,0.0,strict_pass,1.0,none,none,,,1.0,1.0,1.0,1.0,1.0,1.0,0.0,0.0,0.0,0.0,0.0,4995.0,4995.0,1.0,inverse_phase_volume,geometric_mean,4995.0,4995.0,4995.0,0.0,540.0,0.0,0.0,4.9573384939965765e+34,3.785895754514607e+57,7.636952286190247e+22,6.580083657818657e-15,502517849.3390103,1.9899790650528246e-09,151973751703258.25,7.63695228619021e+22,0.0
149.44628334739,2528.7354904630724,0.0,12.135371101115936,514.6819429161083,-514.6819429161083,pass_no_bh,9.0,514.6819429161083,0.24556204115299352,0.0008021019951005145,0.0021457088958908802,1.0,1.0,35.0,none,0.0,8.580584420791892,506.1013584953165,20.0,543.0,156.0,46.4618698067612,0.05349587922393454,nonsingular_isothermal,1.0,0.01,2.0,0.3,1.0,0.0,strict_pass,1.0,none,none,,,1.0,1.0,1.0,1.0,1.0,1.0,0.0,0.0,0.0,0.0,0.0,4995.0,4995.0,1.0,inverse_phase_volume,geometric_mean,4995.0,4995.0,4995.0,0.0,540.0,0.0,0.0,2.0565294461281248e+33,5.59512600080492e+56,2.720664180782333e+23,3.2159504797014746e-15,874952127.7293489,1.1429196733256387e-09,310950061672848.44,2.7206641807823102e+23,0.0
0.0,1859.6987018910581,301266.0697350675,12.940214140079458,2296.909449818679,-2296.909449818679,pass_no_halo,2.0,2296.909449818679,0.010709538350056391,8.589099159090995e-13,8.792525191806309e-12,1.0,1.0,88.0,none,0.0,20.13431204394903,2276.7751377747304,20.0,543.0,65.0,11.286241607730542,0.21078577924668623,none,1.0,0.01,2.0,0.3,1.0,0.0,severe_coverage_warn,0.0,multiple,multiple,1;3;4;5;6;7;8,total orbit coverage 0.661 is below 0.85 | shell_band minimum coverage 0.304 is below 0.8 | shell_band coverage gap 0.618 exceeds 0.1 | Lfrac minimum coverage 0.401 is below 0.8 | Lfrac coverage gap 0.599 exceeds 0.1 | third_integral minimum coverage 0.507 is below 0.8 | third_integral coverage gap 0.465 exceeds 0.1 | 36 planned shell-band/Lfrac/third-integral cells have no successful orbit,0.6606606606606606,1.0,0.6606606606606606,0.30405405405405406,0.4008230452674897,0.5074074074074074,0.6180445151033386,0.5991769547325103,0.4648148148148148,36.0,0.0,3300.0,4995.0,1.0,inverse_phase_volume,geometric_mean,3300.0,3300.0,3300.0,0.0,540.0,0.0,0.0,4.3747805428437187e+42,5.29455405693587e+51,1210244492.2858405,2.1401061361937163e-06,2590.051664235548,0.00038609268448517583,467266.54491003376,1210244492.2858274,0.0
0.0,588.182442569013,1302.3385887918203,0.27036736272068784,12074.743639116125,-12074.743639116125,pass_no_halo,3.0,12074.743639116125,0.047401845466083614,4.5096427027069755e-05,8.77402916296363e-05,1.0,1.0,71.0,none,0.0,62.47978815867612,12012.263850957446,20.0,543.0,203.0,25.893455781742535,0.07594189520991398,none,1.0,0.01,2.0,0.3,1.0,0.0,severe_coverage_warn,0.0,multiple,multiple,3;4;5;6;7;8,total orbit coverage 0.642 is below 0.85 | shell_band minimum coverage 0.309 is below 0.8 | shell_band coverage gap 0.65 exceeds 0.1 | Lfrac minimum coverage 0.426 is below 0.8 | Lfrac coverage gap 0.574 exceeds 0.1 | third_integral minimum coverage 0.494 is below 0.8 | third_integral coverage gap 0.427 exceeds 0.1 | 36 planned shell-band/Lfrac/third-integral cells have no successful orbit,0.6424424424424424,1.0,0.6424424424424424,0.3091216216216216,0.42633744855967076,0.49444444444444446,0.6495429252782194,0.5736625514403293,0.427037037037037,36.0,0.0,3209.0,4995.0,1.0,inverse_phase_volume,geometric_mean,3209.0,3209.0,3209.0,0.0,540.0,0.0,0.0,2.1796757710370835e+37,6.388157654018247e+48,293078343985.9397,9.727837426398013e-08,28510.184834931697,3.507518473800858e-05,10279777.058016442,293078343985.93915,0.0
0.0,1613.870747728642,46993.98813257931,16.142619075977603,2217.1598036263354,-2217.1598036263354,pass_no_halo,8.0,2217.1598036263354,0.00439750628947877,2.7048130290255633e-10,1.919306232008918e-09,1.0,1.0,67.0,none,0.0,18.754551793827233,2198.4052518325084,20.0,543.0,59.0,10.66316409731945,0.24449545907044068,none,1.0,0.01,2.0,0.3,1.0,0.0,severe_coverage_warn,0.0,multiple,multiple,3;4;5;6;7;8,total orbit coverage 0.638 is below 0.85 | shell_band minimum coverage 0.294 is below 0.8 | shell_band coverage gap 0.662 exceeds 0.1 | Lfrac minimum coverage 0.407 is below 0.8 | Lfrac coverage gap 0.593 exceeds 0.1 | third_integral minimum coverage 0.498 is below 0.8 | third_integral coverage gap 0.41 exceeds 0.1 | 39 planned shell-band/Lfrac/third-integral cells have no successful orbit,0.6384384384384384,1.0,0.6384384384384384,0.2939189189189189,0.4074074074074074,0.4981481481481482,0.6615659777424483,0.5925925925925926,0.41,39.0,0.0,3189.0,4995.0,1.0,inverse_phase_volume,geometric_mean,3189.0,3189.0,3189.0,0.0,540.0,0.0,0.0,2.254156585968043e+40,1.0856822666971707e+52,481635691795.0874,4.6276510534563784e-08,22288.419165177384,4.4866349317513e-05,21609235.191860523,481635691795.08966,0.0
0.0,2528.7354904630724,4913566.857047622,12.135371101115936,1079.3097910562174,-1079.3097910562174,pass_no_halo,9.0,1079.3097910562174,0.04393966562065543,0.006067739329792682,0.05932900678019511,1.0,1.0,73.0,none,0.0,13.467432557379416,1065.842358498838,20.0,543.0,83.0,23.590859256331083,0.09470633752334776,none,1.0,0.01,2.0,0.3,1.0,0.0,severe_coverage_warn,0.0,multiple,multiple,1;2;4;5;6;7;8,total orbit coverage 0.778 is below 0.85 | shell_band minimum coverage 0.59 is below 0.8 | shell_band coverage gap 0.313 exceeds 0.1 | Lfrac minimum coverage 0.508 is below 0.8 | Lfrac coverage gap 0.492 exceeds 0.1 | third_integral minimum coverage 0.604 is below 0.8 | third_integral coverage gap 0.396 exceeds 0.1 | 29 planned shell-band/Lfrac/third-integral cells have no successful orbit,0.7777777777777778,1.0,0.7777777777777778,0.589527027027027,0.5078189300411523,0.6037037037037037,0.3134936406995231,0.4921810699588477,0.39629629629629626,29.0,0.0,3885.0,4995.0,1.0,inverse_phase_volume,geometric_mean,3885.0,3885.0,3885.0,0.0,540.0,0.0,0.0,1.6436763334842448e+45,4.699457401106654e+52,28591136.255790714,1.5653520879884405e-05,447.5519483596389,0.0022343774921887525,63883.39132604042,28591136.255790647,0.0
200.0,1859.6987018910581,0.0,12.940214140079458,532.4952484958699,-532.4952484958699,pass_no_bh_halo_up,2.0,532.4952484958699,0.09427286742152319,0.004527841252516867,0.03293736365473745,1.0,1.0,22.0,none,0.0,17.16351804182701,515.3317304540432,20.0,543.0,3409.0,30.160849733977727,0.10586027422265101,nonsingular_isothermal,1.0,0.01,2.0,0.3,1.0,0.0,strict_pass,1.0,none,none,,,0.9967967967967968,1.0,0.9967967967967968,0.9745627980922098,0.9934156378600824,0.9962962962962963,0.025437201907790197,0.006584362139917643,0.0037037037037036535,0.0,0.0,4979.0,4995.0,1.0,inverse_phase_volume,geometric_mean,4979.0,4979.0,4979.0,0.0,540.0,0.0,0.0,2.7465342933988883e+34,2.7133018058157554e+57,9.87900210216561e+22,6.1630631580092525e-15,608849138.9375305,1.6424429896460813e-09,162256977474008.66,9.879002102165646e+22,0.0
75.2693608872111,1859.6987018910581,0.0,12.940214140079458,467.2160180329907,-467.2160180329907,pass_no_bh_halo_down,2.0,467.2160180329907,0.048024303789077294,0.00014816405006928707,0.0014710573542593502,1.0,1.0,37.0,none,0.0,4.233945871068017,462.9820721619227,20.0,543.0,3267.0,40.434336819163136,0.060555027760175455,nonsingular_isothermal,1.0,0.01,2.0,0.3,1.0,0.0,strict_pass,1.0,none,none,,,0.9997997997997998,1.0,0.9997997997997998,0.9984101748807631,0.9991769547325103,0.9981481481481481,0.0015898251192368873,0.0008230452674896638,0.0018518518518518823,0.0,0.0,4994.0,4995.0,1.0,inverse_phase_volume,geometric_mean,4994.0,4994.0,4994.0,0.0,540.0,0.0,0.0,4.7413852577117385e+32,5.805729938888933e+55,1.2244796875440709e+23,2.182961898950227e-15,267299250.39471853,3.741125343686181e-09,458093199190006.0,1.2244796875440709e+23,0.0
150.5387217744222,3719.3974037821163,0.0,12.940214140079458,472.4557266429851,-472.4557266429851,pass_no_bh_halo_scale_up,2.0,472.4557266429851,0.07401687276842495,0.001528592863613431,0.012511815661428456,1.0,1.0,52.0,none,0.0,5.234004178627943,467.22172246435713,20.0,543.0,183.0,42.59261723852959,0.06914458103919205,nonsingular_isothermal,1.0,0.01,2.0,0.3,1.0,0.0,strict_pass,1.0,none,none,,,1.0,1.0,1.0,1.0,1.0,1.0,0.0,0.0,0.0,0.0,0.0,4995.0,4995.0,1.0,inverse_phase_volume,geometric_mean,4995.0,4995.0,4995.0,0.0,540.0,0.0,0.0,4.916368595254487e+32,1.2818495587047409e+56,2.6073097121766726e+23,2.1141144136023782e-15,551215104.3238164,1.814173799222564e-09,473011296628943.75,2.607309712176669e+23,0.0
150.5387217744222,929.8493509455291,0.0,12.940214140079458,533.684043291401,-533.684043291401,pass_no_bh_halo_scale_down,2.0,533.684043291401,0.13517036590963016,2.152300051468495e-12,1.281824069486081e-12,1.0,1.0,34.0,none,0.0,20.65252173252842,513.0315215588728,20.0,543.0,115.0,40.06887192597109,0.09337059024261157,nonsingular_isothermal,1.0,0.01,2.0,0.3,1.0,0.0,strict_pass,1.0,none,none,,,1.0,1.0,1.0,1.0,1.0,1.0,0.0,0.0,0.0,0.0,0.0,4995.0,4995.0,1.0,inverse_phase_volume,geometric_mean,4995.0,4995.0,4995.0,0.0,540.0,0.0,0.0,1.6951886859075364e+35,3.337413411902655e+57,1.9687563040310977e+22,9.171904205779738e-15,180572442.25098276,5.537943595014745e-09,109028613640539.69,1.9687563040311065e+22,0.0
150.5387217744222,1859.6987018910581,0.0,20.0,517.1848153382998,-517.1848153382998,pass_no_bh_ml_up,2.0,517.1848153382998,0.029927256367841437,0.00013414645749408287,0.001331882685119823,1.0,1.0,37.0,none,0.0,16.485395011488237,500.699420326812,20.0,543.0,112.0,31.364663937318998,0.10041251413810652,nonsingular_isothermal,1.0,0.01,2.0,0.3,1.0,0.0,strict_pass,1.0,none,none,,,1.0,1.0,1.0,1.0,1.0,1.0,0.0,0.0,0.0,0.0,0.0,4995.0,4995.0,1.0,inverse_phase_volume,geometric_mean,4995.0,4995.0,4995.0,0.0,540.0,0.0,0.0,7.738271501782431e+33,9.113558826947749e+56,1.1777253905925289e+23,3.6820427321564e-15,433643521.4907275,2.3060415997045693e-09,271588374373468.2,1.177725390592528e+23,0.0
150.5387217744222,1859.6987018910581,0.0,6.470107070039729,481.1547123229779,-481.1547123229779,pass_no_bh_ml_down,2.0,481.1547123229779,0.011149968672611976,0.002444777692876798,0.027503749044863975,1.0,1.0,57.0,none,0.0,17.766806444924704,463.38790587805346,20.0,543.0,325.0,41.65770427458458,0.06494928002000883,nonsingular_isothermal,1.0,0.01,2.0,0.3,1.0,0.0,strict_pass,1.0,none,none,,,1.0,1.0,1.0,1.0,1.0,1.0,0.0,0.0,0.0,0.0,0.0,4995.0,4995.0,1.0,inverse_phase_volume,geometric_mean,4995.0,4995.0,4995.0,0.0,540.0,0.0,0.0,8.099379323204742e+33,8.936077909519031e+56,1.1033040376213946e+23,5.588347799892975e-15,616564669.1254507,1.621889884508664e-09,178943765815569.22,1.1033040376213857e+23,0.0
200.0,1613.870747728642,0.0,16.142619075977603,531.2527010934564,-531.2527010934564,pass_no_bh_halo_up,8.0,531.2527010934564,0.05143021873311682,0.0023187763491697654,0.0230221366096141,1.0,1.0,39.0,none,0.0,17.622849004057997,513.6298520893982,20.0,543.0,524.0,28.935735785326212,0.1172006961547456,nonsingular_isothermal,1.0,0.01,2.0,0.3,1.0,0.0,strict_pass,1.0,none,none,,,0.9967967967967968,1.0,0.9967967967967968,0.9745627980922098,0.9934156378600824,0.9962962962962963,0.025437201907790197,0.006584362139917643,0.0037037037037036535,0.0,0.0,4979.0,4995.0,1.0,inverse_phase_volume,geometric_mean,4979.0,4979.0,4979.0,0.0,540.0,0.0,0.0,4.335170010486223e+34,4.061672309088914e+57,9.369118856386824e+22,5.646427980584348e-15,529020548.6412263,1.8902857413922212e-09,177103117836368.84,9.369118856386759e+22,0.0
97.99704701516396,1613.870747728642,0.0,16.142619075977603,529.6301002287001,-529.6301002287001,pass_no_bh_halo_down,8.0,529.6301002287001,0.2554121720772855,0.0018300155505050042,0.020426158084196986,1.0,1.0,41.0,none,0.0,9.526975046531483,520.1031251821687,20.0,543.0,115.0,44.185326984859344,0.05647128644478141,nonsingular_isothermal,1.0,0.01,2.0,0.3,1.0,0.0,strict_pass,1.0,none,none,,,1.0,1.0,1.0,1.0,1.0,1.0,0.0,0.0,0.0,0.0,0.0,4995.0,4995.0,1.0,inverse_phase_volume,geometric_mean,4995.0,4995.0,4995.0,0.0,540.0,0.0,0.0,2.243707420921626e+32,1.4793612382784296e+56,6.593378550536535e+23,3.225255997207042e-16,212653337.11974075,4.702489100544519e-09,3100529076966184.5,6.593378550536486e+23,0.0
195.99409403032791,3227.741495457284,0.0,16.142619075977603,541.9117391294355,-541.9117391294355,pass_no_bh_halo_scale_up,8.0,541.9117391294355,0.2508082544973149,0.00714314237891769,0.06984405881608408,1.0,1.0,60.0,none,0.0,11.166715357797697,530.745023771638,20.0,543.0,141.0,47.24021116021309,0.06515150844846386,nonsingular_isothermal,1.0,0.01,2.0,0.3,1.0,0.0,strict_pass,1.0,none,none,,,1.0,1.0,1.0,1.0,1.0,1.0,0.0,0.0,0.0,0.0,0.0,4995.0,4995.0,1.0,inverse_phase_volume,geometric_mean,4995.0,4995.0,4995.0,0.0,540.0,0.0,0.0,2.576313138175036e+33,7.638489520673481e+56,2.9648917313228088e+23,3.5102210896817754e-15,1040742548.3912627,9.608524236332598e-10,284882340585178.5,2.9648917313228635e+23,0.0
195.99409403032791,806.935373864321,0.0,16.142619075977603,570.972357568232,-570.972357568232,pass_no_bh_halo_scale_down,8.0,570.972357568232,0.0717702103057718,7.508917608391092e-06,7.45528248261687e-05,1.0,1.0,29.0,none,0.0,21.365488596105216,549.6068689721266,20.0,543.0,101.0,32.31765733632066,0.07273791595643136,nonsingular_isothermal,1.0,0.01,2.0,0.3,1.0,0.0,strict_pass,1.0,none,none,,,0.9971971971971972,1.0,0.9971971971971972,0.9777424483306836,0.9934156378600824,0.9962962962962963,0.022257551669316422,0.006584362139917643,0.0037037037037036535,0.0,0.0,4981.0,4995.0,1.0,inverse_phase_volume,geometric_mean,4981.0,4981.0,4981.0,0.0,540.0,0.0,0.0,6.172601420415271e+35,1.2589731881742365e+58,2.0396152325829862e+22,8.022127123113652e-15,163620526.78019497,6.111702606503541e-09,124655217332415.83,2.039615232582957e+22,0.0
195.99409403032791,1613.870747728642,0.0,20.0,545.422436591344,-545.422436591344,pass_no_bh_ml_up,8.0,545.422436591344,0.03998994007088186,1.2869589159791824e-12,1.5389888193208138e-12,1.0,1.0,38.0,none,0.0,19.83380026827718,525.5886363230666,20.0,543.0,398.0,29.768149705693236,0.107442030734822,nonsingular_isothermal,1.0,0.01,2.0,0.3,1.0,0.0,strict_pass,1.0,none,none,,,1.0,1.0,1.0,1.0,1.0,1.0,0.0,0.0,0.0,0.0,0.0,4995.0,4995.0,1.0,inverse_phase_volume,geometric_mean,4995.0,4995.0,4995.0,0.0,540.0,0.0,0.0,4.7531827942034225e+34,3.918101132909735e+57,8.243110569380831e+22,6.166127188441505e-15,508280681.9918897,1.967416892731635e-09,162176349828546.28,8.243110569380878e+22,0.0
195.99409403032791,1613.870747728642,0.0,8.071309537988801,500.96587871928784,-500.96587871928784,pass_no_bh_ml_down,8.0,500.96587871928784,0.10921738361776079,0.0008682258877721359,0.005843742579381606,1.0,1.0,40.0,none,0.0,20.124114400557875,480.84176431873016,20.0,543.0,144.0,30.83164612956813,0.10628460900576489,nonsingular_isothermal,1.0,0.01,2.0,0.3,1.0,0.0,strict_pass,1.0,none,none,,,0.9991991991991992,1.0,0.9991991991991992,0.9936406995230525,0.9967078189300411,0.9981481481481481,0.006359300476947549,0.003292181069958877,0.0018518518518518823,0.0,0.0,4991.0,4995.0,1.0,inverse_phase_volume,geometric_mean,4991.0,4991.0,4991.0,0.0,540.0,0.0,0.0,5.6052676150232465e+34,3.869916385663687e+57,6.904070691096945e+22,9.457573263259529e-15,652957543.7577199,1.531493141567946e-09,105735369123152.05,6.904070691096921e+22,0.0
200.0,2528.7354904630724,0.0,12.135371101115936,513.9682070268063,-513.9682070268063,pass_no_bh_halo_up,9.0,513.9682070268063,0.0821111080075525,1.2161656298801767e-12,2.2118607275606315e-12,1.0,1.0,25.0,none,0.0,14.44910431962768,499.5191027071786,20.0,543.0,152.0,32.48781156311606,0.0876429542801905,nonsingular_isothermal,1.0,0.01,2.0,0.3,1.0,0.0,strict_pass,1.0,none,none,,,0.995995995995996,1.0,0.995995995995996,0.9682034976152624,0.9934156378600824,0.9944444444444445,0.031796502384737635,0.006584362139917643,0.005555555555555536,0.0,0.0,4975.0,4995.0,1.0,inverse_phase_volume,geometric_mean,4975.0,4975.0,4975.0,0.0,540.0,0.0,0.0,7.096068355877881e+33,1.786169124529529e+57,2.5171250260716456e+23,4.539328464910409e-15,1142605728.0585434,8.751925318098556e-10,220296902444960.34,2.5171250260716583e+23,0.0
74.723141673695,2528.7354904630724,0.0,12.135371101115936,501.7963742808104,-501.7963742808104,pass_no_bh_halo_down,9.0,501.7963742808104,0.08845291927502785,6.049088830960695e-07,7.437519915816104e-06,1.0,1.0,39.0,none,0.0,5.276752474547793,496.5196218062626,20.0,543.0,168.0,36.178223244573914,0.055735739521398084,nonsingular_isothermal,1.0,0.01,2.0,0.3,1.0,0.0,strict_pass,1.0,none,none,,,1.0,1.0,1.0,1.0,1.0,1.0,0.0,0.0,0.0,0.0,0.0,4995.0,4995.0,1.0,inverse_phase_volume,geometric_mean,4995.0,4995.0,4995.0,0.0,540.0,0.0,0.0,1.2991242197071903e+32,2.303231799669307e+55,1.772911138696523e+23,1.424281968264249e-15,252512536.61802942,3.960199415812291e-09,702108165575307.4,1.7729111386965228e+23,0.0
149.44628334739,5000.0,0.0,12.135371101115936,503.40059935431935,-503.40059935431935,pass_no_bh_halo_scale_up,9.0,503.40059935431935,0.07167601913539556,0.001219852084551625,0.012578017347321287,1.0,1.0,29.0,none,0.0,4.191162006457654,499.20943734786164,20.0,543.0,98.0,35.87576137129239,0.05891693447135545,nonsingular_isothermal,1.0,0.01,2.0,0.3,1.0,0.0,strict_pass,1.0,none,none,,,1.0,1.0,1.0,1.0,1.0,1.0,0.0,0.0,0.0,0.0,0.0,4995.0,4995.0,1.0,inverse_phase_volume,geometric_mean,4995.0,4995.0,4995.0,0.0,540.0,0.0,0.0,1.241516044620985e+32,3.206079192029207e+55,2.582390461983898e+23,1.2868794446971942e-15,332322520.3709184,3.0091249876290664e-09,777073566697075.0,2.5823904619839093e+23,0.0
149.44628334739,1264.3677452315362,0.0,12.135371101115936,545.7700933963271,-545.7700933963271,pass_no_bh_halo_scale_down,9.0,545.7700933963271,0.026756809523590164,9.972027515184685e-13,1.6890689218891332e-12,1.0,1.0,63.0,none,0.0,18.001684012000663,527.7684093843263,20.0,543.0,145.0,38.22219960688695,0.07161209179853315,nonsingular_isothermal,1.0,0.01,2.0,0.3,1.0,0.0,strict_pass,1.0,none,none,,,0.9997997997997998,1.0,0.9997997997997998,0.9984101748807631,0.9991769547325103,0.9981481481481481,0.0015898251192368873,0.0008230452674896638,0.0018518518518518823,0.0,0.0,4994.0,4995.0,1.0,inverse_phase_volume,geometric_mean,4994.0,4994.0,4994.0,0.0,540.0,0.0,0.0,4.132617872150573e+34,2.1961223188376396e+57,5.31411900828566e+22,6.541363617158829e-15,347615847.3805184,2.8767388125011113e-09,152873324053852.12,5.3141190082856395e+22,0.0
149.44628334739,2528.7354904630724,0.0,20.0,507.55058383575147,-507.55058383575147,pass_no_bh_ml_up,9.0,507.55058383575147,0.027368185727993932,0.00154088924428495,0.015706224808071333,1.0,1.0,31.0,none,0.0,12.084028692902754,495.46655514284873,20.0,543.0,148.0,42.78167925242012,0.06431077689197386,nonsingular_isothermal,1.0,0.01,2.0,0.3,1.0,0.0,strict_pass,1.0,none,none,,,1.0,1.0,1.0,1.0,1.0,1.0,0.0,0.0,0.0,0.0,0.0,4995.0,4995.0,1.0,inverse_phase_volume,geometric_mean,4995.0,4995.0,4995.0,0.0,540.0,0.0,0.0,1.0966566840988201e+33,5.630468148765206e+56,5.1342122201097555e+23,1.398722974643161e-15,718134058.8961267,1.3924976647635135e-09,714937852690321.1,5.1342122201098146e+23,0.0
149.44628334739,2528.7354904630724,0.0,6.067685550557968,477.1469672182327,-477.1469672182327,pass_no_bh_ml_down,9.0,477.1469672182327,0.23169817036239237,0.002010592041057315,0.02110910944651174,1.0,1.0,37.0,none,0.0,8.180136140698895,468.96683107753387,20.0,543.0,203.0,44.66616599038473,0.07557956920465168,nonsingular_isothermal,1.0,0.01,2.0,0.3,1.0,0.0,strict_pass,1.0,none,none,,,0.9985985985985986,1.0,0.9985985985985986,0.9888712241653418,0.994238683127572,0.9981481481481481,0.011128775834658211,0.0057613168724279795,0.0018518518518518823,0.0,0.0,4988.0,4995.0,1.0,inverse_phase_volume,geometric_mean,4988.0,4988.0,4988.0,0.0,540.0,0.0,0.0,1.6397711228329322e+33,5.5641649467103095e+56,3.393257064496564e+23,3.4709102783244068e-15,1177769082.2157884,8.490628724254303e-10,288108859005930.06,3.393257064496522e+23,0.0
183.4031235756474,65.31429738771976,810.9307113168272,7.3685632997965795,912.4794960056724,-1000000.0,solver_failed_full,13.0,912.4794960056724,6.320039133835621,0.17717237031664448,0.19620165879745669,0.0,0.0,20.0,line_search_failed,2.0,31.015816910399817,881.4636790952728,20.0,543.0,96.0,19.906368720437612,0.11485267683013844,nonsingular_isothermal,1.0,0.01,2.0,0.3,1.0,0.0,strict_pass,1.0,none,none,,,0.9983983983983984,1.0,0.9983983983983984,0.9872813990461049,0.9934156378600824,0.9981481481481481,0.012718600953895098,0.006584362139917643,0.0018518518518518823,0.0,0.0,4987.0,4995.0,1.0,inverse_phase_volume,geometric_mean,4987.0,4987.0,4987.0,0.0,540.0,0.0,0.0,1.5132211898509546e+40,2.6028763799154234e+58,1.720089830470716e+18,4.2728581404354144e-13,734969.983440706,1.3605997830259354e-06,2340353850123.603,1.7200898304707372e+18,0.0
9.03199277189497,17.453514146027096,6282.433199393228,4.234109866441459,895.2371836363666,-895.2371836363666,pass_full,14.0,895.2371836363666,0.1941781265671807,0.0026532214054843218,0.027795952113697744,1.0,1.0,40.0,none,0.0,13.08347729732863,882.153706339038,20.0,543.0,115.0,25.581245336135055,0.08225567181216695,nonsingular_isothermal,1.0,0.01,2.0,0.3,1.0,0.0,strict_pass,1.0,none,none,,,0.9977977977977978,1.0,0.9977977977977978,0.9904610492845787,0.9950617283950617,0.9962962962962963,0.009538950715421324,0.004938271604938316,0.0037037037037036535,0.0,0.0,4984.0,4995.0,1.0,inverse_phase_volume,geometric_mean,4984.0,4984.0,4984.0,0.0,540.0,0.0,0.0,5.0779747679046e+40,1.0630295432746524e+53,2093412417079.2324,9.412718910393785e-09,19704.702645494963,5.074930680208095e-05,106239229.01764041,2093412417079.2441,0.0
186.9604400224354,136.29467967596239,1311793.5936272629,3.694387726859354,808.0213260253443,-808.0213260253443,pass_full,15.0,808.0213260253443,0.02160328260526967,0.0003006721072893038,2.7764923258237654e-05,1.0,1.0,21.0,none,0.0,35.004846131001216,773.016479894343,20.0,543.0,71.0,21.607226492979468,0.1075241784120826,nonsingular_isothermal,1.0,0.01,2.0,0.3,1.0,0.0,strict_pass,1.0,none,none,,,0.9955955955955956,1.0,0.9955955955955956,0.9650238473767886,0.9818930041152263,0.975925925925926,0.03497615262321141,0.018106995884773713,0.024074074074074026,0.0,0.0,4973.0,4995.0,1.0,inverse_phase_volume,geometric_mean,4973.0,4973.0,4973.0,0.0,540.0,0.0,0.0,2.2514434250815505e+44,1.9105852386812156e+58,84860459623230.89,2.5456802575870986e-09,216027.59671262203,4.629038211864587e-06,392822310.2723205,84860459623229.34,0.0
170.15496007489017,12.778871476889273,3488812.7770264307,2.471648819884707,832.1430776520667,-1000000.0,solver_failed_full,16.0,832.1430776520667,1.4621325223210988,0.03357019214406499,0.24041278785054446,0.0,0.0,26.0,line_search_failed,2.0,38.71456269416479,793.4285149579024,20.0,543.0,185.0,25.137400870842136,0.08996885802505784,nonsingular_isothermal,1.0,0.01,2.0,0.3,1.0,0.0,strict_pass,1.0,none,none,,,1.0,1.0,1.0,1.0,1.0,1.0,0.0,0.0,0.0,0.0,0.0,4995.0,4995.0,1.0,inverse_phase_volume,geometric_mean,4995.0,4995.0,4995.0,0.0,540.0,0.0,0.0,5.4777820374138334e+45,1.0056340671222333e+58,1835841696974.5159,6.155170584683116e-09,11299.918811352341,8.849621105200869e-05,162465034.27353552,1835841696974.5269,0.0
23.31775619775911,1.4764916586042327,1304.6721657339094,4.422451694500211,711.7104997500353,-711.7104997500353,pass_full,17.0,711.7104997500353,0.13377113963133525,0.0027900332056352284,0.030866506922203746,1.0,1.0,34.0,none,0.0,18.22319504199751,693.4873047080378,20.0,543.0,300.0,46.19368372156963,0.056501622355479154,nonsingular_isothermal,1.0,0.01,2.0,0.3,1.0,0.0,strict_pass,1.0,none,none,,,1.0,1.0,1.0,1.0,1.0,1.0,0.0,0.0,0.0,0.0,0.0,4995.0,4995.0,1.0,inverse_phase_volume,geometric_mean,4995.0,4995.0,4995.0,0.0,540.0,0.0,0.0,3.065710030497828e+40,3.52339823648147e+54,114929272547975.45,5.3769591548195904e-11,6179.700041835926,0.00016182015198635923,18597872351.395096,114929272547975.48,0.0
34.43732284310068,3977.8424399000564,3550.0425933671786,5.585381020124412,1929.4467858367898,-1929.4467858367898,pass_full,18.0,1929.4467858367898,0.01643035079382571,7.762072118520916e-07,1.7588825884347938e-06,1.0,1.0,20.0,none,0.0,16.279939251712303,1913.1668465850776,20.0,543.0,264.0,13.370951820537735,0.12372680487405145,nonsingular_isothermal,1.0,0.01,2.0,0.3,1.0,0.0,strict_pass,1.0,none,none,,,0.9885885885885886,1.0,0.9885885885885886,0.9268680445151033,0.9621399176954732,0.9740740740740741,0.0731319554848967,0.037860082304526754,0.024074074074074026,0.0,0.0,4938.0,4995.0,1.0,inverse_phase_volume,geometric_mean,4938.0,4938.0,4938.0,0.0,540.0,0.0,0.0,5.1934146230758725e+37,1.6270876825376812e+53,3132982441471264.0,3.0050712133329347e-10,941483.5346742737,1.062153466492615e-06,3327708160.669166,3132982441471232.5,0.0
54.5136137275263,952.310727133359,12760.711209007633,9.418102223422487,511.99754337971507,-511.99754337971507,pass_full,19.0,511.99754337971507,0.07908902883878,0.0008912936698001295,0.009318970480910242,1.0,1.0,64.0,none,0.0,7.260327011388889,504.7372163683262,20.0,543.0,162.0,56.978681301768304,0.0372261394954536,nonsingular_isothermal,1.0,0.01,2.0,0.3,1.0,0.0,strict_pass,1.0,none,none,,,1.0,1.0,1.0,1.0,1.0,1.0,0.0,0.0,0.0,0.0,0.0,4995.0,4995.0,1.0,inverse_phase_volume,geometric_mean,4995.0,4995.0,4995.0,0.0,540.0,0.0,0.0,2.0318455226577315e+39,6.280892134542194e+55,3.0912252257871196e+16,2.8961432282058136e-10,8952631.004522432,1.1169900775479843e-07,3452867904.6702704,3.0912252257871468e+16,0.0
161.39343354455877,1071.5879892682876,2666.441770108155,13.803003530900286,532.7218757323569,-532.7218757323569,pass_full,20.0,532.7218757323569,0.030379460633753297,0.00037422655047130874,0.004210048692802223,1.0,1.0,42.0,none,0.0,20.88736684063109,511.83450889172553,20.0,543.0,99.0,46.35992316519307,0.048131465458131954,nonsingular_isothermal,1.0,0.01,2.0,0.3,1.0,0.0,strict_pass,1.0,none,none,,,1.0,1.0,1.0,1.0,1.0,1.0,0.0,0.0,0.0,0.0,0.0,4995.0,4995.0,1.0,inverse_phase_volume,geometric_mean,4995.0,4995.0,4995.0,0.0,540.0,0.0,0.0,1.338077871593497e+38,4.020779293906883e+57,3.004891852159992e+19,2.667889545650582e-12,80167195.58188306,1.2473930174825642e-08,374828111467.46466,3.0048918521600102e+19,0.0
142.50957406329542,4.149207448194102,1216970.2737537357,16.299270479728733,779.1248226697439,-779.1248226697439,pass_full,21.0,779.1248226697439,0.019688321071271275,0.0045565232652155325,0.04455267192655187,1.0,1.0,34.0,none,0.0,37.91120753405414,741.2136151356901,20.0,543.0,142.0,24.5355533302503,0.07543430460827642,nonsingular_isothermal,1.0,0.01,2.0,0.3,1.0,0.0,strict_pass,1.0,none,none,,,1.0,1.0,1.0,1.0,1.0,1.0,0.0,0.0,0.0,0.0,0.0,4995.0,4995.0,1.0,inverse_phase_volume,geometric_mean,4995.0,4995.0,4995.0,0.0,540.0,0.0,0.0,2.1318965086891805e+46,8.33869303768228e+57,391139673229.7017,3.427809036176876e-08,13407.521063040282,7.458500309625773e-05,29173153.738906235,391139673229.69763,0.0
93.2290921524598,106.4025011917987,65656.82420590261,14.231494595830842,668.1811194829794,-668.1811194829794,pass_full,22.0,668.1811194829794,0.2953172249815452,0.009117938419647824,0.09333889592744747,1.0,1.0,45.0,none,0.0,32.94718140814555,635.2339380748338,20.0,543.0,135.0,31.790702492148196,0.08333089328892712,nonsingular_isothermal,1.0,0.01,2.0,0.3,1.0,0.0,strict_pass,1.0,none,none,,,0.9967967967967968,1.0,0.9967967967967968,0.9841017488076311,0.9934156378600824,0.9925925925925926,0.015898251192368873,0.006584362139917643,0.007407407407407418,0.0,0.0,4979.0,4995.0,1.0,inverse_phase_volume,geometric_mean,4979.0,4979.0,4979.0,0.0,540.0,0.0,0.0,1.9166178777542033e+41,1.3458669737049233e+57,7022093393399538.0,4.659898074778081e-11,327222.39484814333,3.056025552481143e-06,21459696842.13797,7022093393399526.0,0.0
140.7219742951105,41.62922930218399,35808.110566726966,16.114694409295723,794.002003093463,-794.002003093463,pass_full,23.0,794.002003093463,0.040205188086019916,1.0966144097295986e-11,1.0722452006244963e-10,1.0,1.0,35.0,none,0.0,32.093032436445725,761.9089706570173,20.0,543.0,226.0,25.279123228866982,0.10926093693543736,nonsingular_isothermal,1.0,0.01,2.0,0.3,1.0,0.0,strict_pass,1.0,none,none,,,0.998998998998999,1.0,0.998998998998999,0.9920508744038156,0.9958847736625515,0.9981481481481481,0.007949125596184436,0.004115226337448541,0.0018518518518518823,0.0,0.0,4990.0,4995.0,1.0,inverse_phase_volume,geometric_mean,4990.0,4990.0,4990.0,0.0,540.0,0.0,0.0,2.2296799369199466e+39,6.443949293665478e+57,2.890078161876037e+18,3.744146443882534e-14,108208.75872330858,9.241396092131645e-06,26708357031116.523,2.8900781618760704e+18,0.0
169.389061529282,2.961494309424002,2017924.771615392,11.092135621314894,845.9284088990793,-845.9284088990793,pass_full,24.0,845.9284088990793,0.032011290291166006,0.00846269262386463,0.10405111693727116,1.0,1.0,19.0,none,0.0,37.11966429591659,808.8087446031625,20.0,543.0,1563.0,21.833240439582312,0.10668962315466664,nonsingular_isothermal,1.0,0.01,2.0,0.3,1.0,0.0,strict_pass,1.0,none,none,,,1.0,1.0,1.0,1.0,1.0,1.0,0.0,0.0,0.0,0.0,0.0,4995.0,4995.0,1.0,inverse_phase_volume,geometric_mean,4995.0,4995.0,4995.0,0.0,540.0,0.0,0.0,1.272642916138631e+47,1.667045677904838e+58,130990842503.00766,9.076224583243585e-08,11889.02304905577,8.411120037986808e-05,11017797.001698127,130990842503.00659,0.0
54.5136137275263,952.310727133359,0.0,9.418102223422487,511.4280144989637,-511.4280144989637,pass_no_bh,19.0,511.4280144989637,0.07536920534789715,1.2802682169301813e-05,0.00012711234439521086,1.0,1.0,68.0,none,0.0,6.134316091359042,505.2936984076046,20.0,543.0,176.0,62.7280170627713,0.03311114788358668,nonsingular_isothermal,1.0,0.01,2.0,0.3,1.0,0.0,strict_pass,1.0,none,none,,,1.0,1.0,1.0,1.0,1.0,1.0,0.0,0.0,0.0,0.0,0.0,4995.0,4995.0,1.0,inverse_phase_volume,geometric_mean,4995.0,4995.0,4995.0,0.0,540.0,0.0,0.0,2.104971000655447e+33,6.275605317615709e+55,2.981326258490786e+22,4.7606332356380074e-15,141930008.7245176,7.0457263336111924e-09,210056089285353.78,2.981326258490831e+22,0.0
161.39343354455877,1071.5879892682876,0.0,13.803003530900286,528.8938616666701,-528.8938616666701,pass_no_bh,20.0,528.8938616666701,0.040619479976385264,9.542063730806223e-09,9.33001787012164e-08,1.0,1.0,44.0,none,0.0,21.928642262774346,506.96521940389545,20.0,543.0,136.0,47.72921803087497,0.04552431500464394,nonsingular_isothermal,1.0,0.01,2.0,0.3,1.0,0.0,strict_pass,1.0,none,none,,,1.0,1.0,1.0,1.0,1.0,1.0,0.0,0.0,0.0,0.0,0.0,4995.0,4995.0,1.0,inverse_phase_volume,geometric_mean,4995.0,4995.0,4995.0,0.0,540.0,0.0,0.0,1.1018909859314149e+35,4.019677838060146e+57,3.6479814150238845e+22,7.445722580761493e-15,271618575.9604146,3.681633321521202e-09,134305299338419.27,3.647981415023865e+22,0.0
0.0,952.310727133359,12760.711209007633,9.418102223422487,2945.0371089745495,-2945.0371089745495,pass_no_halo,19.0,2945.0371089745495,0.17174979219907982,4.6687840637998155e-12,4.1025779090324574e-11,1.0,1.0,24.0,none,0.0,26.798627339286856,2918.2384816352624,20.0,543.0,74.0,15.102068776715372,0.1223625730160473,none,1.0,0.01,2.0,0.3,1.0,0.0,severe_coverage_warn,0.0,multiple,multiple,3;4;5;6;7;8,total orbit coverage 0.651 is below 0.85 | shell_band minimum coverage 0.284 is below 0.8 | shell_band coverage gap 0.692 exceeds 0.1 | Lfrac minimum coverage 0.418 is below 0.8 | Lfrac coverage gap 0.582 exceeds 0.1 | third_integral minimum coverage 0.507 is below 0.8 | third_integral coverage gap 0.408 exceeds 0.1 | 43 planned shell-band/Lfrac/third-integral cells have no successful orbit,0.6512512512512513,1.0,0.6512512512512513,0.28378378378378377,0.4181069958847737,0.5074074074074074,0.6923688394276629,0.5818930041152264,0.40814814814814815,43.0,0.0,3253.0,4995.0,1.0,inverse_phase_volume,geometric_mean,3253.0,3253.0,3253.0,0.0,540.0,0.0,0.0,1.6530461449443781e+35,2.4651627406370015e+51,1.4912848913361396e+16,1.8851255316878178e-12,28112.592236780285,3.5571248342288386e-05,530468652188.1997,1.4912848913361284e+16,0.0
0.0,1071.5879892682876,2666.441770108155,13.803003530900286,2556.5765466389676,-2556.5765466389676,pass_no_halo,20.0,2556.5765466389676,0.25678480979649976,0.0003075502763065773,0.0016574658261470957,1.0,1.0,67.0,none,0.0,38.99204395327653,2517.584502685691,20.0,543.0,47.0,12.270085280349274,0.13444404491862025,none,1.0,0.01,2.0,0.3,1.0,0.0,severe_coverage_warn,0.0,multiple,multiple,3;4;5;6;7;8,total orbit coverage 0.66 is below 0.85 | shell_band minimum coverage 0.294 is below 0.8 | shell_band coverage gap 0.706 exceeds 0.1 | Lfrac minimum coverage 0.434 is below 0.8 | Lfrac coverage gap 0.566 exceeds 0.1 | third_integral minimum coverage 0.519 is below 0.8 | third_integral coverage gap 0.393 exceeds 0.1 | 40 planned shell-band/Lfrac/third-integral cells have no successful orbit,0.6602602602602603,1.0,0.6602602602602603,0.2939189189189189,0.4337448559670782,0.5185185185185185,0.7060810810810811,0.5662551440329218,0.3925925925925926,40.0,0.0,3298.0,4995.0,1.0,inverse_phase_volume,geometric_mean,3298.0,3298.0,3298.0,0.0,540.0,1.0,9.0,1.649880257060169e+35,4.550900899054179e+51,2.7583219325038652e+16,3.4526162637281457e-12,95234.27164760859,1.050042156777613e-05,289635431109.33417,2.758321932503855e+16,0.0
109.0272274550526,952.310727133359,0.0,9.418102223422487,560.842579995867,-560.842579995867,pass_no_bh_halo_up,19.0,560.842579995867,0.038026950663379466,0.0007257733693080909,0.0012666094394143941,1.0,1.0,43.0,none,0.0,16.426202106600623,544.416377889266,20.0,543.0,127.0,50.13867765894644,0.048261214021334604,nonsingular_isothermal,1.0,0.01,2.0,0.3,1.0,0.0,strict_pass,1.0,none,none,,,1.0,1.0,1.0,1.0,1.0,1.0,0.0,0.0,0.0,0.0,0.0,4995.0,4995.0,1.0,inverse_phase_volume,geometric_mean,4995.0,4995.0,4995.0,0.0,540.0,0.0,0.0,4.1775821024087345e+34,9.56567436098841e+56,2.289763343124478e+22,8.433826428660987e-15,193114665.9862246,5.178270613953954e-09,118570142326105.11,2.28976334312449e+22,0.0
27.25680686376315,952.310727133359,0.0,9.418102223422487,562.3155484244423,-562.3155484244423,pass_no_bh_halo_down,19.0,562.3155484244423,0.037449227510364835,0.009409003512556819,0.001275377108932857,1.0,1.0,35.0,none,0.0,6.25052344862055,556.0650249758219,20.0,543.0,71.0,26.99693019766335,0.06836139795395785,nonsingular_isothermal,1.0,0.01,2.0,0.3,1.0,0.0,strict_pass,1.0,none,none,,,0.9987987987987988,1.0,0.9987987987987988,0.9904610492845787,0.9950617283950617,0.9981481481481481,0.009538950715421324,0.004938271604938316,0.0018518518518518823,0.0,0.0,4989.0,4995.0,1.0,inverse_phase_volume,geometric_mean,4989.0,4989.0,4989.0,0.0,540.0,0.0,0.0,1.4084474527073921e+32,3.6415799038372415e+54,2.5855277006161673e+22,2.399695579039464e-15,62044793.926526845,1.6117387724491363e-08,416719524232433.75,2.585527700616166e+22,0.0
54.5136137275263,1904.621454266718,0.0,9.418102223422487,520.5947522357905,-1000000.0,solver_failed_no_bh_halo_scale_up,19.0,520.5947522357905,27.769377518359477,0.3423709278744779,0.4419539649277628,0.0,0.0,29.0,line_search_failed,2.0,4.969633117542689,515.6251191182477,20.0,543.0,80.0,33.30064341421395,0.09457974572652207,nonsingular_isothermal,1.0,0.01,2.0,0.3,1.0,0.0,strict_pass,1.0,none,none,,,1.0,1.0,1.0,1.0,1.0,1.0,0.0,0.0,0.0,0.0,0.0,4995.0,4995.0,1.0,inverse_phase_volume,geometric_mean,4995.0,4995.0,4995.0,0.0,540.0,0.0,0.0,1.4667317452083936e+32,1.4373122734914713e+55,9.799421592850692e+22,2.1183176169737975e-15,207582873.962889,4.817353093294088e-09,472072739228118.06,9.799421592850619e+22,0.0
54.5136137275263,476.1553635666795,0.0,9.418102223422487,618.2468138458382,-618.2468138458382,pass_no_bh_halo_scale_down,19.0,618.2468138458382,0.018665205578940913,4.42579357272489e-11,4.6322072885918246e-10,1.0,1.0,43.0,none,0.0,18.122578926571734,600.1242349192667,20.0,543.0,151.0,53.43535038277387,0.04654597155493272,nonsingular_isothermal,1.0,0.01,2.0,0.3,1.0,0.0,strict_pass,1.0,none,none,,,1.0,1.0,1.0,1.0,1.0,1.0,0.0,0.0,0.0,0.0,0.0,4995.0,4995.0,1.0,inverse_phase_volume,geometric_mean,4995.0,4995.0,4995.0,0.0,540.0,0.0,0.0,3.9897869784453907e+34,1.059955424544691e+56,2.656671722753729e+21,1.133131781983765e-14,30103591.633498337,3.321862760346613e-08,88250988622815.6,2.6566717227537484e+21,0.0
54.5136137275263,952.310727133359,0.0,18.836204446844974,521.9545052231765,-521.9545052231765,pass_no_bh_ml_up,19.0,521.9545052231765,0.2359673805242437,0.004310441418614359,0.007112608378981038,1.0,1.0,41.0,none,0.0,8.31754010605814,513.6369651171183,20.0,543.0,167.0,49.180138640011464,0.04955142155564859,nonsingular_isothermal,1.0,0.01,2.0,0.3,1.0,0.0,strict_pass,1.0,none,none,,,1.0,1.0,1.0,1.0,1.0,1.0,0.0,0.0,0.0,0.0,0.0,4995.0,4995.0,1.0,inverse_phase_volume,geometric_mean,4995.0,4995.0,4995.0,0.0,540.0,0.0,0.0,1.143728606483728e+33,5.391509938929317e+55,4.713976644778467e+22,1.992098491710733e-15,93907057.64022802,1.064882688403623e-08,501983212256358.25,4.713976644778465e+22,0.0
54.5136137275263,952.310727133359,0.0,4.7090511117112435,513.7363754888244,-513.7363754888244,pass_no_bh_ml_down,19.0,513.7363754888244,0.15874207092576853,0.00025571887506868585,0.002517002487568295,1.0,1.0,37.0,none,0.0,8.572473948429979,505.1639015403942,20.0,543.0,167.0,62.38256242422129,0.034864812515500346,nonsingular_isothermal,1.0,0.01,2.0,0.3,1.0,0.0,strict_pass,1.0,none,none,,,1.0,1.0,1.0,1.0,1.0,1.0,0.0,0.0,0.0,0.0,0.0,4995.0,4995.0,1.0,inverse_phase_volume,geometric_mean,4995.0,4995.0,4995.0,0.0,540.0,0.0,0.0,2.513187434063693e+33,4.8004325656044586e+55,1.910097313292073e+22,7.1002980382582584e-15,135622602.06450015,7.373402255801097e-09,140839158386273.25,1.9100973132920645e+22,0.0
200.0,1071.5879892682876,0.0,13.803003530900286,537.5055413814462,-537.5055413814462,pass_no_bh_halo_up,20.0,537.5055413814462,0.013067800327348778,0.003366993632626954,0.027559466400390996,1.0,1.0,42.0,none,0.0,19.712569792038607,517.7929715894074,20.0,543.0,774.0,50.92839759915784,0.04736590950761244,nonsingular_isothermal,1.0,0.01,2.0,0.3,1.0,0.0,strict_pass,1.0,none,none,,,0.9977977977977978,1.0,0.9977977977977978,0.9825119236883942,0.9934156378600824,0.9962962962962963,0.01748807631160576,0.006584362139917643,0.0037037037037036535,0.0,0.0,4984.0,4995.0,1.0,inverse_phase_volume,geometric_mean,4984.0,4984.0,4984.0,0.0,540.0,0.0,0.0,3.003072230364956e+35,6.308109857118916e+57,2.1005521589976236e+22,9.862402274012495e-15,207164903.89580274,4.827072449023353e-09,101395174544340.75,2.1005521589976496e+22,0.0
80.69671677227939,1071.5879892682876,0.0,13.803003530900286,561.7430227542,-561.7430227542,pass_no_bh_halo_down,20.0,561.7430227542,0.22782933757025603,0.0012381352012056162,0.01522321042849897,1.0,1.0,78.0,none,0.0,16.598405439971327,545.1446173142288,20.0,543.0,187.0,58.079592721417924,0.04065087693916522,nonsingular_isothermal,1.0,0.01,2.0,0.3,1.0,0.0,strict_pass,1.0,none,none,,,1.0,1.0,1.0,1.0,1.0,1.0,0.0,0.0,0.0,0.0,0.0,4995.0,4995.0,1.0,inverse_phase_volume,geometric_mean,4995.0,4995.0,4995.0,0.0,540.0,0.0,0.0,5.0186997299601785e+33,2.495189773029824e+56,4.971785337413726e+22,3.849174190654843e-15,191372678.0224902,5.225406313656119e-09,259795984922645.03,4.9717853374137066e+22,0.0
161.39343354455877,2143.1759785365753,0.0,13.803003530900286,527.416992699914,-527.416992699914,pass_no_bh_halo_scale_up,20.0,527.416992699914,0.07225426252307443,1.569432216057978e-12,2.124112514371473e-12,1.0,1.0,14.0,none,0.0,15.234450456195027,512.1825422437189,20.0,543.0,81.0,37.33694576064394,0.07450210028970795,nonsingular_isothermal,1.0,0.01,2.0,0.3,1.0,0.0,strict_pass,1.0,none,none,,,1.0,1.0,1.0,1.0,1.0,1.0,0.0,0.0,0.0,0.0,0.0,4995.0,4995.0,1.0,inverse_phase_volume,geometric_mean,4995.0,4995.0,4995.0,0.0,540.0,0.0,0.0,5.159904181043314e+33,1.0985149655791771e+57,2.128944505626578e+23,3.510606825365127e-15,747388711.2276354,1.3379918441067083e-09,284851038508418.9,2.1289445056266074e+23,0.0
161.39343354455877,535.7939946341438,0.0,13.803003530900286,582.4687402370602,-582.4687402370602,pass_no_bh_halo_scale_down,20.0,582.4687402370602,0.25192034906149274,9.690970547949608e-07,1.0902341866443308e-05,1.0,1.0,43.0,none,0.0,26.513703725575816,555.9550365114843,20.0,543.0,146.0,39.499735470216955,0.05825441452954499,nonsingular_isothermal,1.0,0.01,2.0,0.3,1.0,0.0,strict_pass,1.0,none,none,,,0.9973973973973974,1.0,0.9973973973973974,0.9793322734499205,0.9934156378600824,0.9962962962962963,0.020667726550079535,0.006584362139917643,0.0037037037037036535,0.0,0.0,4982.0,4995.0,1.0,inverse_phase_volume,geometric_mean,4982.0,4982.0,4982.0,0.0,540.0,0.0,0.0,4.8087548989808246e+35,1.0097473467806536e+58,2.0998103833378183e+22,3.5127032127859833e-15,73760106.7979213,1.3557464101017028e-08,284681038910453.06,2.0998103833378208e+22,0.0
161.39343354455877,1071.5879892682876,0.0,20.0,539.3221114334019,-539.3221114334019,pass_no_bh_ml_up,20.0,539.3221114334019,0.055275066894068914,0.0030349373873000502,0.037315384005882,1.0,1.0,34.0,none,0.0,21.070391205667867,518.2517202277343,20.0,543.0,143.0,49.465900134700775,0.0462609207334283,nonsingular_isothermal,1.0,0.01,2.0,0.3,1.0,0.0,strict_pass,1.0,none,none,,,0.9935935935935936,1.0,0.9935935935935936,0.9491255961844197,0.9934156378600824,0.9925925925925926,0.05087440381558028,0.006584362139917643,0.007407407407407418,0.0,0.0,4963.0,4995.0,1.0,inverse_phase_volume,geometric_mean,4963.0,4963.0,4963.0,0.0,540.0,0.0,0.0,9.755268127292073e+34,3.816818289773251e+57,3.912571381913156e+22,6.424486492497804e-15,251362619.94034618,3.978316267698522e-09,155654463771968.44,3.912571381913168e+22,0.0
161.39343354455877,1071.5879892682876,0.0,6.901501765450143,519.157018002531,-519.157018002531,pass_no_bh_ml_down,20.0,519.157018002531,0.16835378645396304,0.006100067274548988,0.05591728335003239,1.0,1.0,39.0,none,0.0,25.392797112805894,493.7642208897251,20.0,543.0,119.0,48.465942301809584,0.04562220328509732,nonsingular_isothermal,1.0,0.01,2.0,0.3,1.0,0.0,strict_pass,1.0,none,none,,,1.0,1.0,1.0,1.0,1.0,1.0,0.0,0.0,0.0,0.0,0.0,4995.0,4995.0,1.0,inverse_phase_volume,geometric_mean,4995.0,4995.0,4995.0,0.0,540.0,0.0,0.0,1.3316130417139776e+35,2.77818694143736e+57,2.086332030708736e+22,1.0750615294760185e-14,224293530.39285484,4.458443354333399e-09,93017931772462.98,2.0863320307087427e+22,0.0
49.52916127431921,36.21988093737918,0.0,14.534857405978535,730.8493922268192,-730.8493922268192,pass_full,25.0,730.8493922268192,0.1791047150754821,3.149885234646272e-11,2.876087021655795e-10,1.0,1.0,28.0,none,0.0,27.252144321223742,703.5972479055955,20.0,543.0,113.0,38.929831979047094,0.07381928285219176,nonsingular_isothermal,1.0,0.01,2.0,0.3,1.0,0.0,strict_pass,1.0,none,none,,,0.9983983983983984,1.0,0.9983983983983984,0.9872813990461049,0.9934156378600824,0.9981481481481481,0.012718600953895098,0.006584362139917643,0.0018518518518518823,0.0,0.0,4987.0,4995.0,1.0,inverse_phase_volume,geometric_mean,4987.0,4987.0,4987.0,0.0,540.0,0.0,0.0,1.2868244138103007e+38,9.957510213617296e+55,7.738048879670383e+17,2.43684803447123e-13,188564.49203067162,5.303225380509823e-06,4103661721429.3765,7.738048879670419e+17,0.0
106.64262723618747,14.428018947200316,16648.59519273772,16.69836388522732,702.4105782556286,-702.4105782556286,pass_full,26.0,702.4105782556286,0.0027609505889358843,4.867268624738782e-10,3.988026207402473e-09,1.0,1.0,19.0,none,0.0,37.54406881761166,664.866509438017,20.0,543.0,73.0,38.990954050625234,0.05540202263770723,nonsingular_isothermal,1.0,0.01,2.0,0.3,1.0,0.0,strict_pass,1.0,none,none,,,0.9985985985985986,1.0,0.9985985985985986,0.9888712241653418,0.994238683127572,0.9981481481481481,0.011128775834658211,0.0057613168724279795,0.0018518518518518823,0.0,0.0,4988.0,4995.0,1.0,inverse_phase_volume,geometric_mean,4988.0,4988.0,4988.0,0.0,540.0,0.0,0.0,4.1657834458414244e+41,1.670561719268382e+57,4010198179975133.5,6.628740454440859e-12,26582.562905926137,3.761864510728071e-05,150858222142.3468,4010198179975113.5,0.0
136.30772670119256,3.8779209936252066,59817.17771973585,12.888825777816104,761.1882343034657,-761.1882343034657,pass_full,27.0,761.1882343034657,0.1708808088336582,0.005782497592728944,0.05919451483083052,1.0,1.0,41.0,none,0.0,38.97800865995727,722.2102256435081,20.0,543.0,140.0,25.013534029149838,0.09681745382504847,nonsingular_isothermal,1.0,0.01,2.0,0.3,1.0,0.0,strict_pass,1.0,none,none,,,1.0,1.0,1.0,1.0,1.0,1.0,0.0,0.0,0.0,0.0,0.0,4995.0,4995.0,1.0,inverse_phase_volume,geometric_mean,4995.0,4995.0,4995.0,0.0,540.0,0.0,0.0,7.376616242517406e+44,6.873698460124177e+57,9318226994791.314,1.5952091456750294e-09,14864.520923567052,6.727428385630266e-05,626877047.885053,9318226994791.314,0.0
102.06680644006023,16.1057353632416,258525.25492122275,14.546123439214647,708.8023207835486,-708.8023207835486,pass_full,28.0,708.8023207835486,0.18657330430664842,0.005752122250001514,0.056242973111125916,1.0,1.0,18.0,none,0.0,37.214717183316914,671.5876036002311,20.0,543.0,72.0,31.629908008438065,0.07675324838970941,nonsingular_isothermal,1.0,0.01,2.0,0.3,1.0,0.0,strict_pass,1.0,none,none,,,0.9985985985985986,1.0,0.9985985985985986,0.9888712241653418,0.994238683127572,0.9981481481481481,0.011128775834658211,0.0057613168724279795,0.0018518518518518823,0.0,0.0,4988.0,4995.0,1.0,inverse_phase_volume,geometric_mean,4988.0,4988.0,4988.0,0.0,540.0,0.0,0.0,9.496683618157932e+42,1.2675835877687284e+57,133476447014099.97,1.4100814262524356e-10,18821.26587767526,5.313138906273804e-05,7091789037.018193,133476447014102.02,0.0
133.46661796439753,143.71926290910605,3339.9396114766005,10.085840729171638,695.1175959546248,-695.1175959546248,pass_full,29.0,695.1175959546248,0.1239969654025117,0.006385167961959925,0.007622771265893211,1.0,1.0,60.0,none,0.0,27.91067352794054,667.2069224266844,20.0,543.0,140.0,28.982797094832648,0.096405945428759,nonsingular_isothermal,1.0,0.01,2.0,0.3,1.0,0.0,strict_pass,1.0,none,none,,,1.0,1.0,1.0,1.0,1.0,1.0,0.0,0.0,0.0,0.0,0.0,4995.0,4995.0,1.0,inverse_phase_volume,geometric_mean,4995.0,4995.0,4995.0,0.0,540.0,0.0,0.0,6.405748550928678e+39,3.9060430092538174e+57,6.09771516661786e+17,2.0498594977628376e-12,1249945.9348944114,8.000346031642357e-07,487838313353.3657,6.097715166617856e+17,0.0
0.9001180387237184,570.7631982629442,77654.30713793365,18.35455041936131,2030.2675431392693,-1000000.0,solver_failed_full,30.0,2030.2675431392693,1.6412286640843377e-08,0.11557611719230866,1.0315165792501984,0.0,0.0,40.0,line_search_failed,2.0,17.949739749044657,2012.3178033902248,20.0,543.0,129.0,8.763762026090875,0.24185289597056686,nonsingular_isothermal,1.0,0.01,2.0,0.3,1.0,0.0,severe_coverage_warn,0.0,multiple,multiple,3;4;5;6;7;8,total orbit coverage 0.672 is below 0.85 | shell_band minimum coverage 0.385 is below 0.8 | shell_band coverage gap 0.575 exceeds 0.1 | Lfrac minimum coverage 0.437 is below 0.8 | Lfrac coverage gap 0.563 exceeds 0.1 | third_integral minimum coverage 0.52 is below 0.8 | third_integral coverage gap 0.435 exceeds 0.1 | 32 planned shell-band/Lfrac/third-integral cells have no successful orbit,0.6720720720720721,1.0,0.6720720720720721,0.38513513513513514,0.43703703703703706,0.5203703703703704,0.5751192368839428,0.5629629629629629,0.43518518518518523,32.0,1.0,3357.0,4995.0,1.0,inverse_phase_volume,geometric_mean,3357.0,3357.0,3357.0,0.0,540.0,0.0,0.0,1.2274524593243272e+41,2.192334938745084e+52,178608541788.40402,1.168191677882042e-07,20864.901211586202,4.7927377650113374e-05,8560239.033828957,178608541788.4053,0.0
103.81566012737188,226.91396409099255,2922113.452447523,1.3736885600584408,607.5685525944969,-607.5685525944969,pass_full,31.0,607.5685525944969,0.16977617688394275,4.409225681787469e-09,2.2162015711675448e-09,1.0,1.0,51.0,none,0.0,33.76509766989902,573.8034549245975,20.0,543.0,113.0,35.8121313539293,0.05716665291345526,nonsingular_isothermal,1.0,0.01,2.0,0.3,1.0,0.0,strict_pass,1.0,none,none,,,0.9921921921921922,1.0,0.9921921921921922,0.9682034976152624,0.9679012345679012,0.9629629629629629,0.031796502384737635,0.032098765432098775,0.03703703703703709,0.0,0.0,4956.0,4995.0,1.0,inverse_phase_volume,geometric_mean,4956.0,4956.0,4956.0,0.0,540.0,0.0,0.0,5.922734213505916e+45,1.554720360330175e+57,262500443930.924,4.897878318968928e-07,128569.52330489762,7.777893036349983e-06,2041700.3748890888,262500443930.9209,0.0
85.10626842707651,3301.2381518774064,10264.53883070466,5.50664916574892,543.8481644550243,-1000000.0,solver_failed_full,32.0,543.8481644550243,0.2207769147844374,1.800453012175608,0.921897435720368,0.0,0.0,14.0,line_search_failed,2.0,4.883716744622292,538.964447710402,20.0,543.0,68.0,37.70943632638296,0.059439526075119216,nonsingular_isothermal,1.0,0.01,2.0,0.3,1.0,0.0,strict_pass,1.0,none,none,,,0.9923923923923924,1.0,0.9923923923923924,0.9411764705882353,0.9695473251028807,0.9777777777777777,0.05882352941176472,0.030452674897119336,0.022222222222222254,0.0,0.0,4957.0,4995.0,1.0,inverse_phase_volume,geometric_mean,4957.0,4957.0,4957.0,0.0,540.0,0.0,0.0,1.084372085285243e+38,1.7664785021808996e+55,1.629033544990444e+17,8.618050634742511e-11,14039093.576421749,7.122966981853238e-08,11603552153.298271,1.629033544990445e+17,0.0
13.24089157821633,236.1677375290054,441903.42428677145,17.426197013871338,640.7782453513529,-640.7782453513529,pass_full,33.0,640.7782453513529,0.07046215264517741,1.2709654080485339e-05,0.0001328864943304078,1.0,1.0,50.0,none,0.0,4.779945634314422,635.9982997170384,20.0,543.0,118.0,33.6253622680787,0.058702219811116965,nonsingular_isothermal,1.0,0.01,2.0,0.3,1.0,0.0,strict_pass,1.0,none,none,,,0.9957957957957958,1.0,0.9957957957957958,0.9697933227344993,0.9827160493827161,0.987037037037037,0.030206677265500748,0.01728395061728394,0.012962962962962954,0.0,0.0,4974.0,4995.0,1.0,inverse_phase_volume,geometric_mean,4974.0,4974.0,4974.0,0.0,540.0,0.0,0.0,3.07767561151868e+42,6.3404100662070975e+53,206012941795.33173,8.88023562369447e-08,18294.434646729824,5.466143225031294e-05,11260962.460633079,206012941795.3297,0.0
68.54166338096972,3989.7639768471936,3898.5171638948705,9.086857117738445,815.1813108851253,-815.1813108851253,pass_full,34.0,815.1813108851253,0.27548110533177805,0.00022526399654092507,0.002202581278863432,1.0,1.0,38.0,none,0.0,9.652711268637859,805.5285996164874,20.0,543.0,144.0,30.06083266264969,0.07209814692826887,nonsingular_isothermal,1.0,0.01,2.0,0.3,1.0,0.0,strict_pass,1.0,none,none,,,0.9905905905905906,1.0,0.9905905905905906,0.9252782193958664,0.9613168724279836,0.975925925925926,0.07472178060413359,0.03868312757201642,0.024074074074074026,0.0,0.0,4948.0,4995.0,1.0,inverse_phase_volume,geometric_mean,4948.0,4948.0,4948.0,0.0,540.0,0.0,0.0,1.2280193387103379e+37,2.866560036233489e+54,2.3342955162611213e+17,2.0136470567229524e-11,4700447.295840736,2.1274571058053682e-07,49661135831.19273,2.3342955162610934e+17,0.0
4.9670452763245,39.62901124185584,4605.378224728615,1.2561971173099955,2063.3250838790395,-2063.3250838790395,pass_full,35.0,2063.3250838790395,0.06277624358153844,6.28915811738255e-10,5.15306002778215e-09,1.0,1.0,59.0,none,0.0,23.845928311013346,2039.4791555680265,20.0,543.0,86.0,17.811731887353105,0.1343117709792887,nonsingular_isothermal,1.0,0.01,2.0,0.3,1.0,0.0,strict_pass,1.0,none,none,,,0.9975975975975976,1.0,0.9975975975975976,0.9809220985691574,0.9901234567901235,0.9907407407407407,0.019077901430842648,0.00987654320987652,0.0092592592592593,0.0,0.0,4983.0,4995.0,1.0,inverse_phase_volume,geometric_mean,4983.0,4983.0,4983.0,0.0,540.0,0.0,0.0,5.389094807503473e+37,1.0788165634191319e+52,200185114931926.66,1.4163402326949499e-10,28353.023226475278,3.526960747756265e-05,7060450426.499882,200185114931928.44,0.0
62.57579354654237,6.809999313410849,7075.986924044142,15.3906690735214,708.815663546162,-708.815663546162,pass_full,36.0,708.815663546162,0.049435901846095476,6.337657783040072e-11,4.046257790456737e-10,1.0,1.0,27.0,none,0.0,31.561589761993478,677.2540737841687,20.0,543.0,166.0,39.99939214017279,0.05015859736483441,nonsingular_isothermal,1.0,0.01,2.0,0.3,1.0,0.0,strict_pass,1.0,none,none,,,1.0,1.0,1.0,1.0,1.0,1.0,0.0,0.0,0.0,0.0,0.0,4995.0,4995.0,1.0,inverse_phase_volume,geometric_mean,4995.0,4995.0,4995.0,0.0,540.0,0.0,0.0,2.302547193887633e+42,3.1934323795811514e+56,138691288849951.56,1.6082120156327687e-10,22304.499719208965,4.4834002671612726e-05,6218085614.828211,138691288849953.12,0.0
103.81566012737188,226.91396409099255,0.0,1.3736885600584408,614.3555428158185,-614.3555428158185,pass_no_bh,31.0,614.3555428158185,0.12243030538729727,0.007721412361813832,0.018048350566749177,1.0,1.0,33.0,none,0.0,31.07099637525416,583.2845464405641,20.0,543.0,100.0,34.131930385291184,0.07273384384072458,nonsingular_isothermal,1.0,0.01,2.0,0.3,1.0,0.0,strict_pass,1.0,none,none,,,0.9963963963963964,1.0,0.9963963963963964,0.9713831478537361,0.9934156378600824,0.9944444444444445,0.02861685214626386,0.006584362139917643,0.005555555555555536,0.0,0.0,4977.0,4995.0,1.0,inverse_phase_volume,geometric_mean,4977.0,4977.0,4977.0,0.0,540.0,0.0,0.0,4.469006580913795e+35,1.4523821983727727e+57,3.249899439789589e+21,6.282749790569641e-15,20418305.024710424,4.8975661730481084e-08,159165975621214.8,3.2498994397895873e+21,0.0
0.0,226.91396409099255,2922113.452447523,1.3736885600584408,1828.938401307098,-1828.938401307098,pass_no_halo,31.0,1828.938401307098,0.2543098652924982,2.7405287162684593e-06,2.5121513232460876e-05,1.0,1.0,70.0,none,0.0,21.33499273880064,1807.6034085682973,20.0,543.0,84.0,18.524946688687702,0.11663276094195395,none,1.0,0.01,2.0,0.3,1.0,0.0,severe_coverage_warn,0.0,multiple,multiple,1;2;3;4;5;6;7;8,shell_band minimum coverage 0.674 is below 0.8 | shell_band coverage gap 0.245 exceeds 0.1 | Lfrac minimum coverage 0.57 is below 0.8 | Lfrac coverage gap 0.43 exceeds 0.1 | third_integral minimum coverage 0.709 is below 0.8 | third_integral coverage gap 0.291 exceeds 0.1 | 25 planned shell-band/Lfrac/third-integral cells have no successful orbit,0.8536536536536536,1.0,0.8536536536536536,0.6739864864864865,0.5695473251028806,0.7092592592592593,0.24493243243243246,0.43045267489711936,0.29074074074074074,25.0,0.0,4264.0,4995.0,1.0,inverse_phase_volume,geometric_mean,4264.0,4264.0,4264.0,0.0,540.0,0.0,0.0,7.605201245552044e+45,8.73346798322674e+51,1148354.619588084,0.0003534587210743896,405.89595517947146,0.0024636855510369367,2829.1846837456815,1148354.6195880843,0.0
200.0,226.91396409099255,0.0,1.3736885600584408,793.5106235104519,-793.5106235104519,pass_no_bh_halo_up,31.0,793.5106235104519,0.08509219329164353,1.6618191283143707e-12,6.2162670012836656e-12,1.0,1.0,18.0,none,0.0,27.968331141402466,765.5422923690489,20.0,543.0,1114.0,23.11607474490522,0.095128855713339,nonsingular_isothermal,1.0,0.01,2.0,0.3,1.0,0.0,strict_pass,1.0,none,none,,,1.0,1.0,1.0,1.0,1.0,1.0,0.0,0.0,0.0,0.0,0.0,4995.0,4995.0,1.0,inverse_phase_volume,geometric_mean,4995.0,4995.0,4995.0,0.0,540.0,0.0,0.0,2.9978956561073467e+35,1.999182824833347e+58,6.6686204396760415e+22,8.5403026453671e-16,56952036.78191439,1.7558634537150716e-08,1170918691672449.0,6.66862043967604e+22,0.0
51.90783006368594,226.91396409099255,0.0,1.3736885600584408,710.9415264422321,-710.9415264422321,pass_no_bh_halo_down,31.0,710.9415264422321,0.06446495316299661,0.0006611833703616914,0.006329871250918992,1.0,1.0,19.0,none,0.0,18.421422452887477,692.5201039893442,20.0,543.0,2907.0,42.396897620266046,0.06772845382704104,nonsingular_isothermal,1.0,0.01,2.0,0.3,1.0,0.0,strict_pass,1.0,none,none,,,1.0,1.0,1.0,1.0,1.0,1.0,0.0,0.0,0.0,0.0,0.0,4995.0,4995.0,1.0,inverse_phase_volume,geometric_mean,4995.0,4995.0,4995.0,0.0,540.0,0.0,0.0,2.552917776031087e+34,9.516004404968573e+55,3.72750132977753e+21,1.939258074553007e-15,7228587.051678115,1.3833962195528244e-07,515661124799233.75,3.727501329777513e+21,0.0
103.81566012737188,453.8279281819851,0.0,1.3736885600584408,568.0713426878946,-568.0713426878946,pass_no_bh_halo_scale_up,31.0,568.0713426878946,0.18726033438588274,0.006723879484296344,0.007716378146458404,1.0,1.0,61.0,none,0.0,20.7867019929971,547.2846406948975,20.0,543.0,302.0,48.43666643816073,0.053465522641754984,nonsingular_isothermal,1.0,0.01,2.0,0.3,1.0,0.0,strict_pass,1.0,none,none,,,1.0,1.0,1.0,1.0,1.0,1.0,0.0,0.0,0.0,0.0,0.0,4995.0,4995.0,1.0,inverse_phase_volume,geometric_mean,4995.0,4995.0,4995.0,0.0,540.0,0.0,0.0,5.058809492493234e+32,1.718985160250543e+57,3.3980033500003206e+24,3.0377623106657563e-17,103223265.08146918,9.687738507503593e-09,3.29189679024242e+16,3.398003350000309e+24,0.0
103.81566012737188,113.45698204549628,0.0,1.3736885600584408,659.8265542092148,-659.8265542092148,pass_no_bh_halo_scale_down,31.0,659.8265542092148,0.026413570202635128,5.945939010272759e-12,4.072538764554598e-13,1.0,1.0,27.0,none,0.0,35.985976314569584,623.8405778946449,20.0,543.0,864.0,35.65577786500895,0.06305269558851123,nonsingular_isothermal,1.0,0.01,2.0,0.3,1.0,0.0,strict_pass,1.0,none,none,,,1.0,1.0,1.0,1.0,1.0,1.0,0.0,0.0,0.0,0.0,0.0,4995.0,4995.0,1.0,inverse_phase_volume,geometric_mean,4995.0,4995.0,4995.0,0.0,540.0,0.0,0.0,1.6018949794728394e+35,2.1857744706878715e+57,1.3644929903002621e+22,5.517632325663335e-16,7528770.6314218175,1.328238100157328e-07,1812371577114426.8,1.3644929903002737e+22,0.0
103.81566012737188,226.91396409099255,0.0,2.7473771201168815,619.347433289811,-619.347433289811,pass_no_bh_ml_up,31.0,619.347433289811,0.005044525347329909,9.661547804617039e-11,7.916248068381977e-10,1.0,1.0,24.0,none,0.0,32.343513230845396,587.0039200589657,20.0,543.0,125.0,35.79927471042262,0.07078930638706277,nonsingular_isothermal,1.0,0.01,2.0,0.3,1.0,0.0,strict_pass,1.0,none,none,,,1.0,1.0,1.0,1.0,1.0,1.0,0.0,0.0,0.0,0.0,0.0,4995.0,4995.0,1.0,inverse_phase_volume,geometric_mean,4995.0,4995.0,4995.0,0.0,540.0,0.0,0.0,1.2865712095170298e+35,1.5189488518823354e+57,1.1806177852001979e+22,9.860184685601272e-16,11641109.405179527,8.590246558073459e-08,1014179786571634.9,1.1806177852002023e+22,0.0
103.81566012737188,226.91396409099255,0.0,0.6868442800292204,625.5382200982565,-625.5382200982565,pass_no_bh_ml_down,31.0,625.5382200982565,0.09610719011493529,0.00018668589457019867,0.0018253731913530536,1.0,1.0,26.0,none,0.0,33.22004986672762,592.3181702315285,20.0,543.0,107.0,34.53703345859811,0.07346679475682523,nonsingular_isothermal,1.0,0.01,2.0,0.3,1.0,0.0,strict_pass,1.0,none,none,,,1.0,1.0,1.0,1.0,1.0,1.0,0.0,0.0,0.0,0.0,0.0,4995.0,4995.0,1.0,inverse_phase_volume,geometric_mean,4995.0,4995.0,4995.0,0.0,540.0,0.0,0.0,2.0507815530314718e+35,1.4516877723473318e+57,7.078705043945038e+21,4.945705968852885e-15,35009193.787587784,2.856392540963173e-08,202195602872028.75,7.078705043944995e+21,0.0
71.57781190959773,24.09537323680766,12655.477805193472,6.493712310923785,726.5056133741647,-726.5056133741647,pass_full,37.0,726.5056133741647,0.011244594551271803,1.0441932292005602e-08,8.555660853560431e-08,1.0,1.0,24.0,none,0.0,33.00080465533881,693.5048087188261,20.0,543.0,90.0,37.767188916128646,0.054700147021420356,nonsingular_isothermal,1.0,0.01,2.0,0.3,1.0,0.0,strict_pass,1.0,none,none,,,0.997997997997998,1.0,0.997997997997998,0.9841017488076311,0.9934156378600824,0.9962962962962963,0.015898251192368873,0.006584362139917643,0.0037037037037036535,0.0,0.0,4985.0,4995.0,1.0,inverse_phase_volume,geometric_mean,4985.0,4985.0,4985.0,0.0,540.0,0.0,0.0,8.516150174821331e+38,4.848693010023331e+56,5.693526899465528e+17,1.0650970940287947e-13,60641.589553955346,1.64903329110504e-05,9388815401020.756,5.693526899465553e+17,0.0
71.7687303210746,2.0499563991272574,1418.8991266992648,9.615592570954908,720.1115443376368,-720.1115443376368,pass_full,38.0,720.1115443376368,0.15377836540085354,0.005355094186368032,0.03604337575533195,1.0,1.0,61.0,none,0.0,33.51815529653853,686.5933890410981,20.0,543.0,190.0,49.4625459179496,0.03872621088873913,nonsingular_isothermal,1.0,0.01,2.0,0.3,1.0,0.0,strict_pass,1.0,none,none,,,1.0,1.0,1.0,1.0,1.0,1.0,0.0,0.0,0.0,0.0,0.0,4995.0,4995.0,1.0,inverse_phase_volume,geometric_mean,4995.0,4995.0,4995.0,0.0,540.0,0.0,0.0,4.498595868566198e+44,5.419735291106823e+56,1204761541034.85,1.0074459253153629e-08,12137.321054922078,8.239050408858284e-05,99260910.67239842,1204761541034.8408,0.0
18.44323478486296,487.07143027723214,0.0,0.2858928501164642,539.8428533223296,-539.8428533223296,pass_full,39.0,539.8428533223296,0.16980610602138313,0.0020135736438711156,0.018457758402151893,1.0,1.0,41.0,none,0.0,4.422854955473952,535.4199983668556,20.0,543.0,695.0,37.8501340654672,0.05616109729205526,nonsingular_isothermal,1.0,0.01,2.0,0.3,1.0,0.0,strict_pass,1.0,none,none,,,1.0,1.0,1.0,1.0,1.0,1.0,0.0,0.0,0.0,0.0,0.0,4995.0,4995.0,1.0,inverse_phase_volume,geometric_mean,4995.0,4995.0,4995.0,0.0,540.0,0.0,0.0,4.03235138396857e+32,1.5073966925536996e+54,3.7382572822067555e+21,1.113331103173134e-14,41619181.039442405,2.4027382928373872e-08,89820539204363.72,3.7382572822067476e+21,0.0
76.05009558544755,3.0507404705445103,34046.60780051058,3.9467992929448275,717.4036926226133,-717.4036926226133,pass_full,40.0,717.4036926226133,0.11296005506733309,8.464592905957191e-12,2.5938946660715496e-11,1.0,1.0,36.0,none,0.0,34.80120017229465,682.602492450319,20.0,543.0,110.0,40.93862119022364,0.0522121251892214,nonsingular_isothermal,1.0,0.01,2.0,0.3,1.0,0.0,strict_pass,1.0,none,none,,,1.0,1.0,1.0,1.0,1.0,1.0,0.0,0.0,0.0,0.0,0.0,4995.0,4995.0,1.0,inverse_phase_volume,geometric_mean,4995.0,4995.0,4995.0,0.0,540.0,0.0,0.0,1.4201417019399125e+43,6.6915557776438604e+56,47118930234237.89,2.827204135462264e-10,13321.48344167958,7.506671493290686e-05,3537063303.8370757,47118930234238.07,0.0
53.740453259518176,5.034750442651553,248259.8260003178,2.187618425502123,736.7549447863424,-736.7549447863424,pass_full,41.0,736.7549447863424,0.21559366418250647,9.564265012113137e-13,3.956717884496773e-12,1.0,1.0,26.0,none,0.0,29.813065271969453,706.9418795143729,20.0,543.0,125.0,36.77091481120344,0.06126577299324494,nonsingular_isothermal,1.0,0.01,2.0,0.3,1.0,0.0,strict_pass,1.0,none,none,,,1.0,1.0,1.0,1.0,1.0,1.0,0.0,0.0,0.0,0.0,0.0,4995.0,4995.0,1.0,inverse_phase_volume,geometric_mean,4995.0,4995.0,4995.0,0.0,540.0,0.0,0.0,1.2204375169152189e+42,1.6936915471733065e+56,138777407585296.61,9.939296528038161e-11,13793.498053826883,7.249792591390977e-05,10061074213.643389,138777407585297.92,0.0
45.96409832350952,1183.7887276557624,175788.6510511247,19.73287884143164,539.5952395585161,-539.5952395585161,pass_full,42.0,539.5952395585161,0.013620135585256321,0.006848861432427627,0.07833579678928453,1.0,1.0,17.0,none,0.0,9.264581878490924,530.3306576800252,20.0,543.0,935.0,31.70698718525824,0.10558288030183129,nonsingular_isothermal,1.0,0.01,2.0,0.3,1.0,0.0,strict_pass,1.0,none,none,,,0.9971971971971972,1.0,0.9971971971971972,0.9872813990461049,0.9934156378600824,0.9907407407407407,0.012718600953895098,0.006584362139917643,0.0092592592592593,0.0,0.0,4981.0,4995.0,1.0,inverse_phase_volume,geometric_mean,4981.0,4981.0,4981.0,0.0,540.0,0.0,0.0,4.2214755100354407e+40,2.174913538942824e+55,515202216327571.4,1.7529032765165048e-09,903099.6530691719,1.107297513183084e-06,570482132.9259374,515202216327575.3,0.0
165.27209960555763,4.708804031623834,873096.8667130532,1.8613971959339728,831.2222322062573,-831.2222322062573,pass_full,43.0,831.2222322062573,0.10662687071237542,0.007133556372423519,0.0730250902334934,1.0,1.0,36.0,none,0.0,38.32028489574529,792.9019473105118,20.0,543.0,169.0,17.33323397474864,0.16488073665710207,nonsingular_isothermal,1.0,0.01,2.0,0.3,1.0,0.0,strict_pass,1.0,none,none,,,1.0,1.0,1.0,1.0,1.0,1.0,0.0,0.0,0.0,0.0,0.0,4995.0,4995.0,1.0,inverse_phase_volume,geometric_mean,4995.0,4995.0,4995.0,0.0,540.0,0.0,0.0,5.283495208943455e+46,1.347811862135522e+58,255098530202.8967,5.0410664585169104e-08,12859.686442227672,7.77623937016283e-05,19837072.33834409,255098530202.8931,0.0
45.65738636295653,7.048031204823713,181483.89268960763,4.493042237576212,764.4489517671466,-1000000.0,solver_failed_full,44.0,764.4489517671466,8.865816077746217,1.264721327893704,0.7889004777798977,0.0,0.0,18.0,line_search_failed,2.0,23.875515001035765,740.573436766111,20.0,543.0,84.0,43.628444144257585,0.062438399948996935,nonsingular_isothermal,1.0,0.01,2.0,0.3,1.0,0.0,strict_pass,1.0,none,none,,,0.9985985985985986,1.0,0.9985985985985986,0.9888712241653418,0.994238683127572,0.9981481481481481,0.011128775834658211,0.0057613168724279795,0.0018518518518518823,0.0,0.0,4988.0,4995.0,1.0,inverse_phase_volume,geometric_mean,4988.0,4988.0,4988.0,0.0,540.0,0.0,0.0,9.033555413798666e+41,8.920609003411039e+55,98749701471747.19,1.6121797208223903e-10,15920.226615001362,6.281317623065219e-05,6202782401.269067,98749701471745.86,0.0
13.19586880521122,333.57226933210217,6650.128980684179,15.971875764098385,709.3220227342953,-709.3220227342953,pass_full,45.0,709.3220227342953,0.07332589660609301,0.006494463782566744,0.05321278475623972,1.0,1.0,36.0,none,0.0,8.362939557535032,700.9590831767601,20.0,543.0,94.0,22.371930707310533,0.0991463212112045,nonsingular_isothermal,1.0,0.01,2.0,0.3,1.0,0.0,strict_pass,1.0,none,none,,,1.0,1.0,1.0,1.0,1.0,1.0,0.0,0.0,0.0,0.0,0.0,4995.0,4995.0,1.0,inverse_phase_volume,geometric_mean,4995.0,4995.0,4995.0,0.0,540.0,0.0,0.0,1.1158049801138871e+37,4.636538122790601e+53,4.155330192483423e+16,5.700887036195441e-12,236890.6802544024,4.221356445623259e-06,175411298917.32825,4.155330192483421e+16,0.0
3.4873619945122947,954.4809502524419,185.70803466547432,16.064450494503884,2042.9338415169784,-2042.9338415169784,pass_full,46.0,2042.9338415169784,0.05197659732493776,1.0461602361401833e-12,1.176930265657706e-11,1.0,1.0,79.0,none,0.0,15.105953577646513,2027.8278879393317,20.0,543.0,67.0,15.621280714319823,0.13621029043578636,nonsingular_isothermal,1.0,0.01,2.0,0.3,1.0,0.0,severe_coverage_warn,0.0,multiple,multiple,4;5;6;7;8,shell_band coverage gap 0.181 exceeds 0.1 | Lfrac minimum coverage 0.72 is below 0.8 | Lfrac coverage gap 0.28 exceeds 0.1 | third_integral coverage gap 0.198 exceeds 0.1 | 3 planned shell-band/Lfrac/third-integral cells have no successful orbit,0.8984984984984985,1.0,0.8984984984984985,0.8187599364069952,0.720164609053498,0.8018518518518518,0.18124006359300482,0.279835390946502,0.19814814814814818,3.0,0.0,4488.0,4995.0,1.0,inverse_phase_volume,geometric_mean,4488.0,4488.0,4488.0,0.0,540.0,2.0,18.0,6.150957036500666e+36,9.743522529522168e+51,1584066100885228.2,7.898620220871338e-11,125119.3653564893,7.992367905246372e-06,12660439064.503912,1584066100885234.8,0.0
60.41481339671246,51.644879450228615,794002.0023749656,16.487642585017014,680.665986173781,-680.665986173781,pass_full,47.0,680.665986173781,0.057863115394525266,0.007203076613974612,0.07043008244775176,1.0,1.0,23.0,none,0.0,28.99720246130956,651.6687837124716,20.0,543.0,149.0,46.305410113106674,0.047012478596010134,nonsingular_isothermal,1.0,0.01,2.0,0.3,1.0,0.0,strict_pass,1.0,none,none,,,0.996996996996997,1.0,0.996996996996997,0.9777424483306836,0.9876543209876543,0.987037037037037,0.022257551669316422,0.012345679012345734,0.012962962962962954,0.0,0.0,4980.0,4995.0,1.0,inverse_phase_volume,geometric_mean,4980.0,4980.0,4980.0,0.0,540.0,0.0,0.0,1.5203153528288146e+44,2.684186484892785e+56,1765545865138.034,2.3422957468194094e-08,41354.30570727371,2.4181278899433016e-05,42693156.974643126,1765545865138.0164,0.0
138.221820336355,94.49162197796845,38665.45004158877,3.670713600707336,755.7776282737791,-1000000.0,solver_failed_full,48.0,755.7776282737791,1.0589149147812122,0.2401942178574166,0.22851468145853737,0.0,0.0,21.0,line_search_failed,2.0,30.399137314271645,725.3784909595074,20.0,543.0,74.0,32.465895140535686,0.07423517063693588,nonsingular_isothermal,1.0,0.01,2.0,0.3,1.0,0.0,strict_pass,1.0,none,none,,,0.997997997997998,1.0,0.997997997997998,0.985691573926868,0.9934156378600824,0.9962962962962963,0.014308426073131986,0.006584362139917643,0.0037037037037036535,0.0,0.0,4985.0,4995.0,1.0,inverse_phase_volume,geometric_mean,4985.0,4985.0,4985.0,0.0,540.0,0.0,0.0,5.67184859692665e+38,5.8304014818348084e+57,1.027954357772186e+19,3.491576192627489e-14,358918.0962704991,2.7861509642198386e-06,28640360250809.184,1.0279543577721706e+19,0.0
18.44323478486296,487.07143027723214,0.0,0.2858928501164642,563.9197759748323,-563.9197759748323,pass_no_bh,39.0,563.9197759748323,0.22902864397372014,0.009783027901661134,0.05364042757982966,1.0,1.0,30.0,none,0.0,5.42436454537403,558.4954114294583,20.0,543.0,2835.0,32.456156050729795,0.05602057194543456,nonsingular_isothermal,1.0,0.01,2.0,0.3,1.0,0.0,strict_pass,1.0,none,none,,,0.9985985985985986,1.0,0.9985985985985986,0.9888712241653418,0.994238683127572,0.9981481481481481,0.011128775834658211,0.0057613168724279795,0.0018518518518518823,0.0,0.0,4988.0,4995.0,1.0,inverse_phase_volume,geometric_mean,4988.0,4988.0,4988.0,0.0,540.0,0.0,0.0,4.03235138396857e+32,1.5073966925536996e+54,3.7382572822067555e+21,1.1400063660691036e-14,42616370.99719878,2.34651608431354e-08,87718808400003.55,3.738257282206748e+21,0.0
45.96409832350952,1183.7887276557624,0.0,19.73287884143164,509.82691306658137,-509.82691306658137,pass_no_bh,42.0,509.82691306658137,0.11742734544498035,0.0004087708183220817,0.004598671706123418,1.0,1.0,35.0,none,0.0,7.135127871107886,502.6917851954736,20.0,543.0,227.0,32.35029081827852,0.08416279021611496,nonsingular_isothermal,1.0,0.01,2.0,0.3,1.0,0.0,strict_pass,1.0,none,none,,,0.9987987987987988,1.0,0.9987987987987988,0.9904610492845787,0.9950617283950617,0.9981481481481481,0.009538950715421324,0.004938271604938316,0.0018518518518518823,0.0,0.0,4989.0,4995.0,1.0,inverse_phase_volume,geometric_mean,4989.0,4989.0,4989.0,0.0,540.0,0.0,0.0,4.3421034174044714e+32,2.1438233113831738e+55,4.937292149215235e+22,1.910100311890729e-15,94307232.74111642,1.0603640579138913e-08,523532713844824.94,4.937292149215221e+22,0.0
0.0,487.07143027723214,0.0,0.2858928501164642,12063.002094806547,-12063.002094806547,pass_no_halo,39.0,12063.002094806547,0.010732550823377096,6.123411119951225e-12,5.6131268599552896e-11,1.0,1.0,86.0,none,0.0,56.019678185574335,12006.982416620971,20.0,543.0,111.0,27.706082935091526,0.06473102713662532,none,1.0,0.01,2.0,0.3,1.0,0.0,severe_coverage_warn,0.0,multiple,multiple,3;4;5;6;7;8,total orbit coverage 0.658 is below 0.85 | shell_band minimum coverage 0.289 is below 0.8 | shell_band coverage gap 0.711 exceeds 0.1 | Lfrac minimum coverage 0.439 is below 0.8 | Lfrac coverage gap 0.561 exceeds 0.1 | third_integral minimum coverage 0.517 is below 0.8 | third_integral coverage gap 0.393 exceeds 0.1 | 42 planned shell-band/Lfrac/third-integral cells have no successful orbit,0.6584584584584584,1.0,0.6584584584584584,0.28885135135135137,0.43868312757201644,0.5166666666666667,0.7111486486486487,0.5613168724279836,0.39296296296296296,42.0,0.0,3289.0,4995.0,1.0,inverse_phase_volume,geometric_mean,3289.0,3289.0,3289.0,0.0,540.0,2.0,18.0,3.707650731122495e+25,2.5867249961531398e+48,6.976722414654215e+22,1.3182408235091227e-15,91970003.0128833,1.0873110440802295e-08,758586733293561.8,6.976722414654218e+22,0.0
0.0,1183.7887276557624,175788.6510511247,19.73287884143164,1915.132677603727,-1915.132677603727,pass_no_halo,42.0,1915.132677603727,0.16433343653761767,0.007066900323479059,0.04379405197881028,1.0,1.0,77.0,none,0.0,17.196663569135225,1897.9360140345918,20.0,543.0,77.0,11.679587082683394,0.22649330522465708,none,1.0,0.01,2.0,0.3,1.0,0.0,severe_coverage_warn,0.0,multiple,multiple,1;3;4;5;6;7;8,total orbit coverage 0.643 is below 0.85 | shell_band minimum coverage 0.323 is below 0.8 | shell_band coverage gap 0.623 exceeds 0.1 | Lfrac minimum coverage 0.395 is below 0.8 | Lfrac coverage gap 0.605 exceeds 0.1 | third_integral minimum coverage 0.439 is below 0.8 | third_integral coverage gap 0.477 exceeds 0.1 | 37 planned shell-band/Lfrac/third-integral cells have no successful orbit,0.6426426426426426,1.0,0.6426426426426426,0.32263513513513514,0.3950617283950617,0.4388888888888889,0.6233108108108107,0.6049382716049383,0.4766666666666667,37.0,0.0,3210.0,4995.0,1.0,inverse_phase_volume,geometric_mean,3210.0,3210.0,3210.0,0.0,540.0,0.0,0.0,3.444262939104727e+37,1.2790254678473565e+52,371349542837114.44,1.793676559124513e-11,6660.8097022854045,0.00015013189757648952,55751411530.29822,371349542837116.75,0.0
36.88646956972592,487.07143027723214,0.0,0.2858928501164642,539.0646182222524,-539.0646182222524,pass_no_bh_halo_up,39.0,539.0646182222524,0.1060133842970572,0.0039586504533362325,0.01707916850398376,1.0,1.0,69.0,none,0.0,10.564890275839538,528.4997279464127,20.0,543.0,175.0,56.19067800536857,0.06022845082848979,nonsingular_isothermal,1.0,0.01,2.0,0.3,1.0,0.0,strict_pass,1.0,none,none,,,1.0,1.0,1.0,1.0,1.0,1.0,0.0,0.0,0.0,0.0,0.0,4995.0,4995.0,1.0,inverse_phase_volume,geometric_mean,4995.0,4995.0,4995.0,0.0,540.0,0.0,0.0,1.0163496556206573e+33,2.8239551535724613e+55,2.7785271908691186e+22,3.1872663849053273e-15,88559063.15002505,1.1291899038113494e-08,313748485139469.56,2.778527190869098e+22,0.0
9.22161739243148,487.07143027723214,0.0,0.2858928501164642,1403.221827264341,-1403.221827264341,pass_no_bh_halo_down,39.0,1403.221827264341,0.11408266035414272,1.0756894929319646e-12,3.505924675573089e-12,1.0,1.0,50.0,none,0.0,28.283613038483107,1374.938214225858,20.0,543.0,100.0,28.94473132986371,0.06490132663703814,nonsingular_isothermal,1.0,0.01,2.0,0.3,1.0,0.0,strict_pass,1.0,none,none,,,1.0,1.0,1.0,1.0,1.0,1.0,0.0,0.0,0.0,0.0,0.0,4995.0,4995.0,1.0,inverse_phase_volume,geometric_mean,4995.0,4995.0,4995.0,0.0,540.0,0.0,0.0,5.584405057171219e+31,9.761093477170717e+52,1.7479200339588547e+21,2.0512087204123716e-14,35853488.16239911,2.7891289000124045e-08,48751742816253.32,1.7479200339588644e+21,0.0
18.44323478486296,974.1428605544643,0.0,0.2858928501164642,941.6746882376182,-941.6746882376182,pass_no_bh_halo_scale_up,39.0,941.6746882376182,0.2990578480125805,0.0034515631167388013,0.023231334880448998,1.0,1.0,67.0,none,0.0,14.59546760313696,927.0792206344812,20.0,543.0,328.0,29.635308216850607,0.08150418051202125,nonsingular_isothermal,1.0,0.01,2.0,0.3,1.0,0.0,strict_pass,1.0,none,none,,,1.0,1.0,1.0,1.0,1.0,1.0,0.0,0.0,0.0,0.0,0.0,4995.0,4995.0,1.0,inverse_phase_volume,geometric_mean,4995.0,4995.0,4995.0,0.0,540.0,0.0,0.0,3.255262424582584e+31,7.28258151214944e+53,2.2371718658237735e+22,8.358987611953085e-15,187004919.1223087,5.347452915642074e-09,119631712166917.44,2.237171865823771e+22,0.0
18.44323478486296,243.53571513861607,0.0,0.2858928501164642,525.6800852868718,-525.6800852868718,pass_no_bh_halo_scale_down,39.0,525.6800852868718,0.2435037206917059,0.008400305894844314,0.08599260508143258,1.0,1.0,36.0,none,0.0,5.852880296123567,519.8272049907481,20.0,543.0,2055.0,43.40161993379645,0.055177504108528036,nonsingular_isothermal,1.0,0.01,2.0,0.3,1.0,0.0,strict_pass,1.0,none,none,,,0.9983983983983984,1.0,0.9983983983983984,0.9872813990461049,0.9934156378600824,0.9981481481481481,0.012718600953895098,0.006584362139917643,0.0018518518518518823,0.0,0.0,4987.0,4995.0,1.0,inverse_phase_volume,geometric_mean,4987.0,4987.0,4987.0,0.0,540.0,0.0,0.0,1.1612195878897815e+33,1.5966555750402772e+54,1.3749816070031928e+21,5.210465741066839e-15,7164294.557887261,1.395810839322746e-07,191921423092449.06,1.3749816070032114e+21,0.0
18.44323478486296,487.07143027723214,0.0,0.5717857002329284,559.9991683205783,-559.9991683205783,pass_no_bh_ml_up,39.0,559.9991683205783,0.0035616168812566684,0.008742567436314321,0.0854828815995178,1.0,1.0,13.0,none,0.0,5.310062321817518,554.689105998761,20.0,543.0,3030.0,34.03126548817612,0.06650807747508988,nonsingular_isothermal,1.0,0.01,2.0,0.3,1.0,0.0,strict_pass,1.0,none,none,,,1.0,1.0,1.0,1.0,1.0,1.0,0.0,0.0,0.0,0.0,0.0,4995.0,4995.0,1.0,inverse_phase_volume,geometric_mean,4995.0,4995.0,4995.0,0.0,540.0,0.0,0.0,1.190722623828904e+33,1.8543456926854537e+54,1.557328008703315e+21,3.06706581323856e-14,47764274.95492809,2.0936149474552522e-08,32604451971119.76,1.5573280087033116e+21,0.0
18.44323478486296,487.07143027723214,0.0,0.2,534.5236410079954,-534.5236410079954,pass_no_bh_ml_down,39.0,534.5236410079954,0.014276795289333677,3.3333209695557935e-08,1.5985872220034688e-07,1.0,1.0,39.0,none,0.0,4.1490068115779755,530.3746341964174,20.0,543.0,726.0,32.85755569552758,0.07068677189946594,nonsingular_isothermal,1.0,0.01,2.0,0.3,1.0,0.0,strict_pass,1.0,none,none,,,1.0,1.0,1.0,1.0,1.0,1.0,0.0,0.0,0.0,0.0,0.0,4995.0,4995.0,1.0,inverse_phase_volume,geometric_mean,4995.0,4995.0,4995.0,0.0,540.0,0.0,0.0,4.493386828760755e+32,1.4969339101652934e+54,3.331415627481459e+21,1.359556839598614e-14,45292489.018880665,2.20787159562624e-08,73553379371415.83,3.331415627481415e+21,0.0
91.92819664701904,1183.7887276557624,0.0,19.73287884143164,551.2365401153927,-551.2365401153927,pass_no_bh_halo_up,42.0,551.2365401153927,0.16497442831007447,2.567367677729596e-12,2.6802666104683316e-12,1.0,1.0,28.0,none,0.0,17.15001174312312,534.0865283722695,20.0,543.0,95.0,32.19117423861169,0.11163704226193731,nonsingular_isothermal,1.0,0.01,2.0,0.3,1.0,0.0,strict_pass,1.0,none,none,,,0.9997997997997998,1.0,0.9997997997997998,0.9984101748807631,0.9991769547325103,0.9981481481481481,0.0015898251192368873,0.0008230452674896638,0.0018518518518518823,0.0,0.0,4994.0,4995.0,1.0,inverse_phase_volume,geometric_mean,4994.0,4994.0,4994.0,0.0,540.0,0.0,0.0,6.841761299693128e+33,3.592482209266904e+56,5.2508148880143435e+22,4.111971253076762e-15,215911998.74742883,4.6315165706459304e-09,243192361632332.66,5.250814888014447e+22,0.0
22.98204916175476,1183.7887276557624,0.0,19.73287884143164,749.7858056511576,-1000000.0,solver_failed_no_bh_halo_down,42.0,749.7858056511576,0.01893263238923737,1.8353575719010782,2.2675039349490946,0.0,0.0,28.0,line_search_failed,2.0,11.492840686774425,738.2929649643833,20.0,543.0,71.0,31.036963981992198,0.0618302463401953,nonsingular_isothermal,1.0,0.01,2.0,0.3,1.0,0.0,strict_pass,1.0,none,none,,,1.0,1.0,1.0,1.0,1.0,1.0,0.0,0.0,0.0,0.0,0.0,4995.0,4995.0,1.0,inverse_phase_volume,geometric_mean,4995.0,4995.0,4995.0,0.0,540.0,2.0,8.0,3.0103527169269787e+31,1.1001017576565783e+54,3.6543948869206985e+22,5.809522970790056e-16,21230291.03990357,4.710251018794051e-08,1721311723919402.5,3.654394886920706e+22,0.0
45.96409832350952,2367.577455311525,0.0,19.73287884143164,661.0105119105275,-661.0105119105275,pass_no_bh_halo_scale_up,42.0,661.0105119105275,0.06745186971056683,0.005168903714606514,0.05054039187615257,1.0,1.0,47.0,none,0.0,10.594037012399868,650.4164748981276,20.0,543.0,101.0,27.47325903013074,0.07409884275809571,nonsingular_isothermal,1.0,0.01,2.0,0.3,1.0,0.0,strict_pass,1.0,none,none,,,1.0,1.0,1.0,1.0,1.0,1.0,0.0,0.0,0.0,0.0,0.0,4995.0,4995.0,1.0,inverse_phase_volume,geometric_mean,4995.0,4995.0,4995.0,0.0,540.0,0.0,0.0,3.118028022973004e+31,3.540775199133495e+54,1.1355815833102764e+23,5.641951529617546e-16,64068962.50962929,1.560818157231287e-08,1772436354248133.0,1.1355815833102766e+23,0.0
45.96409832350952,591.8943638278812,0.0,19.73287884143164,586.0760232843656,-586.0760232843656,pass_no_bh_halo_scale_down,42.0,586.0760232843656,0.10032569960026194,0.008977632436999153,0.08229496400582557,1.0,1.0,41.0,none,0.0,11.9543529266408,574.1216703577247,20.0,543.0,146.0,51.366989481678104,0.04532105132452251,nonsingular_isothermal,1.0,0.01,2.0,0.3,1.0,0.0,strict_pass,1.0,none,none,,,1.0,1.0,1.0,1.0,1.0,1.0,0.0,0.0,0.0,0.0,0.0,4995.0,4995.0,1.0,inverse_phase_volume,geometric_mean,4995.0,4995.0,4995.0,0.0,540.0,0.0,0.0,6.552998749330665e+33,5.524829194699134e+55,8.430993818308679e+21,5.143028382175364e-15,43360840.497506976,2.3062283584136124e-08,194437970333935.16,8.430993818308756e+21,0.0
45.96409832350952,1183.7887276557624,0.0,20.0,502.06811503835894,-502.06811503835894,pass_no_bh_ml_up,42.0,502.06811503835894,0.011852699165785907,0.004995983144071836,0.04884961296425795,1.0,1.0,38.0,none,0.0,6.526404764074626,495.5417102742843,20.0,543.0,219.0,43.103978591909595,0.0733932060345782,nonsingular_isothermal,1.0,0.01,2.0,0.3,1.0,0.0,strict_pass,1.0,none,none,,,1.0,1.0,1.0,1.0,1.0,1.0,0.0,0.0,0.0,0.0,0.0,4995.0,4995.0,1.0,inverse_phase_volume,geometric_mean,4995.0,4995.0,4995.0,0.0,540.0,1.0,7.0,9.941557018024799e+31,2.171346976772078e+55,2.1841115761195765e+23,4.1430233435872863e-16,90488252.44862655,1.105115827679108e-08,2413696272186914.5,2.1841115761195832e+23,0.0
45.96409832350952,1183.7887276557624,0.0,9.86643942071582,510.10405297526114,-510.10405297526114,pass_no_bh_ml_down,42.0,510.10405297526114,0.000496933407191591,1.5580716958118136e-11,7.618524310502204e-11,1.0,1.0,15.0,none,0.0,5.958003700466926,504.1460492747943,20.0,543.0,87.0,33.89230866373914,0.10885884883762001,nonsingular_isothermal,1.0,0.01,2.0,0.3,1.0,0.0,strict_pass,1.0,none,none,,,0.9997997997997998,1.0,0.9997997997997998,0.9984101748807631,0.9991769547325103,0.9981481481481481,0.0015898251192368873,0.0008230452674896638,0.0018518518518518823,0.0,0.0,4994.0,4995.0,1.0,inverse_phase_volume,geometric_mean,4994.0,4994.0,4994.0,0.0,540.0,0.0,0.0,1.4896924891604067e+32,1.9114325220115358e+55,1.2831054300937118e+23,1.0254486131395954e-15,131575868.3801488,7.60017784652427e-09,975182946455327.6,1.2831054300937187e+23,0.0
45.465474703126475,303.9843893215192,368214.92648399546,6.404371372095708,693.2230289413666,-1000000.0,solver_failed_full,49.0,693.2230289413666,8.24755954135594,1.9602584470276048,0.48408074966325765,0.0,0.0,17.0,line_search_failed,2.0,19.031910369213353,674.1911185721533,20.0,543.0,96.0,37.642082741834706,0.07179332932709279,nonsingular_isothermal,1.0,0.01,2.0,0.3,1.0,0.0,strict_pass,1.0,none,none,,,0.9963963963963964,1.0,0.9963963963963964,0.9745627980922098,0.9868312757201646,0.9851851851851852,0.025437201907790197,0.013168724279835398,0.014814814814814836,0.0,0.0,4977.0,4995.0,1.0,inverse_phase_volume,geometric_mean,4977.0,4977.0,4977.0,0.0,540.0,0.0,0.0,7.946271056436676e+43,6.153722535424179e+55,774416388733.6201,3.7190549638504315e-07,288009.7114606874,3.4721051416229674e-06,2688855.125079073,774416388733.6144,0.0
118.11732298678075,197.171240292278,1071963.427469676,9.111908721858914,631.4757100358356,-631.4757100358356,pass_full,50.0,631.4757100358356,0.03915628009951888,5.694779477456167e-10,4.666052267187496e-09,1.0,1.0,46.0,none,0.0,30.799737394250947,600.6759726415843,20.0,543.0,124.0,33.491402799467735,0.07222961618919407,nonsingular_isothermal,1.0,0.01,2.0,0.3,1.0,0.0,strict_pass,1.0,none,none,,,0.9947947947947948,1.0,0.9947947947947948,0.9618441971383148,0.980246913580247,0.9777777777777777,0.038155802861685184,0.01975308641975304,0.022222222222222254,0.0,0.0,4969.0,4995.0,1.0,inverse_phase_volume,geometric_mean,4969.0,4969.0,4969.0,0.0,540.0,0.0,0.0,1.5503693053268682e+45,2.2712285619813985e+57,1464959706166.6218,1.3947082273682145e-07,204319.13549534997,4.894304185340285e-06,7169958.421246136,1464959706166.6147,0.0
74.28493905449483,5.674714282383259,2816465.0635357182,7.167466212591389,721.5114773805761,-721.5114773805761,pass_full,51.0,721.5114773805761,0.011689356675788076,0.0013678101442022772,0.013580400717436898,1.0,1.0,42.0,none,0.0,34.08139504265331,687.430082337923,20.0,543.0,1022.0,44.295067455895854,0.04482211161922511,nonsingular_isothermal,1.0,0.01,2.0,0.3,1.0,0.0,strict_pass,1.0,none,none,,,0.9993993993993994,1.0,0.9993993993993994,0.9952305246422893,0.9975308641975309,0.9981481481481481,0.004769475357710662,0.0024691358024691024,0.0018518518518518823,0.0,0.0,4992.0,4995.0,1.0,inverse_phase_volume,geometric_mean,4992.0,4992.0,4992.0,0.0,540.0,0.0,0.0,1.9124283949903437e+45,6.272565114122971e+56,327989540970.74274,2.8021811388551768e-08,9190.861054499957,0.00010880373384715547,35686486.7204319,327989540970.74744,0.0
128.03033692016749,1.6677969779754984,19280.325746171486,1.9819715260255404,743.7999692604042,-743.7999692604042,pass_full,52.0,743.7999692604042,0.1843711958191534,0.004691602042929151,0.022292010335802175,1.0,1.0,38.0,none,0.0,38.48047138347459,705.3194978769295,20.0,543.0,140.0,29.062973983616615,0.08571724130828995,nonsingular_isothermal,1.0,0.01,2.0,0.3,1.0,0.0,strict_pass,1.0,none,none,,,1.0,1.0,1.0,1.0,1.0,1.0,0.0,0.0,0.0,0.0,0.0,4995.0,4995.0,1.0,inverse_phase_volume,geometric_mean,4995.0,4995.0,4995.0,0.0,540.0,0.0,0.0,6.165660486112866e+46,5.3405448950537774e+57,86617563634.6256,1.2171235630273232e-07,10542.427767172207,9.485481163208669e-05,8216092.682592745,86617563634.62614,0.0
146.30473879090266,266.93764576988633,1645.7466103310499,8.87138035660715,639.2665597723387,-639.2665597723387,pass_full,53.0,639.2665597723387,0.01416698019784235,1.309409890090467e-12,4.692272924378124e-13,1.0,1.0,59.0,none,0.0,29.046831217718132,610.2197285546207,20.0,543.0,119.0,28.635597423047674,0.07708669063284408,nonsingular_isothermal,1.0,0.01,2.0,0.3,1.0,0.0,strict_pass,1.0,none,none,,,1.0,1.0,1.0,1.0,1.0,1.0,0.0,0.0,0.0,0.0,0.0,4995.0,4995.0,1.0,inverse_phase_volume,geometric_mean,4995.0,4995.0,4995.0,0.0,540.0,0.0,0.0,1.6000400670320054e+38,7.333875307800398e+57,4.5835572864149406e+19,1.9347188222607757e-13,8867894.554937417,1.1276633859422985e-07,5168709729259.111,4.583557286414892e+19,0.0
63.922602781884954,863.9549852841125,18222.4500831541,18.258069873761347,554.3241340754448,-554.3241340754448,pass_full,54.0,554.3241340754448,0.15816580016382886,0.000100765032386343,0.0009852580944442425,1.0,1.0,51.0,none,0.0,13.022005121735937,541.3021289537085,20.0,543.0,143.0,54.5940554890037,0.045689338664976,nonsingular_isothermal,1.0,0.01,2.0,0.3,1.0,0.0,strict_pass,1.0,none,none,,,0.9995995995995997,1.0,0.9995995995995997,0.9968203497615262,0.9983539094650206,0.9981481481481481,0.0031796502384737746,0.0016460905349794386,0.0018518518518518823,0.0,0.0,4993.0,4995.0,1.0,inverse_phase_volume,geometric_mean,4993.0,4993.0,4993.0,0.0,540.0,0.0,0.0,4.220208740638271e+36,1.3747815335091431e+56,3.257615009112604e+19,2.286747861342551e-13,7449344.1551656425,1.3424000545156235e-07,4373022565823.6733,3.2576150091126043e+19,0.0
60.118741975336064,4.848916408905285,0.0,2.544962293267983,720.5291936641758,-720.5291936641758,pass_full,55.0,720.5291936641758,0.0036577953100049854,4.4332422786325794e-05,0.00040638054220798643,1.0,1.0,21.0,none,0.0,30.871112958534656,689.658080705641,20.0,543.0,3651.0,40.626239657506424,0.05760975934096137,nonsingular_isothermal,1.0,0.01,2.0,0.3,1.0,0.0,strict_pass,1.0,none,none,,,0.9985985985985986,1.0,0.9985985985985986,0.9888712241653418,0.994238683127572,0.9981481481481481,0.011128775834658211,0.0057613168724279795,0.0018518518518518823,0.0,0.0,4988.0,4995.0,1.0,inverse_phase_volume,geometric_mean,4988.0,4988.0,4988.0,0.0,540.0,0.0,0.0,4.3029980718721374e+40,2.5809539008818765e+56,5998036387125225.0,3.530045457960672e-12,21173.34110505441,4.7229201807988836e-05,283282470979.19977,5998036387125273.0,0.0
73.65283573802218,2.192429230651763,1774.788480316029,4.443866777415763,723.4775105518333,-723.4775105518333,pass_full,56.0,723.4775105518333,0.03896702633414861,1.24187861805804e-12,6.240807771818152e-13,1.0,1.0,33.0,none,0.0,33.77404617022861,689.7034643816053,20.0,543.0,101.0,38.262277172395315,0.05380555224633788,nonsingular_isothermal,1.0,0.01,2.0,0.3,1.0,0.0,strict_pass,1.0,none,none,,,0.9983983983983984,1.0,0.9983983983983984,0.9872813990461049,0.994238683127572,0.9962962962962963,0.012718600953895098,0.0057613168724279795,0.0037037037037036535,0.0,0.0,4987.0,4995.0,1.0,inverse_phase_volume,geometric_mean,4987.0,4987.0,4987.0,0.0,540.0,0.0,0.0,8.895736531976273e+42,5.87464530915439e+56,66038886021833.22,1.8409192425320653e-10,12157.225603297516,8.22556093496168e-05,5432068810.495808,66038886021833.516,0.0
107.89943567835338,206.8873822421349,3743.929999941205,16.770559584627797,617.6771827989679,-617.6771827989679,pass_full,57.0,617.6771827989679,0.06859597254845085,0.007758611747507961,0.0001923364191342156,1.0,1.0,18.0,none,0.0,31.73561236548108,585.9415704334872,20.0,543.0,87.0,34.08409237600054,0.06848983443244784,nonsingular_isothermal,1.0,0.01,2.0,0.3,1.0,0.0,strict_pass,1.0,none,none,,,1.0,1.0,1.0,1.0,1.0,1.0,0.0,0.0,0.0,0.0,0.0,4995.0,4995.0,1.0,inverse_phase_volume,geometric_mean,4995.0,4995.0,4995.0,0.0,540.0,0.0,0.0,2.0854368533371645e+39,1.677131043399158e+57,8.042108974507543e+17,2.5291868090995997e-12,2033999.593566609,4.916421828022613e-07,395384001056.0564,8.042108974507584e+17,0.0
69.15317823884422,11.652227934521633,135650.37417354793,18.66752852779846,715.0267580241424,-715.0267580241424,pass_full,58.0,715.0267580241424,0.13648240592817729,0.008031812399123128,0.06574187185948932,1.0,1.0,66.0,none,0.0,32.86888123325554,682.1578767908875,20.0,543.0,192.0,48.49394835280043,0.04539625250873053,nonsingular_isothermal,1.0,0.01,2.0,0.3,1.0,0.0,strict_pass,1.0,none,none,,,0.9983983983983984,1.0,0.9983983983983984,0.9872813990461049,0.994238683127572,0.9962962962962963,0.012718600953895098,0.0057613168724279795,0.0037037037037036535,0.0,0.0,4987.0,4995.0,1.0,inverse_phase_volume,geometric_mean,4987.0,4987.0,4987.0,0.0,540.0,0.0,0.0,1.4868656934134638e+40,3.5881278291214188e+56,2.41321583046549e+16,8.088184163152719e-13,19518.534062240455,5.123335578436437e-05,1236371452266.9905,2.413215830465495e+16,0.0
59.37893719581264,4.891126153611594,168172.47737418744,5.660966973820895,705.9957904458494,-705.9957904458494,pass_full,59.0,705.9957904458494,0.20134426236450054,0.001437370415114445,0.01405428850334124,1.0,1.0,33.0,none,0.0,29.789978949047576,676.2058114968023,20.0,543.0,186.0,38.16442777919846,0.081973285207869,nonsingular_isothermal,1.0,0.01,2.0,0.3,1.0,0.0,strict_pass,1.0,none,none,,,0.9983983983983984,1.0,0.9983983983983984,0.9872813990461049,0.994238683127572,0.9962962962962963,0.012718600953895098,0.0057613168724279795,0.0037037037037036535,0.0,0.0,4987.0,4995.0,1.0,inverse_phase_volume,geometric_mean,4987.0,4987.0,4987.0,0.0,540.0,0.0,0.0,2.656029266705809e+42,2.5291675737907124e+56,95223633470257.69,1.5375518493920853e-10,14641.12737480294,6.830075132882036e-05,6503845710.278832,95223633470258.08,0.0
176.63156862711455,198.19358586766018,141446.05010213095,14.810298310995712,774.3384095999182,-1000000.0,solver_failed_full,60.0,774.3384095999182,1.2177409605478715,1.8294279204940593,3.0712064830572077,0.0,0.0,16.0,line_search_failed,2.0,28.73340523546312,745.605004364455,20.0,543.0,68.0,26.47981019218964,0.08066644788254931,nonsingular_isothermal,1.0,0.01,2.0,0.3,1.0,0.0,strict_pass,1.0,none,none,,,0.998998998998999,1.0,0.998998998998999,0.9920508744038156,0.9958847736625515,0.9944444444444445,0.007949125596184436,0.004115226337448541,0.005555555555555536,0.0,0.0,4990.0,4995.0,1.0,inverse_phase_volume,geometric_mean,4990.0,4990.0,4990.0,0.0,540.0,0.0,0.0,2.9294803782677474e+39,1.2281645026890031e+58,4.1924312304670157e+18,1.9930019594272944e-13,835552.3657085071,1.1968130796351098e-06,5017556532093.718,4.192431230467079e+18,0.0
63.922602781884954,863.9549852841125,0.0,18.258069873761347,560.2642697176067,-560.2642697176067,pass_no_bh,54.0,560.2642697176067,0.01629266559154985,5.886211596561349e-07,7.237257908011236e-06,1.0,1.0,39.0,none,0.0,14.182134479506113,546.0821352381007,20.0,543.0,174.0,43.79753545754212,0.04820942449718255,nonsingular_isothermal,1.0,0.01,2.0,0.3,1.0,0.0,strict_pass,1.0,none,none,,,1.0,1.0,1.0,1.0,1.0,1.0,0.0,0.0,0.0,0.0,0.0,4995.0,4995.0,1.0,inverse_phase_volume,geometric_mean,4995.0,4995.0,4995.0,0.0,540.0,0.0,0.0,4.966939841865778e+33,1.3851740483317367e+56,2.788787648797878e+22,3.925253364994513e-15,109466981.02699086,9.135174740531428e-09,254760624860045.9,2.7887876487978982e+22,0.0
0.0,863.9549852841125,18222.4500831541,18.258069873761347,2079.8657212474122,-2079.8657212474122,pass_no_halo,54.0,2079.8657212474122,0.0707496078512122,0.009298725607850245,0.08085297973473296,1.0,1.0,74.0,none,0.0,21.87982520304759,2057.9858960443644,20.0,543.0,66.0,15.978635579372817,0.1759919396456691,none,1.0,0.01,2.0,0.3,1.0,0.0,severe_coverage_warn,0.0,multiple,multiple,3;4;5;6;7;8,total orbit coverage 0.653 is below 0.85 | shell_band minimum coverage 0.279 is below 0.8 | shell_band coverage gap 0.712 exceeds 0.1 | Lfrac minimum coverage 0.433 is below 0.8 | Lfrac coverage gap 0.567 exceeds 0.1 | third_integral minimum coverage 0.511 is below 0.8 | third_integral coverage gap 0.4 exceeds 0.1 | 43 planned shell-band/Lfrac/third-integral cells have no successful orbit,0.6534534534534534,1.0,0.6534534534534534,0.27871621621621623,0.43292181069958846,0.5111111111111111,0.7117448330683624,0.5670781893004115,0.4,43.0,0.0,3264.0,4995.0,1.0,inverse_phase_volume,geometric_mean,3264.0,3264.0,3264.0,0.0,540.0,0.0,0.0,9.04152826311004e+36,9.923293208147804e+51,1097523883062492.5,3.3873173348532265e-11,37176.6167451304,2.6898628426993307e-05,29521887120.249107,1097523883062502.5,0.0
127.84520556376991,863.9549852841125,0.0,18.258069873761347,540.9510920013176,-540.9510920013176,pass_no_bh_halo_up,54.0,540.9510920013176,0.06329373554797257,0.0005959857163683998,0.0015817344437880116,1.0,1.0,36.0,none,0.0,19.646258344310358,521.3048336570073,20.0,543.0,157.0,48.868869772844164,0.04681414912166524,nonsingular_isothermal,1.0,0.01,2.0,0.3,1.0,0.0,strict_pass,1.0,none,none,,,1.0,1.0,1.0,1.0,1.0,1.0,0.0,0.0,0.0,0.0,0.0,4995.0,4995.0,1.0,inverse_phase_volume,geometric_mean,4995.0,4995.0,4995.0,0.0,540.0,0.0,0.0,1.0406987440710006e+35,1.9473648899270874e+57,1.871209032413544e+22,7.432980937909781e-15,139086610.68774393,7.1897646729277745e-09,134535525969101.8,1.8712090324135326e+22,0.0
31.961301390942477,863.9549852841125,0.0,18.258069873761347,522.834496076089,-522.834496076089,pass_no_bh_halo_down,54.0,522.834496076089,0.07261958273488744,0.00030189592598674106,0.0020319620758573465,1.0,1.0,23.0,none,0.0,5.569217124841053,517.2652789512481,20.0,543.0,93.0,38.02884725097946,0.05541142525619218,nonsingular_isothermal,1.0,0.01,2.0,0.3,1.0,0.0,strict_pass,1.0,none,none,,,1.0,1.0,1.0,1.0,1.0,1.0,0.0,0.0,0.0,0.0,0.0,4995.0,4995.0,1.0,inverse_phase_volume,geometric_mean,4995.0,4995.0,4995.0,0.0,540.0,2.0,8.0,3.3091022855618706e+32,6.836640687806661e+54,2.0660106874411196e+22,1.820498437986371e-15,37611692.29349673,2.6587476899381782e-08,549300114262161.4,2.0660106874411008e+22,0.0
63.922602781884954,1727.909970568225,0.0,18.258069873761347,481.70838960864455,-481.70838960864455,pass_no_bh_halo_scale_up,54.0,481.70838960864455,0.026388450921444928,0.0009628704878004339,0.00423480217967352,1.0,1.0,25.0,none,0.0,6.571384237945019,475.1370053706995,20.0,543.0,154.0,40.16101748638316,0.07537948434669069,nonsingular_isothermal,1.0,0.01,2.0,0.3,1.0,0.0,strict_pass,1.0,none,none,,,1.0,1.0,1.0,1.0,1.0,1.0,0.0,0.0,0.0,0.0,0.0,4995.0,4995.0,1.0,inverse_phase_volume,geometric_mean,4995.0,4995.0,4995.0,0.0,540.0,0.0,0.0,3.437238998718366e+32,3.60843610365053e+55,1.0498065758581228e+23,1.6830438586224443e-15,176687051.0239461,5.659724321645233e-09,594161581040728.6,1.049806575858117e+23,0.0
63.922602781884954,431.97749264205623,0.0,18.258069873761347,645.503237141349,-645.503237141349,pass_no_bh_halo_scale_down,54.0,645.503237141349,0.047291431314988586,1.3169983175454445e-06,1.3075911867058344e-05,1.0,1.0,38.0,none,0.0,17.453583725815,628.0496534155338,20.0,543.0,184.0,39.97101345312155,0.09118700145078426,nonsingular_isothermal,1.0,0.01,2.0,0.3,1.0,0.0,strict_pass,1.0,none,none,,,1.0,1.0,1.0,1.0,1.0,1.0,0.0,0.0,0.0,0.0,0.0,4995.0,4995.0,1.0,inverse_phase_volume,geometric_mean,4995.0,4995.0,4995.0,0.0,540.0,0.0,0.0,9.958697703794045e+34,1.8468210240308356e+56,1.8544804541333124e+21,1.0652820301937674e-14,19755447.031338282,5.061895073362243e-08,93871854744241.48,1.8544804541333438e+21,0.0
63.922602781884954,863.9549852841125,0.0,20.0,548.1343814224762,-548.1343814224762,pass_no_bh_ml_up,54.0,548.1343814224762,0.22524627312020584,6.314087992345674e-05,0.000522181015532157,1.0,1.0,54.0,none,0.0,13.042979326920872,535.0914020955554,20.0,543.0,152.0,41.13508668660125,0.05493299314829849,nonsingular_isothermal,1.0,0.01,2.0,0.3,1.0,0.0,strict_pass,1.0,none,none,,,1.0,1.0,1.0,1.0,1.0,1.0,0.0,0.0,0.0,0.0,0.0,4995.0,4995.0,1.0,inverse_phase_volume,geometric_mean,4995.0,4995.0,4995.0,0.0,540.0,0.0,0.0,5.2492892190819e+33,1.2643128952618723e+56,2.4085411233694617e+22,4.0546566594148554e-15,97658073.0534454,1.0239808842559584e-08,246630006927470.44,2.4085411233694654e+22,0.0
63.922602781884954,863.9549852841125,0.0,9.129034936880673,555.416972760288,-555.416972760288,pass_no_bh_ml_down,54.0,555.416972760288,0.12403588079814654,0.009684676956226188,0.06708362937518347,1.0,1.0,57.0,none,0.0,14.622309108586963,540.7946636517011,20.0,543.0,167.0,43.48216209067716,0.07384587923053619,nonsingular_isothermal,1.0,0.01,2.0,0.3,1.0,0.0,strict_pass,1.0,none,none,,,1.0,1.0,1.0,1.0,1.0,1.0,0.0,0.0,0.0,0.0,0.0,4995.0,4995.0,1.0,inverse_phase_volume,geometric_mean,4995.0,4995.0,4995.0,0.0,540.0,0.0,0.0,4.170469050895453e+33,1.3539394584533412e+56,3.2464920418547e+22,4.166302762860571e-15,135258687.6358412,7.3932404452445496e-09,240020962690047.78,3.2464920418547065e+22,0.0
145.89489271315387,2659.8029130546097,2335702.3676866437,18.49812410158524,516.9295601301956,-516.9295601301956,pass_full,61.0,516.9295601301956,0.0608528474515424,0.001054301634020399,0.009664431645186992,1.0,1.0,45.0,none,0.0,10.367338519386898,506.5622216108087,20.0,543.0,133.0,39.624538863215456,0.08443344341373697,nonsingular_isothermal,1.0,0.01,2.0,0.3,1.0,0.0,strict_pass,1.0,none,none,,,0.9911911911911911,1.0,0.9911911911911911,0.9379968203497615,0.9679012345679012,0.9740740740740741,0.062003179650238494,0.032098765432098775,0.025925925925925908,0.0,0.0,4951.0,4995.0,1.0,inverse_phase_volume,geometric_mean,4951.0,4951.0,4951.0,0.0,540.0,0.0,0.0,5.641366161763223e+42,1.835756086031038e+56,32540984459999.457,1.562913774111989e-08,508587.5283569738,1.966229890124454e-06,63983056.299326345,32540984459999.484,0.0
159.66304907347327,31.393908646421423,93190.54653572,12.008326339535543,824.1556861895413,-824.1556861895413,pass_full,62.0,824.1556861895413,0.05565277951370717,0.009274072790133285,0.06242073037818666,1.0,1.0,31.0,none,0.0,35.01971606728522,789.1359701222559,20.0,543.0,87.0,33.12778580347009,0.07120209060255636,nonsingular_isothermal,1.0,0.01,2.0,0.3,1.0,0.0,strict_pass,1.0,none,none,,,0.9983983983983984,1.0,0.9983983983983984,0.9872813990461049,0.9934156378600824,0.9981481481481481,0.012718600953895098,0.006584362139917643,0.0018518518518518823,0.0,0.0,4987.0,4995.0,1.0,inverse_phase_volume,geometric_mean,4987.0,4987.0,4987.0,0.0,540.0,0.0,0.0,3.45582684250178e+42,7.849892584348312e+57,2271494765827309.5,2.2580895798224484e-11,51292.38661335803,1.949607078216109e-05,44285222735.87698,2271494765827275.0,0.0
98.30057854999367,9.804179504477597,27034.873166218094,11.898552022097702,717.2031163537079,-717.2031163537079,pass_full,63.0,717.2031163537079,0.05648953887407515,1.1546018934420905e-09,9.460300972007057e-09,1.0,1.0,41.0,none,0.0,37.218044263162604,679.985072090545,20.0,543.0,153.0,36.1798682764558,0.06151265597674196,nonsingular_isothermal,1.0,0.01,2.0,0.3,1.0,0.0,strict_pass,1.0,none,none,,,1.0,1.0,1.0,1.0,1.0,1.0,0.0,0.0,0.0,0.0,0.0,4995.0,4995.0,1.0,inverse_phase_volume,geometric_mean,4995.0,4995.0,4995.0,0.0,540.0,0.0,0.0,4.082492083788399e+40,1.146402144639527e+57,2.808093980615166e+16,6.041824381301033e-13,16966.01067706521,5.894137514317423e-05,1655129207487.2627,2.808093980615138e+16,0.0
157.4021374216678,1003.2084544834759,3406.563532821341,6.201938466292234,511.2187461559647,-1000000.0,solver_failed_full,64.0,511.2187461559647,69.20133705916328,11.365241051514317,7.620762332268812,0.0,0.0,18.0,line_search_failed,2.0,20.701960232935605,490.51678592302926,20.0,543.0,257.0,37.857653468594926,0.10547053548963983,nonsingular_isothermal,1.0,0.01,2.0,0.3,1.0,0.0,strict_pass,1.0,none,none,,,0.9965965965965966,1.0,0.9965965965965966,0.972972972972973,0.9934156378600824,0.9944444444444445,0.027027027027026973,0.006584362139917643,0.005555555555555536,0.0,0.0,4978.0,4995.0,1.0,inverse_phase_volume,geometric_mean,4978.0,4978.0,4978.0,0.0,540.0,0.0,0.0,7.048076875320102e+35,3.9906704524331256e+57,5.662069984518836e+21,1.5943742256248664e-14,90274584.47000957,1.1077314903977359e-08,62720532226872.92,5.662069984518797e+21,0.0
37.12448523546692,557.3218390405069,2754.4561467894337,11.592581658121858,535.6571192130973,-535.6571192130973,pass_full,65.0,535.6571192130973,0.22882416140839723,0.0019774044316321158,0.0222457998558613,1.0,1.0,57.0,none,0.0,7.883579097635445,527.7735401154619,20.0,543.0,181.0,57.558706317691914,0.038941595370943036,nonsingular_isothermal,1.0,0.01,2.0,0.3,1.0,0.0,strict_pass,1.0,none,none,,,0.9951951951951952,1.0,0.9951951951951952,0.9618441971383148,0.9934156378600824,0.9944444444444445,0.038155802861685184,0.006584362139917643,0.005555555555555536,0.0,0.0,4971.0,4995.0,1.0,inverse_phase_volume,geometric_mean,4971.0,4971.0,4971.0,0.0,540.0,0.0,0.0,5.002884899511151e+37,2.4468189074584384e+55,4.890815912429897e+17,1.2615724527350431e-11,6170118.6265197415,1.6207143825434853e-07,79266156916.47646,4.8908159124298797e+17,0.0
69.9567192665729,1034.28506450974,9696.97017862325,18.884850300867733,553.8556399111261,-553.8556399111261,pass_full,66.0,553.8556399111261,0.15483375352732764,0.0030573839236872702,0.02175207921139988,1.0,1.0,48.0,none,0.0,11.522718712994495,542.3329211981315,20.0,543.0,147.0,45.78996687624064,0.057606243037179865,nonsingular_isothermal,1.0,0.01,2.0,0.3,1.0,0.0,strict_pass,1.0,none,none,,,1.0,1.0,1.0,1.0,1.0,1.0,0.0,0.0,0.0,0.0,0.0,4995.0,4995.0,1.0,inverse_phase_volume,geometric_mean,4995.0,4995.0,4995.0,0.0,540.0,0.0,0.0,2.606865376251286e+37,1.180356058020718e+56,4.5278750056440924e+18,2.190919414045459e-12,9920209.254236795,1.0080432522861478e-07,456429384663.46124,4.527875005644074e+18,0.0
47.11707876270681,19.37325142433488,3746.8579908690363,15.174250471809906,748.6365655934833,-748.6365655934833,pass_full,67.0,748.6365655934833,0.19432715107041076,0.0017892645150824533,0.01776484054260436,1.0,1.0,54.0,none,0.0,25.52504467483049,723.1115209186528,20.0,543.0,176.0,41.125012150660154,0.08696824494190282,nonsingular_isothermal,1.0,0.01,2.0,0.3,1.0,0.0,strict_pass,1.0,none,none,,,1.0,1.0,1.0,1.0,1.0,1.0,0.0,0.0,0.0,0.0,0.0,4995.0,4995.0,1.0,inverse_phase_volume,geometric_mean,4995.0,4995.0,4995.0,0.0,540.0,0.0,0.0,5.611184874171097e+41,7.345233247290982e+55,130903426139136.88,2.9685481772620124e-10,38859.312706268924,2.5733857095179053e-05,3368650061.5338917,130903426139137.55,0.0
94.81228069877756,19.02079888100012,4425.124584593955,15.506844649024945,734.7062675451344,-734.7062675451344,pass_full,68.0,734.7062675451344,0.006726480404495305,0.0020577081414026085,0.020119812938158836,1.0,1.0,21.0,none,0.0,35.669708356796434,699.0365591883383,20.0,543.0,90.0,32.190355696732915,0.06723322202621923,nonsingular_isothermal,1.0,0.01,2.0,0.3,1.0,0.0,strict_pass,1.0,none,none,,,1.0,1.0,1.0,1.0,1.0,1.0,0.0,0.0,0.0,0.0,0.0,4995.0,4995.0,1.0,inverse_phase_volume,geometric_mean,4995.0,4995.0,4995.0,0.0,540.0,0.0,0.0,3.546320622681658e+40,1.1759861473930515e+57,3.316073960915e+16,1.2477070339013506e-12,41374.88805970731,2.416924968006969e-05,801470195189.3176,3.3160739609149784e+16,0.0
73.43908100917271,16.888880091777484,149246.7830499611,14.831613254300613,717.5163477530161,-717.5163477530161,pass_full,69.0,717.5163477530161,0.28474265835563983,0.005390444290649149,0.05636008975000944,1.0,1.0,57.0,none,0.0,33.045936608824796,684.4704111441915,20.0,543.0,139.0,40.77292436419351,0.049957768356774734,nonsingular_isothermal,1.0,0.01,2.0,0.3,1.0,0.0,strict_pass,1.0,none,none,,,0.9985985985985986,1.0,0.9985985985985986,0.9888712241653418,0.994238683127572,0.9981481481481481,0.011128775834658211,0.0057613168724279795,0.0018518518518518823,0.0,0.0,4988.0,4995.0,1.0,inverse_phase_volume,geometric_mean,4988.0,4988.0,4988.0,0.0,540.0,0.0,0.0,9.923478132329035e+39,3.8898012204833446e+56,3.919796233349899e+16,5.553776584690627e-13,21769.672537537313,4.593546358015749e-05,1800576571186.8386,3.9197962333499224e+16,0.0
40.1150552240404,15.326967398934098,3105.000908412615,4.6342769274309585,819.6453952514541,-819.6453952514541,pass_full,70.0,819.6453952514541,0.047120055720370146,0.0034260286532961115,0.024464340618968204,1.0,1.0,48.0,none,0.0,19.7740416345863,799.8713536168681,20.0,543.0,144.0,43.85256696911941,0.052488181626944096,nonsingular_isothermal,1.0,0.01,2.0,0.3,1.0,0.0,strict_pass,1.0,none,none,,,1.0,1.0,1.0,1.0,1.0,1.0,0.0,0.0,0.0,0.0,0.0,4995.0,4995.0,1.0,inverse_phase_volume,geometric_mean,4995.0,4995.0,4995.0,0.0,540.0,0.0,0.0,6.50586001778605e+41,3.476474439332087e+55,53436047345438.19,5.175742651167679e-10,27657.12293555999,3.6157050837498924e-05,1932089880.4240081,53436047345438.195,0.0
148.68155474746172,5.441515376705791,1129.9199775579755,16.3456820173175,797.0911794695709,-797.0911794695709,pass_full,71.0,797.0911794695709,0.036974290976786506,2.854267175347997e-12,6.368563520500555e-13,1.0,1.0,39.0,none,0.0,37.95677340423658,759.134406065334,20.0,543.0,158.0,26.32577220088935,0.11421975679083289,nonsingular_isothermal,1.0,0.01,2.0,0.3,1.0,0.0,strict_pass,1.0,none,none,,,1.0,1.0,1.0,1.0,1.0,1.0,0.0,0.0,0.0,0.0,0.0,4995.0,4995.0,1.0,inverse_phase_volume,geometric_mean,4995.0,4995.0,4995.0,0.0,540.0,0.0,0.0,1.2498842175828983e+44,8.644606417944178e+57,69163257654870.15,2.6604641032400903e-10,18400.636425392597,5.4345946351073774e-05,3758742689.977036,69163257654869.6,0.0
104.71865115840511,182.58275666684244,967413.2465082882,16.05896400886942,639.6039756346694,-1000000.0,solver_failed_full,72.0,639.6039756346694,48.781564417003096,1.5125162294389098,2.8921326159778205,0.0,0.0,16.0,line_search_failed,2.0,28.839845742464405,610.7641298922049,20.0,543.0,91.0,42.74713825241801,0.0750355439544241,nonsingular_isothermal,1.0,0.01,2.0,0.3,1.0,0.0,strict_pass,1.0,none,none,,,0.9957957957957958,1.0,0.9957957957957958,0.9713831478537361,0.9851851851851852,0.9796296296296296,0.02861685214626386,0.014814814814814836,0.020370370370370372,0.0,0.0,4974.0,4995.0,1.0,inverse_phase_volume,geometric_mean,4974.0,4974.0,4974.0,0.0,540.0,0.0,0.0,1.0669452385032958e+44,1.363635009195681e+57,12780740379033.695,1.2866661277836443e-08,164445.45733699496,6.081043625003997e-06,77720239.8047547,12780740379033.807,0.0
145.89489271315387,2659.8029130546097,0.0,18.49812410158524,504.9622237404062,-504.9622237404062,pass_no_bh,61.0,504.9622237404062,0.13201348194161255,0.00340822134799305,0.031242029023269623,1.0,1.0,30.0,none,0.0,7.850357666931552,497.1118660734747,20.0,543.0,512.0,32.477982387469474,0.11231933274751649,nonsingular_isothermal,1.0,0.01,2.0,0.3,1.0,0.0,strict_pass,1.0,none,none,,,1.0,1.0,1.0,1.0,1.0,1.0,0.0,0.0,0.0,0.0,0.0,4995.0,4995.0,1.0,inverse_phase_volume,geometric_mean,4995.0,4995.0,4995.0,0.0,540.0,0.0,0.0,4.19126717722098e+32,4.127386032700762e+56,9.847585129224393e+23,6.827304821423564e-16,672324654.3213224,1.4873766618144462e-09,1464706829643926.2,9.847585129224327e+23,0.0
37.12448523546692,557.3218390405069,0.0,11.592581658121858,533.8354887295825,-533.8354887295825,pass_no_bh,65.0,533.8354887295825,0.22950136302972624,0.0008024964025507847,0.005401339056383163,1.0,1.0,53.0,none,0.0,7.423355715648177,526.4121330139343,20.0,543.0,175.0,53.21158538278256,0.04237323865069597,nonsingular_isothermal,1.0,0.01,2.0,0.3,1.0,0.0,strict_pass,1.0,none,none,,,1.0,1.0,1.0,1.0,1.0,1.0,0.0,0.0,0.0,0.0,0.0,4995.0,4995.0,1.0,inverse_phase_volume,geometric_mean,4995.0,4995.0,4995.0,0.0,540.0,0.0,0.0,4.1411080260578357e+33,2.4468996509810946e+55,5.908804203087748e+21,6.676358645360466e-15,39449296.025027364,2.534899480501709e-08,149782247047935.3,5.908804203087781e+21,0.0
0.0,2659.8029130546097,2335702.3676866437,18.49812410158524,1289.0957699191276,-1289.0957699191276,pass_no_halo,61.0,1289.0957699191276,0.26506897296599163,0.00685583797090238,0.05611630339146023,1.0,1.0,39.0,none,0.0,14.380911615482379,1274.7148583036453,20.0,543.0,61.0,21.631837687313325,0.08820967556453897,none,1.0,0.01,2.0,0.3,1.0,0.0,severe_coverage_warn,0.0,multiple,multiple,1;2;4;5;6;7;8,total orbit coverage 0.717 is below 0.85 | shell_band minimum coverage 0.48 is below 0.8 | shell_band coverage gap 0.425 exceeds 0.1 | Lfrac minimum coverage 0.452 is below 0.8 | Lfrac coverage gap 0.548 exceeds 0.1 | third_integral minimum coverage 0.531 is below 0.8 | third_integral coverage gap 0.469 exceeds 0.1 | 32 planned shell-band/Lfrac/third-integral cells have no successful orbit,0.716916916916917,1.0,0.716916916916917,0.4797297297297297,0.45185185185185184,0.5314814814814814,0.42488076311605727,0.5481481481481482,0.46851851851851856,32.0,0.0,3581.0,4995.0,1.0,inverse_phase_volume,geometric_mean,3581.0,3581.0,3581.0,0.0,540.0,0.0,0.0,2.3339145946729676e+43,3.087940200579276e+52,1323073349.6535523,5.877199968891098e-07,777.5966649424491,0.0012860137460517674,1701490.514689223,1323073349.6535509,0.0
0.0,557.3218390405069,2754.4561467894337,11.592581658121858,2621.3179780429386,-2621.3179780429386,pass_no_halo,65.0,2621.3179780429386,0.19145055121816767,0.0021405838295613234,0.022944701634407216,1.0,1.0,88.0,none,0.0,23.36883432643871,2597.9491437165007,20.0,543.0,50.0,15.974714930539673,0.1257306528811571,none,1.0,0.01,2.0,0.3,1.0,0.0,severe_coverage_warn,0.0,multiple,multiple,3;4;5;6;7;8,total orbit coverage 0.663 is below 0.85 | shell_band minimum coverage 0.292 is below 0.8 | shell_band coverage gap 0.708 exceeds 0.1 | Lfrac minimum coverage 0.442 is below 0.8 | Lfrac coverage gap 0.558 exceeds 0.1 | third_integral minimum coverage 0.522 is below 0.8 | third_integral coverage gap 0.392 exceeds 0.1 | 41 planned shell-band/Lfrac/third-integral cells have no successful orbit,0.6626626626626627,1.0,0.6626626626626627,0.2922297297297297,0.4419753086419753,0.5222222222222223,0.7077702702702703,0.5580246913580247,0.3918518518518518,41.0,0.0,3310.0,4995.0,1.0,inverse_phase_volume,geometric_mean,3310.0,3310.0,3310.0,0.0,540.0,1.0,9.0,8.587787183152715e+36,3.215253184033495e+51,374398330496718.7,2.1472614301095693e-10,80393.10945730278,1.243887699767485e-05,4657094781.183549,374398330496722.6,0.0
0.0,1034.28506450974,9696.97017862325,18.884850300867733,2230.8188467134732,-2230.8188467134732,pass_no_halo,66.0,2230.8188467134732,0.0849432903678462,4.644784024609951e-08,7.755224624885169e-09,1.0,1.0,18.0,none,0.0,19.308505887600933,2211.5103408258724,20.0,543.0,502.0,11.06626564850806,0.15732165351073527,none,1.0,0.01,2.0,0.3,1.0,0.0,severe_coverage_warn,0.0,multiple,multiple,3;4;5;6;7;8,total orbit coverage 0.658 is below 0.85 | shell_band minimum coverage 0.292 is below 0.8 | shell_band coverage gap 0.701 exceeds 0.1 | Lfrac minimum coverage 0.432 is below 0.8 | Lfrac coverage gap 0.568 exceeds 0.1 | third_integral minimum coverage 0.517 is below 0.8 | third_integral coverage gap 0.394 exceeds 0.1 | 38 planned shell-band/Lfrac/third-integral cells have no successful orbit,0.6578578578578579,1.0,0.6578578578578579,0.2922297297297297,0.43209876543209874,0.5166666666666667,0.7014109697933227,0.5679012345679013,0.3944444444444444,38.0,0.0,3286.0,4995.0,1.0,inverse_phase_volume,geometric_mean,3286.0,3286.0,3286.0,0.0,540.0,0.0,0.0,1.4845370886119303e+38,9.890927387853829e+51,66626340720810.34,8.265985041386364e-10,55073.233576052604,1.8157640927676132e-05,1209777171.1334732,66626340720809.92,0.0
200.0,2659.8029130546097,0.0,18.49812410158524,545.8069892562413,-545.8069892562413,pass_no_bh_halo_up,61.0,545.8069892562413,0.20362647802824085,0.0020838074327051946,0.017379441515577417,1.0,1.0,28.0,none,0.0,15.846632430288862,529.9603568259524,20.0,543.0,88.0,37.652673480195375,0.053389968777187546,nonsingular_isothermal,1.0,0.01,2.0,0.3,1.0,0.0,strict_pass,1.0,none,none,,,1.0,1.0,1.0,1.0,1.0,1.0,0.0,0.0,0.0,0.0,0.0,4995.0,4995.0,1.0,inverse_phase_volume,geometric_mean,4995.0,4995.0,4995.0,0.0,540.0,0.0,0.0,5.610895541550853e+33,1.4436691086950779e+57,2.572974488660766e+23,3.430895904140135e-15,882760763.460326,1.1328097502658694e-09,291469058794024.8,2.5729744886607598e+23,0.0
72.94744635657693,2659.8029130546097,0.0,18.49812410158524,537.9855815477083,-537.9855815477083,pass_no_bh_halo_down,61.0,537.9855815477083,0.2052300293563576,0.000839350804988744,0.0015884611301291535,1.0,1.0,45.0,none,0.0,5.463176685370495,532.5224048623379,20.0,543.0,132.0,33.753921067934044,0.0636571138943455,nonsingular_isothermal,1.0,0.01,2.0,0.3,1.0,0.0,strict_pass,1.0,none,none,,,1.0,1.0,1.0,1.0,1.0,1.0,0.0,0.0,0.0,0.0,0.0,4995.0,4995.0,1.0,inverse_phase_volume,geometric_mean,4995.0,4995.0,4995.0,0.0,540.0,1.0,8.0,8.415615514499046e+30,1.5906704131301254e+55,1.8901414999171488e+24,7.95271811686934e-17,150317625.49837747,6.652579806822414e-09,1.2574317174385896e+16,1.8901414999171552e+24,0.0
145.89489271315387,5000.0,0.0,18.49812410158524,527.2218088364689,-527.2218088364689,pass_no_bh_halo_scale_up,61.0,527.2218088364689,0.003773228630166159,3.809283945916483e-10,3.724633191562783e-09,1.0,1.0,17.0,none,0.0,4.766734099120541,522.4550747373484,20.0,543.0,3027.0,35.91693108012761,0.0558910743774189,nonsingular_isothermal,1.0,0.01,2.0,0.3,1.0,0.0,strict_pass,1.0,none,none,,,1.0,1.0,1.0,1.0,1.0,1.0,0.0,0.0,0.0,0.0,0.0,4995.0,4995.0,1.0,inverse_phase_volume,geometric_mean,4995.0,4995.0,4995.0,0.0,540.0,0.0,0.0,5.092055865709688e+30,2.979908991332764e+55,5.852074427147804e+24,4.070229573151758e-17,238192863.97662175,4.198278585281835e-09,2.4568638746970136e+16,5.852074427147815e+24,0.0
145.89489271315387,1329.9014565273048,0.0,18.49812410158524,550.5859185284879,-550.5859185284879,pass_no_bh_halo_scale_down,61.0,550.5859185284879,0.25701286551839075,0.003286061016666175,0.033638887775872164,1.0,1.0,66.0,none,0.0,20.088554234871825,530.4973642936161,20.0,543.0,160.0,34.39447241892374,0.08136468179017509,nonsingular_isothermal,1.0,0.01,2.0,0.3,1.0,0.0,strict_pass,1.0,none,none,,,0.9973973973973974,1.0,0.9973973973973974,0.9793322734499205,0.9934156378600824,0.9962962962962963,0.020667726550079535,0.006584362139917643,0.0037037037037036535,0.0,0.0,4982.0,4995.0,1.0,inverse_phase_volume,geometric_mean,4982.0,4982.0,4982.0,0.0,540.0,0.0,0.0,7.914968633671709e+33,1.6175056495579336e+57,2.043603360191185e+23,1.568207196954742e-15,320479349.7172676,3.1203258521406053e-09,637670839632589.5,2.043603360191163e+23,0.0
145.89489271315387,2659.8029130546097,0.0,20.0,496.1856083711022,-496.1856083711022,pass_no_bh_ml_up,61.0,496.1856083711022,0.05102476002412004,0.005799187334309567,0.06524085751098262,1.0,1.0,49.0,none,0.0,8.169352722568286,488.01625564853384,20.0,543.0,155.0,38.194434278000195,0.06351648976652753,nonsingular_isothermal,1.0,0.01,2.0,0.3,1.0,0.0,strict_pass,1.0,none,none,,,0.9941941941941942,1.0,0.9941941941941942,0.9538950715421304,0.9934156378600824,0.9925925925925926,0.04610492845786962,0.006584362139917643,0.007407407407407418,0.0,0.0,4966.0,4995.0,1.0,inverse_phase_volume,geometric_mean,4966.0,4966.0,4966.0,0.0,540.0,0.0,0.0,2.056432680927258e+31,3.788146242517731e+56,1.8420959157338584e+25,3.268262830176348e-17,602045361.1012648,1.6610044103168476e-09,3.0597294402605996e+16,1.8420959157338638e+25,0.0
145.89489271315387,2659.8029130546097,0.0,9.24906205079262,508.1239068143248,-508.1239068143248,pass_no_bh_ml_down,61.0,508.1239068143248,0.22515488106648718,0.004361941378693985,0.043140115583525006,1.0,1.0,26.0,none,0.0,6.145376729177169,501.9785300851476,20.0,543.0,3157.0,52.28714337001566,0.043089381075179976,nonsingular_isothermal,1.0,0.01,2.0,0.3,1.0,0.0,strict_pass,1.0,none,none,,,1.0,1.0,1.0,1.0,1.0,1.0,0.0,0.0,0.0,0.0,0.0,4995.0,4995.0,1.0,inverse_phase_volume,geometric_mean,4995.0,4995.0,4995.0,0.0,540.0,0.0,0.0,1.5546007629516762e+33,4.084172107001535e+56,2.6271517448936752e+23,3.4582145791744312e-15,908525446.5894848,1.100684635475981e-09,289166556066838.06,2.6271517448936735e+23,0.0
74.24897047093384,557.3218390405069,0.0,11.592581658121858,670.2060015778048,-670.2060015778048,pass_no_bh_halo_up,65.0,670.2060015778048,0.014808827871206631,0.002568178649085884,0.03083613811466425,1.0,1.0,27.0,none,0.0,22.841042039859758,647.3649595379453,20.0,543.0,1001.0,32.19581718346826,0.09942339835519917,nonsingular_isothermal,1.0,0.01,2.0,0.3,1.0,0.0,strict_pass,1.0,none,none,,,1.0,1.0,1.0,1.0,1.0,1.0,0.0,0.0,0.0,0.0,0.0,4995.0,4995.0,1.0,inverse_phase_volume,geometric_mean,4995.0,4995.0,4995.0,0.0,540.0,0.0,0.0,8.740033288782843e+34,4.231094402608295e+56,4.841050672013546e+21,1.2513688018314096e-14,60579397.79042692,1.6507262146439252e-08,79912492507123.0,4.841050672013515e+21,0.0
18.56224261773346,557.3218390405069,0.0,11.592581658121858,561.3693372124023,-561.3693372124023,pass_no_bh_halo_down,65.0,561.3693372124023,0.07758614909459993,0.0005499041593126804,0.006186421792267654,1.0,1.0,27.0,none,0.0,8.330784233859557,553.0385529785427,20.0,543.0,137.0,25.888089674921513,0.10456572279454365,nonsingular_isothermal,1.0,0.01,2.0,0.3,1.0,0.0,strict_pass,1.0,none,none,,,1.0,1.0,1.0,1.0,1.0,1.0,0.0,0.0,0.0,0.0,0.0,4995.0,4995.0,1.0,inverse_phase_volume,geometric_mean,4995.0,4995.0,4995.0,0.0,540.0,0.0,0.0,2.486717134767391e+32,1.4003787088776147e+54,5.631435474902162e+21,3.00145124879963e-15,16902479.038679514,5.9162919102671685e-08,333172161433549.8,5.631435474902123e+21,0.0
37.12448523546692,1114.6436780810138,0.0,11.592581658121858,535.7511290959583,-535.7511290959583,pass_no_bh_halo_scale_up,65.0,535.7511290959583,0.025183404949643773,1.0059113939078025e-09,9.98726312522747e-09,1.0,1.0,59.0,none,0.0,4.054686320638856,531.6964427753194,20.0,543.0,167.0,41.768283469393836,0.06049417997742797,nonsingular_isothermal,1.0,0.01,2.0,0.3,1.0,0.0,strict_pass,1.0,none,none,,,1.0,1.0,1.0,1.0,1.0,1.0,0.0,0.0,0.0,0.0,0.0,4995.0,4995.0,1.0,inverse_phase_volume,geometric_mean,4995.0,4995.0,4995.0,0.0,540.0,0.0,0.0,2.274352839283249e+32,9.26622328903174e+54,4.074224161257206e+22,2.1062388513390554e-15,85812892.17504208,1.1653260654123963e-08,474779961144598.25,4.074224161257208e+22,0.0
37.12448523546692,278.66091952025346,0.0,11.592581658121858,659.5121755576114,-659.5121755576114,pass_no_bh_halo_scale_down,65.0,659.5121755576114,0.08258904676893053,0.0008728399233233589,0.009819449137387788,1.0,1.0,36.0,none,0.0,16.34389153071751,643.1682840268937,20.0,543.0,245.0,46.27221651336196,0.0557712742074619,nonsingular_isothermal,1.0,0.01,2.0,0.3,1.0,0.0,strict_pass,1.0,none,none,,,1.0,1.0,1.0,1.0,1.0,1.0,0.0,0.0,0.0,0.0,0.0,4995.0,4995.0,1.0,inverse_phase_volume,geometric_mean,4995.0,4995.0,4995.0,0.0,540.0,0.0,0.0,8.41342422846772e+34,2.6200069996498867e+55,3.114079272010096e+20,2.1451408893252495e-14,6680138.778989055,1.4969748879249122e-07,46616984692066.0,3.1140792720100924e+20,0.0
37.12448523546692,557.3218390405069,0.0,20.0,553.557502864331,-553.557502864331,pass_no_bh_ml_up,65.0,553.557502864331,0.0014823986064129713,0.00017960353259718838,4.452381617715836e-06,1.0,1.0,17.0,none,0.0,9.533784189222851,544.0237186751083,20.0,543.0,3585.0,43.6555871508884,0.04968796097960087,nonsingular_isothermal,1.0,0.01,2.0,0.3,1.0,0.0,strict_pass,1.0,none,none,,,1.0,1.0,1.0,1.0,1.0,1.0,0.0,0.0,0.0,0.0,0.0,4995.0,4995.0,1.0,inverse_phase_volume,geometric_mean,4995.0,4995.0,4995.0,0.0,540.0,1.0,8.0,4.1321647990271e+33,2.6116424791963386e+55,6.320276673890738e+21,5.610709850849228e-15,35461238.59429173,2.8199804621629094e-08,178230567358360.5,6.320276673890806e+21,0.0
37.12448523546692,557.3218390405069,0.0,5.796290829060929,527.8797410806768,-527.8797410806768,pass_no_bh_ml_down,65.0,527.8797410806768,0.02328488901594028,1.1815337460576617e-12,1.9276978330782575e-12,1.0,1.0,52.0,none,0.0,10.786317246326554,517.0934238343503,20.0,543.0,3097.0,51.20010658903788,0.040736093913540355,nonsingular_isothermal,1.0,0.01,2.0,0.3,1.0,0.0,strict_pass,1.0,none,none,,,1.0,1.0,1.0,1.0,1.0,1.0,0.0,0.0,0.0,0.0,0.0,4995.0,4995.0,1.0,inverse_phase_volume,geometric_mean,4995.0,4995.0,4995.0,0.0,540.0,0.0,0.0,4.648981589202992e+33,2.9390133624314564e+55,6.321843410301206e+21,9.489435335108196e-15,59990724.24073284,1.666924366485668e-08,105380348217378.77,6.321843410301172e+21,0.0
65.92631277031242,363.562204682198,11.33771893123776,3.7668786261294214,616.8593785931902,-616.8593785931902,pass_full,73.0,616.8593785931902,0.10991256957936457,0.00797500518259599,0.023595489171869856,1.0,1.0,59.0,none,0.0,17.797875602698284,599.0615029904915,20.0,543.0,355.0,50.29258515075738,0.044246669894581425,nonsingular_isothermal,1.0,0.01,2.0,0.3,1.0,0.0,strict_pass,1.0,none,none,,,1.0,1.0,1.0,1.0,1.0,1.0,0.0,0.0,0.0,0.0,0.0,4995.0,4995.0,1.0,inverse_phase_volume,geometric_mean,4995.0,4995.0,4995.0,0.0,540.0,0.0,0.0,1.626394074161486e+36,2.686748610863576e+56,1.6519665519863464e+20,1.0672106825724463e-13,17629963.51532233,5.6721614830960516e-08,9370221047540.125,1.6519665519863782e+20,0.0
107.55352424396287,23.97605299749835,9672.087838806961,16.391034688510043,708.0353536812931,-1000000.0,solver_failed_full,74.0,708.0353536812931,2.1982364444445466,0.11224036420772175,0.009255594636947308,0.0,0.0,23.0,line_search_failed,2.0,37.06748730414549,670.9678663771477,20.0,543.0,115.0,26.617978891943164,0.10173034107666361,nonsingular_isothermal,1.0,0.01,2.0,0.3,1.0,0.0,strict_pass,1.0,none,none,,,0.9981981981981982,1.0,0.9981981981981982,0.985691573926868,0.9934156378600824,0.9962962962962963,0.014308426073131986,0.006584362139917643,0.0037037037037036535,0.0,0.0,4986.0,4995.0,1.0,inverse_phase_volume,geometric_mean,4986.0,4986.0,4986.0,0.0,540.0,0.0,0.0,3.8242884725342276e+42,2.2491211607907544e+57,588114933521303.5,1.0229874319698225e-10,60163.41855460647,1.6621395925039802e-05,9775291159.486107,588114933521307.0,0.0
0.0,195.87127045616708,422400.43624892377,15.164662683622504,2016.6358973677293,-2016.6358973677293,pass_full,75.0,2016.6358973677293,0.04213069519983037,0.0023086832385851986,0.016839173571074065,1.0,1.0,62.0,none,0.0,18.705762710725033,1997.9301346570041,20.0,543.0,109.0,12.116329849909079,0.21136140551742538,nonsingular_isothermal,1.0,0.01,2.0,0.3,1.0,0.0,severe_coverage_warn,0.0,multiple,multiple,1;3;4;5;6;7;8,total orbit coverage 0.67 is below 0.85 | shell_band minimum coverage 0.319 is below 0.8 | shell_band coverage gap 0.606 exceeds 0.1 | Lfrac minimum coverage 0.418 is below 0.8 | Lfrac coverage gap 0.582 exceeds 0.1 | third_integral minimum coverage 0.52 is below 0.8 | third_integral coverage gap 0.454 exceeds 0.1 | 30 planned shell-band/Lfrac/third-integral cells have no successful orbit,0.67007007007007,1.0,0.67007007007007,0.31925675675675674,0.4181069958847737,0.5203703703703704,0.6060214626391096,0.5818930041152264,0.4537037037037037,30.0,0.0,3347.0,4995.0,1.0,inverse_phase_volume,geometric_mean,3347.0,3347.0,3347.0,0.0,540.0,0.0,0.0,1.265153062755048e+43,1.7544744376069753e+52,1386768517.7842128,3.580534684114572e-06,4965.372776764581,0.00020139474818073907,279287.89642413124,1386768517.7842274,0.0
54.31067700322374,2.1687740081439797,489.4107943076749,3.5694319307761297,719.5937350463602,-719.5937350463602,pass_full,76.0,719.5937350463602,0.26945612747022096,0.004459803842380519,0.04360697090327618,1.0,1.0,66.0,none,0.0,30.144925384970993,689.4488096613891,20.0,543.0,164.0,33.90323930682471,0.08906769036680252,nonsingular_isothermal,1.0,0.01,2.0,0.3,1.0,0.0,strict_pass,1.0,none,none,,,1.0,1.0,1.0,1.0,1.0,1.0,0.0,0.0,0.0,0.0,0.0,4995.0,4995.0,1.0,inverse_phase_volume,geometric_mean,4995.0,4995.0,4995.0,0.0,540.0,0.0,0.0,2.080594617783814e+41,1.7575966664585373e+56,844756903356154.8,1.4705127579726765e-11,12422.25803770718,8.050066235659789e-05,68003490250.47907,844756903356155.5,0.0
71.1248762283527,49.15335019859183,739660.8485341192,14.962125894703199,712.4716168960023,-1000000.0,solver_failed_full,77.0,712.4716168960023,10.651333709165442,0.4579754976157081,0.3635408404248413,0.0,0.0,18.0,line_search_failed,2.0,32.16166622519106,680.3099506708114,20.0,543.0,80.0,45.62339424129224,0.043176859185123206,nonsingular_isothermal,1.0,0.01,2.0,0.3,1.0,0.0,strict_pass,1.0,none,none,,,0.9937937937937938,1.0,0.9937937937937938,0.9634340222575517,0.9810699588477366,0.9740740740740741,0.0365659777424483,0.018930041152263377,0.025925925925925908,0.0,0.0,4964.0,4995.0,1.0,inverse_phase_volume,geometric_mean,4964.0,4964.0,4964.0,0.0,540.0,0.0,0.0,2.055437124273709e+44,5.751930964074592e+56,2798397915531.9785,1.832571766491418e-08,51282.65011412347,1.949977229676349e-05,54568122.148611255,2798397915531.9824,0.0
120.5001771310704,103.33004453689234,102777.83046247155,4.584858545332771,706.090044310197,-1000000.0,solver_failed_full,78.0,706.090044310197,5.4149040806805715e-09,3.338726316444191,0.21225322861634005,0.0,0.0,21.0,line_search_failed,2.0,28.96861505337411,677.1214292568229,20.0,543.0,77.0,36.847019939066705,0.05816360147013888,nonsingular_isothermal,1.0,0.01,2.0,0.3,1.0,0.0,strict_pass,1.0,none,none,,,0.9957957957957958,1.0,0.9957957957957958,0.9793322734499205,0.9893004115226337,0.987037037037037,0.020667726550079535,0.010699588477366295,0.012962962962962954,0.0,0.0,4974.0,4995.0,1.0,inverse_phase_volume,geometric_mean,4974.0,4974.0,4974.0,0.0,540.0,0.0,0.0,3.745421531864179e+42,3.7995480916623074e+57,1014451393344553.2,3.0546574824365125e-10,309880.1539248078,3.2270540314842146e-06,3273689458.6373115,1014451393344550.8,0.0
8.413128329775295,402.80434084375815,181.62223346572569,0.2,1513.280254399733,-1000000.0,solver_failed_full,79.0,1513.280254399733,1.453281583962962e-08,0.4810538506716965,2.436114662901079,0.0,0.0,30.0,line_search_failed,2.0,14.974225785088082,1498.306028614645,20.0,543.0,42.0,16.434705382052105,0.11728517609664617,nonsingular_isothermal,1.0,0.01,2.0,0.3,1.0,0.0,strict_pass,1.0,none,none,,,1.0,1.0,1.0,1.0,1.0,1.0,0.0,0.0,0.0,0.0,0.0,4995.0,4995.0,1.0,inverse_phase_volume,geometric_mean,4995.0,4995.0,4995.0,0.0,540.0,0.0,0.0,1.6219930301155541e+35,5.983490288398002e+52,3.688974106116674e+17,9.769235443017399e-12,3603845.658584811,2.774813615055559e-07,102362155752.39864,3.6889741061166406e+17,0.0
0.0,784.5455159231757,1176.3810050005704,0.7447830251908032,11964.995487765513,-11964.995487765513,pass_full,80.0,11964.995487765513,0.11373174810069031,1.3803329357521961e-05,0.00014432147694920183,1.0,1.0,120.0,none,0.0,67.70456343705644,11897.290924328458,20.0,543.0,112.0,15.446067038406,0.12715677350212612,nonsingular_isothermal,1.0,0.01,2.0,0.3,1.0,0.0,severe_coverage_warn,0.0,multiple,multiple,3;4;5;6;7;8,total orbit coverage 0.652 is below 0.85 | shell_band minimum coverage 0.289 is below 0.8 | shell_band coverage gap 0.686 exceeds 0.1 | Lfrac minimum coverage 0.425 is below 0.8 | Lfrac coverage gap 0.575 exceeds 0.1 | third_integral minimum coverage 0.511 is below 0.8 | third_integral coverage gap 0.406 exceeds 0.1 | 46 planned shell-band/Lfrac/third-integral cells have no successful orbit,0.6520520520520521,1.0,0.6520520520520521,0.28885135135135137,0.4246913580246914,0.5111111111111111,0.6857114467408585,0.5753086419753086,0.4059259259259259,46.0,0.0,3257.0,4995.0,1.0,inverse_phase_volume,geometric_mean,3257.0,3257.0,3257.0,0.0,540.0,0.0,0.0,4.369745085020765e+36,2.999143529675134e+49,6863429036069.004,7.005029052944406e-09,48078.51980048585,2.0799309216460002e-05,142754582.80642998,6863429036069.04,0.0
34.45597144713681,1953.1487512812523,1202.289013992996,3.7120168862893084,850.88586432471,-850.88586432471,pass_full,81.0,850.88586432471,0.04934533082996495,1.1199049880335876e-12,5.182750782871255e-12,1.0,1.0,52.0,none,0.0,10.636156647852308,840.2497076768578,20.0,543.0,86.0,23.027671316255955,0.10204808118816935,nonsingular_isothermal,1.0,0.01,2.0,0.3,1.0,0.0,strict_pass,1.0,none,none,,,0.9957957957957958,1.0,0.9957957957957958,0.9793322734499205,0.9893004115226337,0.9888888888888889,0.020667726550079535,0.010699588477366295,0.00925925925925919,0.0,0.0,4974.0,4995.0,1.0,inverse_phase_volume,geometric_mean,4974.0,4974.0,4974.0,0.0,540.0,0.0,0.0,2.436514151337311e+36,2.1807034782798668e+54,8.950095681089972e+17,1.5460106673499916e-11,13836943.39676814,7.227029635992929e-08,64682606732.20933,8.950095681089942e+17,0.0
63.64812204491015,4942.103493509734,5225.54061744091,8.144434260602912,1108.8713430255334,-1108.8713430255334,pass_full,82.0,1108.8713430255334,0.1036732112017944,0.0006863417888924909,0.005623583270967806,1.0,1.0,97.0,none,0.0,13.09259801035395,1095.7787450151793,20.0,543.0,72.0,19.729417052202106,0.11072674223257184,nonsingular_isothermal,1.0,0.01,2.0,0.3,1.0,0.0,strict_pass,1.0,none,none,,,0.987987987987988,1.0,0.987987987987988,0.904610492845787,0.9506172839506173,0.9703703703703703,0.09538950715421302,0.04938271604938271,0.029629629629629672,0.0,0.0,4935.0,4995.0,1.0,inverse_phase_volume,geometric_mean,4935.0,4935.0,4935.0,0.0,540.0,0.0,0.0,4.1065598922394895e+37,9.359348375034058e+53,2.2791213620727176e+16,8.698126620392451e-11,1982408.619054979,5.044368705765129e-07,11496728475.4804,2.279121362072715e+16,0.0
55.70118536043695,18.42166017829065,0.0,13.136683631199693,714.3538430469745,-714.3538430469745,pass_full,83.0,714.3538430469745,0.22679535872794077,9.43173640446662e-10,7.72795069726474e-09,1.0,1.0,22.0,none,0.0,30.432956404530252,683.9208866424441,20.0,543.0,124.0,35.07191169682786,0.07676512093488763,nonsingular_isothermal,1.0,0.01,2.0,0.3,1.0,0.0,strict_pass,1.0,none,none,,,1.0,1.0,1.0,1.0,1.0,1.0,0.0,0.0,0.0,0.0,0.0,4995.0,4995.0,1.0,inverse_phase_volume,geometric_mean,4995.0,4995.0,4995.0,0.0,540.0,0.0,0.0,1.0676096695370114e+37,1.7124573390648589e+56,1.6040107053428034e+19,6.781417328131237e-15,108774.65991719837,9.193317641822292e-06,147461799151000.06,1.6040107053428244e+19,0.0
103.69776880912389,18.191458764093248,1693539.3614932592,18.063999394999815,701.249528525046,-701.249528525046,pass_full,84.0,701.249528525046,0.2111531470530963,2.921367549155765e-12,3.286538492800235e-11,1.0,1.0,37.0,none,0.0,37.871525746324835,663.3780027787212,20.0,543.0,122.0,38.47052444321593,0.05001416116061735,nonsingular_isothermal,1.0,0.01,2.0,0.3,1.0,0.0,strict_pass,1.0,none,none,,,0.9993993993993994,1.0,0.9993993993993994,0.9952305246422893,0.9975308641975309,0.9944444444444445,0.004769475357710662,0.0024691358024691024,0.005555555555555536,0.0,0.0,4992.0,4995.0,1.0,inverse_phase_volume,geometric_mean,4992.0,4992.0,4992.0,0.0,540.0,0.0,0.0,5.733252488975116e+45,1.6059554024714966e+57,280112450229.5519,5.3557656909713205e-08,15002.166505533449,6.665703914372346e-05,18671466.559595518,280112450229.55176,0.0
182.19886377512822,26.71565004619603,0.0,3.541521484885548,864.4186606072969,-864.4186606072969,pass_full,85.0,864.4186606072969,0.1645505833638481,0.008573523348262843,0.039872428740212046,1.0,1.0,37.0,none,0.0,27.722188888190026,836.6964717191069,20.0,543.0,276.0,17.845223006837085,0.13411729168944475,nonsingular_isothermal,1.0,0.01,2.0,0.3,1.0,0.0,strict_pass,1.0,none,none,,,0.9985985985985986,1.0,0.9985985985985986,0.9888712241653418,0.994238683127572,0.9981481481481481,0.011128775834658211,0.0057613168724279795,0.0018518518518518823,0.0,0.0,4988.0,4995.0,1.0,inverse_phase_volume,geometric_mean,4988.0,4988.0,4988.0,0.0,540.0,0.0,0.0,4.646506111312095e+37,1.6832472528948723e+58,3.6226084988825115e+20,7.267875871358989e-16,263286.68900408153,3.7981411205505254e-06,1375917830326144.8,3.622608498882503e+20,0.0
7.984398009140414,78.85760611352659,2050.3380447175864,9.395046745085684,960.9772143157684,-960.9772143157684,pass_full,86.0,960.9772143157684,0.28158692743693337,0.00018049057827987014,0.0018871292684595313,1.0,1.0,32.0,none,0.0,12.324458621272365,948.652755694496,20.0,543.0,84.0,19.07182742197616,0.13184996944914942,nonsingular_isothermal,1.0,0.01,2.0,0.3,1.0,0.0,strict_pass,1.0,none,none,,,0.9983983983983984,1.0,0.9983983983983984,0.9920508744038156,0.9958847736625515,0.9925925925925926,0.007949125596184436,0.004115226337448541,0.007407407407407418,0.0,0.0,4987.0,4995.0,1.0,inverse_phase_volume,geometric_mean,4987.0,4987.0,4987.0,0.0,540.0,0.0,0.0,1.176763115962651e+36,1.0176012889082033e+53,8.647460776978506e+16,1.1924365667449515e-12,103115.48439961902,9.697864543064638e-06,838619032566.0221,8.647460776978523e+16,0.0
65.35224873209569,6.729081063371144,1868750.241053163,7.386864662138978,740.0484599993301,-740.0484599993301,pass_full,87.0,740.0484599993301,0.02456051152864802,4.645113133449102e-11,3.667822847039368e-10,1.0,1.0,31.0,none,0.0,31.323041868101203,708.7254181312286,20.0,543.0,132.0,37.007555756960855,0.05333970401382186,nonsingular_isothermal,1.0,0.01,2.0,0.3,1.0,0.0,strict_pass,1.0,none,none,,,1.0,1.0,1.0,1.0,1.0,1.0,0.0,0.0,0.0,0.0,0.0,4995.0,4995.0,1.0,inverse_phase_volume,geometric_mean,4995.0,4995.0,4995.0,0.0,540.0,0.0,0.0,1.2627963505614786e+46,4.02538527128438e+56,31876757241.93033,3.37701127533145e-07,10764.816862700201,9.289521714623617e-05,2961198.2859069696,31876757241.93028,0.0
140.8193074974987,5.689372762969972,1193017.134325272,1.5054056245373835,773.0905399616596,-773.0905399616596,pass_full,88.0,773.0905399616596,0.078116533514617,0.006065930432846704,0.05931131978783444,1.0,1.0,43.0,none,0.0,38.573079444711915,734.5174605169476,20.0,543.0,174.0,30.03195682939509,0.08128101830832746,nonsingular_isothermal,1.0,0.01,2.0,0.3,1.0,0.0,strict_pass,1.0,none,none,,,0.9983983983983984,1.0,0.9983983983983984,0.9872813990461049,0.994238683127572,0.9962962962962963,0.012718600953895098,0.0057613168724279795,0.0037037037037036535,0.0,0.0,4987.0,4995.0,1.0,inverse_phase_volume,geometric_mean,4987.0,4987.0,4987.0,0.0,540.0,0.0,0.0,1.932013467817595e+43,5.9283076570783404e+57,306846083416538.75,3.598170570401933e-11,11040.845469924932,9.05727738626523e-05,27791900923.926884,306846083416540.7,0.0
176.3776034411398,353.0292061174686,38658.462957772295,10.740933007429488,648.6908716020157,-648.6908716020157,pass_full,89.0,648.6908716020157,0.015966537020062788,4.292533867453028e-12,1.395948180986236e-12,1.0,1.0,40.0,none,0.0,27.87962208836876,620.8112495136468,20.0,543.0,93.0,35.07931996052414,0.08116784161500594,nonsingular_isothermal,1.0,0.01,2.0,0.3,1.0,0.0,strict_pass,1.0,none,none,,,0.9997997997997998,1.0,0.9997997997997998,0.9984101748807631,0.9991769547325103,0.9981481481481481,0.0015898251192368873,0.0008230452674896638,0.0018518518518518823,0.0,0.0,4994.0,4995.0,1.0,inverse_phase_volume,geometric_mean,4994.0,4994.0,4994.0,0.0,540.0,0.0,0.0,3.378439298630936e+42,1.701331921273292e+58,5035851678503540.0,1.4212962524344636e-09,7157437.118472829,1.3971481459740275e-07,703583083.6021361,5035851678503502.0,0.0
97.78947837077625,153.55419150857605,1175.7887369348468,17.928007856289796,633.1045060665065,-633.1045060665065,pass_full,90.0,633.1045060665065,0.07444022819584006,0.0003920972677399755,0.0032126728564973077,1.0,1.0,20.0,none,0.0,29.77639977990385,603.3281062866024,20.0,543.0,152.0,36.04275777805205,0.07418414763911667,nonsingular_isothermal,1.0,0.01,2.0,0.3,1.0,0.0,strict_pass,1.0,none,none,,,1.0,1.0,1.0,1.0,1.0,1.0,0.0,0.0,0.0,0.0,0.0,4995.0,4995.0,1.0,inverse_phase_volume,geometric_mean,4995.0,4995.0,4995.0,0.0,540.0,0.0,0.0,4.0145775475747377e+37,1.3223621181296523e+57,3.293901045524727e+19,4.410405033044798e-14,1452743.7749533686,6.883526312354007e-07,22673654517159.684,3.2939010455247057e+19,0.0
2.3146639020854565,256.83784452176934,2045.324262964266,13.750154535141208,2191.3733831216564,-2191.3733831216564,pass_full,91.0,2191.3733831216564,0.005991828025344148,0.0006583230586814803,0.0008046726917703121,1.0,1.0,17.0,none,0.0,21.4238590276168,2169.94952409404,20.0,543.0,618.0,11.753200979079418,0.1501759368062526,nonsingular_isothermal,1.0,0.01,2.0,0.3,1.0,0.0,severe_coverage_warn,0.0,multiple,multiple,3;4;5;6;7;8,total orbit coverage 0.832 is below 0.85 | shell_band minimum coverage 0.747 is below 0.8 | shell_band coverage gap 0.253 exceeds 0.1 | Lfrac minimum coverage 0.601 is below 0.8 | Lfrac coverage gap 0.399 exceeds 0.1 | third_integral minimum coverage 0.704 is below 0.8 | third_integral coverage gap 0.296 exceeds 0.1 | 12 planned shell-band/Lfrac/third-integral cells have no successful orbit,0.8316316316316317,1.0,0.8316316316316317,0.7472178060413355,0.6008230452674898,0.7037037037037037,0.2527821939586645,0.39917695473251025,0.2962962962962963,12.0,0.0,4154.0,4995.0,1.0,inverse_phase_volume,geometric_mean,4154.0,4154.0,4154.0,0.0,540.0,1.0,9.0,7.203418531008452e+33,1.1795573444775285e+52,1.6374966127539374e+18,5.0271359558254053e-14,82319.18099517662,1.2147837088643941e-05,19892042084941.188,1.637496612753944e+18,0.0
146.0756002851757,2.533500715143362,1009918.8066859577,10.59399170958067,788.0220727324792,-788.0220727324792,pass_full,92.0,788.0220727324792,0.14309435498273615,0.00843925546244577,0.08823710433512745,1.0,1.0,62.0,none,0.0,37.90642153075365,750.1156512017261,20.0,543.0,141.0,26.18944635273728,0.10604914765551718,nonsingular_isothermal,1.0,0.01,2.0,0.3,1.0,0.0,strict_pass,1.0,none,none,,,1.0,1.0,1.0,1.0,1.0,1.0,0.0,0.0,0.0,0.0,0.0,4995.0,4995.0,1.0,inverse_phase_volume,geometric_mean,4995.0,4995.0,4995.0,0.0,540.0,0.0,0.0,4.254449196005126e+45,9.222449794822282e+57,2167718867928.2021,5.457409293366387e-09,11830.129095236935,8.452993132616123e-05,183237127.04039335,2167718867928.184,0.0
19.34146136045456,675.8175392500469,1090.3068733480018,1.637649723843309,631.3375617550693,-631.3375617550693,pass_full,93.0,631.3375617550693,0.0881151078814355,5.931165222474306e-06,6.201362749275912e-05,1.0,1.0,42.0,none,0.0,7.14968681645154,624.1878749386178,20.0,543.0,126.0,26.37996875740956,0.07684220007012331,nonsingular_isothermal,1.0,0.01,2.0,0.3,1.0,0.0,strict_pass,1.0,none,none,,,1.0,1.0,1.0,1.0,1.0,1.0,0.0,0.0,0.0,0.0,0.0,4995.0,4995.0,1.0,inverse_phase_volume,geometric_mean,4995.0,4995.0,4995.0,0.0,540.0,0.0,0.0,2.4759180522623932e+36,1.3261054342915658e+54,5.3560150469431917e+17,1.28081312128015e-11,6860054.349898777,1.457714398450437e-07,78075402522.46306,5.3560150469432064e+17,0.0
13.363117456510887,96.03362882512259,216366.64358458793,18.18528236882534,586.8082025677764,-586.8082025677764,pass_full,94.0,586.8082025677764,0.04455998644414194,4.0419795717674586e-05,0.000331182059277839,1.0,1.0,31.0,none,0.0,7.9382321470413375,578.8699704207352,20.0,543.0,160.0,34.7318567734338,0.061092694959521354,nonsingular_isothermal,1.0,0.01,2.0,0.3,1.0,0.0,strict_pass,1.0,none,none,,,0.9965965965965966,1.0,0.9965965965965966,0.972972972972973,0.9860082304526749,0.9888888888888889,0.027027027027026973,0.013991769547325061,0.011111111111111072,0.0,0.0,4978.0,4995.0,1.0,inverse_phase_volume,geometric_mean,4978.0,4978.0,4978.0,0.0,540.0,0.0,0.0,1.1934105869271216e+43,6.716827768976097e+53,56282622615.834694,3.26621916352851e-07,18383.138056148393,5.439767666138707e-05,3061643.9067110727,56282622615.83516,0.0
149.08290810086518,2710.1233537769867,1900561.7347355303,11.869651842330688,499.622016341228,-499.622016341228,pass_full,95.0,499.622016341228,0.08563868878650283,0.0024500893567142644,0.02108356252719776,1.0,1.0,61.0,none,0.0,7.5988609091344115,492.02315543209363,20.0,543.0,174.0,35.003866037611665,0.1089641008293128,nonsingular_isothermal,1.0,0.01,2.0,0.3,1.0,0.0,strict_pass,1.0,none,none,,,0.9923923923923924,1.0,0.9923923923923924,0.9395866454689984,0.968724279835391,0.975925925925926,0.060413354531001606,0.031275720164609,0.024074074074074026,0.0,0.0,4957.0,4995.0,1.0,inverse_phase_volume,geometric_mean,4957.0,4957.0,4957.0,0.0,540.0,0.0,0.0,1.7818190119021823e+44,1.7820806805158181e+56,1000146854765.769,6.582367838692419e-07,658333.4490779621,1.5189870747120075e-06,1519210.145203081,1000146854765.7759,0.0
94.48951805469427,360.6845264753613,1578576.4934783992,0.2,577.5668015651203,-577.5668015651203,pass_full,96.0,577.5668015651203,0.037874262671039105,0.0045891321430939925,0.037601333862837975,1.0,1.0,59.0,none,0.0,23.153234763210094,554.4135668019102,20.0,543.0,128.0,44.1970627792148,0.0631226416281357,nonsingular_isothermal,1.0,0.01,2.0,0.3,1.0,0.0,strict_pass,1.0,none,none,,,0.9923923923923924,1.0,0.9923923923923924,0.9666136724960255,0.968724279835391,0.9629629629629629,0.03338632750397452,0.031275720164609,0.03703703703703709,0.0,0.0,4957.0,4995.0,1.0,inverse_phase_volume,geometric_mean,4957.0,4957.0,4957.0,0.0,540.0,0.0,0.0,4.018458439527345e+45,1.1248947001224014e+57,279931898525.42377,1.3790781078054993e-06,386047.9529328393,2.590351774702895e-06,725122.0901412762,279931898525.42145,0.0
13.363117456510887,96.03362882512259,0.0,18.18528236882534,564.8439597575564,-564.8439597575564,pass_no_bh,94.0,564.8439597575564,0.1329821586016351,0.0002826373563383622,0.002806185180788025,1.0,1.0,48.0,none,0.0,7.896324360374138,556.947635397182,20.0,543.0,135.0,40.33468740316755,0.06096802464219108,nonsingular_isothermal,1.0,0.01,2.0,0.3,1.0,0.0,strict_pass,1.0,none,none,,,0.9985985985985986,1.0,0.9985985985985986,0.9888712241653418,0.9950617283950617,0.9962962962962963,0.011128775834658211,0.004938271604938316,0.0037037037037036535,0.0,0.0,4988.0,4995.0,1.0,inverse_phase_volume,geometric_mean,4988.0,4988.0,4988.0,0.0,540.0,0.0,0.0,9.279785986931254e+34,7.40137509534021e+53,7.975803650820811e+18,7.770709474751285e-14,619776.5299818886,1.6134847830220716e-06,12868837822971.2,7.975803650820772e+18,0.0
94.48951805469427,360.6845264753613,0.0,0.2,587.2654098126546,-1000000.0,solver_failed_no_bh,96.0,587.2654098126546,2.7598616725299507e-09,2.1600295777648086,0.973338551067427,0.0,0.0,26.0,line_search_failed,2.0,25.916072246209104,561.349337566446,20.0,543.0,90.0,41.23159365783454,0.0670910634915012,nonsingular_isothermal,1.0,0.01,2.0,0.3,1.0,0.0,strict_pass,1.0,none,none,,,1.0,1.0,1.0,1.0,1.0,1.0,0.0,0.0,0.0,0.0,0.0,4995.0,4995.0,1.0,inverse_phase_volume,geometric_mean,4995.0,4995.0,4995.0,0.0,540.0,0.0,0.0,1.6744430436186917e+34,9.036531205524903e+56,5.396738479677261e+22,4.299238020880768e-15,232018632.6057905,4.30999867885198e-09,232599357175189.34,5.39673847967733e+22,0.0
0.0,96.03362882512259,216366.64358458793,18.18528236882534,2115.6892663795,-1000000.0,solver_failed_no_halo,94.0,2115.6892663795,129.85262813880354,5.901373984541411,1.0135735529751548,0.0,0.0,19.0,line_search_failed,2.0,17.85755416124401,2097.831712218256,20.0,543.0,35.0,9.131365251008758,0.218124937610378,none,1.0,0.01,2.0,0.3,1.0,0.0,severe_coverage_warn,0.0,multiple,multiple,1;3;4;5;6;7;8,total orbit coverage 0.642 is below 0.85 | shell_band minimum coverage 0.321 is below 0.8 | shell_band coverage gap 0.615 exceeds 0.1 | Lfrac minimum coverage 0.391 is below 0.8 | Lfrac coverage gap 0.609 exceeds 0.1 | third_integral minimum coverage 0.443 is below 0.8 | third_integral coverage gap 0.479 exceeds 0.1 | 37 planned shell-band/Lfrac/third-integral cells have no successful orbit,0.6422422422422422,1.0,0.6422422422422422,0.32094594594594594,0.39094650205761317,0.4425925925925926,0.6154610492845787,0.6090534979423868,0.47888888888888886,37.0,0.0,3208.0,4995.0,1.0,inverse_phase_volume,geometric_mean,3208.0,3208.0,3208.0,0.0,539.0,0.0,0.0,2.39377900361477e+41,2.277398612856058e+52,95138214906.93295,1.1338901035157674e-07,10787.628034912797,9.269878389981802e-05,8819196.82427226,95138214906.93335,0.0
0.0,2710.1233537769867,1900561.7347355303,11.869651842330688,1684.3986340849235,-1684.3986340849235,pass_no_halo,95.0,1684.3986340849235,0.24844618911924954,0.0015212925049797944,0.013966184716078774,1.0,1.0,102.0,none,0.0,18.136120494639798,1666.2625135902833,20.0,543.0,82.0,28.711274340566664,0.08058426184254659,none,1.0,0.01,2.0,0.3,1.0,0.0,severe_coverage_warn,0.0,multiple,multiple,1;2;4;5;6;7;8,total orbit coverage 0.731 is below 0.85 | shell_band minimum coverage 0.515 is below 0.8 | shell_band coverage gap 0.386 exceeds 0.1 | Lfrac minimum coverage 0.459 is below 0.8 | Lfrac coverage gap 0.541 exceeds 0.1 | third_integral minimum coverage 0.541 is below 0.8 | third_integral coverage gap 0.459 exceeds 0.1 | 32 planned shell-band/Lfrac/third-integral cells have no successful orbit,0.7313313313313313,1.0,0.7313313313313313,0.5152027027027027,0.45925925925925926,0.5407407407407407,0.38622813990461047,0.5407407407407407,0.45925925925925926,32.0,0.0,3653.0,4995.0,1.0,inverse_phase_volume,geometric_mean,3653.0,3653.0,3653.0,0.0,540.0,0.0,0.0,4.340160741620522e+43,1.6746889714928025e+52,385858743.76337266,1.9486652185106003e-06,751.9095132298766,0.0013299472641387852,513171.7806121248,385858743.76337177,0.0
0.0,360.6845264753613,1578576.4934783992,0.2,2476.979000354714,-2476.979000354714,pass_no_halo,96.0,2476.979000354714,0.21791414051722313,0.00383805358080909,0.042140043654820526,1.0,1.0,68.0,none,0.0,46.37538157743246,2430.603618777281,20.0,543.0,77.0,31.709861767215436,0.06821350093595831,none,1.0,0.01,2.0,0.3,1.0,0.0,severe_coverage_warn,0.0,multiple,multiple,1;2;3;4;5;6;7;8,Lfrac minimum coverage 0.644 is below 0.8 | Lfrac coverage gap 0.356 exceeds 0.1 | third_integral minimum coverage 0.739 is below 0.8 | third_integral coverage gap 0.261 exceeds 0.1 | 23 planned shell-band/Lfrac/third-integral cells have no successful orbit,0.9117117117117117,1.0,0.9117117117117117,0.8855325914149443,0.6444444444444445,0.7388888888888889,0.04451510333863273,0.3555555555555555,0.26111111111111107,23.0,0.0,4554.0,4995.0,1.0,inverse_phase_volume,geometric_mean,4554.0,4554.0,4554.0,0.0,540.0,0.0,0.0,6.720358876459103e+43,2.2229394610436016e+51,33077689.776812166,1.601600169942914e-05,529.7723356786155,0.00188760328286875,62437.55581242496,33077689.776812285,0.0
26.726234913021774,96.03362882512259,0.0,18.18528236882534,708.9274285720363,-708.9274285720363,pass_no_bh_halo_up,94.0,708.9274285720363,0.060623920979878676,0.0015936896348298663,0.0006363104101707179,1.0,1.0,19.0,none,0.0,17.871532320523155,691.0558962515133,20.0,543.0,288.0,45.48908623311064,0.06933419173022848,nonsingular_isothermal,1.0,0.01,2.0,0.3,1.0,0.0,strict_pass,1.0,none,none,,,0.997997997997998,1.0,0.997997997997998,0.9841017488076311,0.9934156378600824,0.9962962962962963,0.015898251192368873,0.006584362139917643,0.0037037037037036535,0.0,0.0,4985.0,4995.0,1.0,inverse_phase_volume,geometric_mean,4985.0,4985.0,4985.0,0.0,540.0,0.0,0.0,1.6918651979213146e+36,1.2592715171433714e+55,7.443096049794966e+18,1.2868965056341423e-13,957849.4297580501,1.044005423955409e-06,7770632647007.082,7.443096049795022e+18,0.0
6.681558728255443,96.03362882512259,0.0,18.18528236882534,1067.5841471106194,-1067.5841471106194,pass_no_bh_halo_down,94.0,1067.5841471106194,0.13864688645344359,2.922095508864053e-07,2.3942367615899416e-06,1.0,1.0,40.0,none,0.0,12.635829510735613,1054.9483175998837,20.0,543.0,105.0,26.04415878409096,0.0761427982724043,nonsingular_isothermal,1.0,0.01,2.0,0.3,1.0,0.0,strict_pass,1.0,none,none,,,0.9887887887887888,1.0,0.9887887887887888,0.9777424483306836,0.9679012345679012,0.9740740740740741,0.022257551669316422,0.032098765432098775,0.025925925925925908,0.0,0.0,4939.0,4995.0,1.0,inverse_phase_volume,geometric_mean,4939.0,4939.0,4939.0,0.0,540.0,1.0,9.0,5.022322830112742e+33,5.400092433209264e+52,1.0752181044260037e+19,3.458918745639769e-14,371909.2057050321,2.6888283071786023e-06,28910768755715.246,1.0752181044259916e+19,0.0
13.363117456510887,192.06725765024518,0.0,18.18528236882534,617.6570581740701,-1000000.0,solver_failed_no_bh_halo_scale_up,94.0,617.6570581740701,62.83897308601843,1.2257528678050096,2.422169241267032,0.0,0.0,12.0,line_search_failed,2.0,5.666785945436086,611.9902722286339,20.0,543.0,60.0,32.59481934152141,0.07286321897901875,nonsingular_isothermal,1.0,0.01,2.0,0.3,1.0,0.0,strict_pass,1.0,none,none,,,1.0,1.0,1.0,1.0,1.0,1.0,0.0,0.0,0.0,0.0,0.0,4995.0,4995.0,1.0,inverse_phase_volume,geometric_mean,4995.0,4995.0,4995.0,0.0,540.0,2.0,9.0,5.214637413210255e+33,6.482607791544442e+53,1.2431560006688162e+20,1.4532108753573464e-14,1806567.8199376676,5.535358202242877e-07,68813137649695.8,1.2431560006688157e+20,0.0
13.363117456510887,48.016814412561295,0.0,18.18528236882534,594.3389038036014,-594.3389038036014,pass_no_bh_halo_scale_down,94.0,594.3389038036014,0.16035717665295124,2.0922964327126755e-12,3.3213042492639725e-12,1.0,1.0,17.0,none,0.0,4.110823097320745,590.2280807062807,20.0,543.0,3320.0,29.07993611243535,0.08866496330596302,nonsingular_isothermal,1.0,0.01,2.0,0.3,1.0,0.0,strict_pass,1.0,none,none,,,0.9981981981981982,1.0,0.9981981981981982,0.985691573926868,0.9925925925925926,0.9851851851851852,0.014308426073131986,0.007407407407407418,0.014814814814814836,0.0,0.0,4986.0,4995.0,1.0,inverse_phase_volume,geometric_mean,4986.0,4986.0,4986.0,0.0,540.0,0.0,0.0,2.812639233513006e+36,8.735633881932099e+53,3.1058494021720774e+17,7.613927575251631e-13,236477.1240777681,4.2287388427099575e-06,1313382600657.2583,3.105849402172082e+17,0.0
13.363117456510887,96.03362882512259,0.0,20.0,560.9514583352648,-560.9514583352648,pass_no_bh_ml_up,94.0,560.9514583352648,0.04284058177859151,0.0003236456565989657,0.002651810409370875,1.0,1.0,54.0,none,0.0,6.161573032834004,554.7898853024307,20.0,543.0,122.0,34.59598374952983,0.08149549626862121,nonsingular_isothermal,1.0,0.01,2.0,0.3,1.0,0.0,strict_pass,1.0,none,none,,,1.0,1.0,1.0,1.0,1.0,1.0,0.0,0.0,0.0,0.0,0.0,4995.0,4995.0,1.0,inverse_phase_volume,geometric_mean,4995.0,4995.0,4995.0,0.0,540.0,0.0,0.0,8.0088566297929355e+34,4.582999268500024e+53,5.722413922920374e+18,6.314466002767988e-14,361339.8817004644,2.7674775208703864e-06,15836651896797.66,5.722413922920302e+18,0.0
13.363117456510887,96.03362882512259,0.0,9.09264118441267,624.824512356714,-624.824512356714,pass_no_bh_ml_down,94.0,624.824512356714,0.2319816594290387,0.009954629400672604,0.018839014359462437,1.0,1.0,29.0,none,0.0,4.727168260013033,620.0973440967009,20.0,543.0,321.0,18.253920853593346,0.16199962082240674,nonsingular_isothermal,1.0,0.01,2.0,0.3,1.0,0.0,strict_pass,1.0,none,none,,,0.997997997997998,1.0,0.997997997997998,0.9841017488076311,0.9934156378600824,0.9962962962962963,0.015898251192368873,0.006584362139917643,0.0037037037037036535,0.0,0.0,4985.0,4995.0,1.0,inverse_phase_volume,geometric_mean,4985.0,4985.0,4985.0,0.0,540.0,0.0,0.0,1.1837796805126438e+35,4.91943348969186e+53,4.155700229253357e+18,1.2704668322577115e-13,527967.9306072209,1.894054434044679e-06,7871122445777.885,4.1557002292533965e+18,0.0
54.15316125152045,8.016856147376325,93546.4048046104,16.804655697765156,710.9518382092724,-1000000.0,solver_failed_full,97.0,710.9518382092724,2.6802808861248195e-09,0.4369334212863668,0.33570053083584184,0.0,0.0,27.0,line_search_failed,2.0,30.202241888939568,680.7495963203332,20.0,543.0,120.0,41.25853058279976,0.06016968907664436,nonsingular_isothermal,1.0,0.01,2.0,0.3,1.0,0.0,strict_pass,1.0,none,none,,,0.998998998998999,1.0,0.998998998998999,0.9920508744038156,0.9958847736625515,0.9981481481481481,0.007949125596184436,0.004115226337448541,0.0018518518518518823,0.0,0.0,4990.0,4995.0,1.0,inverse_phase_volume,geometric_mean,4990.0,4990.0,4990.0,0.0,540.0,0.0,0.0,1.8210613199565553e+43,1.8351121763424722e+56,10077157513763.744,2.0349412357827803e-09,20506.423364235965,4.8765207966204416e-05,491414681.8668846,10077157513763.666,0.0
78.56538767454062,71.10040583605931,793266.1915844439,0.2,688.7190604551207,-688.7190604551207,pass_full,98.0,688.7190604551207,0.2831278616497457,0.0054389862193297564,0.023221187047610302,1.0,1.0,56.0,none,0.0,32.5680546389281,656.1510058161925,20.0,543.0,100.0,39.31964916269924,0.055900422244774824,nonsingular_isothermal,1.0,0.01,2.0,0.3,1.0,0.0,strict_pass,1.0,none,none,,,0.9967967967967968,1.0,0.9967967967967968,0.9745627980922098,0.9868312757201646,0.9833333333333333,0.025437201907790197,0.013168724279835398,0.01666666666666672,0.0,0.0,4979.0,4995.0,1.0,inverse_phase_volume,geometric_mean,4979.0,4979.0,4979.0,0.0,540.0,0.0,0.0,4.108910045521604e+44,5.561400450954351e+56,1353497737682.4907,3.710621317858185e-08,50223.1755911754,1.9911126451663637e-05,26949664.60703708,1353497737682.508,0.0
143.65232183732778,1590.8162736827892,1393147.1855482792,9.739633515690558,525.0407789181056,-525.0407789181056,pass_full,99.0,525.0407789181056,0.038533425757009354,0.008761301076508608,0.09867203988018744,1.0,1.0,31.0,none,0.0,18.49568325923943,506.5450956588664,20.0,543.0,174.0,27.627044573090544,0.09321347016106776,nonsingular_isothermal,1.0,0.01,2.0,0.3,1.0,0.0,strict_pass,1.0,none,none,,,0.995995995995996,1.0,0.995995995995996,0.9682034976152624,0.9835390946502057,0.9796296296296296,0.031796502384737635,0.016460905349794275,0.020370370370370372,0.0,0.0,4975.0,4995.0,1.0,inverse_phase_volume,geometric_mean,4975.0,4975.0,4975.0,0.0,540.0,0.0,0.0,4.997363788294821e+43,8.060979631589931e+56,16130463926742.594,1.1172226523084465e-07,1802131.969120107,5.548983188441251e-07,8950767.315125264,16130463926742.584,0.0
76.99758868998825,394.31708560358976,0.0,2.404865320405754,577.8165140499659,-1000000.0,solver_failed_full,100.0,577.8165140499659,30.115982258451254,5.6986403391204865,7.931347407766567,0.0,0.0,20.0,line_search_failed,2.0,17.682331608012795,560.134182441953,20.0,543.0,116.0,48.311321559137625,0.062327725173556135,nonsingular_isothermal,1.0,0.01,2.0,0.3,1.0,0.0,strict_pass,1.0,none,none,,,1.0,1.0,1.0,1.0,1.0,1.0,0.0,0.0,0.0,0.0,0.0,4995.0,4995.0,1.0,inverse_phase_volume,geometric_mean,4995.0,4995.0,4995.0,0.0,540.0,0.0,0.0,1.3541747717817647e+35,3.747953609058621e+56,2.7677030226513714e+21,8.954900800199368e-15,24784506.012255013,4.034778823130618e-08,111670695445083.72,2.7677030226513756e+21,0.0
183.63980725242521,12.40334455776749,9282.041142734153,3.939241798438262,847.2451014330054,-847.2451014330054,pass_full,101.0,847.2451014330054,0.23351115568777914,0.000686048847738126,0.005621183039768533,1.0,1.0,35.0,none,0.0,39.27766339138785,807.9674380416174,20.0,543.0,124.0,24.331706121765528,0.11474171532392304,nonsingular_isothermal,1.0,0.01,2.0,0.3,1.0,0.0,strict_pass,1.0,none,none,,,0.998998998998999,1.0,0.998998998998999,0.9920508744038156,0.9958847736625515,0.9981481481481481,0.007949125596184436,0.004115226337448541,0.0018518518518518823,0.0,0.0,4990.0,4995.0,1.0,inverse_phase_volume,geometric_mean,4990.0,4990.0,4990.0,0.0,540.0,0.0,0.0,2.924350466047013e+41,1.855766046731648e+58,6.345908495845155e+16,4.93827867213586e-13,31337.864580357775,3.191027893543164e-05,2024997102011.436,6.345908495845132e+16,0.0
0.0,16.336762208111132,9015.197335993284,0.2,12060.563860736755,-12060.563860736755,pass_full,102.0,12060.563860736755,0.08387190679059131,0.0023760704800943905,0.016401378791353442,1.0,1.0,128.0,none,0.0,67.30275537790224,11993.261105358852,20.0,543.0,113.0,19.327946268157596,0.1217386861473242,nonsingular_isothermal,1.0,0.01,2.0,0.3,1.0,0.0,severe_coverage_warn,0.0,multiple,multiple,1;2;3;4;5;6;7;8,only 3908 planned phase-grid orbit(s) were attempted; 4246 are required by fill_pct=0.85 | total orbit coverage 0.54 is below 0.85 | shell_band minimum coverage 0.297 is below 0.8 | shell_band coverage gap 0.456 exceeds 0.1 | Lfrac minimum coverage 0.337 is below 0.8 | Lfrac coverage gap 0.441 exceeds 0.1 | third_integral minimum coverage 0.42 is below 0.8 | third_integral coverage gap 0.356 exceeds 0.1 | 33 planned shell-band/Lfrac/third-integral cells have no successful orbit,0.5399399399399399,0.7823823823823823,0.6901228249744115,0.2972972972972973,0.3366255144032922,0.4203703703703704,0.4562798092209857,0.4411522633744856,0.3555555555555555,33.0,1.0,2697.0,4995.0,1.0,inverse_phase_volume,geometric_mean,2697.0,2697.0,2697.0,0.0,423.0,0.0,0.0,1.0251594854545469e+39,3.53768615951508e+48,3450864192.069101,8.09419012361608e-07,2793.1950861386304,0.00035801294544822513,1235454.0537444777,3450864192.0691266,0.0
168.59375004240533,67.03351564312158,768024.1948764891,0.9019418258230909,876.2027136705469,-876.2027136705469,pass_full,103.0,876.2027136705469,0.017441749687122865,1.8203728463946544e-12,1.998634796789943e-12,1.0,1.0,19.0,none,0.0,36.14761521692032,840.0550984536267,20.0,543.0,98.0,30.358242125323518,0.05652020604016766,nonsingular_isothermal,1.0,0.01,2.0,0.3,1.0,0.0,strict_pass,1.0,none,none,,,0.998998998998999,1.0,0.998998998998999,0.9920508744038156,0.9958847736625515,0.9944444444444445,0.007949125596184436,0.004115226337448541,0.005555555555555536,0.0,0.0,4990.0,4995.0,1.0,inverse_phase_volume,geometric_mean,4990.0,4990.0,4990.0,0.0,540.0,0.0,0.0,6.213053154776207e+44,1.3784317669328288e+58,22186061065213.59,4.71971749223367e-09,104711.94049325374,9.550009247172979e-06,211877088.33113578,22186061065213.758,0.0
2.100023993523159,9.29914492591542,2968.511089858831,3.4188592424702353,3283.571943282448,-3283.571943282448,pass_full,104.0,3283.571943282448,0.19779610882960696,0.004774581749225889,0.04668479932576424,1.0,1.0,42.0,none,0.0,40.907117683470574,3242.664825598978,20.0,543.0,393.0,12.695697061857176,0.12904921958659904,nonsingular_isothermal,1.0,0.01,2.0,0.3,1.0,0.0,severe_coverage_warn,0.0,multiple,multiple,5;6;7;8,shell_band minimum coverage 0.782 is below 0.8 | shell_band coverage gap 0.218 exceeds 0.1 | Lfrac minimum coverage 0.728 is below 0.8 | Lfrac coverage gap 0.272 exceeds 0.1 | third_integral coverage gap 0.2 exceeds 0.1 | 9 planned shell-band/Lfrac/third-integral cells have no successful orbit,0.8958958958958959,1.0,0.8958958958958959,0.7821939586645469,0.7283950617283951,0.8,0.21780604133545312,0.2716049382716049,0.19999999999999996,9.0,0.0,4475.0,4995.0,1.0,inverse_phase_volume,geometric_mean,4475.0,4475.0,4475.0,0.0,540.0,0.0,0.0,2.691211739931683e+39,2.502839465217275e+51,930004662242.1505,3.300005765292687e-08,30690.20747148195,3.2583683278427595e-05,30302977.36195946,930004662242.1566,0.0
149.26401963300194,7.521573178303403,8241.640098998312,1.0740876882909305,795.3025315988991,-795.3025315988991,pass_full,105.0,795.3025315988991,0.2643424053143235,0.009872251246696677,0.017013273100510967,1.0,1.0,28.0,none,0.0,39.547961180962034,755.7545704179365,20.0,543.0,150.0,25.135703329763302,0.09716680410423321,nonsingular_isothermal,1.0,0.01,2.0,0.3,1.0,0.0,strict_pass,1.0,none,none,,,0.9987987987987988,1.0,0.9987987987987988,0.9904610492845787,0.9950617283950617,0.9981481481481481,0.009538950715421324,0.004938271604938316,0.0018518518518518823,0.0,0.0,4989.0,4995.0,1.0,inverse_phase_volume,geometric_mean,4989.0,4989.0,4989.0,0.0,540.0,0.0,0.0,3.0605217932770295e+42,9.52080183929141e+57,3110842687088690.0,7.387130101164257e-12,22980.199653779768,4.351572288605076e-05,135370568313.45015,3110842687088717.5,0.0
7.534582200539419,1958.277515359362,41832.55449835587,19.247572090408127,1720.4292199654572,-1720.4292199654572,pass_full,106.0,1720.4292199654572,0.21534933251814437,0.0009689795046655719,0.009474466267841146,1.0,1.0,52.0,none,0.0,16.97655109893358,1703.4526688665237,20.0,543.0,77.0,23.631084593533178,0.0802721344073592,nonsingular_isothermal,1.0,0.01,2.0,0.3,1.0,0.0,strict_pass,1.0,none,none,,,0.9893893893893894,1.0,0.9893893893893894,0.9666136724960255,0.9588477366255144,0.975925925925926,0.03338632750397452,0.04115226337448563,0.022222222222222143,0.0,0.0,4942.0,4995.0,1.0,inverse_phase_volume,geometric_mean,4942.0,4942.0,4942.0,0.0,540.0,0.0,0.0,2.2975655167948236e+39,1.7919578632964616e+52,7799376558350.769,1.1259972153161345e-09,8782.076285904928,0.00011386828893811611,888101663.4834576,7799376558350.792,0.0
93.94279218792147,2748.2298938977597,685.9396368556279,12.488256918812953,465.3099935712746,-465.3099935712746,pass_full,107.0,465.3099935712746,0.053383059340490036,7.430758672359328e-06,7.265630701862454e-05,1.0,1.0,37.0,none,0.0,5.74688448526388,459.56310908601085,20.0,543.0,140.0,41.46475293160201,0.06450731479978715,nonsingular_isothermal,1.0,0.01,2.0,0.3,1.0,0.0,strict_pass,1.0,none,none,,,0.9943943943943944,1.0,0.9943943943943944,0.9554848966613673,0.9769547325102881,0.9833333333333333,0.04451510333863273,0.023045267489711918,0.01666666666666672,0.0,0.0,4967.0,4995.0,1.0,inverse_phase_volume,geometric_mean,4967.0,4967.0,4967.0,0.0,540.0,0.0,0.0,9.958767463861157e+35,2.947256742102646e+55,2.9594593435360244e+19,9.554919523678016e-13,28277395.861083563,3.536393538190829e-08,1046581289901.9224,2.9594593435360113e+19,0.0
45.61184308549373,29.990699941337343,33168.651713250256,11.085911666222833,772.0052614153653,-772.0052614153653,pass_full,108.0,772.0052614153653,0.007607576986970344,0.0006102651212581151,0.006865482614153795,1.0,1.0,61.0,none,0.0,23.476208115117043,748.5290533002484,20.0,543.0,154.0,34.89874887569947,0.08077920999862441,nonsingular_isothermal,1.0,0.01,2.0,0.3,1.0,0.0,strict_pass,1.0,none,none,,,0.9987987987987988,1.0,0.9987987987987988,0.9904610492845787,0.9950617283950617,0.9888888888888889,0.009538950715421324,0.004938271604938316,0.011111111111111072,0.0,0.0,4989.0,4995.0,1.0,inverse_phase_volume,geometric_mean,4989.0,4989.0,4989.0,0.0,540.0,0.0,0.0,1.3448222698983852e+41,4.5509317015899374e+55,338403951470390.6,9.194898037558508e-11,31115.89829277152,3.213791196355428e-05,10875596400.474354,338403951470392.0,0.0
143.65232183732778,1590.8162736827892,0.0,9.739633515690558,510.6774855446533,-510.6774855446533,pass_no_bh,99.0,510.6774855446533,0.02663165739835449,3.75543434526761e-13,2.5276592067330806e-12,1.0,1.0,20.0,none,0.0,16.02550703524431,494.65197850940905,20.0,543.0,3457.0,30.601380951395754,0.08371491656054493,nonsingular_isothermal,1.0,0.01,2.0,0.3,1.0,0.0,strict_pass,1.0,none,none,,,1.0,1.0,1.0,1.0,1.0,1.0,0.0,0.0,0.0,0.0,0.0,4995.0,4995.0,1.0,inverse_phase_volume,geometric_mean,4995.0,4995.0,4995.0,0.0,540.0,0.0,0.0,1.3056755051403914e+34,1.1459369471500674e+57,8.776583022646593e+22,5.5685974411522255e-15,488732577.61970186,2.046108742884194e-09,179578432552862.94,8.776583022646648e+22,0.0
93.94279218792147,2748.2298938977597,0.0,12.488256918812953,464.1283827508607,-464.1283827508607,pass_no_bh,107.0,464.1283827508607,0.206664099309819,0.0006283482492127195,0.005913986048125262,1.0,1.0,46.0,none,0.0,5.744667828205386,458.38371492265526,20.0,543.0,190.0,43.522432464243714,0.06900108180679664,nonsingular_isothermal,1.0,0.01,2.0,0.3,1.0,0.0,strict_pass,1.0,none,none,,,0.9997997997997998,1.0,0.9997997997997998,0.9984101748807631,0.9991769547325103,0.9981481481481481,0.0015898251192368873,0.0008230452674896638,0.0018518518518518823,0.0,0.0,4994.0,4995.0,1.0,inverse_phase_volume,geometric_mean,4994.0,4994.0,4994.0,0.0,540.0,0.0,0.0,2.531201451436996e+32,2.9415440462519105e+55,1.1621137640316845e+23,1.8230901790419416e-15,211863819.01356325,4.72001309452456e-09,548519218355678.6,1.1621137640316867e+23,0.0
0.0,1590.8162736827892,1393147.1855482792,9.739633515690558,2010.7999890403653,-2010.7999890403653,pass_no_halo,99.0,2010.7999890403653,0.19892864774806185,0.00010781253340600012,0.0009882815562216678,1.0,1.0,37.0,none,0.0,23.40828052689174,1987.3917085134733,20.0,543.0,51.0,18.12046211597253,0.10140565575583105,none,1.0,0.01,2.0,0.3,1.0,0.0,severe_coverage_warn,0.0,multiple,multiple,1;2;4;5;6;7;8,total orbit coverage 0.731 is below 0.85 | shell_band minimum coverage 0.475 is below 0.8 | shell_band coverage gap 0.435 exceeds 0.1 | Lfrac minimum coverage 0.48 is below 0.8 | Lfrac coverage gap 0.52 exceeds 0.1 | third_integral minimum coverage 0.556 is below 0.8 | third_integral coverage gap 0.444 exceeds 0.1 | 33 planned shell-band/Lfrac/third-integral cells have no successful orbit,0.7305305305305305,1.0,0.7305305305305305,0.47466216216216217,0.47983539094650207,0.5555555555555556,0.4347178060413355,0.5201646090534979,0.4444444444444444,33.0,0.0,3649.0,4995.0,1.0,inverse_phase_volume,geometric_mean,3649.0,3649.0,3649.0,0.0,540.0,0.0,0.0,2.1432498871818322e+43,1.5670542264120968e+52,731157965.1930474,1.6841785178033722e-06,1231.4005380989718,0.0008120834521834736,593761.2844654215,731157965.1930566,0.0
0.0,2748.2298938977597,685.9396368556279,12.488256918812953,2564.547945289707,-2564.547945289707,pass_no_halo,107.0,2564.547945289707,0.150191661993631,0.003313214365688711,0.03239587379784518,1.0,1.0,55.0,none,0.0,20.149035372783693,2544.398909916923,20.0,543.0,121.0,12.720912906432083,0.14919330374873987,none,1.0,0.01,2.0,0.3,1.0,0.0,severe_coverage_warn,0.0,multiple,multiple,3;4;5;6;7;8,total orbit coverage 0.649 is below 0.85 | shell_band minimum coverage 0.287 is below 0.8 | shell_band coverage gap 0.713 exceeds 0.1 | Lfrac minimum coverage 0.398 is below 0.8 | Lfrac coverage gap 0.602 exceeds 0.1 | third_integral minimum coverage 0.519 is below 0.8 | third_integral coverage gap 0.378 exceeds 0.1 | 41 planned shell-band/Lfrac/third-integral cells have no successful orbit,0.6494494494494495,1.0,0.6494494494494495,0.28716216216216217,0.39753086419753086,0.5185185185185185,0.7128378378378378,0.6024691358024692,0.37777777777777777,41.0,0.0,3244.0,4995.0,1.0,inverse_phase_volume,geometric_mean,3244.0,3244.0,3244.0,0.0,540.0,1.0,9.0,3.815288089442813e+32,4.94623080018799e+51,1.2964239355540621e+19,2.0420712424682894e-14,264739.0036842508,3.7773051423608174e-06,48969887984479.984,1.2964239355540597e+19,0.0
200.0,1590.8162736827892,0.0,9.739633515690558,508.29889896062315,-1000000.0,solver_failed_no_bh_halo_up,99.0,508.29889896062315,4.847606760449708e-10,0.08450642870304008,0.009961023263235018,0.0,0.0,61.0,line_search_failed,2.0,20.13174679127591,488.1671521693472,20.0,543.0,158.0,28.310902284951357,0.11250645309475041,nonsingular_isothermal,1.0,0.01,2.0,0.3,1.0,0.0,strict_pass,1.0,none,none,,,1.0,1.0,1.0,1.0,1.0,1.0,0.0,0.0,0.0,0.0,0.0,4995.0,4995.0,1.0,inverse_phase_volume,geometric_mean,4995.0,4995.0,4995.0,0.0,540.0,0.0,0.0,5.877678738268337e+34,4.1659436321873344e+57,7.087736192629492e+22,7.913744350658614e-15,560905322.533807,1.7828320749081995e-09,126362434227076.83,7.08773619262955e+22,0.0
71.82616091866389,1590.8162736827892,0.0,9.739633515690558,478.6213567742643,-478.6213567742643,pass_no_bh_halo_down,99.0,478.6213567742643,0.23370998910598928,4.1328392875260944e-05,0.0004649444198466856,1.0,1.0,43.0,none,0.0,4.711531692459166,473.90982508180514,20.0,543.0,157.0,37.50134833930984,0.07254049319673446,nonsingular_isothermal,1.0,0.01,2.0,0.3,1.0,0.0,strict_pass,1.0,none,none,,,1.0,1.0,1.0,1.0,1.0,1.0,0.0,0.0,0.0,0.0,0.0,4995.0,4995.0,1.0,inverse_phase_volume,geometric_mean,4995.0,4995.0,4995.0,0.0,540.0,0.0,0.0,7.090060861213271e+32,7.191343932396241e+55,1.0142852188670265e+23,3.25585379877031e-15,330236438.28848004,3.02813343428336e-09,307139098315067.44,1.0142852188670317e+23,0.0
143.65232183732778,3181.6325473655784,0.0,9.739633515690558,505.9168559942563,-505.9168559942563,pass_no_bh_halo_scale_up,99.0,505.9168559942563,0.21049520286356938,0.0013845207058940739,0.015310711530199245,1.0,1.0,30.0,none,0.0,4.901898549995035,501.01495744426126,20.0,543.0,135.0,53.056181137355395,0.036109206114287674,nonsingular_isothermal,1.0,0.01,2.0,0.3,1.0,0.0,strict_pass,1.0,none,none,,,1.0,1.0,1.0,1.0,1.0,1.0,0.0,0.0,0.0,0.0,0.0,4995.0,4995.0,1.0,inverse_phase_volume,geometric_mean,4995.0,4995.0,4995.0,0.0,540.0,0.0,0.0,7.3083966121017e+32,2.2921438346395675e+56,3.13631560559274e+23,3.1334735163646854e-15,982756188.9086151,1.0175463775105144e-09,319134658320059.75,3.1363156055927495e+23,0.0
143.65232183732778,795.4081368413946,0.0,9.739633515690558,544.3881049010655,-544.3881049010655,pass_no_bh_halo_scale_down,99.0,544.3881049010655,0.2511029240146172,7.288258437548737e-12,6.7779476407305e-11,1.0,1.0,46.0,none,0.0,20.020072187728573,524.3680327133372,20.0,543.0,200.0,57.39401280834584,0.036265064762661635,nonsingular_isothermal,1.0,0.01,2.0,0.3,1.0,0.0,strict_pass,1.0,none,none,,,1.0,1.0,1.0,1.0,1.0,1.0,0.0,0.0,0.0,0.0,0.0,4995.0,4995.0,1.0,inverse_phase_volume,geometric_mean,4995.0,4995.0,4995.0,0.0,540.0,0.0,0.0,6.110802995679874e+33,3.746633130100889e+57,6.131163339334665e+23,2.481388950995039e-16,152138009.6697071,6.5729793768895e-09,4030001018578725.0,6.131163339334595e+23,0.0
143.65232183732778,1590.8162736827892,0.0,19.479267031381116,530.1885052775547,-530.1885052775547,pass_no_bh_ml_up,99.0,530.1885052775547,0.11540871868726299,0.0033573338708078565,0.011986646497976742,1.0,1.0,47.0,none,0.0,15.067061450855693,515.1214438266991,20.0,543.0,149.0,27.258606606760505,0.11254216087339478,nonsingular_isothermal,1.0,0.01,2.0,0.3,1.0,0.0,strict_pass,1.0,none,none,,,1.0,1.0,1.0,1.0,1.0,1.0,0.0,0.0,0.0,0.0,0.0,4995.0,4995.0,1.0,inverse_phase_volume,geometric_mean,4995.0,4995.0,4995.0,0.0,540.0,0.0,0.0,1.1303992202511006e+34,8.331350786232617e+56,7.3702729416090155e+22,3.8083848079310605e-15,280688355.01129377,3.5626700650255477e-09,262578507801384.44,7.370272941609077e+22,0.0
143.65232183732778,1590.8162736827892,0.0,4.869816757845279,479.64948478363146,-479.64948478363146,pass_no_bh_ml_down,99.0,479.64948478363146,0.09744866616421177,2.391494009649998e-05,0.00016096358757958988,1.0,1.0,47.0,none,0.0,17.985231069694507,461.6642537139369,20.0,543.0,170.0,37.90768435233337,0.07303328942575703,nonsingular_isothermal,1.0,0.01,2.0,0.3,1.0,0.0,strict_pass,1.0,none,none,,,1.0,1.0,1.0,1.0,1.0,1.0,0.0,0.0,0.0,0.0,0.0,4995.0,4995.0,1.0,inverse_phase_volume,geometric_mean,4995.0,4995.0,4995.0,0.0,540.0,0.0,0.0,1.570137823208155e+34,1.1166697131439381e+57,7.111921620118185e+22,8.089062605210527e-15,575287792.2848595,1.7382604209769846e-09,123623718693418.84,7.111921620118145e+22,0.0
187.88558437584294,2748.2298938977597,0.0,12.488256918812953,543.8451050877566,-543.8451050877566,pass_no_bh_halo_up,107.0,543.8451050877566,0.20180806769337778,2.7444298868444265e-05,0.00027248268162241096,1.0,1.0,44.0,none,0.0,14.146042414151662,529.6990626736049,20.0,543.0,193.0,38.08999779117986,0.06894388906887165,nonsingular_isothermal,1.0,0.01,2.0,0.3,1.0,0.0,strict_pass,1.0,none,none,,,1.0,1.0,1.0,1.0,1.0,1.0,0.0,0.0,0.0,0.0,0.0,4995.0,4995.0,1.0,inverse_phase_volume,geometric_mean,4995.0,4995.0,4995.0,0.0,540.0,0.0,0.0,4.260201814808731e+33,1.0629078984697506e+57,2.4949707658801878e+23,4.0437604472682764e-15,1008906410.0156904,9.911722138671396e-10,247294569755124.94,2.4949707658801784e+23,0.0
46.971396093960735,2748.2298938977597,0.0,12.488256918812953,inf,-1000000.0,physics_exception_no_bh_halo_down,107.0,inf,inf,inf,inf,0.0,0.0,0.0,exception,3.0,inf,inf,0.0,0.0,0.0,0.0,0.0,nonsingular_isothermal,1.0,0.01,2.0,0.3,1.0,0.0,strict_pass,1.0,none,none,,,1.0,1.0,1.0,1.0,1.0,1.0,0.0,0.0,0.0,0.0,0.0,4995.0,4995.0,1.0,inverse_phase_volume,geometric_mean,4995.0,4995.0,4995.0,0.0,540.0,1.0,8.0,1.7668832781564147e+31,2.1185578308074498e+54,1.1990366635978219e+23,6.344553451696669e-16,76073522.02740404,1.3145178155939317e-08,1576155055849641.5,1.1990366635978195e+23,0.0
93.94279218792147,5000.0,0.0,12.488256918812953,687.8629990021814,-687.8629990021814,pass_no_bh_halo_scale_up,107.0,687.8629990021814,0.05669126579675776,0.0013630796209854405,0.013327889627413195,1.0,1.0,50.0,none,0.0,9.817694052304681,678.0453049498766,20.0,543.0,142.0,28.7664855141349,0.07072435827362927,nonsingular_isothermal,1.0,0.01,2.0,0.3,1.0,0.0,strict_pass,1.0,none,none,,,1.0,1.0,1.0,1.0,1.0,1.0,0.0,0.0,0.0,0.0,0.0,4995.0,4995.0,1.0,inverse_phase_volume,geometric_mean,4995.0,4995.0,4995.0,0.0,540.0,0.0,0.0,1.7375207827153759e+31,5.077687467603104e+54,2.9223750979644443e+23,5.219121080310313e-16,152522294.7836015,6.556418531591064e-09,1916031424855433.8,2.9223750979644446e+23,0.0
93.94279218792147,1374.1149469488798,0.0,12.488256918812953,536.6846585788452,-536.6846585788452,pass_no_bh_halo_scale_down,107.0,536.6846585788452,0.1099189218872425,0.0009526329643920539,0.00993312800960988,1.0,1.0,37.0,none,0.0,12.398906862429987,524.285751716415,20.0,543.0,155.0,40.634046181719945,0.07382493320924603,nonsingular_isothermal,1.0,0.01,2.0,0.3,1.0,0.0,strict_pass,1.0,none,none,,,0.9967967967967968,1.0,0.9967967967967968,0.9745627980922098,0.9934156378600824,0.9944444444444445,0.025437201907790197,0.006584362139917643,0.005555555555555536,0.0,0.0,4979.0,4995.0,1.0,inverse_phase_volume,geometric_mean,4979.0,4979.0,4979.0,0.0,540.0,0.0,0.0,4.0944841894938516e+33,1.8085539529420477e+56,4.41704954578324e+22,4.3309061744927616e-15,191298271.5087275,5.22743876415202e-09,230898560188069.78,4.417049545783163e+22,0.0
93.94279218792147,2748.2298938977597,0.0,20.0,475.9547899693025,-475.9547899693025,pass_no_bh_ml_up,107.0,475.9547899693025,0.17084840465645357,0.009922517001549593,0.1116283162674329,1.0,1.0,34.0,none,0.0,4.190783025539101,471.7640069437633,20.0,543.0,145.0,38.01486683230458,0.07765250256753035,nonsingular_isothermal,1.0,0.01,2.0,0.3,1.0,0.0,strict_pass,1.0,none,none,,,1.0,1.0,1.0,1.0,1.0,1.0,0.0,0.0,0.0,0.0,0.0,4995.0,4995.0,1.0,inverse_phase_volume,geometric_mean,4995.0,4995.0,4995.0,0.0,540.0,0.0,0.0,2.6295654128954703e+32,4.1735380070472965e+55,1.587158846317394e+23,1.411218675240941e-15,223982820.4496951,4.464628126354863e-09,708607402626150.4,1.5871588463173784e+23,0.0
93.94279218792147,2748.2298938977597,0.0,6.244128459406476,482.59231137643593,-482.59231137643593,pass_no_bh_ml_down,107.0,482.59231137643593,0.01587868489207267,1.858434085792185e-10,1.5227192929519175e-09,1.0,1.0,32.0,none,0.0,6.427610275020545,476.1647011014154,20.0,543.0,155.0,42.421471654987826,0.05043707086749693,nonsingular_isothermal,1.0,0.01,2.0,0.3,1.0,0.0,strict_pass,1.0,none,none,,,1.0,1.0,1.0,1.0,1.0,1.0,0.0,0.0,0.0,0.0,0.0,4995.0,4995.0,1.0,inverse_phase_volume,geometric_mean,4995.0,4995.0,4995.0,0.0,540.0,0.0,0.0,2.173881455909567e+32,6.685468856396754e+55,3.075360359794554e+23,2.6097835694008595e-15,802602493.697862,1.245946789166653e-09,383173536581646.44,3.075360359794584e+23,0.0
68.9159021165314,2.2418423906510228,89481.11921786575,6.808657026688094,718.3897897414693,-718.3897897414693,pass_full,109.0,718.3897897414693,0.21657278792531542,0.0063358186808158525,0.06624450420719685,1.0,1.0,57.0,none,0.0,33.51047510621366,684.8793146352559,20.0,543.0,160.0,39.06882958927611,0.07024346080294608,nonsingular_isothermal,1.0,0.01,2.0,0.3,1.0,0.0,strict_pass,1.0,none,none,,,1.0,1.0,1.0,1.0,1.0,1.0,0.0,0.0,0.0,0.0,0.0,4995.0,4995.0,1.0,inverse_phase_volume,geometric_mean,4995.0,4995.0,4995.0,0.0,540.0,0.0,0.0,4.369195841174084e+44,4.556785213370515e+56,1042934530521.3013,1.1307906969306672e-08,11793.406646212472,8.479314162555028e-05,88433695.35266998,1042934530521.3071,0.0
125.47192830740146,45.36672071090509,50926.316603215884,5.700596335633495,752.779589410393,-752.779589410393,pass_full,110.0,752.779589410393,0.22743760585558448,0.006603253536803504,0.059442176898488894,1.0,1.0,46.0,none,0.0,37.52293355970748,715.2566558506854,20.0,543.0,224.0,32.24490869130221,0.0965274896445393,nonsingular_isothermal,1.0,0.01,2.0,0.3,1.0,0.0,strict_pass,1.0,none,none,,,1.0,1.0,1.0,1.0,1.0,1.0,0.0,0.0,0.0,0.0,0.0,4995.0,4995.0,1.0,inverse_phase_volume,geometric_mean,4995.0,4995.0,4995.0,0.0,540.0,0.0,0.0,1.873039949192598e+41,4.780530153141395e+57,2.552284138521506e+16,4.922375689246773e-12,125633.01395508468,7.959691234960837e-06,203153936865.19305,2.5522841385215188e+16,0.0
152.57701192566415,27.250370019361107,325183.0241778192,0.2,796.7867206543675,-796.7867206543675,pass_full,111.0,796.7867206543675,0.20816406314361302,0.007503343989435107,0.04644459890688899,1.0,1.0,56.0,none,0.0,32.451272433825906,764.3354482205417,20.0,543.0,130.0,22.80636792157924,0.10408676807857595,nonsingular_isothermal,1.0,0.01,2.0,0.3,1.0,0.0,strict_pass,1.0,none,none,,,1.0,1.0,1.0,1.0,1.0,1.0,0.0,0.0,0.0,0.0,0.0,4995.0,4995.0,1.0,inverse_phase_volume,geometric_mean,4995.0,4995.0,4995.0,0.0,540.0,0.0,0.0,2.945854958299609e+44,8.253757973313044e+57,28018208941546.92,1.5141989223887973e-09,42425.14178655467,2.3570928885308264e-05,660415210.454913,28018208941547.023,0.0
176.67077334351075,956.1971504748026,32871.46100917079,13.389000832640924,543.0414664267429,-543.0414664267429,pass_full,112.0,543.0414664267429,0.1731995348786768,0.008190445954450542,0.06710891802980225,1.0,1.0,69.0,none,0.0,21.112552814475176,521.9289136122677,20.0,543.0,177.0,47.02141687668454,0.04294368924119933,nonsingular_isothermal,1.0,0.01,2.0,0.3,1.0,0.0,strict_pass,1.0,none,none,,,0.9985985985985986,1.0,0.9985985985985986,0.9888712241653418,0.994238683127572,0.9981481481481481,0.011128775834658211,0.0057613168724279795,0.0018518518518518823,0.0,0.0,4988.0,4995.0,1.0,inverse_phase_volume,geometric_mean,4988.0,4988.0,4988.0,0.0,540.0,0.0,0.0,3.3533892677966278e+41,6.793891782893154e+57,2.025977672242369e+16,1.4998037845909928e-09,30385689.803259674,3.2910228679183166e-08,666753884.9241583,2.0259776722423772e+16,0.0
196.32205344704622,221.24805542120814,0.0,5.416719041024997,800.7943217455654,-800.7943217455654,pass_full,113.0,800.7943217455654,0.008941570543811395,2.5776712047734046e-12,1.778156000701751e-12,1.0,1.0,21.0,none,0.0,36.41375351152238,764.380568234043,20.0,543.0,869.0,21.734348482145712,0.13532696698551025,nonsingular_isothermal,1.0,0.01,2.0,0.3,1.0,0.0,strict_pass,1.0,none,none,,,1.0,1.0,1.0,1.0,1.0,1.0,0.0,0.0,0.0,0.0,0.0,4995.0,4995.0,1.0,inverse_phase_volume,geometric_mean,4995.0,4995.0,4995.0,0.0,540.0,0.0,0.0,8.062275253615157e+36,1.969780150482373e+58,2.443206276787828e+21,7.403372842472641e-15,18087966.99812981,5.528537287266137e-08,135073570017042.61,2.443206276787843e+21,0.0
133.82754965820104,519.9524266986028,404775.44749059004,8.5565937312591,569.8803428767941,-569.8803428767941,pass_full,114.0,569.8803428767941,0.015070385680360232,0.00289706571439754,0.0005733667827568901,1.0,1.0,43.0,none,0.0,24.440048966258416,545.4402939105358,20.0,543.0,114.0,34.32062289538527,0.09971467973981865,nonsingular_isothermal,1.0,0.01,2.0,0.3,1.0,0.0,strict_pass,1.0,none,none,,,0.9977977977977978,1.0,0.9977977977977978,0.9825119236883942,0.9909465020576131,0.987037037037037,0.01748807631160576,0.009053497942386857,0.012962962962962954,0.0,0.0,4984.0,4995.0,1.0,inverse_phase_volume,geometric_mean,4984.0,4984.0,4984.0,0.0,540.0,0.0,0.0,4.842127272320252e+41,4.245650629204789e+57,8768151662338187.0,3.1976754898152117e-10,2803770.3661641236,3.5666258979978935e-07,3127271679.646856,8768151662338159.0,0.0
126.43153955548256,1.5742562463317364,35230.91243677743,11.975172415273713,746.4358197803688,-1000000.0,solver_failed_full,115.0,746.4358197803688,9.079019491764484e-08,1.7177055044486456,2.902004911370971,0.0,0.0,18.0,line_search_failed,2.0,38.949453273936854,707.4863665064318,20.0,543.0,64.0,33.867370544920725,0.06965014546049407,nonsingular_isothermal,1.0,0.01,2.0,0.3,1.0,0.0,strict_pass,1.0,none,none,,,1.0,1.0,1.0,1.0,1.0,1.0,0.0,0.0,0.0,0.0,0.0,4995.0,4995.0,1.0,inverse_phase_volume,geometric_mean,4995.0,4995.0,4995.0,0.0,540.0,0.0,0.0,3.5333024114972327e+44,5.1626939166573854e+57,14611525749559.885,7.549658270887599e-10,11031.20262254528,9.065194740927218e-05,1324563263.8183396,14611525749560.002,0.0
52.46647944447928,11.212245724521795,83023.3604190046,16.944870158853337,726.4847957557683,-1000000.0,solver_failed_full,116.0,726.4847957557683,15.670344769701614,0.4090662440492422,0.6968581774120854,0.0,0.0,20.0,line_search_failed,2.0,28.941671578233723,697.5431241775345,20.0,543.0,78.0,40.72991796787301,0.05166493572528988,nonsingular_isothermal,1.0,0.01,2.0,0.3,1.0,0.0,strict_pass,1.0,none,none,,,1.0,1.0,1.0,1.0,1.0,1.0,0.0,0.0,0.0,0.0,0.0,4995.0,4995.0,1.0,inverse_phase_volume,geometric_mean,4995.0,4995.0,4995.0,0.0,540.0,0.0,0.0,5.159156899370069e+42,1.3153321165543243e+56,25495098176117.223,7.965077300336154e-10,20307.042775243175,4.924399928970086e-05,1255480596.4755628,25495098176117.07,0.0
163.3533042888272,163.20960956957848,292.38399764298583,19.862993428073743,756.7036863806877,-756.7036863806877,pass_full,117.0,756.7036863806877,0.1344907590874982,1.415180431358823e-11,1.5822052891390387e-10,1.0,1.0,34.0,none,0.0,24.5358026773474,732.1678837033404,20.0,543.0,89.0,22.506392370398984,0.14476806110928223,nonsingular_isothermal,1.0,0.01,2.0,0.3,1.0,0.0,strict_pass,1.0,none,none,,,1.0,1.0,1.0,1.0,1.0,1.0,0.0,0.0,0.0,0.0,0.0,4995.0,4995.0,1.0,inverse_phase_volume,geometric_mean,4995.0,4995.0,4995.0,0.0,540.0,0.0,0.0,1.2866039853324814e+39,1.27080336049433e+58,9.877191233524212e+18,3.2017459719332294e-13,3162425.724595079,3.1621296026740395e-07,3123295879079.986,9.877191233524349e+18,0.0
0.0,58.76492316239243,630.718884034135,7.4493652312397645,3122.237968611871,-3122.237968611871,pass_full,118.0,3122.237968611871,0.022609123258462205,0.008248844888080776,0.08001287689928807,1.0,1.0,56.0,none,0.0,69.75457882401216,3052.4833897878584,20.0,543.0,324.0,20.81874071388398,0.08108303327312297,nonsingular_isothermal,1.0,0.01,2.0,0.3,1.0,0.0,severe_coverage_warn,0.0,multiple,multiple,3;4;5;6;7;8,total orbit coverage 0.655 is below 0.85 | shell_band minimum coverage 0.289 is below 0.8 | shell_band coverage gap 0.711 exceeds 0.1 | Lfrac minimum coverage 0.427 is below 0.8 | Lfrac coverage gap 0.573 exceeds 0.1 | third_integral minimum coverage 0.513 is below 0.8 | third_integral coverage gap 0.397 exceeds 0.1 | 39 planned shell-band/Lfrac/third-integral cells have no successful orbit,0.655055055055055,1.0,0.655055055055055,0.28885135135135137,0.4271604938271605,0.512962962962963,0.7111486486486487,0.5728395061728395,0.3966666666666667,39.0,0.0,3272.0,4995.0,1.0,inverse_phase_volume,geometric_mean,3272.0,3272.0,3272.0,0.0,540.0,1.0,9.0,2.3915077676344696e+36,1.76144564788255e+51,736541888644945.6,2.985747417759698e-10,219912.8042093505,4.547256825700924e-06,3349245130.5553904,736541888644948.1,0.0
109.56458402052071,1.0,12702.454515912088,1.074610471605069,707.9310356905416,-707.9310356905416,pass_full,119.0,707.9310356905416,0.006043049804816292,7.208489687730954e-13,3.410177387388715e-13,1.0,1.0,34.0,none,0.0,37.94701875806428,669.9840169324775,20.0,543.0,89.0,31.28373554192297,0.06545122097151646,nonsingular_isothermal,1.0,0.01,2.0,0.3,1.0,0.0,strict_pass,1.0,none,none,,,1.0,1.0,1.0,1.0,1.0,1.0,0.0,0.0,0.0,0.0,0.0,4995.0,4995.0,1.0,inverse_phase_volume,geometric_mean,4995.0,4995.0,4995.0,0.0,540.0,0.0,0.0,1.3282351638744618e+47,2.8692754997760313e+57,21602164871.214184,4.42524136657564e-07,9559.47935956834,0.00010460820745421381,2259763.744308086,21602164871.21402,0.0
133.60942657077257,2.7773586101422993,0.0,14.34119415711471,756.2800686701037,-1000000.0,solver_failed_full,120.0,756.2800686701037,7.46979852922891,1.9617675747503656,0.06462374470111985,0.0,0.0,20.0,line_search_failed,2.0,39.25545910874283,717.0246095613611,20.0,543.0,62.0,31.052538355484703,0.06623700332682135,nonsingular_isothermal,1.0,0.01,2.0,0.3,1.0,0.0,strict_pass,1.0,none,none,,,0.9983983983983984,1.0,0.9983983983983984,0.9872813990461049,0.994238683127572,0.9962962962962963,0.012718600953895098,0.0057613168724279795,0.0037037037037036535,0.0,0.0,4987.0,4995.0,1.0,inverse_phase_volume,geometric_mean,4987.0,4987.0,4987.0,0.0,540.0,0.0,0.0,1.705033552286734e+43,6.380752205630775e+57,374230301630904.75,3.808557006730637e-11,14252.77437407329,7.01617785951249e-05,26256663566.61484,374230301630911.75,0.0
176.67077334351075,956.1971504748026,0.0,13.389000832640924,545.5873776427256,-545.5873776427256,pass_no_bh,112.0,545.5873776427256,0.0036246704621589743,3.997070129439802e-12,1.3810091885573098e-12,1.0,1.0,29.0,none,0.0,21.50005596819186,524.0873216745335,20.0,543.0,431.0,36.13572798026397,0.070477776314791,nonsingular_isothermal,1.0,0.01,2.0,0.3,1.0,0.0,strict_pass,1.0,none,none,,,0.9991991991991992,1.0,0.9991991991991992,0.9936406995230525,0.9967078189300411,0.9981481481481481,0.006359300476947549,0.003292181069958877,0.0018518518518518823,0.0,0.0,4991.0,4995.0,1.0,inverse_phase_volume,geometric_mean,4991.0,4991.0,4991.0,0.0,540.0,0.0,0.0,4.1089786481163344e+35,6.794276071522242e+57,1.6535194395904003e+22,1.406086562269878e-14,232499146.44600624,4.301091058982584e-09,71119376774761.06,1.6535194395903869e+22,0.0
0.0,956.1971504748026,32871.46100917079,13.389000832640924,2455.1349714611124,-2455.1349714611124,pass_no_halo,112.0,2455.1349714611124,0.015288183296434,0.00759807049532851,0.07944321060304697,1.0,1.0,60.0,none,0.0,23.047122298945936,2432.0878491621656,20.0,543.0,812.0,14.47334304191826,0.1362750098506733,none,1.0,0.01,2.0,0.3,1.0,0.0,severe_coverage_warn,0.0,multiple,multiple,3;4;5;6;7;8,total orbit coverage 0.645 is below 0.85 | shell_band minimum coverage 0.289 is below 0.8 | shell_band coverage gap 0.679 exceeds 0.1 | Lfrac minimum coverage 0.42 is below 0.8 | Lfrac coverage gap 0.58 exceeds 0.1 | third_integral minimum coverage 0.515 is below 0.8 | third_integral coverage gap 0.399 exceeds 0.1 | 41 planned shell-band/Lfrac/third-integral cells have no successful orbit,0.6446446446446447,1.0,0.6446446446446447,0.28885135135135137,0.41975308641975306,0.5148148148148148,0.6793521462639109,0.5802469135802469,0.3992592592592592,41.0,0.0,3220.0,4995.0,1.0,inverse_phase_volume,geometric_mean,3220.0,3220.0,3220.0,0.0,540.0,0.0,0.0,9.233029931706023e+39,9.323216710696692e+51,1009767842155.5822,3.068552989140225e-08,30985.26130384182,3.227340864399976e-05,32588650.205456905,1009767842155.5807,0.0
200.0,956.1971504748026,0.0,13.389000832640924,554.2171692796906,-554.2171692796906,pass_no_bh_halo_up,112.0,554.2171692796906,0.017974731309664094,6.377160451892775e-07,6.667675539145668e-06,1.0,1.0,38.0,none,0.0,19.11351056112949,535.1036587185608,20.0,543.0,227.0,44.46084244815055,0.07555380485971806,nonsingular_isothermal,1.0,0.01,2.0,0.3,1.0,0.0,strict_pass,1.0,none,none,,,1.0,1.0,1.0,1.0,1.0,1.0,0.0,0.0,0.0,0.0,0.0,4995.0,4995.0,1.0,inverse_phase_volume,geometric_mean,4995.0,4995.0,4995.0,0.0,540.0,0.0,0.0,3.952313967588972e+34,1.093332591036044e+58,2.7663100654501117e+23,8.726314228558677e-16,241396908.8474217,4.142555117108247e-09,1145959191713830.5,2.7663100654500862e+23,0.0
88.33538667175537,956.1971504748026,0.0,13.389000832640924,562.1450831857821,-562.1450831857821,pass_no_bh_halo_down,112.0,562.1450831857821,0.08484758210181553,0.00017111427874199833,0.001698920338938412,1.0,1.0,45.0,none,0.0,19.23225790725452,542.9128252785275,20.0,543.0,3083.0,45.684267449508916,0.06421630405878918,nonsingular_isothermal,1.0,0.01,2.0,0.3,1.0,0.0,strict_pass,1.0,none,none,,,1.0,1.0,1.0,1.0,1.0,1.0,0.0,0.0,0.0,0.0,0.0,4995.0,4995.0,1.0,inverse_phase_volume,geometric_mean,4995.0,4995.0,4995.0,0.0,540.0,0.0,0.0,1.5617104280950898e+34,3.281477997125535e+56,2.1012077130893893e+22,6.37127155991334e-15,133873649.43876801,7.469729884799969e-09,156954540486358.06,2.101207713089362e+22,0.0
176.67077334351075,1912.3943009496052,0.0,13.389000832640924,512.117025993878,-1000000.0,solver_failed_no_bh_halo_scale_up,112.0,512.117025993878,0.028617667965249893,0.7310530849584748,0.18640454645956614,0.0,0.0,42.0,line_search_failed,2.0,16.768210737992945,495.34881525588514,20.0,543.0,136.0,31.54837356700097,0.08907894241430567,nonsingular_isothermal,1.0,0.01,2.0,0.3,1.0,0.0,strict_pass,1.0,none,none,,,1.0,1.0,1.0,1.0,1.0,1.0,0.0,0.0,0.0,0.0,0.0,4995.0,4995.0,1.0,inverse_phase_volume,geometric_mean,4995.0,4995.0,4995.0,0.0,540.0,0.0,0.0,1.6395858547857803e+34,1.5713058549293945e+57,9.583553373206512e+22,5.942839547419134e-15,569535199.9109387,1.755817726729402e-09,168269728977334.03,9.583553373206542e+22,0.0
176.67077334351075,478.0985752374013,0.0,13.389000832640924,605.060211254882,-605.060211254882,pass_no_bh_halo_scale_down,112.0,605.060211254882,0.1036567783449982,0.004366497007045905,0.040308703163253974,1.0,1.0,75.0,none,0.0,26.93567454970689,578.1245367051747,20.0,543.0,403.0,35.15583968071712,0.07583127113662393,nonsingular_isothermal,1.0,0.01,2.0,0.3,1.0,0.0,strict_pass,1.0,none,none,,,1.0,1.0,1.0,1.0,1.0,1.0,0.0,0.0,0.0,0.0,0.0,4995.0,4995.0,1.0,inverse_phase_volume,geometric_mean,4995.0,4995.0,4995.0,0.0,540.0,0.0,0.0,2.6956787467012627e+35,1.2866709845042716e+58,4.773087245944227e+22,1.0453243340748533e-15,49894242.46847783,2.0042392679511662e-08,956640888767822.6,4.773087245944188e+22,0.0
176.67077334351075,956.1971504748026,0.0,20.0,547.2136637180815,-547.2136637180815,pass_no_bh_ml_up,112.0,547.2136637180815,0.21941905260291605,0.006666088284838964,0.0651795298962032,1.0,1.0,42.0,none,0.0,21.067571687930986,526.1460920301504,20.0,543.0,222.0,50.95760744281549,0.043357652441806636,nonsingular_isothermal,1.0,0.01,2.0,0.3,1.0,0.0,strict_pass,1.0,none,none,,,1.0,1.0,1.0,1.0,1.0,1.0,0.0,0.0,0.0,0.0,0.0,4995.0,4995.0,1.0,inverse_phase_volume,geometric_mean,4995.0,4995.0,4995.0,0.0,540.0,0.0,0.0,3.45943998835713e+35,6.751041893002601e+57,1.951484030861491e+22,1.0634968905022442e-14,207539719.86859807,4.818354773886855e-09,94029423962654.25,1.9514840308614905e+22,0.0
176.67077334351075,956.1971504748026,0.0,6.694500416320462,527.6179174468598,-527.6179174468598,pass_no_bh_ml_down,112.0,527.6179174468598,0.229572369421021,1.657047077061458e-12,1.0468807375608874e-11,1.0,1.0,36.0,none,0.0,23.471997900860533,504.1459195459992,20.0,543.0,187.0,46.334019397231394,0.05824512254244184,nonsingular_isothermal,1.0,0.01,2.0,0.3,1.0,0.0,strict_pass,1.0,none,none,,,1.0,1.0,1.0,1.0,1.0,1.0,0.0,0.0,0.0,0.0,0.0,4995.0,4995.0,1.0,inverse_phase_volume,geometric_mean,4995.0,4995.0,4995.0,0.0,540.0,0.0,0.0,1.483766422539911e+35,6.646206319946797e+57,4.479280713584165e+22,6.311020712112814e-15,282688333.58797044,3.5374646958637497e-09,158452973871673.2,4.479280713584151e+22,0.0
132.04214248411108,220.38334577786958,420.86910527763484,10.944992586176204,663.9174877079209,-1000000.0,solver_failed_full,121.0,663.9174877079209,0.0022517631041409913,0.15994511642018092,0.661085748145982,0.0,0.0,23.0,line_search_failed,2.0,32.749481099126726,631.1680066087945,20.0,543.0,93.0,34.82773191486483,0.08917830174481746,nonsingular_isothermal,1.0,0.01,2.0,0.3,1.0,0.0,strict_pass,1.0,none,none,,,1.0,1.0,1.0,1.0,1.0,1.0,0.0,0.0,0.0,0.0,0.0,4995.0,4995.0,1.0,inverse_phase_volume,geometric_mean,4995.0,4995.0,4995.0,0.0,540.0,0.0,0.0,1.875104750929948e+37,4.219038083166975e+57,2.25002794167876e+20,2.17877224893129e-14,4902298.438649682,2.0398594914499858e-07,45897408528611.016,2.250027941678764e+20,0.0
147.97950508400083,74.79725778590077,0.0,18.530165480039933,806.6886952945,-806.6886952945,pass_full,122.0,806.6886952945,0.2491991724292575,0.008924798945681153,0.02022356045028736,1.0,1.0,53.0,none,0.0,32.13189023157184,774.5568050629281,20.0,543.0,210.0,31.2629671141401,0.06629619090669357,nonsingular_isothermal,1.0,0.01,2.0,0.3,1.0,0.0,strict_pass,1.0,none,none,,,0.9983983983983984,1.0,0.9983983983983984,0.9872813990461049,0.9934156378600824,0.9981481481481481,0.012718600953895098,0.006584362139917643,0.0018518518518518823,0.0,0.0,4987.0,4995.0,1.0,inverse_phase_volume,geometric_mean,4987.0,4987.0,4987.0,0.0,540.0,0.0,0.0,1.4084594074773926e+37,7.474637198339524e+57,5.306959617478007e+20,2.0262055561311802e-15,1075299.1063097583,9.299738036906105e-07,493533342149841.7,5.306959617477929e+20,0.0
142.19886317908177,15.724443322584868,0.0,1.128382116291855,770.2394780793171,-770.2394780793171,pass_full,123.0,770.2394780793171,0.29916177680263445,0.006274416080420454,0.07444745517257877,1.0,1.0,42.0,none,0.0,33.50239149204599,736.7370865872712,20.0,543.0,120.0,14.241368344097967,0.13604203294925277,nonsingular_isothermal,1.0,0.01,2.0,0.3,1.0,0.0,strict_pass,1.0,none,none,,,0.9993993993993994,1.0,0.9993993993993994,0.9952305246422893,0.9975308641975309,0.9981481481481481,0.004769475357710662,0.0024691358024691024,0.0018518518518518823,0.0,0.0,4992.0,4995.0,1.0,inverse_phase_volume,geometric_mean,4992.0,4992.0,4992.0,0.0,540.0,0.0,0.0,1.4124927264956546e+39,5.302492932857301e+57,3.753996628366789e+18,2.004655857063206e-14,75254.71328451017,1.328820423804381e-05,49883873906665.78,3.753996628366792e+18,0.0
24.229954449494496,60.153633210744694,904.5136736779498,9.349232239161548,682.5269679123517,-682.5269679123517,pass_full,124.0,682.5269679123517,0.00810731595913694,0.0023926804058384574,0.029418659021048385,1.0,1.0,61.0,none,0.0,18.928166499301422,663.5988014130504,20.0,543.0,2497.0,49.693159347596236,0.04537828263474438,nonsingular_isothermal,1.0,0.01,2.0,0.3,1.0,0.0,strict_pass,1.0,none,none,,,1.0,1.0,1.0,1.0,1.0,1.0,0.0,0.0,0.0,0.0,0.0,4995.0,4995.0,1.0,inverse_phase_volume,geometric_mean,4995.0,4995.0,4995.0,0.0,540.0,0.0,0.0,2.472813584898434e+37,7.996562450878437e+54,3.2337910547377075e+17,8.00267656587826e-13,258789.8389269623,3.864139350085642e-06,1249581926456.6946,3.2337910547377126e+17,0.0
195.43616886538427,1375.7159962744588,1573370.9166689184,12.36898854161,521.7869123018171,-521.7869123018171,pass_full,125.0,521.7869123018171,0.0053026534320679275,0.003833955827870865,0.038065704291003595,1.0,1.0,47.0,none,0.0,20.372197548249673,501.4147147535676,20.0,543.0,523.0,47.03882521390129,0.050435041441478805,nonsingular_isothermal,1.0,0.01,2.0,0.3,1.0,0.0,strict_pass,1.0,none,none,,,0.9943943943943944,1.0,0.9943943943943944,0.9634340222575517,0.9810699588477366,0.9814814814814815,0.0365659777424483,0.018930041152263377,0.01851851851851849,0.0,0.0,4967.0,4995.0,1.0,inverse_phase_volume,geometric_mean,4967.0,4967.0,4967.0,0.0,540.0,0.0,0.0,8.582095623862035e+44,5.077235651946183e+57,5916079095913.606,6.763083215739489e-07,4001093.5236560875,2.4993167345066906e-07,1478615.5487082205,5916079095913.652,0.0
0.0,68.23039255130257,952.2587775354284,12.102832443680981,2562.7591607094646,-2562.7591607094646,pass_full,126.0,2562.7591607094646,0.05563699397544042,0.0005321661440755032,0.006543128073812767,1.0,1.0,74.0,none,0.0,20.767588431472838,2541.9915722779915,20.0,543.0,92.0,12.464829512991487,0.131129853254078,nonsingular_isothermal,1.0,0.01,2.0,0.3,1.0,0.0,severe_coverage_warn,0.0,multiple,multiple,3;4;5;6;7;8,total orbit coverage 0.656 is below 0.85 | shell_band minimum coverage 0.287 is below 0.8 | shell_band coverage gap 0.713 exceeds 0.1 | Lfrac minimum coverage 0.426 is below 0.8 | Lfrac coverage gap 0.574 exceeds 0.1 | third_integral minimum coverage 0.522 is below 0.8 | third_integral coverage gap 0.387 exceeds 0.1 | 40 planned shell-band/Lfrac/third-integral cells have no successful orbit,0.6560560560560561,1.0,0.6560560560560561,0.28716216216216217,0.42633744855967076,0.5222222222222223,0.7128378378378378,0.5736625514403293,0.3874074074074074,40.0,0.0,3277.0,4995.0,1.0,inverse_phase_volume,geometric_mean,3277.0,3277.0,3277.0,0.0,540.0,1.0,9.0,3.868550374335006e+36,4.643753992461849e+51,1200386073106285.5,1.902920451984319e-10,228423.9208791102,4.3778252126634074e-06,5255080415.7747345,1200386073106289.5,0.0
137.34857207006897,7.053809082103354,2440.111418924159,0.2,756.535911303789,-756.535911303789,pass_full,127.0,756.535911303789,0.12178228226878218,0.00967950915877977,0.09908760691487713,1.0,1.0,46.0,none,0.0,38.41968221793977,718.116229085849,20.0,543.0,157.0,24.287999224744357,0.09903004267783588,nonsingular_isothermal,1.0,0.01,2.0,0.3,1.0,0.0,strict_pass,1.0,none,none,,,0.9985985985985986,1.0,0.9985985985985986,0.9888712241653418,0.994238683127572,0.9981481481481481,0.011128775834658211,0.0057613168724279795,0.0018518518518518823,0.0,0.0,4988.0,4995.0,1.0,inverse_phase_volume,geometric_mean,4988.0,4988.0,4988.0,0.0,540.0,0.0,0.0,4.3859310554399584e+43,6.847360715686795e+57,156121029472040.53,1.4604738580891885e-10,22801.06822418833,4.3857594309513884e-05,6847092773.768305,156121029472038.03,0.0
50.33146683230507,1.0,946.4015035997481,7.752425583058943,735.4744845566411,-735.4744845566411,pass_full,128.0,735.4744845566411,0.061801284844932525,7.498482017786374e-07,8.435792270009671e-06,1.0,1.0,46.0,none,0.0,28.94273269337855,706.5317518632628,20.0,543.0,102.0,40.23266191451334,0.04527342165730874,nonsingular_isothermal,1.0,0.01,2.0,0.3,1.0,0.0,strict_pass,1.0,none,none,,,0.9985985985985986,1.0,0.9985985985985986,0.9888712241653418,0.994238683127572,0.9981481481481481,0.011128775834658211,0.0057613168724279795,0.0018518518518518823,0.0,0.0,4988.0,4995.0,1.0,inverse_phase_volume,geometric_mean,4988.0,4988.0,4988.0,0.0,540.0,0.0,0.0,4.927338071929096e+45,1.343250615339079e+56,27261182320.562485,3.7167037765498684e-07,10132.173928404816,9.869550276832224e-05,2690556.095186787,27261182320.562233,0.0
147.30569263184395,1.3893898740934019,366543.50688625366,9.378309659367453,786.8199800851115,-1000000.0,solver_failed_full,129.0,786.8199800851115,3.160187958299616,2.7707884343378644,0.4852291963971936,0.0,0.0,18.0,line_search_failed,2.0,35.94497013858451,750.8750099465268,20.0,543.0,53.0,28.79091272022134,0.07402914241889652,nonsingular_isothermal,1.0,0.01,2.0,0.3,1.0,0.0,strict_pass,1.0,none,none,,,1.0,1.0,1.0,1.0,1.0,1.0,0.0,0.0,0.0,0.0,0.0,4995.0,4995.0,1.0,inverse_phase_volume,geometric_mean,4995.0,4995.0,4995.0,0.0,540.0,0.0,0.0,1.3538050785488807e+46,9.408235794444029e+57,694947592051.3275,1.4717218456826564e-08,10227.695528265072,9.777373575859961e-05,67947622.23130222,694947592051.3341,0.0
78.0766942897466,1004.5878061162759,1117.9522578069686,16.373221265819005,564.2403021495435,-564.2403021495435,pass_full,130.0,564.2403021495435,0.07431717013707839,2.78484428473387e-05,0.0002764952539842914,1.0,1.0,50.0,none,0.0,15.662557342586377,548.5777448069568,20.0,543.0,174.0,47.38181286307631,0.0631449960997255,nonsingular_isothermal,1.0,0.01,2.0,0.3,1.0,0.0,strict_pass,1.0,none,none,,,1.0,1.0,1.0,1.0,1.0,1.0,0.0,0.0,0.0,0.0,0.0,4995.0,4995.0,1.0,inverse_phase_volume,geometric_mean,4995.0,4995.0,4995.0,0.0,540.0,0.0,0.0,1.6925613305756082e+36,2.1537999938920834e+56,1.2725092763165142e+20,2.7064916162364777e-13,34440356.87933811,2.9035703767632344e-08,3694820238869.071,1.2725092763165208e+20,0.0
0.0,31.664988640471787,102388.24318226226,15.7687997205719,2210.5022305909815,-2210.5022305909815,pass_full,131.0,2210.5022305909815,0.22488715656527347,0.008170100497954242,0.07988542709110813,1.0,1.0,64.0,none,0.0,21.316247677385636,2189.185982913596,20.0,543.0,72.0,13.093048337185685,0.20056469756229806,nonsingular_isothermal,1.0,0.01,2.0,0.3,1.0,0.0,severe_coverage_warn,0.0,multiple,multiple,1;3;4;5;6;7;8,total orbit coverage 0.645 is below 0.85 | shell_band minimum coverage 0.299 is below 0.8 | shell_band coverage gap 0.647 exceeds 0.1 | Lfrac minimum coverage 0.413 is below 0.8 | Lfrac coverage gap 0.587 exceeds 0.1 | third_integral minimum coverage 0.48 is below 0.8 | third_integral coverage gap 0.431 exceeds 0.1 | 33 planned shell-band/Lfrac/third-integral cells have no successful orbit,0.6446446446446447,1.0,0.6446446446446447,0.2989864864864865,0.41316872427983536,0.47962962962962963,0.6469594594594594,0.5868312757201646,0.43148148148148147,33.0,0.0,3220.0,4995.0,1.0,inverse_phase_volume,geometric_mean,3220.0,3220.0,3220.0,0.0,540.0,0.0,0.0,3.115692156671285e+40,5.941115305401049e+51,190683642884.2946,3.317636031023528e-08,6326.189241597576,0.00015807304552708357,30141944.162919182,190683642884.2942,0.0
112.36476235723228,3.8931145224777834,533280.2108316789,0.874237633823072,711.5702563364524,-711.5702563364524,pass_full,132.0,711.5702563364524,0.008321497517272292,0.0008345983078024609,2.6091819319881523e-05,1.0,1.0,23.0,none,0.0,39.2634351948204,672.3068211416323,20.0,543.0,1123.0,34.41916476606533,0.05772227447647132,nonsingular_isothermal,1.0,0.01,2.0,0.3,1.0,0.0,strict_pass,1.0,none,none,,,1.0,1.0,1.0,1.0,1.0,1.0,0.0,0.0,0.0,0.0,0.0,4995.0,4995.0,1.0,inverse_phase_volume,geometric_mean,4995.0,4995.0,4995.0,0.0,540.0,0.0,0.0,2.2014382179903692e+45,3.170679110663109e+57,1440276217952.4314,8.766168617744768e-09,12625.704182698662,7.920350307037341e-05,114074921.85078062,1440276217952.424,0.0
195.43616886538427,1375.7159962744588,0.0,12.36898854161,516.5006512489648,-516.5006512489648,pass_no_bh,125.0,516.5006512489648,0.0003225477447585945,1.8164565054037895e-12,1.0437212997695877e-12,1.0,1.0,33.0,none,0.0,19.372297580653445,497.1283536683112,20.0,543.0,127.0,39.147439512215065,0.08850281599908606,nonsingular_isothermal,1.0,0.01,2.0,0.3,1.0,0.0,strict_pass,1.0,none,none,,,1.0,1.0,1.0,1.0,1.0,1.0,0.0,0.0,0.0,0.0,0.0,4995.0,4995.0,1.0,inverse_phase_volume,geometric_mean,4995.0,4995.0,4995.0,0.0,540.0,0.0,0.0,1.011800834304225e+35,3.8864211817374705e+57,3.841093078767826e+22,8.482568464171268e-15,325823350.179024,3.0691477435565898e-09,117888821554910.75,3.841093078767815e+22,0.0
78.0766942897466,1004.5878061162759,0.0,16.373221265819005,563.5709605307724,-563.5709605307724,pass_no_bh,130.0,563.5709605307724,0.1650721491208742,0.0007358642806758307,0.006745422572861781,1.0,1.0,66.0,none,0.0,16.20417854763342,547.3667819831392,20.0,543.0,151.0,46.214499973211,0.061903751069544724,nonsingular_isothermal,1.0,0.01,2.0,0.3,1.0,0.0,strict_pass,1.0,none,none,,,1.0,1.0,1.0,1.0,1.0,1.0,0.0,0.0,0.0,0.0,0.0,4995.0,4995.0,1.0,inverse_phase_volume,geometric_mean,4995.0,4995.0,4995.0,0.0,540.0,0.0,0.0,5.698246604859854e+33,2.1537601467842476e+56,3.779689255546388e+22,3.738303799174421e-15,141296267.03707683,7.0773278089335164e-09,267500998774054.5,3.779689255546357e+22,0.0
0.0,1004.5878061162759,1117.9522578069686,16.373221265819005,2222.7377612119744,-2222.7377612119744,pass_no_halo,130.0,2222.7377612119744,0.002989652531596221,4.0520408062708524e-12,3.961995455020389e-11,1.0,1.0,52.0,none,0.0,17.21012781094952,2205.5276334010255,20.0,543.0,146.0,13.155722329648109,0.15948108450118317,none,1.0,0.01,2.0,0.3,1.0,0.0,severe_coverage_warn,0.0,multiple,multiple,3;4;5;6;7;8,total orbit coverage 0.657 is below 0.85 | shell_band minimum coverage 0.289 is below 0.8 | shell_band coverage gap 0.711 exceeds 0.1 | Lfrac minimum coverage 0.429 is below 0.8 | Lfrac coverage gap 0.571 exceeds 0.1 | third_integral minimum coverage 0.524 is below 0.8 | third_integral coverage gap 0.389 exceeds 0.1 | 39 planned shell-band/Lfrac/third-integral cells have no successful orbit,0.6574574574574574,1.0,0.6574574574574574,0.28885135135135137,0.4288065843621399,0.524074074074074,0.7111486486486487,0.5711934156378601,0.3885185185185186,39.0,0.0,3284.0,4995.0,1.0,inverse_phase_volume,geometric_mean,3284.0,3284.0,3284.0,0.0,540.0,1.0,9.0,4.162198009071112e+34,1.648183560547151e+52,3.95988743677041e+17,1.2032101819914493e-12,476457.6883462142,2.0988222552793774e-06,831109988069.4882,3.95988743677038e+17,0.0
200.0,1375.7159962744588,0.0,12.36898854161,516.8539464855895,-516.8539464855895,pass_no_bh_halo_up,125.0,516.8539464855895,0.28303514153833476,0.00039025221827165103,0.0031975553312466303,1.0,1.0,49.0,none,0.0,19.459152028044823,497.3947944575445,20.0,543.0,110.0,39.87681352611994,0.07728297038780549,nonsingular_isothermal,1.0,0.01,2.0,0.3,1.0,0.0,strict_pass,1.0,none,none,,,1.0,1.0,1.0,1.0,1.0,1.0,0.0,0.0,0.0,0.0,0.0,4995.0,4995.0,1.0,inverse_phase_volume,geometric_mean,4995.0,4995.0,4995.0,0.0,540.0,0.0,0.0,1.1408694005567932e+35,4.213363424308818e+57,3.6931163393921473e+22,8.822862590443227e-15,325838579.92977554,3.0690042910680473e-09,113341898930079.98,3.6931163393921405e+22,0.0
97.71808443269214,1375.7159962744588,0.0,12.36898854161,529.8439910691478,-529.8439910691478,pass_no_bh_halo_down,125.0,529.8439910691478,0.0027850822971231537,0.007815798201338093,0.05259047129372135,1.0,1.0,49.0,none,0.0,14.866835178850765,514.9771558902971,20.0,543.0,156.0,40.31867098902795,0.07441542361377007,nonsingular_isothermal,1.0,0.01,2.0,0.3,1.0,0.0,strict_pass,1.0,none,none,,,1.0,1.0,1.0,1.0,1.0,1.0,0.0,0.0,0.0,0.0,0.0,4995.0,4995.0,1.0,inverse_phase_volume,geometric_mean,4995.0,4995.0,4995.0,0.0,540.0,0.0,0.0,4.712392073032555e+33,2.4857684200953966e+56,5.274960957346097e+22,4.217842968052013e-15,222489569.8069107,4.494592716718621e-09,237088010998627.66,5.274960957346077e+22,0.0
195.43616886538427,2751.4319925489176,0.0,12.36898854161,521.8393738498193,-521.8393738498193,pass_no_bh_halo_scale_up,125.0,521.8393738498193,0.034033423169034904,0.0009514559317561598,0.004824771156270269,1.0,1.0,68.0,none,0.0,14.068228996281961,507.77114485353724,20.0,543.0,157.0,49.432558645571056,0.052512056517678755,nonsingular_isothermal,1.0,0.01,2.0,0.3,1.0,0.0,strict_pass,1.0,none,none,,,1.0,1.0,1.0,1.0,1.0,1.0,0.0,0.0,0.0,0.0,0.0,4995.0,4995.0,1.0,inverse_phase_volume,geometric_mean,4995.0,4995.0,4995.0,0.0,540.0,0.0,0.0,4.8938315494782496e+33,1.2384663730026549e+57,2.530668169677178e+23,4.1385658238323696e-15,1047333679.8486454,9.548055402405414e-10,241629598891817.56,2.5306681696771944e+23,0.0
195.43616886538427,687.8579981372294,0.0,12.36898854161,582.7249943974732,-582.7249943974732,pass_no_bh_halo_scale_down,125.0,582.7249943974732,0.2650653244596697,1.7507701636686662e-12,8.149663822681151e-13,1.0,1.0,40.0,none,0.0,23.73076917870434,558.9942252187689,20.0,543.0,167.0,44.14816222891207,0.04508123958591752,nonsingular_isothermal,1.0,0.01,2.0,0.3,1.0,0.0,strict_pass,1.0,none,none,,,0.998998998998999,1.0,0.998998998998999,0.9920508744038156,0.9958847736625515,0.9981481481481481,0.007949125596184436,0.004115226337448541,0.0018518518518518823,0.0,0.0,4990.0,4995.0,1.0,inverse_phase_volume,geometric_mean,4990.0,4990.0,4990.0,0.0,540.0,0.0,0.0,1.6954031904166562e+34,1.644075590422169e+58,9.697254315170463e+23,1.4445186564576516e-16,140078647.74678123,7.138846755628952e-09,6922721250636313.0,9.69725431517041e+23,0.0
195.43616886538427,1375.7159962744588,0.0,20.0,535.1054746026207,-535.1054746026207,pass_no_bh_ml_up,125.0,535.1054746026207,0.009945056432115962,0.000549292198711971,0.003536984512775984,1.0,1.0,56.0,none,0.0,20.960951249734844,514.1445233528863,20.0,543.0,185.0,41.46496638150207,0.06102150048386883,nonsingular_isothermal,1.0,0.01,2.0,0.3,1.0,0.0,strict_pass,1.0,none,none,,,1.0,1.0,1.0,1.0,1.0,1.0,0.0,0.0,0.0,0.0,0.0,4995.0,4995.0,1.0,inverse_phase_volume,geometric_mean,4995.0,4995.0,4995.0,0.0,540.0,0.0,0.0,8.009341504553712e+34,3.869657537601229e+57,4.83143031846143e+22,5.958894133238581e-15,287899817.7983065,3.4734304719170344e-09,167816372910876.5,4.831430318461401e+22,0.0
195.43616886538427,1375.7159962744588,0.0,6.184494270805,495.5479496970284,-495.5479496970284,pass_no_bh_ml_down,125.0,495.5479496970284,0.13348952341834774,0.0019860965094006407,0.019419610314139597,1.0,1.0,51.0,none,0.0,24.646472668081373,470.9014770289471,20.0,543.0,120.0,34.39304876422038,0.10881080971213032,nonsingular_isothermal,1.0,0.01,2.0,0.3,1.0,0.0,strict_pass,1.0,none,none,,,0.9991991991991992,1.0,0.9991991991991992,0.9936406995230525,0.9967078189300411,0.9981481481481481,0.006359300476947549,0.003292181069958877,0.0018518518518518823,0.0,0.0,4991.0,4995.0,1.0,inverse_phase_volume,geometric_mean,4991.0,4991.0,4991.0,0.0,540.0,0.0,0.0,1.4258250805499174e+35,4.3048142880785585e+57,3.0191741938066216e+22,1.5752116233234618e-14,475583828.29223675,2.1026787298274575e-09,63483533589610.58,3.01917419380658e+22,0.0
156.1533885794932,1004.5878061162759,0.0,16.373221265819005,532.6868531478206,-532.6868531478206,pass_no_bh_halo_up,130.0,532.6868531478206,0.1296764702622113,0.00046548465492031736,0.0057232609542069105,1.0,1.0,56.0,none,0.0,23.38122443236712,509.3056287154532,20.0,543.0,2734.0,35.17771436136352,0.10058019693467299,nonsingular_isothermal,1.0,0.01,2.0,0.3,1.0,0.0,strict_pass,1.0,none,none,,,1.0,1.0,1.0,1.0,1.0,1.0,0.0,0.0,0.0,0.0,0.0,4995.0,4995.0,1.0,inverse_phase_volume,geometric_mean,4995.0,4995.0,4995.0,0.0,540.0,0.0,0.0,2.384264685985019e+34,3.206101733506616e+57,1.3446920353903867e+23,1.4127283083536906e-15,189968450.44137442,5.264031988872841e-09,707850188947753.5,1.3446920353903884e+23,0.0
39.0383471448733,1004.5878061162759,0.0,16.373221265819005,493.2236357363737,-493.2236357363737,pass_no_bh_halo_down,130.0,493.2236357363737,0.05035218700004407,0.0007472294761964591,0.007306243767254266,1.0,1.0,44.0,none,0.0,4.764201419773572,488.4594343166001,20.0,543.0,163.0,49.45888050568099,0.05083813937303818,nonsingular_isothermal,1.0,0.01,2.0,0.3,1.0,0.0,strict_pass,1.0,none,none,,,1.0,1.0,1.0,1.0,1.0,1.0,0.0,0.0,0.0,0.0,0.0,4995.0,4995.0,1.0,inverse_phase_volume,geometric_mean,4995.0,4995.0,4995.0,0.0,540.0,0.0,0.0,3.78209492270863e+32,1.234016264786669e+55,3.262785017312313e+22,1.8955227583529618e-15,61846832.55928477,1.6168976786991086e-08,527558952058644.6,3.2627850173122737e+22,0.0
78.0766942897466,2009.1756122325519,0.0,16.373221265819005,471.6714045578689,-471.6714045578689,pass_no_bh_halo_scale_up,130.0,471.6714045578689,0.1304699563774534,0.006573232301241866,0.05385817941392931,1.0,1.0,25.0,none,0.0,3.3188679863364623,468.3525365715324,20.0,543.0,111.0,40.3436561791475,0.057933017924198756,nonsingular_isothermal,1.0,0.01,2.0,0.3,1.0,0.0,strict_pass,1.0,none,none,,,1.0,1.0,1.0,1.0,1.0,1.0,0.0,0.0,0.0,0.0,0.0,4995.0,4995.0,1.0,inverse_phase_volume,geometric_mean,4995.0,4995.0,4995.0,0.0,540.0,0.0,0.0,3.917373902267426e+32,5.458259402076813e+55,1.393346547521926e+23,1.7288504733505447e-15,240888783.8224607,4.151293323548919e-09,578419022011765.5,1.3933465475219132e+23,0.0
78.0766942897466,502.29390305813797,0.0,16.373221265819005,593.6763336418031,-593.6763336418031,pass_no_bh_halo_scale_down,130.0,593.6763336418031,0.056352509765929426,8.42817494471112e-07,1.0362671264544131e-05,1.0,1.0,34.0,none,0.0,18.197590019390812,575.4787436224119,20.0,543.0,135.0,49.97255034436192,0.057712783411311606,nonsingular_isothermal,1.0,0.01,2.0,0.3,1.0,0.0,strict_pass,1.0,none,none,,,0.9993993993993994,1.0,0.9993993993993994,0.9952305246422893,0.9975308641975309,0.9981481481481481,0.004769475357710662,0.0024691358024691024,0.0018518518518518823,0.0,0.0,4992.0,4995.0,1.0,inverse_phase_volume,geometric_mean,4992.0,4992.0,4992.0,0.0,540.0,0.0,0.0,1.182464208429416e+35,4.722997890139745e+56,3.9941994493118487e+21,9.950399920926579e-15,39743881.88459762,2.5161105372234432e-08,100498473221856.22,3.994199449311851e+21,0.0
78.0766942897466,1004.5878061162759,0.0,20.0,560.1325377050582,-560.1325377050582,pass_no_bh_ml_up,130.0,560.1325377050582,0.09696585693279758,0.0029746995537329925,0.023548585123512586,1.0,1.0,68.0,none,0.0,16.64193896749069,543.4905987375676,20.0,543.0,2807.0,47.71209041578397,0.04770928607464325,nonsingular_isothermal,1.0,0.01,2.0,0.3,1.0,0.0,strict_pass,1.0,none,none,,,1.0,1.0,1.0,1.0,1.0,1.0,0.0,0.0,0.0,0.0,0.0,4995.0,4995.0,1.0,inverse_phase_volume,geometric_mean,4995.0,4995.0,4995.0,0.0,540.0,0.0,0.0,6.195287433976191e+33,1.8454643695115602e+56,2.9788196095481638e+22,3.8744480882491524e-15,115412819.41452862,8.664548748335284e-09,258101277194268.97,2.9788196095481356e+22,0.0
78.0766942897466,1004.5878061162759,0.0,8.186610632909503,560.3214698658066,-560.3214698658066,pass_no_bh_ml_down,130.0,560.3214698658066,0.056737967826165914,0.009751960323200883,0.042784708406588545,1.0,1.0,53.0,none,0.0,18.445448696251333,541.8760211695553,20.0,543.0,3119.0,47.024996212224224,0.06350198066088193,nonsingular_isothermal,1.0,0.01,2.0,0.3,1.0,0.0,strict_pass,1.0,none,none,,,1.0,1.0,1.0,1.0,1.0,1.0,0.0,0.0,0.0,0.0,0.0,4995.0,4995.0,1.0,inverse_phase_volume,geometric_mean,4995.0,4995.0,4995.0,0.0,540.0,0.0,0.0,4.778323147030572e+33,2.1895898539558016e+56,4.5823394244830305e+22,3.97101769613586e-15,181965509.4432326,5.4955469476591545e-09,251824614373561.1,4.582339424483064e+22,0.0
126.83619429739763,966.9952989302647,2107460.131036581,14.538124042576642,551.7214351951435,-551.7214351951435,pass_full,133.0,551.7214351951435,0.2762196649882753,2.2497461132716695e-10,1.8689626794612214e-09,1.0,1.0,125.0,none,0.0,17.186268360512987,534.5351668346302,20.0,543.0,185.0,43.9460198494581,0.06171747228881451,nonsingular_isothermal,1.0,0.01,2.0,0.3,1.0,0.0,strict_pass,1.0,none,none,,,0.994994994994995,1.0,0.994994994994995,0.9634340222575517,0.9810699588477366,0.9740740740740741,0.0365659777424483,0.018930041152263377,0.025925925925925908,0.0,0.0,4970.0,4995.0,1.0,inverse_phase_volume,geometric_mean,4970.0,4970.0,4970.0,0.0,540.0,0.0,0.0,5.633340978175245e+43,1.4122517592879575e+57,25069523836020.574,4.47482225634903e-08,1121816.6321749745,8.914112799889615e-07,22347256.331380896,25069523836020.594,0.0
184.3638820197963,59.40366014844179,0.0,1.5872182674759165,900.0554972532,-900.0554972532,pass_full,134.0,900.0554972532,4.554780150556326e-05,4.971351064844907e-13,1.2774083535817797e-13,1.0,1.0,19.0,none,0.0,34.718741398347426,865.3367558548524,20.0,543.0,63.0,26.098319009408513,0.09712137864199963,nonsingular_isothermal,1.0,0.01,2.0,0.3,1.0,0.0,strict_pass,1.0,none,none,,,0.997997997997998,1.0,0.997997997997998,0.9841017488076311,0.9934156378600824,0.9962962962962963,0.015898251192368873,0.006584362139917643,0.0037037037037036535,0.0,0.0,4985.0,4995.0,1.0,inverse_phase_volume,geometric_mean,4985.0,4985.0,4985.0,0.0,540.0,0.0,0.0,4.7355845312129585e+36,2.0743298163363848e+58,4.38030364079484e+21,5.227015732267253e-16,2289591.604254225,4.367591137834051e-07,1913137536255785.0,4.3803036407948577e+21,0.0
63.71752718244332,31.03093078551885,14212.130459018868,10.784109311526224,697.9028032646374,-697.9028032646374,pass_full,135.0,697.9028032646374,0.007771316600155842,6.414083523870806e-05,6.455130042829762e-05,1.0,1.0,50.0,none,0.0,31.595265930635065,666.3075373340026,20.0,543.0,142.0,40.99314387130073,0.050745750477070084,nonsingular_isothermal,1.0,0.01,2.0,0.3,1.0,0.0,strict_pass,1.0,none,none,,,0.997997997997998,1.0,0.997997997997998,0.9841017488076311,0.9934156378600824,0.9962962962962963,0.015898251192368873,0.006584362139917643,0.0037037037037036535,0.0,0.0,4985.0,4995.0,1.0,inverse_phase_volume,geometric_mean,4985.0,4985.0,4985.0,0.0,540.0,0.0,0.0,1.1268015941438854e+41,2.9771623486029876e+56,2642135371546894.5,2.8734745334615505e-11,75921.08704097966,1.3171571153350762e-05,34801074043.11474,2642135371546892.0,0.0
118.15837211179165,1.4127227024484774,322858.553841272,13.419424288322483,719.7845192398113,-719.7845192398113,pass_full,136.0,719.7845192398113,0.2927306591403749,0.008057224689811725,0.0594925514474208,1.0,1.0,54.0,none,0.0,38.350644630113976,681.4338746096971,20.0,543.0,141.0,28.32427634509413,0.08634494378252892,nonsingular_isothermal,1.0,0.01,2.0,0.3,1.0,0.0,strict_pass,1.0,none,none,,,0.9983983983983984,1.0,0.9983983983983984,0.9872813990461049,0.994238683127572,0.9962962962962963,0.012718600953895098,0.0057613168724279795,0.0037037037037036535,0.0,0.0,4987.0,4995.0,1.0,inverse_phase_volume,geometric_mean,4987.0,4987.0,4987.0,0.0,540.0,0.0,0.0,4.037447224716869e+45,3.942136507980885e+57,976393321960.3464,1.1336947119107562e-08,11069.319458514101,9.033979042233151e-05,88207168.07566087,976393321960.3367,0.0
0.0,184.21467972730358,2238.472676312629,13.833258556988456,2413.0785078865742,-2413.0785078865742,pass_full,137.0,2413.0785078865742,0.0005427987280199886,9.132273150486426e-13,1.122837923717983e-11,1.0,1.0,81.0,none,0.0,17.28581769526306,2395.7926901913115,20.0,543.0,33.0,9.237193981965925,0.254157627105788,nonsingular_isothermal,1.0,0.01,2.0,0.3,1.0,0.0,severe_coverage_warn,0.0,multiple,multiple,3;4;5;6;7;8,total orbit coverage 0.661 is below 0.85 | shell_band minimum coverage 0.291 is below 0.8 | shell_band coverage gap 0.709 exceeds 0.1 | Lfrac minimum coverage 0.441 is below 0.8 | Lfrac coverage gap 0.559 exceeds 0.1 | third_integral minimum coverage 0.515 is below 0.8 | third_integral coverage gap 0.393 exceeds 0.1 | 38 planned shell-band/Lfrac/third-integral cells have no successful orbit,0.6606606606606606,1.0,0.6606606606606606,0.2905405405405405,0.4411522633744856,0.5148148148148148,0.7094594594594594,0.5588477366255145,0.3933333333333333,38.0,0.0,3300.0,4995.0,1.0,inverse_phase_volume,geometric_mean,3300.0,3300.0,3300.0,0.0,540.0,1.0,9.0,2.2302932275672686e+36,4.5700858176981167e+51,2049096397375074.2,5.1797206057263543e-11,106137.46832603359,9.42174347826156e-06,19306060618.297955,2049096397375083.8,0.0
23.922602185838503,337.1059945517128,4123.040006335456,16.285440460752657,548.594548483862,-548.594548483862,pass_full,138.0,548.594548483862,0.1979129034197058,0.007310156509499722,0.02564700086443773,1.0,1.0,42.0,none,0.0,6.438484781164867,542.1560637026973,20.0,543.0,162.0,41.183775922386374,0.07697829343418801,nonsingular_isothermal,1.0,0.01,2.0,0.3,1.0,0.0,strict_pass,1.0,none,none,,,0.9971971971971972,1.0,0.9971971971971972,0.9777424483306836,0.9934156378600824,0.9962962962962963,0.022257551669316422,0.006584362139917643,0.0037037037037036535,0.0,0.0,4981.0,4995.0,1.0,inverse_phase_volume,geometric_mean,4981.0,4981.0,4981.0,0.0,540.0,0.0,0.0,3.229745180827086e+36,4.503117046164154e+54,1.394263879669596e+18,7.633641877876619e-13,1064331.1140656588,9.395572362627649e-07,1309990717403.3699,1.3942638796696003e+18,0.0
9.976133111509888,4167.111172803892,2383747.9063834944,19.992315998782086,1260.1739338317855,-1260.1739338317855,pass_full,139.0,1260.1739338317855,0.24146029834173532,0.0070037128383081265,0.07879176943096641,1.0,1.0,43.0,none,0.0,15.13857039117235,1245.0353634406133,20.0,543.0,83.0,23.698514365226124,0.08241888800340923,nonsingular_isothermal,1.0,0.01,2.0,0.3,1.0,0.0,severe_coverage_warn,0.0,inner,multiple,1,shell_band coverage gap 0.122 exceeds 0.1 | Lfrac coverage gap 0.119 exceeds 0.1 | 2 planned shell-band/Lfrac/third-integral cells have no successful orbit,0.9669669669669669,1.0,0.9669669669669669,0.8775834658187599,0.8814814814814815,0.9333333333333333,0.1224165341812401,0.11851851851851847,0.062962962962963,2.0,0.0,4830.0,4995.0,1.0,inverse_phase_volume,geometric_mean,4830.0,4830.0,4830.0,0.0,540.0,0.0,0.0,9.174905517485799e+43,2.9046426970672875e+52,316585570.44882214,1.3731464822383878e-06,434.71836238923254,0.0023003399131887436,728254.423643051,316585570.44882154,0.0
