v0,r_c,MBH,ML,chi2,reward,status,proposal_id,chi2_losvd,delta_chi2_iteration,max_light_relative_residual,max_light_sigma_residual,light_constraint_ok,solver_converged,solver_iterations,solver_failure_reason,julia_status_code,chi2_inner,chi2_outer,N_inner,N_outer,N_nonzero_weights,effective_N_orbits,max_weight_fraction,halo_type,alphat,light_rel_tol,light_sigma_tol,delta_chi2_iter_tol,halo_q_axis_ratio,karl_halo_params_active,coverage_status,coverage_strict,coverage_issue_region,coverage_issue_axis,coverage_issue_shell_bands,coverage_reasons,coverage_fraction,coverage_attempted_fraction,coverage_success_fraction,coverage_shell_min,coverage_lfrac_min,coverage_theta_min,coverage_shell_gap,coverage_lfrac_gap,coverage_theta_gap,coverage_joint_holes,coverage_deadline_hit,successful_base_orbits,planned_base_orbits,phase_volume_valid,phase_volume_convention,phase_volume_normalization,phase_volume_launches_recorded,phase_volume_sos_recorded,phase_volume_valid_base_orbits,phase_volume_invalid_recorded_orbits,phase_volume_nested_groups,phase_volume_duplicate_area_clusters,phase_volume_duplicate_area_orbits,raw_phase_volume_min,raw_phase_volume_max,raw_phase_volume_dynamic_range,normalized_phase_volume_min,normalized_phase_volume_max,wphase_min,wphase_max,wphase_dynamic_range,wphase_pair_max_relative_mismatch
100.0,1800.0,900000.0,1.0,,,todo,,,,,,,,,,,,,,,,,,,,,,,,,,,,,,,,,,,,,,,,,,,,,,,,,,,,,,,,,,,,,,
106.56660495795181,94.57040848300777,435027.54244641453,5.288579304188114,20803.671278033424,-1000000.0,solver_failed_full,1.0,20803.671278033424,0.24932667774919537,0.005725932114371587,42348.04669198798,1.0,0.0,1027.0,losvd_window_exceeded,2.0,388.1549715819699,20415.516306451456,20.0,543.0,143.0,63.627740848527615,0.05142505256009243,nonsingular_isothermal,1.0,0.01,2.0,0.3,1.0,0.0,strict_pass,1.0,none,none,,,0.9981981981981982,1.0,0.9981981981981982,0.985691573926868,0.9925925925925926,0.9925925925925926,0.014308426073131986,0.007407407407407418,0.007407407407407418,0.0,0.0,4986.0,4995.0,1.0,inverse_phase_volume,geometric_mean,4986.0,4986.0,4986.0,0.0,540.0,0.0,0.0,2.136430731007795e+42,2.1513747171551766e+57,1006994837665685.6,1.4265481710041404e-10,143652.6643882617,6.9612353119829295e-06,7009928022.942995,1006994837665701.0,0.0
150.5387217744222,1859.6987018910581,301266.0697350675,12.940214140079458,inf,-1000000.0,physics_exception_full,2.0,inf,inf,inf,inf,0.0,0.0,0.0,exception,3.0,inf,inf,0.0,0.0,0.0,0.0,0.0,nonsingular_isothermal,1.0,0.01,2.0,0.3,1.0,0.0,strict_pass,1.0,none,none,,,0.9965965965965966,1.0,0.9965965965965966,0.972972972972973,0.9860082304526749,0.9851851851851852,0.027027027027026973,0.013991769547325061,0.014814814814814836,0.0,0.0,4978.0,4995.0,1.0,inverse_phase_volume,geometric_mean,4978.0,4978.0,4978.0,0.0,540.0,0.0,0.0,1.4215013085836988e+42,9.104843462686878e+56,640508975103119.2,1.375239493313349e-08,8808532.383834744,1.1352628978638729e-07,72714607.51833932,640508975103125.2,0.0
144.72543383541347,588.182442569013,1302.3385887918203,0.27036736272068784,14464.953440609695,-1000000.0,solver_failed_full,3.0,14464.953440609695,0.055810275709518464,0.009904046129298242,115003.03140917195,1.0,0.0,903.0,losvd_window_exceeded,2.0,227.48088337623574,14237.47255723346,20.0,543.0,161.0,41.207455977956684,0.09064996740933537,nonsingular_isothermal,1.0,0.01,2.0,0.3,1.0,0.0,strict_pass,1.0,none,none,,,1.0,1.0,1.0,1.0,1.0,1.0,0.0,0.0,0.0,0.0,0.0,4995.0,4995.0,1.0,inverse_phase_volume,geometric_mean,4995.0,4995.0,4995.0,0.0,540.0,0.0,0.0,5.1957834395445665e+37,4.729782580927553e+57,9.103117241049098e+19,1.9232309914255066e-12,175073971.96565282,5.7118713237178776e-09,519958343255.8956,9.103117241048996e+19,0.0
46.16192309626368,1.1100214484238335,3845.813752338544,15.896814393838408,15861.551358438679,-1000000.0,solver_failed_full,4.0,15861.551358438679,0.02898213986736664,0.009991298651352343,87659.81022462445,1.0,0.0,912.0,losvd_window_exceeded,2.0,696.8958697574756,15164.655488681205,20.0,543.0,159.0,61.34290100572811,0.04295765701577655,nonsingular_isothermal,1.0,0.01,2.0,0.3,1.0,0.0,strict_pass,1.0,none,none,,,1.0,1.0,1.0,1.0,1.0,1.0,0.0,0.0,0.0,0.0,0.0,4995.0,4995.0,1.0,inverse_phase_volume,geometric_mean,4995.0,4995.0,4995.0,0.0,540.0,0.0,0.0,6.261905460915378e+43,7.969387829992232e+55,1272677762341.5686,6.8352862636597016e-09,8699.116826998361,0.00011495419821198689,146299651.75219843,1272677762341.5496,0.0
122.43440513062329,2123.055542220718,30933.138319198406,19.609120352817314,808.9472143008567,-808.9472143008567,pass_full,5.0,808.9472143008567,0.0028055925487251443,0.009929346279283135,94900.37061483039,1.0,1.0,899.0,none,0.0,37.41227944953306,771.5349348513236,20.0,543.0,312.0,75.37391411912671,0.05122837872712192,nonsingular_isothermal,1.0,0.01,2.0,0.3,1.0,0.0,strict_pass,1.0,none,none,,,0.9967967967967968,1.0,0.9967967967967968,0.9745627980922098,0.9868312757201646,0.9888888888888889,0.025437201907790197,0.013168724279835398,0.011111111111111072,0.0,0.0,4979.0,4995.0,1.0,inverse_phase_volume,geometric_mean,4979.0,4979.0,4979.0,0.0,540.0,0.0,0.0,2.2983603051626524e+40,1.7531601201199853e+56,7627873298115963.0,1.6636742553441925e-09,12690296.429102857,7.880036574296912e-08,601079205.7325628,7627873298115922.0,0.0
108.41303597976038,7.874817573371083,122180.90361117317,2.840070222301234,21895.119359707805,-1000000.0,solver_failed_full,6.0,21895.119359707805,0.298395167425042,6.524034425781218e-05,435.97130309600385,1.0,0.0,1467.0,losvd_window_exceeded,2.0,325.052751504091,21570.066608203713,20.0,543.0,124.0,55.622722625392264,0.05847045464863135,nonsingular_isothermal,1.0,0.01,2.0,0.3,1.0,0.0,strict_pass,1.0,none,none,,,1.0,1.0,1.0,1.0,1.0,1.0,0.0,0.0,0.0,0.0,0.0,4995.0,4995.0,1.0,inverse_phase_volume,geometric_mean,4995.0,4995.0,4995.0,0.0,540.0,0.0,0.0,7.325761364562153e+43,2.606793233423226e+57,35583922321485.95,5.748632451462143e-10,20455.889060760128,4.888567771509221e-05,1739544158.4470298,35583922321485.78,0.0
175.2517117885013,59.8043981124651,1995817.6441130778,16.587113015965134,12403.18517284531,-1000000.0,solver_failed_full,7.0,12403.18517284531,0.24374588445607515,0.009547536654662351,82609.27427963934,1.0,0.0,1031.0,losvd_window_exceeded,2.0,359.33092115629495,12043.854251689014,20.0,543.0,137.0,59.23210608531936,0.047821553395532686,nonsingular_isothermal,1.0,0.01,2.0,0.3,1.0,0.0,strict_pass,1.0,none,none,,,0.9987987987987988,1.0,0.9987987987987988,0.9904610492845787,0.9950617283950617,0.9944444444444445,0.009538950715421324,0.004938271604938316,0.005555555555555536,0.0,0.0,4989.0,4995.0,1.0,inverse_phase_volume,geometric_mean,4989.0,4989.0,4989.0,0.0,540.0,0.0,0.0,1.4075093204328312e+45,1.3672884840284252e+58,9714241065259.607,5.999439571288312e-09,58280.00225195233,1.7158544292377764e-05,166682235.5850917,9714241065259.594,0.0
195.99409403032791,1613.870747728642,46993.98813257931,16.142619075977603,6063.734761141944,-6063.734761141944,pass_full,8.0,6063.734761141944,0.001926070836816507,0.009942934948073126,128940.06277062073,1.0,1.0,899.0,none,0.0,60.774234479146735,6002.960526662797,20.0,543.0,191.0,76.23470176284847,0.03972128178627418,nonsingular_isothermal,1.0,0.01,2.0,0.3,1.0,0.0,strict_pass,1.0,none,none,,,0.998998998998999,1.0,0.998998998998999,0.9920508744038156,0.9958847736625515,0.9955555555555555,0.007949125596184436,0.004115226337448541,0.004444444444444473,0.0,0.0,4990.0,4995.0,1.0,inverse_phase_volume,geometric_mean,4990.0,4990.0,4990.0,0.0,540.0,0.0,0.0,1.964581199876322e+41,3.829853206225689e+57,1.949450196544074e+16,2.1551278632234118e-09,42013144.36538401,2.380207468651007e-08,464009591.75772804,1.949450196544033e+16,0.0
149.44628334739,2528.7354904630724,4913566.857047622,12.135371101115936,708.6605032969769,-1000000.0,solver_failed_full,9.0,708.6605032969769,0.00045526245082783134,0.009998711763068763,77564.48674257737,1.0,0.0,899.0,losvd_window_exceeded,2.0,33.3598687373929,675.3006345595838,20.0,543.0,300.0,88.78601418736321,0.03316126999091071,nonsingular_isothermal,1.0,0.01,2.0,0.3,1.0,0.0,strict_pass,1.0,none,none,,,0.9931931931931932,1.0,0.9931931931931932,0.9475357710651828,0.9720164609053498,0.9740740740740741,0.05246422893481717,0.027983539094650234,0.025925925925925908,0.0,0.0,4961.0,4995.0,1.0,inverse_phase_volume,geometric_mean,4961.0,4961.0,4961.0,0.0,540.0,0.0,0.0,7.859848347361776e+43,2.0999098409630048e+56,2671692567284.5293,1.0691204527094099e-07,285636.1167035578,3.500957832436266e-06,9353483.01929645,2671692567284.507,0.0
7.1036914700331355,113.46340331630319,70996.85952412097,10.755809995559675,4644.295244599962,-4644.295244599962,pass_full,10.0,4644.295244599962,0.0027664215058393893,0.00990345112374595,95823.21646728333,1.0,1.0,907.0,none,0.0,95.81327962271078,4548.481964977251,20.0,543.0,161.0,63.7577043367072,0.04283052043322837,nonsingular_isothermal,1.0,0.01,2.0,0.3,1.0,0.0,strict_pass,1.0,none,none,,,0.9983983983983984,1.0,0.9983983983983984,0.9872813990461049,0.9934156378600824,0.9944444444444445,0.012718600953895098,0.006584362139917643,0.005555555555555536,0.0,0.0,4987.0,4995.0,1.0,inverse_phase_volume,geometric_mean,4987.0,4987.0,4987.0,0.0,540.0,0.0,0.0,5.486078945553577e+40,4.957507604947067e+52,903652254032.0145,1.7184033345933064e-08,15528.390466413666,6.439817456695841e-05,58193555.60297894,903652254032.0117,0.0
132.50267795836817,49.561906139860334,500280.64047542063,15.727230644663004,15373.146113565965,-1000000.0,solver_failed_full,11.0,15373.146113565965,0.29667370056813525,0.0006695415877459112,6003.599515359717,1.0,0.0,1196.0,losvd_window_exceeded,2.0,477.4412940669742,14895.70481949899,20.0,543.0,130.0,55.80352787616887,0.05374834129206821,nonsingular_isothermal,1.0,0.01,2.0,0.3,1.0,0.0,strict_pass,1.0,none,none,,,0.9993993993993994,1.0,0.9993993993993994,0.9952305246422893,0.9975308641975309,0.9962962962962963,0.004769475357710662,0.0024691358024691024,0.0037037037037036535,0.0,0.0,4992.0,4995.0,1.0,inverse_phase_volume,geometric_mean,4992.0,4992.0,4992.0,0.0,540.0,0.0,0.0,5.387991671878109e+43,6.307618625239562e+57,117068084165039.11,7.742420420509263e-10,90639.03254293029,1.1032774423384978e-05,1291585764.7707334,117068084165040.02,0.0
28.257941511222473,1265.545724945766,30870.15850985406,7.5391929614883,5289.257734713314,-5289.257734713314,pass_full,12.0,5289.257734713314,0.00044561733284353977,0.009943855401695519,149050.00293745607,1.0,1.0,903.0,none,0.0,150.50906049874675,5138.7486742145675,20.0,543.0,133.0,53.65584454434924,0.051186374870485156,nonsingular_isothermal,1.0,0.01,2.0,0.3,1.0,0.0,strict_pass,1.0,none,none,,,0.9995995995995997,1.0,0.9995995995995997,0.9968203497615262,0.9983539094650206,0.9962962962962963,0.0031796502384737746,0.0016460905349794386,0.0037037037037036535,0.0,0.0,4993.0,4995.0,1.0,inverse_phase_volume,geometric_mean,4993.0,4993.0,4993.0,0.0,540.0,0.0,0.0,4.011855063192257e+41,2.3079108560285355e+54,5752727403347.709,2.78020869730896e-07,1599378.2760034972,6.252429553431132e-07,3596852.2829524535,5752727403347.738,0.0
122.43440513062329,2123.055542220718,0.0,19.609120352817314,909.059113067113,-909.059113067113,pass_no_bh,5.0,909.059113067113,0.008996934676929413,0.009945458424438202,105601.96616509165,1.0,1.0,899.0,none,0.0,66.59615922152759,842.4629538455853,20.0,543.0,263.0,78.03612794644745,0.04271880730636126,nonsingular_isothermal,1.0,0.01,2.0,0.3,1.0,0.0,strict_pass,1.0,none,none,,,1.0,1.0,1.0,1.0,1.0,1.0,0.0,0.0,0.0,0.0,0.0,4995.0,4995.0,1.0,inverse_phase_volume,geometric_mean,4995.0,4995.0,4995.0,0.0,540.0,0.0,0.0,2.774034848817909e+36,2.072546026064937e+56,7.47123283958781e+19,2.2412202981132703e-12,167446786.92014602,5.972046513361237e-09,446185500301.70233,7.47123283958779e+19,0.0
0.0,2123.055542220718,30933.138319198406,19.609120352817314,inf,-1000000.0,physics_exception_no_halo,5.0,inf,inf,inf,inf,0.0,0.0,0.0,exception,3.0,inf,inf,0.0,0.0,0.0,0.0,0.0,none,1.0,0.01,2.0,0.3,1.0,0.0,severe_coverage_warn,0.0,multiple,multiple,3;4;8,shell_band minimum coverage 0.495 is below 0.8 | shell_band coverage gap 0.467 exceeds 0.1 | Lfrac minimum coverage 0.702 is below 0.8 | Lfrac coverage gap 0.298 exceeds 0.1 | third_integral coverage gap 0.189 exceeds 0.1 | 5 planned shell-band/Lfrac/third-integral cells have no successful orbit,0.8644644644644645,1.0,0.8644644644644645,0.49493243243243246,0.7020576131687243,0.8037037037037037,0.46691176470588236,0.2979423868312757,0.18888888888888888,5.0,0.0,4318.0,4995.0,1.0,inverse_phase_volume,geometric_mean,4318.0,4318.0,4318.0,0.0,537.0,0.0,0.0,2.0332438793012737e+38,1.8167393685749112e+52,89351768721381.11,2.8102272785084176e-10,25109.87778437999,3.982496484399722e-05,3558431048.0779667,89351768721380.94,0.0
183.4031235756474,65.31429738771976,810.9307113168272,7.3685632997965795,10896.125967731332,-1000000.0,solver_failed_full,13.0,10896.125967731332,0.29374183858089964,0.0010665505114919821,116773.00258709269,1.0,0.0,1166.0,losvd_window_exceeded,2.0,385.5181966191934,10510.607771112138,20.0,543.0,1221.0,62.399028094443466,0.03548784929070283,nonsingular_isothermal,1.0,0.01,2.0,0.3,1.0,0.0,strict_pass,1.0,none,none,,,1.0,1.0,1.0,1.0,1.0,1.0,0.0,0.0,0.0,0.0,0.0,4995.0,4995.0,1.0,inverse_phase_volume,geometric_mean,4995.0,4995.0,4995.0,0.0,540.0,0.0,0.0,1.2215308713755762e+40,2.563226662970607e+58,2.0983723973215148e+18,4.1067993589214616e-13,861759.4416098424,1.1604166449652262e-06,2434986257187.4526,2.0983723973214991e+18,0.0
9.03199277189497,17.453514146027096,6282.433199393228,4.234109866441459,2842.8924022907713,-2842.8924022907713,pass_full,14.0,2842.8924022907713,0.0028415093502189848,0.00991924899695509,85170.10656275233,1.0,1.0,901.0,none,0.0,96.02418685437124,2746.8682154364,20.0,543.0,228.0,80.29808181193918,0.03081121546036325,nonsingular_isothermal,1.0,0.01,2.0,0.3,1.0,0.0,strict_pass,1.0,none,none,,,1.0,1.0,1.0,1.0,1.0,1.0,0.0,0.0,0.0,0.0,0.0,4995.0,4995.0,1.0,inverse_phase_volume,geometric_mean,4995.0,4995.0,4995.0,0.0,540.0,0.0,0.0,8.084546200194772e+38,9.646599761952226e+52,119321474861753.17,1.5442312527507437e-10,18425.99506058322,5.427115315683516e-05,6475714037.121688,119321474861753.64,0.0
186.9604400224354,136.29467967596239,1311793.5936272629,3.694387726859354,37446.15979200768,-1000000.0,solver_failed_full,15.0,37446.15979200768,0.2897455720376456,0.003104837417128854,146355.43509897703,1.0,0.0,1045.0,losvd_window_exceeded,2.0,487.9274972201258,36958.23229478755,20.0,543.0,117.0,45.54735702626471,0.06021851298988477,nonsingular_isothermal,1.0,0.01,2.0,0.3,1.0,0.0,strict_pass,1.0,none,none,,,0.9967967967967968,1.0,0.9967967967967968,0.9745627980922098,0.9868312757201646,0.9796296296296296,0.025437201907790197,0.013168724279835398,0.020370370370370372,0.0,0.0,4979.0,4995.0,1.0,inverse_phase_volume,geometric_mean,4979.0,4979.0,4979.0,0.0,540.0,0.0,0.0,1.12216405013568e+43,1.8878708367959813e+58,1682348348771037.8,1.349269184956029e-10,226994.07853584335,4.40540126178708e-06,7411419538.441388,1682348348771048.5,0.0
170.15496007489017,12.778871476889273,3488812.7770264307,2.471648819884707,11198.546496291596,-1000000.0,solver_failed_full,16.0,11198.546496291596,0.2786581060336175,0.0006028778780168624,73880.69217173441,1.0,0.0,1277.0,losvd_window_exceeded,2.0,323.3563101621848,10875.190186129412,20.0,543.0,137.0,56.36843238432299,0.04019806829059024,nonsingular_isothermal,1.0,0.01,2.0,0.3,1.0,0.0,strict_pass,1.0,none,none,,,1.0,1.0,1.0,1.0,1.0,1.0,0.0,0.0,0.0,0.0,0.0,4995.0,4995.0,1.0,inverse_phase_volume,geometric_mean,4995.0,4995.0,4995.0,0.0,540.0,0.0,0.0,8.539008578657842e+45,9.939710527812812e+57,1164035664825.9897,9.912607423330258e-09,11538.628572175268,8.666541207604531e-05,100881630.56335768,1164035664825.9888,0.0
23.31775619775911,1.4764916586042327,1304.6721657339094,4.422451694500211,2038.7815139293148,-2038.7815139293148,pass_full,17.0,2038.7815139293148,0.004977000089866124,0.009925847516047684,85829.66257141161,1.0,1.0,900.0,none,0.0,102.13369093194457,1936.6478229973702,20.0,543.0,270.0,103.02691045479763,0.034588363514882425,nonsingular_isothermal,1.0,0.01,2.0,0.3,1.0,0.0,strict_pass,1.0,none,none,,,1.0,1.0,1.0,1.0,1.0,1.0,0.0,0.0,0.0,0.0,0.0,4995.0,4995.0,1.0,inverse_phase_volume,geometric_mean,4995.0,4995.0,4995.0,0.0,540.0,0.0,0.0,5.043894122076402e+40,4.5935935331349176e+54,91072362384242.31,9.044885095682852e-11,8237.390531578647,0.00012139766788601633,11055972402.317225,91072362384242.73,0.0
34.43732284310068,3977.8424399000564,3550.0425933671786,5.585381020124412,16768.706090296142,-16768.706090296142,pass_full,18.0,16768.706090296142,0.04732010564111988,0.009984483736381215,195984.79801246838,1.0,1.0,908.0,none,0.0,594.0866361785352,16174.619454117608,20.0,543.0,103.0,41.60585844817679,0.0733519233691237,nonsingular_isothermal,1.0,0.01,2.0,0.3,1.0,0.0,strict_pass,1.0,none,none,,,0.9907907907907908,1.0,0.9907907907907908,0.9268680445151033,0.9621399176954732,0.975925925925926,0.0731319554848967,0.037860082304526754,0.024074074074074026,0.0,0.0,4949.0,4995.0,1.0,inverse_phase_volume,geometric_mean,4949.0,4949.0,4949.0,0.0,540.0,0.0,0.0,8.799465931442382e+37,1.4197706026137785e+53,1613473605870366.8,7.775814605371099e-10,1254607.162990742,7.970622434644742e-07,1286038892.065734,1613473605870347.2,0.0
54.5136137275263,952.310727133359,12760.711209007633,9.418102223422487,928.9370900044399,-928.9370900044399,pass_full,19.0,928.9370900044399,0.006310344357302711,0.009970317186619603,92494.99511351499,1.0,1.0,899.0,none,0.0,71.34408508282246,857.5930049216176,20.0,543.0,292.0,79.86530197785804,0.03424857825784087,nonsingular_isothermal,1.0,0.01,2.0,0.3,1.0,0.0,strict_pass,1.0,none,none,,,1.0,1.0,1.0,1.0,1.0,1.0,0.0,0.0,0.0,0.0,0.0,4995.0,4995.0,1.0,inverse_phase_volume,geometric_mean,4995.0,4995.0,4995.0,0.0,540.0,0.0,0.0,8.464897613079712e+39,6.470645974038088e+55,7644092427107252.0,1.524499824342568e-09,11653417.562383506,8.581173674132613e-08,655952846.9813005,7644092427107348.0,0.0
161.39343354455877,1071.5879892682876,2666.441770108155,13.803003530900286,9096.494995586525,-1000000.0,solver_failed_full,20.0,9096.494995586525,0.0041037871942535276,0.009905578701297761,157799.8495183085,1.0,0.0,898.0,losvd_window_exceeded,2.0,48.59788837851702,9047.897107208008,20.0,543.0,178.0,67.31517075657065,0.0456146212919439,nonsingular_isothermal,1.0,0.01,2.0,0.3,1.0,0.0,strict_pass,1.0,none,none,,,1.0,1.0,1.0,1.0,1.0,1.0,0.0,0.0,0.0,0.0,0.0,4995.0,4995.0,1.0,inverse_phase_volume,geometric_mean,4995.0,4995.0,4995.0,0.0,540.0,0.0,0.0,1.116923946056285e+38,3.953634538883445e+57,3.5397526866920714e+19,2.711132343654996e-12,95967379.9743061,1.0420207369084533e-08,368849570306.0575,3.5397526866920956e+19,0.0
142.50957406329542,4.149207448194102,1216970.2737537357,16.299270479728733,13167.987607618643,-1000000.0,solver_failed_full,21.0,13167.987607618643,0.29759429030855244,0.006225639170274315,420680.3775592929,1.0,0.0,1159.0,losvd_window_exceeded,2.0,402.005617858439,12765.981989760201,20.0,543.0,124.0,54.881435469523545,0.06077613087810617,nonsingular_isothermal,1.0,0.01,2.0,0.3,1.0,0.0,strict_pass,1.0,none,none,,,1.0,1.0,1.0,1.0,1.0,1.0,0.0,0.0,0.0,0.0,0.0,4995.0,4995.0,1.0,inverse_phase_volume,geometric_mean,4995.0,4995.0,4995.0,0.0,540.0,0.0,0.0,1.1072160301457626e+42,8.222425799752643e+57,7426216362375262.0,1.7893619900703998e-12,13288.189288873089,7.525479794582347e-05,558858411852.5154,7426216362375221.0,0.0
93.2290921524598,106.4025011917987,65656.82420590261,14.231494595830842,17986.539629013536,-1000000.0,solver_failed_full,22.0,17986.539629013536,0.030519277333951322,0.00998492881401761,92446.63652193172,1.0,0.0,915.0,losvd_window_exceeded,2.0,208.76778155724287,17777.771847456293,20.0,543.0,138.0,59.50279837922093,0.04766607625390273,nonsingular_isothermal,1.0,0.01,2.0,0.3,1.0,0.0,strict_pass,1.0,none,none,,,1.0,1.0,1.0,1.0,1.0,1.0,0.0,0.0,0.0,0.0,0.0,4995.0,4995.0,1.0,inverse_phase_volume,geometric_mean,4995.0,4995.0,4995.0,0.0,540.0,0.0,0.0,1.2240779285688624e+42,1.3571116780218083e+57,1108680784407642.4,3.017471392917445e-10,334541.2550827302,2.989167957036287e-06,3314033075.333149,1108680784407631.8,0.0
140.7219742951105,41.62922930218399,35808.110566726966,16.114694409295723,13101.706066012168,-1000000.0,solver_failed_full,23.0,13101.706066012168,0.09605244994963869,0.009635296806841514,1483759.2220968609,1.0,0.0,968.0,losvd_window_exceeded,2.0,486.6514764468917,12615.054589565276,20.0,543.0,129.0,59.67532062052638,0.05366337298394337,nonsingular_isothermal,1.0,0.01,2.0,0.3,1.0,0.0,strict_pass,1.0,none,none,,,1.0,1.0,1.0,1.0,1.0,1.0,0.0,0.0,0.0,0.0,0.0,4995.0,4995.0,1.0,inverse_phase_volume,geometric_mean,4995.0,4995.0,4995.0,0.0,540.0,0.0,0.0,3.3858310120813376e+39,6.4216690533738e+57,1.8966301125070838e+18,5.910154761256842e-14,112093.77489776854,8.921102005102578e-06,16920030699624.895,1.8966301125070863e+18,0.0
169.389061529282,2.961494309424002,2017924.771615392,11.092135621314894,13717.01445412666,-1000000.0,solver_failed_full,24.0,13717.01445412666,0.29987203244672855,0.00035688751793146417,1346.039013064621,1.0,0.0,1561.0,losvd_window_exceeded,2.0,365.80847011497826,13351.205984011682,20.0,543.0,127.0,49.721634733311845,0.04284403564326864,nonsingular_isothermal,1.0,0.01,2.0,0.3,1.0,0.0,strict_pass,1.0,none,none,,,1.0,1.0,1.0,1.0,1.0,1.0,0.0,0.0,0.0,0.0,0.0,4995.0,4995.0,1.0,inverse_phase_volume,geometric_mean,4995.0,4995.0,4995.0,0.0,540.0,0.0,0.0,1.6160791651163464e+45,1.6505307932061317e+58,10213180324537.537,1.1966715633353236e-09,12221.822465589908,8.182085796250627e-05,835651176.6794499,10213180324537.543,0.0
49.52916127431921,36.21988093737918,0.0,14.534857405978535,15951.921251426595,-15951.921251426595,pass_full,25.0,15951.921251426595,0.044069402416425874,0.00990833672404194,94043.63764045833,1.0,1.0,903.0,none,0.0,655.894405519557,15296.02684590704,20.0,543.0,664.0,64.75675883010945,0.047456817134348406,nonsingular_isothermal,1.0,0.01,2.0,0.3,1.0,0.0,strict_pass,1.0,none,none,,,1.0,1.0,1.0,1.0,1.0,1.0,0.0,0.0,0.0,0.0,0.0,4995.0,4995.0,1.0,inverse_phase_volume,geometric_mean,4995.0,4995.0,4995.0,0.0,540.0,0.0,0.0,4.4705682825374805e+38,9.979513064187563e+55,2.2322694640787866e+17,1.2232621790067288e-12,273065.08087591553,3.662130642234748e-06,817486240612.7732,2.2322694640787507e+17,0.0
106.64262723618747,14.428018947200316,16648.59519273772,16.69836388522732,19577.0837271569,-1000000.0,solver_failed_full,26.0,19577.0837271569,0.01448623051692266,0.0057147784496519895,144567.7069662843,1.0,0.0,970.0,losvd_window_exceeded,2.0,496.36229631138514,19080.72143084551,20.0,543.0,137.0,58.94782764012103,0.052766531476389204,nonsingular_isothermal,1.0,0.01,2.0,0.3,1.0,0.0,strict_pass,1.0,none,none,,,1.0,1.0,1.0,1.0,1.0,1.0,0.0,0.0,0.0,0.0,0.0,4995.0,4995.0,1.0,inverse_phase_volume,geometric_mean,4995.0,4995.0,4995.0,0.0,540.0,0.0,0.0,8.368621056348843e+40,1.5642342441033694e+57,1.8691660592238972e+16,1.3600495098138309e-12,25421.583826081176,3.9336652147300664e-05,735267350772.3142,1.869166059223902e+16,0.0
136.30772670119256,3.8779209936252066,59817.17771973585,12.888825777816104,13598.323018584495,-1000000.0,solver_failed_full,27.0,13598.323018584495,0.13132565764681203,0.009971443199337276,161495.25621591913,1.0,0.0,928.0,losvd_window_exceeded,2.0,332.3953547141596,13265.927663870334,20.0,543.0,129.0,56.326338976886916,0.05606450430455443,nonsingular_isothermal,1.0,0.01,2.0,0.3,1.0,0.0,strict_pass,1.0,none,none,,,1.0,1.0,1.0,1.0,1.0,1.0,0.0,0.0,0.0,0.0,0.0,4995.0,4995.0,1.0,inverse_phase_volume,geometric_mean,4995.0,4995.0,4995.0,0.0,540.0,0.0,0.0,6.0676701418985385e+44,6.790584656801397e+57,11191420261808.535,1.3829983406227617e-09,15477.715651293147,6.460901741119989e-05,723066666.5512425,11191420261808.53,0.0
102.06680644006023,16.1057353632416,258525.25492122275,14.546123439214647,21402.257972289306,-1000000.0,solver_failed_full,28.0,21402.257972289306,0.2994657553754223,0.001378070216366405,21218.991933212772,1.0,0.0,1201.0,losvd_window_exceeded,2.0,468.9535777616076,20933.304394527702,20.0,543.0,126.0,58.62113444127426,0.05409188480144942,nonsingular_isothermal,1.0,0.01,2.0,0.3,1.0,0.0,strict_pass,1.0,none,none,,,1.0,1.0,1.0,1.0,1.0,1.0,0.0,0.0,0.0,0.0,0.0,4995.0,4995.0,1.0,inverse_phase_volume,geometric_mean,4995.0,4995.0,4995.0,0.0,540.0,0.0,0.0,5.673127134811388e+42,1.1910787719985519e+57,209951010032873.38,8.645399504335443e-11,18151.103580729334,5.509306888985418e-05,11566845459.235586,209951010032873.88,0.0
133.46661796439753,143.71926290910605,3339.9396114766005,10.085840729171638,26330.074320911273,-1000000.0,solver_failed_full,29.0,26330.074320911273,0.1878454090328887,0.009592336912660326,207831.08837710874,1.0,0.0,912.0,losvd_window_exceeded,2.0,524.7888376393746,25805.2854832719,20.0,543.0,157.0,47.975011060072376,0.04392728224742846,nonsingular_isothermal,1.0,0.01,2.0,0.3,1.0,0.0,strict_pass,1.0,none,none,,,1.0,1.0,1.0,1.0,1.0,1.0,0.0,0.0,0.0,0.0,0.0,4995.0,4995.0,1.0,inverse_phase_volume,geometric_mean,4995.0,4995.0,4995.0,0.0,540.0,0.0,0.0,2.458719264039643e+38,3.902133717432063e+57,1.5870594803169636e+19,9.709180408058538e-14,1540904.6812716841,6.489694087856985e-07,10299530526490.252,1.5870594803169442e+19,0.0
0.9001180387237184,570.7631982629442,77654.30713793365,18.35455041936131,inf,-1000000.0,physics_exception_full,30.0,inf,inf,inf,inf,0.0,0.0,0.0,exception,3.0,inf,inf,0.0,0.0,0.0,0.0,0.0,nonsingular_isothermal,1.0,0.01,2.0,0.3,1.0,0.0,severe_coverage_warn,0.0,multiple,multiple,3;4;7;8,shell_band minimum coverage 0.598 is below 0.8 | shell_band coverage gap 0.372 exceeds 0.1 | Lfrac minimum coverage 0.705 is below 0.8 | Lfrac coverage gap 0.295 exceeds 0.1 | third_integral minimum coverage 0.763 is below 0.8 | third_integral coverage gap 0.228 exceeds 0.1 | 10 planned shell-band/Lfrac/third-integral cells have no successful orbit,0.8618618618618619,1.0,0.8618618618618619,0.597972972972973,0.7045267489711934,0.762962962962963,0.3718203497615262,0.2954732510288066,0.22777777777777775,10.0,0.0,4305.0,4995.0,1.0,inverse_phase_volume,geometric_mean,4305.0,4305.0,4305.0,0.0,540.0,0.0,0.0,1.080695025593285e+42,7.203021368184163e+51,6665174908.36956,7.165324422393367e-07,4775.81405504639,0.0002093883866653779,1395610.220906061,6665174908.369563,0.0
103.81566012737188,226.91396409099255,2922113.452447523,1.3736885600584408,18496.099909192613,-1000000.0,solver_failed_full,31.0,18496.099909192613,0.10203530482613132,0.00997919021911875,201293.54145216977,1.0,0.0,916.0,losvd_window_exceeded,2.0,371.20249340951943,18124.897415783093,20.0,543.0,136.0,65.79027122369237,0.03516548280187372,nonsingular_isothermal,1.0,0.01,2.0,0.3,1.0,0.0,strict_pass,1.0,none,none,,,0.9951951951951952,1.0,0.9951951951951952,0.9713831478537361,0.980246913580247,0.9685185185185186,0.02861685214626386,0.01975308641975304,0.031481481481481444,0.0,0.0,4971.0,4995.0,1.0,inverse_phase_volume,geometric_mean,4971.0,4971.0,4971.0,0.0,540.0,0.0,0.0,1.3662641614430805e+45,1.5375799715034234e+57,1125389961103.4187,1.2270724729656657e-07,138093.50426219095,7.24147022948561e-06,8149477.8998923935,1125389961103.4211,0.0
85.10626842707651,3301.2381518774064,10264.53883070466,5.50664916574892,3202.701268407095,-3202.701268407095,pass_full,32.0,3202.701268407095,0.005045378040904325,0.009938687158384824,130766.48303858281,1.0,1.0,899.0,none,0.0,140.8840747086289,3061.817193698466,20.0,543.0,147.0,56.12271027595124,0.04372613814541252,nonsingular_isothermal,1.0,0.01,2.0,0.3,1.0,0.0,strict_pass,1.0,none,none,,,0.9925925925925926,1.0,0.9925925925925926,0.9411764705882353,0.9695473251028807,0.9796296296296296,0.05882352941176472,0.030452674897119336,0.020370370370370372,0.0,0.0,4958.0,4995.0,1.0,inverse_phase_volume,geometric_mean,4958.0,4958.0,4958.0,0.0,540.0,0.0,0.0,1.6184024882391754e+39,2.1739985554408805e+55,1.3432990688281718e+16,1.77200830132702e-09,23803371.01128377,4.201085634156436e-08,564331442.0429751,1.343299068828172e+16,0.0
13.24089157821633,236.1677375290054,441903.42428677145,17.426197013871338,1598.1467640034168,-1598.1467640034168,pass_full,33.0,1598.1467640034168,0.0008467936347642535,0.009942293794452873,85082.67115392984,1.0,1.0,904.0,none,0.0,24.684451696522874,1573.4623123068939,20.0,543.0,256.0,78.66763953862741,0.035597720628227233,nonsingular_isothermal,1.0,0.01,2.0,0.3,1.0,0.0,strict_pass,1.0,none,none,,,0.9973973973973974,1.0,0.9973973973973974,0.9793322734499205,0.9893004115226337,0.9907407407407407,0.020667726550079535,0.010699588477366295,0.0092592592592593,0.0,0.0,4982.0,4995.0,1.0,inverse_phase_volume,geometric_mean,4982.0,4982.0,4982.0,0.0,540.0,0.0,0.0,3.585792345489675e+43,6.162907046378177e+53,17187016013.713345,1.2891296744896898e-06,22156.29235920744,4.513390524856621e-05,775717.1522685306,17187016013.713398,0.0
68.54166338096972,3989.7639768471936,3898.5171638948705,9.086857117738445,7200.000920981426,-7200.000920981426,pass_full,34.0,7200.000920981426,0.01582986222092586,0.009962967342547535,173071.21511869965,1.0,1.0,900.0,none,0.0,326.1939221496917,6873.806998831734,20.0,543.0,122.0,50.41211786864967,0.05382076679498052,nonsingular_isothermal,1.0,0.01,2.0,0.3,1.0,0.0,strict_pass,1.0,none,none,,,0.9905905905905906,1.0,0.9905905905905906,0.9252782193958664,0.9613168724279836,0.975925925925926,0.07472178060413359,0.03868312757201642,0.024074074074074026,0.0,0.0,4948.0,4995.0,1.0,inverse_phase_volume,geometric_mean,4948.0,4948.0,4948.0,0.0,540.0,0.0,0.0,7.558244072928379e+36,3.10367829264802e+54,4.1063483299839046e+17,1.949348731884085e-11,8004704.909728424,1.2492652899479927e-07,51299184370.847786,4.1063483299838886e+17,0.0
4.9670452763245,39.62901124185584,4605.378224728615,1.2561971173099955,10510.875186114565,-10510.875186114565,pass_full,35.0,10510.875186114565,0.013591419543445227,0.009984132475180204,417899.65052126476,1.0,1.0,903.0,none,0.0,262.8237045533676,10248.051481561197,20.0,543.0,136.0,60.89644939079371,0.03835245469461652,nonsingular_isothermal,1.0,0.01,2.0,0.3,1.0,0.0,strict_pass,1.0,none,none,,,0.9997997997997998,1.0,0.9997997997997998,0.9984101748807631,0.9991769547325103,0.9981481481481481,0.0015898251192368873,0.0008230452674896638,0.0018518518518518823,0.0,0.0,4994.0,4995.0,1.0,inverse_phase_volume,geometric_mean,4994.0,4994.0,4994.0,0.0,540.0,0.0,0.0,2.309958386521402e+39,8.313855517091402e+51,3599136489039.247,6.3139474102504926e-09,22724.758514107398,4.4004868055218534e-05,158379526.3128945,3599136489039.2456,0.0
62.57579354654237,6.809999313410849,7075.986924044142,15.3906690735214,18321.433948638874,-1000000.0,solver_failed_full,36.0,18321.433948638874,0.02031069833537913,0.00993521094169822,119402.47115297004,1.0,0.0,913.0,losvd_window_exceeded,2.0,286.39285924599335,18035.041089392886,20.0,543.0,139.0,67.02330326902776,0.03534300301739717,nonsingular_isothermal,1.0,0.01,2.0,0.3,1.0,0.0,severe_coverage_warn,0.0,multiple,multiple,5;6;7,only 3984 planned phase-grid orbit(s) were attempted; 4246 are required by fill_pct=0.85 | total orbit coverage 0.797 is below 0.85 | shell_band minimum coverage 0.765 is below 0.8 | Lfrac minimum coverage 0.793 is below 0.8 | third_integral minimum coverage 0.796 is below 0.8,0.7971971971971972,0.7975975975975976,0.9994979919678715,0.7647058823529411,0.7925925925925926,0.7955555555555556,0.05882352941176472,0.007407407407407418,0.002592592592592591,0.0,1.0,3982.0,4995.0,1.0,inverse_phase_volume,geometric_mean,3982.0,3982.0,3982.0,0.0,431.0,0.0,0.0,4.136991756098212e+43,3.0973180033830075e+56,7486884639828.8,2.871783349579515e-09,21500.710648883276,4.651009058865405e-05,348215682.82524496,7486884639828.906,0.0
71.57781190959773,24.09537323680766,12655.477805193472,6.493712310923785,19583.0011257982,-1000000.0,solver_failed_full,37.0,19583.0011257982,0.07967390648991568,0.009980664860086419,143042.1625203684,1.0,0.0,911.0,losvd_window_exceeded,2.0,253.6848138706555,19329.316311927552,20.0,543.0,150.0,66.64425229578676,0.03937995388872837,nonsingular_isothermal,1.0,0.01,2.0,0.3,1.0,0.0,strict_pass,1.0,none,none,,,1.0,1.0,1.0,1.0,1.0,1.0,0.0,0.0,0.0,0.0,0.0,4995.0,4995.0,1.0,inverse_phase_volume,geometric_mean,4995.0,4995.0,4995.0,0.0,540.0,0.0,0.0,1.1036409443059606e+40,4.942025321501294e+56,4.477928575411048e+16,1.4065763591003957e-12,62985.48471913385,1.587667387905674e-05,710946116455.1139,4.477928575411114e+16,0.0
71.7687303210746,2.0499563991272574,1418.8991266992648,9.615592570954908,19000.126751470925,-1000000.0,solver_failed_full,38.0,19000.126751470925,0.024253402290923987,0.009991577465454921,111238.846929003,1.0,0.0,912.0,losvd_window_exceeded,2.0,237.5603597575958,18762.56639171333,20.0,543.0,142.0,71.93642502871677,0.029203570933672596,nonsingular_isothermal,1.0,0.01,2.0,0.3,1.0,0.0,strict_pass,1.0,none,none,,,1.0,1.0,1.0,1.0,1.0,1.0,0.0,0.0,0.0,0.0,0.0,4995.0,4995.0,1.0,inverse_phase_volume,geometric_mean,4995.0,4995.0,4995.0,0.0,540.0,0.0,0.0,5.055917356593266e+44,5.3063058656422905e+56,1049523853217.755,1.1465236799945694e-08,12033.039504333146,8.310452231457363e-05,87220178.47941323,1049523853217.7671,0.0
18.44323478486296,487.07143027723214,0.0,0.2858928501164642,2839.400087858623,-2839.400087858623,pass_full,39.0,2839.400087858623,0.00668573718985499,0.009906459917003375,93558.07147525408,1.0,1.0,899.0,none,0.0,90.6091626617607,2748.790925196862,20.0,543.0,2684.0,58.78991039317852,0.05017793543740297,nonsingular_isothermal,1.0,0.01,2.0,0.3,1.0,0.0,strict_pass,1.0,none,none,,,1.0,1.0,1.0,1.0,1.0,1.0,0.0,0.0,0.0,0.0,0.0,4995.0,4995.0,1.0,inverse_phase_volume,geometric_mean,4995.0,4995.0,4995.0,0.0,540.0,0.0,0.0,2.2760944524236026e+30,1.4986583712769067e+54,6.584341742413738e+23,7.662411678374186e-17,50451937.061477676,1.982084451547342e-08,1.3050721391312408e+16,6.58434174241374e+23,0.0
76.05009558544755,3.0507404705445103,34046.60780051058,3.9467992929448275,20315.377448474926,-1000000.0,solver_failed_full,40.0,20315.377448474926,0.027523912187461974,0.00997635243843275,120861.11052560675,1.0,0.0,915.0,losvd_window_exceeded,2.0,234.87848308929003,20080.498965385636,20.0,543.0,138.0,57.867169496647854,0.03907979421863989,nonsingular_isothermal,1.0,0.01,2.0,0.3,1.0,0.0,strict_pass,1.0,none,none,,,1.0,1.0,1.0,1.0,1.0,1.0,0.0,0.0,0.0,0.0,0.0,4995.0,4995.0,1.0,inverse_phase_volume,geometric_mean,4995.0,4995.0,4995.0,0.0,540.0,0.0,0.0,1.4337055759400752e+44,6.609139270963857e+56,4609830206338.056,2.98153313121667e-09,13744.361489480236,7.275710848884378e-05,335397916.43768567,4609830206338.037,0.0
53.740453259518176,5.034750442651553,248259.8260003178,2.187618425502123,16316.668217042927,-1000000.0,solver_failed_full,41.0,16316.668217042927,0.051554865027355845,0.00995865223493952,95477.93470924904,1.0,0.0,911.0,losvd_window_exceeded,2.0,300.9815538574885,16015.686663185437,20.0,543.0,148.0,62.5086070931584,0.03648116264297143,nonsingular_isothermal,1.0,0.01,2.0,0.3,1.0,0.0,strict_pass,1.0,none,none,,,1.0,1.0,1.0,1.0,1.0,1.0,0.0,0.0,0.0,0.0,0.0,4995.0,4995.0,1.0,inverse_phase_volume,geometric_mean,4995.0,4995.0,4995.0,0.0,540.0,0.0,0.0,3.179243755642507e+42,1.6727777821854797e+56,52615587565962.55,2.621429296151476e-10,13792.804267963753,7.250157260062614e-05,3814712841.8382344,52615587565962.53,0.0
45.96409832350952,1183.7887276557624,175788.6510511247,19.73287884143164,1081.2391848683797,-1081.2391848683797,pass_full,42.0,1081.2391848683797,0.0004698792588442302,0.009910594234608208,102025.60211710997,1.0,1.0,904.0,none,0.0,29.82830407446372,1051.4108807939158,20.0,543.0,264.0,81.4928224543259,0.03951322370503915,nonsingular_isothermal,1.0,0.01,2.0,0.3,1.0,0.0,strict_pass,1.0,none,none,,,0.9991991991991992,1.0,0.9991991991991992,0.9936406995230525,0.9967078189300411,0.9962962962962963,0.006359300476947549,0.003292181069958877,0.0037037037037036535,0.0,0.0,4991.0,4995.0,1.0,inverse_phase_volume,geometric_mean,4991.0,4991.0,4991.0,0.0,540.0,0.0,0.0,4.722962238775099e+41,1.908406114000249e+55,40406973791414.31,2.5506508379369133e-08,1030640.8155956629,9.702701318131343e-07,39205679.786765605,40406973791414.49,0.0
165.27209960555763,4.708804031623834,873096.8667130532,1.8613971959339728,16040.334397721204,-1000000.0,solver_failed_full,43.0,16040.334397721204,0.28992935519818275,0.001537631188391963,35534.60748789769,1.0,0.0,1183.0,losvd_window_exceeded,2.0,373.94780098627103,15666.386596734932,20.0,543.0,117.0,44.357621313333354,0.04706454027226542,nonsingular_isothermal,1.0,0.01,2.0,0.3,1.0,0.0,strict_pass,1.0,none,none,,,1.0,1.0,1.0,1.0,1.0,1.0,0.0,0.0,0.0,0.0,0.0,4995.0,4995.0,1.0,inverse_phase_volume,geometric_mean,4995.0,4995.0,4995.0,0.0,540.0,0.0,0.0,3.611850355372734e+45,1.305586109837186e+58,3614729242298.4473,3.534927882310368e-09,12777.807185603568,7.826068944964788e-05,282891202.6760832,3614729242298.491,0.0
45.65738636295653,7.048031204823713,181483.89268960763,4.493042237576212,15520.633879384768,-1000000.0,solver_failed_full,44.0,15520.633879384768,0.04297489868804405,0.009906602708013834,84011.17818395174,1.0,0.0,917.0,losvd_window_exceeded,2.0,616.674331887981,14903.95954749679,20.0,543.0,164.0,69.55103916339432,0.04072864570299576,nonsingular_isothermal,1.0,0.01,2.0,0.3,1.0,0.0,strict_pass,1.0,none,none,,,1.0,1.0,1.0,1.0,1.0,1.0,0.0,0.0,0.0,0.0,0.0,4995.0,4995.0,1.0,inverse_phase_volume,geometric_mean,4995.0,4995.0,4995.0,0.0,540.0,0.0,0.0,4.844319913796127e+43,8.713474050415015e+55,1798699137437.2144,8.792582425342098e-09,15815.210424308541,6.323026840433083e-05,113732229.23879413,1798699137437.2258,0.0
13.19586880521122,333.57226933210217,6650.128980684179,15.971875764098385,2591.0116407133,-2591.0116407133,pass_full,45.0,2591.0116407133,0.005868400841336552,0.009918830230559802,89261.83766743509,1.0,1.0,900.0,none,0.0,102.01910497065053,2488.9925357426496,20.0,543.0,173.0,61.653739752719865,0.04620676321031962,nonsingular_isothermal,1.0,0.01,2.0,0.3,1.0,0.0,strict_pass,1.0,none,none,,,1.0,1.0,1.0,1.0,1.0,1.0,0.0,0.0,0.0,0.0,0.0,4995.0,4995.0,1.0,inverse_phase_volume,geometric_mean,4995.0,4995.0,4995.0,0.0,540.0,0.0,0.0,2.080518611685972e+38,6.911573808576057e+53,3322043729748316.5,1.5139349975991867e-10,502935.8266020899,1.988325243711808e-06,6605303408.57309,3322043729748309.0,0.0
3.4873619945122947,954.4809502524419,185.70803466547432,16.064450494503884,10201.806702733807,-10201.806702733807,pass_full,46.0,10201.806702733807,0.02540626307745697,0.00990271974342288,186189.31547069797,1.0,1.0,901.0,none,0.0,432.55819236574695,9769.24851036806,20.0,543.0,109.0,49.90974962011116,0.051946784279310106,nonsingular_isothermal,1.0,0.01,2.0,0.3,1.0,0.0,strict_pass,1.0,none,none,,,0.991991991991992,1.0,0.991991991991992,0.9697933227344993,0.9711934156378601,0.9629629629629629,0.030206677265500748,0.028806584362139898,0.03703703703703709,0.0,0.0,4955.0,4995.0,1.0,inverse_phase_volume,geometric_mean,4955.0,4955.0,4955.0,0.0,540.0,0.0,0.0,3.408207440151903e+35,8.884093630761404e+51,2.606676320841974e+16,3.2983687100672714e-12,85977.79613938504,1.1630909896536836e-05,303180174171.4936,2.6066763208419924e+16,0.0
60.41481339671246,51.644879450228615,794002.0023749656,16.487642585017014,16904.638284273995,-1000000.0,solver_failed_full,47.0,16904.638284273995,0.03274649889499415,0.00994350498637959,90500.81953256507,1.0,0.0,909.0,losvd_window_exceeded,2.0,273.6096207610049,16631.028663512992,20.0,543.0,151.0,71.83765341708985,0.03935971721730748,nonsingular_isothermal,1.0,0.01,2.0,0.3,1.0,0.0,strict_pass,1.0,none,none,,,0.9971971971971972,1.0,0.9971971971971972,0.9777424483306836,0.988477366255144,0.987037037037037,0.022257551669316422,0.011522633744855959,0.012962962962962954,0.0,0.0,4981.0,4995.0,1.0,inverse_phase_volume,geometric_mean,4981.0,4981.0,4981.0,0.0,540.0,0.0,0.0,6.111478778304021e+44,2.7735996319023654e+56,453834453577.5447,9.652440781448988e-08,43806.1018773852,2.2827870025939188e-05,10360073.919561347,453834453577.5458,0.0
138.221820336355,94.49162197796845,38665.45004158877,3.670713600707336,18311.228992985798,-1000000.0,solver_failed_full,48.0,18311.228992985798,0.24893882288961322,0.009953187811667739,405828.2748131667,1.0,0.0,960.0,losvd_window_exceeded,2.0,424.16837372530983,17887.06061926049,20.0,543.0,143.0,53.25784409727481,0.046646656667975225,nonsingular_isothermal,1.0,0.01,2.0,0.3,1.0,0.0,strict_pass,1.0,none,none,,,1.0,1.0,1.0,1.0,1.0,1.0,0.0,0.0,0.0,0.0,0.0,4995.0,4995.0,1.0,inverse_phase_volume,geometric_mean,4995.0,4995.0,4995.0,0.0,540.0,0.0,0.0,2.118880760624731e+41,5.775999765349132e+57,2.725967346858223e+16,1.352411137069767e-11,368662.8599179628,2.712505404592495e-06,73942011610.9568,2.7259673468582548e+16,0.0
45.465474703126475,303.9843893215192,368214.92648399546,6.404371372095708,4810.749872491943,-4810.749872491943,pass_full,49.0,4810.749872491943,0.009915852227095456,0.009906122573725185,82786.32323669846,1.0,1.0,903.0,none,0.0,122.1290901864218,4688.620782305522,20.0,543.0,219.0,78.60086653736438,0.04244413581020803,nonsingular_isothermal,1.0,0.01,2.0,0.3,1.0,0.0,strict_pass,1.0,none,none,,,0.9967967967967968,1.0,0.9967967967967968,0.9745627980922098,0.9868312757201646,0.9814814814814815,0.025437201907790197,0.013168724279835398,0.01851851851851849,0.0,0.0,4979.0,4995.0,1.0,inverse_phase_volume,geometric_mean,4979.0,4979.0,4979.0,0.0,540.0,0.0,0.0,4.365624605731849e+43,6.987583470862806e+55,1600591920269.1992,2.1820011741461004e-07,349249.34493561025,2.8632838242956936e-06,4582948.954605113,1600591920269.1755,0.0
118.11732298678075,197.171240292278,1071963.427469676,9.111908721858914,21051.395114626244,-1000000.0,solver_failed_full,50.0,21051.395114626244,0.27778440604015486,0.005800011464105094,50109.74711393168,1.0,0.0,1020.0,losvd_window_exceeded,2.0,450.8925055279755,20600.50260909827,20.0,543.0,136.0,55.58902322791427,0.05553902063282257,nonsingular_isothermal,1.0,0.01,2.0,0.3,1.0,0.0,strict_pass,1.0,none,none,,,0.9977977977977978,1.0,0.9977977977977978,0.9825119236883942,0.9909465020576131,0.9851851851851852,0.01748807631160576,0.009053497942386857,0.014814814814814836,0.0,0.0,4984.0,4995.0,1.0,inverse_phase_volume,geometric_mean,4984.0,4984.0,4984.0,0.0,540.0,0.0,0.0,1.1930381411065964e+45,2.2437988514184343e+57,1880743602494.7285,1.1236618894982382e-07,211331.99100409463,4.73189125436586e-06,8899474.204349332,1880743602494.725,0.0
74.28493905449483,5.674714282383259,2816465.0635357182,7.167466212591389,21758.575766223938,-1000000.0,solver_failed_full,51.0,21758.575766223938,0.08816201087029185,0.00995234676664799,102842.88215568823,1.0,0.0,906.0,losvd_window_exceeded,2.0,284.9663772751814,21473.609388948757,20.0,543.0,142.0,63.25849872337377,0.03535491839789206,nonsingular_isothermal,1.0,0.01,2.0,0.3,1.0,0.0,strict_pass,1.0,none,none,,,0.9997997997997998,1.0,0.9997997997997998,0.9984101748807631,0.9991769547325103,0.9981481481481481,0.0015898251192368873,0.0008230452674896638,0.0018518518518518823,0.0,0.0,4994.0,4995.0,1.0,inverse_phase_volume,geometric_mean,4994.0,4994.0,4994.0,0.0,540.0,0.0,0.0,1.2312977637618169e+46,6.1612540444199085e+56,50038700838.66851,1.8203968184423423e-07,9109.029180569869,0.00010978118306318118,5493307.777013526,50038700838.66761,0.0
128.03033692016749,1.6677969779754984,19280.325746171486,1.9819715260255404,16277.90257813733,-1000000.0,solver_failed_full,52.0,16277.90257813733,0.20725470221623254,0.003917538084756686,135436.21974905324,1.0,0.0,1024.0,losvd_window_exceeded,2.0,326.4220195574778,15951.480558579851,20.0,543.0,133.0,57.47178068446942,0.045556094762118346,nonsingular_isothermal,1.0,0.01,2.0,0.3,1.0,0.0,strict_pass,1.0,none,none,,,1.0,1.0,1.0,1.0,1.0,1.0,0.0,0.0,0.0,0.0,0.0,4995.0,4995.0,1.0,inverse_phase_volume,geometric_mean,4995.0,4995.0,4995.0,0.0,540.0,0.0,0.0,6.68743710050448e+45,5.278558626364311e+57,789324601791.9349,1.3591256521715723e-08,10727.91314185541,9.321477409231227e-05,73576714.4415403,789324601791.943,0.0
146.30473879090266,266.93764576988633,1645.7466103310499,8.87138035660715,19030.302217453183,-1000000.0,solver_failed_full,53.0,19030.302217453183,0.2988127782045922,0.007951669895470505,292730.3344408134,1.0,0.0,940.0,losvd_window_exceeded,2.0,302.91429873875103,18727.38791871443,20.0,543.0,125.0,55.008865238933886,0.05901988857941201,nonsingular_isothermal,1.0,0.01,2.0,0.3,1.0,0.0,strict_pass,1.0,none,none,,,1.0,1.0,1.0,1.0,1.0,1.0,0.0,0.0,0.0,0.0,0.0,4995.0,4995.0,1.0,inverse_phase_volume,geometric_mean,4995.0,4995.0,4995.0,0.0,540.0,0.0,0.0,1.4041864009870553e+37,7.181688404516109e+57,5.114483660764576e+20,2.7412604984846905e-14,14020132.02939928,7.1326004484342e-08,36479568452278.734,5.114483660764566e+20,0.0
63.922602781884954,863.9549852841125,18222.4500831541,18.258069873761347,1115.4757627437245,-1115.4757627437245,pass_full,54.0,1115.4757627437245,0.004438448676182816,0.009978687891808854,95650.989027083,1.0,1.0,899.0,none,0.0,60.361935848353994,1055.1138268953705,20.0,543.0,272.0,85.46273937768916,0.03915923276421259,nonsingular_isothermal,1.0,0.01,2.0,0.3,1.0,0.0,strict_pass,1.0,none,none,,,1.0,1.0,1.0,1.0,1.0,1.0,0.0,0.0,0.0,0.0,0.0,4995.0,4995.0,1.0,inverse_phase_volume,geometric_mean,4995.0,4995.0,4995.0,0.0,540.0,0.0,0.0,2.6097776144093625e+39,1.3607879750109409e+56,5.21419130694364e+16,1.791436843808205e-10,9340894.417923333,1.0705612923760249e-07,5582111384.257441,5.2141913069436616e+16,0.0
60.118741975336064,4.848916408905285,0.0,2.544962293267983,17382.263915476,-1000000.0,solver_failed_full,55.0,17382.263915476,0.01635421883838717,0.009952903609099669,124770.43985306816,1.0,0.0,910.0,losvd_window_exceeded,2.0,225.55938718945606,17156.704528286544,20.0,543.0,151.0,65.50114587685252,0.03804756543122662,nonsingular_isothermal,1.0,0.01,2.0,0.3,1.0,0.0,strict_pass,1.0,none,none,,,1.0,1.0,1.0,1.0,1.0,1.0,0.0,0.0,0.0,0.0,0.0,4995.0,4995.0,1.0,inverse_phase_volume,geometric_mean,4995.0,4995.0,4995.0,0.0,540.0,0.0,0.0,2.9208453147552825e+42,2.5355172349019874e+56,86807651952442.44,2.456887701868591e-10,21327.665251004746,4.6887457592334914e-05,4070190099.610364,86807651952443.5,0.0
73.65283573802218,2.192429230651763,1774.788480316029,4.443866777415763,19731.910408279662,-1000000.0,solver_failed_full,56.0,19731.910408279662,0.04740548673362355,0.00997166113259961,110451.56746603173,1.0,0.0,910.0,losvd_window_exceeded,2.0,237.00721001668626,19494.903198262975,20.0,543.0,146.0,65.07240111360221,0.03331999066231969,nonsingular_isothermal,1.0,0.01,2.0,0.3,1.0,0.0,strict_pass,1.0,none,none,,,1.0,1.0,1.0,1.0,1.0,1.0,0.0,0.0,0.0,0.0,0.0,4995.0,4995.0,1.0,inverse_phase_volume,geometric_mean,4995.0,4995.0,4995.0,0.0,540.0,0.0,0.0,9.069641463093668e+42,5.795791275173146e+56,63903201672937.94,1.9259120805111217e-10,12307.19480852511,8.125328440460752e-05,5192345019.896276,63903201672938.664,0.0
107.89943567835338,206.8873822421349,3743.929999941205,16.770559584627797,19881.03238957777,-1000000.0,solver_failed_full,57.0,19881.03238957777,0.04452662026233156,0.009947898846750469,124928.88215293497,1.0,0.0,911.0,losvd_window_exceeded,2.0,351.7993748127553,19529.233014765017,20.0,543.0,136.0,55.259921328606545,0.04916967040509972,nonsingular_isothermal,1.0,0.01,2.0,0.3,1.0,0.0,strict_pass,1.0,none,none,,,1.0,1.0,1.0,1.0,1.0,1.0,0.0,0.0,0.0,0.0,0.0,4995.0,4995.0,1.0,inverse_phase_volume,geometric_mean,4995.0,4995.0,4995.0,0.0,540.0,0.0,0.0,7.383165759253302e+39,1.6587602097307103e+57,2.2466788147777808e+17,1.2526369080008922e-11,2814272.803814362,3.5533157931407246e-07,79831593146.6461,2.2466788147777914e+17,0.0
69.15317823884422,11.652227934521633,135650.37417354793,18.66752852779846,17890.352969729982,-1000000.0,solver_failed_full,58.0,17890.352969729982,0.05128035938105313,0.00998742810275495,103236.95178665553,1.0,0.0,905.0,losvd_window_exceeded,2.0,230.84897813641825,17659.503991593563,20.0,543.0,145.0,69.30212652320354,0.03628244919062161,nonsingular_isothermal,1.0,0.01,2.0,0.3,1.0,0.0,strict_pass,1.0,none,none,,,1.0,1.0,1.0,1.0,1.0,1.0,0.0,0.0,0.0,0.0,0.0,4995.0,4995.0,1.0,inverse_phase_volume,geometric_mean,4995.0,4995.0,4995.0,0.0,540.0,0.0,0.0,1.698906838334959e+43,3.2868220908307737e+56,19346688215417.84,9.31465530040176e-10,18020.77319309596,5.549151466947687e-05,1073577032.9116398,19346688215417.58,0.0
59.37893719581264,4.891126153611594,168172.47737418744,5.660966973820895,17307.83220344959,-1000000.0,solver_failed_full,59.0,17307.83220344959,0.04104976217786316,0.00994432807751178,114200.60365527796,1.0,0.0,912.0,losvd_window_exceeded,2.0,341.9112013522888,16965.921002097293,20.0,543.0,151.0,70.65038058046524,0.033525694105474145,nonsingular_isothermal,1.0,0.01,2.0,0.3,1.0,0.0,strict_pass,1.0,none,none,,,1.0,1.0,1.0,1.0,1.0,1.0,0.0,0.0,0.0,0.0,0.0,4995.0,4995.0,1.0,inverse_phase_volume,geometric_mean,4995.0,4995.0,4995.0,0.0,540.0,0.0,0.0,1.2891142914552333e+43,2.4975348920670735e+56,19374037729794.3,7.452130118124682e-10,14437.785007588393,6.92627019639375e-05,1341898201.1168218,19374037729794.285,0.0
176.63156862711455,198.19358586766018,141446.05010213095,14.810298310995712,inf,-1000000.0,physics_exception_full,60.0,inf,inf,inf,inf,0.0,0.0,0.0,exception,3.0,inf,inf,0.0,0.0,0.0,0.0,0.0,nonsingular_isothermal,1.0,0.01,2.0,0.3,1.0,0.0,severe_coverage_warn,0.0,multiple,multiple,1;2;3;4;5;6;7;8,only 935 planned phase-grid orbit(s) were attempted; 4246 are required by fill_pct=0.85 | total orbit coverage 0.186 is below 0.85 | shell_band minimum coverage 0.176 is below 0.8 | Lfrac minimum coverage 0.185 is below 0.8 | third_integral minimum coverage 0.185 is below 0.8,0.18598598598598598,0.1871871871871872,0.9935828877005347,0.17647058823529413,0.18518518518518517,0.18518518518518517,0.05246422893481717,0.0032921810699588494,0.0018518518518518545,0.0,1.0,929.0,4995.0,1.0,inverse_phase_volume,geometric_mean,929.0,929.0,929.0,0.0,101.0,0.0,0.0,1.5933720946513443e+28,1.0518290034186276e+59,6.60127666945733e+30,9.894382435034646e-25,6531555.592708276,1.531028842679352e-07,1.0106744979445484e+24,6.601276669457343e+30,0.0
145.89489271315387,2659.8029130546097,2335702.3676866437,18.49812410158524,604.0816302738699,-1000000.0,solver_failed_full,61.0,604.0816302738699,0.001591884973663582,0.009925528561886738,76350.22519170879,1.0,0.0,900.0,losvd_window_exceeded,2.0,25.01464895265677,579.066981321213,20.0,543.0,333.0,99.33877144106386,0.0315580606050948,nonsingular_isothermal,1.0,0.01,2.0,0.3,1.0,0.0,strict_pass,1.0,none,none,,,0.9931931931931932,1.0,0.9931931931931932,0.9459459459459459,0.9720164609053498,0.9777777777777777,0.05405405405405406,0.027983539094650234,0.022222222222222254,0.0,0.0,4961.0,4995.0,1.0,inverse_phase_volume,geometric_mean,4961.0,4961.0,4961.0,0.0,540.0,0.0,0.0,8.824348772771734e+42,2.5448442860382744e+56,28838890569359.684,2.757677782292663e-08,795283.6778909329,1.2574129556537213e-06,36262394.6285931,28838890569359.934,0.0
159.66304907347327,31.393908646421423,93190.54653572,12.008326339535543,10902.61653665646,-1000000.0,solver_failed_full,62.0,10902.61653665646,0.29342423444177257,0.002068223414391511,83803.56088211083,1.0,0.0,1237.0,losvd_window_exceeded,2.0,324.8504570337002,10577.76607962276,20.0,543.0,125.0,63.26710494386216,0.033512115387605936,nonsingular_isothermal,1.0,0.01,2.0,0.3,1.0,0.0,strict_pass,1.0,none,none,,,1.0,1.0,1.0,1.0,1.0,1.0,0.0,0.0,0.0,0.0,0.0,4995.0,4995.0,1.0,inverse_phase_volume,geometric_mean,4995.0,4995.0,4995.0,0.0,540.0,0.0,0.0,1.4246080425104418e+41,7.736152614946597e+57,5.430372694873997e+16,9.610696325286157e-13,52189.662903559765,1.916088252663904e-05,1040507332823.4884,5.430372694873993e+16,0.0
98.30057854999367,9.804179504477597,27034.873166218094,11.898552022097702,22955.825342897744,-1000000.0,solver_failed_full,63.0,22955.825342897744,0.24702904873265652,0.003798004038227948,7322.184656157394,1.0,0.0,1183.0,losvd_window_exceeded,2.0,511.807473157288,22444.01786974046,20.0,543.0,130.0,58.527965831794155,0.055919484729323336,nonsingular_isothermal,1.0,0.01,2.0,0.3,1.0,0.0,strict_pass,1.0,none,none,,,1.0,1.0,1.0,1.0,1.0,1.0,0.0,0.0,0.0,0.0,0.0,4995.0,4995.0,1.0,inverse_phase_volume,geometric_mean,4995.0,4995.0,4995.0,0.0,540.0,0.0,0.0,6.327365600955539e+42,1.1123250513213739e+57,175795919103108.88,9.783709798991032e-11,17199.362563517272,5.814168962989172e-05,10221071766.694546,175795919103109.53,0.0
157.4021374216678,1003.2084544834759,3406.563532821341,6.201938466292234,8588.80456489704,-1000000.0,solver_failed_full,64.0,8588.80456489704,0.014451764545810875,0.009992836603493796,162882.21670528164,1.0,0.0,897.0,losvd_window_exceeded,2.0,71.27986716626513,8517.524697730774,20.0,543.0,195.0,60.85229771032984,0.04416264695428719,nonsingular_isothermal,1.0,0.01,2.0,0.3,1.0,0.0,strict_pass,1.0,none,none,,,1.0,1.0,1.0,1.0,1.0,1.0,0.0,0.0,0.0,0.0,0.0,4995.0,4995.0,1.0,inverse_phase_volume,geometric_mean,4995.0,4995.0,4995.0,0.0,540.0,0.0,0.0,6.5188246189578435e+38,3.9404710898893074e+57,6.04475702326728e+18,1.682006308329108e-11,101673194.45452362,9.83543406268483e-09,59452809127.29704,6.04475702326735e+18,0.0
37.12448523546692,557.3218390405069,2754.4561467894337,11.592581658121858,805.8039060814477,-805.8039060814477,pass_full,65.0,805.8039060814477,0.008924659719696137,0.009970676851319813,87125.48074190991,1.0,1.0,897.0,none,0.0,73.89960401620368,731.904302065244,20.0,543.0,295.0,101.48013125726672,0.025005071413334523,nonsingular_isothermal,1.0,0.01,2.0,0.3,1.0,0.0,strict_pass,1.0,none,none,,,1.0,1.0,1.0,1.0,1.0,1.0,0.0,0.0,0.0,0.0,0.0,4995.0,4995.0,1.0,inverse_phase_volume,geometric_mean,4995.0,4995.0,4995.0,0.0,540.0,0.0,0.0,1.435511374994088e+36,2.2131036133724753e+55,1.5416830907254843e+19,4.511123661265672e-13,6954723.068744928,1.4378717744982235e-07,2216742601375.3594,1.5416830907254854e+19,0.0
69.9567192665729,1034.28506450974,9696.97017862325,18.884850300867733,949.1853819725112,-949.1853819725112,pass_full,66.0,949.1853819725112,0.005400352805509101,0.009973221946903818,97627.6370088438,1.0,1.0,898.0,none,0.0,60.330394311917956,888.8549876605933,20.0,543.0,271.0,79.8869179003041,0.03114507086097027,nonsingular_isothermal,1.0,0.01,2.0,0.3,1.0,0.0,strict_pass,1.0,none,none,,,1.0,1.0,1.0,1.0,1.0,1.0,0.0,0.0,0.0,0.0,0.0,4995.0,4995.0,1.0,inverse_phase_volume,geometric_mean,4995.0,4995.0,4995.0,0.0,540.0,0.0,0.0,1.9528989774228375e+38,1.0707006608563532e+56,5.482621852100686e+17,2.1087980669207606e-11,11561742.363367403,8.649215391344753e-08,47420377308.112144,5.482621852100664e+17,0.0
47.11707876270681,19.37325142433488,3746.8579908690363,15.174250471809906,17500.38024432719,-17500.38024432719,pass_full,67.0,17500.38024432719,0.046053491128986934,0.0099648730917056,90922.04739670633,1.0,1.0,906.0,none,0.0,439.00268011587264,17061.377564211314,20.0,543.0,156.0,76.25467732941168,0.03429652865940577,nonsingular_isothermal,1.0,0.01,2.0,0.3,1.0,0.0,strict_pass,1.0,none,none,,,1.0,1.0,1.0,1.0,1.0,1.0,0.0,0.0,0.0,0.0,0.0,4995.0,4995.0,1.0,inverse_phase_volume,geometric_mean,4995.0,4995.0,4995.0,0.0,540.0,0.0,0.0,4.266583566530483e+40,8.792611664232843e+55,2060808496335829.0,2.362314027748475e-11,48682.768193973716,2.054114909849738e-05,42331374586.684456,2060808496335829.2,0.0
94.81228069877756,19.02079888100012,4425.124584593955,15.506844649024945,23756.60178221284,-1000000.0,solver_failed_full,68.0,23756.60178221284,0.19319070981873665,0.001619342129984067,22801.311882441518,1.0,0.0,1096.0,losvd_window_exceeded,2.0,572.2086505538316,23184.393131659013,20.0,543.0,134.0,54.161952824889774,0.057465505533867485,nonsingular_isothermal,1.0,0.01,2.0,0.3,1.0,0.0,strict_pass,1.0,none,none,,,1.0,1.0,1.0,1.0,1.0,1.0,0.0,0.0,0.0,0.0,0.0,4995.0,4995.0,1.0,inverse_phase_volume,geometric_mean,4995.0,4995.0,4995.0,0.0,540.0,0.0,0.0,6.518636900442256e+41,1.1665697610492273e+57,1789591564718202.8,2.413655358187216e-11,43194.572691487905,2.3151056664974578e-05,41430935721.95217,1789591564718226.0,0.0
73.43908100917271,16.888880091777484,149246.7830499611,14.831613254300613,20373.016179578986,-1000000.0,solver_failed_full,69.0,20373.016179578986,0.029128322803444462,0.009915440224253426,108834.9594033708,1.0,0.0,920.0,losvd_window_exceeded,2.0,282.2737674590388,20090.742412119947,20.0,543.0,146.0,61.71572610886942,0.033693563303193785,nonsingular_isothermal,1.0,0.01,2.0,0.3,1.0,0.0,strict_pass,1.0,none,none,,,1.0,1.0,1.0,1.0,1.0,1.0,0.0,0.0,0.0,0.0,0.0,4995.0,4995.0,1.0,inverse_phase_volume,geometric_mean,4995.0,4995.0,4995.0,0.0,540.0,0.0,0.0,4.876149183202488e+41,3.402006358065831e+56,697682993331124.8,2.7700648651335338e-11,19326.271468277468,5.174303805270562e-05,36100237672.658035,697682993331126.4,0.0
40.1150552240404,15.326967398934098,3105.000908412615,4.6342769274309585,14923.180084817199,-14923.180084817199,pass_full,70.0,14923.180084817199,0.04039666518110607,0.009921525728585887,112412.82010972078,1.0,1.0,903.0,none,0.0,673.8566466008874,14249.323438216306,20.0,543.0,164.0,68.08959032301115,0.03301326364896574,nonsingular_isothermal,1.0,0.01,2.0,0.3,1.0,0.0,strict_pass,1.0,none,none,,,1.0,1.0,1.0,1.0,1.0,1.0,0.0,0.0,0.0,0.0,0.0,4995.0,4995.0,1.0,inverse_phase_volume,geometric_mean,4995.0,4995.0,4995.0,0.0,540.0,0.0,0.0,1.681093814188944e+41,3.705579886269738e+55,220426715927065.75,1.403500014807668e-10,30936.889906763918,3.232386975593704e-05,7125044456.35533,220426715927063.4,0.0
148.68155474746172,5.441515376705791,1129.9199775579755,16.3456820173175,11620.342678057112,-1000000.0,solver_failed_full,71.0,11620.342678057112,0.06899830045585986,0.00991935133353419,711965.5874671193,1.0,0.0,1092.0,losvd_window_exceeded,2.0,319.6363363605481,11300.706341696561,20.0,543.0,139.0,49.63794284126898,0.0656166778269482,nonsingular_isothermal,1.0,0.01,2.0,0.3,1.0,0.0,strict_pass,1.0,none,none,,,1.0,1.0,1.0,1.0,1.0,1.0,0.0,0.0,0.0,0.0,0.0,4995.0,4995.0,1.0,inverse_phase_volume,geometric_mean,4995.0,4995.0,4995.0,0.0,540.0,0.0,0.0,4.020473261856257e+44,8.290237638896198e+57,20620054155188.152,8.827003993532578e-10,18201.33003747061,5.4941039909793726e-05,1132887218.282314,20620054155188.402,0.0
104.71865115840511,182.58275666684244,967413.2465082882,16.05896400886942,21116.612578931785,-1000000.0,solver_failed_full,72.0,21116.612578931785,0.14875213400591747,0.009968858322638108,89474.64764536373,1.0,0.0,918.0,losvd_window_exceeded,2.0,386.03431220431264,20730.578266727473,20.0,543.0,142.0,60.459020698777984,0.05597185018210643,nonsingular_isothermal,1.0,0.01,2.0,0.3,1.0,0.0,strict_pass,1.0,none,none,,,0.9963963963963964,1.0,0.9963963963963964,0.9713831478537361,0.9851851851851852,0.9796296296296296,0.02861685214626386,0.014814814814814836,0.020370370370370372,0.0,0.0,4977.0,4995.0,1.0,inverse_phase_volume,geometric_mean,4977.0,4977.0,4977.0,0.0,540.0,0.0,0.0,3.2677199443143497e+44,1.1900264384750826e+57,3641763856005.048,4.007602556673239e-08,145947.42140126153,6.851782583062178e-06,24952574.160200965,3641763856005.0796,0.0
37.12448523546692,557.3218390405069,0.0,11.592581658121858,827.490052441206,-827.490052441206,pass_no_bh,65.0,827.490052441206,0.01137820531619127,0.009996958168750859,86361.92457723191,1.0,1.0,898.0,none,0.0,91.79027136272788,735.699781078478,20.0,543.0,310.0,99.09946978638722,0.027375631303306548,nonsingular_isothermal,1.0,0.01,2.0,0.3,1.0,0.0,strict_pass,1.0,none,none,,,1.0,1.0,1.0,1.0,1.0,1.0,0.0,0.0,0.0,0.0,0.0,4995.0,4995.0,1.0,inverse_phase_volume,geometric_mean,4995.0,4995.0,4995.0,0.0,540.0,0.0,0.0,2.3030890724343396e+36,2.2654258502398983e+55,9.836466497777996e+18,2.6164964247582835e-12,25737079.42369086,3.885444745061107e-08,382190470637.613,9.836466497778035e+18,0.0
0.0,557.3218390405069,2754.4561467894337,11.592581658121858,inf,-1000000.0,physics_exception_no_halo,65.0,inf,inf,inf,inf,0.0,0.0,0.0,exception,3.0,inf,inf,0.0,0.0,0.0,0.0,0.0,none,1.0,0.01,2.0,0.3,1.0,0.0,severe_coverage_warn,0.0,multiple,multiple,3;7;8,shell_band minimum coverage 0.507 is below 0.8 | shell_band coverage gap 0.493 exceeds 0.1 | Lfrac minimum coverage 0.779 is below 0.8 | Lfrac coverage gap 0.221 exceeds 0.1 | third_integral coverage gap 0.161 exceeds 0.1 | 4 planned shell-band/Lfrac/third-integral cells have no successful orbit,0.8966966966966967,1.0,0.8966966966966967,0.5067567567567568,0.7794238683127572,0.8296296296296296,0.4932432432432432,0.22057613168724277,0.1611111111111111,4.0,0.0,4479.0,4995.0,1.0,inverse_phase_volume,geometric_mean,4479.0,4479.0,4479.0,0.0,537.0,0.0,0.0,7.16218247805719e+36,7.549921919011103e+51,1054137051400440.0,8.936527484937533e-11,94203.24732730976,1.061534531315565e-05,11190028808.0073,1054137051400432.8,0.0
74.24897047093384,557.3218390405069,0.0,11.592581658121858,6214.445489603847,-6214.445489603847,pass_no_bh_halo_up,65.0,6214.445489603847,0.004179325897894159,0.009975939631259943,106935.83618388102,1.0,1.0,896.0,none,0.0,69.85394095814239,6144.591548645704,20.0,543.0,191.0,68.67002341720291,0.043490557646817925,nonsingular_isothermal,1.0,0.01,2.0,0.3,1.0,0.0,strict_pass,1.0,none,none,,,1.0,1.0,1.0,1.0,1.0,1.0,0.0,0.0,0.0,0.0,0.0,4995.0,4995.0,1.0,inverse_phase_volume,geometric_mean,4995.0,4995.0,4995.0,0.0,540.0,0.0,0.0,8.651124401139956e+33,3.9128355772806424e+56,4.522921409805469e+22,1.1459355858265164e-15,51829765.95392639,1.9293932387982246e-08,872649398769426.4,4.522921409805395e+22,0.0
18.56224261773346,557.3218390405069,0.0,11.592581658121858,2772.793727588856,-2772.793727588856,pass_no_bh_halo_down,65.0,2772.793727588856,0.010412081249796756,0.009937359053748897,100646.85710238274,1.0,1.0,899.0,none,0.0,143.46429387104268,2629.329433717813,20.0,543.0,170.0,50.0657378500835,0.06560530017560078,nonsingular_isothermal,1.0,0.01,2.0,0.3,1.0,0.0,strict_pass,1.0,none,none,,,1.0,1.0,1.0,1.0,1.0,1.0,0.0,0.0,0.0,0.0,0.0,4995.0,4995.0,1.0,inverse_phase_volume,geometric_mean,4995.0,4995.0,4995.0,0.0,540.0,0.0,0.0,5.138505949271399e+34,1.4989486633520223e+54,2.9170904503176876e+19,3.115921394989832e-13,9089424.54526546,1.1001796593612568e-07,3209323577956.508,2.917090450317705e+19,0.0
37.12448523546692,1114.6436780810138,0.0,11.592581658121858,1941.7192437325248,-1941.7192437325248,pass_no_bh_halo_scale_up,65.0,1941.7192437325248,0.011774281966609124,0.009951394914019163,116494.14465324691,1.0,1.0,899.0,none,0.0,120.54265240303805,1821.176591329487,20.0,543.0,206.0,74.01543030257973,0.038115563903001116,nonsingular_isothermal,1.0,0.01,2.0,0.3,1.0,0.0,strict_pass,1.0,none,none,,,1.0,1.0,1.0,1.0,1.0,1.0,0.0,0.0,0.0,0.0,0.0,4995.0,4995.0,1.0,inverse_phase_volume,geometric_mean,4995.0,4995.0,4995.0,0.0,540.0,0.0,0.0,1.0578727795349532e+36,8.676653981310132e+54,8.201982458726689e+18,5.0906824309170855e-12,41753688.00133006,2.3949980178233476e-08,196437317308.72284,8.201982458726688e+18,0.0
37.12448523546692,278.66091952025346,0.0,11.592581658121858,2309.6123335831185,-2309.6123335831185,pass_no_bh_halo_scale_down,65.0,2309.6123335831185,7.463660949724726e-05,0.009986135650098713,88449.34579920681,1.0,1.0,896.0,none,0.0,29.71330375391446,2279.899029829204,20.0,543.0,234.0,91.61791168243732,0.03540082930687869,nonsingular_isothermal,1.0,0.01,2.0,0.3,1.0,0.0,strict_pass,1.0,none,none,,,1.0,1.0,1.0,1.0,1.0,1.0,0.0,0.0,0.0,0.0,0.0,4995.0,4995.0,1.0,inverse_phase_volume,geometric_mean,4995.0,4995.0,4995.0,0.0,540.0,0.0,0.0,1.1913971289028294e+34,2.6211147602706485e+55,2.200034477743338e+21,2.813148936624451e-15,6189024.651600861,1.6157634785657846e-07,355473536072326.94,2.2000344777433594e+21,0.0
37.12448523546692,557.3218390405069,0.0,20.0,709.3442455474888,-709.3442455474888,pass_no_bh_ml_up,65.0,709.3442455474888,0.006131588599259885,0.009958906621679845,84729.11693850701,1.0,1.0,898.0,none,0.0,41.10354687729757,668.2406986701911,20.0,543.0,272.0,76.92269382382334,0.03668498486269613,nonsingular_isothermal,1.0,0.01,2.0,0.3,1.0,0.0,strict_pass,1.0,none,none,,,1.0,1.0,1.0,1.0,1.0,1.0,0.0,0.0,0.0,0.0,0.0,4995.0,4995.0,1.0,inverse_phase_volume,geometric_mean,4995.0,4995.0,4995.0,0.0,540.0,0.0,0.0,2.0365668565421808e+36,2.9062660233034987e+55,1.4270417953466802e+19,1.6306857589064422e-12,23270567.33036105,4.2972738300853655e-08,613238936158.1302,1.427041795346675e+19,0.0
37.12448523546692,557.3218390405069,0.0,5.796290829060929,758.9660525991488,-758.9660525991488,pass_no_bh_ml_down,65.0,758.9660525991488,0.01176787223437259,0.009937193095579227,87903.02128621505,1.0,1.0,897.0,none,0.0,86.44381092139338,672.5222416777555,20.0,543.0,315.0,84.64036868672892,0.04721012880540801,nonsingular_isothermal,1.0,0.01,2.0,0.3,1.0,0.0,strict_pass,1.0,none,none,,,1.0,1.0,1.0,1.0,1.0,1.0,0.0,0.0,0.0,0.0,0.0,4995.0,4995.0,1.0,inverse_phase_volume,geometric_mean,4995.0,4995.0,4995.0,0.0,540.0,0.0,0.0,1.443942411927673e+35,2.536841854072825e+55,1.7568857546653286e+20,2.445463031213675e-13,42963991.631000094,2.32753047851928e-08,4089205141259.9087,1.756885754665333e+20,0.0
39.51617188897636,16.569036977496953,12735.893141248796,0.22620799389825832,14489.784537709105,-14489.784537709105,pass_full,73.0,14489.784537709105,0.041537901599440374,0.009999133219093596,103303.34845251111,1.0,1.0,902.0,none,0.0,628.263776240777,13861.520761468326,20.0,543.0,176.0,69.92286278632767,0.04651741004763924,nonsingular_isothermal,1.0,0.01,2.0,0.3,1.0,0.0,strict_pass,1.0,none,none,,,1.0,1.0,1.0,1.0,1.0,1.0,0.0,0.0,0.0,0.0,0.0,4995.0,4995.0,1.0,inverse_phase_volume,geometric_mean,4995.0,4995.0,4995.0,0.0,540.0,0.0,0.0,1.7546050303502784e+41,2.932056064277887e+55,167106329547713.03,1.438076414346324e-10,24031.167121054994,4.161262725870049e-05,6953733404.038539,167106329547712.78,0.0
36.02907703161031,3.69588339918614,22977.841579132804,19.5583826997815,12130.367746522175,-12130.367746522175,pass_full,74.0,12130.367746522175,0.034033652151265414,0.009934100232489704,80255.26272445003,1.0,1.0,913.0,none,0.0,562.4937377774064,11567.874008744768,20.0,543.0,173.0,66.6528784806151,0.04587207397176002,nonsingular_isothermal,1.0,0.01,2.0,0.3,1.0,0.0,strict_pass,1.0,none,none,,,1.0,1.0,1.0,1.0,1.0,1.0,0.0,0.0,0.0,0.0,0.0,4995.0,4995.0,1.0,inverse_phase_volume,geometric_mean,4995.0,4995.0,4995.0,0.0,540.0,0.0,0.0,6.256545705939105e+42,3.1736481075686387e+55,5072524451561.207,2.550454479639291e-09,12937.242710564225,7.729622318853346e-05,392086982.1371716,5072524451561.249,0.0
55.595219623229866,1058.656659839638,22810.80091435163,2.6263901027047125,1035.5023945369778,-1035.5023945369778,pass_full,75.0,1035.5023945369778,0.0019263086685441522,0.009959122392598859,87655.10266601514,1.0,1.0,899.0,none,0.0,30.223174019408138,1005.2792205175697,20.0,543.0,284.0,91.17742386229344,0.0329351342578966,nonsingular_isothermal,1.0,0.01,2.0,0.3,1.0,0.0,strict_pass,1.0,none,none,,,0.9991991991991992,1.0,0.9991991991991992,0.9936406995230525,0.9967078189300411,0.9944444444444445,0.006359300476947549,0.003292181069958877,0.005555555555555536,0.0,0.0,4991.0,4995.0,1.0,inverse_phase_volume,geometric_mean,4991.0,4991.0,4991.0,0.0,540.0,0.0,0.0,2.946254308985099e+41,4.4933024787722995e+55,152508982848806.25,6.143114907408324e-08,9368802.060521793,1.0673723209649125e-07,16278386.699132787,152508982848805.78,0.0
91.47970532820209,7.283553582719346,430343.45038496755,15.604447705621507,25921.667755595725,-1000000.0,solver_failed_full,76.0,25921.667755595725,0.29948866889390047,0.006365349257418506,85439.4083769605,1.0,0.0,970.0,losvd_window_exceeded,2.0,494.9413955345388,25426.726360061184,20.0,543.0,138.0,53.31031010055244,0.05402235473864338,nonsingular_isothermal,1.0,0.01,2.0,0.3,1.0,0.0,strict_pass,1.0,none,none,,,1.0,1.0,1.0,1.0,1.0,1.0,0.0,0.0,0.0,0.0,0.0,4995.0,4995.0,1.0,inverse_phase_volume,geometric_mean,4995.0,4995.0,4995.0,0.0,540.0,0.0,0.0,4.229242901893843e+44,1.1589219811089387e+57,2740258736593.2017,5.263827478547938e-09,14424.249236010355,6.93276983528186e-05,189975831.09920934,2740258736593.202,0.0
100.77122482264767,611.0112955229966,1554798.0537544712,10.836512485505143,12026.514873686612,-12026.514873686612,pass_full,77.0,12026.514873686612,0.020461859325223486,0.009907190468239364,108515.24172329267,1.0,1.0,907.0,none,0.0,346.3456047087549,11680.169268977857,20.0,543.0,161.0,58.385325616530565,0.053301092294586946,nonsingular_isothermal,1.0,0.01,2.0,0.3,1.0,0.0,strict_pass,1.0,none,none,,,0.9957957957957958,1.0,0.9957957957957958,0.9682034976152624,0.9827160493827161,0.9777777777777777,0.031796502384737635,0.01728395061728394,0.022222222222222254,0.0,0.0,4974.0,4995.0,1.0,inverse_phase_volume,geometric_mean,4974.0,4974.0,4974.0,0.0,540.0,0.0,0.0,8.728087863323217e+44,1.140901509795787e+57,1307160889832.5059,6.998070740734867e-07,914760.4376569955,1.0931823883434785e-06,1428965.2634963077,1307160889832.5264,0.0
56.5740083147426,7.979864192061633,1242609.45358049,19.557587110513943,17538.19416903475,-1000000.0,solver_failed_full,78.0,17538.19416903475,0.013137228903360665,0.009900448750777726,84984.61734816154,1.0,0.0,911.0,losvd_window_exceeded,2.0,281.0827680156643,17257.111401019087,20.0,543.0,161.0,67.78646282562502,0.033796625190554284,nonsingular_isothermal,1.0,0.01,2.0,0.3,1.0,0.0,strict_pass,1.0,none,none,,,0.9997997997997998,1.0,0.9997997997997998,0.9984101748807631,0.9991769547325103,0.9981481481481481,0.0015898251192368873,0.0008230452674896638,0.0018518518518518823,0.0,0.0,4994.0,4995.0,1.0,inverse_phase_volume,geometric_mean,4994.0,4994.0,4994.0,0.0,540.0,0.0,0.0,6.784909595968796e+44,2.2202782213909893e+56,327237701547.29126,3.699636192467542e-08,12106.60444184262,8.259954348089698e-05,27029684.757544532,327237701547.29443,0.0
171.6853336803055,5.4802323987316806,83860.37492607287,6.181178302327282,11343.008757073701,-1000000.0,solver_failed_full,79.0,11343.008757073701,0.036881985752188484,0.008917827613266056,175988.44014015232,1.0,0.0,3742.0,losvd_window_exceeded,2.0,327.6019345227862,11015.406822550913,20.0,543.0,127.0,52.33685376013591,0.04836090532058548,nonsingular_isothermal,1.0,0.01,2.0,0.3,1.0,0.0,strict_pass,1.0,none,none,,,1.0,1.0,1.0,1.0,1.0,1.0,0.0,0.0,0.0,0.0,0.0,4995.0,4995.0,1.0,inverse_phase_volume,geometric_mean,4995.0,4995.0,4995.0,0.0,540.0,0.0,0.0,9.183902338031321e+44,1.1504389169270278e+58,12526689359086.086,9.862501909451932e-10,12354.4497723099,8.094249589660446e-05,1013941502.0458747,12526689359086.215,0.0
169.62786212606,1.7229326924270636,272741.49138117937,15.963188537357585,13507.964986157675,-1000000.0,solver_failed_full,80.0,13507.964986157675,0.24800516765208158,0.002640565674327857,72808.26938792289,1.0,0.0,1693.0,losvd_window_exceeded,2.0,341.737896689724,13166.22708946795,20.0,543.0,131.0,52.30990283695372,0.04723939800577079,nonsingular_isothermal,1.0,0.01,2.0,0.3,1.0,0.0,strict_pass,1.0,none,none,,,1.0,1.0,1.0,1.0,1.0,1.0,0.0,0.0,0.0,0.0,0.0,4995.0,4995.0,1.0,inverse_phase_volume,geometric_mean,4995.0,4995.0,4995.0,0.0,540.0,0.0,0.0,2.054293605282423e+46,1.6264858446648233e+58,791749456106.2098,1.3773822299344239e-08,10905.416314009371,9.169755387654252e-05,72601488.40802231,791749456106.2087,0.0
133.15752894513193,509.85690152036483,70401.35087756852,18.739321887624012,16177.002313657616,-1000000.0,solver_failed_full,81.0,16177.002313657616,0.006010778995914734,0.009983765443766624,122085.63634039678,1.0,0.0,899.0,losvd_window_exceeded,2.0,248.66392087037894,15928.338392787242,20.0,543.0,189.0,49.34964696642148,0.05864356390035526,nonsingular_isothermal,1.0,0.01,2.0,0.3,1.0,0.0,strict_pass,1.0,none,none,,,1.0,1.0,1.0,1.0,1.0,1.0,0.0,0.0,0.0,0.0,0.0,4995.0,4995.0,1.0,inverse_phase_volume,geometric_mean,4995.0,4995.0,4995.0,0.0,540.0,0.0,0.0,4.4261437415073803e+42,3.636866730905234e+57,821678405244618.8,6.928994161172578e-09,5693404.872301578,1.7564182109461447e-07,144321091.45128393,821678405244621.5,0.0
172.31393420889648,1184.331417003669,1352120.0259945402,5.580914479998846,8778.4260115699,-8778.4260115699,pass_full,82.0,8778.4260115699,0.025298348340584198,0.009947555743077088,135575.225491002,1.0,1.0,909.0,none,0.0,178.48029271971825,8599.94571885018,20.0,543.0,141.0,34.77014842204741,0.09176698849549966,nonsingular_isothermal,1.0,0.01,2.0,0.3,1.0,0.0,severe_coverage_warn,0.0,multiple,multiple,1;2;3;4;5;6;7;8,only 3622 planned phase-grid orbit(s) were attempted; 4246 are required by fill_pct=0.85 | total orbit coverage 0.72 is below 0.85 | shell_band minimum coverage 0.706 is below 0.8 | Lfrac minimum coverage 0.707 is below 0.8 | third_integral minimum coverage 0.704 is below 0.8,0.7201201201201202,0.7251251251251252,0.9930977360574268,0.7058823529411765,0.7069958847736626,0.7037037037037037,0.044117647058823484,0.018930041152263377,0.022222222222222254,0.0,1.0,3597.0,4995.0,1.0,inverse_phase_volume,geometric_mean,3597.0,3597.0,3597.0,0.0,392.0,0.0,0.0,5.856840331529537e+44,3.341636356692642e+57,5705527498681.12,4.791396415847007e-07,2733744.400769736,3.6579864588599854e-07,2087074.23308289,5705527498681.142,0.0
42.791660497922024,124.15857405546909,1014196.4793158206,0.955193010536352,inf,-1000000.0,orbit_fail_full,83.0,inf,inf,inf,inf,0.0,0.0,0.0,unusable_orbit_library,1.0,inf,inf,0.0,0.0,0.0,0.0,0.0,nonsingular_isothermal,1.0,0.01,2.0,0.3,1.0,0.0,severe_coverage_warn,0.0,multiple,multiple,1;2;3;4;5;6;7;8,only 20 planned phase-grid orbit(s) were attempted; 4246 are required by fill_pct=0.85 | total orbit coverage 0.002 is below 0.85 | shell_band minimum coverage 0.0 is below 0.8 | Lfrac minimum coverage 0.0 is below 0.8 | third_integral minimum coverage 0.0 is below 0.8 | 284 planned shell-band/Lfrac/third-integral cells have no successful orbit,0.0024024024024024023,0.004004004004004004,0.6,0.0,0.0,0.0,0.019077901430842606,0.006584362139917695,0.005555555555555556,284.0,1.0,12.0,4995.0,0.0,not_computed,not_computed,0.0,0.0,0.0,0.0,0.0,0.0,0.0,,,,,,,,,
196.5906883359172,11.512566278682767,234416.1442016152,18.64173263362771,14488.197476597587,-1000000.0,solver_failed_full,84.0,14488.197476597587,0.2834439797734376,0.004814663242515502,224117.9191803765,1.0,0.0,1078.0,losvd_window_exceeded,2.0,257.892834948869,14230.304641648718,20.0,543.0,136.0,54.41434837424289,0.04012558377126465,nonsingular_isothermal,1.0,0.01,2.0,0.3,1.0,0.0,strict_pass,1.0,none,none,,,0.9037037037037037,0.9053053053053053,0.9982308712958867,0.8823529411764706,0.9037037037037037,0.9037037037037037,0.05882352941176472,0.0,0.0,0.0,1.0,4514.0,4995.0,1.0,inverse_phase_volume,geometric_mean,4514.0,4514.0,4514.0,0.0,488.0,0.0,0.0,6.37737298429353e+42,2.0845206040124405e+58,3268619554080164.5,6.559624057772632e-12,21440.915462650166,4.6639799580479144e-05,152447760907.13303,3268619554080144.0,0.0
80.44209765307082,171.3525874187354,1961952.3156830138,5.077818398027875,18822.23236512262,-1000000.0,solver_failed_full,85.0,18822.23236512262,0.04396282374364091,0.009970456225803132,88626.61725633783,1.0,0.0,909.0,losvd_window_exceeded,2.0,315.1006149924217,18507.1317501302,20.0,543.0,142.0,61.32951362643594,0.0464170683585088,nonsingular_isothermal,1.0,0.01,2.0,0.3,1.0,0.0,strict_pass,1.0,none,none,,,0.9961961961961961,1.0,0.9961961961961961,0.972972972972973,0.9843621399176955,0.975925925925926,0.027027027027026973,0.0156378600823045,0.024074074074074026,0.0,0.0,4976.0,4995.0,1.0,inverse_phase_volume,geometric_mean,4976.0,4976.0,4976.0,0.0,540.0,0.0,0.0,1.5680380964908227e+43,7.436128349829993e+56,47423135741865.02,2.4173130490806656e-09,114636.56485713461,8.723220215524133e-06,413682456.3869841,47423135741865.266,0.0
16.930042134965362,2126.5404504427624,5461.718121316648,10.441010124739519,12323.127485980802,-12323.127485980802,pass_full,86.0,12323.127485980802,0.02846528520421998,0.009974711938037348,156874.9221910688,1.0,1.0,903.0,none,0.0,486.44977253477066,11836.677713446032,20.0,543.0,116.0,47.956588065855,0.05898753585274538,nonsingular_isothermal,1.0,0.01,2.0,0.3,1.0,0.0,strict_pass,1.0,none,none,,,0.9967967967967968,1.0,0.9967967967967968,0.9745627980922098,0.9868312757201646,0.9888888888888889,0.025437201907790197,0.013168724279835398,0.011111111111111072,0.0,0.0,4979.0,4995.0,1.0,inverse_phase_volume,geometric_mean,4979.0,4979.0,4979.0,0.0,540.0,0.0,0.0,8.97723468000668e+35,1.1108108283868114e+53,1.2373641416111278e+17,3.6154784087854632e-12,447366.33378003683,2.2353045468362953e-06,276588569183.5529,1.2373641416111214e+17,0.0
20.821396039808036,6.425416102124902,891465.7656250681,4.644218325440469,1271.8730146679986,-1271.8730146679986,pass_full,87.0,1271.8730146679986,0.002408608331279538,0.009986362228312538,77021.15324325528,1.0,1.0,899.0,none,0.0,51.70311806970847,1220.16989659829,20.0,543.0,269.0,104.76881781676794,0.02360520138373471,nonsingular_isothermal,1.0,0.01,2.0,0.3,1.0,0.0,strict_pass,1.0,none,none,,,0.9977977977977978,1.0,0.9977977977977978,0.9825119236883942,0.9909465020576131,0.9925925925925926,0.01748807631160576,0.009053497942386857,0.007407407407407418,0.0,0.0,4984.0,4995.0,1.0,inverse_phase_volume,geometric_mean,4984.0,4984.0,4984.0,0.0,540.0,0.0,0.0,2.0565465876813518e+42,2.3845682171772243e+54,1159501190714.9158,3.275384971085946e-09,3797.812774023926,0.00026330945191394,305307623.02070785,1159501190714.9255,0.0
128.2902781607848,4687.606429663883,104.9725287506119,10.426356080221135,2544.7959747640266,-2544.7959747640266,pass_full,88.0,2544.7959747640266,0.014421385227706196,0.009977887559124023,129160.40953992556,1.0,1.0,896.0,none,0.0,147.1141679665874,2397.6818067974395,20.0,543.0,183.0,63.04567788549181,0.046484776156778665,nonsingular_isothermal,1.0,0.01,2.0,0.3,1.0,0.0,strict_pass,1.0,none,none,,,0.9903903903903903,1.0,0.9903903903903903,0.9236883942766295,0.9604938271604938,0.9796296296296296,0.07631160572337048,0.03950617283950619,0.020370370370370372,0.0,0.0,4947.0,4995.0,1.0,inverse_phase_volume,geometric_mean,4947.0,4947.0,4947.0,0.0,540.0,0.0,0.0,3.556949477236914e+36,1.1663552161971038e+55,3.2790885101442156e+18,1.2047010942377107e-11,39503215.162730575,2.531439519240583e-08,83008142416.66827,3.2790885101442294e+18,0.0
80.2968680453092,2555.1991781383194,4293047.689070609,4.615851057807135,807.5580850413528,-1000000.0,solver_failed_full,89.0,807.5580850413528,0.00010790644660119142,0.009913256711345296,104089.82837783733,1.0,0.0,899.0,losvd_window_exceeded,2.0,17.342252046824825,790.2158329945279,20.0,543.0,360.0,96.95708767322805,0.03501088667944985,nonsingular_isothermal,1.0,0.01,2.0,0.3,1.0,0.0,strict_pass,1.0,none,none,,,0.9911911911911911,1.0,0.9911911911911911,0.9475357710651828,0.9637860082304527,0.9648148148148148,0.05246422893481717,0.036213991769547316,0.03518518518518521,0.0,0.0,4951.0,4995.0,1.0,inverse_phase_volume,geometric_mean,4951.0,4951.0,4951.0,0.0,540.0,0.0,0.0,1.798172633854129e+45,2.0440629576884002e+55,11367445590.066845,7.364532865240427e-06,83715.9266418802,1.1945158348157547e-05,135785.93758741455,11367445590.06692,0.0
29.573059450603978,532.8696813102472,199634.31220215306,13.107095785140181,843.5030351693287,-843.5030351693287,pass_full,90.0,843.5030351693287,0.0004924133119175167,0.009939988906425667,81004.05683219669,1.0,1.0,901.0,none,0.0,17.93863113873881,825.56440403059,20.0,543.0,304.0,85.66585690590428,0.037406395003330165,nonsingular_isothermal,1.0,0.01,2.0,0.3,1.0,0.0,strict_pass,1.0,none,none,,,0.9985985985985986,1.0,0.9985985985985986,0.9888712241653418,0.994238683127572,0.9925925925925926,0.011128775834658211,0.0057613168724279795,0.007407407407407418,0.0,0.0,4988.0,4995.0,1.0,inverse_phase_volume,geometric_mean,4988.0,4988.0,4988.0,0.0,540.0,0.0,0.0,2.0811974468293965e+42,1.0204533984121805e+55,4903203201439.593,8.954278257688925e-08,439046.4581968132,2.2776632889991927e-06,11167845.930422284,4903203201439.597,0.0
143.13180118028788,29.90287020179456,23918.874730486776,3.368104242384926,11688.598634033971,-1000000.0,solver_failed_full,91.0,11688.598634033971,0.29820077606564155,0.0064971704313368525,133159.9925418263,1.0,0.0,955.0,losvd_window_exceeded,2.0,388.81621935121154,11299.782414682757,20.0,543.0,121.0,57.74275924506695,0.060723452601714654,nonsingular_isothermal,1.0,0.01,2.0,0.3,1.0,0.0,strict_pass,1.0,none,none,,,1.0,1.0,1.0,1.0,1.0,1.0,0.0,0.0,0.0,0.0,0.0,4995.0,4995.0,1.0,inverse_phase_volume,geometric_mean,4995.0,4995.0,4995.0,0.0,540.0,0.0,0.0,3.900689507300687e+40,6.972619425825727e+57,1.7875351044412768e+17,4.3282186073104143e-13,77368.42700263213,1.2925169074020068e-05,2310419345064.9365,1.787535104441257e+17,0.0
81.77651897190006,5.475889524918656,591.9428562865764,2.8007399496559064,21890.65256360845,-1000000.0,solver_failed_full,92.0,21890.65256360845,0.036612937474274077,0.00998246437557142,126117.82506795043,1.0,0.0,912.0,losvd_window_exceeded,2.0,333.0308820287962,21557.621681579658,20.0,543.0,146.0,66.23307464130798,0.051201742592284875,nonsingular_isothermal,1.0,0.01,2.0,0.3,1.0,0.0,strict_pass,1.0,none,none,,,1.0,1.0,1.0,1.0,1.0,1.0,0.0,0.0,0.0,0.0,0.0,4995.0,4995.0,1.0,inverse_phase_volume,geometric_mean,4995.0,4995.0,4995.0,0.0,540.0,0.0,0.0,3.7246407734978775e+41,6.621497754299845e+56,1777754730446522.2,8.58761205829351e-12,15266.66795987101,6.550217785757418e-05,116446806540.8529,1777754730446537.0,0.0
174.029838069212,7.687426854358023,32697.434529921265,10.009064485105371,13800.713173054191,-1000000.0,solver_failed_full,93.0,13800.713173054191,0.2965243454909796,0.005100761960560709,170372.66230115097,1.0,0.0,1822.0,losvd_window_exceeded,2.0,273.7914883739818,13526.921684680208,20.0,543.0,128.0,51.01790463841502,0.042554413511806936,nonsingular_isothermal,1.0,0.01,2.0,0.3,1.0,0.0,strict_pass,1.0,none,none,,,1.0,1.0,1.0,1.0,1.0,1.0,0.0,0.0,0.0,0.0,0.0,4995.0,4995.0,1.0,inverse_phase_volume,geometric_mean,4995.0,4995.0,4995.0,0.0,540.0,0.0,0.0,1.66841076110415e+43,1.7504127033776164e+58,1049149732299255.8,2.2203615206154878e-11,23294.916949612998,4.292781992582348e-05,45037710783.36822,1049149732299252.4,0.0
143.77131892371548,367.55358898185875,3826095.7407664843,17.703252587656813,18040.21453211902,-1000000.0,solver_failed_full,94.0,18040.21453211902,0.2985003257417702,0.005734052025819067,50721.544597987224,1.0,0.0,1181.0,losvd_window_exceeded,2.0,301.42111804517634,17738.79341407384,20.0,543.0,139.0,59.98471097472448,0.06041296426980805,nonsingular_isothermal,1.0,0.01,2.0,0.3,1.0,0.0,strict_pass,1.0,none,none,,,0.9963963963963964,1.0,0.9963963963963964,0.9713831478537361,0.9851851851851852,0.9796296296296296,0.02861685214626386,0.014814814814814836,0.020370370370370372,0.0,0.0,4977.0,4995.0,1.0,inverse_phase_volume,geometric_mean,4977.0,4977.0,4977.0,0.0,540.0,0.0,0.0,2.084985032429897e+45,4.499343252399844e+57,2157973885863.4343,1.415217817606799e-07,305400.30932041036,3.274390920641967e-06,7066050.098853671,2157973885863.4272,0.0
77.05450089501305,117.64274680247048,62098.30826419644,5.660095109314838,17746.137583238848,-1000000.0,solver_failed_full,95.0,17746.137583238848,0.05823026518919505,0.009955311159122753,113775.99809322457,1.0,0.0,904.0,losvd_window_exceeded,2.0,158.20765830335972,17587.929924935484,20.0,543.0,137.0,61.780255232856945,0.041583590303362936,nonsingular_isothermal,1.0,0.01,2.0,0.3,1.0,0.0,strict_pass,1.0,none,none,,,0.998998998998999,1.0,0.998998998998999,0.9920508744038156,0.9958847736625515,0.9944444444444445,0.007949125596184436,0.004115226337448541,0.005555555555555536,0.0,0.0,4990.0,4995.0,1.0,inverse_phase_volume,geometric_mean,4990.0,4990.0,4990.0,0.0,540.0,0.0,0.0,5.551057037608892e+41,6.003730831175195e+56,1081547314412264.1,3.1101501147945086e-10,336377.45040750504,2.9728508816169106e-06,3215278887.1609535,1081547314412281.6,0.0
24.547017889942,2.399534235427515,102673.13615038601,4.170310462997755,2630.0743135604853,-2630.0743135604853,pass_full,96.0,2630.0743135604853,0.00861190337991502,0.00994363828537381,97853.03634110936,1.0,1.0,903.0,none,0.0,138.87590500047244,2491.1984085600134,20.0,543.0,223.0,83.16636330349405,0.05312324448990756,nonsingular_isothermal,1.0,0.01,2.0,0.3,1.0,0.0,severe_coverage_warn,0.0,all,total,,only 4192 planned phase-grid orbit(s) were attempted; 4246 are required by fill_pct=0.85 | total orbit coverage 0.839 is below 0.85,0.8386386386386386,0.8392392392392393,0.9992843511450382,0.8235294117647058,0.837037037037037,0.837037037037037,0.05882352941176472,0.006584362139917754,0.0018518518518518823,0.0,1.0,4189.0,4995.0,1.0,inverse_phase_volume,geometric_mean,4189.0,4189.0,4189.0,0.0,453.0,0.0,0.0,8.854752196588736e+27,4.5122154138490034e+54,5.095812184995216e+26,1.1351956000500984e-23,5784.743571088307,0.00017286850967740752,8.809054580161059e+22,5.095812184995269e+26,0.0
29.573059450603978,532.8696813102472,0.0,13.107095785140181,912.0202356024374,-912.0202356024374,pass_no_bh,90.0,912.0202356024374,0.007446460627988927,0.009939257715133428,84133.3266763601,1.0,1.0,898.0,none,0.0,50.513686906102166,861.5065486963352,20.0,543.0,297.0,92.5084791835185,0.03678058622970047,nonsingular_isothermal,1.0,0.01,2.0,0.3,1.0,0.0,strict_pass,1.0,none,none,,,1.0,1.0,1.0,1.0,1.0,1.0,0.0,0.0,0.0,0.0,0.0,4995.0,4995.0,1.0,inverse_phase_volume,geometric_mean,4995.0,4995.0,4995.0,0.0,540.0,0.0,0.0,2.713633821699445e+35,1.1648728525378756e+55,4.292667799255097e+19,4.861506689816701e-13,20868833.22323924,4.7918347389273976e-08,2056975468314.5444,4.292667799255065e+19,0.0
0.0,532.8696813102472,199634.31220215306,13.107095785140181,inf,-1000000.0,physics_exception_no_halo,90.0,inf,inf,inf,inf,0.0,0.0,0.0,exception,3.0,inf,inf,0.0,0.0,0.0,0.0,0.0,none,1.0,0.01,2.0,0.3,1.0,0.0,severe_coverage_warn,0.0,multiple,multiple,1;3;4;8,total orbit coverage 0.815 is below 0.85 | shell_band minimum coverage 0.514 is below 0.8 | shell_band coverage gap 0.459 exceeds 0.1 | Lfrac minimum coverage 0.632 is below 0.8 | Lfrac coverage gap 0.368 exceeds 0.1 | third_integral minimum coverage 0.687 is below 0.8 | third_integral coverage gap 0.306 exceeds 0.1 | 5 planned shell-band/Lfrac/third-integral cells have no successful orbit,0.8154154154154154,1.0,0.8154154154154154,0.5135135135135135,0.6320987654320988,0.687037037037037,0.45945945945945954,0.36790123456790125,0.3055555555555556,5.0,0.0,4073.0,4995.0,1.0,inverse_phase_volume,geometric_mean,4073.0,4073.0,4073.0,0.0,537.0,0.0,0.0,1.5898651444996014e+41,5.7993299808580985e+51,36476867241.99112,7.063322881197092e-08,2576.4789102474288,0.0003881266002305318,14157642.469694378,36476867241.99088,0.0
59.146118901207956,532.8696813102472,0.0,13.107095785140181,3238.7749639613403,-3238.7749639613403,pass_no_bh_halo_up,90.0,3238.7749639613403,0.0019156003691023216,0.009963515539746406,93356.98319233261,1.0,1.0,896.0,none,0.0,63.11548412200065,3175.65947983934,20.0,543.0,210.0,78.63854880672851,0.03844589365681662,nonsingular_isothermal,1.0,0.01,2.0,0.3,1.0,0.0,strict_pass,1.0,none,none,,,1.0,1.0,1.0,1.0,1.0,1.0,0.0,0.0,0.0,0.0,0.0,4995.0,4995.0,1.0,inverse_phase_volume,geometric_mean,4995.0,4995.0,4995.0,0.0,540.0,0.0,0.0,1.388842729714939e+36,1.5532428991732305e+56,1.1183720560585248e+20,3.364999886685694e-13,37633218.419093385,2.65722689158216e-08,2971768302152.708,1.1183720560585117e+20,0.0
14.786529725301989,532.8696813102472,0.0,13.107095785140181,3965.6286600353637,-3965.6286600353637,pass_no_bh_halo_down,90.0,3965.6286600353637,0.012936428091506968,0.009933521680825981,104401.31854877814,1.0,1.0,901.0,none,0.0,198.134903371556,3767.493756663808,20.0,543.0,136.0,59.05360090775357,0.044423556946602945,nonsingular_isothermal,1.0,0.01,2.0,0.3,1.0,0.0,strict_pass,1.0,none,none,,,1.0,1.0,1.0,1.0,1.0,1.0,0.0,0.0,0.0,0.0,0.0,4995.0,4995.0,1.0,inverse_phase_volume,geometric_mean,4995.0,4995.0,4995.0,0.0,540.0,0.0,0.0,1.2406930274272672e+36,6.8253319533060425e+53,5.5012253655194835e+17,8.84282151018423e-12,4864635.399458673,2.055652516345373e-07,113086077656.13106,5.5012253655194765e+17,0.0
29.573059450603978,1065.7393626204944,0.0,13.107095785140181,2926.0720788133494,-2926.0720788133494,pass_no_bh_halo_scale_up,90.0,2926.0720788133494,0.010377800151218253,0.009963321381874333,227514.44550819995,1.0,1.0,900.0,none,0.0,124.74305539947375,2801.329023413876,20.0,543.0,160.0,66.06717114556903,0.04025084297813166,nonsingular_isothermal,1.0,0.01,2.0,0.3,1.0,0.0,strict_pass,1.0,none,none,,,1.0,1.0,1.0,1.0,1.0,1.0,0.0,0.0,0.0,0.0,0.0,4995.0,4995.0,1.0,inverse_phase_volume,geometric_mean,4995.0,4995.0,4995.0,0.0,540.0,0.0,0.0,1.2324677275287764e+36,4.440577182496567e+54,3.602996722194404e+18,6.992943830790943e-12,25195553.70082956,3.968954252301568e-08,143001291615.82214,3.602996722194435e+18,0.0
29.573059450603978,266.4348406551236,0.0,13.107095785140181,1009.3983047259352,-1009.3983047259352,pass_no_bh_halo_scale_down,90.0,1009.3983047259352,0.005113091358225574,0.009957781701963656,84775.78851542823,1.0,1.0,897.0,none,0.0,50.79669771879324,958.601607007142,20.0,543.0,309.0,91.46763016073356,0.04654317759391467,nonsingular_isothermal,1.0,0.01,2.0,0.3,1.0,0.0,strict_pass,1.0,none,none,,,1.0,1.0,1.0,1.0,1.0,1.0,0.0,0.0,0.0,0.0,0.0,4995.0,4995.0,1.0,inverse_phase_volume,geometric_mean,4995.0,4995.0,4995.0,0.0,540.0,0.0,0.0,1.9332318778177426e+36,1.0641946049466381e+55,5.504743725558234e+18,8.533770700201493e-13,4697622.071728716,2.1287365921115955e-07,1171814939879.2595,5.504743725558268e+18,0.0
29.573059450603978,532.8696813102472,0.0,20.0,835.737055096337,-835.737055096337,pass_no_bh_ml_up,90.0,835.737055096337,0.006572968979071447,0.009933480825922634,84376.32617788497,1.0,1.0,899.0,none,0.0,53.410369283269034,782.326685813068,20.0,543.0,275.0,89.82847859466919,0.03163199845950582,nonsingular_isothermal,1.0,0.01,2.0,0.3,1.0,0.0,strict_pass,1.0,none,none,,,1.0,1.0,1.0,1.0,1.0,1.0,0.0,0.0,0.0,0.0,0.0,4995.0,4995.0,1.0,inverse_phase_volume,geometric_mean,4995.0,4995.0,4995.0,0.0,540.0,0.0,0.0,5.952101536836286e+36,8.308792864571694e+54,1.395942729328515e+18,7.811518895210086e-12,10904433.006780745,9.170582270331397e-08,128016076439.77998,1.3959427293285038e+18,0.0
29.573059450603978,532.8696813102472,0.0,6.553547892570091,1087.357510765345,-1087.357510765345,pass_no_bh_ml_down,90.0,1087.357510765345,0.01432894977642718,0.009916752516867881,85231.30179257045,1.0,1.0,898.0,none,0.0,124.35161933537084,963.0058914299743,20.0,543.0,260.0,89.12623784891088,0.03583209106565024,nonsingular_isothermal,1.0,0.01,2.0,0.3,1.0,0.0,strict_pass,1.0,none,none,,,1.0,1.0,1.0,1.0,1.0,1.0,0.0,0.0,0.0,0.0,0.0,4995.0,4995.0,1.0,inverse_phase_volume,geometric_mean,4995.0,4995.0,4995.0,0.0,540.0,0.0,0.0,7.013994991502569e+35,9.333269974894818e+54,1.3306639064045586e+19,1.947512234549635e-12,25914842.377964664,3.8587925228914294e-08,513475593251.5368,1.3306639064045474e+19,0.0
51.197744100156164,1975.4660806638356,110065.86564887287,8.019873188997998,3237.1416119143823,-3237.1416119143823,pass_full,97.0,3237.1416119143823,0.002614037895000365,0.0099165814009327,102487.66066820927,1.0,1.0,908.0,none,0.0,84.90357016450513,3152.238041749877,20.0,543.0,154.0,47.95033459858405,0.06631842890785192,nonsingular_isothermal,1.0,0.01,2.0,0.3,1.0,0.0,strict_pass,1.0,none,none,,,0.996996996996997,1.0,0.996996996996997,0.9761526232114467,0.9876543209876543,0.9888888888888889,0.02384737678855331,0.012345679012345734,0.011111111111111072,0.0,0.0,4980.0,4995.0,1.0,inverse_phase_volume,geometric_mean,4980.0,4980.0,4980.0,0.0,540.0,0.0,0.0,7.702686808478548e+39,9.47320025744207e+54,1229856606270772.0,1.6010060023342714e-09,1969007.8086499537,5.078700021436929e-07,624607277.2631689,1229856606270766.2,0.0
59.13649185707628,55.211973610729764,363790.3346201993,1.6315340516614316,16468.00897270324,-1000000.0,solver_failed_full,98.0,16468.00897270324,0.02855933049795567,0.009900700941905947,93675.11248694251,1.0,0.0,915.0,losvd_window_exceeded,2.0,461.49344747479233,16006.51552522845,20.0,543.0,138.0,67.76927121938493,0.038254461663670906,nonsingular_isothermal,1.0,0.01,2.0,0.3,1.0,0.0,strict_pass,1.0,none,none,,,0.9983983983983984,1.0,0.9983983983983984,0.9872813990461049,0.9934156378600824,0.9925925925925926,0.012718600953895098,0.006584362139917643,0.007407407407407418,0.0,0.0,4987.0,4995.0,1.0,inverse_phase_volume,geometric_mean,4987.0,4987.0,4987.0,0.0,540.0,0.0,0.0,8.644555671141396e+42,1.7077370508028237e+56,19755058741814.316,2.1839456508256834e-09,43143.97462099144,2.317820758946618e-05,457886852.45987254,19755058741814.39,0.0
58.78894327090227,56.6828936092219,127268.56439746129,18.77612113547753,17291.302708203428,-1000000.0,solver_failed_full,99.0,17291.302708203428,0.034576676593133016,0.00996468992765018,103744.08611074164,1.0,0.0,906.0,losvd_window_exceeded,2.0,419.57691413804366,16871.72579406538,20.0,543.0,149.0,62.859037840224524,0.044961981468966065,nonsingular_isothermal,1.0,0.01,2.0,0.3,1.0,0.0,strict_pass,1.0,none,none,,,0.9997997997997998,1.0,0.9997997997997998,0.9984101748807631,0.9991769547325103,0.9981481481481481,0.0015898251192368873,0.0008230452674896638,0.0018518518518518823,0.0,0.0,4994.0,4995.0,1.0,inverse_phase_volume,geometric_mean,4994.0,4994.0,4994.0,0.0,540.0,0.0,0.0,6.40008243211922e+41,2.2384539717331423e+56,349753928246192.44,2.530050323770877e-10,88489.50393994073,1.1300775295098461e-05,3952490551.6881747,349753928246189.2,0.0
182.3850239797788,5.535603748178345,86545.50921291682,10.110711230500092,19461.66317860291,-1000000.0,solver_failed_full,100.0,19461.66317860291,0.20590024712510058,0.002799046860449043,114055.2406985834,1.0,0.0,1463.0,losvd_window_exceeded,2.0,353.61825630603266,19108.044922296875,20.0,543.0,123.0,43.238183914785935,0.06384329998645447,nonsingular_isothermal,1.0,0.01,2.0,0.3,1.0,0.0,strict_pass,1.0,none,none,,,1.0,1.0,1.0,1.0,1.0,1.0,0.0,0.0,0.0,0.0,0.0,4995.0,4995.0,1.0,inverse_phase_volume,geometric_mean,4995.0,4995.0,4995.0,0.0,540.0,0.0,0.0,2.1603210119443757e+45,1.507771718684591e+58,6979387370433.137,1.8504142183931582e-09,12914.757625923145,7.743079885546982e-05,540419539.614416,6979387370433.154,0.0
183.32992387617216,5.598824886794371,86298.32742508253,6.7687913504736015,14723.804535960066,-1000000.0,solver_failed_full,101.0,14723.804535960066,0.1557785742861597,0.005186460489705225,155547.46900157712,1.0,0.0,1131.0,losvd_window_exceeded,2.0,347.74497250964424,14376.05956345042,20.0,543.0,132.0,51.07144810125326,0.049441591107535134,nonsingular_isothermal,1.0,0.01,2.0,0.3,1.0,0.0,strict_pass,1.0,none,none,,,1.0,1.0,1.0,1.0,1.0,1.0,0.0,0.0,0.0,0.0,0.0,4995.0,4995.0,1.0,inverse_phase_volume,geometric_mean,4995.0,4995.0,4995.0,0.0,540.0,0.0,0.0,7.382324053802161e+44,1.394190228138879e+58,18885519221021.203,6.282700316835832e-10,11865.205759351951,8.428003865097891e-05,1591672289.8914776,18885519221021.266,0.0
187.7746656205543,32.55922692306918,9140.289178619681,14.32460160291785,15592.279000626406,-1000000.0,solver_failed_full,102.0,15592.279000626406,0.16934425084582472,0.009999009425634597,481406.02512063424,1.0,0.0,962.0,losvd_window_exceeded,2.0,332.12173849259113,15260.157262133815,20.0,543.0,135.0,52.408671409079766,0.04385764401857198,nonsingular_isothermal,1.0,0.01,2.0,0.3,1.0,0.0,strict_pass,1.0,none,none,,,1.0,1.0,1.0,1.0,1.0,1.0,0.0,0.0,0.0,0.0,0.0,4995.0,4995.0,1.0,inverse_phase_volume,geometric_mean,4995.0,4995.0,4995.0,0.0,540.0,0.0,0.0,1.0073934865503985e+40,2.281374955480941e+58,2.2646314334362207e+18,5.410077755101702e-14,122518.32141537321,8.16204456972362e-06,18484022693703.434,2.26463143343621e+18,0.0
121.72276331475702,16.86500184883017,958302.21998602,14.978238899081363,19557.33831938313,-1000000.0,solver_failed_full,103.0,19557.33831938313,0.29300842259908677,0.008884448304792833,492113.0803133981,1.0,0.0,932.0,losvd_window_exceeded,2.0,376.09373677678076,19181.244582606345,20.0,543.0,128.0,52.939500203926926,0.05723462550857539,nonsingular_isothermal,1.0,0.01,2.0,0.3,1.0,0.0,strict_pass,1.0,none,none,,,0.9997997997997998,1.0,0.9997997997997998,0.9984101748807631,0.9991769547325103,0.9981481481481481,0.0015898251192368873,0.0008230452674896638,0.0018518518518518823,0.0,0.0,4994.0,4995.0,1.0,inverse_phase_volume,geometric_mean,4994.0,4994.0,4994.0,0.0,540.0,0.0,0.0,3.123784399433854e+44,3.3957283269788105e+57,10870559208869.354,1.939234301300612e-09,21080.56129215861,4.743706707524778e-05,515667446.33658594,10870559208869.31,0.0
7.136443439546736,5.8516282424092525,28270.200047872822,15.118934288369285,3286.9989492947893,-3286.9989492947893,pass_full,104.0,3286.9989492947893,0.0009478554152337892,0.009920669483526063,150028.02531010058,1.0,1.0,901.0,none,0.0,111.20953209416193,3175.7894172006277,20.0,543.0,208.0,77.64431748910471,0.025594091003107843,nonsingular_isothermal,1.0,0.01,2.0,0.3,1.0,0.0,strict_pass,1.0,none,none,,,0.9997997997997998,1.0,0.9997997997997998,0.9983108108108109,0.9991769547325103,0.9981481481481481,0.0016891891891891442,0.0008230452674896638,0.0018518518518518823,0.0,0.0,4994.0,4995.0,1.0,inverse_phase_volume,geometric_mean,4994.0,4994.0,4994.0,0.0,540.0,0.0,0.0,9.804378771621738e+41,1.1416173197629205e+53,116439536492.33464,1.1512991997881328e-07,13405.67451873252,7.459527669440598e-05,8685839.442814035,116439536492.33397,0.0
111.31754619765188,5.44696014096525,2730.766763076863,13.838761607076929,18331.008712642248,-1000000.0,solver_failed_full,105.0,18331.008712642248,0.05656853601249168,0.00103687166891113,24010.402416832443,1.0,0.0,1154.0,losvd_window_exceeded,2.0,321.573844647423,18009.43486799482,20.0,543.0,124.0,49.486542076872375,0.05891330816502684,nonsingular_isothermal,1.0,0.01,2.0,0.3,1.0,0.0,strict_pass,1.0,none,none,,,1.0,1.0,1.0,1.0,1.0,1.0,0.0,0.0,0.0,0.0,0.0,4995.0,4995.0,1.0,inverse_phase_volume,geometric_mean,4995.0,4995.0,4995.0,0.0,540.0,0.0,0.0,3.9938331205454913e+43,2.984366927246436e+57,74724377237845.66,2.5715572183090807e-10,19215.801166963407,5.204050517129835e-05,3888694340.068182,74724377237846.16,0.0
47.21592792929721,2062.225747323276,0.0,16.94916919319127,3400.07380704424,-3400.07380704424,pass_full,106.0,3400.07380704424,0.011404903244510933,0.009901443675374141,131667.8503936358,1.0,1.0,901.0,none,0.0,201.0956133497617,3198.978193694478,20.0,543.0,157.0,60.23465798112496,0.04688153375877337,nonsingular_isothermal,1.0,0.01,2.0,0.3,1.0,0.0,strict_pass,1.0,none,none,,,1.0,1.0,1.0,1.0,1.0,1.0,0.0,0.0,0.0,0.0,0.0,4995.0,4995.0,1.0,inverse_phase_volume,geometric_mean,4995.0,4995.0,4995.0,0.0,540.0,0.0,0.0,6.0008450793013994e+35,5.009250892926874e+54,8.347575760962715e+18,3.0597104126800353e-12,25541164.47645291,3.915248268816902e-08,326828315469.2697,8.347575760962656e+18,0.0
79.14521048354013,1944.7823636069231,4505.03622119302,12.328639685402395,1162.276825155689,-1162.276825155689,pass_full,107.0,1162.276825155689,0.008285431624244666,0.00994424061468469,96848.3668922212,1.0,1.0,898.0,none,0.0,90.55001406524167,1071.7268110904477,20.0,543.0,253.0,84.33703971028507,0.03362355037027981,nonsingular_isothermal,1.0,0.01,2.0,0.3,1.0,0.0,strict_pass,1.0,none,none,,,0.9973973973973974,1.0,0.9973973973973974,0.9793322734499205,0.9893004115226337,0.9907407407407407,0.020667726550079535,0.010699588477366295,0.0092592592592593,0.0,0.0,4982.0,4995.0,1.0,inverse_phase_volume,geometric_mean,4982.0,4982.0,4982.0,0.0,540.0,0.0,0.0,7.125043303981832e+36,4.530882672695369e+55,6.359094926711932e+18,3.6037425890750206e-12,22916541.215362776,4.363660251354252e-08,277489297662.81445,6.359094926711956e+18,0.0
145.11976645836774,81.39906892791991,115546.73234653457,15.789583067020335,14054.936907676985,-1000000.0,solver_failed_full,108.0,14054.936907676985,0.28583675925438,0.0054708182431246425,48773.1106708619,1.0,0.0,1015.0,losvd_window_exceeded,2.0,429.96116727535264,13624.97574040163,20.0,543.0,142.0,56.97781037329268,0.05505541492549718,nonsingular_isothermal,1.0,0.01,2.0,0.3,1.0,0.0,strict_pass,1.0,none,none,,,0.9997997997997998,1.0,0.9997997997997998,0.9984101748807631,0.9991769547325103,0.9981481481481481,0.0015898251192368873,0.0008230452674896638,0.0018518518518518823,0.0,0.0,4994.0,4995.0,1.0,inverse_phase_volume,geometric_mean,4994.0,4994.0,4994.0,0.0,540.0,0.0,0.0,3.938317916115026e+41,6.927408451992354e+57,1.7589764461742418e+16,1.2230511184704179e-11,215131.81098565581,4.6483130291999275e-06,81762731328.07631,1.7589764461742672e+16,0.0
151.87390125407353,3.6310808739615386,2200.490317767625,14.998753576840372,15506.370307047642,-1000000.0,solver_failed_full,109.0,15506.370307047642,0.044961642613998265,0.0021589574756960385,29498.37880349732,1.0,0.0,1144.0,losvd_window_exceeded,2.0,319.48703693702737,15186.883270110615,20.0,543.0,125.0,48.096978898212726,0.06818822778337254,nonsingular_isothermal,1.0,0.01,2.0,0.3,1.0,0.0,strict_pass,1.0,none,none,,,1.0,1.0,1.0,1.0,1.0,1.0,0.0,0.0,0.0,0.0,0.0,4995.0,4995.0,1.0,inverse_phase_volume,geometric_mean,4995.0,4995.0,4995.0,0.0,540.0,0.0,0.0,3.935972850569803e+40,1.0490721641547077e+58,2.6653440051113046e+17,5.840787971194353e-14,15567.70920414899,6.423552668452256e-05,17120977596375.838,2.6653440051112883e+17,0.0
101.24512095340184,3.802156187013775,75010.10914831632,10.120026771055262,22858.468621275835,-1000000.0,solver_failed_full,110.0,22858.468621275835,0.2652172258676728,0.004311835682693169,30679.402014887713,1.0,0.0,1087.0,losvd_window_exceeded,2.0,474.99546532752527,22383.473155948308,20.0,543.0,129.0,55.676903971626665,0.05819371914730764,nonsingular_isothermal,1.0,0.01,2.0,0.3,1.0,0.0,strict_pass,1.0,none,none,,,1.0,1.0,1.0,1.0,1.0,1.0,0.0,0.0,0.0,0.0,0.0,4995.0,4995.0,1.0,inverse_phase_volume,geometric_mean,4995.0,4995.0,4995.0,0.0,540.0,0.0,0.0,2.2758374569176254e+41,2.068781178232294e+57,9090197421366960.0,1.66001768331576e-12,15089.888464300702,6.626954217493231e-05,602403221393.7477,9090197421367096.0,0.0
194.77940907331816,172.47861140689605,30.849905865480196,10.08234356909698,11610.434267330114,-1000000.0,solver_failed_full,111.0,11610.434267330114,0.29937809465081955,0.0018677396409852278,298725.4195020407,1.0,0.0,3169.0,losvd_window_exceeded,2.0,558.7286087938528,11051.70565853626,20.0,543.0,137.0,64.08109983116618,0.04364765332995129,nonsingular_isothermal,1.0,0.01,2.0,0.3,1.0,0.0,strict_pass,1.0,none,none,,,1.0,1.0,1.0,1.0,1.0,1.0,0.0,0.0,0.0,0.0,0.0,4995.0,4995.0,1.0,inverse_phase_volume,geometric_mean,4995.0,4995.0,4995.0,0.0,540.0,0.0,0.0,8.434225609371149e+38,1.660272366751511e+58,1.9684941376322753e+19,4.712571930578505e-13,9276670.218514247,1.0779729972552158e-07,2121983525622.7954,1.968494137632285e+19,0.0
62.48026767762094,10.041249762506743,242.581870624766,10.132700949452015,18242.07363190585,-1000000.0,solver_failed_full,112.0,18242.07363190585,0.04484438425060944,0.00993114947264338,89208.21428700633,1.0,0.0,911.0,losvd_window_exceeded,2.0,293.51203354001467,17948.561598365835,20.0,543.0,149.0,69.506442043712,0.03126537087963468,nonsingular_isothermal,1.0,0.01,2.0,0.3,1.0,0.0,strict_pass,1.0,none,none,,,1.0,1.0,1.0,1.0,1.0,1.0,0.0,0.0,0.0,0.0,0.0,4995.0,4995.0,1.0,inverse_phase_volume,geometric_mean,4995.0,4995.0,4995.0,0.0,540.0,0.0,0.0,9.874949202917086e+41,2.6259619257174465e+56,265921562912114.06,1.1725227516659134e-10,31179.908267301693,3.207193528047348e-05,8528619155.399807,265921562912118.03,0.0
100.69859566335874,1496.0479040816995,0.0,13.520304808779295,inf,-1000000.0,physics_exception_full,113.0,inf,inf,inf,inf,0.0,0.0,0.0,exception,3.0,inf,inf,0.0,0.0,0.0,0.0,0.0,nonsingular_isothermal,1.0,0.01,2.0,0.3,1.0,0.0,strict_pass,1.0,none,none,,,1.0,1.0,1.0,1.0,1.0,1.0,0.0,0.0,0.0,0.0,0.0,4995.0,4995.0,1.0,inverse_phase_volume,geometric_mean,4995.0,4995.0,4995.0,0.0,540.0,0.0,0.0,5.146906544827832e+35,3.122695551309768e+56,6.067130856393322e+20,3.648048693745812e-13,221331887.9545075,4.5181017938343335e-09,2741191480569.853,6.067130856393372e+20,0.0
65.36197846240081,87.52322734404012,91510.4577629632,8.231159262222146,17849.908748786587,-1000000.0,solver_failed_full,114.0,17849.908748786587,0.04190405470581027,0.009922956048961123,109520.79684092193,1.0,0.0,910.0,losvd_window_exceeded,2.0,249.7270979368252,17600.181650849765,20.0,543.0,138.0,55.903319553808636,0.04039630232311864,nonsingular_isothermal,1.0,0.01,2.0,0.3,1.0,0.0,strict_pass,1.0,none,none,,,0.9995995995995997,1.0,0.9995995995995997,0.9968203497615262,0.9983539094650206,0.9962962962962963,0.0031796502384737746,0.0016460905349794386,0.0037037037037036535,0.0,0.0,4993.0,4995.0,1.0,inverse_phase_volume,geometric_mean,4993.0,4993.0,4993.0,0.0,540.0,0.0,0.0,2.3045543111699824e+42,2.8436119818774e+56,123390972740136.8,1.2562057088250099e-09,155004.44437362943,6.451427918992804e-06,796047966.4873904,123390972740135.53,0.0
70.75458802694827,1547.1421567324824,1605.75507240844,7.5557159260839315,1357.9595777461109,-1357.9595777461109,pass_full,115.0,1357.9595777461109,0.015637500496040957,0.009923152811406915,101155.35902604094,1.0,1.0,899.0,none,0.0,174.7576785532181,1183.2018991928926,20.0,543.0,264.0,84.61671854887133,0.029527836340795248,nonsingular_isothermal,1.0,0.01,2.0,0.3,1.0,0.0,strict_pass,1.0,none,none,,,0.9991991991991992,1.0,0.9991991991991992,0.9936406995230525,0.9967078189300411,0.9962962962962963,0.006359300476947549,0.003292181069958877,0.0037037037037036535,0.0,0.0,4991.0,4995.0,1.0,inverse_phase_volume,geometric_mean,4991.0,4991.0,4991.0,0.0,540.0,0.0,0.0,5.1068104361963583e+36,6.94227359027253e+55,1.359414780910344e+19,4.1047468504830065e-12,55800535.40441806,1.7920975000552127e-08,243620383040.75433,1.3594147809103501e+19,0.0
197.12045544277603,604.2409625197049,1989.0934365988337,17.36806374532536,15370.064124884979,-1000000.0,solver_failed_full,116.0,15370.064124884979,0.20026245672852383,0.0010894982114282412,19092.504510388877,1.0,0.0,1148.0,losvd_window_exceeded,2.0,122.8252646241468,15247.23886026083,20.0,543.0,169.0,60.424719076810455,0.04373480979979126,nonsingular_isothermal,1.0,0.01,2.0,0.3,1.0,0.0,strict_pass,1.0,none,none,,,1.0,1.0,1.0,1.0,1.0,1.0,0.0,0.0,0.0,0.0,0.0,4995.0,4995.0,1.0,inverse_phase_volume,geometric_mean,4995.0,4995.0,4995.0,0.0,540.0,0.0,0.0,2.9153981904794384e+38,1.804310337091677e+58,6.18889845985312e+19,1.082919577648602e-12,67020793.06254212,1.492074256815829e-08,923429606999.3956,6.188898459853109e+19,0.0
80.28415728361844,2550.263184878238,42439.1817208917,6.0168615407438235,1986.9093087169156,-1986.9093087169156,pass_full,117.0,1986.9093087169156,0.0007601204845286702,0.009983493431602574,107996.97284603461,1.0,1.0,902.0,none,0.0,58.77099251799071,1928.138316198925,20.0,543.0,202.0,60.38826331004892,0.0506648803124745,nonsingular_isothermal,1.0,0.01,2.0,0.3,1.0,0.0,strict_pass,1.0,none,none,,,0.994994994994995,1.0,0.994994994994995,0.9602543720190779,0.9794238683127572,0.9851851851851852,0.03974562798092207,0.020576131687242816,0.014814814814814836,0.0,0.0,4970.0,4995.0,1.0,inverse_phase_volume,geometric_mean,4970.0,4970.0,4970.0,0.0,540.0,0.0,0.0,5.868442618544187e+41,3.923062252506147e+55,66850142491115.64,1.8263837149506648e-07,12209401.15879043,8.190409889841549e-08,5475300.681965468,66850142491115.22,0.0
95.85225866639871,2961.716170953198,90550.1573302019,19.234490623633455,1490.0416354041377,-1490.0416354041377,pass_full,118.0,1490.0416354041377,0.001067086627244862,0.009949804262109972,79327.73565445283,1.0,1.0,905.0,none,0.0,49.92608262378304,1440.1155527803546,20.0,543.0,222.0,65.10772046855291,0.03549722762014529,nonsingular_isothermal,1.0,0.01,2.0,0.3,1.0,0.0,strict_pass,1.0,none,none,,,0.9935935935935936,1.0,0.9935935935935936,0.9491255961844197,0.9736625514403292,0.9814814814814815,0.05087440381558028,0.026337448559670795,0.01851851851851849,0.0,0.0,4963.0,4995.0,1.0,inverse_phase_volume,geometric_mean,4963.0,4963.0,4963.0,0.0,540.0,0.0,0.0,2.232579363040583e+42,3.623220520485489e+55,16228854303978.564,2.2496983853581216e-07,3651002.7323872955,2.7389735732849646e-07,4445040.306328946,16228854303978.643,0.0
91.0873680862107,1878.505927331472,471126.2153123614,16.44709567909123,690.8654891281993,-690.8654891281993,pass_full,119.0,690.8654891281993,0.0004482398610434757,0.009919556161933072,93532.32845715438,1.0,1.0,900.0,none,0.0,12.940681034550748,677.9248080936485,20.0,543.0,313.0,95.09197988283292,0.028909829213886924,nonsingular_isothermal,1.0,0.01,2.0,0.3,1.0,0.0,strict_pass,1.0,none,none,,,0.9967967967967968,1.0,0.9967967967967968,0.9745627980922098,0.9868312757201646,0.9851851851851852,0.025437201907790197,0.013168724279835398,0.014814814814814836,0.0,0.0,4979.0,4995.0,1.0,inverse_phase_volume,geometric_mean,4979.0,4979.0,4979.0,0.0,540.0,0.0,0.0,8.828003642143191e+42,1.2094496662456428e+56,13700149153450.309,1.5692022067031613e-07,2149830.4283756753,4.6515296592743804e-07,6372665.012375714,13700149153450.36,0.0
103.26330819256046,448.52752793723045,34513.40084375465,17.325105512037116,15457.259490936367,-1000000.0,solver_failed_full,120.0,15457.259490936367,0.0048356000988860615,0.00997206829096546,73414.08198571346,1.0,0.0,959.0,losvd_window_exceeded,2.0,277.46134913588753,15179.79814180048,20.0,543.0,191.0,40.935688945262896,0.08812887849689521,nonsingular_isothermal,1.0,0.01,2.0,0.3,1.0,0.0,strict_pass,1.0,none,none,,,1.0,1.0,1.0,1.0,1.0,1.0,0.0,0.0,0.0,0.0,0.0,4995.0,4995.0,1.0,inverse_phase_volume,geometric_mean,4995.0,4995.0,4995.0,0.0,540.0,0.0,0.0,2.5160534329551454e+41,1.5432947414586714e+57,6133791600944050.0,8.741477842433453e-10,5361840.336975722,1.865031289917218e-07,1143971326.1592162,6133791600944094.0,0.0
91.0873680862107,1878.505927331472,0.0,16.44709567909123,878.5962208645111,-878.5962208645111,pass_no_bh,119.0,878.5962208645111,0.009726623012284108,0.009971311927123546,96215.33763426826,1.0,1.0,901.0,none,0.0,72.55698422248605,806.0392366420252,20.0,543.0,268.0,76.68096155898472,0.03834601936195966,nonsingular_isothermal,1.0,0.01,2.0,0.3,1.0,0.0,strict_pass,1.0,none,none,,,1.0,1.0,1.0,1.0,1.0,1.0,0.0,0.0,0.0,0.0,0.0,4995.0,4995.0,1.0,inverse_phase_volume,geometric_mean,4995.0,4995.0,4995.0,0.0,540.0,0.0,0.0,3.726604830674974e+35,8.017032728590279e+55,2.151296714532034e+20,5.307387616773375e-13,114177655.42712708,8.758281086251955e-09,1884166132580.2124,2.1512967145320612e+20,0.0
0.0,1878.505927331472,471126.2153123614,16.44709567909123,7396.44694669675,-7396.44694669675,pass_no_halo,119.0,7396.44694669675,0.004359715217105986,0.00994187125733181,25290.610469989486,1.0,1.0,922.0,none,0.0,144.9286544970147,7251.518292199736,20.0,543.0,152.0,54.24190984665513,0.049854570086203386,none,1.0,0.01,2.0,0.3,1.0,0.0,severe_coverage_warn,0.0,multiple,multiple,1;2;3;4;5;8,total orbit coverage 0.808 is below 0.85 | shell_band minimum coverage 0.512 is below 0.8 | shell_band coverage gap 0.442 exceeds 0.1 | Lfrac minimum coverage 0.6 is below 0.8 | Lfrac coverage gap 0.4 exceeds 0.1 | third_integral minimum coverage 0.67 is below 0.8 | third_integral coverage gap 0.32 exceeds 0.1 | 12 planned shell-band/Lfrac/third-integral cells have no successful orbit,0.8084084084084084,1.0,0.8084084084084084,0.5118243243243243,0.6,0.6703703703703704,0.44207074721780604,0.4,0.3203703703703703,12.0,0.0,4038.0,4995.0,1.0,inverse_phase_volume,geometric_mean,4038.0,4038.0,4038.0,0.0,536.0,0.0,0.0,1.7248026953521968e+43,2.99246139214667e+52,1734958671.0470808,2.774535477824598e-06,4813.7043853795,0.00020774021833107695,360420.6931187126,1734958671.047066,0.0
19.055886584588567,144.06376136572723,3056.8241953023003,2.6803042804776216,788.2340391226708,-788.2340391226708,pass_full,121.0,788.2340391226708,0.0006073139785485182,0.009964785441960083,84769.47011293888,1.0,1.0,897.0,none,0.0,14.817340016366238,773.4166991063046,20.0,543.0,385.0,120.90065622032763,0.021462092615470975,nonsingular_isothermal,1.0,0.01,2.0,0.3,1.0,0.0,strict_pass,1.0,none,none,,,1.0,1.0,1.0,1.0,1.0,1.0,0.0,0.0,0.0,0.0,0.0,4995.0,4995.0,1.0,inverse_phase_volume,geometric_mean,4995.0,4995.0,4995.0,0.0,540.0,0.0,0.0,1.3365434912842047e+39,2.0186945396183605e+54,1510384475164903.0,2.861407109040913e-10,432182.4874621925,2.313837392792276e-06,3494784076.129524,1510384475164918.0,0.0
109.2227791088911,4239.843419021125,24702.97865162496,8.176820189732318,3214.6740454207634,-3214.6740454207634,pass_full,122.0,3214.6740454207634,0.0007042002289381344,0.00998097009907487,128533.0137084581,1.0,1.0,899.0,none,0.0,87.55862820923498,3127.115417211529,20.0,543.0,153.0,69.95849302884355,0.0334778946062404,nonsingular_isothermal,1.0,0.01,2.0,0.3,1.0,0.0,strict_pass,1.0,none,none,,,0.9897897897897898,1.0,0.9897897897897898,0.918918918918919,0.9580246913580247,0.9740740740740741,0.08108108108108103,0.041975308641975295,0.025925925925925908,0.0,0.0,4944.0,4995.0,1.0,inverse_phase_volume,geometric_mean,4944.0,4944.0,4944.0,0.0,540.0,0.0,0.0,6.018566170939844e+40,1.5559750172118777e+55,258529186689809.3,3.115421292056186e-08,8054273.328313954,1.241576935916248e-07,32098387.5455251,258529186689807.66,0.0
126.53375271441656,93.20417793275318,4433938.6670397185,15.235406927382485,18792.680619187693,-1000000.0,solver_failed_full,123.0,18792.680619187693,0.299292021918518,0.0006915476447117264,9317.451676627521,1.0,0.0,1380.0,losvd_window_exceeded,2.0,598.4060991347272,18194.274520052964,20.0,543.0,124.0,54.72459667410468,0.05317029027075568,nonsingular_isothermal,1.0,0.01,2.0,0.3,1.0,0.0,strict_pass,1.0,none,none,,,0.9963963963963964,1.0,0.9963963963963964,0.9713831478537361,0.9851851851851852,0.9777777777777777,0.02861685214626386,0.014814814814814836,0.022222222222222254,0.0,0.0,4977.0,4995.0,1.0,inverse_phase_volume,geometric_mean,4977.0,4977.0,4977.0,0.0,540.0,0.0,0.0,2.987865478296208e+46,4.2092951977813675e+57,140879675753.7312,3.827924876984637e-07,53927.6815479242,1.8543352343291908e-05,2612381.4655101798,140879675753.7325,0.0
159.9024245604803,8.473976205944195,6772.344691166577,0.8599958796053637,19809.030023158688,-1000000.0,solver_failed_full,124.0,19809.030023158688,0.05700345513832872,0.006322148601851466,477479.5554769772,1.0,0.0,958.0,losvd_window_exceeded,2.0,374.0066542735311,19435.02336888516,20.0,543.0,143.0,55.01178895631522,0.038139576216219356,nonsingular_isothermal,1.0,0.01,2.0,0.3,1.0,0.0,strict_pass,1.0,none,none,,,1.0,1.0,1.0,1.0,1.0,1.0,0.0,0.0,0.0,0.0,0.0,4995.0,4995.0,1.0,inverse_phase_volume,geometric_mean,4995.0,4995.0,4995.0,0.0,540.0,0.0,0.0,9.981447087846155e+43,9.681350798199734e+57,96993459094605.31,2.0771504359443693e-10,20147.00058421084,4.963517997729636e-05,4814287798.781187,96993459094603.7,0.0
34.45597144713681,1953.1487512812523,1202.289013992996,3.7120168862893084,8357.592750344591,-8357.592750344591,pass_full,125.0,8357.592750344591,0.022262914950260893,0.009995222339595091,141912.6569778625,1.0,1.0,901.0,none,0.0,363.1128320456903,7994.479918298901,20.0,543.0,143.0,43.82416521846166,0.06516712197472403,nonsingular_isothermal,1.0,0.01,2.0,0.3,1.0,0.0,strict_pass,1.0,none,none,,,0.9973973973973974,1.0,0.9973973973973974,0.9793322734499205,0.9893004115226337,0.9907407407407407,0.020667726550079535,0.010699588477366295,0.0092592592592593,0.0,0.0,4982.0,4995.0,1.0,inverse_phase_volume,geometric_mean,4982.0,4982.0,4982.0,0.0,540.0,0.0,0.0,1.3165387364089499e+36,2.188107780172226e+54,1.662015495374338e+18,1.2148374751151809e-11,20190787.080028694,4.952753927008272e-08,82315537714.6386,1.6620154953743396e+18,0.0
80.81700329265871,9.23230233060432,0.0,2.182646795234444,21536.977117883005,-1000000.0,solver_failed_full,126.0,21536.977117883005,0.07590871269349009,0.009911755960069794,114430.95824503386,1.0,0.0,909.0,losvd_window_exceeded,2.0,298.1412250314945,21238.83589285151,20.0,543.0,136.0,63.23116584158891,0.04944698671403542,nonsingular_isothermal,1.0,0.01,2.0,0.3,1.0,0.0,strict_pass,1.0,none,none,,,1.0,1.0,1.0,1.0,1.0,1.0,0.0,0.0,0.0,0.0,0.0,4995.0,4995.0,1.0,inverse_phase_volume,geometric_mean,4995.0,4995.0,4995.0,0.0,540.0,0.0,0.0,9.505509676256445e+40,4.681473419855414e+56,4925010419535040.0,5.375923681137853e-12,26476.48014422945,3.776937094933104e-05,186014545464.74194,4925010419535106.0,0.0
12.173160695147466,445.422506809072,11378.250378049639,3.3205051049082397,6678.536586324985,-6678.536586324985,pass_full,127.0,6678.536586324985,0.005858689964043151,0.009986288992061302,127068.44075079226,1.0,1.0,901.0,none,0.0,155.88255537256,6522.654030952425,20.0,543.0,133.0,59.377005929045126,0.04173554873042197,nonsingular_isothermal,1.0,0.01,2.0,0.3,1.0,0.0,strict_pass,1.0,none,none,,,1.0,1.0,1.0,1.0,1.0,1.0,0.0,0.0,0.0,0.0,0.0,4995.0,4995.0,1.0,inverse_phase_volume,geometric_mean,4995.0,4995.0,4995.0,0.0,540.0,0.0,0.0,2.8677172240476727e+40,2.8902596811822133e+53,10078607670747.686,5.948297823496753e-08,599505.6007178652,1.6680411305625358e-06,16811532.13361032,10078607670747.748,0.0
90.07527916503311,212.2335917140364,1378725.3388252994,1.9622633581515416,18499.441408818333,-1000000.0,solver_failed_full,128.0,18499.441408818333,0.02924380900003598,0.00990574114176056,103983.08075500163,1.0,0.0,910.0,losvd_window_exceeded,2.0,268.132594164038,18231.308814654294,20.0,543.0,152.0,60.01067701140451,0.0483404250685503,nonsingular_isothermal,1.0,0.01,2.0,0.3,1.0,0.0,strict_pass,1.0,none,none,,,0.994994994994995,1.0,0.994994994994995,0.9682034976152624,0.9794238683127572,0.9685185185185186,0.031796502384737635,0.020576131687242816,0.031481481481481444,0.0,0.0,4970.0,4995.0,1.0,inverse_phase_volume,geometric_mean,4970.0,4970.0,4970.0,0.0,540.0,0.0,0.0,9.858820080409914e+43,8.52641780228579e+56,8648517502848.348,1.8826282865846336e-08,162819.4368788452,6.14177286919439e-06,53117230.15774654,8648517502848.306,0.0
133.21645398472347,13.96185034391473,38032.130849766836,2.5291039372118127,13916.467219231865,-1000000.0,solver_failed_full,129.0,13916.467219231865,0.29968673568328086,0.0010114088853246544,13356.844893564536,1.0,0.0,1152.0,losvd_window_exceeded,2.0,288.48772839079334,13627.97949084107,20.0,543.0,122.0,54.21344739373851,0.05332346962832606,nonsingular_isothermal,1.0,0.01,2.0,0.3,1.0,0.0,strict_pass,1.0,none,none,,,1.0,1.0,1.0,1.0,1.0,1.0,0.0,0.0,0.0,0.0,0.0,4995.0,4995.0,1.0,inverse_phase_volume,geometric_mean,4995.0,4995.0,4995.0,0.0,540.0,0.0,0.0,1.677448902749943e+43,4.055117144339473e+57,241743109890958.5,1.0529945527638524e-10,25455.41778833692,3.9284368000362454e-05,9496725290.508345,241743109890955.2,0.0
3.087245198238575,6.006863317239552,229524.10862199508,3.5614971023030644,13070.48463519191,-13070.48463519191,pass_full,130.0,13070.48463519191,0.0018179177186539164,0.009905170841324673,105722.68596459104,1.0,1.0,929.0,none,0.0,323.8509317330429,12746.633703458869,20.0,543.0,135.0,53.71186504109576,0.04761587823710439,nonsingular_isothermal,1.0,0.01,2.0,0.3,1.0,0.0,severe_coverage_warn,0.0,inner,joint,1,2 planned shell-band/Lfrac/third-integral cells have no successful orbit,0.983983983983984,1.0,0.983983983983984,0.9284578696343402,0.934156378600823,0.9425925925925925,0.07154213036565982,0.06584362139917699,0.05740740740740746,2.0,1.0,4915.0,4995.0,1.0,inverse_phase_volume,geometric_mean,4915.0,4915.0,4915.0,0.0,540.0,0.0,0.0,5.554427473487185e+42,3.097114446048768e+51,557593822.3754203,1.9910432584444163e-06,1110.1934209908293,0.0009007439434360155,502249.2584019951,557593822.375418,0.0
