kin_bin,n_stars,rin_pc_edge,rout_pc_edge,rmid_pc_edge,rin_pc_data_min,rout_pc_data_max,rmid_pc_data,vlos_weighted_mean_kms,vlos_rel_weighted_mean_kms,vlos_raw_std_kms,verr_median_kms
1,16,0.0,16.229995233179263,8.114997616589632,3.776141989327822,15.735921351189496,9.75603167025866,209.54776736337607,1.1284285782246088,7.039401016185017,5.65
2,16,16.229995233179263,25.707281587079095,20.96863841012918,16.72406911516903,25.29223784784801,21.008153481508522,208.83934121279432,0.42000242764285983,4.189823981983019,5.35
3,16,25.707281587079095,47.93259061438236,36.81993610073073,26.122325326310182,46.21545981527154,36.16889257079086,206.4226308100932,-1.9967079750582972,7.1409353962442035,7.4
4,16,47.93259061438236,93.66964221948996,70.80111641693617,49.64972141349318,93.66964121948996,71.65968131649157,208.06107166432554,-0.35826712082590845,6.917631458815941,6.85
