v0,r_c,MBH,ML,chi2,reward,status,proposal_id,chi2_losvd,delta_chi2_iteration,max_light_relative_residual,max_light_sigma_residual,light_constraint_ok,solver_converged,solver_iterations,solver_failure_reason,julia_status_code,chi2_inner,chi2_outer,N_inner,N_outer,N_nonzero_weights,effective_N_orbits,max_weight_fraction,halo_type,alphat,light_rel_tol,light_sigma_tol,delta_chi2_iter_tol,halo_q_axis_ratio,karl_halo_params_active,coverage_status,coverage_strict,coverage_issue_region,coverage_issue_axis,coverage_issue_shell_bands,coverage_reasons,coverage_fraction,coverage_attempted_fraction,coverage_success_fraction,coverage_shell_min,coverage_lfrac_min,coverage_theta_min,coverage_shell_gap,coverage_lfrac_gap,coverage_theta_gap,coverage_joint_holes,coverage_deadline_hit,successful_base_orbits,planned_base_orbits,phase_volume_valid,phase_volume_convention,phase_volume_normalization,phase_volume_launches_recorded,phase_volume_sos_recorded,phase_volume_valid_base_orbits,phase_volume_invalid_recorded_orbits,phase_volume_nested_groups,phase_volume_duplicate_area_clusters,phase_volume_duplicate_area_orbits,raw_phase_volume_min,raw_phase_volume_max,raw_phase_volume_dynamic_range,normalized_phase_volume_min,normalized_phase_volume_max,wphase_min,wphase_max,wphase_dynamic_range,wphase_pair_max_relative_mismatch
9.23,14.24,450400.0,0.415,,,todo,,,,,,,,,,,,,,,,,,,,,,,,,,,,,,,,,,,,,,,,,,,,,,,,,,,,,,,,,,,,,,
13.320825619743976,27.64513174995341,264932.6776731905,1.433594982833482,21.400452746048163,-21.400452746048163,pass_full,1.0,21.400452746048163,0.1499695676397792,0.96467699186604,1.998197823876605,1.0,1.0,77.0,none,0.0,12.106534368510559,9.293918377537603,32.0,32.0,7608.0,101.39322288487601,0.05991265709606197,nonsingular_isothermal,1.0,0.01,2.0,0.3,1.0,0.0,strict_pass,1.0,none,none,,,0.9987129987129987,1.0,0.9987129987129987,0.9903474903474904,0.9947089947089947,0.9952380952380953,0.009652509652509633,0.005291005291005346,0.004761904761904745,0.0,0.0,3880.0,3885.0,1.0,inverse_phase_volume,geometric_mean,3880.0,3880.0,3880.0,0.0,420.0,0.0,0.0,6.968700894035796e+41,1.8530929528264548e+52,26591655762.01492,3.243789273894589e-08,862.5772773592084,0.0011593164186535414,30828143.1240868,26591655762.014797,0.0
18.817340221802777,242.97601456714318,188929.76596452238,3.288536761231384,18.760295046335756,-18.760295046335756,pass_full,2.0,18.760295046335756,0.06842963422572979,0.8631932373687203,1.9956775214899773,1.0,1.0,108.0,none,0.0,12.691765640894912,6.068529405440833,32.0,32.0,7246.0,101.42584535195361,0.03903978997773256,nonsingular_isothermal,1.0,0.01,2.0,0.3,1.0,0.0,strict_pass,1.0,none,none,,,0.9963963963963964,1.0,0.9963963963963964,0.972972972972973,0.9851851851851852,0.9857142857142858,0.027027027027026973,0.014814814814814836,0.014285714285714235,0.0,0.0,3871.0,3885.0,1.0,inverse_phase_volume,geometric_mean,3871.0,3871.0,3871.0,0.0,420.0,0.0,0.0,3.6528939475253257e+42,1.8827535562191167e+52,5154142395.769795,1.4244927285199846e-06,7342.038364530632,0.00013620195786922027,702004.2854405983,5154142395.769785,0.0
18.090679229426684,104.90274594299399,1151.3164204638883,0.21705875459895463,19.31495141999556,-19.31495141999556,pass_full,3.0,19.31495141999556,0.05839241680299878,0.7957530917182376,1.9974100438568192,1.0,1.0,158.0,none,0.0,13.174003390897242,6.140948029098322,32.0,32.0,6333.0,86.34065325267119,0.0627239409808215,nonsingular_isothermal,1.0,0.01,2.0,0.3,1.0,0.0,strict_pass,1.0,none,none,,,1.0,1.0,1.0,1.0,1.0,1.0,0.0,0.0,0.0,0.0,0.0,3885.0,3885.0,1.0,inverse_phase_volume,geometric_mean,3885.0,3885.0,3885.0,0.0,420.0,0.0,0.0,2.3310144491781887e+39,4.2601109672077833e+52,18275781039065.234,1.7097298427140809e-09,31246.648241397805,3.200343256897321e-05,584887726.12904,18275781039065.13,0.0
5.77024038703296,1.0791361400607162,3261.941893901644,4.00528833790022,60.18486452096882,-60.18486452096882,pass_full,4.0,60.18486452096882,0.06878318322701915,0.9648033871832896,1.9990845165981876,1.0,1.0,116.0,none,0.0,12.86357442228653,47.32129009868229,32.0,32.0,6330.0,73.16718590400052,0.047014314185423324,nonsingular_isothermal,1.0,0.01,2.0,0.3,1.0,0.0,strict_pass,1.0,none,none,,,0.9976833976833976,1.0,0.9976833976833976,0.9826254826254827,0.9925925925925926,0.9952380952380953,0.01737451737451734,0.007407407407407418,0.004761904761904745,0.0,0.0,3876.0,3885.0,1.0,inverse_phase_volume,geometric_mean,3876.0,3876.0,3876.0,0.0,420.0,0.0,0.0,7.436459755539882e+43,6.215755862276563e+50,8358487.864667134,6.094384264239695e-05,509.3983691526549,0.0019631001207628977,16408.548536523158,8358487.864667079,0.0
15.304300641327911,267.62842029855915,23091.366086091013,4.905241297652682,22.596540022768227,-22.596540022768227,pass_full,5.0,22.596540022768227,0.016737822418559034,0.8649756826769057,1.998228462415031,1.0,1.0,351.0,none,0.0,13.958573968490844,8.637966054277374,32.0,32.0,2283.0,43.623887759496036,0.06110254414415159,nonsingular_isothermal,1.0,0.01,2.0,0.3,1.0,0.0,strict_pass,1.0,none,none,,,0.9992277992277993,1.0,0.9992277992277993,0.9942084942084942,0.9968253968253968,0.9952380952380953,0.00579150579150578,0.0031746031746031633,0.004761904761904745,0.0,0.0,3882.0,3885.0,1.0,inverse_phase_volume,geometric_mean,3882.0,3882.0,3882.0,0.0,420.0,0.0,0.0,9.112362219885431e+39,8.963612783117808e+51,983676083854.1936,3.7684021680802776e-08,37068.87087084841,2.6976813064635778e-05,26536445.83028743,983676083854.1885,0.0
13.320825619743976,27.64513174995341,0.0,1.433594982833482,22.654856349482593,-22.654856349482593,pass_no_bh,1.0,22.654856349482593,0.03899912892255841,1.0330452303577242,1.998817576496722,1.0,1.0,123.0,none,0.0,12.178360821319803,10.47649552816279,32.0,32.0,7435.0,90.85163203881065,0.060051994129565495,nonsingular_isothermal,1.0,0.01,2.0,0.3,1.0,0.0,strict_pass,1.0,none,none,,,1.0,1.0,1.0,1.0,1.0,1.0,0.0,0.0,0.0,0.0,0.0,3885.0,3885.0,1.0,inverse_phase_volume,geometric_mean,3885.0,3885.0,3885.0,0.0,420.0,0.0,0.0,1.130032590837979e+39,1.3780418728355733e+52,12194709108466.352,2.8997840261478417e-10,3536.202267625049,0.0002827892536451572,3448532687.2030168,12194709108466.41,0.0
18.817340221802777,242.97601456714318,0.0,3.288536761231384,20.247762085586242,-20.247762085586242,pass_no_bh,2.0,20.247762085586242,0.07903449875019675,0.8945944018569653,1.9959982316863265,1.0,1.0,97.0,none,0.0,13.728868376748576,6.518893708837653,32.0,32.0,5163.0,122.43794950130007,0.039954259553410386,nonsingular_isothermal,1.0,0.01,2.0,0.3,1.0,0.0,strict_pass,1.0,none,none,,,1.0,1.0,1.0,1.0,1.0,1.0,0.0,0.0,0.0,0.0,0.0,3885.0,3885.0,1.0,inverse_phase_volume,geometric_mean,3885.0,3885.0,3885.0,0.0,420.0,0.0,0.0,8.512614268432596e+34,2.5963859670272494e+52,3.0500453622754304e+17,6.085959100737956e-12,1856245.1330203728,5.387219512181879e-07,164312638886.90027,3.0500453622754266e+17,0.0
18.090679229426684,104.90274594299399,0.0,0.21705875459895463,19.635000870789565,-19.635000870789565,pass_no_bh,3.0,19.635000870789565,0.07039225571744367,0.8018173215506811,1.9999362414549042,1.0,1.0,151.0,none,0.0,13.288572150370982,6.346428720418582,32.0,32.0,6113.0,92.36649764424232,0.05869529115228554,nonsingular_isothermal,1.0,0.01,2.0,0.3,1.0,0.0,strict_pass,1.0,none,none,,,0.9979407979407979,1.0,0.9979407979407979,0.9845559845559846,0.9915343915343915,0.9976190476190476,0.015444015444015413,0.00846560846560851,0.0023809523809523725,0.0,0.0,3877.0,3885.0,1.0,inverse_phase_volume,geometric_mean,3877.0,3877.0,3877.0,0.0,420.0,0.0,0.0,1.55386355970606e+34,4.2770560743402166e+52,2.7525300066559867e+18,1.2229700553870745e-13,336626.17746946466,2.97065429527004e-06,8176815087132.255,2.7525300066559785e+18,0.0
5.77024038703296,1.0791361400607162,0.0,4.00528833790022,62.450291659154246,-62.450291659154246,pass_no_bh,4.0,62.450291659154246,0.16066039950074185,1.0286816961539986,1.9944871227819638,1.0,1.0,81.0,none,0.0,12.45530467460143,49.99498698455282,32.0,32.0,6572.0,79.64443396929703,0.0400612104186248,nonsingular_isothermal,1.0,0.01,2.0,0.3,1.0,0.0,strict_pass,1.0,none,none,,,1.0,1.0,1.0,1.0,1.0,1.0,0.0,0.0,0.0,0.0,0.0,3885.0,3885.0,1.0,inverse_phase_volume,geometric_mean,3885.0,3885.0,3885.0,0.0,420.0,0.0,0.0,6.096941224847184e+40,5.548796831124243e+50,9100951815.823547,5.377591718138997e-08,489.4120311195476,0.002043268118506331,18595684.693334553,9100951815.823545,0.0
15.304300641327911,267.62842029855915,0.0,4.905241297652682,21.681380677379675,-21.681380677379675,pass_no_bh,5.0,21.681380677379675,0.0589551958576493,0.9343445709274495,1.9987704198701992,1.0,1.0,101.0,none,0.0,13.27505669172605,8.406323985653628,32.0,32.0,4285.0,94.537823537619,0.04755019831780872,nonsingular_isothermal,1.0,0.01,2.0,0.3,1.0,0.0,strict_pass,1.0,none,none,,,1.0,1.0,1.0,1.0,1.0,1.0,0.0,0.0,0.0,0.0,0.0,3885.0,3885.0,1.0,inverse_phase_volume,geometric_mean,3885.0,3885.0,3885.0,0.0,420.0,0.0,0.0,2.66314912397649e+34,1.0302327334278434e+52,3.868475573345093e+17,3.029154119831236e-12,1171820.8720464723,8.533727499268692e-07,330125163805.04047,3.868475573345071e+17,0.0
0.0,27.64513174995341,264932.6776731905,1.433594982833482,1.3370640828192632e+28,-1000000.0,solver_failed_no_halo,1.0,1.3370640828192632e+28,83562883710976.0,25717833316978.82,51435666633957.64,0.0,0.0,622.0,stationary_constraints_unsatisfied,2.0,3.860977478505955e+22,1.3370602218417846e+28,32.0,32.0,3.0,1.4137380833210103,0.8320852167966768,none,1.0,0.01,2.0,0.3,1.0,0.0,severe_coverage_warn,0.0,multiple,multiple,1;2;3;4;5;6;7;8,Lfrac minimum coverage 0.661 is below 0.8 | Lfrac coverage gap 0.339 exceeds 0.1 | third_integral minimum coverage 0.75 is below 0.8 | third_integral coverage gap 0.25 exceeds 0.1 | 24 planned shell-band/Lfrac/third-integral cells have no successful orbit,0.9176319176319176,1.0,0.9176319176319176,0.9126819126819127,0.6613756613756614,0.75,0.006237006237006293,0.3386243386243386,0.25,24.0,0.0,3565.0,3885.0,1.0,inverse_phase_volume,geometric_mean,3565.0,3565.0,3565.0,0.0,420.0,0.0,0.0,9.409371322971683e+42,1.936874320863719e+50,20584524.240584567,0.000204901258373457,4217.794919914716,0.00023709071185002518,4880.399505294305,20584524.240584612,0.0
0.0,242.97601456714318,188929.76596452238,3.288536761231384,inf,-1000000.0,physics_exception_no_halo,2.0,inf,inf,inf,inf,0.0,0.0,0.0,exception,3.0,inf,inf,0.0,0.0,0.0,0.0,0.0,none,1.0,0.01,2.0,0.3,1.0,0.0,severe_coverage_warn,0.0,multiple,multiple,1;2;3;4;5;6;7;8,Lfrac minimum coverage 0.635 is below 0.8 | Lfrac coverage gap 0.365 exceeds 0.1 | third_integral minimum coverage 0.75 is below 0.8 | third_integral coverage gap 0.25 exceeds 0.1 | 25 planned shell-band/Lfrac/third-integral cells have no successful orbit,0.9111969111969112,1.0,0.9111969111969112,0.8856548856548857,0.6349206349206349,0.75,0.033264033264033266,0.3650793650793651,0.25,25.0,0.0,3540.0,3885.0,1.0,inverse_phase_volume,geometric_mean,3540.0,3540.0,3540.0,0.0,420.0,0.0,0.0,9.89959838565949e+42,9.888210319284063e+49,9988496.435984794,0.000305750343472892,3053.986216080112,0.00032744090157798146,3270.6422784073197,9988496.435984807,0.0
0.0,104.90274594299399,1151.3164204638883,0.21705875459895463,inf,-1000000.0,physics_exception_no_halo,3.0,inf,inf,inf,inf,0.0,0.0,0.0,exception,3.0,inf,inf,0.0,0.0,0.0,0.0,0.0,none,1.0,0.01,2.0,0.3,1.0,0.0,severe_coverage_warn,0.0,multiple,multiple,1;2;3;4;5;6;7;8,total orbit coverage 0.705 is below 0.85 | shell_band minimum coverage 0.563 is below 0.8 | shell_band coverage gap 0.328 exceeds 0.1 | Lfrac minimum coverage 0.388 is below 0.8 | Lfrac coverage gap 0.612 exceeds 0.1 | third_integral minimum coverage 0.474 is below 0.8 | third_integral coverage gap 0.526 exceeds 0.1 | 60 planned shell-band/Lfrac/third-integral cells have no successful orbit,0.7052767052767053,1.0,0.7052767052767053,0.5634095634095634,0.38835978835978835,0.4738095238095238,0.3284823284823285,0.6116402116402117,0.5261904761904762,60.0,0.0,2740.0,3885.0,1.0,inverse_phase_volume,geometric_mean,2740.0,2740.0,2740.0,0.0,420.0,0.0,0.0,6.430053158661019e+38,3.6656723010969946e+45,5700842.917852839,0.00018891851256303257,1076.9947643962544,0.000928509620527806,5293.287494344158,5700842.917852826,0.0
0.0,1.0791361400607162,3261.941893901644,4.00528833790022,6.179162954623659e+26,-1000000.0,solver_failed_no_halo,4.0,6.179162954623659e+26,3229815406592.0,12733395998283.986,18007741315840.508,0.0,0.0,333.0,stationary_constraints_unsatisfied,2.0,4.892590933665711e+25,5.689903861257087e+26,32.0,32.0,1.0,1.0000000000013116,0.9999999999993442,none,1.0,0.01,2.0,0.3,1.0,0.0,severe_coverage_warn,0.0,multiple,multiple,1;2;3;4;5;6;7;8,total orbit coverage 0.54 is below 0.85 | shell_band minimum coverage 0.301 is below 0.8 | shell_band coverage gap 0.498 exceeds 0.1 | Lfrac minimum coverage 0.301 is below 0.8 | Lfrac coverage gap 0.699 exceeds 0.1 | third_integral minimum coverage 0.3 is below 0.8 | third_integral coverage gap 0.698 exceeds 0.1 | 112 planned shell-band/Lfrac/third-integral cells have no successful orbit,0.54002574002574,1.0,0.54002574002574,0.30145530145530147,0.30052910052910053,0.3,0.4977724977724977,0.6994708994708995,0.6980952380952381,112.0,0.0,2098.0,3885.0,1.0,inverse_phase_volume,geometric_mean,2098.0,2098.0,2098.0,0.0,420.0,0.0,0.0,1.686413208670844e+39,2.885578578154018e+46,17110744.646196783,3.229886838287459e-05,552.6576892604855,0.0018094383185695033,30960.837022086416,17110744.64619677,0.0
0.0,267.62842029855915,23091.366086091013,4.905241297652682,inf,-1000000.0,physics_exception_no_halo,5.0,inf,inf,inf,inf,0.0,0.0,0.0,exception,3.0,inf,inf,0.0,0.0,0.0,0.0,0.0,none,1.0,0.01,2.0,0.3,1.0,0.0,severe_coverage_warn,0.0,multiple,multiple,1;2;3;4;5;6;7;8,total orbit coverage 0.686 is below 0.85 | shell_band minimum coverage 0.557 is below 0.8 | shell_band coverage gap 0.335 exceeds 0.1 | Lfrac minimum coverage 0.374 is below 0.8 | Lfrac coverage gap 0.626 exceeds 0.1 | third_integral minimum coverage 0.45 is below 0.8 | third_integral coverage gap 0.55 exceeds 0.1 | 61 planned shell-band/Lfrac/third-integral cells have no successful orbit,0.685971685971686,1.0,0.685971685971686,0.5571725571725572,0.37354497354497357,0.45,0.3347193347193347,0.6264550264550264,0.55,61.0,0.0,2665.0,3885.0,1.0,inverse_phase_volume,geometric_mean,2665.0,2665.0,2665.0,0.0,420.0,0.0,0.0,2.5874453098539656e+41,1.475160816153161e+48,5701225.106228114,0.00017671475067065537,1007.4905731643761,0.000992565118360513,5658.8371723632035,5701225.1062280815,0.0
25.0,27.64513174995341,0.0,1.433594982833482,27.383922412549346,-27.383922412549346,pass_no_bh_halo_up,1.0,27.383922412549346,0.0690837879850612,1.0318273779654794,1.997365916926837,1.0,1.0,102.0,none,0.0,14.921150486628232,12.462771925921109,32.0,32.0,7668.0,103.8677209535676,0.06397511340685916,nonsingular_isothermal,1.0,0.01,2.0,0.3,1.0,0.0,strict_pass,1.0,none,none,,,1.0,1.0,1.0,1.0,1.0,1.0,0.0,0.0,0.0,0.0,0.0,3885.0,3885.0,1.0,inverse_phase_volume,geometric_mean,3885.0,3885.0,3885.0,0.0,420.0,0.0,0.0,1.7602918114310014e+40,1.7094437714201508e+53,9711138575543.822,3.699703791019712e-10,3592.8336203056924,0.000278331842128252,2702919088.8938165,9711138575543.734,0.0
6.660412809871988,27.64513174995341,0.0,1.433594982833482,52.31025443479701,-52.31025443479701,pass_no_bh_halo_down,1.0,52.31025443479701,0.005519105023502391,1.032539850343124,1.999917224806206,1.0,1.0,281.0,none,0.0,12.498406659298226,39.811847775498784,32.0,32.0,4744.0,47.79834134350712,0.06194279922711605,nonsingular_isothermal,1.0,0.01,2.0,0.3,1.0,0.0,strict_pass,1.0,none,none,,,0.9979407979407979,1.0,0.9979407979407979,0.9845559845559846,0.9915343915343915,0.9976190476190476,0.015444015444015413,0.00846560846560851,0.0023809523809523725,0.0,0.0,3877.0,3885.0,1.0,inverse_phase_volume,geometric_mean,3877.0,3877.0,3877.0,0.0,420.0,0.0,0.0,1.9266803143625036e+38,8.61634950191361e+50,4472122042085.935,7.550845928237591e-10,3376.830451206625,0.0002961356853562711,1324354925.9300084,4472122042085.946,0.0
13.320825619743976,55.29026349990682,0.0,1.433594982833482,21.335948581623512,-21.335948581623512,pass_no_bh_halo_scale_up,1.0,21.335948581623512,0.11769028459682218,0.9909644161934712,1.9944430836826454,1.0,1.0,103.0,none,0.0,12.458368237977679,8.87758034364584,32.0,32.0,6909.0,108.86381841357141,0.03694095208746087,nonsingular_isothermal,1.0,0.01,2.0,0.3,1.0,0.0,strict_pass,1.0,none,none,,,1.0,1.0,1.0,1.0,1.0,1.0,0.0,0.0,0.0,0.0,0.0,3885.0,3885.0,1.0,inverse_phase_volume,geometric_mean,3885.0,3885.0,3885.0,0.0,420.0,0.0,0.0,7.402733766938619e+35,1.1611836968318682e+52,1.5685876777277006e+16,1.2748118225015827e-12,19996.54116197567,5.000864859076455e-05,784429499592.877,1.5685876777276942e+16,0.0
13.320825619743976,13.822565874976705,0.0,1.433594982833482,20.824070930266906,-20.824070930266906,pass_no_bh_halo_scale_down,1.0,20.824070930266906,0.1743194443739533,0.978896705952926,1.9922231471631153,1.0,1.0,80.0,none,0.0,12.033275509850878,8.79079542041603,32.0,32.0,7670.0,112.81848079335559,0.05183632995383302,nonsingular_isothermal,1.0,0.01,2.0,0.3,1.0,0.0,strict_pass,1.0,none,none,,,0.9979407979407979,1.0,0.9979407979407979,0.9845559845559846,0.9915343915343915,0.9976190476190476,0.015444015444015413,0.00846560846560851,0.0023809523809523725,0.0,0.0,3877.0,3885.0,1.0,inverse_phase_volume,geometric_mean,3877.0,3877.0,3877.0,0.0,420.0,0.0,0.0,2.3983514362782534e+41,1.9241691470815316e+52,80228823765.18785,1.9174882080251604e-08,1538.378235134773,0.0006500351975614066,52151559.30632343,80228823765.18828,0.0
13.320825619743976,27.64513174995341,0.0,2.867189965666964,22.679312037980825,-22.679312037980825,pass_no_bh_ml_up,1.0,22.679312037980825,0.03850616072558921,1.031909782614152,1.9997066724309596,1.0,1.0,136.0,none,0.0,12.165403203654293,10.513908834326527,32.0,32.0,7369.0,89.18952926461657,0.062495873775722244,nonsingular_isothermal,1.0,0.01,2.0,0.3,1.0,0.0,strict_pass,1.0,none,none,,,0.9979407979407979,1.0,0.9979407979407979,0.9845559845559846,0.9915343915343915,0.9976190476190476,0.015444015444015413,0.00846560846560851,0.0023809523809523725,0.0,0.0,3877.0,3885.0,1.0,inverse_phase_volume,geometric_mean,3877.0,3877.0,3877.0,0.0,420.0,0.0,0.0,7.355299249374017e+38,1.3782329062324532e+52,18737958300605.508,1.856497885031979e-10,3478.6979954891467,0.00028746387335052006,5386486071.772575,18737958300605.465,0.0
13.320825619743976,27.64513174995341,0.0,0.716797491416741,22.658971836531784,-22.658971836531784,pass_no_bh_ml_down,1.0,22.658971836531784,0.045330500630186066,1.0306832365080953,1.9979946253462817,1.0,1.0,115.0,none,0.0,12.167985030542354,10.490986805989431,32.0,32.0,7438.0,92.50017709357499,0.058659255492474804,nonsingular_isothermal,1.0,0.01,2.0,0.3,1.0,0.0,strict_pass,1.0,none,none,,,0.9974259974259975,1.0,0.9974259974259975,0.9806949806949807,0.9915343915343915,0.9952380952380953,0.019305019305019266,0.00846560846560851,0.004761904761904745,0.0,0.0,3875.0,3885.0,1.0,inverse_phase_volume,geometric_mean,3875.0,3875.0,3875.0,0.0,420.0,0.0,0.0,1.331123147462367e+39,1.377946531566191e+52,10351758469478.105,3.394173193396192e-10,3513.5661101614673,0.0002846111240394576,2946225613.7831473,10351758469478.135,0.0
25.0,242.97601456714318,0.0,3.288536761231384,21.60945894160613,-21.60945894160613,pass_no_bh_halo_up,2.0,21.60945894160613,0.11309888539729585,0.8945823791606532,1.994332717224793,1.0,1.0,90.0,none,0.0,14.872983041229352,6.736475900376768,32.0,32.0,5351.0,129.90675156729276,0.03814909460564808,nonsingular_isothermal,1.0,0.01,2.0,0.3,1.0,0.0,strict_pass,1.0,none,none,,,0.9981981981981982,1.0,0.9981981981981982,0.9864864864864865,0.9925925925925926,0.9976190476190476,0.013513513513513487,0.007407407407407418,0.0023809523809523725,0.0,0.0,3878.0,3885.0,1.0,inverse_phase_volume,geometric_mean,3878.0,3878.0,3878.0,0.0,420.0,0.0,0.0,2.5259737115892114e+34,8.088912854559197e+52,3.2022949476659727e+18,8.996918493295713e-13,2881078.6635643383,3.470922237030647e-07,1111491674338.4705,3.202294947665969e+18,0.0
9.408670110901388,242.97601456714318,0.0,3.288536761231384,37.192921596743034,-37.192921596743034,pass_no_bh_halo_down,2.0,37.192921596743034,0.032491275661307384,0.8941761520356493,1.997113426437322,1.0,1.0,125.0,none,0.0,15.370078933673565,21.822842663069483,32.0,32.0,2855.0,71.98917242257149,0.045198025270417656,nonsingular_isothermal,1.0,0.01,2.0,0.3,1.0,0.0,strict_pass,1.0,none,none,,,0.9997425997425997,1.0,0.9997425997425997,0.9980694980694981,0.9989417989417989,0.9976190476190476,0.0019305019305019266,0.0010582010582010914,0.0023809523809523725,0.0,0.0,3884.0,3885.0,1.0,inverse_phase_volume,geometric_mean,3884.0,3884.0,3884.0,0.0,420.0,0.0,0.0,1.6743948469895663e+35,1.5862274782037255e+51,9473437409674552.0,6.620194247203178e-11,627159.9584076712,1.5944895502240793e-06,15105296954.42801,9473437409674594.0,0.0
18.817340221802777,485.95202913428636,0.0,3.288536761231384,31.611890040291602,-31.611890040291602,pass_no_bh_halo_scale_up,2.0,31.611890040291602,0.2986391232855681,1.213168438158621,1.870522056292656,1.0,1.0,23.0,none,0.0,17.646003634524934,13.96588640576666,32.0,32.0,6813.0,284.89673226430693,0.01676284896662851,nonsingular_isothermal,1.0,0.01,2.0,0.3,1.0,0.0,strict_pass,1.0,none,none,,,1.0,1.0,1.0,1.0,1.0,1.0,0.0,0.0,0.0,0.0,0.0,3885.0,3885.0,1.0,inverse_phase_volume,geometric_mean,3885.0,3885.0,3885.0,0.0,420.0,0.0,0.0,2.1984577062929376e+35,7.903937161166485e+51,3.59521911135338e+16,1.2170338143861393e-10,4375503.228644358,2.2854514046600885e-07,8216698568.103393,3.5952191113533864e+16,0.0
18.817340221802777,121.48800728357159,0.0,3.288536761231384,19.29828269469744,-19.29828269469744,pass_no_bh_halo_scale_down,2.0,19.29828269469744,0.07008990202264087,0.7918291014070536,1.9974213872476996,1.0,1.0,115.0,none,0.0,13.46673200389816,5.83155069079929,32.0,32.0,5519.0,88.1814590392878,0.06638319714927325,nonsingular_isothermal,1.0,0.01,2.0,0.3,1.0,0.0,strict_pass,1.0,none,none,,,1.0,1.0,1.0,1.0,1.0,1.0,0.0,0.0,0.0,0.0,0.0,3885.0,3885.0,1.0,inverse_phase_volume,geometric_mean,3885.0,3885.0,3885.0,0.0,420.0,0.0,0.0,1.3433545333791778e+35,4.47196665432012e+52,3.3289548985039635e+17,1.0419457382633237e-12,346859.03693670075,2.8830155582265907e-06,959742876502.1514,3.3289548985039514e+17,0.0
18.817340221802777,242.97601456714318,0.0,5.0,20.311997035339626,-20.311997035339626,pass_no_bh_ml_up,2.0,20.311997035339626,0.07694859511036256,0.9008952763954191,1.9999676240988513,1.0,1.0,98.0,none,0.0,13.782284083680008,6.529712951659615,32.0,32.0,5408.0,124.0257638701164,0.039670567750535915,nonsingular_isothermal,1.0,0.01,2.0,0.3,1.0,0.0,strict_pass,1.0,none,none,,,0.9971685971685972,1.0,0.9971685971685972,0.9787644787644788,0.9915343915343915,0.9952380952380953,0.021235521235521193,0.00846560846560851,0.004761904761904745,0.0,0.0,3874.0,3885.0,1.0,inverse_phase_volume,geometric_mean,3874.0,3874.0,3874.0,0.0,420.0,0.0,0.0,1.0942730655350535e+35,2.603704799653694e+52,2.3793922026040106e+17,5.441917091911478e-12,1294845.5095711655,7.722929049127921e-07,183758771607.58972,2.3793922026040093e+17,0.0
18.817340221802777,242.97601456714318,0.0,1.644268380615692,20.246041496463445,-20.246041496463445,pass_no_bh_ml_down,2.0,20.246041496463445,0.07410334785549466,0.896864467886693,1.998189413487503,1.0,1.0,99.0,none,0.0,13.729691362857892,6.516350133605546,32.0,32.0,5031.0,120.78235136012086,0.039405439171312034,nonsingular_isothermal,1.0,0.01,2.0,0.3,1.0,0.0,strict_pass,1.0,none,none,,,0.9987129987129987,1.0,0.9987129987129987,0.9903474903474904,0.9947089947089947,0.9976190476190476,0.009652509652509633,0.005291005291005346,0.0023809523809523725,0.0,0.0,3880.0,3885.0,1.0,inverse_phase_volume,geometric_mean,3880.0,3880.0,3880.0,0.0,420.0,0.0,0.0,5.785391033047604e+33,2.6002769513189156e+52,4.494556956419163e+18,7.189141824374075e-13,3231200.7397424015,3.094824743323506e-07,1390986607900.2627,4.494556956419102e+18,0.0
25.0,104.90274594299399,0.0,0.21705875459895463,22.323012529857195,-22.323012529857195,pass_no_bh_halo_up,3.0,22.323012529857195,0.06133220261854788,0.801202882029136,1.9987296736517148,1.0,1.0,162.0,none,0.0,14.188592700900605,8.134419828956597,32.0,32.0,6614.0,99.31919812371193,0.05925876785275824,nonsingular_isothermal,1.0,0.01,2.0,0.3,1.0,0.0,strict_pass,1.0,none,none,,,0.9974259974259975,1.0,0.9974259974259975,0.9806949806949807,0.9915343915343915,0.9952380952380953,0.019305019305019266,0.00846560846560851,0.004761904761904745,0.0,0.0,3875.0,3885.0,1.0,inverse_phase_volume,geometric_mean,3875.0,3875.0,3875.0,0.0,420.0,0.0,0.0,3.2212839259659986e+34,1.5598609169765096e+53,4.842357745626966e+18,7.274904783728846e-14,352276.9152818825,2.838675929701005e-06,13745884375512.57,4.842357745626994e+18,0.0
9.045339614713342,104.90274594299399,0.0,0.21705875459895463,30.072519285015606,-30.072519285015606,pass_no_bh_halo_down,3.0,30.072519285015606,0.022149397426161954,0.8016892293041463,1.9998339296666856,1.0,1.0,193.0,none,0.0,13.53470623639965,16.537813048615952,32.0,32.0,3051.0,58.26340297001618,0.05584260715114829,nonsingular_isothermal,1.0,0.01,2.0,0.3,1.0,0.0,strict_pass,1.0,none,none,,,1.0,1.0,1.0,1.0,1.0,1.0,0.0,0.0,0.0,0.0,0.0,3885.0,3885.0,1.0,inverse_phase_volume,geometric_mean,3885.0,3885.0,3885.0,0.0,420.0,0.0,0.0,4.5196107177735553e+33,2.6714924773434456e+51,5.910890658873985e+17,5.174417967298369e-13,305854.1882801359,3.26953181718109e-06,1932584507706.696,5.910890658873976e+17,0.0
18.090679229426684,209.80549188598798,0.0,0.21705875459895463,18.944953753177128,-18.944953753177128,pass_no_bh_halo_scale_up,3.0,18.944953753177128,0.2951305162353073,0.8320287145159971,1.9471490052217588,1.0,1.0,80.0,none,0.0,12.86498762716908,6.079966126008048,32.0,32.0,5028.0,123.71196153892271,0.0454802227464044,nonsingular_isothermal,1.0,0.01,2.0,0.3,1.0,0.0,strict_pass,1.0,none,none,,,0.9984555984555985,1.0,0.9984555984555985,0.9884169884169884,0.9936507936507937,0.9976190476190476,0.01158301158301156,0.006349206349206327,0.0023809523809523725,0.0,0.0,3879.0,3885.0,1.0,inverse_phase_volume,geometric_mean,3879.0,3879.0,3879.0,0.0,420.0,0.0,0.0,1.0600983707066578e+34,3.1940966401760873e+52,3.0130191012810573e+18,2.509849077266602e-12,7562223.211136942,1.3223624482907257e-07,398430331551.6759,3.013019101281071e+18,0.0
18.090679229426684,52.451372971496994,0.0,0.21705875459895463,22.407082931893054,-22.407082931893054,pass_no_bh_halo_scale_down,3.0,22.407082931893054,0.12618174358983936,1.0214698722109339,1.9972643990517855,1.0,1.0,99.0,none,0.0,13.539643696929803,8.867439234963246,32.0,32.0,7018.0,106.90111922610862,0.05849111954578805,nonsingular_isothermal,1.0,0.01,2.0,0.3,1.0,0.0,strict_pass,1.0,none,none,,,0.9971685971685972,1.0,0.9971685971685972,0.9787644787644788,0.9915343915343915,0.9952380952380953,0.021235521235521193,0.00846560846560851,0.004761904761904745,0.0,0.0,3874.0,3885.0,1.0,inverse_phase_volume,geometric_mean,3874.0,3874.0,3874.0,0.0,420.0,0.0,0.0,7.545716152568715e+35,3.8987349968252773e+52,5.166819050698148e+16,3.495002730464226e-13,18058.04669000461,5.537697499439486e-05,2861228093710.7437,5.166819050698149e+16,0.0
18.090679229426684,104.90274594299399,0.0,0.43411750919790926,19.605003443362268,-19.605003443362268,pass_no_bh_ml_up,3.0,19.605003443362268,0.07064846393623725,0.8011924951545161,1.998610699055658,1.0,1.0,151.0,none,0.0,13.270660975976039,6.334342467386222,32.0,32.0,6131.0,92.21710818851557,0.058798847320720916,nonsingular_isothermal,1.0,0.01,2.0,0.3,1.0,0.0,strict_pass,1.0,none,none,,,0.9974259974259975,1.0,0.9974259974259975,0.9806949806949807,0.9915343915343915,0.9952380952380953,0.019305019305019266,0.00846560846560851,0.004761904761904745,0.0,0.0,3875.0,3885.0,1.0,inverse_phase_volume,geometric_mean,3875.0,3875.0,3875.0,0.0,420.0,0.0,0.0,4.3986688750277515e+34,4.2770480466651115e+52,9.723505378972467e+17,3.270358600621415e-13,317993.4944431116,3.1447184218383373e-06,3057768649009.8843,9.723505378972456e+17,0.0
18.090679229426684,104.90274594299399,0.0,0.2,19.56764791159901,-19.56764791159901,pass_no_bh_ml_down,3.0,19.56764791159901,0.0698820909065887,0.8000018930997843,1.9957804790862275,1.0,1.0,152.0,none,0.0,13.242379693458025,6.325268218140991,32.0,32.0,6113.0,91.93239293167434,0.05889174597824157,nonsingular_isothermal,1.0,0.01,2.0,0.3,1.0,0.0,strict_pass,1.0,none,none,,,0.9976833976833976,1.0,0.9976833976833976,0.9826254826254827,0.9915343915343915,0.9952380952380953,0.01737451737451734,0.00846560846560851,0.004761904761904745,0.0,0.0,3876.0,3885.0,1.0,inverse_phase_volume,geometric_mean,3876.0,3876.0,3876.0,0.0,420.0,0.0,0.0,1.42595880274753e+34,4.277056704426087e+52,2.999425156031911e+18,1.1275461189189559e-13,338199.0193671676,2.956838851488048e-06,8868816833485.785,2.999425156031921e+18,0.0
11.54048077406592,1.0791361400607162,0.0,4.00528833790022,23.89789226416801,-23.89789226416801,pass_no_bh_halo_up,4.0,23.89789226416801,0.2296311379374565,1.0236876864900992,1.990500077873974,1.0,1.0,74.0,none,0.0,11.432310397689543,12.465581866478468,32.0,32.0,7738.0,128.87512369790224,0.0445278506892475,nonsingular_isothermal,1.0,0.01,2.0,0.3,1.0,0.0,strict_pass,1.0,none,none,,,1.0,1.0,1.0,1.0,1.0,1.0,0.0,0.0,0.0,0.0,0.0,3885.0,3885.0,1.0,inverse_phase_volume,geometric_mean,3885.0,3885.0,3885.0,0.0,420.0,0.0,0.0,9.755481168388588e+41,8.94759205722364e+51,9171861339.056437,5.3772534827784744e-08,493.194233290023,0.0020275987278463364,18596854.383053765,9171861339.056406,0.0
2.88512019351648,1.0791361400607162,0.0,4.00528833790022,183.22384672627024,-183.22384672627024,pass_no_bh_halo_down,4.0,183.22384672627024,0.04955618565543318,1.032510626296105,1.9994912274206968,1.0,1.0,191.0,none,0.0,32.28801585485461,150.93583087141567,32.0,32.0,4293.0,44.65561418405601,0.07113931186854622,nonsingular_isothermal,1.0,0.01,2.0,0.3,1.0,0.0,strict_pass,1.0,none,none,,,0.9987129987129987,1.0,0.9987129987129987,0.9903474903474904,0.9947089947089947,0.9976190476190476,0.009652509652509633,0.005291005291005346,0.0023809523809523725,0.0,0.0,3880.0,3885.0,1.0,inverse_phase_volume,geometric_mean,3880.0,3880.0,3880.0,0.0,420.0,0.0,0.0,3.8100009929560335e+39,3.5212146438259913e+49,9242030777.251888,5.664445610116108e-08,523.5098066476227,0.0019101838920719694,17653978.320739888,9242030777.25186,0.0
5.77024038703296,2.1582722801214325,0.0,4.00528833790022,62.25310289024679,-62.25310289024679,pass_no_bh_halo_scale_up,4.0,62.25310289024679,0.036274945842194484,0.9987723068710306,1.999720889178463,1.0,1.0,133.0,none,0.0,12.390095943430344,49.86300694681645,32.0,32.0,5954.0,68.23921319188506,0.048036975798205886,nonsingular_isothermal,1.0,0.01,2.0,0.3,1.0,0.0,strict_pass,1.0,none,none,,,1.0,1.0,1.0,1.0,1.0,1.0,0.0,0.0,0.0,0.0,0.0,3885.0,3885.0,1.0,inverse_phase_volume,geometric_mean,3885.0,3885.0,3885.0,0.0,420.0,0.0,0.0,1.4807254594616052e+41,5.51985533243525e+50,3727804703.541925,1.397313618406678e-07,520.8912279019547,0.0019197866011831284,7156589.521687158,3727804703.541887,0.0
5.77024038703296,1.0,0.0,4.00528833790022,62.52122863032194,-62.52122863032194,pass_no_bh_halo_scale_down,4.0,62.52122863032194,0.03741595251675278,1.0367655620079823,1.998840556223245,1.0,1.0,129.0,none,0.0,12.572098013600725,49.94913061672122,32.0,32.0,6260.0,67.61622480208698,0.04799491300973315,nonsingular_isothermal,1.0,0.01,2.0,0.3,1.0,0.0,strict_pass,1.0,none,none,,,0.9984555984555985,1.0,0.9984555984555985,0.9884169884169884,0.9936507936507937,0.9976190476190476,0.01158301158301156,0.006349206349206327,0.0023809523809523725,0.0,0.0,3879.0,3885.0,1.0,inverse_phase_volume,geometric_mean,3879.0,3879.0,3879.0,0.0,420.0,0.0,0.0,7.964108438121318e+42,5.604189387504002e+50,70368069.8353976,6.999766861614119e-06,492.5600833495613,0.002030209174076165,142861.90094185565,70368069.8353972,0.0
5.77024038703296,1.0791361400607162,0.0,5.0,62.03538075014369,-62.03538075014369,pass_no_bh_ml_up,4.0,62.03538075014369,0.16025946371615873,1.0301564998368407,1.9952468995949557,1.0,1.0,85.0,none,0.0,12.434494141276359,49.60088660886732,32.0,32.0,6702.0,66.70127580572637,0.040173161310495066,nonsingular_isothermal,1.0,0.01,2.0,0.3,1.0,0.0,strict_pass,1.0,none,none,,,1.0,1.0,1.0,1.0,1.0,1.0,0.0,0.0,0.0,0.0,0.0,3885.0,3885.0,1.0,inverse_phase_volume,geometric_mean,3885.0,3885.0,3885.0,0.0,420.0,0.0,0.0,6.096863537050489e+40,5.6693870474147774e+50,9298858360.470186,5.404190829757846e-08,502.5280507887034,0.0019899386679619745,18504157.819401216,9298858360.470238,0.0
5.77024038703296,1.0791361400607162,0.0,2.00264416895011,62.3355629436817,-62.3355629436817,pass_no_bh_ml_down,4.0,62.3355629436817,0.046916797936155774,1.0303121850233528,1.999535090553116,1.0,1.0,135.0,none,0.0,12.40963033568457,49.92593260799714,32.0,32.0,6413.0,73.9184849607668,0.0370297499351412,nonsingular_isothermal,1.0,0.01,2.0,0.3,1.0,0.0,strict_pass,1.0,none,none,,,1.0,1.0,1.0,1.0,1.0,1.0,0.0,0.0,0.0,0.0,0.0,3885.0,3885.0,1.0,inverse_phase_volume,geometric_mean,3885.0,3885.0,3885.0,0.0,420.0,0.0,0.0,6.097097579796382e+40,5.4879218302280295e+50,9000875840.355673,5.3508953289041914e-08,481.62744490205847,0.0020762936385474366,18688461.24868583,9000875840.355688,0.0
25.0,267.62842029855915,0.0,4.905241297652682,21.515072452119124,-21.515072452119124,pass_no_bh_halo_up,5.0,21.515072452119124,0.11975574809772382,0.9400833682687288,1.9989336478925335,1.0,1.0,84.0,none,0.0,15.072040798418103,6.443031653701024,32.0,32.0,5331.0,131.37682443354262,0.036778294430858616,nonsingular_isothermal,1.0,0.01,2.0,0.3,1.0,0.0,strict_pass,1.0,none,none,,,0.9994851994851995,1.0,0.9994851994851995,0.9961389961389961,0.9978835978835979,0.9976190476190476,0.0038610038610038533,0.002116402116402072,0.0023809523809523725,0.0,0.0,3883.0,3885.0,1.0,inverse_phase_volume,geometric_mean,3883.0,3883.0,3883.0,0.0,420.0,0.0,0.0,1.4212510189268639e+35,7.313504558371246e+52,5.145821857628931e+17,5.031697008740571e-12,2589221.644854315,3.8621645311337025e-07,198740106620.66852,5.145821857628893e+17,0.0
7.652150320663956,267.62842029855915,0.0,4.905241297652682,inf,-1000000.0,physics_exception_no_bh_halo_down,5.0,inf,inf,inf,inf,0.0,0.0,0.0,exception,3.0,inf,inf,0.0,0.0,0.0,0.0,0.0,nonsingular_isothermal,1.0,0.01,2.0,0.3,1.0,0.0,strict_pass,1.0,none,none,,,1.0,1.0,1.0,1.0,1.0,1.0,0.0,0.0,0.0,0.0,0.0,3885.0,3885.0,1.0,inverse_phase_volume,geometric_mean,3885.0,3885.0,3885.0,0.0,420.0,0.0,0.0,1.3933677508836868e+35,6.4275534984919605e+50,4612962726039516.0,9.9710925973161e-11,459962.7848930783,2.1740889325045226e-06,10028991208.73843,4612962726039528.0,0.0
15.304300641327911,500.0,0.0,4.905241297652682,40.88739619429387,-40.88739619429387,pass_no_bh_halo_scale_up,5.0,40.88739619429387,0.29279011839846447,1.18937220341846,1.8991311035305536,1.0,1.0,24.0,none,0.0,17.586411307275345,23.30098488701854,32.0,32.0,7028.0,276.18187405895594,0.01370849445817289,nonsingular_isothermal,1.0,0.01,2.0,0.3,1.0,0.0,strict_pass,1.0,none,none,,,1.0,1.0,1.0,1.0,1.0,1.0,0.0,0.0,0.0,0.0,0.0,3885.0,3885.0,1.0,inverse_phase_volume,geometric_mean,3885.0,3885.0,3885.0,0.0,420.0,0.0,0.0,7.627059684358744e+34,3.167329583878405e+51,4.1527531118890184e+16,5.0340209797574037e-11,2090504.6289002283,4.783534014589001e-07,19864835764.91156,4.152753111889043e+16,0.0
15.304300641327911,133.81421014927957,0.0,4.905241297652682,18.75711317976587,-18.75711317976587,pass_no_bh_halo_scale_down,5.0,18.75711317976587,0.08960249680844257,0.7917063451314517,1.9954664880849469,1.0,1.0,129.0,none,0.0,12.6943078362502,6.062805343515667,32.0,32.0,6476.0,110.0918778831853,0.03905537297236386,nonsingular_isothermal,1.0,0.01,2.0,0.3,1.0,0.0,strict_pass,1.0,none,none,,,0.9979407979407979,1.0,0.9979407979407979,0.9845559845559846,0.9915343915343915,0.9976190476190476,0.015444015444015413,0.00846560846560851,0.0023809523809523725,0.0,0.0,3877.0,3885.0,1.0,inverse_phase_volume,geometric_mean,3877.0,3877.0,3877.0,0.0,420.0,0.0,0.0,1.3570719316550102e+34,2.1856719358805547e+52,1.6105792809486743e+18,2.194402370637118e-13,353425.8992212809,2.8294474236419707e-06,4557049397051.382,1.6105792809486804e+18,0.0
15.304300641327911,267.62842029855915,0.0,5.0,21.647526179014474,-21.647526179014474,pass_no_bh_ml_up,5.0,21.647526179014474,0.05889466641369978,0.9330653460148373,1.9963806344150612,1.0,1.0,101.0,none,0.0,13.23959500790385,8.407931171110615,32.0,32.0,4277.0,95.09947000111097,0.04704026120355973,nonsingular_isothermal,1.0,0.01,2.0,0.3,1.0,0.0,strict_pass,1.0,none,none,,,0.9984555984555985,1.0,0.9984555984555985,0.9884169884169884,0.9936507936507937,0.9976190476190476,0.01158301158301156,0.006349206349206327,0.0023809523809523725,0.0,0.0,3879.0,3885.0,1.0,inverse_phase_volume,geometric_mean,3879.0,3879.0,3879.0,0.0,420.0,0.0,0.0,3.600887273818664e+34,1.0302364368119245e+52,2.8610627283518954e+17,3.995011098697481e-12,1142997.735383545,8.748923720871935e-07,250312195709.80325,2.8610627283518784e+17,0.0
15.304300641327911,267.62842029855915,0.0,2.452620648826341,21.739366045219256,-21.739366045219256,pass_no_bh_ml_down,5.0,21.739366045219256,0.06942274472747201,0.9386578943157459,1.998598965829683,1.0,1.0,93.0,none,0.0,13.33480578994063,8.404560255278623,32.0,32.0,4206.0,94.31902792074871,0.04530081763157166,nonsingular_isothermal,1.0,0.01,2.0,0.3,1.0,0.0,strict_pass,1.0,none,none,,,1.0,1.0,1.0,1.0,1.0,1.0,0.0,0.0,0.0,0.0,0.0,3885.0,3885.0,1.0,inverse_phase_volume,geometric_mean,3885.0,3885.0,3885.0,0.0,420.0,0.0,0.0,1.3206845323156063e+34,1.0275967977987777e+52,7.78078922448689e+17,2.6254293119636857e-12,2042791.2100178914,4.895262888815943e-07,380890087363.2936,7.780789224486829e+17,0.0
13.551629497470048,4.50760539329497,82265.21652694757,0.8400170235881779,22.748959031167914,-22.748959031167914,pass_full,6.0,22.748959031167914,0.11216924470916112,1.0305504754206183,1.995084076008529,1.0,1.0,88.0,none,0.0,12.229691250732333,10.519267780435575,32.0,32.0,7722.0,129.7954503764278,0.045191083797921035,nonsingular_isothermal,1.0,0.01,2.0,0.3,1.0,0.0,strict_pass,1.0,none,none,,,0.9997425997425997,1.0,0.9997425997425997,0.9980694980694981,0.9989417989417989,0.9976190476190476,0.0019305019305019266,0.0010582010582010914,0.0023809523809523725,0.0,0.0,3884.0,3885.0,1.0,inverse_phase_volume,geometric_mean,3884.0,3884.0,3884.0,0.0,420.0,0.0,0.0,7.221961071450542e+43,2.1232813916016417e+52,294003439.0375324,1.9787538111727814e-06,581.7604254934197,0.0017189206349879347,505368.57811902993,294003439.0375313,0.0
21.906463973562662,19.787971165644112,1075053.021067079,4.172633458415789,26.372110206071234,-26.372110206071234,pass_full,7.0,26.372110206071234,0.02034291157361423,1.0427044205658238,1.9995453054052297,1.0,1.0,127.0,none,0.0,15.09259736908578,11.279512836985461,32.0,32.0,7575.0,114.3303658414064,0.05720908924858685,nonsingular_isothermal,1.0,0.01,2.0,0.3,1.0,0.0,strict_pass,1.0,none,none,,,0.9984555984555985,1.0,0.9984555984555985,0.9884169884169884,0.9957671957671957,0.9976190476190476,0.01158301158301156,0.004232804232804255,0.0023809523809523725,0.0,0.0,3879.0,3885.0,1.0,inverse_phase_volume,geometric_mean,3879.0,3879.0,3879.0,0.0,420.0,0.0,0.0,1.7475167832211025e+41,1.3832037407488571e+53,791525296941.2249,7.298868009428412e-10,577.7238668497664,0.0017309307393735284,1370075467.4673338,791525296941.2294,0.0
24.49926175379099,219.09667054020719,34027.648193350586,4.064877351752146,21.147075125098503,-21.147075125098503,pass_full,8.0,21.147075125098503,0.030397258343523248,0.8425973080646751,1.9996917277934272,1.0,1.0,233.0,none,0.0,15.005320443812915,6.141754681285583,32.0,32.0,5172.0,71.86804819215678,0.04408378899416822,nonsingular_isothermal,1.0,0.01,2.0,0.3,1.0,0.0,strict_pass,1.0,none,none,,,0.9976833976833976,1.0,0.9976833976833976,0.9826254826254827,0.9936507936507937,0.9952380952380953,0.01737451737451734,0.006349206349206327,0.004761904761904745,0.0,0.0,3876.0,3885.0,1.0,inverse_phase_volume,geometric_mean,3876.0,3876.0,3876.0,0.0,420.0,0.0,0.0,1.2680691436035393e+39,9.255124176936805e+52,72985958404728.84,7.082147775599675e-10,51689.734296605806,1.9346201206255085e-05,1412001036.529241,72985958404728.45,0.0
18.68078541842375,304.0490742108145,2460263.3562039244,3.093423297240227,17.248331666419006,-17.248331666419006,pass_full,9.0,17.248331666419006,0.28954385622937906,0.7523583529092536,1.3154900289868903,1.0,1.0,54.0,none,0.0,10.581404471066682,6.666927195352314,32.0,32.0,7614.0,241.72214322622833,0.02928453228651631,nonsingular_isothermal,1.0,0.01,2.0,0.3,1.0,0.0,strict_pass,1.0,none,none,,,0.9837837837837838,1.0,0.9837837837837838,0.9575289575289575,0.9333333333333333,0.9404761904761905,0.0424710424710425,0.06666666666666665,0.059523809523809534,0.0,0.0,3822.0,3885.0,1.0,inverse_phase_volume,geometric_mean,3822.0,3822.0,3822.0,0.0,420.0,0.0,0.0,1.1751885057095892e+45,2.8252376591054717e+52,24040718.960228156,3.456167425225232e-05,830.8874974933515,0.0012035323711294642,28933.783493860454,24040718.960228153,0.0
0.8879614337541419,31.57437244782867,49840.35791430504,2.7589842413478003,inf,-1000000.0,physics_exception_full,10.0,inf,inf,inf,inf,0.0,0.0,0.0,exception,3.0,inf,inf,0.0,0.0,0.0,0.0,0.0,nonsingular_isothermal,1.0,0.01,2.0,0.3,1.0,0.0,severe_coverage_warn,0.0,multiple,multiple,1;2;3;4;5,shell_band coverage gap 0.164 exceeds 0.1 | Lfrac minimum coverage 0.715 is below 0.8 | Lfrac coverage gap 0.285 exceeds 0.1 | third_integral minimum coverage 0.762 is below 0.8 | third_integral coverage gap 0.238 exceeds 0.1 | 10 planned shell-band/Lfrac/third-integral cells have no successful orbit,0.922007722007722,1.0,0.922007722007722,0.8357588357588358,0.7153439153439154,0.7619047619047619,0.1642411642411642,0.2846560846560846,0.23809523809523814,10.0,0.0,3582.0,3885.0,1.0,inverse_phase_volume,geometric_mean,3582.0,3582.0,3582.0,0.0,420.0,0.0,0.0,7.959526840148228e+39,6.86347487129348e+48,862296843.6608304,5.029969272376565e-07,433.7326627281279,0.0023055676593736717,1988083.7155244069,862296843.660831,0.0
13.551629497470048,4.50760539329497,0.0,0.8400170235881779,24.061876574240916,-24.061876574240916,pass_no_bh,6.0,24.061876574240916,0.12084593622972406,1.087869425044875,1.9952383964433098,1.0,1.0,83.0,none,0.0,12.457086934312501,11.604789639928404,32.0,32.0,7740.0,127.93715046742784,0.05525951501836656,nonsingular_isothermal,1.0,0.01,2.0,0.3,1.0,0.0,strict_pass,1.0,none,none,,,1.0,1.0,1.0,1.0,1.0,1.0,0.0,0.0,0.0,0.0,0.0,3885.0,3885.0,1.0,inverse_phase_volume,geometric_mean,3885.0,3885.0,3885.0,0.0,420.0,0.0,0.0,3.3872743492492484e+42,1.3350526121036812e+52,3941377268.1258626,1.1927081771998145e-07,470.0912897123203,0.0021272463921038947,8384280.573541082,3941377268.12588,0.0
21.906463973562662,19.787971165644112,0.0,4.172633458415789,24.563967401080912,-24.563967401080912,pass_no_bh,7.0,24.563967401080912,0.28723032762614764,0.9808494547536981,1.9913891654341809,1.0,1.0,78.0,none,0.0,14.224655394548549,10.339312006532355,32.0,32.0,7720.0,110.16823327287514,0.062066650200060414,nonsingular_isothermal,1.0,0.01,2.0,0.3,1.0,0.0,strict_pass,1.0,none,none,,,0.9981981981981982,1.0,0.9981981981981982,0.9864864864864865,0.9925925925925926,0.9976190476190476,0.013513513513513487,0.007407407407407418,0.0023809523809523725,0.0,0.0,3878.0,3885.0,1.0,inverse_phase_volume,geometric_mean,3878.0,3878.0,3878.0,0.0,420.0,0.0,0.0,1.3023939320384742e+40,1.211023890936826e+53,9298445433029.328,2.40541117877664e-10,2236.658458985314,0.00044709553038046833,4157293392.594054,9298445433029.246,0.0
24.49926175379099,219.09667054020719,0.0,4.064877351752146,21.300146625975113,-21.300146625975113,pass_no_bh,8.0,21.300146625975113,0.2393209405557677,0.8638302741422701,1.9904013653000356,1.0,1.0,78.0,none,0.0,14.591429616720648,6.708717009254454,32.0,32.0,5442.0,124.39961187490707,0.039616057855824095,nonsingular_isothermal,1.0,0.01,2.0,0.3,1.0,0.0,strict_pass,1.0,none,none,,,1.0,1.0,1.0,1.0,1.0,1.0,0.0,0.0,0.0,0.0,0.0,3885.0,3885.0,1.0,inverse_phase_volume,geometric_mean,3885.0,3885.0,3885.0,0.0,420.0,0.0,0.0,4.266769723246704e+34,1.0307967355055126e+53,2.415871496156466e+18,9.77408531416575e-13,2361293.411149446,4.2349671382567124e-07,1023113639647.3671,2.4158714961564564e+18,0.0
18.68078541842375,304.0490742108145,0.0,3.093423297240227,20.875976140596908,-20.875976140596908,pass_no_bh,9.0,20.875976140596908,0.2381049261052084,0.9512585129290513,1.9847515874884134,1.0,1.0,69.0,none,0.0,13.792856844961614,7.0831192956352815,32.0,32.0,4980.0,135.75121088851384,0.0406698759886046,nonsingular_isothermal,1.0,0.01,2.0,0.3,1.0,0.0,strict_pass,1.0,none,none,,,1.0,1.0,1.0,1.0,1.0,1.0,0.0,0.0,0.0,0.0,0.0,3885.0,3885.0,1.0,inverse_phase_volume,geometric_mean,3885.0,3885.0,3885.0,0.0,420.0,0.0,0.0,3.518265166305354e+33,1.7808257539189508e+52,5.06165871456771e+18,5.314345419133738e-13,2689940.28029813,3.7175546510243286e-07,1881699289623.9036,5.061658714567716e+18,0.0
0.0,4.50760539329497,82265.21652694757,0.8400170235881779,5.603153231224516e+25,-1000000.0,solver_failed_no_halo,6.0,5.603153231224516e+25,455266533376.0,11342559123835.117,16040800944946.312,0.0,0.0,388.0,stationary_constraints_unsatisfied,2.0,1.7710434619934132e+24,5.426048885025174e+25,32.0,32.0,2.0,1.0314882538928891,0.9844961240294069,none,1.0,0.01,2.0,0.3,1.0,0.0,severe_coverage_warn,0.0,multiple,multiple,1;2;3;4;5;6;7;8,Lfrac minimum coverage 0.637 is below 0.8 | Lfrac coverage gap 0.363 exceeds 0.1 | third_integral minimum coverage 0.75 is below 0.8 | third_integral coverage gap 0.25 exceeds 0.1 | 25 planned shell-band/Lfrac/third-integral cells have no successful orbit,0.9117117117117117,1.0,0.9117117117117117,0.8898128898128899,0.6370370370370371,0.75,0.029106029106029108,0.36296296296296293,0.25,25.0,0.0,3542.0,3885.0,1.0,inverse_phase_volume,geometric_mean,3542.0,3542.0,3542.0,0.0,420.0,0.0,0.0,1.366086538127893e+42,1.870294467911583e+49,13690893.04162725,0.0002650654008262062,3628.9820517476815,0.0002755593678173222,3772.653831405419,13690893.04162739,0.0
0.0,19.787971165644112,1075053.021067079,4.172633458415789,3.22039169383202e+26,-1000000.0,solver_failed_no_halo,7.0,3.22039169383202e+26,4604204941312.0,62019972132685.336,87709485728029.22,0.0,0.0,336.0,stationary_constraints_unsatisfied,2.0,9.944744179533296e+24,3.120944252036687e+26,32.0,32.0,2.0,1.2800000000008114,0.8749999999997221,none,1.0,0.01,2.0,0.3,1.0,0.0,severe_coverage_warn,0.0,multiple,multiple,1;2;3;4;5;6;7;8,Lfrac minimum coverage 0.663 is below 0.8 | Lfrac coverage gap 0.337 exceeds 0.1 | third_integral minimum coverage 0.75 is below 0.8 | third_integral coverage gap 0.25 exceeds 0.1 | 24 planned shell-band/Lfrac/third-integral cells have no successful orbit,0.9181467181467181,1.0,0.9181467181467181,0.9147609147609148,0.6634920634920635,0.75,0.004158004158004158,0.33650793650793653,0.25,24.0,0.0,3567.0,3885.0,1.0,inverse_phase_volume,geometric_mean,3567.0,3567.0,3567.0,0.0,420.0,0.0,0.0,1.3079532794637936e+44,3.199736828762958e+51,24463693.612012785,0.0001676905963540605,4102.331370821462,0.00024376382832276108,5963.363609779338,24463693.612012893,0.0
0.0,219.09667054020719,34027.648193350586,4.064877351752146,inf,-1000000.0,physics_exception_no_halo,8.0,inf,inf,inf,inf,0.0,0.0,0.0,exception,3.0,inf,inf,0.0,0.0,0.0,0.0,0.0,none,1.0,0.01,2.0,0.3,1.0,0.0,severe_coverage_warn,0.0,multiple,multiple,1;2;3;4;5;6;7;8,total orbit coverage 0.77 is below 0.85 | shell_band minimum coverage 0.663 is below 0.8 | shell_band coverage gap 0.236 exceeds 0.1 | Lfrac minimum coverage 0.443 is below 0.8 | Lfrac coverage gap 0.557 exceeds 0.1 | third_integral minimum coverage 0.571 is below 0.8 | third_integral coverage gap 0.429 exceeds 0.1 | 40 planned shell-band/Lfrac/third-integral cells have no successful orbit,0.7701415701415701,1.0,0.7701415701415701,0.6632016632016632,0.4433862433862434,0.5714285714285714,0.2364122364122364,0.5566137566137566,0.4285714285714286,40.0,0.0,2992.0,3885.0,1.0,inverse_phase_volume,geometric_mean,2992.0,2992.0,2992.0,0.0,420.0,0.0,0.0,4.1265458670869424e+41,3.209281333368588e+48,7777161.424438789,0.0001811924504450397,1409.1629360006928,0.0007096411454292666,5518.9937414270225,7777161.424438751,0.0
0.0,304.0490742108145,2460263.3562039244,3.093423297240227,4.274683110641862e+25,-1000000.0,solver_failed_no_halo,9.0,4.274683110641862e+25,798863917056.0,15932958024424.84,22532605326862.844,0.0,0.0,332.0,stationary_constraints_unsatisfied,2.0,2.65393414764148e+24,4.009289695877714e+25,32.0,32.0,1.0,1.000000000001731,0.9999999999991345,none,1.0,0.01,2.0,0.3,1.0,0.0,severe_coverage_warn,0.0,multiple,multiple,1;2;3;4;5;6;7;8,Lfrac minimum coverage 0.663 is below 0.8 | Lfrac coverage gap 0.337 exceeds 0.1 | third_integral minimum coverage 0.75 is below 0.8 | third_integral coverage gap 0.25 exceeds 0.1 | 24 planned shell-band/Lfrac/third-integral cells have no successful orbit,0.9181467181467181,1.0,0.9181467181467181,0.9168399168399168,0.6634920634920635,0.75,0.0020790020790021346,0.33650793650793653,0.25,24.0,0.0,3567.0,3885.0,1.0,inverse_phase_volume,geometric_mean,3567.0,3567.0,3567.0,0.0,420.0,0.0,0.0,5.89552674744147e+44,1.670244582305737e+52,28330709.94089861,0.0001515226884413525,4292.745335697125,0.00023295115871056068,6599.671707825157,28330709.94089872,0.0
25.0,4.50760539329497,0.0,0.8400170235881779,29.50974748468269,-29.50974748468269,pass_no_bh_halo_up,6.0,29.50974748468269,0.20656165580459884,1.0880243096076678,1.994600402304059,1.0,1.0,75.0,none,0.0,15.581277285192272,13.928470199490416,32.0,32.0,7750.0,137.32470123399978,0.054125920047410916,nonsingular_isothermal,1.0,0.01,2.0,0.3,1.0,0.0,strict_pass,1.0,none,none,,,1.0,1.0,1.0,1.0,1.0,1.0,0.0,0.0,0.0,0.0,0.0,3885.0,3885.0,1.0,inverse_phase_volume,geometric_mean,3885.0,3885.0,3885.0,0.0,420.0,0.0,0.0,3.9240406084753837e+43,1.5460120272784317e+53,3939847166.564128,1.1886763857134036e-07,468.32032902145994,0.0021352906077971618,8412718.650920566,3939847166.564092,0.0
6.775814748735024,4.50760539329497,0.0,0.8400170235881779,51.134500837688094,-51.134500837688094,pass_no_bh_halo_down,6.0,51.134500837688094,0.06326829860354621,1.0832116754907777,1.9978937394812364,1.0,1.0,113.0,none,0.0,11.0290443168032,40.10545652088489,32.0,32.0,6530.0,77.17816704682174,0.053932433488313364,nonsingular_isothermal,1.0,0.01,2.0,0.3,1.0,0.0,strict_pass,1.0,none,none,,,1.0,1.0,1.0,1.0,1.0,1.0,0.0,0.0,0.0,0.0,0.0,3885.0,3885.0,1.0,inverse_phase_volume,geometric_mean,3885.0,3885.0,3885.0,0.0,420.0,0.0,0.0,2.115200284786917e+41,8.352222447573868e+50,3948667418.2323413,1.1923192775158334e-07,470.8072283257089,0.0021240115695678966,8387015.280701276,3948667418.232335,0.0
13.551629497470048,9.01521078658994,0.0,0.8400170235881779,21.76215012346567,-21.76215012346567,pass_no_bh_halo_scale_up,6.0,21.76215012346567,0.10022992995066105,1.024643335253163,1.9994838178585874,1.0,1.0,86.0,none,0.0,12.110026432522565,9.652123690943109,32.0,32.0,7683.0,109.03509432353732,0.059114853636040916,nonsingular_isothermal,1.0,0.01,2.0,0.3,1.0,0.0,strict_pass,1.0,none,none,,,0.9979407979407979,1.0,0.9979407979407979,0.9845559845559846,0.9915343915343915,0.9976190476190476,0.015444015444015413,0.00846560846560851,0.0023809523809523725,0.0,0.0,3877.0,3885.0,1.0,inverse_phase_volume,geometric_mean,3877.0,3877.0,3877.0,0.0,420.0,0.0,0.0,1.0885628815868583e+40,1.5408657995884099e+52,1415504630602.6938,5.435249083670724e-10,769.3620246415002,0.0012997782161992858,1839842083.7866085,1415504630602.7017,0.0
13.551629497470048,2.253802696647485,0.0,0.8400170235881779,22.486863402262617,-22.486863402262617,pass_no_bh_halo_scale_down,6.0,22.486863402262617,0.18914397900520896,1.0217805314641055,1.9981299426693782,1.0,1.0,77.0,none,0.0,11.989828775045082,10.497034627217534,32.0,32.0,7710.0,121.02210858873423,0.05272846765779496,nonsingular_isothermal,1.0,0.01,2.0,0.3,1.0,0.0,strict_pass,1.0,none,none,,,0.9979407979407979,1.0,0.9979407979407979,0.9845559845559846,0.9915343915343915,0.9976190476190476,0.015444015444015413,0.00846560846560851,0.0023809523809523725,0.0,0.0,3877.0,3885.0,1.0,inverse_phase_volume,geometric_mean,3877.0,3877.0,3877.0,0.0,420.0,0.0,0.0,3.3068945578465167e+42,1.6302978841824555e+52,4929996574.321142,1.0122244432305708e-07,499.0263037570848,0.0020039023844458073,9879231.890591815,4929996574.321151,0.0
13.551629497470048,4.50760539329497,0.0,1.6800340471763557,24.068547581232856,-24.068547581232856,pass_no_bh_ml_up,6.0,24.068547581232856,0.12521481801390166,1.0884761320132064,1.9987918633736592,1.0,1.0,80.0,none,0.0,12.485451898526902,11.583095682705956,32.0,32.0,7737.0,127.24140951707797,0.05436637310056178,nonsingular_isothermal,1.0,0.01,2.0,0.3,1.0,0.0,strict_pass,1.0,none,none,,,1.0,1.0,1.0,1.0,1.0,1.0,0.0,0.0,0.0,0.0,0.0,3885.0,3885.0,1.0,inverse_phase_volume,geometric_mean,3885.0,3885.0,3885.0,0.0,420.0,0.0,0.0,3.386289570669631e+42,1.3354305310395803e+52,3943639500.3145046,1.1930116249973604e-07,470.48077686739595,0.002125485352788065,8382147.994594877,3943639500.3144827,0.0
13.551629497470048,4.50760539329497,0.0,0.42000851179408893,24.166196475456612,-24.166196475456612,pass_no_bh_ml_down,6.0,24.166196475456612,0.12410637596896379,1.090262971662612,1.9992544298828923,1.0,1.0,82.0,none,0.0,12.503702203381447,11.662494272075163,32.0,32.0,7740.0,128.99026895643786,0.05493069419241238,nonsingular_isothermal,1.0,0.01,2.0,0.3,1.0,0.0,strict_pass,1.0,none,none,,,1.0,1.0,1.0,1.0,1.0,1.0,0.0,0.0,0.0,0.0,0.0,3885.0,3885.0,1.0,inverse_phase_volume,geometric_mean,3885.0,3885.0,3885.0,0.0,420.0,0.0,0.0,3.3877667815270007e+42,1.3348940175802067e+52,3940336226.387216,1.1885755435184262e-07,468.33872719235177,0.0021352067252582534,8413432.41036069,3940336226.387206,0.0
25.0,19.787971165644112,0.0,4.172633458415789,24.573758165433947,-24.573758165433947,pass_no_bh_halo_up,7.0,24.573758165433947,0.28314604128980747,0.9509685003054322,1.9309136396505842,1.0,1.0,81.0,none,0.0,13.885496965183767,10.688261200250185,32.0,32.0,7720.0,102.07285248806988,0.06460816538779822,nonsingular_isothermal,1.0,0.01,2.0,0.3,1.0,0.0,strict_pass,1.0,none,none,,,1.0,1.0,1.0,1.0,1.0,1.0,0.0,0.0,0.0,0.0,0.0,3885.0,3885.0,1.0,inverse_phase_volume,geometric_mean,3885.0,3885.0,3885.0,0.0,420.0,0.0,0.0,1.9531153836536797e+40,2.0540901152667836e+53,10516993171310.807,2.1513220930940925e-10,2262.5439762360484,0.00044198035949939533,4648304422.708604,10516993171310.734,0.0
10.953231986781331,19.787971165644112,0.0,4.172633458415789,24.1470480794981,-24.1470480794981,pass_no_bh_halo_down,7.0,24.1470480794981,0.10341889279865768,0.9826509823175976,1.9996554791345422,1.0,1.0,103.0,none,0.0,11.418138071712619,12.728910007785476,32.0,32.0,7542.0,84.87148677119157,0.057537136520098044,nonsingular_isothermal,1.0,0.01,2.0,0.3,1.0,0.0,strict_pass,1.0,none,none,,,1.0,1.0,1.0,1.0,1.0,1.0,0.0,0.0,0.0,0.0,0.0,3885.0,3885.0,1.0,inverse_phase_volume,geometric_mean,3885.0,3885.0,3885.0,0.0,420.0,0.0,0.0,1.3216851363042973e+39,7.446189361921695e+51,5633860257173.48,3.884999373998365e-10,2188.754357231305,0.000456880872308103,2574002988.7593513,5633860257173.433,0.0
21.906463973562662,39.575942331288225,0.0,4.172633458415789,25.291880741884793,-25.291880741884793,pass_no_bh_halo_scale_up,7.0,25.291880741884793,0.08136520885501852,0.9841445645852991,1.9969552995359587,1.0,1.0,132.0,none,0.0,14.09940405103453,11.192476690850256,32.0,32.0,7390.0,98.14747855160539,0.06690658906979766,nonsingular_isothermal,1.0,0.01,2.0,0.3,1.0,0.0,strict_pass,1.0,none,none,,,1.0,1.0,1.0,1.0,1.0,1.0,0.0,0.0,0.0,0.0,0.0,3885.0,3885.0,1.0,inverse_phase_volume,geometric_mean,3885.0,3885.0,3885.0,0.0,420.0,0.0,0.0,3.357551806868915e+36,1.1255480362221434e+53,3.352287919785736e+16,2.832924647970071e-13,9496.779075053442,0.00010529885891805613,3529920927182.263,3.3522879197857764e+16,0.0
21.906463973562662,9.893985582822056,0.0,4.172633458415789,24.688278333846007,-24.688278333846007,pass_no_bh_halo_scale_down,7.0,24.688278333846007,0.21919101619142367,1.015763573134692,1.9951124149890131,1.0,1.0,77.0,none,0.0,14.332119803317498,10.356158530528493,32.0,32.0,7732.0,131.13129032630624,0.0521989972668638,nonsingular_isothermal,1.0,0.01,2.0,0.3,1.0,0.0,strict_pass,1.0,none,none,,,0.9979407979407979,1.0,0.9979407979407979,0.9845559845559846,0.9915343915343915,0.9976190476190476,0.015444015444015413,0.00846560846560851,0.0023809523809523725,0.0,0.0,3877.0,3885.0,1.0,inverse_phase_volume,geometric_mean,3877.0,3877.0,3877.0,0.0,420.0,0.0,0.0,7.548737036391519e+42,1.0655666431738171e+53,14115826767.270517,5.99889049428557e-08,846.7929901316089,0.0011809261669071913,16669749.196998699,14115826767.270515,0.0
21.906463973562662,19.787971165644112,0.0,5.0,24.694454800974615,-24.694454800974615,pass_no_bh_ml_up,7.0,24.694454800974615,0.2850545346362594,0.9838639371940512,1.9967647363748822,1.0,1.0,78.0,none,0.0,14.290460580574358,10.403994220400262,32.0,32.0,7734.0,110.62582359166517,0.06188748092921326,nonsingular_isothermal,1.0,0.01,2.0,0.3,1.0,0.0,strict_pass,1.0,none,none,,,1.0,1.0,1.0,1.0,1.0,1.0,0.0,0.0,0.0,0.0,0.0,3885.0,3885.0,1.0,inverse_phase_volume,geometric_mean,3885.0,3885.0,3885.0,0.0,420.0,0.0,0.0,1.4315340725281777e+40,1.211036036063033e+53,8459708080327.2,2.6679957889755295e-10,2257.0465534275313,0.0004430568782382484,3748131852.8766685,8459708080327.231,0.0
21.906463973562662,19.787971165644112,0.0,2.0863167292078946,24.672440172906533,-24.672440172906533,pass_no_bh_ml_down,7.0,24.672440172906533,0.2927330962447172,0.9828929755539787,1.996390942467115,1.0,1.0,77.0,none,0.0,14.281767267452397,10.390672905454137,32.0,32.0,7725.0,111.08109688735581,0.06172516865996487,nonsingular_isothermal,1.0,0.01,2.0,0.3,1.0,0.0,strict_pass,1.0,none,none,,,0.998970398970399,1.0,0.998970398970399,0.9922779922779923,0.9957671957671957,0.9976190476190476,0.007722007722007707,0.004232804232804255,0.0023809523809523725,0.0,0.0,3881.0,3885.0,1.0,inverse_phase_volume,geometric_mean,3881.0,3881.0,3881.0,0.0,420.0,0.0,0.0,7.661454472955068e+39,1.211001707337366e+53,15806420459877.45,1.4273282485582087e-10,2256.095043097148,0.0004432437379177114,7006096887.73506,15806420459877.424,0.0
25.0,219.09667054020719,0.0,4.064877351752146,21.46937465462516,-21.46937465462516,pass_no_bh_halo_up,8.0,21.46937465462516,0.24295962026030082,0.8641966646275616,1.9901749822449042,1.0,1.0,78.0,none,0.0,14.646386041692256,6.822988612932889,32.0,32.0,5515.0,124.88116603269617,0.039157520772291315,nonsingular_isothermal,1.0,0.01,2.0,0.3,1.0,0.0,strict_pass,1.0,none,none,,,0.9987129987129987,1.0,0.9987129987129987,0.9903474903474904,0.9947089947089947,0.9976190476190476,0.009652509652509633,0.005291005291005346,0.0023809523809523725,0.0,0.0,3880.0,3885.0,1.0,inverse_phase_volume,geometric_mean,3880.0,3880.0,3880.0,0.0,420.0,0.0,0.0,3.15059695951938e+34,1.1176822480412933e+53,3.547525317906085e+18,6.850922753222281e-13,2430382.1918074754,4.1145791940497225e-07,1459657386342.0916,3.5475253179060634e+18,0.0
12.249630876895495,219.09667054020719,0.0,4.064877351752146,25.20432836222212,-25.20432836222212,pass_no_bh_halo_down,8.0,25.20432836222212,0.04350830765811864,0.8665566439375123,1.999291247579718,1.0,1.0,115.0,none,0.0,13.150463081978318,12.053865280243802,32.0,32.0,3458.0,85.76599309872715,0.04090348968752875,nonsingular_isothermal,1.0,0.01,2.0,0.3,1.0,0.0,strict_pass,1.0,none,none,,,0.9987129987129987,1.0,0.9987129987129987,0.9903474903474904,0.9947089947089947,0.9976190476190476,0.009652509652509633,0.005291005291005346,0.0023809523809523725,0.0,0.0,3880.0,3885.0,1.0,inverse_phase_volume,geometric_mean,3880.0,3880.0,3880.0,0.0,420.0,0.0,0.0,8.813013501352084e+34,6.42620927041198e+51,7.291727477129222e+16,1.1353634194361388e-11,827876.0642029907,1.2079102697125514e-06,88077525035.69606,7.291727477129243e+16,0.0
24.49926175379099,438.19334108041437,0.0,4.064877351752146,22.575174737736145,-22.575174737736145,pass_no_bh_halo_scale_up,8.0,22.575174737736145,0.29812524225003756,1.0426471033651077,1.7724449205085435,1.0,1.0,47.0,none,0.0,15.436040955969233,7.139133781766908,32.0,32.0,6888.0,182.17502506959772,0.03739039929615207,nonsingular_isothermal,1.0,0.01,2.0,0.3,1.0,0.0,strict_pass,1.0,none,none,,,0.9992277992277993,1.0,0.9992277992277993,0.9942084942084942,0.9968253968253968,0.9976190476190476,0.00579150579150578,0.0031746031746031633,0.0023809523809523725,0.0,0.0,3882.0,3885.0,1.0,inverse_phase_volume,geometric_mean,3882.0,3882.0,3882.0,0.0,420.0,0.0,0.0,2.389421023401241e+34,2.742020697037625e+52,1.14756699224755e+18,4.614114038656713e-12,5295004.9692285145,1.8885723541553175e-07,216726329609.99066,1.1475669922475575e+18,0.0
24.49926175379099,109.54833527010359,0.0,4.064877351752146,21.814045194176042,-21.814045194176042,pass_no_bh_halo_scale_down,8.0,21.814045194176042,0.07352526588153552,0.7915921412555802,1.997371319481237,1.0,1.0,111.0,none,0.0,14.113465483558693,7.70057971061735,32.0,32.0,6585.0,103.792431750304,0.058771917518196215,nonsingular_isothermal,1.0,0.01,2.0,0.3,1.0,0.0,strict_pass,1.0,none,none,,,1.0,1.0,1.0,1.0,1.0,1.0,0.0,0.0,0.0,0.0,0.0,3885.0,3885.0,1.0,inverse_phase_volume,geometric_mean,3885.0,3885.0,3885.0,0.0,420.0,0.0,0.0,1.993680104692977e+35,1.329149629585565e+53,6.666814934135342e+17,4.14436327962358e-13,276297.03005076596,3.6192933373777603e-06,2412915887264.6587,6.66681493413534e+17,0.0
24.49926175379099,219.09667054020719,0.0,5.0,21.27287842997259,-21.27287842997259,pass_no_bh_ml_up,8.0,21.27287842997259,0.24256984247682212,0.8612898976036579,1.9889716815866119,1.0,1.0,78.0,none,0.0,14.546319371209629,6.726559058762949,32.0,32.0,5524.0,124.33634536941292,0.039503421410720024,nonsingular_isothermal,1.0,0.01,2.0,0.3,1.0,0.0,strict_pass,1.0,none,none,,,0.9976833976833976,1.0,0.9976833976833976,0.9826254826254827,0.9915343915343915,0.9952380952380953,0.01737451737451734,0.00846560846560851,0.004761904761904745,0.0,0.0,3876.0,3885.0,1.0,inverse_phase_volume,geometric_mean,3876.0,3876.0,3876.0,0.0,420.0,0.0,0.0,3.1755286458685505e+34,1.030834150872084e+53,3.246181237298008e+18,6.184591143784724e-13,2007630.3731313322,4.980996568807059e-07,1616921760470.7168,3.246181237297996e+18,0.0
24.49926175379099,219.09667054020719,0.0,2.032438675876073,21.287452370854535,-21.287452370854535,pass_no_bh_ml_down,8.0,21.287452370854535,0.23330558496860476,0.8645489370304239,1.989874508501376,1.0,1.0,78.0,none,0.0,14.595325127291321,6.692127243563224,32.0,32.0,5300.0,124.5614793679277,0.03962244229009409,nonsingular_isothermal,1.0,0.01,2.0,0.3,1.0,0.0,strict_pass,1.0,none,none,,,1.0,1.0,1.0,1.0,1.0,1.0,0.0,0.0,0.0,0.0,0.0,3885.0,3885.0,1.0,inverse_phase_volume,geometric_mean,3885.0,3885.0,3885.0,0.0,420.0,0.0,0.0,1.6182676690155207e+34,1.0299064490293605e+53,6.364252767009231e+18,6.214597356926013e-13,3955126.8424664773,2.528363918099741e-07,1609114706177.2637,6.364252767009254e+18,0.0
25.0,304.0490742108145,0.0,3.093423297240227,21.614499056463334,-21.614499056463334,pass_no_bh_halo_up,9.0,21.614499056463334,0.2822529787296979,0.9556771455926353,1.9905966717978465,1.0,1.0,68.0,none,0.0,15.227325345885195,6.387173710578139,32.0,32.0,5223.0,155.29499277035495,0.04093011233542712,nonsingular_isothermal,1.0,0.01,2.0,0.3,1.0,0.0,strict_pass,1.0,none,none,,,0.9963963963963964,1.0,0.9963963963963964,0.972972972972973,0.9915343915343915,0.9952380952380953,0.027027027027026973,0.00846560846560851,0.004761904761904745,0.0,0.0,3871.0,3885.0,1.0,inverse_phase_volume,geometric_mean,3871.0,3871.0,3871.0,0.0,420.0,0.0,0.0,2.0257613830478987e+33,5.863621966199629e+52,2.894527467681017e+19,1.5363362207383803e-13,4446967.39052049,2.2487234831802e-07,6508991889284.423,2.8945274676810183e+19,0.0
9.340392709211875,304.0490742108145,0.0,3.093423297240227,40.3904808062967,-40.3904808062967,pass_no_bh_halo_down,9.0,40.3904808062967,0.06986120100505389,0.943558289850155,1.9996134964487526,1.0,1.0,115.0,none,0.0,16.040857408179154,24.349623398117554,32.0,32.0,2581.0,56.11277521232844,0.07453846110589633,nonsingular_isothermal,1.0,0.01,2.0,0.3,1.0,0.0,strict_pass,1.0,none,none,,,0.9981981981981982,1.0,0.9981981981981982,0.9864864864864865,0.9925925925925926,0.9976190476190476,0.013513513513513487,0.007407407407407418,0.0023809523809523725,0.0,0.0,3878.0,3885.0,1.0,inverse_phase_volume,geometric_mean,3878.0,3878.0,3878.0,0.0,420.0,0.0,0.0,1.296407795177156e+35,1.0335323275565645e+51,7972277946811719.0,9.967133613313228e-11,794607.5949834335,1.2584828112810181e-06,10032974762.817339,7972277946811770.0,0.0
18.68078541842375,500.0,0.0,3.093423297240227,29.592918018919494,-29.592918018919494,pass_no_bh_halo_scale_up,9.0,29.592918018919494,0.2929050292270965,1.1146621713747662,1.6237600732515676,1.0,1.0,28.0,none,0.0,15.700264632396683,13.892653386522804,32.0,32.0,6710.0,253.78815191497415,0.01650597237888609,nonsingular_isothermal,1.0,0.01,2.0,0.3,1.0,0.0,strict_pass,1.0,none,none,,,0.9994851994851995,1.0,0.9994851994851995,0.9961389961389961,0.9978835978835979,0.9976190476190476,0.0038610038610038533,0.002116402116402072,0.0023809523809523725,0.0,0.0,3883.0,3885.0,1.0,inverse_phase_volume,geometric_mean,3883.0,3883.0,3883.0,0.0,420.0,0.0,0.0,1.1725256940009421e+34,7.015522002152025e+51,5.983256518851507e+17,7.655284596462896e-12,4580353.146545005,2.1832377722977704e-07,130628716333.03448,5.983256518851494e+17,0.0
18.68078541842375,152.02453710540726,0.0,3.093423297240227,19.240606366398126,-19.240606366398126,pass_no_bh_halo_scale_down,9.0,19.240606366398126,0.027034739488986048,0.8113136832173808,1.9983824513272557,1.0,1.0,175.0,none,0.0,13.52677143681759,5.713834929580541,32.0,32.0,6079.0,86.52224859599326,0.0615072287737021,nonsingular_isothermal,1.0,0.01,2.0,0.3,1.0,0.0,strict_pass,1.0,none,none,,,0.9997425997425997,1.0,0.9997425997425997,0.9980694980694981,0.9989417989417989,0.9976190476190476,0.0019305019305019266,0.0010582010582010914,0.0023809523809523725,0.0,0.0,3884.0,3885.0,1.0,inverse_phase_volume,geometric_mean,3884.0,3884.0,3884.0,0.0,420.0,0.0,0.0,1.1124902045018992e+34,4.769406153426765e+52,4.287144402823929e+18,1.9682198404348273e-13,843804.2672447148,1.1851089628466958e-06,5080733256804.666,4.287144402823914e+18,0.0
18.68078541842375,304.0490742108145,0.0,5.0,20.96449669001998,-20.96449669001998,pass_no_bh_ml_up,9.0,20.96449669001998,0.24701269089573685,0.9530164798608644,1.9935480502566827,1.0,1.0,69.0,none,0.0,13.864085952617243,7.100410737402728,32.0,32.0,4838.0,135.59424572529713,0.040747089305505586,nonsingular_isothermal,1.0,0.01,2.0,0.3,1.0,0.0,strict_pass,1.0,none,none,,,0.9976833976833976,1.0,0.9976833976833976,0.9826254826254827,0.9915343915343915,0.9952380952380953,0.01737451737451734,0.00846560846560851,0.004761904761904745,0.0,0.0,3876.0,3885.0,1.0,inverse_phase_volume,geometric_mean,3876.0,3876.0,3876.0,0.0,420.0,0.0,0.0,6.752250567240362e+33,1.7922746734922784e+52,2.654336736536096e+18,6.63329479285755e-13,1760699.8052955382,5.679559894266856e-07,1507546447470.9575,2.654336736536095e+18,0.0
18.68078541842375,304.0490742108145,0.0,1.5467116486201136,21.088514441137498,-21.088514441137498,pass_no_bh_ml_down,9.0,21.088514441137498,0.24857733205908517,0.9575618366495277,1.992748933016788,1.0,1.0,68.0,none,0.0,13.919510781911184,7.1690036592263064,32.0,32.0,4906.0,137.3589833743268,0.04027339461039936,nonsingular_isothermal,1.0,0.01,2.0,0.3,1.0,0.0,strict_pass,1.0,none,none,,,1.0,1.0,1.0,1.0,1.0,1.0,0.0,0.0,0.0,0.0,0.0,3885.0,3885.0,1.0,inverse_phase_volume,geometric_mean,3885.0,3885.0,3885.0,0.0,420.0,0.0,0.0,2.95312508502466e+33,1.827685193805207e+52,6.188986721468132e+18,8.226783459784214e-13,5091545.359299814,1.9640402460001246e-07,1215541900292.3772,6.18898672146813e+18,0.0
16.56283474479602,17.25330576657638,301281.23096419475,3.9641771259789103,21.499420080401844,-21.499420080401844,pass_full,11.0,21.499420080401844,0.15811527337901765,1.0427139939932422,1.9952621135292925,1.0,1.0,79.0,none,0.0,12.844963052790678,8.654457027611175,32.0,32.0,7676.0,111.965398794621,0.05973215591510705,nonsingular_isothermal,1.0,0.01,2.0,0.3,1.0,0.0,strict_pass,1.0,none,none,,,0.9992277992277993,1.0,0.9992277992277993,0.9942084942084942,0.9968253968253968,0.9976190476190476,0.00579150579150578,0.0031746031746031633,0.0023809523809523725,0.0,0.0,3882.0,3885.0,1.0,inverse_phase_volume,geometric_mean,3882.0,3882.0,3882.0,0.0,420.0,0.0,0.0,1.1947548362114497e+42,3.562980635240904e+52,29821855725.138256,1.8959335046442683e-08,565.4025543995704,0.0017686513656839608,52744465.85549575,29821855725.138218,0.0
3.532242688902809,183.48091582874252,23047.714208276397,1.9791982936941332,127.57109358560281,-127.57109358560281,pass_full,12.0,127.57109358560281,0.0030156866030637275,0.8134879494676668,1.9985537618344478,1.0,1.0,281.0,none,0.0,25.80073773136521,101.77035585423761,32.0,32.0,2260.0,34.57828050411856,0.09510039342401509,nonsingular_isothermal,1.0,0.01,2.0,0.3,1.0,0.0,strict_pass,1.0,none,none,,,0.9963963963963964,1.0,0.9963963963963964,0.9787644787644788,0.9851851851851852,0.9833333333333333,0.021235521235521193,0.014814814814814836,0.01666666666666672,0.0,0.0,3871.0,3885.0,1.0,inverse_phase_volume,geometric_mean,3871.0,3871.0,3871.0,0.0,420.0,0.0,0.0,4.231959472691125e+38,3.357253155178268e+49,79330938229.50468,2.44159099000483e-08,1936.9370400979094,0.000516279042270497,40956900.81154919,79330938229.50575,0.0
22.925390446955927,21.10225625517448,725.5191541517154,1.937833527223413,21.102689736386733,-21.102689736386733,pass_full,13.0,21.102689736386733,0.29542431651989176,0.886912980564611,1.813055658267031,1.0,1.0,86.0,none,0.0,12.06249871418192,9.040191022204812,32.0,32.0,7720.0,98.89830994782776,0.06100672307959321,nonsingular_isothermal,1.0,0.01,2.0,0.3,1.0,0.0,strict_pass,1.0,none,none,,,1.0,1.0,1.0,1.0,1.0,1.0,0.0,0.0,0.0,0.0,0.0,3885.0,3885.0,1.0,inverse_phase_volume,geometric_mean,3885.0,3885.0,3885.0,0.0,420.0,0.0,0.0,3.1543206579490504e+41,1.1699292674031698e+53,370897379901.7192,4.0779545332240805e-09,1512.5026517311503,0.000661155865647865,245220978.2754463,370897379901.71936,0.0
1.1289990964868712,8.056481207813157,5196.186968888793,1.1779660282282325,inf,-1000000.0,physics_exception_full,14.0,inf,inf,inf,inf,0.0,0.0,0.0,exception,3.0,inf,inf,0.0,0.0,0.0,0.0,0.0,nonsingular_isothermal,1.0,0.01,2.0,0.3,1.0,0.0,strict_pass,1.0,none,none,,,0.9969111969111969,1.0,0.9969111969111969,0.9768339768339769,0.9873015873015873,0.9880952380952381,0.02316602316602312,0.012698412698412653,0.011904761904761862,0.0,0.0,3873.0,3885.0,1.0,inverse_phase_volume,geometric_mean,3873.0,3873.0,3873.0,0.0,420.0,0.0,0.0,1.2431180154853614e+39,1.6440123774288302e+48,1322490991.9650261,3.823995073072053e-07,505.71990374564274,0.001977379163037571,2615066.130816528,1322490991.965025,0.0
23.370055002804424,36.093755868850025,730998.494774006,1.0471242974204493,26.49816228295363,-26.49816228295363,pass_full,15.0,26.49816228295363,0.23576591724654605,1.046949160199457,1.9979889184802113,1.0,1.0,81.0,none,0.0,14.561407225392598,11.936755057561037,32.0,32.0,7619.0,138.35140440431988,0.046397940001950806,nonsingular_isothermal,1.0,0.01,2.0,0.3,1.0,0.0,strict_pass,1.0,none,none,,,0.9974259974259975,1.0,0.9974259974259975,0.9806949806949807,0.9915343915343915,0.9904761904761905,0.019305019305019266,0.00846560846560851,0.00952380952380949,0.0,0.0,3875.0,3885.0,1.0,inverse_phase_volume,geometric_mean,3875.0,3875.0,3875.0,0.0,420.0,0.0,0.0,1.0568227801393549e+43,1.7622898628996312e+53,16675358404.625341,7.017519961392159e-08,1170.1966046782632,0.0008545572564491781,14250048.528563311,16675358404.625267,0.0
16.56283474479602,17.25330576657638,0.0,3.9641771259789103,21.561281044520637,-21.561281044520637,pass_no_bh,11.0,21.561281044520637,0.10041282193935785,0.9688930013525942,1.9993065218206687,1.0,1.0,89.0,none,0.0,13.02161425718235,8.539666787338282,32.0,32.0,7695.0,109.35863099804432,0.05714372978859539,nonsingular_isothermal,1.0,0.01,2.0,0.3,1.0,0.0,strict_pass,1.0,none,none,,,0.9992277992277993,1.0,0.9992277992277993,0.9942084942084942,0.9968253968253968,0.9976190476190476,0.00579150579150578,0.0031746031746031633,0.0023809523809523725,0.0,0.0,3882.0,3885.0,1.0,inverse_phase_volume,geometric_mean,3882.0,3882.0,3882.0,0.0,420.0,0.0,0.0,9.983550769849538e+39,3.7654740317219695e+52,3771678151919.4087,4.516423111697755e-10,1703.4494375214335,0.000587044134080685,2214141534.724573,3771678151919.418,0.0
22.925390446955927,21.10225625517448,0.0,1.937833527223413,21.07852805924374,-21.07852805924374,pass_no_bh,13.0,21.07852805924374,0.29190053685872996,0.8896372959229971,1.805942261698037,1.0,1.0,87.0,none,0.0,12.019706912285857,9.058821146957888,32.0,32.0,7706.0,99.42250810860372,0.06132341849045311,nonsingular_isothermal,1.0,0.01,2.0,0.3,1.0,0.0,strict_pass,1.0,none,none,,,0.9979407979407979,1.0,0.9979407979407979,0.9845559845559846,0.9915343915343915,0.9976190476190476,0.015444015444015413,0.00846560846560851,0.0023809523809523725,0.0,0.0,3877.0,3885.0,1.0,inverse_phase_volume,geometric_mean,3877.0,3877.0,3877.0,0.0,420.0,0.0,0.0,1.7530071978349346e+40,1.168605489362066e+53,6666290308478.833,3.049419235603845e-10,2032.831389679485,0.0004919247140106732,3279312953.5105734,6666290308478.835,0.0
23.370055002804424,36.093755868850025,0.0,1.0471242974204493,26.16384097985648,-26.16384097985648,pass_no_bh,15.0,26.16384097985648,0.07713375428590652,0.9858396907306032,1.9987616701581372,1.0,1.0,124.0,none,0.0,14.485102268942908,11.678738710913574,32.0,32.0,7602.0,118.44992923299792,0.055073588571666374,nonsingular_isothermal,1.0,0.01,2.0,0.3,1.0,0.0,strict_pass,1.0,none,none,,,0.9997425997425997,1.0,0.9997425997425997,0.9980694980694981,0.9989417989417989,0.9976190476190476,0.0019305019305019266,0.0010582010582010914,0.0023809523809523725,0.0,0.0,3884.0,3885.0,1.0,inverse_phase_volume,geometric_mean,3884.0,3884.0,3884.0,0.0,420.0,0.0,0.0,1.865591825308872e+36,1.384926112000382e+53,7.423521550707322e+16,9.954042961717519e-14,7389.405244297708,0.00013532888871830177,10046169218335.936,7.423521550707376e+16,0.0
0.0,17.25330576657638,301281.23096419475,3.9641771259789103,inf,-1000000.0,physics_exception_no_halo,11.0,inf,inf,inf,inf,0.0,0.0,0.0,exception,3.0,inf,inf,0.0,0.0,0.0,0.0,0.0,none,1.0,0.01,2.0,0.3,1.0,0.0,severe_coverage_warn,0.0,multiple,multiple,1;2;3;4;5;6;7;8,Lfrac minimum coverage 0.638 is below 0.8 | Lfrac coverage gap 0.362 exceeds 0.1 | third_integral minimum coverage 0.75 is below 0.8 | third_integral coverage gap 0.25 exceeds 0.1 | 25 planned shell-band/Lfrac/third-integral cells have no successful orbit,0.911969111969112,1.0,0.911969111969112,0.8898128898128899,0.638095238095238,0.75,0.029106029106029108,0.36190476190476195,0.25,25.0,0.0,3543.0,3885.0,1.0,inverse_phase_volume,geometric_mean,3543.0,3543.0,3543.0,0.0,420.0,0.0,0.0,1.5882212984055937e+43,2.5141925935297522e+50,15830241.012721187,0.00020828481037090608,3297.1987474603616,0.0003032877532087628,4801.118229501402,15830241.012721134,0.0
0.0,21.10225625517448,725.5191541517154,1.937833527223413,inf,-1000000.0,physics_exception_no_halo,13.0,inf,inf,inf,inf,0.0,0.0,0.0,exception,3.0,inf,inf,0.0,0.0,0.0,0.0,0.0,none,1.0,0.01,2.0,0.3,1.0,0.0,severe_coverage_warn,0.0,multiple,multiple,1;2;3;4;5;6;7;8,total orbit coverage 0.505 is below 0.85 | shell_band minimum coverage 0.214 is below 0.8 | shell_band coverage gap 0.479 exceeds 0.1 | Lfrac minimum coverage 0.272 is below 0.8 | Lfrac coverage gap 0.728 exceeds 0.1 | third_integral minimum coverage 0.286 is below 0.8 | third_integral coverage gap 0.665 exceeds 0.1 | 115 planned shell-band/Lfrac/third-integral cells have no successful orbit,0.5052767052767053,1.0,0.5052767052767053,0.21413721413721415,0.27195767195767195,0.2857142857142857,0.47891297891297885,0.728042328042328,0.6647619047619048,115.0,0.0,1963.0,3885.0,1.0,inverse_phase_volume,geometric_mean,1963.0,1963.0,1963.0,0.0,420.0,0.0,0.0,4.974207159861862e+36,1.1620120286860917e+45,233607485.84471133,1.0555906082053108e-06,246.59386806413235,0.004055250878095344,947336.9621014111,233607485.8447113,0.0
0.0,36.093755868850025,730998.494774006,1.0471242974204493,inf,-1000000.0,physics_exception_no_halo,15.0,inf,inf,inf,inf,0.0,0.0,0.0,exception,3.0,inf,inf,0.0,0.0,0.0,0.0,0.0,none,1.0,0.01,2.0,0.3,1.0,0.0,severe_coverage_warn,0.0,multiple,multiple,1;2;3;4;5;6;7;8,Lfrac minimum coverage 0.663 is below 0.8 | Lfrac coverage gap 0.337 exceeds 0.1 | third_integral minimum coverage 0.75 is below 0.8 | third_integral coverage gap 0.25 exceeds 0.1 | 24 planned shell-band/Lfrac/third-integral cells have no successful orbit,0.9181467181467181,1.0,0.9181467181467181,0.9168399168399168,0.6634920634920635,0.75,0.0020790020790021346,0.33650793650793653,0.25,24.0,0.0,3567.0,3885.0,1.0,inverse_phase_volume,geometric_mean,3567.0,3567.0,3567.0,0.0,420.0,0.0,0.0,5.317541165215002e+43,1.4784580708654234e+51,27803415.618798424,0.00015405281719062987,4283.194503597841,0.00023347060217788614,6491.2801871228885,27803415.61879832,0.0
25.0,17.25330576657638,0.0,3.9641771259789103,25.9302695632667,-25.9302695632667,pass_no_bh_halo_up,11.0,25.9302695632667,0.08772863346652571,0.9750549133614111,1.9983489517210076,1.0,1.0,90.0,none,0.0,14.648662025696181,11.281607537570517,32.0,32.0,7723.0,115.84015838181142,0.05749991602603692,nonsingular_isothermal,1.0,0.01,2.0,0.3,1.0,0.0,strict_pass,1.0,none,none,,,1.0,1.0,1.0,1.0,1.0,1.0,0.0,0.0,0.0,0.0,0.0,3885.0,3885.0,1.0,inverse_phase_volume,geometric_mean,3885.0,3885.0,3885.0,0.0,420.0,0.0,0.0,2.6565622752837137e+40,2.0123340270060757e+53,7574955218360.781,2.333057508646491e-10,1767.2806149857392,0.0005658410959303536,4286220962.38058,7574955218360.719,0.0
8.28141737239801,17.25330576657638,0.0,3.9641771259789103,34.06109668458602,-34.06109668458602,pass_no_bh_halo_down,11.0,34.06109668458602,0.05437259592019217,0.9675824171184908,1.9985850481841594,1.0,1.0,138.0,none,0.0,10.658272206040733,23.402824478545288,32.0,32.0,6753.0,85.64205781657239,0.04654583142285295,nonsingular_isothermal,1.0,0.01,2.0,0.3,1.0,0.0,strict_pass,1.0,none,none,,,0.9997425997425997,1.0,0.9997425997425997,0.9980694980694981,0.9989417989417989,0.9976190476190476,0.0019305019305019266,0.0010582010582010914,0.0023809523809523725,0.0,0.0,3884.0,3885.0,1.0,inverse_phase_volume,geometric_mean,3884.0,3884.0,3884.0,0.0,420.0,0.0,0.0,2.994314331914235e+37,2.2853182823655234e+51,76321923119692.73,2.1427276830332282e-11,1635.3709749089971,0.0006114820522943711,46669486184.28301,76321923119692.88,0.0
16.56283474479602,34.50661153315276,0.0,3.9641771259789103,22.64075538763308,-22.64075538763308,pass_no_bh_halo_scale_up,11.0,22.64075538763308,0.11616757786530485,0.9835238290244477,1.9964940990632158,1.0,1.0,100.0,none,0.0,13.186683876791971,9.454071510841116,32.0,32.0,7503.0,133.05839988482077,0.04248878249818739,nonsingular_isothermal,1.0,0.01,2.0,0.3,1.0,0.0,strict_pass,1.0,none,none,,,1.0,1.0,1.0,1.0,1.0,1.0,0.0,0.0,0.0,0.0,0.0,3885.0,3885.0,1.0,inverse_phase_volume,geometric_mean,3885.0,3885.0,3885.0,0.0,420.0,0.0,0.0,3.6522500596431795e+36,3.481019408186423e+52,9531163943704650.0,6.481752145488495e-13,6177.864234110988,0.0001618682382948001,1542792716466.3828,9531163943704600.0,0.0
16.56283474479602,8.62665288328819,0.0,3.9641771259789103,22.56956397674779,-22.56956397674779,pass_no_bh_halo_scale_down,11.0,22.56956397674779,0.053689013509345074,1.048026553978795,1.9996395665979019,1.0,1.0,112.0,none,0.0,13.16935217256498,9.400211804182815,32.0,32.0,7705.0,122.18786144586545,0.055840091982893546,nonsingular_isothermal,1.0,0.01,2.0,0.3,1.0,0.0,strict_pass,1.0,none,none,,,0.9979407979407979,1.0,0.9979407979407979,0.9845559845559846,0.9915343915343915,0.9976190476190476,0.015444015444015413,0.00846560846560851,0.0023809523809523725,0.0,0.0,3877.0,3885.0,1.0,inverse_phase_volume,geometric_mean,3877.0,3877.0,3877.0,0.0,420.0,0.0,0.0,2.184583261781008e+40,3.427021919949142e+52,1568730283667.568,4.740822473789909e-10,743.707178412607,0.0013446152316755,2109338633.8100524,1568730283667.5774,0.0
16.56283474479602,17.25330576657638,0.0,5.0,21.51909860493689,-21.51909860493689,pass_no_bh_ml_up,11.0,21.51909860493689,0.09825578748379371,0.9676958376944745,1.9970049395832792,1.0,1.0,89.0,none,0.0,12.990560078449894,8.528538526486997,32.0,32.0,7700.0,109.11364536392355,0.057111865979441914,nonsingular_isothermal,1.0,0.01,2.0,0.3,1.0,0.0,strict_pass,1.0,none,none,,,1.0,1.0,1.0,1.0,1.0,1.0,0.0,0.0,0.0,0.0,0.0,3885.0,3885.0,1.0,inverse_phase_volume,geometric_mean,3885.0,3885.0,3885.0,0.0,420.0,0.0,0.0,9.752248755703314e+39,3.765564290098525e+52,3861226661077.884,4.426859167148513e-10,1709.3106641030688,0.0005850311596369362,2258937911.1514254,3861226661077.8423,0.0
16.56283474479602,17.25330576657638,0.0,1.9820885629894551,21.637307650452218,-21.637307650452218,pass_no_bh_ml_down,11.0,21.637307650452218,0.09996521863635977,0.9753165763536665,1.9991608379459458,1.0,1.0,89.0,none,0.0,13.030635175493819,8.606672474958401,32.0,32.0,7685.0,110.0274657006366,0.057566727979256,nonsingular_isothermal,1.0,0.01,2.0,0.3,1.0,0.0,strict_pass,1.0,none,none,,,0.9979407979407979,1.0,0.9979407979407979,0.9845559845559846,0.9915343915343915,0.9976190476190476,0.015444015444015413,0.00846560846560851,0.0023809523809523725,0.0,0.0,3877.0,3885.0,1.0,inverse_phase_volume,geometric_mean,3877.0,3877.0,3877.0,0.0,420.0,0.0,0.0,2.741833053744656e+39,3.8778639376798055e+52,14143326240755.674,1.2300734441530944e-10,1739.733002074715,0.0005748008451914473,8129595877.004726,14143326240755.656,0.0
25.0,21.10225625517448,0.0,1.937833527223413,21.710857026789583,-21.710857026789583,pass_no_bh_halo_up,13.0,21.710857026789583,0.2951201079095682,0.8853698910936346,1.7974196087074865,1.0,1.0,87.0,none,0.0,12.209294332361202,9.50156269442838,32.0,32.0,7720.0,100.02008489901509,0.06086422944376412,nonsingular_isothermal,1.0,0.01,2.0,0.3,1.0,0.0,strict_pass,1.0,none,none,,,1.0,1.0,1.0,1.0,1.0,1.0,0.0,0.0,0.0,0.0,0.0,3885.0,3885.0,1.0,inverse_phase_volume,geometric_mean,3885.0,3885.0,3885.0,0.0,420.0,0.0,0.0,2.464451995983728e+40,1.6525383542102998e+53,6705500277154.56,3.0727569820554154e-10,2060.4372794801184,0.00048533387061037655,3254406403.890373,6705500277154.556,0.0
11.462695223477963,21.10225625517448,0.0,1.937833527223413,22.99628290330834,-22.99628290330834,pass_no_bh_halo_down,13.0,22.99628290330834,0.1678838135312759,0.9803015165264655,1.9911060954177646,1.0,1.0,91.0,none,0.0,11.311915054561798,11.684367848746538,32.0,32.0,7552.0,104.3284155597263,0.04244295393294249,nonsingular_isothermal,1.0,0.01,2.0,0.3,1.0,0.0,strict_pass,1.0,none,none,,,1.0,1.0,1.0,1.0,1.0,1.0,0.0,0.0,0.0,0.0,0.0,3885.0,3885.0,1.0,inverse_phase_volume,geometric_mean,3885.0,3885.0,3885.0,0.0,420.0,0.0,0.0,4.300334523159967e+38,7.307206442275592e+51,16992181428960.365,1.2086654242238153e-10,2053.7862175322484,0.0004869055948781086,8273588206.944724,16992181428960.422,0.0
22.925390446955927,42.20451251034896,0.0,1.937833527223413,25.669783650716806,-25.669783650716806,pass_no_bh_halo_scale_up,13.0,25.669783650716806,0.14237529916848146,0.9792336840231307,1.9968869775696634,1.0,1.0,104.0,none,0.0,14.399463013129974,11.27032063758682,32.0,32.0,7462.0,132.07635823779543,0.03712095706133569,nonsingular_isothermal,1.0,0.01,2.0,0.3,1.0,0.0,strict_pass,1.0,none,none,,,1.0,1.0,1.0,1.0,1.0,1.0,0.0,0.0,0.0,0.0,0.0,3885.0,3885.0,1.0,inverse_phase_volume,geometric_mean,3885.0,3885.0,3885.0,0.0,420.0,0.0,0.0,1.2100141444799078e+36,1.4033891899046696e+53,1.1598122189785466e+17,1.0857147588549417e-13,12592.252436453176,7.941390986612615e-05,9210522301959.48,1.159812218978556e+17,0.0
22.925390446955927,10.55112812758724,0.0,1.937833527223413,24.916309622457625,-24.916309622457625,pass_no_bh_halo_scale_down,13.0,24.916309622457625,0.05647377405888676,0.9887713938234629,1.9984105747559133,1.0,1.0,108.0,none,0.0,14.567985185169313,10.348324437288309,32.0,32.0,7721.0,116.67947447120194,0.05750002476788741,nonsingular_isothermal,1.0,0.01,2.0,0.3,1.0,0.0,strict_pass,1.0,none,none,,,1.0,1.0,1.0,1.0,1.0,1.0,0.0,0.0,0.0,0.0,0.0,3885.0,3885.0,1.0,inverse_phase_volume,geometric_mean,3885.0,3885.0,3885.0,0.0,420.0,0.0,0.0,3.1711936566135044e+41,1.3814166220645447e+53,435614084678.6853,2.2621719430139974e-09,985.4339603418455,0.0010147813453202908,442053046.8907033,435614084678.6853,0.0
22.925390446955927,21.10225625517448,0.0,3.875667054446826,20.96453154951228,-20.96453154951228,pass_no_bh_ml_up,13.0,20.96453154951228,0.29230059289767496,0.8870854493462752,1.8013972531789066,1.0,1.0,87.0,none,0.0,11.961238540534081,9.003293008978199,32.0,32.0,7721.0,98.91854554271883,0.0613280492280117,nonsingular_isothermal,1.0,0.01,2.0,0.3,1.0,0.0,strict_pass,1.0,none,none,,,1.0,1.0,1.0,1.0,1.0,1.0,0.0,0.0,0.0,0.0,0.0,3885.0,3885.0,1.0,inverse_phase_volume,geometric_mean,3885.0,3885.0,3885.0,0.0,420.0,0.0,0.0,1.8183567729510466e+40,1.1687863218702917e+53,6427706263460.309,3.1984188470825937e-10,2055.8496856562456,0.0004864168849391297,3126544857.976122,6427706263460.361,0.0
22.925390446955927,21.10225625517448,0.0,0.9689167636117065,21.138291853395273,-21.138291853395273,pass_no_bh_ml_down,13.0,21.138291853395273,0.290189712239151,0.8909330794603506,1.8086306151494895,1.0,1.0,87.0,none,0.0,12.055949586211195,9.082342267184075,32.0,32.0,7721.0,99.42877765287095,0.06149498436345924,nonsingular_isothermal,1.0,0.01,2.0,0.3,1.0,0.0,strict_pass,1.0,none,none,,,1.0,1.0,1.0,1.0,1.0,1.0,0.0,0.0,0.0,0.0,0.0,3885.0,3885.0,1.0,inverse_phase_volume,geometric_mean,3885.0,3885.0,3885.0,0.0,420.0,0.0,0.0,1.7207696144219843e+40,1.168525776101894e+53,6790716004677.988,3.0434353545510514e-10,2066.7105171352714,0.00048386070120073205,3285760607.678535,6790716004678.009,0.0
25.0,36.093755868850025,0.0,1.0471242974204493,26.849404054353123,-26.849404054353123,pass_no_bh_halo_up,15.0,26.849404054353123,0.07598466952437732,0.9850742320115187,1.9972864872816252,1.0,1.0,127.0,none,0.0,14.691129164894996,12.15827488945812,32.0,32.0,7621.0,117.89088174780208,0.05494739688898933,nonsingular_isothermal,1.0,0.01,2.0,0.3,1.0,0.0,strict_pass,1.0,none,none,,,1.0,1.0,1.0,1.0,1.0,1.0,0.0,0.0,0.0,0.0,0.0,3885.0,3885.0,1.0,inverse_phase_volume,geometric_mean,3885.0,3885.0,3885.0,0.0,420.0,0.0,0.0,2.6249042352571573e+36,1.8136200234619464e+53,6.9092807238518904e+16,1.0751557868646443e-13,7428.553153321651,0.0001346157157875156,9300977702182.0,6.9092807238518456e+16,0.0
11.685027501402212,36.093755868850025,0.0,1.0471242974204493,23.676138257922716,-23.676138257922716,pass_no_bh_halo_down,15.0,23.676138257922716,0.03797645163264818,0.9891601281320564,1.9990172654376237,1.0,1.0,149.0,none,0.0,11.879548405153363,11.796589852769356,32.0,32.0,6928.0,96.95470265638595,0.0421759236423879,nonsingular_isothermal,1.0,0.01,2.0,0.3,1.0,0.0,strict_pass,1.0,none,none,,,0.9984555984555985,1.0,0.9984555984555985,0.9884169884169884,0.9936507936507937,0.9976190476190476,0.01158301158301156,0.006349206349206327,0.0023809523809523725,0.0,0.0,3879.0,3885.0,1.0,inverse_phase_volume,geometric_mean,3879.0,3879.0,3879.0,0.0,420.0,0.0,0.0,6.3256298038693996e+35,8.656449943797001e+51,1.3684724228569042e+16,5.161461475313939e-13,7063.317690605391,0.00014157652873663832,1937435752998.963,1.3684724228568952e+16,0.0
23.370055002804424,72.18751173770005,0.0,1.0471242974204493,23.180846638207885,-23.180846638207885,pass_no_bh_halo_scale_up,15.0,23.180846638207885,0.12335860272220955,0.9530583777191394,1.99622927055497,1.0,1.0,110.0,none,0.0,14.216992610692001,8.963854027515882,32.0,32.0,7179.0,123.60303929088653,0.050703074665519175,nonsingular_isothermal,1.0,0.01,2.0,0.3,1.0,0.0,strict_pass,1.0,none,none,,,0.9979407979407979,1.0,0.9979407979407979,0.9845559845559846,0.9915343915343915,0.9976190476190476,0.015444015444015413,0.00846560846560851,0.0023809523809523725,0.0,0.0,3877.0,3885.0,1.0,inverse_phase_volume,geometric_mean,3877.0,3877.0,3877.0,0.0,420.0,0.0,0.0,2.6981919441302903e+35,1.5287669886002247e+53,5.665894125604889e+17,1.4601146887734693e-13,82728.55237831037,1.2087725111241983e-05,6848777069971.288,5.6658941256049075e+17,0.0
23.370055002804424,18.046877934425012,0.0,1.0471242974204493,25.440885217731243,-25.440885217731243,pass_no_bh_halo_scale_down,15.0,25.440885217731243,0.27947535768945997,0.9672995105756729,1.9960743360567068,1.0,1.0,73.0,none,0.0,14.52895258652339,10.911932631207849,32.0,32.0,7744.0,130.00074307044414,0.044812267475722,nonsingular_isothermal,1.0,0.01,2.0,0.3,1.0,0.0,strict_pass,1.0,none,none,,,0.9997425997425997,1.0,0.9997425997425997,0.9980694980694981,0.9989417989417989,0.9976190476190476,0.0019305019305019266,0.0010582010582010914,0.0023809523809523725,0.0,0.0,3884.0,3885.0,1.0,inverse_phase_volume,geometric_mean,3884.0,3884.0,3884.0,0.0,420.0,0.0,0.0,2.0764873858648823e+41,1.6941463206567732e+53,815871231479.2804,2.586366230915697e-09,2110.1418018736063,0.00047390180087048873,386642845.8764528,815871231479.2771,0.0
23.370055002804424,36.093755868850025,0.0,2.0942485948408986,26.167299238800286,-26.167299238800286,pass_no_bh_ml_up,15.0,26.167299238800286,0.07772257948636607,0.9861613927539881,1.9997219316092436,1.0,1.0,124.0,none,0.0,14.49246900875506,11.674830230045227,32.0,32.0,7601.0,117.25260180936564,0.05582913302629643,nonsingular_isothermal,1.0,0.01,2.0,0.3,1.0,0.0,strict_pass,1.0,none,none,,,1.0,1.0,1.0,1.0,1.0,1.0,0.0,0.0,0.0,0.0,0.0,3885.0,3885.0,1.0,inverse_phase_volume,geometric_mean,3885.0,3885.0,3885.0,0.0,420.0,0.0,0.0,1.752884910882683e+36,1.3849614252029242e+53,7.901040259999232e+16,9.335992785017583e-14,7376.405486148689,0.00013556738466693376,10711233641962.553,7.9010402599993e+16,0.0
23.370055002804424,36.093755868850025,0.0,0.5235621487102247,26.17246403734096,-26.17246403734096,pass_no_bh_ml_down,15.0,26.17246403734096,0.0752140958708587,0.9860534114503638,1.999811447063471,1.0,1.0,125.0,none,0.0,14.495200055980058,11.677263981360902,32.0,32.0,7603.0,118.43552560708584,0.055023462214803344,nonsingular_isothermal,1.0,0.01,2.0,0.3,1.0,0.0,strict_pass,1.0,none,none,,,1.0,1.0,1.0,1.0,1.0,1.0,0.0,0.0,0.0,0.0,0.0,3885.0,3885.0,1.0,inverse_phase_volume,geometric_mean,3885.0,3885.0,3885.0,0.0,420.0,0.0,0.0,2.235221410025973e+36,1.3849084378670702e+53,6.195844544326272e+16,1.1986241199302357e-13,7426.488714167632,0.00013465313669598446,8342899023742.353,6.195844544326274e+16,0.0
21.26937000936127,6.417371809647148,1796096.2536389786,0.7507027442144742,24.077895650720148,-24.077895650720148,pass_full,16.0,24.077895650720148,0.28609591213922414,1.0448323500177654,1.5766562346141264,1.0,1.0,75.0,none,0.0,12.410210898642575,11.667684752077577,32.0,32.0,7531.0,112.23665090752358,0.04630520249799876,nonsingular_isothermal,1.0,0.01,2.0,0.3,1.0,0.0,strict_pass,1.0,none,none,,,0.998970398970399,1.0,0.998970398970399,0.9922779922779923,0.9978835978835979,0.9976190476190476,0.007722007722007707,0.002116402116402072,0.0023809523809523725,0.0,0.0,3881.0,3885.0,1.0,inverse_phase_volume,geometric_mean,3881.0,3881.0,3881.0,0.0,420.0,0.0,0.0,4.093621998570032e+44,2.20900078581478e+53,539620117.9753332,9.703370226624466e-07,523.6133786449474,0.001909806053061302,1030569.7676629539,539620117.9753377,0.0
2.9147195247198887,1.328862831400071,1153.3194447870824,1.2236246532121722,182.01307857411638,-182.01307857411638,pass_full,17.0,182.01307857411638,0.024437909468815633,0.9709560511583393,1.998765515892852,1.0,1.0,265.0,none,0.0,31.66579148420839,150.34728708990798,32.0,32.0,3971.0,48.09158212879302,0.059462082873585016,nonsingular_isothermal,1.0,0.01,2.0,0.3,1.0,0.0,strict_pass,1.0,none,none,,,1.0,1.0,1.0,1.0,1.0,1.0,0.0,0.0,0.0,0.0,0.0,3885.0,3885.0,1.0,inverse_phase_volume,geometric_mean,3885.0,3885.0,3885.0,0.0,420.0,0.0,0.0,7.404096976346796e+42,4.0041984455368745e+49,5408084.818889769,9.483329034737008e-05,512.8664778529769,0.001949825233628682,10544.820245475454,5408084.8188897595,0.0
4.304665355387585,423.1544876892977,3022.365000178181,1.5055469139695543,inf,-1000000.0,physics_exception_full,18.0,inf,inf,inf,inf,0.0,0.0,0.0,exception,3.0,inf,inf,0.0,0.0,0.0,0.0,0.0,nonsingular_isothermal,1.0,0.01,2.0,0.3,1.0,0.0,strict_pass,1.0,none,none,,,0.9987129987129987,1.0,0.9987129987129987,0.9903474903474904,0.9957671957671957,0.9976190476190476,0.009652509652509633,0.004232804232804255,0.0023809523809523725,0.0,0.0,3880.0,3885.0,1.0,inverse_phase_volume,geometric_mean,3880.0,3880.0,3880.0,0.0,420.0,0.0,0.0,2.945355414723171e+37,1.930058773465547e+49,655288921607.768,2.9837927787165425e-08,19552.463522661994,5.114445035741736e-05,33514391.720933884,655288921607.7649,0.0
6.814201715940787,149.1005280097593,10117.439737591449,2.4346914481024213,inf,-1000000.0,physics_exception_full,19.0,inf,inf,inf,inf,0.0,0.0,0.0,exception,3.0,inf,inf,0.0,0.0,0.0,0.0,0.0,nonsingular_isothermal,1.0,0.01,2.0,0.3,1.0,0.0,strict_pass,1.0,none,none,,,0.9976833976833976,1.0,0.9976833976833976,0.9826254826254827,0.9936507936507937,0.9952380952380953,0.01737451737451734,0.006349206349206327,0.004761904761904745,0.0,0.0,3876.0,3885.0,1.0,inverse_phase_volume,geometric_mean,3876.0,3876.0,3876.0,0.0,420.0,0.0,0.0,2.0305591131663096e+38,8.187767662010673e+50,4032272495255.3833,3.934430138535704e-09,15864.694432121401,6.303304512284146e-05,254166414.141026,4032272495255.3975,0.0
20.174179193069847,162.50748188726547,2298.6761606167106,3.497697825672797,19.195546297720977,-19.195546297720977,pass_full,20.0,19.195546297720977,0.1434628479816915,0.8118523129167939,1.9932965250434114,1.0,1.0,97.0,none,0.0,13.606507466678528,5.589038831042443,32.0,32.0,6363.0,98.57021761903974,0.05322529232132158,nonsingular_isothermal,1.0,0.01,2.0,0.3,1.0,0.0,strict_pass,1.0,none,none,,,0.9987129987129987,1.0,0.9987129987129987,0.9903474903474904,0.9968253968253968,0.9976190476190476,0.009652509652509633,0.0031746031746031633,0.0023809523809523725,0.0,0.0,3880.0,3885.0,1.0,inverse_phase_volume,geometric_mean,3880.0,3880.0,3880.0,0.0,420.0,0.0,0.0,3.9734969323532504e+39,6.152807983951993e+52,15484617425659.05,5.441020145070369e-09,84252.11535171761,1.1869138191075856e-05,183789064.06108648,15484617425658.877,0.0
21.26937000936127,6.417371809647148,0.0,0.7507027442144742,26.364189375240908,-26.364189375240908,pass_no_bh,16.0,26.364189375240908,0.04043965595182186,1.0354042860359243,1.9995400322371475,1.0,1.0,135.0,none,0.0,14.496901339425213,11.867288035815696,32.0,32.0,7693.0,126.683868320813,0.054646663863015844,nonsingular_isothermal,1.0,0.01,2.0,0.3,1.0,0.0,strict_pass,1.0,none,none,,,0.9992277992277993,1.0,0.9992277992277993,0.9942084942084942,0.9968253968253968,0.9976190476190476,0.00579150579150578,0.0031746031746031633,0.0023809523809523725,0.0,0.0,3882.0,3885.0,1.0,inverse_phase_volume,geometric_mean,3882.0,3882.0,3882.0,0.0,420.0,0.0,0.0,6.154825372255658e+43,9.450525208661863e+52,1535466018.4612803,4.134212180368233e-07,634.794231606413,0.0015753136216587788,2418840.534476221,1535466018.461278,0.0
20.174179193069847,162.50748188726547,0.0,3.497697825672797,19.609728994263687,-19.609728994263687,pass_no_bh,20.0,19.609728994263687,0.15854954250001896,0.8188926991807606,1.9934015431008956,1.0,1.0,91.0,none,0.0,13.634040629772441,5.975688364491249,32.0,32.0,6124.0,105.89260295143627,0.05188575207518739,nonsingular_isothermal,1.0,0.01,2.0,0.3,1.0,0.0,strict_pass,1.0,none,none,,,1.0,1.0,1.0,1.0,1.0,1.0,0.0,0.0,0.0,0.0,0.0,3885.0,3885.0,1.0,inverse_phase_volume,geometric_mean,3885.0,3885.0,3885.0,0.0,420.0,0.0,0.0,9.485478433052721e+33,6.190190682367415e+52,6.525965691722331e+18,1.5688368401389435e-13,1023817.5394656721,9.767365389363203e-07,6374149142949.979,6.52596569172227e+18,0.0
0.0,6.417371809647148,1796096.2536389786,0.7507027442144742,inf,-1000000.0,physics_exception_no_halo,16.0,inf,inf,inf,inf,0.0,0.0,0.0,exception,3.0,inf,inf,0.0,0.0,0.0,0.0,0.0,none,1.0,0.01,2.0,0.3,1.0,0.0,severe_coverage_warn,0.0,multiple,multiple,1;2;3;4;5;6;7;8,Lfrac minimum coverage 0.666 is below 0.8 | Lfrac coverage gap 0.334 exceeds 0.1 | third_integral minimum coverage 0.75 is below 0.8 | third_integral coverage gap 0.25 exceeds 0.1 | 24 planned shell-band/Lfrac/third-integral cells have no successful orbit,0.9186615186615187,1.0,0.9186615186615187,0.916988416988417,0.6656084656084656,0.75,0.0019305019305019266,0.33439153439153435,0.25,24.0,0.0,3569.0,3885.0,1.0,inverse_phase_volume,geometric_mean,3569.0,3569.0,3569.0,0.0,420.0,0.0,0.0,2.8131573418330597e+44,8.937933207160526e+51,31771892.294287913,0.00013967070249963273,4437.602516485856,0.00022534690664271156,7159.697646703176,31771892.294287875,0.0
0.0,162.50748188726547,2298.6761606167106,3.497697825672797,inf,-1000000.0,physics_exception_no_halo,20.0,inf,inf,inf,inf,0.0,0.0,0.0,exception,3.0,inf,inf,0.0,0.0,0.0,0.0,0.0,none,1.0,0.01,2.0,0.3,1.0,0.0,severe_coverage_warn,0.0,multiple,multiple,1;2;3;4;5;6;7;8,total orbit coverage 0.535 is below 0.85 | shell_band minimum coverage 0.289 is below 0.8 | shell_band coverage gap 0.481 exceeds 0.1 | Lfrac minimum coverage 0.298 is below 0.8 | Lfrac coverage gap 0.702 exceeds 0.1 | third_integral minimum coverage 0.293 is below 0.8 | third_integral coverage gap 0.698 exceeds 0.1 | 112 planned shell-band/Lfrac/third-integral cells have no successful orbit,0.5348777348777348,1.0,0.5348777348777348,0.288981288981289,0.2984126984126984,0.29285714285714287,0.4812889812889813,0.7015873015873015,0.6976190476190476,112.0,0.0,2078.0,3885.0,1.0,inverse_phase_volume,geometric_mean,2078.0,2078.0,2078.0,0.0,420.0,0.0,0.0,1.6998574889740957e+39,1.4660635963662809e+46,8624626.510608751,5.554172761116795e-05,479.0266564002859,0.002087566498939,18004.48136940787,8624626.510608692,0.0
25.0,6.417371809647148,0.0,0.7507027442144742,28.21033001223586,-28.21033001223586,pass_no_bh_halo_up,16.0,28.21033001223586,0.04473026247355705,1.035035208877474,1.9988348652290875,1.0,1.0,131.0,none,0.0,15.232993809564404,12.97733620267146,32.0,32.0,7706.0,128.63437413854405,0.05498217174320171,nonsingular_isothermal,1.0,0.01,2.0,0.3,1.0,0.0,strict_pass,1.0,none,none,,,1.0,1.0,1.0,1.0,1.0,1.0,0.0,0.0,0.0,0.0,0.0,3885.0,3885.0,1.0,inverse_phase_volume,geometric_mean,3885.0,3885.0,3885.0,0.0,420.0,0.0,0.0,1.1747284003879204e+44,1.8023151275998953e+53,1534239852.3818207,4.1488632987655305e-07,636.5351415050344,0.001571005172841806,2410298.744471875,1534239852.3818116,0.0
10.634685004680636,6.417371809647148,0.0,0.7507027442144742,26.093811146203556,-26.093811146203556,pass_no_bh_halo_down,16.0,26.093811146203556,0.04570554065726995,1.0346048432402446,1.9995039812838256,1.0,1.0,125.0,none,0.0,11.110290381885658,14.9835207643179,32.0,32.0,7629.0,114.77632486658958,0.051169354108746,nonsingular_isothermal,1.0,0.01,2.0,0.3,1.0,0.0,strict_pass,1.0,none,none,,,1.0,1.0,1.0,1.0,1.0,1.0,0.0,0.0,0.0,0.0,0.0,3885.0,3885.0,1.0,inverse_phase_volume,geometric_mean,3885.0,3885.0,3885.0,0.0,420.0,0.0,0.0,3.8486706701866564e+42,5.90907397938612e+51,1535354538.1682494,4.154285042939603e-07,637.8300393521777,0.001567815778974076,2407153.071259628,1535354538.168244,0.0
21.26937000936127,12.834743619294295,0.0,0.7507027442144742,22.7141947885896,-22.7141947885896,pass_no_bh_halo_scale_up,16.0,22.7141947885896,0.29389762231306804,0.9545700929937705,1.9164979547410157,1.0,1.0,77.0,none,0.0,13.110488068218974,9.603706720370628,32.0,32.0,7734.0,108.3368189013884,0.057916572605764,nonsingular_isothermal,1.0,0.01,2.0,0.3,1.0,0.0,strict_pass,1.0,none,none,,,0.998970398970399,1.0,0.998970398970399,0.9922779922779923,0.9957671957671957,0.9976190476190476,0.007722007722007707,0.004232804232804255,0.0023809523809523725,0.0,0.0,3881.0,3885.0,1.0,inverse_phase_volume,geometric_mean,3881.0,3881.0,3881.0,0.0,420.0,0.0,0.0,1.7400150398679342e+41,1.1578988659503827e+53,665453366448.066,1.9976851048040736e-09,1329.3662780950335,0.0007522381276535677,500579394.4176586,665453366448.0686,0.0
21.26937000936127,3.208685904823574,0.0,0.7507027442144742,27.014967146351047,-27.014967146351047,pass_no_bh_halo_scale_down,16.0,27.014967146351047,0.20643131667409875,1.0518071209955449,1.9945587017196633,1.0,1.0,79.0,none,0.0,14.719714027214161,12.295253119136868,32.0,32.0,7729.0,138.9559760472826,0.05022479690425582,nonsingular_isothermal,1.0,0.01,2.0,0.3,1.0,0.0,strict_pass,1.0,none,none,,,0.9981981981981982,1.0,0.9981981981981982,0.9864864864864865,0.9925925925925926,0.9976190476190476,0.013513513513513487,0.007407407407407418,0.0023809523809523725,0.0,0.0,3878.0,3885.0,1.0,inverse_phase_volume,geometric_mean,3878.0,3878.0,3878.0,0.0,420.0,0.0,0.0,2.001791471270615e+45,8.021326990741489e+52,40070742.16201971,1.052981289603307e-05,421.9374175712516,0.002370019719408109,94968.44909530475,40070742.16201975,0.0
21.26937000936127,6.417371809647148,0.0,1.5014054884289485,26.36800847717872,-26.36800847717872,pass_no_bh_ml_up,16.0,26.36800847717872,0.04065297470041429,1.0346171108115292,1.9996478305633503,1.0,1.0,137.0,none,0.0,14.500223967524834,11.867784509653886,32.0,32.0,7680.0,128.09641886245748,0.054115034279864214,nonsingular_isothermal,1.0,0.01,2.0,0.3,1.0,0.0,strict_pass,1.0,none,none,,,0.9974259974259975,1.0,0.9974259974259975,0.9806949806949807,0.9915343915343915,0.9952380952380953,0.019305019305019266,0.00846560846560851,0.004761904761904745,0.0,0.0,3875.0,3885.0,1.0,inverse_phase_volume,geometric_mean,3875.0,3875.0,3875.0,0.0,420.0,0.0,0.0,6.155841194616573e+43,9.452838304093889e+52,1535588395.6786633,4.102675042798512e-07,630.0020186961877,0.0015872965011596892,2437434.0876821703,1535588395.678668,0.0
21.26937000936127,6.417371809647148,0.0,0.3753513721072371,26.364127137102194,-26.364127137102194,pass_no_bh_ml_down,16.0,26.364127137102194,0.04051048715677297,1.0359262940235523,1.9995137597653705,1.0,1.0,132.0,none,0.0,14.500631613694683,11.863495523407519,32.0,32.0,7690.0,126.97472532561557,0.05442341434082553,nonsingular_isothermal,1.0,0.01,2.0,0.3,1.0,0.0,strict_pass,1.0,none,none,,,0.9984555984555985,1.0,0.9984555984555985,0.9884169884169884,0.9936507936507937,0.9976190476190476,0.01158301158301156,0.006349206349206327,0.0023809523809523725,0.0,0.0,3879.0,3885.0,1.0,inverse_phase_volume,geometric_mean,3879.0,3879.0,3879.0,0.0,420.0,0.0,0.0,6.154317493778881e+43,9.442175137946968e+52,1534235948.5827036,4.1306804916348577e-07,633.7438502375501,0.001577924582029733,2420908.6179023637,1534235948.58271,0.0
25.0,162.50748188726547,0.0,3.497697825672797,21.150851085119474,-21.150851085119474,pass_no_bh_halo_up,20.0,21.150851085119474,0.2079066422178606,0.8201946028237292,1.9924361582479868,1.0,1.0,86.0,none,0.0,14.23888436856433,6.911966716555145,32.0,32.0,6178.0,108.26645313486428,0.051986521667637446,nonsingular_isothermal,1.0,0.01,2.0,0.3,1.0,0.0,strict_pass,1.0,none,none,,,1.0,1.0,1.0,1.0,1.0,1.0,0.0,0.0,0.0,0.0,0.0,3885.0,3885.0,1.0,inverse_phase_volume,geometric_mean,3885.0,3885.0,3885.0,0.0,420.0,0.0,0.0,7.201673353980398e+34,1.4596560231222267e+53,2.026828976234347e+18,6.367347871959561e-13,1290552.516865164,7.748619191639446e-07,1570512590342.0266,2.0268289762343306e+18,0.0
10.087089596534923,162.50748188726547,0.0,3.497697825672797,26.986075335035405,-26.986075335035405,pass_no_bh_halo_down,20.0,26.986075335035405,0.05855209467754818,0.8279631913613195,1.9979648009204833,1.0,1.0,165.0,none,0.0,13.467890991879718,13.518184343155687,32.0,32.0,3264.0,67.91766367206944,0.04638453238627177,nonsingular_isothermal,1.0,0.01,2.0,0.3,1.0,0.0,strict_pass,1.0,none,none,,,1.0,1.0,1.0,1.0,1.0,1.0,0.0,0.0,0.0,0.0,0.0,3885.0,3885.0,1.0,inverse_phase_volume,geometric_mean,3885.0,3885.0,3885.0,0.0,420.0,0.0,0.0,6.491362712348331e+34,3.840966664730806e+51,5.917042129573574e+16,6.7470520762468185e-12,399225.91385579563,2.5048474192013748e-06,148212877075.68277,5.917042129573615e+16,0.0
20.174179193069847,325.01496377453094,0.0,3.497697825672797,21.401851967331186,-21.401851967331186,pass_no_bh_halo_scale_up,20.0,21.401851967331186,0.2005880814075809,0.9929645307596398,1.9971616692979464,1.0,1.0,67.0,none,0.0,14.52614205352345,6.8757099138077225,32.0,32.0,5770.0,138.22482117815707,0.0452758294962295,nonsingular_isothermal,1.0,0.01,2.0,0.3,1.0,0.0,strict_pass,1.0,none,none,,,0.9981981981981982,1.0,0.9981981981981982,0.9864864864864865,0.9925925925925926,0.9976190476190476,0.013513513513513487,0.007407407407407418,0.0023809523809523725,0.0,0.0,3878.0,3885.0,1.0,inverse_phase_volume,geometric_mean,3878.0,3878.0,3878.0,0.0,420.0,0.0,0.0,2.0282270627611709e+34,2.3294728327246377e+52,1.1485266494538138e+18,2.7705472160081838e-12,3182047.31115546,3.142630835482083e-07,360939526394.6464,1.1485266494538099e+18,0.0
20.174179193069847,81.25374094363274,0.0,3.497697825672797,21.283691765940357,-21.283691765940357,pass_no_bh_halo_scale_down,20.0,21.283691765940357,0.09571810162390904,0.8842473263452758,1.9994104802515915,1.0,1.0,129.0,none,0.0,13.624775971370363,7.658915794569996,32.0,32.0,6629.0,91.4756970560104,0.06541686348400798,nonsingular_isothermal,1.0,0.01,2.0,0.3,1.0,0.0,strict_pass,1.0,none,none,,,0.9981981981981982,1.0,0.9981981981981982,0.9864864864864865,0.9925925925925926,0.9976190476190476,0.013513513513513487,0.007407407407407418,0.0023809523809523725,0.0,0.0,3878.0,3885.0,1.0,inverse_phase_volume,geometric_mean,3878.0,3878.0,3878.0,0.0,420.0,0.0,0.0,3.813814022778216e+35,6.51964720742618e+52,1.7094822056049994e+17,5.053127079033791e-13,86382.30824269034,1.1576444532953539e-05,1978972593325.7356,1.7094822056049997e+17,0.0
20.174179193069847,162.50748188726547,0.0,5.0,19.593761255061953,-19.593761255061953,pass_no_bh_ml_up,20.0,19.593761255061953,0.1614498304601213,0.8220691778130276,1.9937057278066892,1.0,1.0,90.0,none,0.0,13.625579424665073,5.968181830396885,32.0,32.0,6323.0,104.89109624019098,0.05296554375844601,nonsingular_isothermal,1.0,0.01,2.0,0.3,1.0,0.0,strict_pass,1.0,none,none,,,0.9981981981981982,1.0,0.9981981981981982,0.9864864864864865,0.9925925925925926,0.9976190476190476,0.013513513513513487,0.007407407407407418,0.0023809523809523725,0.0,0.0,3878.0,3885.0,1.0,inverse_phase_volume,geometric_mean,3878.0,3878.0,3878.0,0.0,420.0,0.0,0.0,1.1087638893736315e+36,6.190694983266053e+52,5.583420458221571e+16,1.4200275109385791e-11,792861.0655811926,1.2612550211012921e-06,70421170878.5164,5.583420458221576e+16,0.0
20.174179193069847,162.50748188726547,0.0,1.7488489128363984,19.639660298095237,-19.639660298095237,pass_no_bh_ml_down,20.0,19.639660298095237,0.16364507202298384,0.8250153466617034,1.9986432339694957,1.0,1.0,90.0,none,0.0,13.643651714589422,5.996008583505813,32.0,32.0,5887.0,107.0853246409548,0.05170166554423862,nonsingular_isothermal,1.0,0.01,2.0,0.3,1.0,0.0,strict_pass,1.0,none,none,,,1.0,1.0,1.0,1.0,1.0,1.0,0.0,0.0,0.0,0.0,0.0,3885.0,3885.0,1.0,inverse_phase_volume,geometric_mean,3885.0,3885.0,3885.0,0.0,420.0,0.0,0.0,7.308372262327825e+34,6.189576586172036e+52,8.469158882446642e+17,1.7477747872399091e-12,1480218.236386925,6.755760572447121e-07,572156096598.2367,8.46915888244669e+17,0.0
17.813696757911927,2.824236322520624,682281.0617282112,4.1028534496312075,28.90421786634019,-28.90421786634019,pass_full,21.0,28.90421786634019,0.12327650835613113,1.1736536294358546,1.9955201928583812,1.0,1.0,83.0,none,0.0,15.648074973728857,13.256142892611335,32.0,32.0,7735.0,147.85988598926357,0.052910713674301425,nonsingular_isothermal,1.0,0.01,2.0,0.3,1.0,0.0,strict_pass,1.0,none,none,,,0.9994851994851995,1.0,0.9994851994851995,0.9961389961389961,0.9978835978835979,0.9976190476190476,0.0038610038610038533,0.002116402116402072,0.0023809523809523725,0.0,0.0,3883.0,3885.0,1.0,inverse_phase_volume,geometric_mean,3883.0,3883.0,3883.0,0.0,420.0,0.0,0.0,5.127422234484762e+43,5.8874021899945e+52,1148218719.0277507,3.197162077706441e-07,367.10413453881864,0.002724022711583645,3127773.8684970685,1148218719.027749,0.0
11.653636519057475,30.128289221520102,46365.55032186285,3.601574447474144,23.341800099185722,-23.341800099185722,pass_full,22.0,23.341800099185722,0.08121397771489214,1.035440133619906,1.9985801357402744,1.0,1.0,87.0,none,0.0,11.63001117608638,11.71178892309933,32.0,32.0,7559.0,112.80401679653916,0.04041005145823229,nonsingular_isothermal,1.0,0.01,2.0,0.3,1.0,0.0,strict_pass,1.0,none,none,,,0.9997425997425997,1.0,0.9997425997425997,0.9980694980694981,0.9989417989417989,0.9976190476190476,0.0019305019305019266,0.0010582010582010914,0.0023809523809523725,0.0,0.0,3884.0,3885.0,1.0,inverse_phase_volume,geometric_mean,3884.0,3884.0,3884.0,0.0,420.0,0.0,0.0,3.3268333783430376e+42,8.190425070807509e+51,2461928248.0828156,5.457216865846402e-07,1343.5276357941138,0.0007443092150530523,1832435.881847445,2461928248.0828,0.0
17.590246786888812,15.191521151300504,26450.07170316972,4.058107735586841,21.835181812001178,-21.835181812001178,pass_full,23.0,21.835181812001178,0.05412584612912852,0.9680824323331287,1.9986170759923474,1.0,1.0,100.0,none,0.0,13.275902572724661,8.559279239276504,32.0,32.0,7734.0,115.26415073937824,0.058537653141863585,nonsingular_isothermal,1.0,0.01,2.0,0.3,1.0,0.0,strict_pass,1.0,none,none,,,1.0,1.0,1.0,1.0,1.0,1.0,0.0,0.0,0.0,0.0,0.0,3885.0,3885.0,1.0,inverse_phase_volume,geometric_mean,3885.0,3885.0,3885.0,0.0,420.0,0.0,0.0,2.8091132359194787e+42,5.856270971279882e+52,20847400867.993164,6.014262087076812e-08,1253.8173265446333,0.0007975643491511458,16627143.704773976,20847400867.993134,0.0
21.17363269116025,2.208208302597843,1085992.071506981,2.8405177263793684,35.03398823967674,-35.03398823967674,pass_full,24.0,35.03398823967674,0.24024432939334162,1.197944002988694,1.99915131186284,1.0,1.0,62.0,none,0.0,17.860373857863973,17.17361438181277,32.0,32.0,7726.0,217.3788948412762,0.03259005291578742,nonsingular_isothermal,1.0,0.01,2.0,0.3,1.0,0.0,strict_pass,1.0,none,none,,,0.9994851994851995,1.0,0.9994851994851995,0.9961389961389961,0.9978835978835979,0.9976190476190476,0.0038610038610038533,0.002116402116402072,0.0023809523809523725,0.0,0.0,3883.0,3885.0,1.0,inverse_phase_volume,geometric_mean,3883.0,3883.0,3883.0,0.0,420.0,0.0,0.0,1.985439766591817e+41,1.4765440431882163e+53,743686143510.0773,5.828292441369251e-10,433.44203289708287,0.002307113579447062,1715768400.5387146,743686143510.0768,0.0
6.191145159289901,13.724377750240594,0.0,3.6751169469038873,54.08518802944167,-54.08518802944167,pass_full,25.0,54.08518802944167,0.03630042785665211,0.9760958099022058,1.9989260396691646,1.0,1.0,120.0,none,0.0,12.39199318510491,41.69319484433675,32.0,32.0,6308.0,57.257929146389024,0.05764882582769682,nonsingular_isothermal,1.0,0.01,2.0,0.3,1.0,0.0,strict_pass,1.0,none,none,,,1.0,1.0,1.0,1.0,1.0,1.0,0.0,0.0,0.0,0.0,0.0,3885.0,3885.0,1.0,inverse_phase_volume,geometric_mean,3885.0,3885.0,3885.0,0.0,420.0,0.0,0.0,5.152194294138285e+39,8.646193919626368e+50,167815758219.04172,8.746945502012735e-09,1467.8752915209209,0.0006812567837175475,114325623.7014273,167815758219.04367,0.0
17.813696757911927,2.824236322520624,0.0,4.1028534496312075,24.472259437691644,-24.472259437691644,pass_no_bh,21.0,24.472259437691644,0.15324578000885936,1.039784461423613,1.9977899552007785,1.0,1.0,82.0,none,0.0,13.714080638377164,10.758178799314477,32.0,32.0,7743.0,160.18754431752572,0.04262351916324787,nonsingular_isothermal,1.0,0.01,2.0,0.3,1.0,0.0,strict_pass,1.0,none,none,,,1.0,1.0,1.0,1.0,1.0,1.0,0.0,0.0,0.0,0.0,0.0,3885.0,3885.0,1.0,inverse_phase_volume,geometric_mean,3885.0,3885.0,3885.0,0.0,420.0,0.0,0.0,1.6725051438671123e+43,4.228170415929812e+52,2528046285.199203,1.7523674314339838e-07,443.00659753407973,0.002257302725436435,5706565.769609674,2528046285.199229,0.0
11.653636519057475,30.128289221520102,0.0,3.601574447474144,24.10835785049375,-24.10835785049375,pass_no_bh,22.0,24.10835785049375,0.09599998928465325,1.0108551282664857,1.9971649900117805,1.0,1.0,95.0,none,0.0,11.789676047426584,12.31868180306717,32.0,32.0,7435.0,104.0260488961461,0.03910801481808272,nonsingular_isothermal,1.0,0.01,2.0,0.3,1.0,0.0,strict_pass,1.0,none,none,,,0.9976833976833976,1.0,0.9976833976833976,0.9826254826254827,0.9915343915343915,0.9952380952380953,0.01737451737451734,0.00846560846560851,0.004761904761904745,0.0,0.0,3876.0,3885.0,1.0,inverse_phase_volume,geometric_mean,3876.0,3876.0,3876.0,0.0,420.0,0.0,0.0,7.995986684054855e+37,8.59031833697962e+51,107432874470763.55,4.0593033394412116e-11,4361.026261049414,0.0002293038244074608,24634768983.232876,107432874470764.12,0.0
21.17363269116025,2.208208302597843,0.0,2.8405177263793684,25.288189825638156,-25.288189825638156,pass_no_bh,24.0,25.288189825638156,0.17986414212175106,1.0175307590154428,1.9945160122417913,1.0,1.0,75.0,none,0.0,14.252023249423539,11.036166576214628,32.0,32.0,7735.0,122.54266105906963,0.05600151168628602,nonsingular_isothermal,1.0,0.01,2.0,0.3,1.0,0.0,strict_pass,1.0,none,none,,,0.9979407979407979,1.0,0.9979407979407979,0.9845559845559846,0.9915343915343915,0.9976190476190476,0.015444015444015413,0.00846560846560851,0.0023809523809523725,0.0,0.0,3877.0,3885.0,1.0,inverse_phase_volume,geometric_mean,3877.0,3877.0,3877.0,0.0,420.0,0.0,0.0,1.0420587767102172e+44,9.996539211100543e+52,959306656.6417346,5.306156670923123e-07,509.02314156005343,0.0019645472245823662,1884603.2298289223,959306656.6417415,0.0
6.191145159289901,13.724377750240594,0.0,3.6751169469038873,54.08511142053614,-54.08511142053614,pass_no_bh,25.0,54.08511142053614,0.0363002645381485,0.9760949935195313,1.998913663052949,1.0,1.0,120.0,none,0.0,12.391966070563683,41.693145349972454,32.0,32.0,6306.0,57.25796257775822,0.05764875359172091,nonsingular_isothermal,1.0,0.01,2.0,0.3,1.0,0.0,strict_pass,1.0,none,none,,,0.9994851994851995,1.0,0.9994851994851995,0.9961389961389961,0.9978835978835979,0.9976190476190476,0.0038610038610038533,0.002116402116402072,0.0023809523809523725,0.0,0.0,3883.0,3885.0,1.0,inverse_phase_volume,geometric_mean,3883.0,3883.0,3883.0,0.0,420.0,0.0,0.0,5.152194294138285e+39,8.646193919626368e+50,167815758219.04172,8.731511922065617e-09,1465.285293600061,0.0006824609544419154,114527702.52456228,167815758219.0437,0.0
0.0,2.824236322520624,682281.0617282112,4.1028534496312075,5.853454114100184e+24,-1000000.0,solver_failed_no_halo,21.0,5.853454114100184e+24,126701535232.0,5463985159258.78,7727241916829.083,0.0,0.0,426.0,stationary_constraints_unsatisfied,2.0,2.804965113887252e+23,5.572957602711458e+24,32.0,32.0,2.0,1.3846153846289908,0.8333333333286346,none,1.0,0.01,2.0,0.3,1.0,0.0,severe_coverage_warn,0.0,multiple,multiple,1;2;3;4;5;6;7;8,Lfrac minimum coverage 0.653 is below 0.8 | Lfrac coverage gap 0.347 exceeds 0.1 | third_integral minimum coverage 0.75 is below 0.8 | third_integral coverage gap 0.25 exceeds 0.1 | 24 planned shell-band/Lfrac/third-integral cells have no successful orbit,0.9155727155727156,1.0,0.9155727155727156,0.8981288981288982,0.6529100529100529,0.75,0.02079002079002079,0.3470899470899471,0.25,24.0,0.0,3557.0,3885.0,1.0,inverse_phase_volume,geometric_mean,3557.0,3557.0,3557.0,0.0,420.0,0.0,0.0,6.63599162026162e+43,1.2895576607090287e+51,19432780.125454538,0.0002111862059374004,4103.9351055104535,0.000243668570357576,4735.157751242612,19432780.12545449,0.0
0.0,30.128289221520102,46365.55032186285,3.601574447474144,inf,-1000000.0,physics_exception_no_halo,22.0,inf,inf,inf,inf,0.0,0.0,0.0,exception,3.0,inf,inf,0.0,0.0,0.0,0.0,0.0,none,1.0,0.01,2.0,0.3,1.0,0.0,severe_coverage_warn,0.0,multiple,multiple,1;2;3;4;5;6;7;8,total orbit coverage 0.824 is below 0.85 | shell_band minimum coverage 0.726 is below 0.8 | shell_band coverage gap 0.178 exceeds 0.1 | Lfrac minimum coverage 0.465 is below 0.8 | Lfrac coverage gap 0.535 exceeds 0.1 | third_integral minimum coverage 0.636 is below 0.8 | third_integral coverage gap 0.364 exceeds 0.1 | 31 planned shell-band/Lfrac/third-integral cells have no successful orbit,0.8239382239382239,1.0,0.8239382239382239,0.7255717255717256,0.46455026455026455,0.6357142857142857,0.1779031779031779,0.5354497354497354,0.3642857142857143,31.0,0.0,3201.0,3885.0,1.0,inverse_phase_volume,geometric_mean,3201.0,3201.0,3201.0,0.0,420.0,0.0,0.0,1.0412008627882595e+42,5.943368222311895e+48,5708186.032804458,0.00031889500970454877,1820.312040326555,0.0005493563619018885,3135.828312040644,5708186.032804482,0.0
0.0,15.191521151300504,26450.07170316972,4.058107735586841,inf,-1000000.0,physics_exception_no_halo,23.0,inf,inf,inf,inf,0.0,0.0,0.0,exception,3.0,inf,inf,0.0,0.0,0.0,0.0,0.0,none,1.0,0.01,2.0,0.3,1.0,0.0,severe_coverage_warn,0.0,multiple,multiple,1;2;3;4;5;6;7;8,total orbit coverage 0.733 is below 0.85 | shell_band minimum coverage 0.595 is below 0.8 | shell_band coverage gap 0.301 exceeds 0.1 | Lfrac minimum coverage 0.41 is below 0.8 | Lfrac coverage gap 0.59 exceeds 0.1 | third_integral minimum coverage 0.51 is below 0.8 | third_integral coverage gap 0.49 exceeds 0.1 | 57 planned shell-band/Lfrac/third-integral cells have no successful orbit,0.7333333333333333,1.0,0.7333333333333333,0.5945945945945946,0.4095238095238095,0.5095238095238095,0.3011583011583011,0.5904761904761905,0.4904761904761905,57.0,0.0,2849.0,3885.0,1.0,inverse_phase_volume,geometric_mean,2849.0,2849.0,2849.0,0.0,420.0,0.0,0.0,3.3920572735204646e+41,1.9387695641980112e+48,5715615.651105586,0.00021747173627536566,1242.9848595285869,0.0008045150287504378,4598.298689875664,5715615.651105588,0.0
0.0,2.208208302597843,1085992.071506981,2.8405177263793684,inf,-1000000.0,physics_exception_no_halo,24.0,inf,inf,inf,inf,0.0,0.0,0.0,exception,3.0,inf,inf,0.0,0.0,0.0,0.0,0.0,none,1.0,0.01,2.0,0.3,1.0,0.0,severe_coverage_warn,0.0,multiple,multiple,1;2;3;4;5;6;7;8,Lfrac minimum coverage 0.666 is below 0.8 | Lfrac coverage gap 0.334 exceeds 0.1 | third_integral minimum coverage 0.75 is below 0.8 | third_integral coverage gap 0.25 exceeds 0.1 | 24 planned shell-band/Lfrac/third-integral cells have no successful orbit,0.9186615186615187,1.0,0.9186615186615187,0.9168399168399168,0.6656084656084656,0.75,0.0020790020790021346,0.33439153439153435,0.25,24.0,0.0,3569.0,3885.0,1.0,inverse_phase_volume,geometric_mean,3569.0,3569.0,3569.0,0.0,420.0,0.0,0.0,5.383400674011026e+43,3.2650115030780666e+51,60649609.80594066,6.920069828363674e-05,4196.995349201192,0.0002382656917145092,14450.721232627517,60649609.8059406,0.0
0.0,13.724377750240594,0.0,3.6751169469038873,inf,-1000000.0,physics_exception_no_halo,25.0,inf,inf,inf,inf,0.0,0.0,0.0,exception,3.0,inf,inf,0.0,0.0,0.0,0.0,0.0,none,1.0,0.01,2.0,0.3,1.0,0.0,severe_coverage_warn,0.0,multiple,multiple,1;2;3;4;5;6;7;8,total orbit coverage 0.37 is below 0.85 | shell_band minimum coverage 0.125 is below 0.8 | shell_band coverage gap 0.632 exceeds 0.1 | Lfrac minimum coverage 0.192 is below 0.8 | Lfrac coverage gap 0.808 exceeds 0.1 | third_integral minimum coverage 0.198 is below 0.8 | third_integral coverage gap 0.483 exceeds 0.1 | 142 planned shell-band/Lfrac/third-integral cells have no successful orbit,0.3703989703989704,1.0,0.3703989703989704,0.12474012474012475,0.19153439153439153,0.1976190476190476,0.632016632016632,0.8084656084656084,0.4833333333333334,142.0,0.0,1439.0,3885.0,1.0,inverse_phase_volume,geometric_mean,1439.0,1439.0,1439.0,0.0,399.0,1.0,9.0,7.155663610287227e+28,2.2576707144452113e+44,3155082236117844.5,2.9551709395138657e-12,9323.807335951824,0.00010725232343058864,338389900438.21387,3155082236117825.5,0.0
25.0,2.824236322520624,0.0,4.1028534496312075,28.53522950060265,-28.53522950060265,pass_no_bh_halo_up,21.0,28.53522950060265,0.2231233471589178,1.0381199665720766,1.9921918729089585,1.0,1.0,79.0,none,0.0,15.311207112014245,13.224022388588415,32.0,32.0,7748.0,158.0828256719057,0.04329501782446509,nonsingular_isothermal,1.0,0.01,2.0,0.3,1.0,0.0,strict_pass,1.0,none,none,,,1.0,1.0,1.0,1.0,1.0,1.0,0.0,0.0,0.0,0.0,0.0,3885.0,3885.0,1.0,inverse_phase_volume,geometric_mean,3885.0,3885.0,3885.0,0.0,420.0,0.0,0.0,6.664190279241486e+43,1.6421635474854098e+53,2464160653.6965804,1.792290443527611e-07,441.64915909371723,0.002264240697417023,5579452.837073583,2464160653.696603,0.0
8.906848378955964,2.824236322520624,0.0,4.1028534496312075,32.37014717565513,-32.37014717565513,pass_no_bh_halo_down,21.0,32.37014717565513,0.18587754729389871,1.0368022857264712,1.9980955473514261,1.0,1.0,80.0,none,0.0,10.46944189141967,21.900705284235457,32.0,32.0,7639.0,119.85297758129686,0.03289281006099971,nonsingular_isothermal,1.0,0.01,2.0,0.3,1.0,0.0,strict_pass,1.0,none,none,,,0.9997425997425997,1.0,0.9997425997425997,0.9980694980694981,0.9989417989417989,0.9976190476190476,0.0019305019305019266,0.0010582010582010914,0.0023809523809523725,0.0,0.0,3884.0,3885.0,1.0,inverse_phase_volume,geometric_mean,3884.0,3884.0,3884.0,0.0,420.0,0.0,0.0,8.80333205599027e+41,2.8394672723492947e+51,3225446063.251886,1.4750744198335727e-07,475.77729804557623,0.002101823697994533,6779318.972345994,3225446063.251889,0.0
17.813696757911927,5.648472645041248,0.0,4.1028534496312075,24.92410845724344,-24.92410845724344,pass_no_bh_halo_scale_up,21.0,24.92410845724344,0.03771844079358999,1.065492078337728,1.99873085979408,1.0,1.0,135.0,none,0.0,13.821732519321586,11.102375937921853,32.0,32.0,7694.0,114.91486101870684,0.0607460415927476,nonsingular_isothermal,1.0,0.01,2.0,0.3,1.0,0.0,strict_pass,1.0,none,none,,,1.0,1.0,1.0,1.0,1.0,1.0,0.0,0.0,0.0,0.0,0.0,3885.0,3885.0,1.0,inverse_phase_volume,geometric_mean,3885.0,3885.0,3885.0,0.0,420.0,0.0,0.0,2.799686057481478e+42,4.6918259586045e+52,16758400271.583094,3.6187662285423036e-08,606.4473294719886,0.001648947816903841,27633727.542627584,16758400271.583036,0.0
17.813696757911927,1.412118161260312,0.0,4.1028534496312075,23.490275213994614,-23.490275213994614,pass_no_bh_halo_scale_down,21.0,23.490275213994614,0.1809784465770825,1.0232368228657045,1.9945115067266,1.0,1.0,79.0,none,0.0,13.340970320081217,10.1493048939134,32.0,32.0,7731.0,121.00117600177417,0.058657726440643765,nonsingular_isothermal,1.0,0.01,2.0,0.3,1.0,0.0,strict_pass,1.0,none,none,,,0.9979407979407979,1.0,0.9979407979407979,0.9845559845559846,0.9915343915343915,0.9976190476190476,0.015444015444015413,0.00846560846560851,0.0023809523809523725,0.0,0.0,3877.0,3885.0,1.0,inverse_phase_volume,geometric_mean,3877.0,3877.0,3877.0,0.0,420.0,0.0,0.0,4.3817169227343467e+43,3.908243757640392e+52,891943461.1037148,4.3487606896526045e-07,387.88486610405494,0.0025780846003198733,2299505.7014275114,891943461.1037211,0.0
17.813696757911927,2.824236322520624,0.0,5.0,24.419370737202374,-24.419370737202374,pass_no_bh_ml_up,21.0,24.419370737202374,0.15358688953993394,1.0373781138194804,1.9941589528561416,1.0,1.0,82.0,none,0.0,13.687658414488359,10.731712322714014,32.0,32.0,7728.0,162.0936540138195,0.04016872167836129,nonsingular_isothermal,1.0,0.01,2.0,0.3,1.0,0.0,strict_pass,1.0,none,none,,,0.9979407979407979,1.0,0.9979407979407979,0.9845559845559846,0.9915343915343915,0.9976190476190476,0.015444015444015413,0.00846560846560851,0.0023809523809523725,0.0,0.0,3877.0,3885.0,1.0,inverse_phase_volume,geometric_mean,3877.0,3877.0,3877.0,0.0,420.0,0.0,0.0,1.6525207581308156e+43,4.228167834705586e+52,2558617078.7277207,1.7155210195993894e-07,438.93613796634276,0.0022782357466239866,5829132.890680181,2558617078.727742,0.0
17.813696757911927,2.824236322520624,0.0,2.0514267248156037,24.36384959185139,-24.36384959185139,pass_no_bh_ml_down,21.0,24.36384959185139,0.185157581113792,1.0383573429156288,1.9923647616989193,1.0,1.0,81.0,none,0.0,13.653490183948575,10.71035940790282,32.0,32.0,7729.0,158.06962029101658,0.03981530347598364,nonsingular_isothermal,1.0,0.01,2.0,0.3,1.0,0.0,strict_pass,1.0,none,none,,,0.9979407979407979,1.0,0.9979407979407979,0.9845559845559846,0.9915343915343915,0.9976190476190476,0.015444015444015413,0.00846560846560851,0.0023809523809523725,0.0,0.0,3877.0,3885.0,1.0,inverse_phase_volume,geometric_mean,3877.0,3877.0,3877.0,0.0,420.0,0.0,0.0,1.7186398928819305e+43,4.2339348892424526e+52,2463538119.170914,1.7792852951364522e-07,438.33371494489006,0.0022813668351423207,5620234.162185389,2463538119.170903,0.0
23.30727303811495,30.128289221520102,0.0,3.601574447474144,26.424965139466224,-26.424965139466224,pass_no_bh_halo_up,22.0,26.424965139466224,0.26798708161771856,1.0066247902667669,1.990210315677431,1.0,1.0,78.0,none,0.0,14.683450824322795,11.74151431514343,32.0,32.0,7705.0,136.68229426306914,0.03295414294453036,nonsingular_isothermal,1.0,0.01,2.0,0.3,1.0,0.0,strict_pass,1.0,none,none,,,1.0,1.0,1.0,1.0,1.0,1.0,0.0,0.0,0.0,0.0,0.0,3885.0,3885.0,1.0,inverse_phase_volume,geometric_mean,3885.0,3885.0,3885.0,0.0,420.0,0.0,0.0,1.1136873767900385e+40,1.3741572106045046e+53,12338805658058.31,3.7307959970334583e-10,4603.356675725716,0.0002172327869515674,2680393140.753742,12338805658058.158,0.0
5.826818259528737,30.128289221520102,0.0,3.601574447474144,64.1013939651136,-64.1013939651136,pass_no_bh_halo_down,22.0,64.1013939651136,0.015063384423029902,1.008187437237858,1.9993158414741419,1.0,1.0,211.0,none,0.0,14.274429795310885,49.82696416980272,32.0,32.0,5461.0,54.18070126726804,0.06654378914580478,nonsingular_isothermal,1.0,0.01,2.0,0.3,1.0,0.0,strict_pass,1.0,none,none,,,0.9971685971685972,1.0,0.9971685971685972,0.9787644787644788,0.9915343915343915,0.9952380952380953,0.021235521235521193,0.00846560846560851,0.004761904761904745,0.0,0.0,3874.0,3885.0,1.0,inverse_phase_volume,geometric_mean,3874.0,3874.0,3874.0,0.0,420.0,0.0,0.0,5.0487312211353105e+37,5.361699929953627e+50,10619895762143.463,3.74779579075693e-10,3980.1200635638656,0.0002512487020566368,2668235026.2153244,10619895762143.469,0.0
11.653636519057475,60.256578443040205,0.0,3.601574447474144,22.368922878687552,-22.368922878687552,pass_no_bh_halo_scale_up,22.0,22.368922878687552,0.18229652733868562,0.9654448959977915,1.9966940172165297,1.0,1.0,89.0,none,0.0,12.076609394312735,10.292313484374818,32.0,32.0,5488.0,94.99334868044157,0.04530461968489039,nonsingular_isothermal,1.0,0.01,2.0,0.3,1.0,0.0,strict_pass,1.0,none,none,,,0.9969111969111969,1.0,0.9969111969111969,0.9768339768339769,0.9915343915343915,0.9952380952380953,0.02316602316602312,0.00846560846560851,0.004761904761904745,0.0,0.0,3873.0,3885.0,1.0,inverse_phase_volume,geometric_mean,3873.0,3873.0,3873.0,0.0,420.0,0.0,0.0,1.2869138423111538e+35,8.684693111553274e+51,6.748465068925309e+16,4.440146799291871e-13,29964.175575922036,3.3373185838744e-05,2252177788715.1914,6.748465068925383e+16,0.0
11.653636519057475,15.064144610760051,0.0,3.601574447474144,22.212324316706834,-22.212324316706834,pass_no_bh_halo_scale_down,22.0,22.212324316706834,0.1530665205133559,0.9688950661812809,1.9980982063916621,1.0,1.0,78.0,none,0.0,11.39319069325923,10.819133623447609,32.0,32.0,7650.0,94.70071055175688,0.06094813309928776,nonsingular_isothermal,1.0,0.01,2.0,0.3,1.0,0.0,strict_pass,1.0,none,none,,,1.0,1.0,1.0,1.0,1.0,1.0,0.0,0.0,0.0,0.0,0.0,3885.0,3885.0,1.0,inverse_phase_volume,geometric_mean,3885.0,3885.0,3885.0,0.0,420.0,0.0,0.0,1.2495373144211633e+40,9.543416222593045e+51,763756000917.3431,1.9252174905385404e-09,1470.3964114698392,0.000680088710907815,519421834.1119841,763756000917.3435,0.0
11.653636519057475,30.128289221520102,0.0,5.0,24.056097142210394,-24.056097142210394,pass_no_bh_ml_up,22.0,24.056097142210394,0.10757094482082152,1.0071440795677273,1.9978100439049495,1.0,1.0,92.0,none,0.0,11.76790190290347,12.28819523930692,32.0,32.0,7456.0,101.969743439278,0.03817860938093854,nonsingular_isothermal,1.0,0.01,2.0,0.3,1.0,0.0,strict_pass,1.0,none,none,,,1.0,1.0,1.0,1.0,1.0,1.0,0.0,0.0,0.0,0.0,0.0,3885.0,3885.0,1.0,inverse_phase_volume,geometric_mean,3885.0,3885.0,3885.0,0.0,420.0,0.0,0.0,3.5768206497546094e+38,8.591268007824362e+51,24019286537092.02,1.824591942738736e-10,4382.539668591089,0.0002281781970319239,5480677496.026794,24019286537091.91,0.0
11.653636519057475,30.128289221520102,0.0,1.800787223737072,24.053905951528964,-24.053905951528964,pass_no_bh_ml_down,22.0,24.053905951528964,0.08660390498601345,1.007291769959149,1.997516560968244,1.0,1.0,98.0,none,0.0,11.762016611845585,12.291889339683374,32.0,32.0,7426.0,110.02696423580258,0.03943967343809957,nonsingular_isothermal,1.0,0.01,2.0,0.3,1.0,0.0,strict_pass,1.0,none,none,,,0.9979407979407979,1.0,0.9979407979407979,0.9845559845559846,0.9915343915343915,0.9976190476190476,0.015444015444015413,0.00846560846560851,0.0023809523809523725,0.0,0.0,3877.0,3885.0,1.0,inverse_phase_volume,geometric_mean,3877.0,3877.0,3877.0,0.0,420.0,0.0,0.0,2.7577794791245793e+38,8.589095369727397e+51,31144968024977.44,1.4333694382992429e-10,4464.224532380969,0.00022400306990532476,6976568449.698111,31144968024977.37,0.0
25.0,2.208208302597843,0.0,2.8405177263793684,27.172283220220677,-27.172283220220677,pass_no_bh_halo_up,24.0,27.172283220220677,0.21840218092498986,1.0159248235275835,1.996021549358367,1.0,1.0,74.0,none,0.0,15.017991094718102,12.15429212550258,32.0,32.0,7754.0,129.44682404524687,0.05276551785614822,nonsingular_isothermal,1.0,0.01,2.0,0.3,1.0,0.0,strict_pass,1.0,none,none,,,1.0,1.0,1.0,1.0,1.0,1.0,0.0,0.0,0.0,0.0,0.0,3885.0,3885.0,1.0,inverse_phase_volume,geometric_mean,3885.0,3885.0,3885.0,0.0,420.0,0.0,0.0,4.955701178839298e+43,1.942330457836935e+53,3919385749.3479037,1.308338633112131e-07,512.7883793940979,0.0019501221950107043,7643281.140611974,3919385749.347886,0.0
10.586816345580125,2.208208302597843,0.0,2.8405177263793684,25.162240931583348,-25.162240931583348,pass_no_bh_halo_down,24.0,25.162240931583348,0.11940024137888017,1.0142864851945423,1.9963832508039403,1.0,1.0,82.0,none,0.0,10.787952530302151,14.374288401281198,32.0,32.0,7656.0,103.73680596976051,0.05814886363483782,nonsingular_isothermal,1.0,0.01,2.0,0.3,1.0,0.0,strict_pass,1.0,none,none,,,0.9979407979407979,1.0,0.9979407979407979,0.9845559845559846,0.9915343915343915,0.9976190476190476,0.015444015444015413,0.00846560846560851,0.0023809523809523725,0.0,0.0,3877.0,3885.0,1.0,inverse_phase_volume,geometric_mean,3877.0,3877.0,3877.0,0.0,420.0,0.0,0.0,6.528011080282914e+42,6.229312402515951e+51,954243540.0164766,5.314012064581705e-07,507.0861684196693,0.001972051422969184,1881817.3309486369,954243540.0164729,0.0
21.17363269116025,4.416416605195686,0.0,2.8405177263793684,27.24858400244786,-27.24858400244786,pass_no_bh_halo_scale_up,24.0,27.24858400244786,0.24619471917169022,1.0688562860358717,1.9970775426102825,1.0,1.0,71.0,none,0.0,14.69672828987924,12.551855712568619,32.0,32.0,7737.0,131.7569388248027,0.0569616690424905,nonsingular_isothermal,1.0,0.01,2.0,0.3,1.0,0.0,strict_pass,1.0,none,none,,,0.9979407979407979,1.0,0.9979407979407979,0.9845559845559846,0.9915343915343915,0.9976190476190476,0.015444015444015413,0.00846560846560851,0.0023809523809523725,0.0,0.0,3877.0,3885.0,1.0,inverse_phase_volume,geometric_mean,3877.0,3877.0,3877.0,0.0,420.0,0.0,0.0,6.055435105816637e+42,7.959460709242236e+52,13144325007.457613,3.549194911012717e-08,466.5177142516625,0.0021435413264083497,28175403.86122843,13144325007.45775,0.0
21.17363269116025,1.1041041512989216,0.0,2.8405177263793684,25.576058881070555,-25.576058881070555,pass_no_bh_halo_scale_down,24.0,25.576058881070555,0.18492724691596862,1.031520347172255,1.9983436851015604,1.0,1.0,77.0,none,0.0,14.28944520696793,11.286613674102622,32.0,32.0,7732.0,122.73282900450037,0.056879974458410525,nonsingular_isothermal,1.0,0.01,2.0,0.3,1.0,0.0,strict_pass,1.0,none,none,,,0.9979407979407979,1.0,0.9979407979407979,0.9845559845559846,0.9915343915343915,0.9976190476190476,0.015444015444015413,0.00846560846560851,0.0023809523809523725,0.0,0.0,3877.0,3885.0,1.0,inverse_phase_volume,geometric_mean,3877.0,3877.0,3877.0,0.0,420.0,0.0,0.0,8.949090596558628e+44,9.711334609479863e+52,108517558.34513907,4.353002112277661e-06,472.37716069560514,0.002116952476126147,229726.51384190595,108517558.34513916,0.0
21.17363269116025,2.208208302597843,0.0,5.0,25.34826950436633,-25.34826950436633,pass_no_bh_ml_up,24.0,25.34826950436633,0.1862839504894538,1.0183883537127205,1.9974530204134968,1.0,1.0,74.0,none,0.0,14.265800180206881,11.082469324159451,32.0,32.0,7756.0,121.1541032910451,0.057515052603777816,nonsingular_isothermal,1.0,0.01,2.0,0.3,1.0,0.0,strict_pass,1.0,none,none,,,0.9997425997425997,1.0,0.9997425997425997,0.9980694980694981,0.9989417989417989,0.9976190476190476,0.0019305019305019266,0.0010582010582010914,0.0023809523809523725,0.0,0.0,3884.0,3885.0,1.0,inverse_phase_volume,geometric_mean,3884.0,3884.0,3884.0,0.0,420.0,0.0,0.0,9.3694020052823e+43,9.996928099153972e+52,1066976109.4163624,4.798494779818741e-07,511.98792912257215,0.001953171047828738,2083986.8456369857,1066976109.4163619,0.0
21.17363269116025,2.208208302597843,0.0,1.4202588631896842,25.113447600499033,-25.113447600499033,pass_no_bh_ml_down,24.0,25.113447600499033,0.19652399998584613,1.0112367700850027,1.9920898224359462,1.0,1.0,75.0,none,0.0,14.182171744876761,10.931275855622275,32.0,32.0,7750.0,124.89436397219534,0.05409445724036791,nonsingular_isothermal,1.0,0.01,2.0,0.3,1.0,0.0,strict_pass,1.0,none,none,,,0.9997425997425997,1.0,0.9997425997425997,0.9980694980694981,0.9989417989417989,0.9976190476190476,0.0019305019305019266,0.0010582010582010914,0.0023809523809523725,0.0,0.0,3884.0,3885.0,1.0,inverse_phase_volume,geometric_mean,3884.0,3884.0,3884.0,0.0,420.0,0.0,0.0,9.360234755842038e+43,9.989200379574913e+52,1067195496.7091308,4.802211678625317e-07,512.4898677672952,0.0019512580889776091,2082373.845474176,1067195496.7091345,0.0
12.382290318579802,13.724377750240594,0.0,3.6751169469038873,21.403371597222105,-21.403371597222105,pass_no_bh_halo_up,25.0,21.403371597222105,0.14428477002228135,0.9888657889208756,1.9980130706409607,1.0,1.0,85.0,none,0.0,11.709761428579077,9.693610168643026,32.0,32.0,7681.0,116.80520212181084,0.03618952231271667,nonsingular_isothermal,1.0,0.01,2.0,0.3,1.0,0.0,strict_pass,1.0,none,none,,,1.0,1.0,1.0,1.0,1.0,1.0,0.0,0.0,0.0,0.0,0.0,3885.0,3885.0,1.0,inverse_phase_volume,geometric_mean,3885.0,3885.0,3885.0,0.0,420.0,0.0,0.0,8.506687692868515e+40,1.382974230380104e+52,162574938720.21478,9.199036000319125e-09,1495.5327140369268,0.000668658057837248,108707042.7776681,162574938720.2143,0.0
3.0955725796449505,13.724377750240594,0.0,3.6751169469038873,162.92697479565243,-162.92697479565243,pass_no_bh_halo_down,25.0,162.92697479565243,0.0033256469304774328,0.9760683861377201,1.9993094328160974,1.0,1.0,283.0,none,0.0,31.481699221538967,131.44527557411345,32.0,32.0,2861.0,39.908753029416,0.07257385737334317,nonsingular_isothermal,1.0,0.01,2.0,0.3,1.0,0.0,strict_pass,1.0,none,none,,,0.998970398970399,1.0,0.998970398970399,0.9922779922779923,0.9957671957671957,0.9976190476190476,0.007722007722007707,0.004232804232804255,0.0023809523809523725,0.0,0.0,3881.0,3885.0,1.0,inverse_phase_volume,geometric_mean,3881.0,3881.0,3881.0,0.0,420.0,0.0,0.0,2.5514402074250973e+38,5.378312556247225e+49,210795163476.51334,6.839441575160711e-09,1441.721204924069,0.0006936153790237599,146210767.21113774,210795163476.51407,0.0
6.191145159289901,27.448755500481187,0.0,3.6751169469038873,60.33331776620949,-60.33331776620949,pass_no_bh_halo_scale_up,25.0,60.33331776620949,0.0033814491043813177,1.0314431023509216,1.999763401056873,1.0,1.0,317.0,none,0.0,13.521888967128413,46.81142879908107,32.0,32.0,3773.0,43.30010920055262,0.06606866782265353,nonsingular_isothermal,1.0,0.01,2.0,0.3,1.0,0.0,strict_pass,1.0,none,none,,,0.9979407979407979,1.0,0.9979407979407979,0.9845559845559846,0.9915343915343915,0.9976190476190476,0.015444015444015413,0.00846560846560851,0.0023809523809523725,0.0,0.0,3877.0,3885.0,1.0,inverse_phase_volume,geometric_mean,3877.0,3877.0,3877.0,0.0,420.0,0.0,0.0,6.526452182765387e+35,6.304517188150033e+50,965994542149343.5,3.2357310127790076e-12,3125.698498207904,0.0003199284897674368,309049174993.42755,965994542149348.1,0.0
6.191145159289901,6.862188875120297,0.0,3.6751169469038873,58.11554101608792,-58.11554101608792,pass_no_bh_halo_scale_down,25.0,58.11554101608792,0.06643381415918981,1.0256461152835015,1.9980919542512754,1.0,1.0,118.0,none,0.0,12.208680504717993,45.90686051136993,32.0,32.0,5916.0,88.4021790742691,0.038661131745850424,nonsingular_isothermal,1.0,0.01,2.0,0.3,1.0,0.0,strict_pass,1.0,none,none,,,1.0,1.0,1.0,1.0,1.0,1.0,0.0,0.0,0.0,0.0,0.0,3885.0,3885.0,1.0,inverse_phase_volume,geometric_mean,3885.0,3885.0,3885.0,0.0,420.0,0.0,0.0,2.6930385151211582e+39,7.051071601224933e+50,261825872954.79913,2.612000276867354e-09,683.8892526489726,0.0014622250548997602,382848351.4555091,261825872954.79935,0.0
6.191145159289901,13.724377750240594,0.0,5.0,54.33326122083207,-54.33326122083207,pass_no_bh_ml_up,25.0,54.33326122083207,0.03362525601820465,0.9749309048051473,1.9997182629398838,1.0,1.0,122.0,none,0.0,12.389973944367277,41.943287276464794,32.0,32.0,6266.0,67.62100482286726,0.04988101923537207,nonsingular_isothermal,1.0,0.01,2.0,0.3,1.0,0.0,strict_pass,1.0,none,none,,,0.9966537966537966,1.0,0.9966537966537966,0.974903474903475,0.9915343915343915,0.9952380952380953,0.025096525096525046,0.00846560846560851,0.004761904761904745,0.0,0.0,3872.0,3885.0,1.0,inverse_phase_volume,geometric_mean,3872.0,3872.0,3872.0,0.0,420.0,0.0,0.0,1.9022662533005348e+39,8.644256062083633e+50,454418830544.1145,3.1801568757380702e-09,1445.123168419723,0.0006919825395184302,314449896.36491245,454418830544.1158,0.0
6.191145159289901,13.724377750240594,0.0,1.8375584734519437,54.58074764095762,-54.58074764095762,pass_no_bh_ml_down,25.0,54.58074764095762,0.036232911325214445,0.9851878076335797,1.9999384066581314,1.0,1.0,160.0,none,0.0,12.678296015054503,41.90245162590312,32.0,32.0,5804.0,59.339804960572096,0.07105512850190578,nonsingular_isothermal,1.0,0.01,2.0,0.3,1.0,0.0,strict_pass,1.0,none,none,,,1.0,1.0,1.0,1.0,1.0,1.0,0.0,0.0,0.0,0.0,0.0,3885.0,3885.0,1.0,inverse_phase_volume,geometric_mean,3885.0,3885.0,3885.0,0.0,420.0,0.0,0.0,7.357372426216756e+38,8.649650264445808e+50,1175643934188.2761,1.2623308156525598e-09,1484.051566360879,0.000673831033009286,792185366.6251915,1175643934188.2825,0.0
13.330328404523433,7.011652031933795,12972.749838611848,4.1996033661157135,23.43931935395759,-23.43931935395759,pass_full,26.0,23.43931935395759,0.03524417451667716,1.0518210298853345,1.9987928292028958,1.0,1.0,133.0,none,0.0,12.222065430341372,11.217253923616221,32.0,32.0,7671.0,106.74084186606699,0.06095984473314814,nonsingular_isothermal,1.0,0.01,2.0,0.3,1.0,0.0,strict_pass,1.0,none,none,,,1.0,1.0,1.0,1.0,1.0,1.0,0.0,0.0,0.0,0.0,0.0,3885.0,3885.0,1.0,inverse_phase_volume,geometric_mean,3885.0,3885.0,3885.0,0.0,420.0,0.0,0.0,9.997047938587833e+42,1.5021568742728712e+52,1502600451.1538467,4.051012117818824e-07,608.7052635864225,0.001642831202260538,2468518.9056862844,1502600451.1538367,0.0
17.03846583764907,2.6882760372900014,42539.5286178498,3.276078976440268,23.152888756281186,-23.152888756281186,pass_full,27.0,23.152888756281186,0.09029042858896474,1.020153941070377,1.9986275804844273,1.0,1.0,95.0,none,0.0,13.15440959967346,9.998479156607724,32.0,32.0,7730.0,119.56808868614092,0.05738756053134904,nonsingular_isothermal,1.0,0.01,2.0,0.3,1.0,0.0,strict_pass,1.0,none,none,,,1.0,1.0,1.0,1.0,1.0,1.0,0.0,0.0,0.0,0.0,0.0,3885.0,3885.0,1.0,inverse_phase_volume,geometric_mean,3885.0,3885.0,3885.0,0.0,420.0,0.0,0.0,7.591910181396329e+44,4.375130114847417e+52,57628844.52411591,8.612687027087301e-06,496.3392016188867,0.0020147511958320966,116107.78341938509,57628844.5241162,0.0
12.75835080500753,7.597640883969463,164108.6668715283,3.677848106476278,23.444199887348937,-23.444199887348937,pass_full,28.0,23.444199887348937,0.0872231149923941,1.0351600595712949,1.9977584904270114,1.0,1.0,89.0,none,0.0,12.22781653929834,11.216383348050593,32.0,32.0,7686.0,142.34997161451534,0.03566666627284328,nonsingular_isothermal,1.0,0.01,2.0,0.3,1.0,0.0,strict_pass,1.0,none,none,,,1.0,1.0,1.0,1.0,1.0,1.0,0.0,0.0,0.0,0.0,0.0,3885.0,3885.0,1.0,inverse_phase_volume,geometric_mean,3885.0,3885.0,3885.0,0.0,420.0,0.0,0.0,1.0906888937956719e+40,1.404190277289341e+52,1287434286052.6094,3.5772122845807287e-10,460.5425743657817,0.0021713519132886055,2795472900.253685,1287434286052.61,0.0
16.68332724554969,37.51806692560886,2851.41306716677,2.596567449496155,22.530246325623427,-22.530246325623427,pass_full,29.0,22.530246325623427,0.10478177385596155,0.9785394422718595,1.9989971489302039,1.0,1.0,97.0,none,0.0,13.105068651341007,9.425177674282427,32.0,32.0,7624.0,106.38579954901282,0.05309215881768829,nonsingular_isothermal,1.0,0.01,2.0,0.3,1.0,0.0,strict_pass,1.0,none,none,,,1.0,1.0,1.0,1.0,1.0,1.0,0.0,0.0,0.0,0.0,0.0,3885.0,3885.0,1.0,inverse_phase_volume,geometric_mean,3885.0,3885.0,3885.0,0.0,420.0,0.0,0.0,5.66329421444361e+40,3.9575850611599987e+52,698813254495.3452,5.5739261645532275e-09,3895.133483368171,0.0002567306112280618,179406753.96085984,698813254495.3403,0.0
0.1125147548404648,102.62671302156177,54143.297005331224,4.601103131966378,inf,-1000000.0,physics_exception_full,30.0,inf,inf,inf,inf,0.0,0.0,0.0,exception,3.0,inf,inf,0.0,0.0,0.0,0.0,0.0,nonsingular_isothermal,1.0,0.01,2.0,0.3,1.0,0.0,severe_coverage_warn,0.0,multiple,multiple,1;2;3;4;5;6;7;8,total orbit coverage 0.812 is below 0.85 | shell_band minimum coverage 0.719 is below 0.8 | shell_band coverage gap 0.18 exceeds 0.1 | Lfrac minimum coverage 0.46 is below 0.8 | Lfrac coverage gap 0.54 exceeds 0.1 | third_integral minimum coverage 0.61 is below 0.8 | third_integral coverage gap 0.39 exceeds 0.1 | 33 planned shell-band/Lfrac/third-integral cells have no successful orbit,0.8118404118404119,1.0,0.8118404118404119,0.7193347193347194,0.4603174603174603,0.6095238095238096,0.18027918027918022,0.5396825396825398,0.3904761904761904,33.0,0.0,3154.0,3885.0,1.0,inverse_phase_volume,geometric_mean,3154.0,3154.0,3154.0,0.0,420.0,0.0,0.0,1.42284877064006e+42,8.1116343082672e+48,5700981.352092837,0.0002790445266068293,1590.8276425891083,0.0006286036106164695,3583.6574619827215,5700981.35209284,0.0
13.330328404523433,7.011652031933795,0.0,4.1996033661157135,22.835621499419677,-22.835621499419677,pass_no_bh,26.0,22.835621499419677,0.06318510318866544,1.0213317503476627,1.9979468557501736,1.0,1.0,92.0,none,0.0,12.089133189327741,10.746488310091925,32.0,32.0,7711.0,129.50810394283602,0.04806331880468258,nonsingular_isothermal,1.0,0.01,2.0,0.3,1.0,0.0,strict_pass,1.0,none,none,,,1.0,1.0,1.0,1.0,1.0,1.0,0.0,0.0,0.0,0.0,0.0,3885.0,3885.0,1.0,inverse_phase_volume,geometric_mean,3885.0,3885.0,3885.0,0.0,420.0,0.0,0.0,9.453522383863974e+42,1.5637014067794e+52,1654093937.9891353,4.3157595202876686e-07,713.8671660326695,0.0014008208355589728,2317089.2523069605,1654093937.989127,0.0
17.03846583764907,2.6882760372900014,0.0,3.276078976440268,23.701786239996526,-23.701786239996526,pass_no_bh,27.0,23.701786239996526,0.19648145315872156,1.0271702717038589,1.9935881533122932,1.0,1.0,74.0,none,0.0,13.354632236181327,10.347154003815207,32.0,32.0,7751.0,126.80726654354729,0.055621650508035296,nonsingular_isothermal,1.0,0.01,2.0,0.3,1.0,0.0,strict_pass,1.0,none,none,,,1.0,1.0,1.0,1.0,1.0,1.0,0.0,0.0,0.0,0.0,0.0,3885.0,3885.0,1.0,inverse_phase_volume,geometric_mean,3885.0,3885.0,3885.0,0.0,420.0,0.0,0.0,8.548545883672272e+41,3.4899563796522576e+52,40825146488.57505,1.0689181582868936e-08,436.387403963603,0.0022915418523019636,93552531.8049283,40825146488.57506,0.0
12.75835080500753,7.597640883969463,0.0,3.677848106476278,23.322589398216387,-23.322589398216387,pass_no_bh,28.0,23.322589398216387,0.11511423932086018,1.0489455426673193,1.99868898997154,1.0,1.0,86.0,none,0.0,11.939784715659782,11.382804682556598,32.0,32.0,7718.0,124.93241778718215,0.0539239949912904,nonsingular_isothermal,1.0,0.01,2.0,0.3,1.0,0.0,strict_pass,1.0,none,none,,,1.0,1.0,1.0,1.0,1.0,1.0,0.0,0.0,0.0,0.0,0.0,3885.0,3885.0,1.0,inverse_phase_volume,geometric_mean,3885.0,3885.0,3885.0,0.0,420.0,0.0,0.0,3.343362785440592e+42,1.1572892505734885e+52,3461452809.1691365,1.8836167717411487e-07,652.0050565941477,0.0015337304364227775,5308935.527663811,3461452809.1691246,0.0
16.68332724554969,37.51806692560886,0.0,2.596567449496155,22.788186831333576,-22.788186831333576,pass_no_bh,29.0,22.788186831333576,0.15383297494839354,0.9960600254424617,1.9957633415782756,1.0,1.0,86.0,none,0.0,13.099797347956612,9.688389483376968,32.0,32.0,7433.0,117.9712409312643,0.04930393511767676,nonsingular_isothermal,1.0,0.01,2.0,0.3,1.0,0.0,strict_pass,1.0,none,none,,,1.0,1.0,1.0,1.0,1.0,1.0,0.0,0.0,0.0,0.0,0.0,3885.0,3885.0,1.0,inverse_phase_volume,geometric_mean,3885.0,3885.0,3885.0,0.0,420.0,0.0,0.0,2.997064441220145e+36,3.561447716233023e+52,1.1883120253440764e+16,6.499431713659972e-13,7723.352863244862,0.00012947744557405388,1538596055864.826,1.1883120253440856e+16,0.0
0.0,7.011652031933795,12972.749838611848,4.1996033661157135,2.952702077383937e+26,-1000000.0,solver_failed_no_halo,26.0,2.952702077383937e+26,4741643894784.0,8802159543156.457,12448133404103.629,0.0,0.0,311.0,stationary_constraints_unsatisfied,2.0,2.337915915109382e+25,2.718910485872999e+26,32.0,32.0,1.0,1.000000000001937,0.9999999999990316,none,1.0,0.01,2.0,0.3,1.0,0.0,severe_coverage_warn,0.0,multiple,multiple,1;2;3;4;5;6;7;8,total orbit coverage 0.635 is below 0.85 | shell_band minimum coverage 0.543 is below 0.8 | shell_band coverage gap 0.332 exceeds 0.1 | Lfrac minimum coverage 0.35 is below 0.8 | Lfrac coverage gap 0.65 exceeds 0.1 | third_integral minimum coverage 0.374 is below 0.8 | third_integral coverage gap 0.626 exceeds 0.1 | 74 planned shell-band/Lfrac/third-integral cells have no successful orbit,0.635006435006435,1.0,0.635006435006435,0.5426195426195426,0.3502645502645503,0.3738095238095238,0.33189783189783195,0.6497354497354497,0.6261904761904762,74.0,0.0,2467.0,3885.0,1.0,inverse_phase_volume,geometric_mean,2467.0,2467.0,2467.0,0.0,420.0,0.0,0.0,4.078099301037649e+40,4.637400185347443e+47,11371474.412522234,7.990059201042831e-05,908.5875375919654,0.0011006094169531595,12515.551823063888,11371474.412522253,0.0
0.0,2.6882760372900014,42539.5286178498,3.276078976440268,inf,-1000000.0,physics_exception_no_halo,27.0,inf,inf,inf,inf,0.0,0.0,0.0,exception,3.0,inf,inf,0.0,0.0,0.0,0.0,0.0,none,1.0,0.01,2.0,0.3,1.0,0.0,severe_coverage_warn,0.0,multiple,multiple,1;2;3;4;5;6;7;8,total orbit coverage 0.827 is below 0.85 | shell_band minimum coverage 0.73 is below 0.8 | shell_band coverage gap 0.179 exceeds 0.1 | Lfrac minimum coverage 0.471 is below 0.8 | Lfrac coverage gap 0.529 exceeds 0.1 | third_integral minimum coverage 0.633 is below 0.8 | third_integral coverage gap 0.367 exceeds 0.1 | 31 planned shell-band/Lfrac/third-integral cells have no successful orbit,0.8265122265122266,1.0,0.8265122265122266,0.7297297297297297,0.4708994708994709,0.6333333333333333,0.1787941787941788,0.5291005291005291,0.3666666666666667,31.0,0.0,3211.0,3885.0,1.0,inverse_phase_volume,geometric_mean,3211.0,3211.0,3211.0,0.0,420.0,0.0,0.0,8.764455406350248e+41,4.996565197323696e+48,5700942.004569339,0.00031574115787315256,1800.0220294904097,0.0005555487564133325,3167.1512410230184,5700942.004569324,0.0
0.0,7.597640883969463,164108.6668715283,3.677848106476278,inf,-1000000.0,physics_exception_no_halo,28.0,inf,inf,inf,inf,0.0,0.0,0.0,exception,3.0,inf,inf,0.0,0.0,0.0,0.0,0.0,none,1.0,0.01,2.0,0.3,1.0,0.0,severe_coverage_warn,0.0,multiple,multiple,1;2;3;4;5;6;7;8,Lfrac minimum coverage 0.635 is below 0.8 | Lfrac coverage gap 0.365 exceeds 0.1 | third_integral minimum coverage 0.75 is below 0.8 | third_integral coverage gap 0.25 exceeds 0.1 | 25 planned shell-band/Lfrac/third-integral cells have no successful orbit,0.9111969111969112,1.0,0.9111969111969112,0.8877338877338877,0.6349206349206349,0.75,0.031185031185031242,0.3650793650793651,0.25,25.0,0.0,3540.0,3885.0,1.0,inverse_phase_volume,geometric_mean,3540.0,3540.0,3540.0,0.0,420.0,0.0,0.0,4.4750746544576574e+42,7.45651026674209e+49,16662314.804770017,0.0001720017184983945,2865.946780581694,0.0003489248323714624,5813.895400174935,16662314.804770077,0.0
0.0,37.51806692560886,2851.41306716677,2.596567449496155,inf,-1000000.0,physics_exception_no_halo,29.0,inf,inf,inf,inf,0.0,0.0,0.0,exception,3.0,inf,inf,0.0,0.0,0.0,0.0,0.0,none,1.0,0.01,2.0,0.3,1.0,0.0,severe_coverage_warn,0.0,multiple,multiple,1;2;3;4;5;6;7;8,total orbit coverage 0.554 is below 0.85 | shell_band minimum coverage 0.353 is below 0.8 | shell_band coverage gap 0.471 exceeds 0.1 | Lfrac minimum coverage 0.316 is below 0.8 | Lfrac coverage gap 0.684 exceeds 0.1 | third_integral minimum coverage 0.302 is below 0.8 | third_integral coverage gap 0.698 exceeds 0.1 | 103 planned shell-band/Lfrac/third-integral cells have no successful orbit,0.5541827541827542,1.0,0.5541827541827542,0.35343035343035345,0.3164021164021164,0.30238095238095236,0.4708939708939709,0.6835978835978835,0.6976190476190476,103.0,0.0,2153.0,3885.0,1.0,inverse_phase_volume,geometric_mean,2153.0,2153.0,2153.0,0.0,420.0,0.0,0.0,3.984351839107999e+39,2.2475143766017278e+46,5640853.1860602265,0.00012273452586185378,692.3274412474244,0.0014444032410418633,8147.666624186656,5640853.186060188,0.0
25.0,7.011652031933795,0.0,4.1996033661157135,27.638590211775334,-27.638590211775334,pass_no_bh_halo_up,26.0,27.638590211775334,0.08026203823004252,1.0229909469172702,1.9972068685249649,1.0,1.0,87.0,none,0.0,15.081838798834973,12.556751412940363,32.0,32.0,7752.0,153.38250533863683,0.04562897971932657,nonsingular_isothermal,1.0,0.01,2.0,0.3,1.0,0.0,strict_pass,1.0,none,none,,,1.0,1.0,1.0,1.0,1.0,1.0,0.0,0.0,0.0,0.0,0.0,3885.0,3885.0,1.0,inverse_phase_volume,geometric_mean,3885.0,3885.0,3885.0,0.0,420.0,0.0,0.0,3.3381808565489293e+44,1.9323397749324164e+53,578860121.1170157,1.2324028372263891e-06,713.3888556218149,0.0014017600529074214,811422.9940029769,578860121.1170105,0.0
6.665164202261717,7.011652031933795,0.0,4.1996033661157135,51.04884949720463,-51.04884949720463,pass_no_bh_halo_down,26.0,51.04884949720463,0.08565984967951579,1.0179063538050552,1.9994375322458926,1.0,1.0,106.0,none,0.0,11.533182281916842,39.51566721528778,32.0,32.0,6469.0,96.52956454069037,0.03911394204654482,nonsingular_isothermal,1.0,0.01,2.0,0.3,1.0,0.0,strict_pass,1.0,none,none,,,0.9979407979407979,1.0,0.9979407979407979,0.9845559845559846,0.9915343915343915,0.9976190476190476,0.015444015444015413,0.00846560846560851,0.0023809523809523725,0.0,0.0,3877.0,3885.0,1.0,inverse_phase_volume,geometric_mean,3877.0,3877.0,3877.0,0.0,420.0,0.0,0.0,2.9072872756490267e+41,9.729335618960237e+50,3346533966.715844,2.0971107198662777e-07,701.8052255996353,0.0014248967712453004,4768465.444036093,3346533966.715815,0.0
13.330328404523433,14.02330406386759,0.0,4.1996033661157135,21.135745676239083,-21.135745676239083,pass_no_bh_halo_scale_up,26.0,21.135745676239083,0.037812327583129246,0.9856094269374399,1.9995952212992127,1.0,1.0,124.0,none,0.0,12.06777713313856,9.067968543100527,32.0,32.0,7641.0,118.46345304779989,0.04710332770558989,nonsingular_isothermal,1.0,0.01,2.0,0.3,1.0,0.0,strict_pass,1.0,none,none,,,0.9974259974259975,1.0,0.9974259974259975,0.9806949806949807,0.9915343915343915,0.9952380952380953,0.019305019305019266,0.00846560846560851,0.004761904761904745,0.0,0.0,3875.0,3885.0,1.0,inverse_phase_volume,geometric_mean,3875.0,3875.0,3875.0,0.0,420.0,0.0,0.0,5.756177706223959e+40,1.9633856510840543e+52,341091910515.7425,4.670296677210723e-09,1593.0004163051292,0.0006277462264067961,214119159.68414184,341091910515.7424,0.0
13.330328404523433,3.5058260159668975,0.0,4.1996033661157135,24.05722792438124,-24.05722792438124,pass_no_bh_halo_scale_down,26.0,24.05722792438124,0.17561425420917232,1.0675093742876596,1.9918013378598742,1.0,1.0,72.0,none,0.0,12.36636613481337,11.690861789567863,32.0,32.0,7717.0,137.52824376621322,0.04446506617026118,nonsingular_isothermal,1.0,0.01,2.0,0.3,1.0,0.0,strict_pass,1.0,none,none,,,0.9969111969111969,1.0,0.9969111969111969,0.9768339768339769,0.9915343915343915,0.9952380952380953,0.02316602316602312,0.00846560846560851,0.004761904761904745,0.0,0.0,3873.0,3885.0,1.0,inverse_phase_volume,geometric_mean,3873.0,3873.0,3873.0,0.0,420.0,0.0,0.0,1.7066187713576892e+43,1.260713375328981e+52,738719974.5412555,5.825004395015618e-07,430.3047098388656,0.002323934591314294,1716736.9021312452,738719974.5412585,0.0
13.330328404523433,7.011652031933795,0.0,5.0,22.853510273262643,-22.853510273262643,pass_no_bh_ml_up,26.0,22.853510273262643,0.08620652097731352,1.0217216392624653,1.999146371353071,1.0,1.0,85.0,none,0.0,12.10625740308564,10.747252870176998,32.0,32.0,7719.0,130.40050482947623,0.04700486569416968,nonsingular_isothermal,1.0,0.01,2.0,0.3,1.0,0.0,strict_pass,1.0,none,none,,,1.0,1.0,1.0,1.0,1.0,1.0,0.0,0.0,0.0,0.0,0.0,3885.0,3885.0,1.0,inverse_phase_volume,geometric_mean,3885.0,3885.0,3885.0,0.0,420.0,0.0,0.0,6.339038951857801e+42,1.5634260216604765e+52,2466345503.6859784,2.890825371343748e-07,712.9774156555038,0.0014025689706883783,3459219.6744667697,2466345503.6859903,0.0
13.330328404523433,7.011652031933795,0.0,2.0998016830578567,22.83857332806041,-22.83857332806041,pass_no_bh_ml_down,26.0,22.83857332806041,0.06199742249457074,1.0237515734458424,1.9987667944332053,1.0,1.0,95.0,none,0.0,12.086414239867647,10.752159088192762,32.0,32.0,7707.0,145.30563530510216,0.041897066824426864,nonsingular_isothermal,1.0,0.01,2.0,0.3,1.0,0.0,strict_pass,1.0,none,none,,,0.9992277992277993,1.0,0.9992277992277993,0.9942084942084942,0.9968253968253968,0.9976190476190476,0.00579150579150578,0.0031746031746031633,0.0023809523809523725,0.0,0.0,3882.0,3885.0,1.0,inverse_phase_volume,geometric_mean,3882.0,3882.0,3882.0,0.0,420.0,0.0,0.0,2.7060337024713994e+43,1.5610628008124346e+52,576882246.2878892,1.2327254625794026e-06,711.1374339090797,0.0014061979475655784,811210.6307170464,576882246.2878865,0.0
25.0,2.6882760372900014,0.0,3.276078976440268,27.75670200521359,-27.75670200521359,pass_no_bh_halo_up,27.0,27.75670200521359,0.2889680700026247,1.0192160206669485,1.9800381372255194,1.0,1.0,72.0,none,0.0,15.006630429403604,12.750071575809995,32.0,32.0,7742.0,126.96324302426869,0.057800940685430006,nonsingular_isothermal,1.0,0.01,2.0,0.3,1.0,0.0,strict_pass,1.0,none,none,,,0.9981981981981982,1.0,0.9981981981981982,0.9864864864864865,0.9925925925925926,0.9976190476190476,0.013513513513513487,0.007407407407407418,0.0023809523809523725,0.0,0.0,3878.0,3885.0,1.0,inverse_phase_volume,geometric_mean,3878.0,3878.0,3878.0,0.0,420.0,0.0,0.0,3.847167392832871e+42,1.6134550122326295e+53,41938778521.52823,1.0340688970625043e-08,433.6758644990522,0.0023058696179809783,96705355.20802489,41938778521.528114,0.0
8.519232918824535,2.6882760372900014,0.0,3.276078976440268,34.034537131519606,-34.034537131519606,pass_no_bh_halo_down,27.0,34.034537131519606,0.0851720089263921,1.0281588330095943,1.9995439757217148,1.0,1.0,98.0,none,0.0,10.420676727029598,23.613860404490016,32.0,32.0,7518.0,95.1744953134753,0.05424757311820956,nonsingular_isothermal,1.0,0.01,2.0,0.3,1.0,0.0,strict_pass,1.0,none,none,,,0.9979407979407979,1.0,0.9979407979407979,0.9845559845559846,0.9915343915343915,0.9976190476190476,0.015444015444015413,0.00846560846560851,0.0023809523809523725,0.0,0.0,3877.0,3885.0,1.0,inverse_phase_volume,geometric_mean,3877.0,3877.0,3877.0,0.0,420.0,0.0,0.0,6.258341234350128e+40,2.225348418346258e+51,35558118917.070206,1.23777753105309e-08,440.130406420632,0.00227205388542118,80789962.24379748,35558118917.0701,0.0
17.03846583764907,5.376552074580003,0.0,3.276078976440268,24.42182469056062,-24.42182469056062,pass_no_bh_halo_scale_up,27.0,24.42182469056062,0.1672053748282032,1.0574512130830087,1.995938103971709,1.0,1.0,75.0,none,0.0,13.60366956482111,10.8181551257395,32.0,32.0,7726.0,122.6134443266922,0.05527497289092766,nonsingular_isothermal,1.0,0.01,2.0,0.3,1.0,0.0,strict_pass,1.0,none,none,,,0.9979407979407979,1.0,0.9979407979407979,0.9845559845559846,0.9915343915343915,0.9976190476190476,0.015444015444015413,0.00846560846560851,0.0023809523809523725,0.0,0.0,3877.0,3885.0,1.0,inverse_phase_volume,geometric_mean,3877.0,3877.0,3877.0,0.0,420.0,0.0,0.0,1.1088946174218944e+41,3.790681628410475e+52,341843270663.8576,1.648484202755426e-09,563.5232315076144,0.0017745497329802417,606617884.6776385,341843270663.8562,0.0
17.03846583764907,1.3441380186450007,0.0,3.276078976440268,23.339108908083467,-23.339108908083467,pass_no_bh_halo_scale_down,27.0,23.339108908083467,0.14432473497200604,1.0303171275812888,1.9993428785785368,1.0,1.0,87.0,none,0.0,13.177677458833067,10.161431449250397,32.0,32.0,7712.0,117.98403837443036,0.05981506188425806,nonsingular_isothermal,1.0,0.01,2.0,0.3,1.0,0.0,strict_pass,1.0,none,none,,,0.9979407979407979,1.0,0.9979407979407979,0.9845559845559846,0.9915343915343915,0.9976190476190476,0.015444015444015413,0.00846560846560851,0.0023809523809523725,0.0,0.0,3877.0,3885.0,1.0,inverse_phase_volume,geometric_mean,3877.0,3877.0,3877.0,0.0,420.0,0.0,0.0,1.5223825613447262e+44,3.4429978556512077e+52,226158519.09194195,1.7842423637906314e-06,403.5216106959903,0.002478182019236118,560461.9755107121,226158519.09193924,0.0
17.03846583764907,2.6882760372900014,0.0,5.0,23.84082261993499,-23.84082261993499,pass_no_bh_ml_up,27.0,23.84082261993499,0.17993729005340242,1.0270996500843812,1.9990293336321232,1.0,1.0,75.0,none,0.0,13.425383107927368,10.415439512007616,32.0,32.0,7745.0,126.78286850466311,0.055721445427212545,nonsingular_isothermal,1.0,0.01,2.0,0.3,1.0,0.0,strict_pass,1.0,none,none,,,1.0,1.0,1.0,1.0,1.0,1.0,0.0,0.0,0.0,0.0,0.0,3885.0,3885.0,1.0,inverse_phase_volume,geometric_mean,3885.0,3885.0,3885.0,0.0,420.0,0.0,0.0,8.795931402427008e+41,3.495329540684642e+52,39738026375.6968,1.0971732278953856e-08,435.99498668815625,0.002293604354481365,91143310.33379434,39738026375.69716,0.0
17.03846583764907,2.6882760372900014,0.0,1.638039488220134,23.705970773494336,-23.705970773494336,pass_no_bh_ml_down,27.0,23.705970773494336,0.2089086757649845,1.0259245065285185,1.9933461620534114,1.0,1.0,73.0,none,0.0,13.3513561118403,10.354614661654043,32.0,32.0,7740.0,125.73033823482979,0.056725457720655285,nonsingular_isothermal,1.0,0.01,2.0,0.3,1.0,0.0,strict_pass,1.0,none,none,,,0.9979407979407979,1.0,0.9979407979407979,0.9845559845559846,0.9915343915343915,0.9976190476190476,0.015444015444015413,0.00846560846560851,0.0023809523809523725,0.0,0.0,3877.0,3885.0,1.0,inverse_phase_volume,geometric_mean,3877.0,3877.0,3877.0,0.0,420.0,0.0,0.0,8.316808892800969e+41,3.481880117670436e+52,41865578042.61142,1.0338519249840365e-08,432.8280844992372,0.0023103861228343245,96725650.53408793,41865578042.61189,0.0
25.0,7.597640883969463,0.0,3.677848106476278,28.032332084623505,-28.032332084623505,pass_no_bh_halo_up,28.0,28.032332084623505,0.1631009004709867,1.0505307921275844,1.9956174862062928,1.0,1.0,84.0,none,0.0,15.131320138362307,12.901011946261201,32.0,32.0,7747.0,124.10949975089846,0.05788320837470202,nonsingular_isothermal,1.0,0.01,2.0,0.3,1.0,0.0,strict_pass,1.0,none,none,,,1.0,1.0,1.0,1.0,1.0,1.0,0.0,0.0,0.0,0.0,0.0,3885.0,3885.0,1.0,inverse_phase_volume,geometric_mean,3885.0,3885.0,3885.0,0.0,420.0,0.0,0.0,4.0143590621028703e+43,1.6998147035232193e+53,4234336483.6746645,1.5333878016926822e-07,649.2879912329004,0.0015401486143323709,6521507.467948525,4234336483.674656,0.0
6.379175402503765,7.597640883969463,0.0,3.677848106476278,55.07130211301208,-55.07130211301208,pass_no_bh_halo_down,28.0,55.07130211301208,0.0420088511815635,1.0449445954401484,1.9986169366953446,1.0,1.0,127.0,none,0.0,12.176412895267307,42.894889217744776,32.0,32.0,6616.0,78.325581192624,0.044972052893807936,nonsingular_isothermal,1.0,0.01,2.0,0.3,1.0,0.0,strict_pass,1.0,none,none,,,0.9984555984555985,1.0,0.9984555984555985,0.9884169884169884,0.9936507936507937,0.9976190476190476,0.01158301158301156,0.006349206349206327,0.0023809523809523725,0.0,0.0,3879.0,3885.0,1.0,inverse_phase_volume,geometric_mean,3879.0,3879.0,3879.0,0.0,420.0,0.0,0.0,1.786295433862255e+41,7.153942481716775e+50,4004904421.800381,1.5904059059196583e-07,636.9423645075058,0.0015700007657258226,6287703.008885308,4004904421.8003664,0.0
12.75835080500753,15.195281767938926,0.0,3.677848106476278,21.213365058513354,-21.213365058513354,pass_no_bh_halo_scale_up,28.0,21.213365058513354,0.22463058022515625,0.9714582247723612,1.9914038308727955,1.0,1.0,77.0,none,0.0,11.730519432662536,9.482845625850816,32.0,32.0,7679.0,106.47193264579627,0.05530216793585626,nonsingular_isothermal,1.0,0.01,2.0,0.3,1.0,0.0,strict_pass,1.0,none,none,,,1.0,1.0,1.0,1.0,1.0,1.0,0.0,0.0,0.0,0.0,0.0,3885.0,3885.0,1.0,inverse_phase_volume,geometric_mean,3885.0,3885.0,3885.0,0.0,420.0,0.0,0.0,2.3480431290766554e+40,1.3197914693693921e+52,562081442638.742,2.512188162343093e-09,1412.0543464697807,0.0007081880400000602,398059355.1827383,562081442638.7439,0.0
12.75835080500753,3.7988204419847316,0.0,3.677848106476278,24.118817698247433,-24.118817698247433,pass_no_bh_halo_scale_down,28.0,24.118817698247433,0.2516306725858719,1.0624351103553031,1.9901862398415515,1.0,1.0,71.0,none,0.0,12.06262262429074,12.056195073956687,32.0,32.0,7738.0,129.03779812498175,0.04328755508903556,nonsingular_isothermal,1.0,0.01,2.0,0.3,1.0,0.0,strict_pass,1.0,none,none,,,1.0,1.0,1.0,1.0,1.0,1.0,0.0,0.0,0.0,0.0,0.0,3885.0,3885.0,1.0,inverse_phase_volume,geometric_mean,3885.0,3885.0,3885.0,0.0,420.0,0.0,0.0,7.698736908112741e+40,9.387117726802847e+51,121930621072.54155,3.2505300858106914e-09,396.3391521778784,0.0025230916363044456,307642130.2375355,121930621072.54128,0.0
12.75835080500753,7.597640883969463,0.0,5.0,23.35436232055819,-23.35436232055819,pass_no_bh_ml_up,28.0,23.35436232055819,0.12514331556575442,1.0499550978221104,1.9978037049905466,1.0,1.0,84.0,none,0.0,11.940167360418423,11.41419496013976,32.0,32.0,7721.0,124.17252487813693,0.054625381473095154,nonsingular_isothermal,1.0,0.01,2.0,0.3,1.0,0.0,strict_pass,1.0,none,none,,,1.0,1.0,1.0,1.0,1.0,1.0,0.0,0.0,0.0,0.0,0.0,3885.0,3885.0,1.0,inverse_phase_volume,geometric_mean,3885.0,3885.0,3885.0,0.0,420.0,0.0,0.0,3.6625663987147714e+42,1.144178217611441e+52,3123979453.3498254,2.0592034767039227e-07,643.2909351489512,0.0015545065931458436,4856246.657084401,3123979453.3497925,0.0
12.75835080500753,7.597640883969463,0.0,1.838924053238139,23.253212714239286,-23.253212714239286,pass_no_bh_ml_down,28.0,23.253212714239286,0.11536985809879852,1.0524984418285481,1.9945061239691702,1.0,1.0,90.0,none,0.0,11.900367076052474,11.352845638186803,32.0,32.0,7713.0,121.9621768472645,0.055589592780991584,nonsingular_isothermal,1.0,0.01,2.0,0.3,1.0,0.0,strict_pass,1.0,none,none,,,1.0,1.0,1.0,1.0,1.0,1.0,0.0,0.0,0.0,0.0,0.0,3885.0,3885.0,1.0,inverse_phase_volume,geometric_mean,3885.0,3885.0,3885.0,0.0,420.0,0.0,0.0,2.9169694279165884e+42,1.1535915956163187e+52,3954760665.55918,1.6472556536859046e-07,651.4501865316981,0.0015350367851208562,6070703.097982373,3954760665.5591745,0.0
25.0,37.51806692560886,0.0,2.596567449496155,27.182612048681257,-27.182612048681257,pass_no_bh_halo_up,29.0,27.182612048681257,0.20901299266991558,0.9970874966400185,1.9980315861844653,1.0,1.0,84.0,none,0.0,14.671238128906058,12.511373919775197,32.0,32.0,7629.0,129.12913094293003,0.05023698291032692,nonsingular_isothermal,1.0,0.01,2.0,0.3,1.0,0.0,strict_pass,1.0,none,none,,,1.0,1.0,1.0,1.0,1.0,1.0,0.0,0.0,0.0,0.0,0.0,3885.0,3885.0,1.0,inverse_phase_volume,geometric_mean,3885.0,3885.0,3885.0,0.0,420.0,0.0,0.0,1.336566640854256e+37,1.795769759456293e+53,1.3435691903162726e+16,5.89778113696986e-13,7924.077026861159,0.00012619766271960566,1695552915199.8613,1.3435691903162686e+16,0.0
8.341663622774846,37.51806692560886,0.0,2.596567449496155,35.05653751438609,-35.05653751438609,pass_no_bh_halo_down,29.0,35.05653751438609,0.052856754249511084,0.9962642629101521,1.9995613973081152,1.0,1.0,117.0,none,0.0,11.514501897564907,23.54203561682119,32.0,32.0,6132.0,75.09228238520039,0.04404870973168028,nonsingular_isothermal,1.0,0.01,2.0,0.3,1.0,0.0,strict_pass,1.0,none,none,,,0.9997425997425997,1.0,0.9997425997425997,0.9980694980694981,0.9989417989417989,0.9976190476190476,0.0019305019305019266,0.0010582010582010914,0.0023809523809523725,0.0,0.0,3884.0,3885.0,1.0,inverse_phase_volume,geometric_mean,3884.0,3884.0,3884.0,0.0,420.0,0.0,0.0,1.2531735980537177e+35,2.227131998014394e+51,1.7771935200943544e+16,3.969285294651946e-13,7054.1881050613,0.00014175975818996254,2519345236653.4585,1.7771935200943674e+16,0.0
16.68332724554969,75.03613385121773,0.0,2.596567449496155,19.895118542166067,-19.895118542166067,pass_no_bh_halo_scale_up,29.0,19.895118542166067,0.16236025247782138,0.927905136988185,1.9937488036309863,1.0,1.0,89.0,none,0.0,13.074743147109857,6.820375395056204,32.0,32.0,6904.0,101.22951602397848,0.049411386664961164,nonsingular_isothermal,1.0,0.01,2.0,0.3,1.0,0.0,strict_pass,1.0,none,none,,,0.9992277992277993,1.0,0.9992277992277993,0.9942084942084942,0.9968253968253968,0.9976190476190476,0.00579150579150578,0.0031746031746031633,0.0023809523809523725,0.0,0.0,3882.0,3885.0,1.0,inverse_phase_volume,geometric_mean,3882.0,3882.0,3882.0,0.0,420.0,0.0,0.0,2.031527005775682e+35,3.396597213635718e+52,1.671942929618512e+17,4.3321624608727213e-13,72431.28396414893,1.3806189056305653e-05,2308316017766.6753,1.671942929618515e+17,0.0
16.68332724554969,18.75903346280443,0.0,2.596567449496155,20.79988871340695,-20.79988871340695,pass_no_bh_halo_scale_down,29.0,20.79988871340695,0.2782623070543515,0.9505628610369983,1.947850574909675,1.0,1.0,77.0,none,0.0,12.571931575512474,8.227957137894483,32.0,32.0,7719.0,106.45368578999764,0.05259076864394102,nonsingular_isothermal,1.0,0.01,2.0,0.3,1.0,0.0,strict_pass,1.0,none,none,,,0.9987129987129987,1.0,0.9987129987129987,0.9903474903474904,0.9947089947089947,0.9976190476190476,0.009652509652509633,0.005291005291005346,0.0023809523809523725,0.0,0.0,3880.0,3885.0,1.0,inverse_phase_volume,geometric_mean,3880.0,3880.0,3880.0,0.0,420.0,0.0,0.0,1.450893103269341e+41,4.38331153058224e+52,302111266550.5951,7.222140617050674e-09,2181.8900490236806,0.0004583182367266696,138463102.98072994,302111266550.59576,0.0
16.68332724554969,37.51806692560886,0.0,5.0,22.799224722854316,-22.799224722854316,pass_no_bh_ml_up,29.0,22.799224722854316,0.16142350918243764,0.9967924028356849,1.9974142277883107,1.0,1.0,85.0,none,0.0,13.105510736525739,9.69371398632858,32.0,32.0,7435.0,117.01487190526669,0.049874559731625336,nonsingular_isothermal,1.0,0.01,2.0,0.3,1.0,0.0,strict_pass,1.0,none,none,,,1.0,1.0,1.0,1.0,1.0,1.0,0.0,0.0,0.0,0.0,0.0,3885.0,3885.0,1.0,inverse_phase_volume,geometric_mean,3885.0,3885.0,3885.0,0.0,420.0,0.0,0.0,5.774621626905474e+36,3.563197770120976e+52,6170443711011480.0,1.2132051381604335e-12,7486.014014928898,0.00013358243759706585,824262911972.4027,6170443711011512.0,0.0
16.68332724554969,37.51806692560886,0.0,1.2982837247480774,22.760517529486382,-22.760517529486382,pass_no_bh_ml_down,29.0,22.760517529486382,0.15276249532750086,0.9955524986772479,1.9947932646222797,1.0,1.0,86.0,none,0.0,13.069940160173958,9.690577369312422,32.0,32.0,7427.0,119.14442730865504,0.04818954976783933,nonsingular_isothermal,1.0,0.01,2.0,0.3,1.0,0.0,strict_pass,1.0,none,none,,,1.0,1.0,1.0,1.0,1.0,1.0,0.0,0.0,0.0,0.0,0.0,3885.0,3885.0,1.0,inverse_phase_volume,geometric_mean,3885.0,3885.0,3885.0,0.0,420.0,0.0,0.0,2.6125581044976874e+36,3.561408692784536e+52,1.3631883197749138e+16,5.847405711065188e-13,7971.1151663092005,0.0001254529609892742,1710160111017.5674,1.3631883197749156e+16,0.0
12.976957515921486,52.35578503932797,1526129.292429219,0.4845305600141675,25.811679213632793,-25.811679213632793,pass_full,31.0,25.811679213632793,0.2798225266730867,1.194441339890062,1.6891951423314528,1.0,1.0,57.0,none,0.0,12.175254905939617,13.636424307693172,32.0,32.0,7615.0,147.63902013169135,0.051947611751376105,nonsingular_isothermal,1.0,0.01,2.0,0.3,1.0,0.0,strict_pass,1.0,none,none,,,0.9940797940797941,1.0,0.9940797940797941,0.9555984555984556,0.9756613756613757,0.9809523809523809,0.044401544401544424,0.024338624338624326,0.01904761904761909,0.0,0.0,3862.0,3885.0,1.0,inverse_phase_volume,geometric_mean,3862.0,3862.0,3862.0,0.0,420.0,0.0,0.0,3.5555058841919476e+43,2.489156966376452e+52,700085177.0330166,7.677491708430982e-07,537.4898141866411,0.0018605003734131309,1302508.7332909226,700085177.0330151,0.0
10.638283553384564,369.333160209901,8250.16445509498,1.4864604038179197,1.1137712008769946e+31,-1000000.0,solver_failed_full,32.0,1.1137712008769946e+31,0.0,957264047566239.2,1914528095132478.5,0.0,0.0,462.0,stationary_constraints_unsatisfied,2.0,22.786277708965304,1.1137712008769946e+31,32.0,32.0,1.0,1.0000000000000782,0.9999999999999609,nonsingular_isothermal,1.0,0.01,2.0,0.3,1.0,0.0,strict_pass,1.0,none,none,,,0.9981981981981982,1.0,0.9981981981981982,0.9864864864864865,0.9925925925925926,0.9952380952380953,0.013513513513513487,0.007407407407407418,0.004761904761904745,0.0,0.0,3878.0,3885.0,1.0,inverse_phase_volume,geometric_mean,3878.0,3878.0,3878.0,0.0,420.0,0.0,0.0,7.988379664949628e+39,1.3894685947500195e+51,173936223993.77798,3.5507247058756577e-07,61759.96477814308,1.6191719078730775e-05,2816326.476522449,173936223993.77826,0.0
1.6551114472770412,53.905242060094224,268782.6355802703,4.376047760938506,inf,-1000000.0,physics_exception_full,33.0,inf,inf,inf,inf,0.0,0.0,0.0,exception,3.0,inf,inf,0.0,0.0,0.0,0.0,0.0,nonsingular_isothermal,1.0,0.01,2.0,0.3,1.0,0.0,severe_coverage_warn,0.0,multiple,multiple,1;2;3;4,Lfrac minimum coverage 0.778 is below 0.8 | Lfrac coverage gap 0.222 exceeds 0.1 | third_integral coverage gap 0.174 exceeds 0.1 | 9 planned shell-band/Lfrac/third-integral cells have no successful orbit,0.9459459459459459,1.0,0.9459459459459459,0.9126819126819127,0.7777777777777778,0.8261904761904761,0.08731808731808732,0.2222222222222222,0.17380952380952386,9.0,0.0,3675.0,3885.0,1.0,inverse_phase_volume,geometric_mean,3675.0,3675.0,3675.0,0.0,420.0,0.0,0.0,3.792385881644252e+41,1.9907362598131112e+50,524929772.9560143,1.3803208261684345e-06,724.5714978870552,0.0013801260509364915,724469.254568774,524929772.95601493,0.0
8.567707922621215,424.0794523098671,3304.5051652073334,2.3543896043002293,inf,-1000000.0,physics_exception_full,34.0,inf,inf,inf,inf,0.0,0.0,0.0,exception,3.0,inf,inf,0.0,0.0,0.0,0.0,0.0,nonsingular_isothermal,1.0,0.01,2.0,0.3,1.0,0.0,strict_pass,1.0,none,none,,,0.9997425997425997,1.0,0.9997425997425997,0.9980694980694981,0.9989417989417989,0.9976190476190476,0.0019305019305019266,0.0010582010582010914,0.0023809523809523725,0.0,0.0,3884.0,3885.0,1.0,inverse_phase_volume,geometric_mean,3884.0,3884.0,3884.0,0.0,420.0,0.0,0.0,9.208183914663697e+37,4.523992891400316e+50,4913013177545.272,1.7415691050300273e-08,85563.51962618247,1.1687223765091585e-05,57419484.3668152,4913013177545.2705,0.0
0.6208806595405625,14.655394179832262,3871.928151826519,0.4560477860145443,inf,-1000000.0,physics_exception_full,35.0,inf,inf,inf,inf,0.0,0.0,0.0,exception,3.0,inf,inf,0.0,0.0,0.0,0.0,0.0,nonsingular_isothermal,1.0,0.01,2.0,0.3,1.0,0.0,strict_pass,1.0,none,none,,,0.992020592020592,1.0,0.992020592020592,0.9401544401544402,0.9693121693121693,0.9761904761904762,0.05984555984555984,0.030687830687830653,0.023809523809523836,0.0,0.0,3854.0,3885.0,1.0,inverse_phase_volume,geometric_mean,3854.0,3854.0,3854.0,0.0,420.0,0.0,0.0,1.3331979250077167e+36,9.416028639288211e+46,70627387446.86923,2.4804061760795718e-09,175.18460802357782,0.005708264049461535,403159776.6703512,70627387446.86865,0.0
12.976957515921486,52.35578503932797,0.0,0.4845305600141675,22.187640490976104,-22.187640490976104,pass_no_bh,31.0,22.187640490976104,0.05520393676898294,1.014796854537503,1.9996067741455044,1.0,1.0,127.0,none,0.0,12.464350755271264,9.723289735704839,32.0,32.0,6479.0,94.75411308355343,0.03915272259300786,nonsingular_isothermal,1.0,0.01,2.0,0.3,1.0,0.0,strict_pass,1.0,none,none,,,0.9981981981981982,1.0,0.9981981981981982,0.9864864864864865,0.9925925925925926,0.9976190476190476,0.013513513513513487,0.007407407407407418,0.0023809523809523725,0.0,0.0,3878.0,3885.0,1.0,inverse_phase_volume,geometric_mean,3878.0,3878.0,3878.0,0.0,420.0,0.0,0.0,3.0521800069755163e+35,1.0297012353345444e+52,3.3736582802496696e+16,5.145220568706503e-13,17358.215975327686,5.760960696775304e-05,1943551275686.9,3.3736582802496852e+16,0.0
0.0,52.35578503932797,1526129.292429219,0.4845305600141675,inf,-1000000.0,physics_exception_no_halo,31.0,inf,inf,inf,inf,0.0,0.0,0.0,exception,3.0,inf,inf,0.0,0.0,0.0,0.0,0.0,none,1.0,0.01,2.0,0.3,1.0,0.0,severe_coverage_warn,0.0,multiple,multiple,1;2;3;4;5;6;7;8,Lfrac minimum coverage 0.66 is below 0.8 | Lfrac coverage gap 0.34 exceeds 0.1 | third_integral minimum coverage 0.75 is below 0.8 | third_integral coverage gap 0.25 exceeds 0.1 | 24 planned shell-band/Lfrac/third-integral cells have no successful orbit,0.9173745173745174,1.0,0.9173745173745174,0.9168399168399168,0.6603174603174603,0.75,0.0020790020790021346,0.3396825396825397,0.25,24.0,0.0,3564.0,3885.0,1.0,inverse_phase_volume,geometric_mean,3564.0,3564.0,3564.0,0.0,420.0,0.0,0.0,2.0013901332656018e+44,6.429548028424009e+51,32125410.840979457,0.0001384897541394959,4449.040248997549,0.0002247675777321454,7220.750778376968,32125410.84097951,0.0
25.0,52.35578503932797,0.0,0.4845305600141675,25.817091722274064,-25.817091722274064,pass_no_bh_halo_up,31.0,25.817091722274064,0.17640089359888478,1.0139979082893356,1.99732318951024,1.0,1.0,92.0,none,0.0,14.620121766086703,11.196969956187356,32.0,32.0,7332.0,109.5849004666052,0.052835427651364245,nonsingular_isothermal,1.0,0.01,2.0,0.3,1.0,0.0,strict_pass,1.0,none,none,,,1.0,1.0,1.0,1.0,1.0,1.0,0.0,0.0,0.0,0.0,0.0,3885.0,3885.0,1.0,inverse_phase_volume,geometric_mean,3885.0,3885.0,3885.0,0.0,420.0,0.0,0.0,3.274560662447298e+36,1.4179629717258575e+53,4.3302388255837624e+16,4.226830036250628e-13,18303.183532116233,5.463530419423047e-05,2365839154694.38,4.330238825583796e+16,0.0
6.488478757960743,52.35578503932797,0.0,0.4845305600141675,52.718466165467376,-52.718466165467376,pass_no_bh_halo_down,31.0,52.718466165467376,0.004541014156181689,1.0128789022184521,1.9989531076137157,1.0,1.0,315.0,none,0.0,15.386798851092726,37.33166731437465,32.0,32.0,2822.0,55.32797189043204,0.06376805841956433,nonsingular_isothermal,1.0,0.01,2.0,0.3,1.0,0.0,strict_pass,1.0,none,none,,,0.9984555984555985,1.0,0.9984555984555985,0.9884169884169884,0.9936507936507937,0.9976190476190476,0.01158301158301156,0.006349206349206327,0.0023809523809523725,0.0,0.0,3879.0,3885.0,1.0,inverse_phase_volume,geometric_mean,3879.0,3879.0,3879.0,0.0,420.0,0.0,0.0,1.9750726567339098e+34,6.442701363887646e+50,3.26200726941441e+16,4.891000708781817e-13,15954.47986675724,6.267832034334133e-05,2044571365946.6353,3.2620072694143944e+16,0.0
12.976957515921486,104.71157007865594,0.0,0.4845305600141675,20.1942113973954,-20.1942113973954,pass_no_bh_halo_scale_up,31.0,20.1942113973954,0.0358644985276122,0.815504385812141,1.998694623302558,1.0,1.0,168.0,none,0.0,12.322229507573148,7.871981889822252,32.0,32.0,5193.0,75.5804164983651,0.052102520371244194,nonsingular_isothermal,1.0,0.01,2.0,0.3,1.0,0.0,strict_pass,1.0,none,none,,,1.0,1.0,1.0,1.0,1.0,1.0,0.0,0.0,0.0,0.0,0.0,3885.0,3885.0,1.0,inverse_phase_volume,geometric_mean,3885.0,3885.0,3885.0,0.0,420.0,0.0,0.0,4.282834831695653e+34,1.155151784377095e+52,2.697166315703445e+17,1.1120517226237984e-12,299938.8447580889,3.334012974566648e-06,899238749111.9377,2.6971663157034352e+17,0.0
12.976957515921486,26.177892519663985,0.0,0.4845305600141675,22.194771786829556,-22.194771786829556,pass_no_bh_halo_scale_down,31.0,22.194771786829556,0.027475707003340233,1.0273433808480614,1.9990781933844568,1.0,1.0,138.0,none,0.0,11.775796925995902,10.418974860833647,32.0,32.0,7282.0,81.57584921039826,0.06627682242564666,nonsingular_isothermal,1.0,0.01,2.0,0.3,1.0,0.0,strict_pass,1.0,none,none,,,1.0,1.0,1.0,1.0,1.0,1.0,0.0,0.0,0.0,0.0,0.0,3885.0,3885.0,1.0,inverse_phase_volume,geometric_mean,3885.0,3885.0,3885.0,0.0,420.0,0.0,0.0,1.590741466401205e+39,1.2560845550479763e+52,7896220608931.91,4.1176058960687706e-10,3251.35245359977,0.0003075643180095222,2428595706.438872,7896220608931.893,0.0
12.976957515921486,52.35578503932797,0.0,0.969061120028335,22.18363714617897,-22.18363714617897,pass_no_bh_ml_up,31.0,22.18363714617897,0.053163851393129846,1.0146154709317974,1.9992189082930873,1.0,1.0,129.0,none,0.0,12.458329195971666,9.725307950207304,32.0,32.0,6485.0,94.84380591371317,0.03906594304565784,nonsingular_isothermal,1.0,0.01,2.0,0.3,1.0,0.0,strict_pass,1.0,none,none,,,0.9971685971685972,1.0,0.9971685971685972,0.9787644787644788,0.9915343915343915,0.9952380952380953,0.021235521235521193,0.00846560846560851,0.004761904761904745,0.0,0.0,3874.0,3885.0,1.0,inverse_phase_volume,geometric_mean,3874.0,3874.0,3874.0,0.0,420.0,0.0,0.0,2.1313293766651275e+35,1.03008310521413e+52,4.83305450810185e+16,3.4216153803714936e-13,16536.853639094905,6.04709953794289e-05,2922596168279.52,4.833054508101801e+16,0.0
12.976957515921486,52.35578503932797,0.0,0.24226528000708375,22.148036652293893,-22.148036652293893,pass_no_bh_ml_down,31.0,22.148036652293893,0.05127837674770319,1.0145514856178766,1.9975913763305075,1.0,1.0,131.0,none,0.0,12.436922337986722,9.711114314307176,32.0,32.0,6454.0,95.40908328638716,0.03993376968676808,nonsingular_isothermal,1.0,0.01,2.0,0.3,1.0,0.0,strict_pass,1.0,none,none,,,1.0,1.0,1.0,1.0,1.0,1.0,0.0,0.0,0.0,0.0,0.0,3885.0,3885.0,1.0,inverse_phase_volume,geometric_mean,3885.0,3885.0,3885.0,0.0,420.0,0.0,0.0,3.7348666862789086e+35,1.0295156666064003e+52,2.756499101798246e+16,6.625806727523366e-13,18264.030293106716,5.475242780217157e-05,1509250180579.5745,2.7564991017982132e+16,0.0
7.821974193317796,4.054240276955227,5813.796216022728,3.882586442065794,38.84458182777785,-38.84458182777785,pass_full,36.0,38.84458182777785,0.07796932549368307,1.0381724802340861,1.9983475060783784,1.0,1.0,102.0,none,0.0,10.34481181524278,28.499770012535077,32.0,32.0,7175.0,89.83418752143248,0.055990326691782444,nonsingular_isothermal,1.0,0.01,2.0,0.3,1.0,0.0,strict_pass,1.0,none,none,,,1.0,1.0,1.0,1.0,1.0,1.0,0.0,0.0,0.0,0.0,0.0,3885.0,3885.0,1.0,inverse_phase_volume,geometric_mean,3885.0,3885.0,3885.0,0.0,420.0,0.0,0.0,5.793380410943007e+42,1.4491955865564127e+51,250146802.6886435,1.7353094744726632e-06,434.08211671464915,0.0023037115824270783,576266.0866609319,250146802.68864477,0.0
8.947226488699716,10.193752222601587,10039.312966712476,1.7257484390118265,30.676158597666202,-30.676158597666202,pass_full,37.0,30.676158597666202,0.05157186470442454,1.0536014211473252,1.9984683290836849,1.0,1.0,109.0,none,0.0,10.686387951895625,19.989770645770584,32.0,32.0,7469.0,91.54171883480491,0.055818906609237495,nonsingular_isothermal,1.0,0.01,2.0,0.3,1.0,0.0,strict_pass,1.0,none,none,,,0.9992277992277993,1.0,0.9992277992277993,0.9942084942084942,0.9968253968253968,0.9976190476190476,0.00579150579150578,0.0031746031746031633,0.0023809523809523725,0.0,0.0,3882.0,3885.0,1.0,inverse_phase_volume,geometric_mean,3882.0,3882.0,3882.0,0.0,420.0,0.0,0.0,2.5382043834627393e+42,2.8681855434020166e+51,1130005748.193178,5.879618467281589e-07,664.4002665210888,0.0015051167953862626,1700790.6304885542,1130005748.193166,0.0
8.971091290134325,1.688363127649926,1251.1678206545648,2.4825678959890687,30.768461623094375,-30.768461623094375,pass_full,38.0,30.768461623094375,0.07144314047929257,1.0304038228587975,1.9966705482315925,1.0,1.0,100.0,none,0.0,10.443931483732637,20.324530139361734,32.0,32.0,7615.0,108.35964693016666,0.04257302528492215,nonsingular_isothermal,1.0,0.01,2.0,0.3,1.0,0.0,strict_pass,1.0,none,none,,,0.9984555984555985,1.0,0.9984555984555985,0.9884169884169884,0.9936507936507937,0.9976190476190476,0.01158301158301156,0.006349206349206327,0.0023809523809523725,0.0,0.0,3879.0,3885.0,1.0,inverse_phase_volume,geometric_mean,3879.0,3879.0,3879.0,0.0,420.0,0.0,0.0,1.1123530176233068e+43,3.1151189808668975e+51,280047694.52801704,1.752404894484355e-06,490.75695057995466,0.002037668542072088,570644.3774195517,280047694.528016,0.0
2.30540434810787,91.41427089682966,0.0,0.22082250911914283,inf,-1000000.0,physics_exception_full,39.0,inf,inf,inf,inf,0.0,0.0,0.0,exception,3.0,inf,inf,0.0,0.0,0.0,0.0,0.0,nonsingular_isothermal,1.0,0.01,2.0,0.3,1.0,0.0,strict_pass,1.0,none,none,,,1.0,1.0,1.0,1.0,1.0,1.0,0.0,0.0,0.0,0.0,0.0,3885.0,3885.0,1.0,inverse_phase_volume,geometric_mean,3885.0,3885.0,3885.0,0.0,420.0,0.0,0.0,8.378690679978806e+31,1.0851377862677189e+49,1.2951161795012866e+17,6.248498388557325e-13,80925.31360608299,1.2357072903883465e-05,1600384504909.6404,1.2951161795012851e+17,0.0
9.506261948180944,2.2565682147454025,25240.89507871674,1.108314980107837,29.717201159027205,-29.717201159027205,pass_full,40.0,29.717201159027205,0.1021351900934313,1.0583298846642024,1.9971681687514502,1.0,1.0,99.0,none,0.0,11.056624371858595,18.66057678716861,32.0,32.0,7688.0,121.05993117857946,0.03670514689217066,nonsingular_isothermal,1.0,0.01,2.0,0.3,1.0,0.0,strict_pass,1.0,none,none,,,1.0,1.0,1.0,1.0,1.0,1.0,0.0,0.0,0.0,0.0,0.0,3885.0,3885.0,1.0,inverse_phase_volume,geometric_mean,3885.0,3885.0,3885.0,0.0,420.0,0.0,0.0,8.656535764132989e+44,2.8010212185475052e+51,3235729.9673538017,9.3119132780568e-05,301.3083684720822,0.0033188590315992345,10738.931625968482,3235729.967353808,0.0
7.821974193317796,4.054240276955227,0.0,3.882586442065794,40.29608268485113,-40.29608268485113,pass_no_bh,36.0,40.29608268485113,0.04276935287428074,1.0688464454619262,1.9994896604697645,1.0,1.0,120.0,none,0.0,10.527739134485458,29.768343550365678,32.0,32.0,7299.0,87.87087181862637,0.046886120900233454,nonsingular_isothermal,1.0,0.01,2.0,0.3,1.0,0.0,strict_pass,1.0,none,none,,,1.0,1.0,1.0,1.0,1.0,1.0,0.0,0.0,0.0,0.0,0.0,3885.0,3885.0,1.0,inverse_phase_volume,geometric_mean,3885.0,3885.0,3885.0,0.0,420.0,0.0,0.0,2.519684631900819e+41,1.264594502720232e+51,5018860244.292705,7.748727217393139e-08,388.8977897524302,0.0025713697180860646,12905345.251480209,5018860244.292673,0.0
8.947226488699716,10.193752222601587,0.0,1.7257484390118265,29.810412652424418,-29.810412652424418,pass_no_bh,37.0,29.810412652424418,0.10181911161713231,1.0071518844710028,1.99715108807883,1.0,1.0,93.0,none,0.0,10.643355867238235,19.16705678518619,32.0,32.0,7436.0,88.71566320099919,0.05638223950084791,nonsingular_isothermal,1.0,0.01,2.0,0.3,1.0,0.0,strict_pass,1.0,none,none,,,1.0,1.0,1.0,1.0,1.0,1.0,0.0,0.0,0.0,0.0,0.0,3885.0,3885.0,1.0,inverse_phase_volume,geometric_mean,3885.0,3885.0,3885.0,0.0,420.0,0.0,0.0,5.020413270033087e+40,3.038871487362233e+51,60530305453.16452,1.4618826647252406e-08,884.8820423250476,0.001130094127995272,68404942.75838129,60530305453.164406,0.0
8.971091290134325,1.688363127649926,0.0,2.4825678959890687,31.032509568663432,-31.032509568663432,pass_no_bh,38.0,31.032509568663432,0.1360046179120431,1.0212395931885057,1.9996621832614705,1.0,1.0,81.0,none,0.0,10.482512270053356,20.549997298610073,32.0,32.0,7632.0,107.22218839493092,0.04405599356514995,nonsingular_isothermal,1.0,0.01,2.0,0.3,1.0,0.0,strict_pass,1.0,none,none,,,1.0,1.0,1.0,1.0,1.0,1.0,0.0,0.0,0.0,0.0,0.0,3885.0,3885.0,1.0,inverse_phase_volume,geometric_mean,3885.0,3885.0,3885.0,0.0,420.0,0.0,0.0,3.7322766114135484e+42,3.078149355863694e+51,824737734.1889691,5.929808514823626e-07,489.0536838690062,0.002044765294658023,1686395.0960644868,824737734.1889639,0.0
9.506261948180944,2.2565682147454025,0.0,1.108314980107837,28.776752101821735,-28.776752101821735,pass_no_bh,40.0,28.776752101821735,0.12951037986199765,1.0152842754798916,1.9954941774383783,1.0,1.0,81.0,none,0.0,10.51528730739755,18.26146479442419,32.0,32.0,7642.0,112.24137477678943,0.04333286469922484,nonsingular_isothermal,1.0,0.01,2.0,0.3,1.0,0.0,strict_pass,1.0,none,none,,,0.9974259974259975,1.0,0.9974259974259975,0.9806949806949807,0.9915343915343915,0.9952380952380953,0.019305019305019266,0.00846560846560851,0.004761904761904745,0.0,0.0,3875.0,3885.0,1.0,inverse_phase_volume,geometric_mean,3875.0,3875.0,3875.0,0.0,420.0,0.0,0.0,1.769685554755717e+41,3.961750115401429e+51,22386746079.01345,2.2287732123430734e-08,498.94979972431656,0.0020042096430392944,44867732.36783101,22386746079.01352,0.0
0.0,4.054240276955227,5813.796216022728,3.882586442065794,inf,-1000000.0,physics_exception_no_halo,36.0,inf,inf,inf,inf,0.0,0.0,0.0,exception,3.0,inf,inf,0.0,0.0,0.0,0.0,0.0,none,1.0,0.01,2.0,0.3,1.0,0.0,severe_coverage_warn,0.0,multiple,multiple,1;2;3;4;5;6;7;8,total orbit coverage 0.567 is below 0.85 | shell_band minimum coverage 0.387 is below 0.8 | shell_band coverage gap 0.461 exceeds 0.1 | Lfrac minimum coverage 0.319 is below 0.8 | Lfrac coverage gap 0.681 exceeds 0.1 | third_integral minimum coverage 0.307 is below 0.8 | third_integral coverage gap 0.693 exceeds 0.1 | 101 planned shell-band/Lfrac/third-integral cells have no successful orbit,0.5667953667953668,1.0,0.5667953667953668,0.3866943866943867,0.31851851851851853,0.30714285714285716,0.46079596079596075,0.6814814814814815,0.6928571428571428,101.0,0.0,2202.0,3885.0,1.0,inverse_phase_volume,geometric_mean,2202.0,2202.0,2202.0,0.0,420.0,0.0,0.0,1.6507396938668532e+40,9.358936107452427e+46,5669540.838100976,0.0001404891754222358,796.509117367497,0.0012554784097199673,7117.986115261417,5669540.83810097,0.0
0.0,10.193752222601587,10039.312966712476,1.7257484390118265,inf,-1000000.0,physics_exception_no_halo,37.0,inf,inf,inf,inf,0.0,0.0,0.0,exception,3.0,inf,inf,0.0,0.0,0.0,0.0,0.0,none,1.0,0.01,2.0,0.3,1.0,0.0,severe_coverage_warn,0.0,multiple,multiple,1;2;3;4;5;6;7;8,total orbit coverage 0.719 is below 0.85 | shell_band minimum coverage 0.572 is below 0.8 | shell_band coverage gap 0.32 exceeds 0.1 | Lfrac minimum coverage 0.397 is below 0.8 | Lfrac coverage gap 0.603 exceeds 0.1 | third_integral minimum coverage 0.486 is below 0.8 | third_integral coverage gap 0.514 exceeds 0.1 | 57 planned shell-band/Lfrac/third-integral cells have no successful orbit,0.7189189189189189,1.0,0.7189189189189189,0.5717255717255717,0.3968253968253968,0.4857142857142857,0.3201663201663202,0.6031746031746033,0.5142857142857142,57.0,0.0,2793.0,3885.0,1.0,inverse_phase_volume,geometric_mean,2793.0,2793.0,2793.0,0.0,420.0,0.0,0.0,4.88799749231202e+40,2.782895762045125e+47,5693324.856287553,0.00020524344612967116,1168.5176134401747,0.0008557851319467488,4872.2627633537595,5693324.856287566,0.0
0.0,1.688363127649926,1251.1678206545648,2.4825678959890687,inf,-1000000.0,physics_exception_no_halo,38.0,inf,inf,inf,inf,0.0,0.0,0.0,exception,3.0,inf,inf,0.0,0.0,0.0,0.0,0.0,none,1.0,0.01,2.0,0.3,1.0,0.0,severe_coverage_warn,0.0,multiple,multiple,1;2;3;4;5;6;7;8,total orbit coverage 0.524 is below 0.85 | shell_band minimum coverage 0.249 is below 0.8 | shell_band coverage gap 0.498 exceeds 0.1 | Lfrac minimum coverage 0.29 is below 0.8 | Lfrac coverage gap 0.71 exceeds 0.1 | third_integral minimum coverage 0.295 is below 0.8 | third_integral coverage gap 0.682 exceeds 0.1 | 113 planned shell-band/Lfrac/third-integral cells have no successful orbit,0.5235521235521235,1.0,0.5235521235521235,0.2494802494802495,0.28994708994708995,0.29523809523809524,0.49762399762399756,0.71005291005291,0.6819047619047618,113.0,0.0,2034.0,3885.0,1.0,inverse_phase_volume,geometric_mean,2034.0,2034.0,2034.0,0.0,420.0,0.0,0.0,4.710813362830178e+35,4.2746822669780394e+45,9074191520.102766,4.1457486120040796e-08,376.1931689952528,0.002658208820406888,24121095.93679859,9074191520.10278,0.0
0.0,2.2565682147454025,25240.89507871674,1.108314980107837,inf,-1000000.0,physics_exception_no_halo,40.0,inf,inf,inf,inf,0.0,0.0,0.0,exception,3.0,inf,inf,0.0,0.0,0.0,0.0,0.0,none,1.0,0.01,2.0,0.3,1.0,0.0,severe_coverage_warn,0.0,multiple,multiple,1;2;3;4;5;6;7;8,Lfrac minimum coverage 0.532 is below 0.8 | Lfrac coverage gap 0.468 exceeds 0.1 | third_integral minimum coverage 0.726 is below 0.8 | third_integral coverage gap 0.274 exceeds 0.1 | 27 planned shell-band/Lfrac/third-integral cells have no successful orbit,0.8785070785070785,1.0,0.8785070785070785,0.814968814968815,0.5322751322751322,0.7261904761904762,0.09815859815859806,0.46772486772486777,0.27380952380952384,27.0,0.0,3413.0,3885.0,1.0,inverse_phase_volume,geometric_mean,3413.0,3413.0,3413.0,0.0,420.0,0.0,0.0,1.0522974889074805e+40,1.761136230195288e+48,167361059.84855482,1.4180053304829561e-05,2373.1887498052865,0.00042137398472078853,70521.59667548018,167361059.84855545,0.0
15.643948386635593,4.054240276955227,0.0,3.882586442065794,24.31754890176989,-24.31754890176989,pass_no_bh_halo_up,36.0,24.31754890176989,0.1420152783062072,1.0714836214795613,1.9989605791730582,1.0,1.0,76.0,none,0.0,13.244356063315061,11.073192838454839,32.0,32.0,7740.0,123.92825760594243,0.056364530569623546,nonsingular_isothermal,1.0,0.01,2.0,0.3,1.0,0.0,strict_pass,1.0,none,none,,,1.0,1.0,1.0,1.0,1.0,1.0,0.0,0.0,0.0,0.0,0.0,3885.0,3885.0,1.0,inverse_phase_volume,geometric_mean,3885.0,3885.0,3885.0,0.0,420.0,0.0,0.0,4.162095680652776e+42,2.0422058001516763e+52,4906676724.527823,7.946378864184444e-08,389.90312217173215,0.002564739657456633,12584348.38171578,4906676724.527767,0.0
3.910987096658898,4.054240276955227,0.0,3.882586442065794,inf,-1000000.0,physics_exception_no_bh_halo_down,36.0,inf,inf,inf,inf,0.0,0.0,0.0,exception,3.0,inf,inf,0.0,0.0,0.0,0.0,0.0,nonsingular_isothermal,1.0,0.01,2.0,0.3,1.0,0.0,strict_pass,1.0,none,none,,,0.9984555984555985,1.0,0.9984555984555985,0.9884169884169884,0.9936507936507937,0.9976190476190476,0.01158301158301156,0.006349206349206327,0.0023809523809523725,0.0,0.0,3879.0,3885.0,1.0,inverse_phase_volume,geometric_mean,3879.0,3879.0,3879.0,0.0,420.0,0.0,0.0,5.760045809091806e+40,7.995457601577629e+49,1388089238.6233094,2.8387910578555213e-07,394.04953181093146,0.0025377520318430654,3522626.285695784,1388089238.6233041,0.0
7.821974193317796,8.108480553910454,0.0,3.882586442065794,38.40425033687819,-38.40425033687819,pass_no_bh_halo_scale_up,36.0,38.40425033687819,0.06004806459273482,1.0413629773727782,1.9980559833611415,1.0,1.0,105.0,none,0.0,10.955356629089454,27.44889370778875,32.0,32.0,7301.0,90.51507034512606,0.04185814062756166,nonsingular_isothermal,1.0,0.01,2.0,0.3,1.0,0.0,strict_pass,1.0,none,none,,,0.9979407979407979,1.0,0.9979407979407979,0.9845559845559846,0.9915343915343915,0.9976190476190476,0.015444015444015413,0.00846560846560851,0.0023809523809523725,0.0,0.0,3877.0,3885.0,1.0,inverse_phase_volume,geometric_mean,3877.0,3877.0,3877.0,0.0,420.0,0.0,0.0,2.8206049366290527e+41,1.6509157911362787e+51,5853055738.849103,1.1629285853089392e-07,680.6685830114134,0.0014691437580030516,8598980.303974072,5853055738.849084,0.0
7.821974193317796,2.0271201384776134,0.0,3.882586442065794,37.66914866179718,-37.66914866179718,pass_no_bh_halo_scale_down,36.0,37.66914866179718,0.12298329048341117,1.0054502061108024,1.9945005876480366,1.0,1.0,89.0,none,0.0,10.426980371689723,27.242168290107465,32.0,32.0,7468.0,94.9277682632438,0.051584844903194635,nonsingular_isothermal,1.0,0.01,2.0,0.3,1.0,0.0,strict_pass,1.0,none,none,,,1.0,1.0,1.0,1.0,1.0,1.0,0.0,0.0,0.0,0.0,0.0,3885.0,3885.0,1.0,inverse_phase_volume,geometric_mean,3885.0,3885.0,3885.0,0.0,420.0,0.0,0.0,2.0140983290559578e+43,1.8902454861270157e+51,93850705.24401884,5.6281896406720405e-06,528.2095670241506,0.0018931879739207344,177677.0265119556,93850705.24401858,0.0
7.821974193317796,4.054240276955227,0.0,5.0,40.20201629847533,-40.20201629847533,pass_no_bh_ml_up,36.0,40.20201629847533,0.03568734467531698,1.0631241116691827,1.998764028614674,1.0,1.0,128.0,none,0.0,10.477490958164875,29.724525340310464,32.0,32.0,7273.0,89.34468986712557,0.04693163913589921,nonsingular_isothermal,1.0,0.01,2.0,0.3,1.0,0.0,strict_pass,1.0,none,none,,,1.0,1.0,1.0,1.0,1.0,1.0,0.0,0.0,0.0,0.0,0.0,3885.0,3885.0,1.0,inverse_phase_volume,geometric_mean,3885.0,3885.0,3885.0,0.0,420.0,0.0,0.0,2.4887051034334246e+41,1.2650820692914887e+51,5083294390.911072,7.634255175708682e-08,388.0716651346405,0.0025768436344175047,13098854.793089502,5083294390.91111,0.0
7.821974193317796,4.054240276955227,0.0,1.941293221032897,40.49849131608789,-40.49849131608789,pass_no_bh_ml_down,36.0,40.49849131608789,0.04217608133304651,1.0752231155669834,1.9993884198644967,1.0,1.0,108.0,none,0.0,10.46265918034805,30.03583213573985,32.0,32.0,7245.0,91.78445172391332,0.045983102468755366,nonsingular_isothermal,1.0,0.01,2.0,0.3,1.0,0.0,strict_pass,1.0,none,none,,,1.0,1.0,1.0,1.0,1.0,1.0,0.0,0.0,0.0,0.0,0.0,3885.0,3885.0,1.0,inverse_phase_volume,geometric_mean,3885.0,3885.0,3885.0,0.0,420.0,0.0,0.0,2.5739582201402973e+41,1.2735065576737417e+51,4947658232.014067,7.890508201061741e-08,390.3953785575764,0.002561505732200971,12673454.922275357,4947658232.014069,0.0
17.894452977399432,10.193752222601587,0.0,1.7257484390118265,22.13572043308892,-22.13572043308892,pass_no_bh_halo_up,37.0,22.13572043308892,0.1535348293729193,1.0100857422339444,1.9958316457405287,1.0,1.0,78.0,none,0.0,13.315077300683901,8.820643132405023,32.0,32.0,7724.0,109.80724947778415,0.06049658650778807,nonsingular_isothermal,1.0,0.01,2.0,0.3,1.0,0.0,strict_pass,1.0,none,none,,,0.9984555984555985,1.0,0.9984555984555985,0.9884169884169884,0.9936507936507937,0.9976190476190476,0.01158301158301156,0.006349206349206327,0.0023809523809523725,0.0,0.0,3879.0,3885.0,1.0,inverse_phase_volume,geometric_mean,3879.0,3879.0,3879.0,0.0,420.0,0.0,0.0,1.5688700093129014e+42,4.88327237592392e+52,31126048346.49485,2.848870415451924e-08,886.7407828425536,0.0011277252826856349,35101631.670437604,31126048346.494816,0.0
4.473613244349858,10.193752222601587,0.0,1.7257484390118265,94.35953695636803,-94.35953695636803,pass_no_bh_halo_down,37.0,94.35953695636803,0.011781426216032287,1.0173397932774937,1.9993398452330309,1.0,1.0,209.0,none,0.0,18.009906417197314,76.3496305391707,32.0,32.0,3601.0,45.695916847923975,0.06732405097965916,nonsingular_isothermal,1.0,0.01,2.0,0.3,1.0,0.0,strict_pass,1.0,none,none,,,0.9994851994851995,1.0,0.9994851994851995,0.9961389961389961,0.9978835978835979,0.9976190476190476,0.0038610038610038533,0.002116402116402072,0.0023809523809523725,0.0,0.0,3883.0,3885.0,1.0,inverse_phase_volume,geometric_mean,3883.0,3883.0,3883.0,0.0,420.0,0.0,0.0,1.2944220920010046e+39,1.8573795281440086e+50,143491025039.03857,5.963829348372133e-09,855.7559863558249,0.0011685574111592579,167677500.74420837,143491025039.0396,0.0
8.947226488699716,20.387504445203174,0.0,1.7257484390118265,30.784481101666092,-30.784481101666092,pass_no_bh_halo_scale_up,37.0,30.784481101666092,0.060240024033014095,0.9791046503108445,1.998279411114934,1.0,1.0,114.0,none,0.0,10.898969192823278,19.885511908842815,32.0,32.0,7101.0,75.6360759472711,0.04782553166199998,nonsingular_isothermal,1.0,0.01,2.0,0.3,1.0,0.0,strict_pass,1.0,none,none,,,1.0,1.0,1.0,1.0,1.0,1.0,0.0,0.0,0.0,0.0,0.0,3885.0,3885.0,1.0,inverse_phase_volume,geometric_mean,3885.0,3885.0,3885.0,0.0,420.0,0.0,0.0,6.668819770648908e+38,2.759176230430895e+51,4137428098709.0073,4.663300375207169e-10,1929.4070005102287,0.0005182939627230292,2144404004.7614872,4137428098708.983,0.0
8.947226488699716,5.096876111300793,0.0,1.7257484390118265,32.950395917668956,-32.950395917668956,pass_no_bh_halo_scale_down,37.0,32.950395917668956,0.17671053743414689,1.0534825143978088,1.9993957695684423,1.0,1.0,77.0,none,0.0,10.636894261184517,22.313501656484444,32.0,32.0,7456.0,97.64497483320928,0.05913904760339231,nonsingular_isothermal,1.0,0.01,2.0,0.3,1.0,0.0,strict_pass,1.0,none,none,,,0.9981981981981982,1.0,0.9981981981981982,0.9864864864864865,0.9925925925925926,0.9976190476190476,0.013513513513513487,0.007407407407407418,0.0023809523809523725,0.0,0.0,3878.0,3885.0,1.0,inverse_phase_volume,geometric_mean,3878.0,3878.0,3878.0,0.0,420.0,0.0,0.0,6.197343889126263e+42,2.7940512973839968e+51,450846579.98185056,1.192724093764337e-06,537.735578535604,0.0018596500583488713,838416.8687696384,450846579.98185104,0.0
8.947226488699716,10.193752222601587,0.0,3.451496878023653,29.730337472553014,-29.730337472553014,pass_no_bh_ml_up,37.0,29.730337472553014,0.08027146488777959,1.0119128529873032,1.9966242613746676,1.0,1.0,100.0,none,0.0,10.626310054299108,19.104027418253906,32.0,32.0,7447.0,91.41312955714044,0.054503869551743356,nonsingular_isothermal,1.0,0.01,2.0,0.3,1.0,0.0,strict_pass,1.0,none,none,,,0.9979407979407979,1.0,0.9979407979407979,0.9845559845559846,0.9915343915343915,0.9976190476190476,0.015444015444015413,0.00846560846560851,0.0023809523809523725,0.0,0.0,3877.0,3885.0,1.0,inverse_phase_volume,geometric_mean,3877.0,3877.0,3877.0,0.0,420.0,0.0,0.0,2.4340898115094785e+41,2.995171106757515e+51,12305096930.257011,6.99560553936146e-08,860.8160424768475,0.001161688387129351,14294688.206380447,12305096930.256884,0.0
8.947226488699716,10.193752222601587,0.0,0.8628742195059133,29.82762258438503,-29.82762258438503,pass_no_bh_ml_down,37.0,29.82762258438503,0.10253118159891628,1.0073621722803494,1.9952245483670736,1.0,1.0,94.0,none,0.0,10.632617478394657,19.195005105990376,32.0,32.0,7416.0,85.9801092008171,0.057381295573783485,nonsingular_isothermal,1.0,0.01,2.0,0.3,1.0,0.0,strict_pass,1.0,none,none,,,0.9984555984555985,1.0,0.9984555984555985,0.9884169884169884,0.9936507936507937,0.9976190476190476,0.01158301158301156,0.006349206349206327,0.0023809523809523725,0.0,0.0,3879.0,3885.0,1.0,inverse_phase_volume,geometric_mean,3879.0,3879.0,3879.0,0.0,420.0,0.0,0.0,9.443851233716515e+40,3.040673340777926e+51,32197387120.225796,2.74328551431484e-08,883.2662568570273,0.00113216144309458,36452640.265909724,32197387120.225838,0.0
17.94218258026865,1.688363127649926,0.0,2.4825678959890687,23.813492186778475,-23.813492186778475,pass_no_bh_halo_up,38.0,23.813492186778475,0.10029631863597643,1.020717482478029,1.9972169049905513,1.0,1.0,85.0,none,0.0,13.48776685975965,10.325725327018834,32.0,32.0,7721.0,125.6697502083438,0.05279848256092232,nonsingular_isothermal,1.0,0.01,2.0,0.3,1.0,0.0,strict_pass,1.0,none,none,,,0.9979407979407979,1.0,0.9979407979407979,0.9845559845559846,0.9915343915343915,0.9976190476190476,0.015444015444015413,0.00846560846560851,0.0023809523809523725,0.0,0.0,3877.0,3885.0,1.0,inverse_phase_volume,geometric_mean,3877.0,3877.0,3877.0,0.0,420.0,0.0,0.0,5.97169539501771e+43,4.925036116636672e+52,824729962.0716951,5.873807052379636e-07,484.43046675255056,0.002064279744219318,1702473.3551553644,824729962.071694,0.0
4.4855456450671625,1.688363127649926,0.0,2.4825678959890687,96.98857989994384,-96.98857989994384,pass_no_bh_halo_down,38.0,96.98857989994384,0.024965712981327215,1.0259687094016336,1.9996431063835578,1.0,1.0,170.0,none,0.0,16.250021940918053,80.73855795902578,32.0,32.0,4790.0,53.734217968961474,0.056346392332325516,nonsingular_isothermal,1.0,0.01,2.0,0.3,1.0,0.0,strict_pass,1.0,none,none,,,1.0,1.0,1.0,1.0,1.0,1.0,0.0,0.0,0.0,0.0,0.0,3885.0,3885.0,1.0,inverse_phase_volume,geometric_mean,3885.0,3885.0,3885.0,0.0,420.0,0.0,0.0,2.332590354805098e+41,1.9239792613690612e+50,824825180.9005792,5.918948499478011e-07,488.2097766823125,0.0020482998247098178,1689489.273454887,824825180.9005729,0.0
8.971091290134325,3.376726255299852,0.0,2.4825678959890687,32.47830757302002,-32.47830757302002,pass_no_bh_halo_scale_up,38.0,32.47830757302002,0.12444185356289239,1.066039721656753,1.9997671165813813,1.0,1.0,89.0,none,0.0,10.667527040930784,21.810780532089233,32.0,32.0,7606.0,106.0691802453697,0.04538475185672321,nonsingular_isothermal,1.0,0.01,2.0,0.3,1.0,0.0,strict_pass,1.0,none,none,,,0.9997425997425997,1.0,0.9997425997425997,0.9980694980694981,0.9989417989417989,0.9976190476190476,0.0019305019305019266,0.0010582010582010914,0.0023809523809523725,0.0,0.0,3884.0,3885.0,1.0,inverse_phase_volume,geometric_mean,3884.0,3884.0,3884.0,0.0,420.0,0.0,0.0,9.228134590045511e+41,2.7014898157716523e+51,2927449518.0052733,1.5462533165960526e-07,452.6578526383206,0.0022091740906989474,6467245.627006424,2927449518.0052967,0.0
8.971091290134325,1.0,0.0,2.4825678959890687,30.725068892076635,-30.725068892076635,pass_no_bh_halo_scale_down,38.0,30.725068892076635,0.108954790643228,1.0310725797900036,1.995341244993621,1.0,1.0,85.0,none,0.0,10.522791523466879,20.202277368609757,32.0,32.0,7577.0,121.33634074853,0.03664528017893946,nonsingular_isothermal,1.0,0.01,2.0,0.3,1.0,0.0,strict_pass,1.0,none,none,,,0.9979407979407979,1.0,0.9979407979407979,0.9845559845559846,0.9915343915343915,0.9976190476190476,0.015444015444015413,0.00846560846560851,0.0023809523809523725,0.0,0.0,3877.0,3885.0,1.0,inverse_phase_volume,geometric_mean,3877.0,3877.0,3877.0,0.0,420.0,0.0,0.0,4.653086130591599e+43,3.276693091359512e+51,70419781.61154109,6.98645678874625e-06,491.9847613019828,0.002032583280330902,143134.07070817286,70419781.61154155,0.0
8.971091290134325,1.688363127649926,0.0,4.965135791978137,30.765601147368624,-30.765601147368624,pass_no_bh_ml_up,38.0,30.765601147368624,0.07734588392376196,1.023773168140426,1.9970909837545878,1.0,1.0,100.0,none,0.0,10.430619542725985,20.33498160464264,32.0,32.0,7615.0,98.15216736894418,0.04146206079779314,nonsingular_isothermal,1.0,0.01,2.0,0.3,1.0,0.0,strict_pass,1.0,none,none,,,1.0,1.0,1.0,1.0,1.0,1.0,0.0,0.0,0.0,0.0,0.0,3885.0,3885.0,1.0,inverse_phase_volume,geometric_mean,3885.0,3885.0,3885.0,0.0,420.0,0.0,0.0,3.7322325971647275e+42,3.079240593514813e+51,825039842.3329848,5.920019222233124e-07,488.42517257194737,0.002047396522857747,1689183.7044116629,825039842.3329877,0.0
8.971091290134325,1.688363127649926,0.0,1.2412839479945343,30.871755309281887,-30.871755309281887,pass_no_bh_ml_down,38.0,30.871755309281887,0.10978681794119893,1.0196325358572362,1.999669208074475,1.0,1.0,93.0,none,0.0,10.438063780124928,20.43369152915696,32.0,32.0,7597.0,100.1212643428025,0.04723140237772752,nonsingular_isothermal,1.0,0.01,2.0,0.3,1.0,0.0,strict_pass,1.0,none,none,,,0.9981981981981982,1.0,0.9981981981981982,0.9864864864864865,0.9925925925925926,0.9976190476190476,0.013513513513513487,0.007407407407407418,0.0023809523809523725,0.0,0.0,3878.0,3885.0,1.0,inverse_phase_volume,geometric_mean,3878.0,3878.0,3878.0,0.0,420.0,0.0,0.0,3.732298618414528e+42,3.0781368513765026e+51,824729520.8881459,5.897678139945936e-07,486.39892667101435,0.0020559255894007553,1695582.5263281781,824729520.8881528,0.0
19.012523896361888,2.2565682147454025,0.0,1.108314980107837,24.14444921727867,-24.14444921727867,pass_no_bh_halo_up,40.0,24.14444921727867,0.18833780883443296,1.0191595052889775,1.9957383947414213,1.0,1.0,76.0,none,0.0,13.697588257128714,10.446860960149955,32.0,32.0,7752.0,126.67763033758813,0.05261029769666355,nonsingular_isothermal,1.0,0.01,2.0,0.3,1.0,0.0,strict_pass,1.0,none,none,,,1.0,1.0,1.0,1.0,1.0,1.0,0.0,0.0,0.0,0.0,0.0,3885.0,3885.0,1.0,inverse_phase_volume,geometric_mean,3885.0,3885.0,3885.0,0.0,420.0,0.0,0.0,1.1690102628577903e+42,6.33953851533185e+52,54229964584.177925,9.281722208869438e-09,503.34746666716796,0.00198669918142498,107738626.24809207,54229964584.17799,0.0
4.753130974090472,2.2565682147454025,0.0,1.108314980107837,91.35568568138127,-91.35568568138127,pass_no_bh_halo_down,40.0,91.35568568138127,0.01288559708406467,1.011370486368351,1.9994627657206487,1.0,1.0,224.0,none,0.0,15.987611019045145,75.36807466233614,32.0,32.0,4078.0,63.17841177659687,0.05589466826355622,nonsingular_isothermal,1.0,0.01,2.0,0.3,1.0,0.0,strict_pass,1.0,none,none,,,0.9979407979407979,1.0,0.9979407979407979,0.9845559845559846,0.9915343915343915,0.9976190476190476,0.015444015444015413,0.00846560846560851,0.0023809523809523725,0.0,0.0,3877.0,3885.0,1.0,inverse_phase_volume,geometric_mean,3877.0,3877.0,3877.0,0.0,420.0,0.0,0.0,1.1468592790546555e+40,2.481209488747999e+50,21634820714.82419,2.2973040979300933e-08,497.0176228614835,0.0020120010921196156,43529282.90603823,21634820714.82413,0.0
9.506261948180944,4.513136429490805,0.0,1.108314980107837,30.6652705596241,-30.6652705596241,pass_no_bh_halo_scale_up,40.0,30.6652705596241,0.11344450620341107,1.0783046098063864,1.998969320970009,1.0,1.0,85.0,none,0.0,10.809757435668681,19.855513123955422,32.0,32.0,7600.0,102.05816907869784,0.05826566693906081,nonsingular_isothermal,1.0,0.01,2.0,0.3,1.0,0.0,strict_pass,1.0,none,none,,,0.9987129987129987,1.0,0.9987129987129987,0.9903474903474904,0.9947089947089947,0.9976190476190476,0.009652509652509633,0.005291005291005346,0.0023809523809523725,0.0,0.0,3880.0,3885.0,1.0,inverse_phase_volume,geometric_mean,3880.0,3880.0,3880.0,0.0,420.0,0.0,0.0,7.493169654014273e+41,3.2301481027442496e+51,4310790028.641325,1.0891136712065428e-07,469.4940353894053,0.0021299525119005723,9181778.049780415,4310790028.641271,0.0
9.506261948180944,1.1282841073727012,0.0,1.108314980107837,28.75234524569477,-28.75234524569477,pass_no_bh_halo_scale_down,40.0,28.75234524569477,0.0748213758697105,1.0340125250400924,1.9984260716573248,1.0,1.0,97.0,none,0.0,10.65946859784949,18.092876647845287,32.0,32.0,7649.0,118.86591544095265,0.04159176654935108,nonsingular_isothermal,1.0,0.01,2.0,0.3,1.0,0.0,strict_pass,1.0,none,none,,,1.0,1.0,1.0,1.0,1.0,1.0,0.0,0.0,0.0,0.0,0.0,3885.0,3885.0,1.0,inverse_phase_volume,geometric_mean,3885.0,3885.0,3885.0,0.0,420.0,0.0,0.0,2.7973027853546387e+43,3.9231288911079796e+51,140246844.62646076,3.390871217723706e-06,475.5589888204376,0.0021027885572731373,294909.46007418726,140246844.6264617,0.0
9.506261948180944,2.2565682147454025,0.0,2.216629960215674,28.825528492710017,-28.825528492710017,pass_no_bh_ml_up,40.0,28.825528492710017,0.10949941975448851,1.0153572938114799,1.9979089917949893,1.0,1.0,91.0,none,0.0,10.485370936105006,18.340157556605014,32.0,32.0,7638.0,105.1650215633114,0.05284635529524317,nonsingular_isothermal,1.0,0.01,2.0,0.3,1.0,0.0,strict_pass,1.0,none,none,,,1.0,1.0,1.0,1.0,1.0,1.0,0.0,0.0,0.0,0.0,0.0,3885.0,3885.0,1.0,inverse_phase_volume,geometric_mean,3885.0,3885.0,3885.0,0.0,420.0,0.0,0.0,7.464309329417527e+40,3.952228890277431e+51,52948353502.73246,9.472919302636875e-09,501.5754799388726,0.001993717874968431,105564078.82854451,52948353502.7322,0.0
9.506261948180944,2.2565682147454025,0.0,0.5541574900539185,28.905472660328105,-28.905472660328105,pass_no_bh_ml_down,40.0,28.905472660328105,0.10481932635987334,1.0202730659279475,1.9987116886049374,1.0,1.0,90.0,none,0.0,10.49110665261238,18.414366007715724,32.0,32.0,7630.0,112.0164437930376,0.04870559499385442,nonsingular_isothermal,1.0,0.01,2.0,0.3,1.0,0.0,strict_pass,1.0,none,none,,,0.9987129987129987,1.0,0.9987129987129987,0.9903474903474904,0.9947089947089947,0.9976190476190476,0.009652509652509633,0.005291005291005346,0.0023809523809523725,0.0,0.0,3880.0,3885.0,1.0,inverse_phase_volume,geometric_mean,3880.0,3880.0,3880.0,0.0,420.0,0.0,0.0,1.7589212400582944e+41,3.9618519611854624e+51,22524328383.538982,2.227531140956647e-08,501.736429034667,0.001993078321867089,44892750.61584705,22524328383.538948,0.0
6.717556657439772,3.252380506023033,158099.38429811888,0.6818468910308176,52.56615547648222,-52.56615547648222,pass_full,41.0,52.56615547648222,0.28373110840525584,1.1397425148764948,1.7702252980601119,1.0,1.0,70.0,none,0.0,8.369768895763519,44.1963865807187,32.0,32.0,7596.0,131.98915105007757,0.042400083315790635,nonsingular_isothermal,1.0,0.01,2.0,0.3,1.0,0.0,strict_pass,1.0,none,none,,,1.0,1.0,1.0,1.0,1.0,1.0,0.0,0.0,0.0,0.0,0.0,3885.0,3885.0,1.0,inverse_phase_volume,geometric_mean,3885.0,3885.0,3885.0,0.0,420.0,0.0,0.0,1.1182890629856066e+40,2.2046748791084187e+51,197147137719.68588,2.613921393963576e-09,515.3271210441734,0.001940514983907243,382566974.7794775,197147137719.687,0.0
5.74551229043869,174.75445778826983,115040.30106735013,4.935243355498579,67.08773215551972,-67.08773215551972,pass_full,42.0,67.08773215551972,0.11851067525635983,0.8991759637697799,1.9985985061822213,1.0,1.0,105.0,none,0.0,16.077384691878162,51.01034746364155,32.0,32.0,6375.0,103.02952322290595,0.03114889525752528,nonsingular_isothermal,1.0,0.01,2.0,0.3,1.0,0.0,strict_pass,1.0,none,none,,,0.9871299871299871,1.0,0.9871299871299871,0.9536679536679536,0.9470899470899471,0.9428571428571428,0.04633204633204635,0.05291005291005291,0.05714285714285716,0.0,0.0,3835.0,3885.0,1.0,inverse_phase_volume,geometric_mean,3835.0,3835.0,3835.0,0.0,420.0,0.0,0.0,3.3726709314537357e+39,3.3920706603170283e+50,100575203725.9956,1.4152634611530278e-08,1423.4041093142287,0.0007025411781913308,70658222.12249379,100575203725.9952,0.0
20.659012450694703,3.0973639580439514,502783.4565017005,0.602762956590054,27.063208031714726,-27.063208031714726,pass_full,43.0,27.063208031714726,0.06371919669737025,1.0809400154849391,1.9996482691186017,1.0,1.0,95.0,none,0.0,15.556297493181745,11.506910538532978,32.0,32.0,7724.0,117.54224341784581,0.055586743451658885,nonsingular_isothermal,1.0,0.01,2.0,0.3,1.0,0.0,strict_pass,1.0,none,none,,,1.0,1.0,1.0,1.0,1.0,1.0,0.0,0.0,0.0,0.0,0.0,3885.0,3885.0,1.0,inverse_phase_volume,geometric_mean,3885.0,3885.0,3885.0,0.0,420.0,0.0,0.0,1.408134554023049e+42,1.0229270033404758e+53,72644123419.73763,6.120110127452637e-09,444.59003544105576,0.002249263186944686,163395752.55588225,72644123419.73767,0.0
5.707173295369566,4.1571574729172065,118469.95682899657,1.2407375121396875,61.712092163059324,-61.712092163059324,pass_full,44.0,61.712092163059324,0.29975753648064085,1.0685648746908585,1.6004714541798357,1.0,1.0,80.0,none,0.0,7.64738150059168,54.06471066246765,32.0,32.0,7376.0,98.67549047154847,0.035631925637422825,nonsingular_isothermal,1.0,0.01,2.0,0.3,1.0,0.0,strict_pass,1.0,none,none,,,1.0,1.0,1.0,1.0,1.0,1.0,0.0,0.0,0.0,0.0,0.0,3885.0,3885.0,1.0,inverse_phase_volume,geometric_mean,3885.0,3885.0,3885.0,0.0,420.0,0.0,0.0,5.539203273040081e+40,1.1510051216295069e+51,20779254071.277306,2.488389932202908e-08,517.0688662965282,0.0019339783637766365,40186627.789267965,20779254071.27734,0.0
1.6494836006514024,69.35165385382608,5483.005029816002,4.023485033720821,inf,-1000000.0,physics_exception_full,45.0,inf,inf,inf,inf,0.0,0.0,0.0,exception,3.0,inf,inf,0.0,0.0,0.0,0.0,0.0,nonsingular_isothermal,1.0,0.01,2.0,0.3,1.0,0.0,severe_coverage_warn,0.0,inner,joint,2,1 planned shell-band/Lfrac/third-integral cells have no successful orbit,0.9897039897039897,1.0,0.9897039897039897,0.9480249480249481,0.9576719576719577,0.9642857142857143,0.05197505197505192,0.042328042328042326,0.0357142857142857,1.0,0.0,3845.0,3885.0,1.0,inverse_phase_volume,geometric_mean,3845.0,3845.0,3845.0,0.0,420.0,0.0,0.0,1.59848325047992e+39,3.9968397675882307e+48,2500395150.4579363,5.308189166869994e-07,1327.2570450555245,0.0007534335596298651,1883881.6186907976,2500395150.4579663,0.0
6.717556657439772,3.252380506023033,0.0,0.6818468910308176,51.395063709479594,-51.395063709479594,pass_no_bh,41.0,51.395063709479594,0.07539790898475474,1.0664664025580488,1.9983409403690593,1.0,1.0,91.0,none,0.0,11.117847234616518,40.27721647486307,32.0,32.0,6655.0,88.87591590315328,0.04010366773671045,nonsingular_isothermal,1.0,0.01,2.0,0.3,1.0,0.0,strict_pass,1.0,none,none,,,0.9976833976833976,1.0,0.9976833976833976,0.9826254826254827,0.9915343915343915,0.9952380952380953,0.01737451737451734,0.00846560846560851,0.004761904761904745,0.0,0.0,3876.0,3885.0,1.0,inverse_phase_volume,geometric_mean,3876.0,3876.0,3876.0,0.0,420.0,0.0,0.0,4.300027610014866e+42,7.324544262465248e+50,170337144.93846998,2.254229038632869e-06,383.97893847811304,0.0026043095070877186,443610.6459734339,170337144.93846917,0.0
5.74551229043869,174.75445778826983,0.0,4.935243355498579,inf,-1000000.0,physics_exception_no_bh,42.0,inf,inf,inf,inf,0.0,0.0,0.0,exception,3.0,inf,inf,0.0,0.0,0.0,0.0,0.0,nonsingular_isothermal,1.0,0.01,2.0,0.3,1.0,0.0,strict_pass,1.0,none,none,,,1.0,1.0,1.0,1.0,1.0,1.0,0.0,0.0,0.0,0.0,0.0,3885.0,3885.0,1.0,inverse_phase_volume,geometric_mean,3885.0,3885.0,3885.0,0.0,420.0,0.0,0.0,1.0593654978087418e+35,3.339735635276545e+50,3152581089515058.0,6.100215223197485e-11,192314.23154624313,5.19982318500201e-06,16392864241.859333,3152581089515065.0,0.0
20.659012450694703,3.0973639580439514,0.0,0.602762956590054,26.801630531462862,-26.801630531462862,pass_no_bh,43.0,26.801630531462862,0.15145139808512909,1.0372643918532896,1.9968198353818378,1.0,1.0,81.0,none,0.0,14.587724986693445,12.213905544769416,32.0,32.0,7734.0,132.75541447411027,0.053346241772134366,nonsingular_isothermal,1.0,0.01,2.0,0.3,1.0,0.0,strict_pass,1.0,none,none,,,0.998970398970399,1.0,0.998970398970399,0.9922779922779923,0.9957671957671957,0.9976190476190476,0.007722007722007707,0.004232804232804255,0.0023809523809523725,0.0,0.0,3881.0,3885.0,1.0,inverse_phase_volume,geometric_mean,3881.0,3881.0,3881.0,0.0,420.0,0.0,0.0,2.0192740221701475e+43,7.159117446666864e+52,3545391743.7975264,1.1732084819692326e-07,415.94836657269695,0.0024041445534207333,8523634.250593707,3545391743.7975464,0.0
5.707173295369566,4.1571574729172065,0.0,1.2407375121396875,67.31998994032851,-67.31998994032851,pass_no_bh,44.0,67.31998994032851,0.01797270863914946,1.0579911345423785,1.9992274678118156,1.0,1.0,204.0,none,0.0,12.953394990003781,54.36659495032472,32.0,32.0,5059.0,62.407836988304396,0.05360791775852206,nonsingular_isothermal,1.0,0.01,2.0,0.3,1.0,0.0,strict_pass,1.0,none,none,,,0.9992277992277993,1.0,0.9992277992277993,0.9942084942084942,0.9968253968253968,0.9976190476190476,0.00579150579150578,0.0031746031746031633,0.0023809523809523725,0.0,0.0,3882.0,3885.0,1.0,inverse_phase_volume,geometric_mean,3882.0,3882.0,3882.0,0.0,420.0,0.0,0.0,6.3474439831122086e+41,4.134469558799678e+50,651359755.1706964,6.878903066967032e-07,448.06406175425707,0.0022318237175389774,1453720.1502403328,651359755.1706923,0.0
0.0,3.252380506023033,158099.38429811888,0.6818468910308176,1.0337292106271468e+26,-1000000.0,solver_failed_no_halo,41.0,1.0337292106271468e+26,2284922601472.0,15565458917029.238,22012883105023.977,0.0,0.0,371.0,stationary_constraints_unsatisfied,2.0,3.249320381775556e+24,1.0012360068093913e+26,32.0,32.0,2.0,1.7241379310383746,0.6999999999990306,none,1.0,0.01,2.0,0.3,1.0,0.0,severe_coverage_warn,0.0,multiple,multiple,1;2;3;4;5;6;7;8,Lfrac minimum coverage 0.661 is below 0.8 | Lfrac coverage gap 0.339 exceeds 0.1 | third_integral minimum coverage 0.75 is below 0.8 | third_integral coverage gap 0.25 exceeds 0.1 | 24 planned shell-band/Lfrac/third-integral cells have no successful orbit,0.9176319176319176,1.0,0.9176319176319176,0.9168399168399168,0.6613756613756614,0.75,0.0020790020790021346,0.3386243386243386,0.25,24.0,0.0,3565.0,3885.0,1.0,inverse_phase_volume,geometric_mean,3565.0,3565.0,3565.0,0.0,420.0,0.0,0.0,3.359163799874229e+42,6.899083677100611e+49,20538098.431993466,0.00019906631989993995,4088.4436725996275,0.0002445918496326384,5023.451483418425,20538098.431993272,0.0
0.0,174.75445778826983,115040.30106735013,4.935243355498579,inf,-1000000.0,physics_exception_no_halo,42.0,inf,inf,inf,inf,0.0,0.0,0.0,exception,3.0,inf,inf,0.0,0.0,0.0,0.0,0.0,none,1.0,0.01,2.0,0.3,1.0,0.0,severe_coverage_warn,0.0,multiple,multiple,1;2;3;4;5;6;7;8,shell_band coverage gap 0.102 exceeds 0.1 | Lfrac minimum coverage 0.543 is below 0.8 | Lfrac coverage gap 0.457 exceeds 0.1 | third_integral minimum coverage 0.726 is below 0.8 | third_integral coverage gap 0.274 exceeds 0.1 | 27 planned shell-band/Lfrac/third-integral cells have no successful orbit,0.8813384813384814,1.0,0.8813384813384814,0.8128898128898129,0.5428571428571428,0.7261904761904762,0.10187110187110193,0.4571428571428572,0.27380952380952384,27.0,0.0,3424.0,3885.0,1.0,inverse_phase_volume,geometric_mean,3424.0,3424.0,3424.0,0.0,420.0,0.0,0.0,3.663180306754368e+42,3.6618053173276747e+49,9996246.459874885,0.00023734964184787905,2372.605517074436,0.00042147756666816635,4213.193633723345,9996246.4598749,0.0
0.0,3.0973639580439514,502783.4565017005,0.602762956590054,2.335571192535273e+27,-1000000.0,solver_failed_no_halo,43.0,2.335571192535273e+27,4947802324992.0,170550592771396.66,241194961368036.5,0.0,0.0,333.0,stationary_constraints_unsatisfied,2.0,6.026383235565401e+25,2.275307360179619e+27,32.0,32.0,2.0,1.9999696017453141,0.5019493177387349,none,1.0,0.01,2.0,0.3,1.0,0.0,severe_coverage_warn,0.0,multiple,multiple,1;2;3;4;5;6;7;8,Lfrac minimum coverage 0.666 is below 0.8 | Lfrac coverage gap 0.334 exceeds 0.1 | third_integral minimum coverage 0.75 is below 0.8 | third_integral coverage gap 0.25 exceeds 0.1 | 24 planned shell-band/Lfrac/third-integral cells have no successful orbit,0.9186615186615187,1.0,0.9186615186615187,0.916988416988417,0.6656084656084656,0.75,0.0019305019305019266,0.33439153439153435,0.25,24.0,0.0,3569.0,3885.0,1.0,inverse_phase_volume,geometric_mean,3569.0,3569.0,3569.0,0.0,420.0,0.0,0.0,2.444352127307776e+43,6.983232652910361e+50,28568848.877766784,0.00015019858711711584,4291.000737003021,0.00023304587001735956,6657.852242113702,28568848.87776711,0.0
0.0,4.1571574729172065,118469.95682899657,1.2407375121396875,1.925918927719084e+27,-1000000.0,solver_failed_no_halo,44.0,1.925918927719084e+27,1924145348608.0,66212340265055.31,93638389599303.39,0.0,0.0,308.0,stationary_constraints_unsatisfied,2.0,6.385055986997366e+25,1.8620683678491102e+27,32.0,32.0,2.0,1.3846153846159706,0.8333333333331571,none,1.0,0.01,2.0,0.3,1.0,0.0,severe_coverage_warn,0.0,multiple,multiple,1;2;3;4;5;6;7;8,Lfrac minimum coverage 0.642 is below 0.8 | Lfrac coverage gap 0.358 exceeds 0.1 | third_integral minimum coverage 0.75 is below 0.8 | third_integral coverage gap 0.25 exceeds 0.1 | 25 planned shell-band/Lfrac/third-integral cells have no successful orbit,0.912998712998713,1.0,0.912998712998713,0.8856548856548857,0.6423280423280423,0.75,0.033264033264033266,0.3576719576719577,0.25,25.0,0.0,3547.0,3885.0,1.0,inverse_phase_volume,geometric_mean,3547.0,3547.0,3547.0,0.0,420.0,0.0,0.0,2.8851063039537796e+42,3.888187670525064e+49,13476757.044260904,0.00026503681417717795,3571.8367524507444,0.00027996800226490475,3773.0607466912006,13476757.044260878,0.0
13.435113314879544,3.252380506023033,0.0,0.6818468910308176,23.901355701671044,-23.901355701671044,pass_no_bh_halo_up,41.0,23.901355701671044,0.1763182126192966,1.06309784884995,1.9918461926548852,1.0,1.0,74.0,none,0.0,12.36771306999113,11.533642631679914,32.0,32.0,7736.0,125.98644371054172,0.05216014711819414,nonsingular_isothermal,1.0,0.01,2.0,0.3,1.0,0.0,strict_pass,1.0,none,none,,,1.0,1.0,1.0,1.0,1.0,1.0,0.0,0.0,0.0,0.0,0.0,3885.0,3885.0,1.0,inverse_phase_volume,geometric_mean,3885.0,3885.0,3885.0,0.0,420.0,0.0,0.0,7.283961025087241e+43,1.1713100373833838e+52,160806741.4623975,2.401831284417731e-06,386.23066238966095,0.00258912638839409,416348.9777519603,160806741.46239784,0.0
3.358778328719886,3.252380506023033,0.0,0.6818468910308176,155.93236694134083,-155.93236694134083,pass_no_bh_halo_down,41.0,155.93236694134083,0.01341534219903906,1.0681543070055415,1.999964495115158,1.0,1.0,227.0,none,0.0,26.441507550942248,129.49085939039853,32.0,32.0,3494.0,46.02279784257236,0.058597982753379865,nonsingular_isothermal,1.0,0.01,2.0,0.3,1.0,0.0,strict_pass,1.0,none,none,,,0.9979407979407979,1.0,0.9979407979407979,0.9845559845559846,0.9915343915343915,0.9976190476190476,0.015444015444015413,0.00846560846560851,0.0023809523809523725,0.0,0.0,3877.0,3885.0,1.0,inverse_phase_volume,geometric_mean,3877.0,3877.0,3877.0,0.0,420.0,0.0,0.0,2.102719473532976e+41,4.5883928369646585e+49,218212314.800855,1.7664295692469975e-06,385.45668523806717,0.0025943252206986015,566113.7117548848,218212314.80085653,0.0
6.717556657439772,6.504761012046066,0.0,0.6818468910308176,51.068198718136514,-51.068198718136514,pass_no_bh_halo_scale_up,41.0,51.068198718136514,0.033712618544093687,1.0395808837711573,1.9986862170515565,1.0,1.0,189.0,none,0.0,11.223176973294343,39.84502174484217,32.0,32.0,6690.0,89.72303917058888,0.04115769517416017,nonsingular_isothermal,1.0,0.01,2.0,0.3,1.0,0.0,strict_pass,1.0,none,none,,,0.9971685971685972,1.0,0.9971685971685972,0.9787644787644788,0.9915343915343915,0.9952380952380953,0.021235521235521193,0.00846560846560851,0.004761904761904745,0.0,0.0,3874.0,3885.0,1.0,inverse_phase_volume,geometric_mean,3874.0,3874.0,3874.0,0.0,420.0,0.0,0.0,1.8648930855353265e+42,9.672005507496501e+50,518635925.1645842,1.2463701669871259e-06,646.4123446529046,0.0015470001590655832,802329.8587267367,518635925.1645836,0.0
6.717556657439772,1.6261902530115164,0.0,0.6818468910308176,49.41676323134202,-49.41676323134202,pass_no_bh_halo_scale_down,41.0,49.41676323134202,0.07442804744553655,1.012929333974801,1.9966471984688718,1.0,1.0,106.0,none,0.0,11.181456670397981,38.23530656094404,32.0,32.0,6775.0,89.36373559642709,0.04633832407443458,nonsingular_isothermal,1.0,0.01,2.0,0.3,1.0,0.0,strict_pass,1.0,none,none,,,0.9979407979407979,1.0,0.9979407979407979,0.9845559845559846,0.9915343915343915,0.9976190476190476,0.015444015444015413,0.00846560846560851,0.0023809523809523725,0.0,0.0,3877.0,3885.0,1.0,inverse_phase_volume,geometric_mean,3877.0,3877.0,3877.0,0.0,420.0,0.0,0.0,4.3222896753252e+40,9.678184947800611e+50,22391338098.070545,2.1499924086353596e-08,481.4120693003976,0.0020772225371358676,46511792.13394147,22391338098.07072,0.0
6.717556657439772,3.252380506023033,0.0,1.3636937820616353,51.43337372960303,-51.43337372960303,pass_no_bh_ml_up,41.0,51.43337372960303,0.08094919628629071,1.0623881935678159,1.999508308900022,1.0,1.0,91.0,none,0.0,11.080532117621992,40.352841611981034,32.0,32.0,6754.0,90.85556771027257,0.042785241394266975,nonsingular_isothermal,1.0,0.01,2.0,0.3,1.0,0.0,strict_pass,1.0,none,none,,,1.0,1.0,1.0,1.0,1.0,1.0,0.0,0.0,0.0,0.0,0.0,3885.0,3885.0,1.0,inverse_phase_volume,geometric_mean,3885.0,3885.0,3885.0,0.0,420.0,0.0,0.0,3.9762704239484885e+42,7.3281419416094246e+50,184296870.18954018,2.0861728810751596e-06,384.4751326564465,0.0026009484490992166,479346.6586933226,184296870.18953958,0.0
6.717556657439772,3.252380506023033,0.0,0.3409234455154088,51.538588913430544,-51.538588913430544,pass_no_bh_ml_down,41.0,51.538588913430544,0.06733403774484259,1.0663586774831726,1.9985037456297947,1.0,1.0,100.0,none,0.0,11.101730640707759,40.43685827272279,32.0,32.0,6704.0,87.99188604700463,0.04282216097274052,nonsingular_isothermal,1.0,0.01,2.0,0.3,1.0,0.0,strict_pass,1.0,none,none,,,0.9979407979407979,1.0,0.9979407979407979,0.9845559845559846,0.9915343915343915,0.9976190476190476,0.015444015444015413,0.00846560846560851,0.0023809523809523725,0.0,0.0,3877.0,3885.0,1.0,inverse_phase_volume,geometric_mean,3877.0,3877.0,3877.0,0.0,420.0,0.0,0.0,4.467555110926288e+42,7.320948477504548e+50,163869237.1046464,2.342045351384391e-06,383.7891849958468,0.00260559713273531,426977.21434339293,163869237.1046478,0.0
25.0,3.0973639580439514,0.0,0.602762956590054,29.168910225240516,-29.168910225240516,pass_no_bh_halo_up,43.0,29.168910225240516,0.16373819366884845,1.037074097658817,1.9965625062954653,1.0,1.0,80.0,none,0.0,15.465234909308705,13.703675315931816,32.0,32.0,7725.0,132.2524271706759,0.053705236190865174,nonsingular_isothermal,1.0,0.01,2.0,0.3,1.0,0.0,strict_pass,1.0,none,none,,,0.9979407979407979,1.0,0.9979407979407979,0.9845559845559846,0.9915343915343915,0.9976190476190476,0.015444015444015413,0.00846560846560851,0.0023809523809523725,0.0,0.0,3877.0,3885.0,1.0,inverse_phase_volume,geometric_mean,3877.0,3877.0,3877.0,0.0,420.0,0.0,0.0,4.3301176642210215e+43,1.5352375923045639e+53,3545487008.3322544,1.1699913233527755e-07,414.8189036808719,0.0024106905233260995,8547071.931562353,3545487008.3322477,0.0
10.329506225347352,3.0973639580439514,0.0,0.602762956590054,27.778476049458025,-27.778476049458025,pass_no_bh_halo_down,43.0,27.778476049458025,0.08313786382431232,1.0346278527629067,1.9974730786267443,1.0,1.0,88.0,none,0.0,11.118735417575984,16.659740631882034,32.0,32.0,7684.0,112.83787106159711,0.04761973603132559,nonsingular_isothermal,1.0,0.01,2.0,0.3,1.0,0.0,strict_pass,1.0,none,none,,,1.0,1.0,1.0,1.0,1.0,1.0,0.0,0.0,0.0,0.0,0.0,3885.0,3885.0,1.0,inverse_phase_volume,geometric_mean,3885.0,3885.0,3885.0,0.0,420.0,0.0,0.0,1.2625237081509978e+42,4.47519004024562e+51,3544638418.5526814,1.179309656326106e-07,418.0226315183665,0.0023922149773751267,8479537.114240987,3544638418.552673,0.0
20.659012450694703,6.194727916087903,0.0,0.602762956590054,26.266422578086196,-26.266422578086196,pass_no_bh_halo_scale_up,43.0,26.266422578086196,0.06765650414429558,1.02859228387713,1.9989762310353918,1.0,1.0,95.0,none,0.0,14.418495873292489,11.847926704793712,32.0,32.0,7723.0,124.66159631785102,0.055173096020933655,nonsingular_isothermal,1.0,0.01,2.0,0.3,1.0,0.0,strict_pass,1.0,none,none,,,0.9979407979407979,1.0,0.9979407979407979,0.9845559845559846,0.9915343915343915,0.9976190476190476,0.015444015444015413,0.00846560846560851,0.0023809523809523725,0.0,0.0,3877.0,3885.0,1.0,inverse_phase_volume,geometric_mean,3877.0,3877.0,3877.0,0.0,420.0,0.0,0.0,3.2696490337967275e+42,8.378337477371675e+52,25624577411.11963,2.3936015330000676e-08,613.3502777373477,0.0016303897402459898,41778048.10922854,25624577411.119595,0.0
20.659012450694703,1.5486819790219757,0.0,0.602762956590054,25.695530853033503,-25.695530853033503,pass_no_bh_halo_scale_down,43.0,25.695530853033503,0.12615902625410413,1.0214939767070916,1.9962529968235436,1.0,1.0,81.0,none,0.0,14.179809414294509,11.515721438738996,32.0,32.0,7739.0,122.03013669105366,0.055944303990400054,nonsingular_isothermal,1.0,0.01,2.0,0.3,1.0,0.0,strict_pass,1.0,none,none,,,0.9979407979407979,1.0,0.9979407979407979,0.9845559845559846,0.9915343915343915,0.9976190476190476,0.015444015444015413,0.00846560846560851,0.0023809523809523725,0.0,0.0,3877.0,3885.0,1.0,inverse_phase_volume,geometric_mean,3877.0,3877.0,3877.0,0.0,420.0,0.0,0.0,1.4089245219546267e+45,8.648591209525841e+52,61384347.24329656,7.85001212657723e-06,481.8678702419041,0.002075257683186029,127388.33824400995,61384347.24329638,0.0
20.659012450694703,3.0973639580439514,0.0,1.205525913180108,26.82768456795704,-26.82768456795704,pass_no_bh_ml_up,43.0,26.82768456795704,0.13579819459928189,1.037036680737795,1.997939180044565,1.0,1.0,84.0,none,0.0,14.596518451457674,12.231166116499361,32.0,32.0,7737.0,132.05659977475867,0.054107908735802464,nonsingular_isothermal,1.0,0.01,2.0,0.3,1.0,0.0,strict_pass,1.0,none,none,,,1.0,1.0,1.0,1.0,1.0,1.0,0.0,0.0,0.0,0.0,0.0,3885.0,3885.0,1.0,inverse_phase_volume,geometric_mean,3885.0,3885.0,3885.0,0.0,420.0,0.0,0.0,2.0195286448580606e+43,7.159330582453056e+52,3545050277.2919264,1.1776779033257197e-07,417.49273777454476,0.002395251245160633,8491286.090840597,3545050277.2919526,0.0
20.659012450694703,3.0973639580439514,0.0,0.301381478295027,26.8202190878878,-26.8202190878878,pass_no_bh_ml_down,43.0,26.8202190878878,0.15750666142331227,1.0375021074988724,1.9973989865173818,1.0,1.0,79.0,none,0.0,14.601964575557478,12.218254512330317,32.0,32.0,7745.0,133.27887609095492,0.052776299095010665,nonsingular_isothermal,1.0,0.01,2.0,0.3,1.0,0.0,strict_pass,1.0,none,none,,,1.0,1.0,1.0,1.0,1.0,1.0,0.0,0.0,0.0,0.0,0.0,3885.0,3885.0,1.0,inverse_phase_volume,geometric_mean,3885.0,3885.0,3885.0,0.0,420.0,0.0,0.0,2.0191467222530405e+43,7.158950871393149e+52,3545532770.102472,1.1791103565580242e-07,418.05744087436835,0.0023920157907212393,8480970.372604728,3545532770.102471,0.0
11.414346590739132,4.1571574729172065,0.0,1.2407375121396875,25.174258349684965,-25.174258349684965,pass_no_bh_halo_up,44.0,25.174258349684965,0.06473168244265182,1.0613074963394609,1.9982476064290777,1.0,1.0,93.0,none,0.0,11.355766734925309,13.818491614759655,32.0,32.0,7659.0,95.48106421578866,0.05912359344707025,nonsingular_isothermal,1.0,0.01,2.0,0.3,1.0,0.0,strict_pass,1.0,none,none,,,0.9979407979407979,1.0,0.9979407979407979,0.9845559845559846,0.9915343915343915,0.9976190476190476,0.015444015444015413,0.00846560846560851,0.0023809523809523725,0.0,0.0,3877.0,3885.0,1.0,inverse_phase_volume,geometric_mean,3877.0,3877.0,3877.0,0.0,420.0,0.0,0.0,9.372806762650208e+42,6.612242140008139e+51,705470869.8740413,6.347369309632185e-07,447.78841482780297,0.002233197570295672,1575455.8325170898,705470869.8740443,0.0
2.853586647684783,4.1571574729172065,0.0,1.2407375121396875,189.57060956204967,-189.57060956204967,pass_no_bh_halo_down,44.0,189.57060956204967,0.08676349106494285,1.0672785624363943,1.9989925395971342,1.0,1.0,183.0,none,0.0,32.03290058817197,157.53770897387773,32.0,32.0,4869.0,35.09709684040887,0.07910147670627611,nonsingular_isothermal,1.0,0.01,2.0,0.3,1.0,0.0,strict_pass,1.0,none,none,,,0.9979407979407979,1.0,0.9979407979407979,0.9845559845559846,0.9915343915343915,0.9976190476190476,0.015444015444015413,0.00846560846560851,0.0023809523809523725,0.0,0.0,3877.0,3885.0,1.0,inverse_phase_volume,geometric_mean,3877.0,3877.0,3877.0,0.0,420.0,0.0,0.0,5.332019669175898e+40,2.638246597556395e+49,494793110.53707254,9.170427709524325e-07,453.7464451350933,0.0022038740153705696,1090461.6792970395,494793110.5370759,0.0
5.707173295369566,8.314314945834413,0.0,1.2407375121396875,65.86366512836187,-65.86366512836187,pass_no_bh_halo_scale_up,44.0,65.86366512836187,0.03428104194384218,1.0804833577067605,1.9992613902301384,1.0,1.0,129.0,none,0.0,13.097209706425474,52.76645542193642,32.0,32.0,5653.0,54.28984848539982,0.05712939667395539,nonsingular_isothermal,1.0,0.01,2.0,0.3,1.0,0.0,strict_pass,1.0,none,none,,,0.9981981981981982,1.0,0.9981981981981982,0.9864864864864865,0.9925925925925926,0.9976190476190476,0.013513513513513487,0.007407407407407418,0.0023809523809523725,0.0,0.0,3878.0,3885.0,1.0,inverse_phase_volume,geometric_mean,3878.0,3878.0,3878.0,0.0,420.0,0.0,0.0,3.69621260252126e+40,4.9330725356859754e+50,13346290016.7621,5.523173438815049e-08,737.1387452730231,0.001356596714543363,18105533.188082207,13346290016.761995,0.0
5.707173295369566,2.0785787364586032,0.0,1.2407375121396875,63.621242179492775,-63.621242179492775,pass_no_bh_halo_scale_down,44.0,63.621242179492775,0.08950063094502525,1.0144178381670634,1.9998024769796954,1.0,1.0,103.0,none,0.0,12.507852936228838,51.11338924326393,32.0,32.0,6060.0,76.10608234184643,0.05490414846570171,nonsingular_isothermal,1.0,0.01,2.0,0.3,1.0,0.0,strict_pass,1.0,none,none,,,1.0,1.0,1.0,1.0,1.0,1.0,0.0,0.0,0.0,0.0,0.0,3885.0,3885.0,1.0,inverse_phase_volume,geometric_mean,3885.0,3885.0,3885.0,0.0,420.0,0.0,0.0,9.312253660090675e+42,5.312677488219482e+50,57050394.9112545,9.094643358249163e-06,518.8529951651368,0.00192732818219875,109954.83391802985,57050394.911254965,0.0
5.707173295369566,4.1571574729172065,0.0,2.481475024279375,67.7085867951172,-67.7085867951172,pass_no_bh_ml_up,44.0,67.7085867951172,0.013295540905232883,1.0669933028768577,1.9999300518995886,1.0,1.0,253.0,none,0.0,12.927958487319266,54.78062830779794,32.0,32.0,4908.0,57.54176612890418,0.05841041203584676,nonsingular_isothermal,1.0,0.01,2.0,0.3,1.0,0.0,strict_pass,1.0,none,none,,,0.9987129987129987,1.0,0.9987129987129987,0.9903474903474904,0.9947089947089947,0.9976190476190476,0.009652509652509633,0.005291005291005346,0.0023809523809523725,0.0,0.0,3880.0,3885.0,1.0,inverse_phase_volume,geometric_mean,3880.0,3880.0,3880.0,0.0,420.0,0.0,0.0,1.2719636352342056e+41,4.1367630936270015e+50,3252265221.297229,1.3803709645018074e-07,448.93324803377317,0.0022275026507387803,7244429.40134511,3252265221.2972226,0.0
5.707173295369566,4.1571574729172065,0.0,0.6203687560698438,67.21143554274732,-67.21143554274732,pass_no_bh_ml_down,44.0,67.21143554274732,0.02239187249868735,1.0613097093022645,1.9987209704219133,1.0,1.0,184.0,none,0.0,12.948991011229666,54.26244453151766,32.0,32.0,5100.0,65.86710365356122,0.05365839241188019,nonsingular_isothermal,1.0,0.01,2.0,0.3,1.0,0.0,strict_pass,1.0,none,none,,,1.0,1.0,1.0,1.0,1.0,1.0,0.0,0.0,0.0,0.0,0.0,3885.0,3885.0,1.0,inverse_phase_volume,geometric_mean,3885.0,3885.0,3885.0,0.0,420.0,0.0,0.0,6.0150527311187704e+41,4.133298293205792e+50,687159111.9762335,6.587532160597283e-07,452.6682749590891,0.0022091232262529932,1518019.1543980732,687159111.976231,0.0
0.43592024931403683,149.34837774822375,169.38945709805125,4.045927392607002,inf,-1000000.0,physics_exception_full,46.0,inf,inf,inf,inf,0.0,0.0,0.0,exception,3.0,inf,inf,0.0,0.0,0.0,0.0,0.0,nonsingular_isothermal,1.0,0.01,2.0,0.3,1.0,0.0,severe_coverage_warn,0.0,multiple,multiple,1;2;3;4;5,shell_band minimum coverage 0.751 is below 0.8 | shell_band coverage gap 0.249 exceeds 0.1 | Lfrac minimum coverage 0.696 is below 0.8 | Lfrac coverage gap 0.304 exceeds 0.1 | third_integral minimum coverage 0.693 is below 0.8 | third_integral coverage gap 0.307 exceeds 0.1 | 12 planned shell-band/Lfrac/third-integral cells have no successful orbit,0.8733590733590734,1.0,0.8733590733590734,0.7505197505197505,0.6962962962962963,0.6928571428571428,0.2494802494802495,0.3037037037037037,0.30714285714285716,12.0,0.0,3393.0,3885.0,1.0,inverse_phase_volume,geometric_mean,3393.0,3393.0,3393.0,0.0,420.0,0.0,0.0,2.1317592937111954e+36,1.6070574314778669e+46,7538643955.810455,1.7200299587138834e-07,1296.6693452071222,0.0007712066331299487,5813852.223525974,7538643955.810396,0.0
7.551851674589058,17.779437068929134,460746.65031697013,4.148519414549579,39.70078143780591,-39.70078143780591,pass_full,47.0,39.70078143780591,0.2870921501099204,1.1187555657524073,1.5821592940672853,1.0,1.0,63.0,none,0.0,8.045363301756328,31.655418136049576,32.0,32.0,7621.0,145.13916703147802,0.04458140145313015,nonsingular_isothermal,1.0,0.01,2.0,0.3,1.0,0.0,strict_pass,1.0,none,none,,,0.9951093951093951,1.0,0.9951093951093951,0.9633204633204633,0.9798941798941799,0.9833333333333333,0.03667953667953672,0.02010582010582007,0.01666666666666672,0.0,0.0,3866.0,3885.0,1.0,inverse_phase_volume,geometric_mean,3866.0,3866.0,3866.0,0.0,420.0,0.0,0.0,1.1988869702762073e+42,1.8205629528429092e+51,1518544281.4709015,1.3707496667994824e-07,208.15440678465214,0.004804126011295828,7295278.0819189735,1518544281.4709187,0.0
17.277727542044374,27.628325090332513,28401.587770837923,1.0413851153229905,22.205769010966183,-22.205769010966183,pass_full,48.0,22.205769010966183,0.02762601531353681,1.0300680612249635,1.9998546041450151,1.0,1.0,139.0,none,0.0,13.3414168168555,8.864352194110687,32.0,32.0,7570.0,90.38523345561698,0.06581664489045484,nonsingular_isothermal,1.0,0.01,2.0,0.3,1.0,0.0,strict_pass,1.0,none,none,,,1.0,1.0,1.0,1.0,1.0,1.0,0.0,0.0,0.0,0.0,0.0,3885.0,3885.0,1.0,inverse_phase_volume,geometric_mean,3885.0,3885.0,3885.0,0.0,420.0,0.0,0.0,2.862429776714874e+40,4.407453275960318e+52,1539759442070.4434,1.2045616312540894e-09,1854.7351452792432,0.0005391605386597896,830177530.19319,1539759442070.4297,0.0
5.683184337890809,64.80724208975319,227251.58933032487,1.7040900295989594,69.0999744974047,-69.0999744974047,pass_full,49.0,69.0999744974047,0.2987189770314558,1.1613713537613823,1.677409619976114,1.0,1.0,60.0,none,0.0,10.323732567877427,58.77624192952729,32.0,32.0,7485.0,135.79384459567254,0.032205698052807576,nonsingular_isothermal,1.0,0.01,2.0,0.3,1.0,0.0,strict_pass,1.0,none,none,,,0.9940797940797941,1.0,0.9940797940797941,0.9671814671814671,0.9756613756613757,0.9833333333333333,0.032818532818532864,0.024338624338624326,0.01666666666666672,0.0,0.0,3862.0,3885.0,1.0,inverse_phase_volume,geometric_mean,3862.0,3862.0,3862.0,0.0,420.0,0.0,0.0,3.565766037521172e+38,6.073916397334676e+50,1703397343914.6626,3.0085649392072403e-10,512.4781526440426,0.0019513026942527651,3323843826.563707,1703397343914.6738,0.0
14.764665373347594,47.25446727443546,607172.0339347888,2.360462720450646,23.255214194116576,-23.255214194116576,pass_full,50.0,23.255214194116576,0.20314529909611778,1.0385546587085543,1.9921910009661419,1.0,1.0,82.0,none,0.0,13.29618896336325,9.959025230753324,32.0,32.0,7675.0,164.2653724053333,0.04018329707087255,nonsingular_isothermal,1.0,0.01,2.0,0.3,1.0,0.0,strict_pass,1.0,none,none,,,0.9966537966537966,1.0,0.9966537966537966,0.974903474903475,0.9862433862433863,0.9857142857142858,0.025096525096525046,0.013756613756613745,0.014285714285714235,0.0,0.0,3872.0,3885.0,1.0,inverse_phase_volume,geometric_mean,3872.0,3872.0,3872.0,0.0,420.0,0.0,0.0,5.838996080384905e+42,2.6740836348265637e+52,4579697602.143773,1.9104128236866353e-07,874.9113027742432,0.0011429730040395123,5234470.72591484,4579697602.143791,0.0
7.551851674589058,17.779437068929134,0.0,4.148519414549579,39.65117498470627,-39.65117498470627,pass_no_bh,47.0,39.65117498470627,0.03322963005909685,0.9704440230155608,1.999698614078931,1.0,1.0,124.0,none,0.0,11.240072592711046,28.411102391995225,32.0,32.0,6131.0,72.39634015173117,0.053469710280283904,nonsingular_isothermal,1.0,0.01,2.0,0.3,1.0,0.0,strict_pass,1.0,none,none,,,0.9971685971685972,1.0,0.9971685971685972,0.9787644787644788,0.9915343915343915,0.9952380952380953,0.021235521235521193,0.00846560846560851,0.004761904761904745,0.0,0.0,3874.0,3885.0,1.0,inverse_phase_volume,geometric_mean,3874.0,3874.0,3874.0,0.0,420.0,0.0,0.0,3.3802608265305e+39,1.690930128841306e+51,500236583984.81537,3.6036023399362185e-09,1802.65372456938,0.0005547377105044848,277500097.3103207,500236583984.81494,0.0
17.277727542044374,27.628325090332513,0.0,1.0413851153229905,22.980966079496582,-22.980966079496582,pass_no_bh,48.0,22.980966079496582,0.04329088696058392,1.0317303073478719,1.9980527536239197,1.0,1.0,109.0,none,0.0,13.385641964127162,9.595324115369422,32.0,32.0,7608.0,97.60721589550641,0.06506179742917909,nonsingular_isothermal,1.0,0.01,2.0,0.3,1.0,0.0,strict_pass,1.0,none,none,,,0.998970398970399,1.0,0.998970398970399,0.9922779922779923,0.9957671957671957,0.9976190476190476,0.007722007722007707,0.004232804232804255,0.0023809523809523725,0.0,0.0,3881.0,3885.0,1.0,inverse_phase_volume,geometric_mean,3881.0,3881.0,3881.0,0.0,420.0,0.0,0.0,9.320002154495147e+39,3.89965025266862e+52,4184173123595.0117,8.534622038715672e-10,3571.033615443624,0.00028003096797389615,1171698049.9706867,4184173123595.065,0.0
5.683184337890809,64.80724208975319,0.0,1.7040900295989594,62.78805608971096,-62.78805608971096,pass_no_bh,49.0,62.78805608971096,0.005986204867831191,0.946080106955319,1.999175734104885,1.0,1.0,218.0,none,0.0,17.274483157204518,45.51357293250644,32.0,32.0,2558.0,37.90398842866815,0.09806367773310637,nonsingular_isothermal,1.0,0.01,2.0,0.3,1.0,0.0,strict_pass,1.0,none,none,,,1.0,1.0,1.0,1.0,1.0,1.0,0.0,0.0,0.0,0.0,0.0,3885.0,3885.0,1.0,inverse_phase_volume,geometric_mean,3885.0,3885.0,3885.0,0.0,420.0,0.0,0.0,1.449937910342655e+35,4.673118314475569e+50,3222978226268461.0,9.709721414706627e-12,31294.22070273178,3.195478198671701e-05,102989566568.34364,3222978226268432.5,0.0
14.764665373347594,47.25446727443546,0.0,2.360462720450646,21.642965897895202,-21.642965897895202,pass_no_bh,50.0,21.642965897895202,0.11381057137025863,0.9859940032690712,1.9992955114708582,1.0,1.0,104.0,none,0.0,12.643746430642665,8.999219467252543,32.0,32.0,7157.0,117.3218948394301,0.038669399387896375,nonsingular_isothermal,1.0,0.01,2.0,0.3,1.0,0.0,strict_pass,1.0,none,none,,,1.0,1.0,1.0,1.0,1.0,1.0,0.0,0.0,0.0,0.0,0.0,3885.0,3885.0,1.0,inverse_phase_volume,geometric_mean,3885.0,3885.0,3885.0,0.0,420.0,0.0,0.0,5.429169072988132e+36,2.4662511329360675e+52,4542594087199205.0,3.687069170195398e-12,16748.858611624208,5.970556102885543e-05,271218128502.59183,4542594087199236.0,0.0
0.0,17.779437068929134,460746.65031697013,4.148519414549579,inf,-1000000.0,physics_exception_no_halo,47.0,inf,inf,inf,inf,0.0,0.0,0.0,exception,3.0,inf,inf,0.0,0.0,0.0,0.0,0.0,none,1.0,0.01,2.0,0.3,1.0,0.0,severe_coverage_warn,0.0,multiple,multiple,1;2;3;4;5;6;7;8,Lfrac minimum coverage 0.647 is below 0.8 | Lfrac coverage gap 0.353 exceeds 0.1 | third_integral minimum coverage 0.75 is below 0.8 | third_integral coverage gap 0.25 exceeds 0.1 | 25 planned shell-band/Lfrac/third-integral cells have no successful orbit,0.9140283140283141,1.0,0.9140283140283141,0.8898128898128899,0.6465608465608466,0.75,0.029106029106029108,0.35343915343915344,0.25,25.0,0.0,3551.0,3885.0,1.0,inverse_phase_volume,geometric_mean,3551.0,3551.0,3551.0,0.0,420.0,0.0,0.0,3.91057358967364e+43,5.878933255570826e+50,15033429.548787642,0.00024955202792195793,3751.6228305218156,0.0002665513153039719,4007.1804197589154,15033429.548787538,0.0
0.0,27.628325090332513,28401.587770837923,1.0413851153229905,inf,-1000000.0,physics_exception_no_halo,48.0,inf,inf,inf,inf,0.0,0.0,0.0,exception,3.0,inf,inf,0.0,0.0,0.0,0.0,0.0,none,1.0,0.01,2.0,0.3,1.0,0.0,severe_coverage_warn,0.0,multiple,multiple,1;2;3;4;5;6;7;8,Lfrac minimum coverage 0.57 is below 0.8 | Lfrac coverage gap 0.43 exceeds 0.1 | third_integral minimum coverage 0.738 is below 0.8 | third_integral coverage gap 0.262 exceeds 0.1 | 26 planned shell-band/Lfrac/third-integral cells have no successful orbit,0.8931788931788932,1.0,0.8931788931788932,0.8627858627858628,0.5703703703703704,0.7380952380952381,0.054202554202554265,0.4296296296296296,0.26190476190476186,26.0,0.0,3470.0,3885.0,1.0,inverse_phase_volume,geometric_mean,3470.0,3470.0,3470.0,0.0,420.0,0.0,0.0,3.904599718633683e+41,2.234134841790888e+48,5721802.496499353,0.00043561425935493333,2492.498756687773,0.00040120381096152606,2295.6089671647132,5721802.49649935,0.0
0.0,64.80724208975319,227251.58933032487,1.7040900295989594,inf,-1000000.0,physics_exception_no_halo,49.0,inf,inf,inf,inf,0.0,0.0,0.0,exception,3.0,inf,inf,0.0,0.0,0.0,0.0,0.0,none,1.0,0.01,2.0,0.3,1.0,0.0,severe_coverage_warn,0.0,multiple,multiple,1;2;3;4;5;6;7;8,Lfrac minimum coverage 0.649 is below 0.8 | Lfrac coverage gap 0.351 exceeds 0.1 | third_integral minimum coverage 0.75 is below 0.8 | third_integral coverage gap 0.25 exceeds 0.1 | 25 planned shell-band/Lfrac/third-integral cells have no successful orbit,0.9145431145431145,1.0,0.9145431145431145,0.8898128898128899,0.6486772486772486,0.75,0.029106029106029108,0.35132275132275137,0.25,25.0,0.0,3553.0,3885.0,1.0,inverse_phase_volume,geometric_mean,3553.0,3553.0,3553.0,0.0,420.0,0.0,0.0,8.187410329311452e+42,1.4292291552999627e+50,17456425.14316439,0.0002197508482436691,3836.0642325125013,0.00026068385183035153,4550.608145508305,17456425.143164452,0.0
0.0,47.25446727443546,607172.0339347888,2.360462720450646,inf,-1000000.0,physics_exception_no_halo,50.0,inf,inf,inf,inf,0.0,0.0,0.0,exception,3.0,inf,inf,0.0,0.0,0.0,0.0,0.0,none,1.0,0.01,2.0,0.3,1.0,0.0,severe_coverage_warn,0.0,multiple,multiple,1;2;3;4;5;6;7;8,Lfrac minimum coverage 0.665 is below 0.8 | Lfrac coverage gap 0.335 exceeds 0.1 | third_integral minimum coverage 0.75 is below 0.8 | third_integral coverage gap 0.25 exceeds 0.1 | 24 planned shell-band/Lfrac/third-integral cells have no successful orbit,0.9184041184041184,1.0,0.9184041184041184,0.9168399168399168,0.6645502645502646,0.75,0.0020790020790021346,0.33544973544973544,0.25,24.0,0.0,3568.0,3885.0,1.0,inverse_phase_volume,geometric_mean,3568.0,3568.0,3568.0,0.0,420.0,0.0,0.0,4.1754860630597773e+43,1.019344212840081e+51,24412588.0782634,0.0001681109226650049,4104.022706477572,0.00024366336921617248,5948.453462436243,24412588.078263473,0.0
15.103703349178115,17.779437068929134,0.0,4.148519414549579,21.065040752178852,-21.065040752178852,pass_no_bh_halo_up,47.0,21.065040752178852,0.22664371004901085,0.9789587534000942,1.9948263784633415,1.0,1.0,73.0,none,0.0,12.53191396212725,8.533126790051599,32.0,32.0,7689.0,118.59418569889966,0.05160881493432618,nonsingular_isothermal,1.0,0.01,2.0,0.3,1.0,0.0,strict_pass,1.0,none,none,,,1.0,1.0,1.0,1.0,1.0,1.0,0.0,0.0,0.0,0.0,0.0,3885.0,3885.0,1.0,inverse_phase_volume,geometric_mean,3885.0,3885.0,3885.0,0.0,420.0,0.0,0.0,1.473440029921249e+40,2.8531664026397756e+52,1936398051295.151,1.0117159956133519e-09,1959.0848823698352,0.0005104424055329015,988419679.3723232,1936398051295.158,0.0
3.775925837294529,17.779437068929134,0.0,4.148519414549579,127.84566481995586,-127.84566481995586,pass_no_bh_halo_down,47.0,127.84566481995586,0.005320476068774838,0.9700607051093447,1.9993081418081264,1.0,1.0,216.0,none,0.0,24.69447036841049,103.15119445154534,32.0,32.0,3238.0,48.07738931033489,0.054168802606070016,nonsingular_isothermal,1.0,0.01,2.0,0.3,1.0,0.0,strict_pass,1.0,none,none,,,0.9979407979407979,1.0,0.9979407979407979,0.9845559845559846,0.9915343915343915,0.9976190476190476,0.015444015444015413,0.00846560846560851,0.0023809523809523725,0.0,0.0,3877.0,3885.0,1.0,inverse_phase_volume,geometric_mean,3877.0,3877.0,3877.0,0.0,420.0,0.0,0.0,6.5297514881560056e+38,1.0954983093729514e+50,167770291313.53955,1.0909047715499494e-08,1830.2141131826547,0.0005463841595347813,91667029.6142538,167770291313.53967,0.0
7.551851674589058,35.55887413785827,0.0,4.148519414549579,39.70217189641753,-39.70217189641753,pass_no_bh_halo_scale_up,47.0,39.70217189641753,0.06806369812575497,0.9950893336232466,1.998691110033635,1.0,1.0,109.0,none,0.0,11.552067347918133,28.150104548499396,32.0,32.0,6419.0,45.304506629218814,0.08673319107997736,nonsingular_isothermal,1.0,0.01,2.0,0.3,1.0,0.0,strict_pass,1.0,none,none,,,1.0,1.0,1.0,1.0,1.0,1.0,0.0,0.0,0.0,0.0,0.0,3885.0,3885.0,1.0,inverse_phase_volume,geometric_mean,3885.0,3885.0,3885.0,0.0,420.0,0.0,0.0,2.865826538646509e+36,1.530574707679179e+51,534077930760613.5,1.1391810462374595e-11,6084.114559362148,0.00016436245409962152,87782359380.2624,534077930760614.9,0.0
7.551851674589058,8.889718534464567,0.0,4.148519414549579,40.20334198937774,-40.20334198937774,pass_no_bh_halo_scale_down,47.0,40.20334198937774,0.09628271848136194,1.0353318674989742,1.9993362889386046,1.0,1.0,88.0,none,0.0,10.84922398496891,29.354118004408836,32.0,32.0,7165.0,72.83998158195288,0.05967727073599326,nonsingular_isothermal,1.0,0.01,2.0,0.3,1.0,0.0,strict_pass,1.0,none,none,,,0.9979407979407979,1.0,0.9979407979407979,0.9845559845559846,0.9915343915343915,0.9976190476190476,0.015444015444015413,0.00846560846560851,0.0023809523809523725,0.0,0.0,3877.0,3885.0,1.0,inverse_phase_volume,geometric_mean,3877.0,3877.0,3877.0,0.0,420.0,0.0,0.0,1.1371172533715201e+41,1.500709217401682e+51,13197488763.380575,5.8395786517561907e-08,770.6777363942974,0.0012975592167468243,17124523.182837185,13197488763.38063,0.0
7.551851674589058,17.779437068929134,0.0,5.0,39.78412839576097,-39.78412839576097,pass_no_bh_ml_up,47.0,39.78412839576097,0.03143100397523568,0.977632339359848,1.9994778419669477,1.0,1.0,125.0,none,0.0,11.228639858882893,28.555488536878087,32.0,32.0,6118.0,74.04018944047948,0.052995655367634745,nonsingular_isothermal,1.0,0.01,2.0,0.3,1.0,0.0,strict_pass,1.0,none,none,,,0.9976833976833976,1.0,0.9976833976833976,0.9826254826254827,0.9915343915343915,0.9952380952380953,0.01737451737451734,0.00846560846560851,0.004761904761904745,0.0,0.0,3876.0,3885.0,1.0,inverse_phase_volume,geometric_mean,3876.0,3876.0,3876.0,0.0,420.0,0.0,0.0,4.55100339571858e+39,1.6910188235280583e+51,371570547523.4116,4.8346077172956615e-09,1796.3978365764535,0.0005566695637452916,206842014.59045592,371570547523.4102,0.0
7.551851674589058,17.779437068929134,0.0,2.0742597072747895,39.61291935204502,-39.61291935204502,pass_no_bh_ml_down,47.0,39.61291935204502,0.061482577040180786,0.9811266466094878,1.9981435420387363,1.0,1.0,104.0,none,0.0,11.243177534615983,28.369741817429052,32.0,32.0,6295.0,73.31890685367028,0.05071724029840809,nonsingular_isothermal,1.0,0.01,2.0,0.3,1.0,0.0,strict_pass,1.0,none,none,,,0.9971685971685972,1.0,0.9971685971685972,0.9787644787644788,0.9915343915343915,0.9952380952380953,0.021235521235521193,0.00846560846560851,0.004761904761904745,0.0,0.0,3874.0,3885.0,1.0,inverse_phase_volume,geometric_mean,3874.0,3874.0,3874.0,0.0,420.0,0.0,0.0,5.167064441084902e+38,1.7387515563241092e+51,3365066521134.837,5.536175633919773e-10,1862.9599280825853,0.0005367801985033732,1806301075.1918123,3365066521134.8354,0.0
25.0,27.628325090332513,0.0,1.0413851153229905,27.488371621052774,-27.488371621052774,pass_no_bh_halo_up,48.0,27.488371621052774,0.061545232296086994,1.0334642275567816,1.9992772982474911,1.0,1.0,102.0,none,0.0,14.957456105947537,12.530915515105233,32.0,32.0,7671.0,101.74884383890588,0.06480020778170059,nonsingular_isothermal,1.0,0.01,2.0,0.3,1.0,0.0,strict_pass,1.0,none,none,,,1.0,1.0,1.0,1.0,1.0,1.0,0.0,0.0,0.0,0.0,0.0,3885.0,3885.0,1.0,inverse_phase_volume,geometric_mean,3885.0,3885.0,3885.0,0.0,420.0,0.0,0.0,4.1016716247512412e+40,1.7093306697971579e+53,4167400089959.239,8.633370229319834e-10,3597.8707870319004,0.00027794216612902876,1158296208.129584,4167400089959.253,0.0
8.638863771022187,27.628325090332513,0.0,1.0413851153229905,34.37993195504635,-34.37993195504635,pass_no_bh_halo_down,48.0,34.37993195504635,0.015806169044161322,1.0319537341720757,1.9991884105515747,1.0,1.0,194.0,none,0.0,11.206074012494808,23.173857942551546,32.0,32.0,6523.0,67.2529371348619,0.06200179368809841,nonsingular_isothermal,1.0,0.01,2.0,0.3,1.0,0.0,strict_pass,1.0,none,none,,,1.0,1.0,1.0,1.0,1.0,1.0,0.0,0.0,0.0,0.0,0.0,3885.0,3885.0,1.0,inverse_phase_volume,geometric_mean,3885.0,3885.0,3885.0,0.0,420.0,0.0,0.0,5.690966163182684e+38,2.4377036706487504e+51,4283461895133.567,8.230122746655514e-10,3525.3417177570836,0.00028366044487631307,1215048706.7843204,4283461895133.5586,0.0
17.277727542044374,55.25665018066503,0.0,1.0413851153229905,21.73648573201675,-21.73648573201675,pass_no_bh_halo_scale_up,48.0,21.73648573201675,0.20649149710560977,0.9910362683336746,1.9984777524666073,1.0,1.0,92.0,none,0.0,13.440124993827107,8.296360738189648,32.0,32.0,7104.0,128.23952261472954,0.04158269580805615,nonsingular_isothermal,1.0,0.01,2.0,0.3,1.0,0.0,strict_pass,1.0,none,none,,,0.9976833976833976,1.0,0.9976833976833976,0.9826254826254827,0.9915343915343915,0.9952380952380953,0.01737451737451734,0.00846560846560851,0.004761904761904745,0.0,0.0,3876.0,3885.0,1.0,inverse_phase_volume,geometric_mean,3876.0,3876.0,3876.0,0.0,420.0,0.0,0.0,5.788258745328629e+36,3.285244490813792e+52,5675704275426741.0,3.6372598124286113e-12,20644.011068239102,4.844019879152769e-05,274932243383.59717,5675704275426787.0,0.0
17.277727542044374,13.814162545166257,0.0,1.0413851153229905,21.739526006720634,-21.739526006720634,pass_no_bh_halo_scale_down,48.0,21.739526006720634,0.28619048235944433,0.9783975183078578,1.987696907887066,1.0,1.0,76.0,none,0.0,13.191730189392375,8.547795817328252,32.0,32.0,7727.0,120.54637868076036,0.05507322727553467,nonsingular_isothermal,1.0,0.01,2.0,0.3,1.0,0.0,strict_pass,1.0,none,none,,,1.0,1.0,1.0,1.0,1.0,1.0,0.0,0.0,0.0,0.0,0.0,3885.0,3885.0,1.0,inverse_phase_volume,geometric_mean,3885.0,3885.0,3885.0,0.0,420.0,0.0,0.0,4.354049862181558e+41,5.444542542968597e+52,125045479847.59773,1.2432890339324717e-08,1554.6767383734282,0.0006432205328075111,80431820.17274305,125045479847.59827,0.0
17.277727542044374,27.628325090332513,0.0,2.082770230645981,23.030685902775616,-23.030685902775616,pass_no_bh_ml_up,48.0,23.030685902775616,0.045487677446914176,1.031245831735835,1.9996595823087815,1.0,1.0,111.0,none,0.0,13.407180329986994,9.623505572788622,32.0,32.0,7613.0,97.6927649935181,0.06547378536835957,nonsingular_isothermal,1.0,0.01,2.0,0.3,1.0,0.0,strict_pass,1.0,none,none,,,1.0,1.0,1.0,1.0,1.0,1.0,0.0,0.0,0.0,0.0,0.0,3885.0,3885.0,1.0,inverse_phase_volume,geometric_mean,3885.0,3885.0,3885.0,0.0,420.0,0.0,0.0,9.248645428565368e+39,3.8998751060386707e+52,4216698689727.596,8.427545343559237e-10,3553.6419407805874,0.0002814014514305123,1186585131.5344763,4216698689727.565,0.0
17.277727542044374,27.628325090332513,0.0,0.5206925576614952,23.03223785063871,-23.03223785063871,pass_no_bh_ml_down,48.0,23.03223785063871,0.05344961622104094,1.0337295177860175,1.9997294585244376,1.0,1.0,102.0,none,0.0,13.413869349422999,9.618368501215716,32.0,32.0,7621.0,98.06227269440411,0.0647209003006481,nonsingular_isothermal,1.0,0.01,2.0,0.3,1.0,0.0,strict_pass,1.0,none,none,,,1.0,1.0,1.0,1.0,1.0,1.0,0.0,0.0,0.0,0.0,0.0,3885.0,3885.0,1.0,inverse_phase_volume,geometric_mean,3885.0,3885.0,3885.0,0.0,420.0,0.0,0.0,9.355637194453325e+39,3.8995374647748963e+52,4168115312430.8994,8.634777113764667e-10,3599.074670731023,0.0002778491949979148,1158107484.2174022,4168115312430.8804,0.0
11.366368675781619,64.80724208975319,0.0,1.7040900295989594,22.909530176686385,-22.909530176686385,pass_no_bh_halo_up,49.0,22.909530176686385,0.04656715952166479,0.9402746693503186,1.9994843488838543,1.0,1.0,158.0,none,0.0,12.085750657916408,10.823779518769971,32.0,32.0,5647.0,91.51834620638438,0.032682562982744634,nonsingular_isothermal,1.0,0.01,2.0,0.3,1.0,0.0,strict_pass,1.0,none,none,,,1.0,1.0,1.0,1.0,1.0,1.0,0.0,0.0,0.0,0.0,0.0,3885.0,3885.0,1.0,inverse_phase_volume,geometric_mean,3885.0,3885.0,3885.0,0.0,420.0,0.0,0.0,4.969738536158443e+34,7.39427306845389e+51,1.4878595754394733e+17,2.718433748817963e-13,40446.47683376672,2.4724032308424713e-05,3678588821356.4995,1.4878595754394886e+17,0.0
2.8415921689454047,64.80724208975319,0.0,1.7040900295989594,166.26351303057382,-166.26351303057382,pass_no_bh_halo_down,49.0,166.26351303057382,0.01278854942913199,0.9497186930816276,1.999389379270895,1.0,1.0,500.0,none,0.0,40.86399162028528,125.39952141028854,32.0,32.0,792.0,22.25902764350341,0.12243438804019222,nonsingular_isothermal,1.0,0.01,2.0,0.3,1.0,0.0,strict_pass,1.0,none,none,,,1.0,1.0,1.0,1.0,1.0,1.0,0.0,0.0,0.0,0.0,0.0,3885.0,3885.0,1.0,inverse_phase_volume,geometric_mean,3885.0,3885.0,3885.0,0.0,420.0,0.0,0.0,9.015319197657714e+33,2.4813954354783653e+49,2752421052515878.5,7.256125088186993e-12,19971.911452414362,5.0070320128477844e-05,137814603227.8309,2752421052515857.5,0.0
5.683184337890809,129.61448417950638,0.0,1.7040900295989594,inf,-1000000.0,physics_exception_no_bh_halo_scale_up,49.0,inf,inf,inf,inf,0.0,0.0,0.0,exception,3.0,inf,inf,0.0,0.0,0.0,0.0,0.0,nonsingular_isothermal,1.0,0.01,2.0,0.3,1.0,0.0,strict_pass,1.0,none,none,,,0.998970398970399,1.0,0.998970398970399,0.9922779922779923,0.9957671957671957,0.9976190476190476,0.007722007722007707,0.004232804232804255,0.0023809523809523725,0.0,0.0,3881.0,3885.0,1.0,inverse_phase_volume,geometric_mean,3881.0,3881.0,3881.0,0.0,420.0,0.0,0.0,2.5097075161160714e+33,3.980428845439027e+50,1.5860130393198122e+17,1.1062721361052635e-12,175456.20328991284,5.699428012514682e-06,903936714451.288,1.586013039319811e+17,0.0
5.683184337890809,32.403621044876594,0.0,1.7040900295989594,68.39703254346465,-68.39703254346465,pass_no_bh_halo_scale_down,49.0,68.39703254346465,0.022295397478274026,0.9980648521302964,1.998575273094435,1.0,1.0,190.0,none,0.0,14.606467158542415,53.790565384922225,32.0,32.0,4402.0,50.74137187433526,0.05822237316829614,nonsingular_isothermal,1.0,0.01,2.0,0.3,1.0,0.0,strict_pass,1.0,none,none,,,0.9992277992277993,1.0,0.9992277992277993,0.9942084942084942,0.9968253968253968,0.9976190476190476,0.00579150579150578,0.0031746031746031633,0.0023809523809523725,0.0,0.0,3882.0,3885.0,1.0,inverse_phase_volume,geometric_mean,3882.0,3882.0,3882.0,0.0,420.0,0.0,0.0,1.0739871019133995e+36,4.961132949536304e+50,461935989798911.3,1.1043048910396769e-11,5101.181728821883,0.00019603300826354797,90554701705.47952,461935989798907.94,0.0
5.683184337890809,64.80724208975319,0.0,3.4081800591979188,62.93349576573016,-62.93349576573016,pass_no_bh_ml_up,49.0,62.93349576573016,0.005333606663114665,0.938627440566227,1.999801502687755,1.0,1.0,225.0,none,0.0,17.19786159571499,45.73563417001516,32.0,32.0,2749.0,37.693781711655426,0.11342981453626322,nonsingular_isothermal,1.0,0.01,2.0,0.3,1.0,0.0,strict_pass,1.0,none,none,,,1.0,1.0,1.0,1.0,1.0,1.0,0.0,0.0,0.0,0.0,0.0,3885.0,3885.0,1.0,inverse_phase_volume,geometric_mean,3885.0,3885.0,3885.0,0.0,420.0,0.0,0.0,9.208829345067197e+33,4.818184176931491e+50,5.232135373984751e+16,5.328222081209846e-13,27877.979231544745,3.587060567390304e-05,1876798648326.866,5.232135373984762e+16,0.0
5.683184337890809,64.80724208975319,0.0,0.8520450147994797,62.717399900840796,-62.717399900840796,pass_no_bh_ml_down,49.0,62.717399900840796,0.003185933533821128,0.9433049961086161,1.9992738383276174,1.0,1.0,250.0,none,0.0,17.40282743190238,45.3145724689384,32.0,32.0,2203.0,42.577017315286845,0.07237905755501076,nonsingular_isothermal,1.0,0.01,2.0,0.3,1.0,0.0,strict_pass,1.0,none,none,,,1.0,1.0,1.0,1.0,1.0,1.0,0.0,0.0,0.0,0.0,0.0,3885.0,3885.0,1.0,inverse_phase_volume,geometric_mean,3885.0,3885.0,3885.0,0.0,420.0,0.0,0.0,2.1722491540983976e+34,4.645744177231044e+50,2.138679243339046e+16,1.6930595515083293e-12,36209.1132054777,2.761735683294007e-05,590646678144.9656,2.138679243339041e+16,0.0
25.0,47.25446727443546,0.0,2.360462720450646,26.24106169615744,-26.24106169615744,pass_no_bh_halo_up,50.0,26.24106169615744,0.15836308234153051,0.9874103036272011,1.9944090460806811,1.0,1.0,105.0,none,0.0,14.640992918106797,11.60006877805065,32.0,32.0,7419.0,124.17391093319202,0.04595787316876055,nonsingular_isothermal,1.0,0.01,2.0,0.3,1.0,0.0,strict_pass,1.0,none,none,,,0.9974259974259975,1.0,0.9974259974259975,0.9806949806949807,0.9915343915343915,0.9952380952380953,0.019305019305019266,0.00846560846560851,0.004761904761904745,0.0,0.0,3875.0,3885.0,1.0,inverse_phase_volume,geometric_mean,3875.0,3875.0,3875.0,0.0,420.0,0.0,0.0,3.3849047980859946e+37,2.032459579404822e+53,6004480777580754.0,2.9319450490442096e-12,17604.807687909037,5.680266537002838e-05,341070512329.68774,6004480777580761.0,0.0
7.382332686673797,47.25446727443546,0.0,2.360462720450646,42.494897239730825,-42.494897239730825,pass_no_bh_halo_down,50.0,42.494897239730825,0.017537163614335327,0.9862793732629891,1.9991861813660456,1.0,1.0,185.0,none,0.0,12.965972409377413,29.528924830353407,32.0,32.0,4568.0,65.0296200571472,0.0446953425424681,nonsingular_isothermal,1.0,0.01,2.0,0.3,1.0,0.0,strict_pass,1.0,none,none,,,1.0,1.0,1.0,1.0,1.0,1.0,0.0,0.0,0.0,0.0,0.0,3885.0,3885.0,1.0,inverse_phase_volume,geometric_mean,3885.0,3885.0,3885.0,0.0,420.0,0.0,0.0,8.843960909083655e+34,1.5155846421163265e+51,1.7136944155414182e+16,8.548306511951634e-13,14649.18513186803,6.826318262744779e-05,1169822348557.4263,1.7136944155414388e+16,0.0
14.764665373347594,94.50893454887093,0.0,2.360462720450646,19.25485454180288,-19.25485454180288,pass_no_bh_halo_scale_up,50.0,19.25485454180288,0.05575672384312469,0.8410916688863607,1.9965239733664408,1.0,1.0,143.0,none,0.0,12.73181553013372,6.5230390116691614,32.0,32.0,5665.0,85.92256702795272,0.05925537680658588,nonsingular_isothermal,1.0,0.01,2.0,0.3,1.0,0.0,strict_pass,1.0,none,none,,,1.0,1.0,1.0,1.0,1.0,1.0,0.0,0.0,0.0,0.0,0.0,3885.0,3885.0,1.0,inverse_phase_volume,geometric_mean,3885.0,3885.0,3885.0,0.0,420.0,0.0,0.0,7.302188562680362e+35,1.9135607002343794e+52,2.620530384567312e+16,5.72441443820193e-12,150010.01969164022,6.666221376782661e-06,174690356681.11157,2.62053038456732e+16,0.0
14.764665373347594,23.62723363721773,0.0,2.360462720450646,21.223961104761226,-21.223961104761226,pass_no_bh_halo_scale_down,50.0,21.223961104761226,0.11717964407656822,1.0071873419396293,1.9943135014284228,1.0,1.0,92.0,none,0.0,12.514863209585531,8.709097895175697,32.0,32.0,7678.0,121.72537180111907,0.04261012391270747,nonsingular_isothermal,1.0,0.01,2.0,0.3,1.0,0.0,strict_pass,1.0,none,none,,,0.9994851994851995,1.0,0.9994851994851995,0.9961389961389961,0.9978835978835979,0.9976190476190476,0.0038610038610038533,0.002116402116402072,0.0023809523809523725,0.0,0.0,3883.0,3885.0,1.0,inverse_phase_volume,geometric_mean,3883.0,3883.0,3883.0,0.0,420.0,0.0,0.0,6.763820294234828e+39,2.0264960922857427e+52,2996082101727.3857,8.438933224975834e-10,2528.3736793022945,0.000395511157304861,1184983899.4345918,2996082101727.419,0.0
14.764665373347594,47.25446727443546,0.0,4.720925440901292,21.5736160670621,-21.5736160670621,pass_no_bh_ml_up,50.0,21.5736160670621,0.09938494623161631,0.9811537046864234,1.9950870282046662,1.0,1.0,106.0,none,0.0,12.605407567958158,8.968208499103941,32.0,32.0,7138.0,116.06185344248199,0.03989427914141524,nonsingular_isothermal,1.0,0.01,2.0,0.3,1.0,0.0,strict_pass,1.0,none,none,,,0.9974259974259975,1.0,0.9974259974259975,0.9806949806949807,0.9915343915343915,0.9952380952380953,0.019305019305019266,0.00846560846560851,0.004761904761904745,0.0,0.0,3875.0,3885.0,1.0,inverse_phase_volume,geometric_mean,3875.0,3875.0,3875.0,0.0,420.0,0.0,0.0,7.904905639701824e+36,2.4135271853676167e+52,3053201765301092.0,4.9812105618671025e-12,15208.640880828998,6.575209499887223e-05,200754412522.80066,3053201765301074.5,0.0
14.764665373347594,47.25446727443546,0.0,1.180231360225323,21.81738871627267,-21.81738871627267,pass_no_bh_ml_down,50.0,21.81738871627267,0.11703014402285916,0.9902164577867252,1.999715004825813,1.0,1.0,104.0,none,0.0,12.721294465188738,9.096094251083931,32.0,32.0,7142.0,118.6376287018089,0.037971510974576766,nonsingular_isothermal,1.0,0.01,2.0,0.3,1.0,0.0,strict_pass,1.0,none,none,,,1.0,1.0,1.0,1.0,1.0,1.0,0.0,0.0,0.0,0.0,0.0,3885.0,3885.0,1.0,inverse_phase_volume,geometric_mean,3885.0,3885.0,3885.0,0.0,420.0,0.0,0.0,4.3882154519958016e+36,2.4730465473333116e+52,5635654343745923.0,3.140995740785902e-12,17701.56629024756,5.6492176093532274e-05,318370377589.1756,5635654343745938.0,0.0
9.285617381811853,3.5491030624908326,1475350.026770259,1.8890827182039729,27.01943504460257,-27.01943504460257,pass_full,51.0,27.01943504460257,0.28511129868496,1.1101323411605124,1.5699642128980396,1.0,1.0,62.0,none,0.0,6.282732944760458,20.736702099842113,32.0,32.0,7686.0,197.17680173511692,0.042669134192367134,nonsingular_isothermal,1.0,0.01,2.0,0.3,1.0,0.0,strict_pass,1.0,none,none,,,0.9943371943371944,1.0,0.9943371943371944,0.9575289575289575,0.9788359788359788,0.9785714285714285,0.0424710424710425,0.021164021164021163,0.021428571428571463,0.0,0.0,3863.0,3885.0,1.0,inverse_phase_volume,geometric_mean,3863.0,3863.0,3863.0,0.0,420.0,0.0,0.0,3.082414921191072e+42,6.995308031787669e+51,2269424529.3507147,5.490827626753899e-08,124.61018902591876,0.008025025945446575,18212190.729272377,2269424529.3507156,0.0
16.003792115020936,1.4524051042927568,14875.79882622615,0.6319930972183128,22.395082810140995,-22.395082810140995,pass_full,52.0,22.395082810140995,0.14188492563382482,1.0022646503575223,1.9962933501048672,1.0,1.0,83.0,none,0.0,12.927636229657873,9.46744658048312,32.0,32.0,7733.0,128.60629278317563,0.044300577083474,nonsingular_isothermal,1.0,0.01,2.0,0.3,1.0,0.0,strict_pass,1.0,none,none,,,0.9984555984555985,1.0,0.9984555984555985,0.9884169884169884,0.9936507936507937,0.9976190476190476,0.01158301158301156,0.006349206349206327,0.0023809523809523725,0.0,0.0,3879.0,3885.0,1.0,inverse_phase_volume,geometric_mean,3879.0,3879.0,3879.0,0.0,420.0,0.0,0.0,1.850973440015169e+44,3.499781495583788e+52,189077888.4193555,2.887760831571242e-06,546.0117202936084,0.0018314625178050524,346289.0655857729,189077888.41935405,0.0
18.288092348862833,58.94415954044658,1444.3934168802816,2.3021528137229454,19.89816426843662,-19.89816426843662,pass_full,53.0,19.89816426843662,0.29390935655811035,0.9310844473685578,1.8968040255376215,1.0,1.0,85.0,none,0.0,12.370066301835521,7.528097966601096,32.0,32.0,7603.0,98.77753587819998,0.06007114934651937,nonsingular_isothermal,1.0,0.01,2.0,0.3,1.0,0.0,strict_pass,1.0,none,none,,,1.0,1.0,1.0,1.0,1.0,1.0,0.0,0.0,0.0,0.0,0.0,3885.0,3885.0,1.0,inverse_phase_volume,geometric_mean,3885.0,3885.0,3885.0,0.0,420.0,0.0,0.0,1.5544719655691195e+40,4.7617894477132116e+52,3063284223314.9165,2.7030304730822257e-09,8280.150603332206,0.0001207707501838876,369955133.67620856,3063284223314.9053,0.0
7.990325347735619,138.87493642944884,14113.40300136984,4.57771390879063,inf,-1000000.0,physics_exception_full,54.0,inf,inf,inf,inf,0.0,0.0,0.0,exception,3.0,inf,inf,0.0,0.0,0.0,0.0,0.0,nonsingular_isothermal,1.0,0.01,2.0,0.3,1.0,0.0,strict_pass,1.0,none,none,,,0.9987129987129987,1.0,0.9987129987129987,0.9903474903474904,0.9947089947089947,0.9952380952380953,0.009652509652509633,0.005291005291005346,0.004761904761904745,0.0,0.0,3880.0,3885.0,1.0,inverse_phase_volume,geometric_mean,3880.0,3880.0,3880.0,0.0,420.0,0.0,0.0,1.166631246590693e+38,1.5567050428843065e+51,13343591194163.078,1.0277235393469298e-09,13713.522769663783,7.292072334704098e-05,973024321.9255766,13343591194163.059,0.0
7.514842746917008,3.1643442133328636,0.0,0.7684757074589048,42.236614961849995,-42.236614961849995,pass_full,55.0,42.236614961849995,0.04094236272933216,1.0544394513294366,1.9989476298824593,1.0,1.0,114.0,none,0.0,10.66020721858666,31.576407743263342,32.0,32.0,7010.0,85.06583293011028,0.036180105226528834,nonsingular_isothermal,1.0,0.01,2.0,0.3,1.0,0.0,strict_pass,1.0,none,none,,,1.0,1.0,1.0,1.0,1.0,1.0,0.0,0.0,0.0,0.0,0.0,3885.0,3885.0,1.0,inverse_phase_volume,geometric_mean,3885.0,3885.0,3885.0,0.0,420.0,0.0,0.0,4.229071647842761e+42,1.206071200908437e+51,285185804.67267585,1.4216213826983532e-06,405.4262379647132,0.0024665399186301214,703422.1714518098,285185804.67267674,0.0
9.285617381811853,3.5491030624908326,0.0,1.8890827182039729,31.239156344759635,-31.239156344759635,pass_no_bh,51.0,31.239156344759635,0.1539335661300676,1.0669993574832066,1.9978306876037797,1.0,1.0,81.0,none,0.0,10.65275456817194,20.5864017765877,32.0,32.0,7649.0,103.9723531511384,0.055181267051841225,nonsingular_isothermal,1.0,0.01,2.0,0.3,1.0,0.0,strict_pass,1.0,none,none,,,1.0,1.0,1.0,1.0,1.0,1.0,0.0,0.0,0.0,0.0,0.0,3885.0,3885.0,1.0,inverse_phase_volume,geometric_mean,3885.0,3885.0,3885.0,0.0,420.0,0.0,0.0,1.1103140122337357e+43,2.9350227231349433e+51,264341680.89352027,1.643937474748735e-06,434.56119535892594,0.0023011718733285647,608295.6410205585,264341680.89351803,0.0
16.003792115020936,1.4524051042927568,0.0,0.6319930972183128,22.919069776454794,-22.919069776454794,pass_no_bh,52.0,22.919069776454794,0.12844004015695987,1.0125176748595925,1.9983785451767977,1.0,1.0,86.0,none,0.0,12.938969331994693,9.980100444460103,32.0,32.0,7722.0,119.81699608795418,0.05643235588843156,nonsingular_isothermal,1.0,0.01,2.0,0.3,1.0,0.0,strict_pass,1.0,none,none,,,0.9979407979407979,1.0,0.9979407979407979,0.9845559845559846,0.9915343915343915,0.9976190476190476,0.015444015444015413,0.00846560846560851,0.0023809523809523725,0.0,0.0,3877.0,3885.0,1.0,inverse_phase_volume,geometric_mean,3877.0,3877.0,3877.0,0.0,420.0,0.0,0.0,6.88790287753804e+43,3.0227541102036764e+52,438849699.8209863,1.0581684371047505e-06,464.3769009834629,0.002153423216964901,945029.1323525914,438849699.82098716,0.0
18.288092348862833,58.94415954044658,0.0,2.3021528137229454,20.19439652203241,-20.19439652203241,pass_no_bh,53.0,20.19439652203241,0.2875322597473797,0.942666069253893,1.9022383542299124,1.0,1.0,84.0,none,0.0,12.442854730152167,7.75154179188025,32.0,32.0,7175.0,104.31034911335097,0.05894419407815972,nonsingular_isothermal,1.0,0.01,2.0,0.3,1.0,0.0,strict_pass,1.0,none,none,,,1.0,1.0,1.0,1.0,1.0,1.0,0.0,0.0,0.0,0.0,0.0,3885.0,3885.0,1.0,inverse_phase_volume,geometric_mean,3885.0,3885.0,3885.0,0.0,420.0,0.0,0.0,7.728186872888156e+36,4.6408274890599505e+52,6005066344009864.0,4.79897963923728e-12,28818.19111717247,3.4700304260391624e-05,208377629240.98047,6005066344009882.0,0.0
0.0,3.5491030624908326,1475350.026770259,1.8890827182039729,2.009734625599945e+25,-1000000.0,solver_failed_no_halo,51.0,2.009734625599945e+25,292057776128.0,10563200855359.453,14938621911720.416,0.0,0.0,433.0,stationary_constraints_unsatisfied,2.0,1.0523228909616157e+24,1.9045023365037832e+25,32.0,32.0,2.0,1.753424657538869,0.6874999999990925,none,1.0,0.01,2.0,0.3,1.0,0.0,severe_coverage_warn,0.0,multiple,multiple,1;2;3;4;5;6;7;8,Lfrac minimum coverage 0.665 is below 0.8 | Lfrac coverage gap 0.335 exceeds 0.1 | third_integral minimum coverage 0.75 is below 0.8 | third_integral coverage gap 0.25 exceeds 0.1 | 24 planned shell-band/Lfrac/third-integral cells have no successful orbit,0.9184041184041184,1.0,0.9184041184041184,0.9168399168399168,0.6645502645502646,0.75,0.0020790020790021346,0.33544973544973544,0.25,24.0,0.0,3568.0,3885.0,1.0,inverse_phase_volume,geometric_mean,3568.0,3568.0,3568.0,0.0,420.0,0.0,0.0,2.1261253273160173e+44,6.024470431720357e+51,28335443.60870552,0.00015176791290189966,4300.411137642725,0.00023253590598506146,6589.008051038983,28335443.60870563,0.0
0.0,1.4524051042927568,14875.79882622615,0.6319930972183128,inf,-1000000.0,physics_exception_no_halo,52.0,inf,inf,inf,inf,0.0,0.0,0.0,exception,3.0,inf,inf,0.0,0.0,0.0,0.0,0.0,none,1.0,0.01,2.0,0.3,1.0,0.0,severe_coverage_warn,0.0,multiple,multiple,1;2;3;4;5;6;7;8,Lfrac minimum coverage 0.544 is below 0.8 | Lfrac coverage gap 0.456 exceeds 0.1 | third_integral minimum coverage 0.731 is below 0.8 | third_integral coverage gap 0.269 exceeds 0.1 | 26 planned shell-band/Lfrac/third-integral cells have no successful orbit,0.8821106821106821,1.0,0.8821106821106821,0.8212058212058212,0.5439153439153439,0.7309523809523809,0.09355509355509362,0.4560846560846561,0.2690476190476191,26.0,0.0,3427.0,3885.0,1.0,inverse_phase_volume,geometric_mean,3427.0,3427.0,3427.0,0.0,420.0,0.0,0.0,1.4406558735320729e+40,6.120641845879445e+47,42485106.6679331,5.567228827759621e-05,2365.2431059216115,0.00042278952108407153,17962.257901341243,42485106.66793337,0.0
0.0,58.94415954044658,1444.3934168802816,2.3021528137229454,inf,-1000000.0,physics_exception_no_halo,53.0,inf,inf,inf,inf,0.0,0.0,0.0,exception,3.0,inf,inf,0.0,0.0,0.0,0.0,0.0,none,1.0,0.01,2.0,0.3,1.0,0.0,severe_coverage_warn,0.0,multiple,multiple,1;2;3;4;5;6;7;8,total orbit coverage 0.532 is below 0.85 | shell_band minimum coverage 0.281 is below 0.8 | shell_band coverage gap 0.48 exceeds 0.1 | Lfrac minimum coverage 0.294 is below 0.8 | Lfrac coverage gap 0.706 exceeds 0.1 | third_integral minimum coverage 0.293 is below 0.8 | third_integral coverage gap 0.696 exceeds 0.1 | 113 planned shell-band/Lfrac/third-integral cells have no successful orbit,0.532046332046332,1.0,0.532046332046332,0.2806652806652807,0.29417989417989415,0.29285714285714287,0.47995247995247997,0.7058201058201059,0.6957142857142857,113.0,0.0,2067.0,3885.0,1.0,inverse_phase_volume,geometric_mean,2067.0,2067.0,2067.0,0.0,420.0,0.0,0.0,7.118847006524061e+36,5.797454318530685e+45,814381080.7027617,5.663564118508845e-07,461.22994674606036,0.002168115940985442,1765672.6031086044,814381080.7027595,0.0
0.0,3.1643442133328636,0.0,0.7684757074589048,inf,-1000000.0,physics_exception_no_halo,55.0,inf,inf,inf,inf,0.0,0.0,0.0,exception,3.0,inf,inf,0.0,0.0,0.0,0.0,0.0,none,1.0,0.01,2.0,0.3,1.0,0.0,severe_coverage_warn,0.0,multiple,multiple,1;2;3;4;5;6;7;8,total orbit coverage 0.37 is below 0.85 | shell_band minimum coverage 0.125 is below 0.8 | shell_band coverage gap 0.632 exceeds 0.1 | Lfrac minimum coverage 0.192 is below 0.8 | Lfrac coverage gap 0.808 exceeds 0.1 | third_integral minimum coverage 0.198 is below 0.8 | third_integral coverage gap 0.483 exceeds 0.1 | 142 planned shell-band/Lfrac/third-integral cells have no successful orbit,0.3703989703989704,1.0,0.3703989703989704,0.12474012474012475,0.19153439153439153,0.1976190476190476,0.632016632016632,0.8084656084656084,0.4833333333333334,142.0,0.0,1439.0,3885.0,1.0,inverse_phase_volume,geometric_mean,1439.0,1439.0,1439.0,0.0,399.0,1.0,9.0,3.1291597181162956e+27,9.871395661849616e+42,3154647429691457.0,2.955572732704153e-12,9323.789924491231,0.00010725252371605388,338343898268.7685,3154647429691430.0,0.0
18.571234763623707,3.5491030624908326,0.0,1.8890827182039729,25.31498677185635,-25.31498677185635,pass_no_bh_halo_up,51.0,25.31498677185635,0.2811472307020608,1.055931433337484,1.9840430904325892,1.0,1.0,70.0,none,0.0,13.921031095256716,11.393955676599639,32.0,32.0,7737.0,128.50261769796353,0.05809367337608355,nonsingular_isothermal,1.0,0.01,2.0,0.3,1.0,0.0,strict_pass,1.0,none,none,,,0.9979407979407979,1.0,0.9979407979407979,0.9845559845559846,0.9915343915343915,0.9976190476190476,0.015444015444015413,0.00846560846560851,0.0023809523809523725,0.0,0.0,3877.0,3885.0,1.0,inverse_phase_volume,geometric_mean,3877.0,3877.0,3877.0,0.0,420.0,0.0,0.0,1.5959471205316217e+44,4.923291115780835e+52,308487107.90247554,1.4720518257044198e-06,454.1090103941191,0.002202114419910111,679323.9086684131,308487107.902478,0.0
4.642808690905927,3.5491030624908326,0.0,1.8890827182039729,97.54743472997544,-97.54743472997544,pass_no_bh_halo_down,51.0,97.54743472997544,0.01631017494159437,1.056126606956849,1.9995649124768307,1.0,1.0,209.0,none,0.0,16.347125142319346,81.20030958765608,32.0,32.0,4008.0,53.596831168028835,0.05951569376246178,nonsingular_isothermal,1.0,0.01,2.0,0.3,1.0,0.0,strict_pass,1.0,none,none,,,1.0,1.0,1.0,1.0,1.0,1.0,0.0,0.0,0.0,0.0,0.0,3885.0,3885.0,1.0,inverse_phase_volume,geometric_mean,3885.0,3885.0,3885.0,0.0,420.0,0.0,0.0,8.407826149941228e+40,1.8381070236288625e+50,2186185811.705575,1.9867205113822455e-07,434.33401938083404,0.0023023754883984278,5033420.625955373,2186185811.7055907,0.0
9.285617381811853,7.098206124981665,0.0,1.8890827182039729,30.02826178306503,-30.02826178306503,pass_no_bh_halo_scale_up,51.0,30.02826178306503,0.11680425762130753,1.0231414138932642,1.9983968098012121,1.0,1.0,89.0,none,0.0,10.691580516870454,19.336681266194578,32.0,32.0,7546.0,133.7069723728864,0.035288743284597766,nonsingular_isothermal,1.0,0.01,2.0,0.3,1.0,0.0,strict_pass,1.0,none,none,,,0.9997425997425997,1.0,0.9997425997425997,0.9980694980694981,0.9989417989417989,0.9976190476190476,0.0019305019305019266,0.0010582010582010914,0.0023809523809523725,0.0,0.0,3884.0,3885.0,1.0,inverse_phase_volume,geometric_mean,3884.0,3884.0,3884.0,0.0,420.0,0.0,0.0,1.2239280451315103e+40,3.3904029979286134e+51,277009993472.6405,2.3656218915288972e-09,655.3009047311529,0.0015260165105529118,422721823.6274022,277009993472.63947,0.0
9.285617381811853,1.7745515312454163,0.0,1.8890827182039729,29.58520027678343,-29.58520027678343,pass_no_bh_halo_scale_down,51.0,29.58520027678343,0.10324827203205444,1.0218811538783383,1.9978903328675213,1.0,1.0,95.0,none,0.0,10.486482681669033,19.098717595114397,32.0,32.0,7604.0,97.90837606412502,0.05717639073689378,nonsingular_isothermal,1.0,0.01,2.0,0.3,1.0,0.0,strict_pass,1.0,none,none,,,0.998970398970399,1.0,0.998970398970399,0.9922779922779923,0.9957671957671957,0.9976190476190476,0.007722007722007707,0.004232804232804255,0.0023809523809523725,0.0,0.0,3881.0,3885.0,1.0,inverse_phase_volume,geometric_mean,3881.0,3881.0,3881.0,0.0,420.0,0.0,0.0,1.1777953831548366e+42,3.548234301363411e+51,3012606732.978634,1.603307315614605e-07,483.01344140545143,0.002070335759373991,6237107.448216589,3012606732.9786677,0.0
9.285617381811853,3.5491030624908326,0.0,3.7781654364079458,31.054690297405706,-31.054690297405706,pass_no_bh_ml_up,51.0,31.054690297405706,0.11926006801789413,1.0589863441733984,1.9983884574814792,1.0,1.0,89.0,none,0.0,10.618603411273488,20.436086886132216,32.0,32.0,7616.0,103.35696549122194,0.05425203953984179,nonsingular_isothermal,1.0,0.01,2.0,0.3,1.0,0.0,strict_pass,1.0,none,none,,,0.9979407979407979,1.0,0.9979407979407979,0.9845559845559846,0.9915343915343915,0.9976190476190476,0.015444015444015413,0.00846560846560851,0.0023809523809523725,0.0,0.0,3877.0,3885.0,1.0,inverse_phase_volume,geometric_mean,3877.0,3877.0,3877.0,0.0,420.0,0.0,0.0,1.1113089474734879e+43,2.9374791099876548e+51,264326055.92404205,1.6346440129592887e-06,432.0790047853807,0.0023143915555367315,611753.9917389373,264326055.924044,0.0
9.285617381811853,3.5491030624908326,0.0,0.9445413591019864,31.23244765858119,-31.23244765858119,pass_no_bh_ml_down,51.0,31.23244765858119,0.23345557411584394,1.062713391363039,1.9953771350424994,1.0,1.0,74.0,none,0.0,10.634753920226386,20.597693738354806,32.0,32.0,7648.0,108.71769745351325,0.052647011345670985,nonsingular_isothermal,1.0,0.01,2.0,0.3,1.0,0.0,strict_pass,1.0,none,none,,,0.9979407979407979,1.0,0.9979407979407979,0.9845559845559846,0.9915343915343915,0.9976190476190476,0.015444015444015413,0.00846560846560851,0.0023809523809523725,0.0,0.0,3877.0,3885.0,1.0,inverse_phase_volume,geometric_mean,3877.0,3877.0,3877.0,0.0,420.0,0.0,0.0,1.0343974601900199e+43,3.080423047635161e+51,297798782.9812811,1.5198544760940603e-06,452.61081328945977,0.0022094036877560556,657957.729328102,297798782.9812785,0.0
25.0,1.4524051042927568,0.0,0.6319930972183128,27.91263301495261,-27.91263301495261,pass_no_bh_halo_up,52.0,27.91263301495261,0.20357224337697843,1.0125580789758983,1.9995044965583335,1.0,1.0,79.0,none,0.0,15.169609183335277,12.743023831617338,32.0,32.0,7721.0,122.14271217928774,0.05769117150994001,nonsingular_isothermal,1.0,0.01,2.0,0.3,1.0,0.0,strict_pass,1.0,none,none,,,0.9979407979407979,1.0,0.9979407979407979,0.9845559845559846,0.9915343915343915,0.9976190476190476,0.015444015444015413,0.00846560846560851,0.0023809523809523725,0.0,0.0,3877.0,3885.0,1.0,inverse_phase_volume,geometric_mean,3877.0,3877.0,3877.0,0.0,420.0,0.0,0.0,4.1016472331404626e+44,1.8000157097980567e+53,438851906.92517424,1.0576004140606154e-06,464.1299584753555,0.0021545689558264062,945536.694866201,438851906.9251748,0.0
8.001896057510468,1.4524051042927568,0.0,0.6319930972183128,37.41482577750476,-37.41482577750476,pass_no_bh_halo_down,52.0,37.41482577750476,0.13489974524573967,1.013500303381342,1.9992033631302015,1.0,1.0,93.0,none,0.0,10.51232939563266,26.9024963818721,32.0,32.0,7501.0,112.31417293028004,0.036478145735074304,nonsingular_isothermal,1.0,0.01,2.0,0.3,1.0,0.0,strict_pass,1.0,none,none,,,1.0,1.0,1.0,1.0,1.0,1.0,0.0,0.0,0.0,0.0,0.0,3885.0,3885.0,1.0,inverse_phase_volume,geometric_mean,3885.0,3885.0,3885.0,0.0,420.0,0.0,0.0,4.304795125047365e+42,1.8891389537299133e+51,438845264.14230394,1.067816827624649e-06,468.60635777453564,0.0021339872654505,936490.2051829366,438845264.14230347,0.0
16.003792115020936,2.9048102085855136,0.0,0.6319930972183128,23.64209615890094,-23.64209615890094,pass_no_bh_halo_scale_up,52.0,23.64209615890094,0.15668317146657884,1.041288933427326,1.9937546717342953,1.0,1.0,77.0,none,0.0,13.225646232518809,10.416449926382132,32.0,32.0,7741.0,130.71827078593242,0.05436836214921258,nonsingular_isothermal,1.0,0.01,2.0,0.3,1.0,0.0,strict_pass,1.0,none,none,,,1.0,1.0,1.0,1.0,1.0,1.0,0.0,0.0,0.0,0.0,0.0,3885.0,3885.0,1.0,inverse_phase_volume,geometric_mean,3885.0,3885.0,3885.0,0.0,420.0,0.0,0.0,4.13377723449695e+44,3.0908337617469475e+52,74770206.1918941,6.559199528135175e-06,490.43270117244583,0.0020390157459104267,152457.62775024268,74770206.19189475,0.0
16.003792115020936,1.0,0.0,0.6319930972183128,22.574530074743112,-22.574530074743112,pass_no_bh_halo_scale_down,52.0,22.574530074743112,0.12841119565509374,1.0330410224985707,1.9991178004772958,1.0,1.0,78.0,none,0.0,12.939949597334687,9.634580477408427,32.0,32.0,7743.0,132.68640657738354,0.05010108703919801,nonsingular_isothermal,1.0,0.01,2.0,0.3,1.0,0.0,strict_pass,1.0,none,none,,,0.9997425997425997,1.0,0.9997425997425997,0.9980694980694981,0.9989417989417989,0.9976190476190476,0.0019305019305019266,0.0010582010582010914,0.0023809523809523725,0.0,0.0,3884.0,3885.0,1.0,inverse_phase_volume,geometric_mean,3884.0,3884.0,3884.0,0.0,420.0,0.0,0.0,4.7124971431591155e+44,3.29516494578921e+52,69923966.96882093,7.031838445872036e-06,491.69403921924044,0.002033785078191912,142210.32062917188,69923966.9688208,0.0
16.003792115020936,1.4524051042927568,0.0,1.2639861944366255,22.88838016991963,-22.88838016991963,pass_no_bh_ml_up,52.0,22.88838016991963,0.1288249493074538,1.012666184390551,1.9971043963322712,1.0,1.0,87.0,none,0.0,12.925270665653638,9.963109504265992,32.0,32.0,7737.0,121.99729105033991,0.05578839475857003,nonsingular_isothermal,1.0,0.01,2.0,0.3,1.0,0.0,strict_pass,1.0,none,none,,,1.0,1.0,1.0,1.0,1.0,1.0,0.0,0.0,0.0,0.0,0.0,3885.0,3885.0,1.0,inverse_phase_volume,geometric_mean,3885.0,3885.0,3885.0,0.0,420.0,0.0,0.0,6.887825984666511e+43,3.0227089523222797e+52,438848042.7716019,1.068099808925569e-06,468.733510631703,0.002133408380920578,936242.092399518,438848042.7715973,0.0
16.003792115020936,1.4524051042927568,0.0,0.3159965486091564,22.854109535903962,-22.854109535903962,pass_no_bh_ml_down,52.0,22.854109535903962,0.1289214152760465,1.0107131390959392,1.9960479264724207,1.0,1.0,86.0,none,0.0,12.91276503361536,9.941344502288606,32.0,32.0,7737.0,119.08455813950464,0.05701153631272526,nonsingular_isothermal,1.0,0.01,2.0,0.3,1.0,0.0,strict_pass,1.0,none,none,,,1.0,1.0,1.0,1.0,1.0,1.0,0.0,0.0,0.0,0.0,0.0,3885.0,3885.0,1.0,inverse_phase_volume,geometric_mean,3885.0,3885.0,3885.0,0.0,420.0,0.0,0.0,6.887941320698301e+43,3.022783785211777e+52,438851558.7565033,1.0661751556123314e-06,467.8926289479293,0.0021372424743012733,937932.1912877201,438851558.75650346,0.0
25.0,58.94415954044658,0.0,2.3021528137229454,23.29917281987537,-23.29917281987537,pass_no_bh_halo_up,53.0,23.29917281987537,0.29117691547783764,0.9456964951427805,1.908919797735226,1.0,1.0,84.0,none,0.0,13.408891341304734,9.890281478570621,32.0,32.0,7361.0,104.65987886220705,0.060099565087435594,nonsingular_isothermal,1.0,0.01,2.0,0.3,1.0,0.0,strict_pass,1.0,none,none,,,1.0,1.0,1.0,1.0,1.0,1.0,0.0,0.0,0.0,0.0,0.0,3885.0,3885.0,1.0,inverse_phase_volume,geometric_mean,3885.0,3885.0,3885.0,0.0,420.0,0.0,0.0,2.1016196757385447e+36,1.5790025543984709e+53,7.513264995692347e+16,3.9285907255764067e-13,29516.543180874818,3.3879306051256975e-05,2545442042332.5693,7.513264995692347e+16,0.0
9.144046174431416,58.94415954044658,0.0,2.3021528137229454,29.763706212506197,-29.763706212506197,pass_no_bh_halo_down,53.0,29.763706212506197,0.0770121243278794,0.9895854466770436,1.9992648120162508,1.0,1.0,106.0,none,0.0,12.263618995901481,17.500087216604722,32.0,32.0,5368.0,78.74068369174438,0.03429546166751624,nonsingular_isothermal,1.0,0.01,2.0,0.3,1.0,0.0,strict_pass,1.0,none,none,,,1.0,1.0,1.0,1.0,1.0,1.0,0.0,0.0,0.0,0.0,0.0,3885.0,3885.0,1.0,inverse_phase_volume,geometric_mean,3885.0,3885.0,3885.0,0.0,420.0,0.0,0.0,4.0131886238974285e+35,2.910389790004024e+51,7252063291203054.0,3.382517022645164e-12,24530.227531794484,4.076603034781741e-05,295637832213.47675,7252063291203065.0,0.0
18.288092348862833,117.88831908089315,0.0,2.3021528137229454,19.335316503762876,-19.335316503762876,pass_no_bh_halo_scale_up,53.0,19.335316503762876,0.12594625173926488,0.7830063211436652,1.993161687801909,1.0,1.0,91.0,none,0.0,13.236154364640898,6.099162139121973,32.0,32.0,5534.0,94.2528817992769,0.05367807517728027,nonsingular_isothermal,1.0,0.01,2.0,0.3,1.0,0.0,strict_pass,1.0,none,none,,,1.0,1.0,1.0,1.0,1.0,1.0,0.0,0.0,0.0,0.0,0.0,3885.0,3885.0,1.0,inverse_phase_volume,geometric_mean,3885.0,3885.0,3885.0,0.0,420.0,0.0,0.0,1.5238139955174417e+35,4.139518663067999e+52,2.7165511507605904e+17,1.3202596571203276e-12,358655.28908530157,2.7881925359315215e-06,757426764202.688,2.7165511507605962e+17,0.0
18.288092348862833,29.47207977022329,0.0,2.3021528137229454,23.111719941788092,-23.111719941788092,pass_no_bh_halo_scale_down,53.0,23.111719941788092,0.2665521487786222,1.0020467364014194,1.9937970833654233,1.0,1.0,76.0,none,0.0,13.593076867274737,9.518643074513346,32.0,32.0,7633.0,123.5269093566415,0.038994358455294365,nonsingular_isothermal,1.0,0.01,2.0,0.3,1.0,0.0,strict_pass,1.0,none,none,,,0.9981981981981982,1.0,0.9981981981981982,0.9864864864864865,0.9925925925925926,0.9976190476190476,0.013513513513513487,0.007407407407407418,0.0023809523809523725,0.0,0.0,3878.0,3885.0,1.0,inverse_phase_volume,geometric_mean,3878.0,3878.0,3878.0,0.0,420.0,0.0,0.0,3.464895589290601e+36,5.205664543333974e+52,1.5024015613699276e+16,2.879015549968855e-13,4325.437457481516,0.00023119048878405228,3473409513230.3745,1.50240156136993e+16,0.0
18.288092348862833,58.94415954044658,0.0,4.604305627445891,20.15653039437285,-20.15653039437285,pass_no_bh_ml_up,53.0,20.15653039437285,0.2830859872983176,0.9410568507882597,1.9035021440472213,1.0,1.0,84.0,none,0.0,12.44369001893869,7.712840375434162,32.0,32.0,7193.0,105.13501973175485,0.058698942006741875,nonsingular_isothermal,1.0,0.01,2.0,0.3,1.0,0.0,strict_pass,1.0,none,none,,,1.0,1.0,1.0,1.0,1.0,1.0,0.0,0.0,0.0,0.0,0.0,3885.0,3885.0,1.0,inverse_phase_volume,geometric_mean,3885.0,3885.0,3885.0,0.0,420.0,0.0,0.0,1.92135372369732e+37,4.645235935899983e+52,2417689090044811.0,1.1072763386081863e-11,26770.49923517772,3.7354551785345566e-05,90311692314.94376,2417689090044807.5,0.0
18.288092348862833,58.94415954044658,0.0,1.1510764068614727,20.177688606159922,-20.177688606159922,pass_no_bh_ml_down,53.0,20.177688606159922,0.2860901663827917,0.9425990396781905,1.9027530094335379,1.0,1.0,84.0,none,0.0,12.44342216176829,7.734266444391624,32.0,32.0,7138.0,103.99140352456791,0.059565706498379285,nonsingular_isothermal,1.0,0.01,2.0,0.3,1.0,0.0,strict_pass,1.0,none,none,,,1.0,1.0,1.0,1.0,1.0,1.0,0.0,0.0,0.0,0.0,0.0,3885.0,3885.0,1.0,inverse_phase_volume,geometric_mean,3885.0,3885.0,3885.0,0.0,420.0,0.0,0.0,2.7748190050718152e+35,4.5216413247270017e+52,1.6295265804588854e+17,1.8226456768219312e-13,29700.495771398208,3.366947163767573e-05,5486529898359.933,1.6295265804588902e+17,0.0
9.206604467252772,1.773200628880362,1553.7016069056995,1.2288161884644273,29.763653189703806,-29.763653189703806,pass_full,56.0,29.763653189703806,0.11053040062339292,1.0259294892603026,1.997569483960307,1.0,1.0,88.0,none,0.0,10.491274067525447,19.272379122178354,32.0,32.0,7626.0,105.79703323669683,0.046561139251176,nonsingular_isothermal,1.0,0.01,2.0,0.3,1.0,0.0,strict_pass,1.0,none,none,,,0.9974259974259975,1.0,0.9974259974259975,0.9806949806949807,0.9915343915343915,0.9952380952380953,0.019305019305019266,0.00846560846560851,0.004761904761904745,0.0,0.0,3875.0,3885.0,1.0,inverse_phase_volume,geometric_mean,3875.0,3875.0,3875.0,0.0,420.0,0.0,0.0,1.0560454851742187e+43,3.4531922438568236e+51,326992756.6886138,1.4944699391640736e-06,488.68084519552315,0.002046325346760616,669133.5662190344,326992756.6886123,0.0
13.487429459794173,48.94244614798188,3179.553362920179,4.217105353849163,22.589457087789924,-22.589457087789924,pass_full,57.0,22.589457087789924,0.042085878019708645,0.9955839143859709,1.998667839999231,1.0,1.0,156.0,none,0.0,12.642523516987433,9.94693357080249,32.0,32.0,6811.0,73.63593278216482,0.05433405010333221,nonsingular_isothermal,1.0,0.01,2.0,0.3,1.0,0.0,strict_pass,1.0,none,none,,,1.0,1.0,1.0,1.0,1.0,1.0,0.0,0.0,0.0,0.0,0.0,3885.0,3885.0,1.0,inverse_phase_volume,geometric_mean,3885.0,3885.0,3885.0,0.0,420.0,0.0,0.0,2.86555254517033e+40,1.52410428173068e+52,531870994408.89374,9.881286802028655e-09,5255.569837434466,0.00019027432437053397,101201394.11343645,531870994408.8945,0.0
8.644147279855527,5.999431163747789,90593.47072592497,4.676976612799627,33.01126249072523,-33.01126249072523,pass_full,58.0,33.01126249072523,0.027449567657633622,1.037074784145499,1.9988844714575804,1.0,1.0,168.0,none,0.0,10.924152675733891,22.08710981499134,32.0,32.0,7517.0,113.24803613625424,0.05238855969465476,nonsingular_isothermal,1.0,0.01,2.0,0.3,1.0,0.0,strict_pass,1.0,none,none,,,0.9997425997425997,1.0,0.9997425997425997,0.9980694980694981,0.9989417989417989,0.9976190476190476,0.0019305019305019266,0.0010582010582010914,0.0023809523809523725,0.0,0.0,3884.0,3885.0,1.0,inverse_phase_volume,geometric_mean,3884.0,3884.0,3884.0,0.0,420.0,0.0,0.0,2.2457170545371527e+42,2.17378718061919e+51,967970197.4152805,3.2531777433996306e-07,314.8979102505502,0.0031756323794093926,3073917.501215232,967970197.4152696,0.0
7.42236714947658,3.1844193979282958,110439.74121026468,1.523870781532338,44.83939693327978,-44.83939693327978,pass_full,59.0,44.83939693327978,0.2876370426176109,1.180013466458784,1.9932045721742695,1.0,1.0,64.0,none,0.0,10.77735524645493,34.06204168682484,32.0,32.0,7585.0,125.86059726259033,0.042997396795142834,nonsingular_isothermal,1.0,0.01,2.0,0.3,1.0,0.0,strict_pass,1.0,none,none,,,1.0,1.0,1.0,1.0,1.0,1.0,0.0,0.0,0.0,0.0,0.0,3885.0,3885.0,1.0,inverse_phase_volume,geometric_mean,3885.0,3885.0,3885.0,0.0,420.0,0.0,0.0,3.671622844137575e+39,1.748158242437351e+51,476126856337.8205,8.039380893016794e-10,382.7765151494426,0.0026124904753092875,1243876877.2215095,476126856337.8205,0.0
22.07894607838932,47.43312032868297,94156.06190709883,3.7418904996353244,21.774485098703995,-21.774485098703995,pass_full,60.0,21.774485098703995,0.28341607602897767,0.9304498230081331,1.8157006150625767,1.0,1.0,87.0,none,0.0,11.799253411745802,9.975231686958194,32.0,32.0,7598.0,92.20310873493345,0.058560140632983954,nonsingular_isothermal,1.0,0.01,2.0,0.3,1.0,0.0,strict_pass,1.0,none,none,,,0.9984555984555985,1.0,0.9984555984555985,0.9884169884169884,0.9968253968253968,0.9952380952380953,0.01158301158301156,0.0031746031746031633,0.004761904761904745,0.0,0.0,3879.0,3885.0,1.0,inverse_phase_volume,geometric_mean,3879.0,3879.0,3879.0,0.0,420.0,0.0,0.0,2.1437962469003715e+43,8.778962655566997e+52,4095054587.515089,5.727066765708814e-07,2345.2651031921137,0.00042639102873227907,1746094.5382854016,4095054587.5150986,0.0
0.0,1.773200628880362,1553.7016069056995,1.2288161884644273,inf,-1000000.0,physics_exception_no_halo,56.0,inf,inf,inf,inf,0.0,0.0,0.0,exception,3.0,inf,inf,0.0,0.0,0.0,0.0,0.0,none,1.0,0.01,2.0,0.3,1.0,0.0,severe_coverage_warn,0.0,multiple,multiple,1;2;3;4;5;6;7;8,total orbit coverage 0.56 is below 0.85 | shell_band minimum coverage 0.37 is below 0.8 | shell_band coverage gap 0.468 exceeds 0.1 | Lfrac minimum coverage 0.311 is below 0.8 | Lfrac coverage gap 0.689 exceeds 0.1 | third_integral minimum coverage 0.305 is below 0.8 | third_integral coverage gap 0.695 exceeds 0.1 | 103 planned shell-band/Lfrac/third-integral cells have no successful orbit,0.5603603603603604,1.0,0.5603603603603604,0.3700623700623701,0.3111111111111111,0.3047619047619048,0.46777546777546775,0.6888888888888889,0.6952380952380952,103.0,0.0,2177.0,3885.0,1.0,inverse_phase_volume,geometric_mean,2177.0,2177.0,2177.0,0.0,420.0,0.0,0.0,1.1809846699078508e+39,6.587904305619695e+45,5578314.836325294,0.00012956848882472572,722.7738235312149,0.0013835586838415882,7717.925933000221,5578314.836325289,0.0
0.0,48.94244614798188,3179.553362920179,4.217105353849163,inf,-1000000.0,physics_exception_no_halo,57.0,inf,inf,inf,inf,0.0,0.0,0.0,exception,3.0,inf,inf,0.0,0.0,0.0,0.0,0.0,none,1.0,0.01,2.0,0.3,1.0,0.0,severe_coverage_warn,0.0,multiple,multiple,1;2;3;4;5;6;7;8,total orbit coverage 0.54 is below 0.85 | shell_band minimum coverage 0.297 is below 0.8 | shell_band coverage gap 0.492 exceeds 0.1 | Lfrac minimum coverage 0.301 is below 0.8 | Lfrac coverage gap 0.699 exceeds 0.1 | third_integral minimum coverage 0.298 is below 0.8 | third_integral coverage gap 0.695 exceeds 0.1 | 111 planned shell-band/Lfrac/third-integral cells have no successful orbit,0.54002574002574,1.0,0.54002574002574,0.2972972972972973,0.30052910052910053,0.2976190476190476,0.49227799227799224,0.6994708994708995,0.6947619047619047,111.0,0.0,2098.0,3885.0,1.0,inverse_phase_volume,geometric_mean,2098.0,2098.0,2098.0,0.0,420.0,0.0,0.0,4.9829758064355085e+39,2.809598808148826e+46,5638395.443381908,9.380462784086277e-05,528.9075861860538,0.0018906894628057578,10660.45485193412,5638395.44338188,0.0
0.0,5.999431163747789,90593.47072592497,4.676976612799627,inf,-1000000.0,physics_exception_no_halo,58.0,inf,inf,inf,inf,0.0,0.0,0.0,exception,3.0,inf,inf,0.0,0.0,0.0,0.0,0.0,none,1.0,0.01,2.0,0.3,1.0,0.0,severe_coverage_warn,0.0,multiple,multiple,1;2;3;4;5;6;7;8,shell_band minimum coverage 0.794 is below 0.8 | shell_band coverage gap 0.121 exceeds 0.1 | Lfrac minimum coverage 0.503 is below 0.8 | Lfrac coverage gap 0.497 exceeds 0.1 | third_integral minimum coverage 0.712 is below 0.8 | third_integral coverage gap 0.288 exceeds 0.1 | 27 planned shell-band/Lfrac/third-integral cells have no successful orbit,0.8604890604890605,1.0,0.8604890604890605,0.7941787941787942,0.5026455026455027,0.7119047619047619,0.12087912087912078,0.4973544973544973,0.28809523809523807,27.0,0.0,3343.0,3885.0,1.0,inverse_phase_volume,geometric_mean,3343.0,3343.0,3343.0,0.0,420.0,0.0,0.0,3.973536064149466e+42,2.2736268576744602e+49,5721923.296954218,0.000381212160950533,2181.2667448250972,0.00045844920268116226,2623.2111732914063,5721923.29695417,0.0
0.0,3.1844193979282958,110439.74121026468,1.523870781532338,3.1439480528719588e+25,-1000000.0,solver_failed_no_halo,59.0,3.1439480528719588e+25,678604832768.0,8427665410162.682,11918518722194.678,0.0,0.0,444.0,stationary_constraints_unsatisfied,2.0,1.013810261295787e+24,3.04256702674238e+25,32.0,32.0,2.0,1.001672069182221,0.9991646631954926,none,1.0,0.01,2.0,0.3,1.0,0.0,severe_coverage_warn,0.0,multiple,multiple,1;2;3;4;5;6;7;8,Lfrac minimum coverage 0.639 is below 0.8 | Lfrac coverage gap 0.361 exceeds 0.1 | third_integral minimum coverage 0.75 is below 0.8 | third_integral coverage gap 0.25 exceeds 0.1 | 25 planned shell-band/Lfrac/third-integral cells have no successful orbit,0.9122265122265122,1.0,0.9122265122265122,0.8898128898128899,0.6391534391534391,0.75,0.029106029106029108,0.36084656084656086,0.25,25.0,0.0,3544.0,3885.0,1.0,inverse_phase_volume,geometric_mean,3544.0,3544.0,3544.0,0.0,420.0,0.0,0.0,2.3438361900310925e+42,3.3755976553743196e+49,14402020.370414795,0.00022839383601936227,3289.3326788280287,0.0003040130317120415,4378.401875588377,14402020.370414782,0.0
0.0,47.43312032868297,94156.06190709883,3.7418904996353244,inf,-1000000.0,physics_exception_no_halo,60.0,inf,inf,inf,inf,0.0,0.0,0.0,exception,3.0,inf,inf,0.0,0.0,0.0,0.0,0.0,none,1.0,0.01,2.0,0.3,1.0,0.0,severe_coverage_warn,0.0,multiple,multiple,1;2;3;4;5;6;7;8,Lfrac minimum coverage 0.559 is below 0.8 | Lfrac coverage gap 0.441 exceeds 0.1 | third_integral minimum coverage 0.731 is below 0.8 | third_integral coverage gap 0.269 exceeds 0.1 | 27 planned shell-band/Lfrac/third-integral cells have no successful orbit,0.8877734877734877,1.0,0.8877734877734877,0.8378378378378378,0.5587301587301587,0.7309523809523809,0.08108108108108114,0.44126984126984126,0.2690476190476191,27.0,0.0,3449.0,3885.0,1.0,inverse_phase_volume,geometric_mean,3449.0,3449.0,3449.0,0.0,420.0,0.0,0.0,4.291476906945757e+42,2.4507853325789793e+49,5710820.274046873,0.0004350426612355272,2484.450449859161,0.0004025034993379273,2298.6251443938536,5710820.274046889,0.0
13.487429459794173,48.94244614798188,0.0,4.217105353849163,22.386139432582546,-22.386139432582546,pass_no_bh,57.0,22.386139432582546,0.014040082066834714,1.0207852382846705,1.9996187998376922,1.0,1.0,180.0,none,0.0,12.327472117936654,10.058667314645888,32.0,32.0,6384.0,76.85514532836551,0.07078962985629364,nonsingular_isothermal,1.0,0.01,2.0,0.3,1.0,0.0,strict_pass,1.0,none,none,,,0.9987129987129987,1.0,0.9987129987129987,0.9903474903474904,0.9947089947089947,0.9976190476190476,0.009652509652509633,0.005291005291005346,0.0023809523809523725,0.0,0.0,3880.0,3885.0,1.0,inverse_phase_volume,geometric_mean,3880.0,3880.0,3880.0,0.0,420.0,0.0,0.0,9.155139649502325e+34,1.195263852721616e+52,1.30556594271786e+17,9.345702438347121e-14,12201.430814281313,8.195760113883839e-05,10700105279372.234,1.3055659427178654e+17,0.0
8.644147279855527,5.999431163747789,0.0,4.676976612799627,34.3007906741718,-34.3007906741718,pass_no_bh,58.0,34.3007906741718,0.05226529325216234,1.050591132837546,1.9979031646503864,1.0,1.0,102.0,none,0.0,10.593687598133984,23.707103076037825,32.0,32.0,7294.0,92.0871685804073,0.059158922913457784,nonsingular_isothermal,1.0,0.01,2.0,0.3,1.0,0.0,strict_pass,1.0,none,none,,,0.9984555984555985,1.0,0.9984555984555985,0.9884169884169884,0.9936507936507937,0.9976190476190476,0.01158301158301156,0.006349206349206327,0.0023809523809523725,0.0,0.0,3879.0,3885.0,1.0,inverse_phase_volume,geometric_mean,3879.0,3879.0,3879.0,0.0,420.0,0.0,0.0,1.8177688497451775e+42,2.6000621524802338e+51,1430359065.0949495,4.3065020286574015e-07,615.9844215539957,0.0016234176790984678,2322070.193733917,1430359065.0949616,0.0
7.42236714947658,3.1844193979282958,0.0,1.523870781532338,43.049250148285815,-43.049250148285815,pass_no_bh,59.0,43.049250148285815,0.11858380777425737,1.0543263985029099,1.9952389478193182,1.0,1.0,90.0,none,0.0,10.575727408966541,32.473522739319286,32.0,32.0,7219.0,86.11205600391585,0.03727694257594666,nonsingular_isothermal,1.0,0.01,2.0,0.3,1.0,0.0,strict_pass,1.0,none,none,,,1.0,1.0,1.0,1.0,1.0,1.0,0.0,0.0,0.0,0.0,0.0,3885.0,3885.0,1.0,inverse_phase_volume,geometric_mean,3885.0,3885.0,3885.0,0.0,420.0,0.0,0.0,6.095614979490384e+42,1.1871657981004316e+51,194757346.40308318,2.1831712215416287e-06,425.1886338510257,0.0023518973001295518,458049.27718580776,194757346.4030834,0.0
22.07894607838932,47.43312032868297,0.0,3.7418904996353244,25.070502004072495,-25.070502004072495,pass_no_bh,60.0,25.070502004072495,0.13307699136717233,0.9867909049881811,1.9996160929613676,1.0,1.0,110.0,none,0.0,14.333418667197193,10.737083336875294,32.0,32.0,7336.0,130.09233851434496,0.04038206381584383,nonsingular_isothermal,1.0,0.01,2.0,0.3,1.0,0.0,strict_pass,1.0,none,none,,,0.9997425997425997,1.0,0.9997425997425997,0.9980694980694981,0.9989417989417989,0.9976190476190476,0.0019305019305019266,0.0010582010582010914,0.0023809523809523725,0.0,0.0,3884.0,3885.0,1.0,inverse_phase_volume,geometric_mean,3884.0,3884.0,3884.0,0.0,420.0,0.0,0.0,2.16358885266597e+37,1.219975104610557e+53,5638664218052825.0,3.0964926124890158e-12,17460.08209550679,5.727349931861671e-05,322946031250.5581,5638664218052846.0,0.0
25.0,48.94244614798188,0.0,4.217105353849163,26.249730111590267,-26.249730111590267,pass_no_bh_halo_up,57.0,26.249730111590267,0.044794094698289655,1.0198560117656776,1.99939566907197,1.0,1.0,124.0,none,0.0,14.596343194613286,11.65338691697698,32.0,32.0,7332.0,92.70069684766902,0.06907317818755891,nonsingular_isothermal,1.0,0.01,2.0,0.3,1.0,0.0,strict_pass,1.0,none,none,,,1.0,1.0,1.0,1.0,1.0,1.0,0.0,0.0,0.0,0.0,0.0,3885.0,3885.0,1.0,inverse_phase_volume,geometric_mean,3885.0,3885.0,3885.0,0.0,420.0,0.0,0.0,5.6830789524592415e+35,1.443938619139377e+53,2.5407681843211782e+17,5.492259603288324e-14,13954.558460067481,7.166117099739207e-05,18207442332137.402,2.540768184321188e+17,0.0
6.7437147298970865,48.94244614798188,0.0,4.217105353849163,52.772751382873004,-52.772751382873004,pass_no_bh_halo_down,57.0,52.772751382873004,0.001543505497501485,1.0153761612236178,1.9995311522025152,1.0,1.0,296.0,none,0.0,14.66767022192138,38.10508116095163,32.0,32.0,2996.0,45.01981448028752,0.062149103962787534,nonsingular_isothermal,1.0,0.01,2.0,0.3,1.0,0.0,strict_pass,1.0,none,none,,,1.0,1.0,1.0,1.0,1.0,1.0,0.0,0.0,0.0,0.0,0.0,3885.0,3885.0,1.0,inverse_phase_volume,geometric_mean,3885.0,3885.0,3885.0,0.0,420.0,0.0,0.0,7.798316417504778e+35,8.01827865558732e+50,1028206375107939.4,1.0973564943415809e-11,11283.089432481152,8.86282082566193e-05,91128088743.85027,1028206375107941.5,0.0
13.487429459794173,97.88489229596377,0.0,4.217105353849163,19.67728903067118,-19.67728903067118,pass_no_bh_halo_scale_up,57.0,19.67728903067118,0.029554872823350564,0.8271652823471343,1.9991494930598814,1.0,1.0,201.0,none,0.0,12.453927374836478,7.223361655834704,32.0,32.0,6192.0,76.89509942623945,0.053750321772068496,nonsingular_isothermal,1.0,0.01,2.0,0.3,1.0,0.0,strict_pass,1.0,none,none,,,1.0,1.0,1.0,1.0,1.0,1.0,0.0,0.0,0.0,0.0,0.0,3885.0,3885.0,1.0,inverse_phase_volume,geometric_mean,3885.0,3885.0,3885.0,0.0,420.0,0.0,0.0,1.293116200850088e+35,1.470655005878706e+52,1.1372953218836054e+17,1.266997637826176e-12,144095.04863372867,6.93986371830078e-06,789267454133.3231,1.1372953218836042e+17,0.0
13.487429459794173,24.47122307399094,0.0,4.217105353849163,21.16642882332646,-21.16642882332646,pass_no_bh_halo_scale_down,57.0,21.16642882332646,0.20738575821924954,1.019456244172009,1.99115641028732,1.0,1.0,76.0,none,0.0,11.993957090830389,9.17247173249607,32.0,32.0,7476.0,117.47097337585338,0.041177514896034884,nonsingular_isothermal,1.0,0.01,2.0,0.3,1.0,0.0,strict_pass,1.0,none,none,,,0.9971685971685972,1.0,0.9971685971685972,0.9787644787644788,0.9915343915343915,0.9952380952380953,0.021235521235521193,0.00846560846560851,0.004761904761904745,0.0,0.0,3874.0,3885.0,1.0,inverse_phase_volume,geometric_mean,3874.0,3874.0,3874.0,0.0,420.0,0.0,0.0,2.814070813947113e+39,1.790096931136349e+52,6361236264077.865,5.224930721214522e-10,3323.7018781084626,0.0003008693428813494,1913900974.6861343,6361236264077.922,0.0
13.487429459794173,48.94244614798188,0.0,5.0,22.432553421253406,-22.432553421253406,pass_no_bh_ml_up,57.0,22.432553421253406,0.014051799652328612,1.0208208776060783,1.9997668253880676,1.0,1.0,178.0,none,0.0,12.33790139165278,10.094652029600617,32.0,32.0,6377.0,77.10888846167053,0.0707303817718681,nonsingular_isothermal,1.0,0.01,2.0,0.3,1.0,0.0,strict_pass,1.0,none,none,,,0.9984555984555985,1.0,0.9984555984555985,0.9884169884169884,0.9936507936507937,0.9976190476190476,0.01158301158301156,0.006349206349206327,0.0023809523809523725,0.0,0.0,3879.0,3885.0,1.0,inverse_phase_volume,geometric_mean,3879.0,3879.0,3879.0,0.0,420.0,0.0,0.0,3.0097946442503144e+35,1.1959527995295709e+52,3.973536207243339e+16,3.0192598797719457e-13,11997.138451351064,8.335320993877374e-05,3312069976816.746,3.973536207243361e+16,0.0
13.487429459794173,48.94244614798188,0.0,2.1085526769245817,22.262123839611583,-22.262123839611583,pass_no_bh_ml_down,57.0,22.262123839611583,0.01900990907613931,1.0199305977102506,1.9992981304917905,1.0,1.0,176.0,none,0.0,12.333817841301444,9.928305998310135,32.0,32.0,6438.0,80.34610298026489,0.06888338300016413,nonsingular_isothermal,1.0,0.01,2.0,0.3,1.0,0.0,strict_pass,1.0,none,none,,,1.0,1.0,1.0,1.0,1.0,1.0,0.0,0.0,0.0,0.0,0.0,3885.0,3885.0,1.0,inverse_phase_volume,geometric_mean,3885.0,3885.0,3885.0,0.0,420.0,0.0,0.0,9.275539197681652e+34,1.2251040514778344e+52,1.3207901183621104e+17,1.0248509289853304e-13,13536.129797980664,7.38763601505344e-05,9757516646738.717,1.320790118362123e+17,0.0
17.288294559711055,5.999431163747789,0.0,4.676976612799627,24.031868647165492,-24.031868647165492,pass_no_bh_halo_up,58.0,24.031868647165492,0.2807064276919178,1.0315238329087932,1.9689520444367916,1.0,1.0,72.0,none,0.0,13.510078175787402,10.521790471378095,32.0,32.0,7757.0,115.45873684480154,0.044674013099056574,nonsingular_isothermal,1.0,0.01,2.0,0.3,1.0,0.0,strict_pass,1.0,none,none,,,1.0,1.0,1.0,1.0,1.0,1.0,0.0,0.0,0.0,0.0,0.0,3885.0,3885.0,1.0,inverse_phase_volume,geometric_mean,3885.0,3885.0,3885.0,0.0,420.0,0.0,0.0,1.513308631948402e+43,4.162761752156077e+52,2750768524.194879,2.2426097659658269e-07,616.890035627086,0.0016210344506269612,4459090.543420197,2750768524.194888,0.0
4.322073639927764,5.999431163747789,0.0,4.676976612799627,107.0187191510055,-107.0187191510055,pass_no_bh_halo_down,58.0,107.0187191510055,0.017044537312088437,1.0535254124278646,1.9988215711380142,1.0,1.0,213.0,none,0.0,18.928927463404566,88.08979168760092,32.0,32.0,3467.0,37.981253545533114,0.10743441266466736,nonsingular_isothermal,1.0,0.01,2.0,0.3,1.0,0.0,strict_pass,1.0,none,none,,,1.0,1.0,1.0,1.0,1.0,1.0,0.0,0.0,0.0,0.0,0.0,3885.0,3885.0,1.0,inverse_phase_volume,geometric_mean,3885.0,3885.0,3885.0,0.0,420.0,0.0,0.0,5.589730246197124e+39,1.5796357170845996e+50,28259605517.802536,2.1319413928724477e-08,602.4782274964927,0.0016598110178277297,46905604.5979135,28259605517.802265,0.0
8.644147279855527,11.998862327495578,0.0,4.676976612799627,29.85404329724107,-29.85404329724107,pass_no_bh_halo_scale_up,58.0,29.85404329724107,0.23473954072926517,0.9870154718763962,1.991506044319952,1.0,1.0,74.0,none,0.0,10.68585450683154,19.16818879040953,32.0,32.0,7600.0,85.10755548107477,0.06412258137490359,nonsingular_isothermal,1.0,0.01,2.0,0.3,1.0,0.0,strict_pass,1.0,none,none,,,1.0,1.0,1.0,1.0,1.0,1.0,0.0,0.0,0.0,0.0,0.0,3885.0,3885.0,1.0,inverse_phase_volume,geometric_mean,3885.0,3885.0,3885.0,0.0,420.0,0.0,0.0,3.845666516133467e+39,3.201594776962038e+51,832520127143.2668,1.4872696601421505e-09,1238.1819265578683,0.0008076357589712108,672373024.7441623,832520127143.2682,0.0
8.644147279855527,2.9997155818738945,0.0,4.676976612799627,33.85802922097469,-33.85802922097469,pass_no_bh_halo_scale_down,58.0,33.85802922097469,0.16314277595235893,1.0377307273357714,1.9961849078597322,1.0,1.0,82.0,none,0.0,10.564968632568391,23.293060588406306,32.0,32.0,7540.0,96.0205125613573,0.041651624664222904,nonsingular_isothermal,1.0,0.01,2.0,0.3,1.0,0.0,strict_pass,1.0,none,none,,,0.9981981981981982,1.0,0.9981981981981982,0.9864864864864865,0.9925925925925926,0.9976190476190476,0.013513513513513487,0.007407407407407418,0.0023809523809523725,0.0,0.0,3878.0,3885.0,1.0,inverse_phase_volume,geometric_mean,3878.0,3878.0,3878.0,0.0,420.0,0.0,0.0,5.333955006873198e+42,2.484976464558683e+51,465878782.50877744,1.0137103785058907e-06,472.2661569548343,0.0021174500549605044,986475.0536281393,465878782.5087754,0.0
8.644147279855527,5.999431163747789,0.0,5.0,34.275143665611346,-34.275143665611346,pass_no_bh_ml_up,58.0,34.275143665611346,0.05710420923499271,1.0498654485470542,1.9977765044652707,1.0,1.0,100.0,none,0.0,10.588611982246647,23.68653168336469,32.0,32.0,7315.0,92.58837580944285,0.0588739877213309,nonsingular_isothermal,1.0,0.01,2.0,0.3,1.0,0.0,strict_pass,1.0,none,none,,,1.0,1.0,1.0,1.0,1.0,1.0,0.0,0.0,0.0,0.0,0.0,3885.0,3885.0,1.0,inverse_phase_volume,geometric_mean,3885.0,3885.0,3885.0,0.0,420.0,0.0,0.0,1.8519735289493404e+42,2.5990135462487724e+51,1403375105.325205,4.3923659554332943e-07,616.4137035333092,0.001622287100802526,2276677.330956484,1403375105.3252158,0.0
8.644147279855527,5.999431163747789,0.0,2.3384883063998134,33.78229669248926,-33.78229669248926,pass_no_bh_ml_down,58.0,33.78229669248926,0.18656980904428622,1.0436655109079491,1.9962989287940176,1.0,1.0,74.0,none,0.0,10.599926249325677,23.18237044316358,32.0,32.0,7539.0,64.33242257846237,0.08194297962515266,nonsingular_isothermal,1.0,0.01,2.0,0.3,1.0,0.0,strict_pass,1.0,none,none,,,1.0,1.0,1.0,1.0,1.0,1.0,0.0,0.0,0.0,0.0,0.0,3885.0,3885.0,1.0,inverse_phase_volume,geometric_mean,3885.0,3885.0,3885.0,0.0,420.0,0.0,0.0,1.8432437389698345e+42,2.6011290837119867e+51,1411169357.974179,4.3611170720163657e-07,615.4274778567532,0.0016248868241673796,2292990.496440971,1411169357.974171,0.0
14.84473429895316,3.1844193979282958,0.0,1.523870781532338,23.384213209612163,-23.384213209612163,pass_no_bh_halo_up,59.0,23.384213209612163,0.18374652841369965,1.058290122767544,1.9973321659441459,1.0,1.0,79.0,none,0.0,12.818739850001295,10.565473359610866,32.0,32.0,7706.0,130.71778589509233,0.05241637667985129,nonsingular_isothermal,1.0,0.01,2.0,0.3,1.0,0.0,strict_pass,1.0,none,none,,,0.9971685971685972,1.0,0.9971685971685972,0.9787644787644788,0.9915343915343915,0.9952380952380953,0.021235521235521193,0.00846560846560851,0.004761904761904745,0.0,0.0,3874.0,3885.0,1.0,inverse_phase_volume,geometric_mean,3874.0,3874.0,3874.0,0.0,420.0,0.0,0.0,4.0154979673011255e+44,1.8976794276951143e+52,47258881.54217078,8.902006997632653e-06,420.6988941886972,0.0023769969776803535,112334.21859429387,47258881.542170815,0.0
3.71118357473829,3.1844193979282958,0.0,1.523870781532338,134.42652709246758,-134.42652709246758,pass_no_bh_halo_down,59.0,134.42652709246758,0.0052507847798040075,1.056423105885649,1.9998267391700402,1.0,1.0,234.0,none,0.0,22.97226994129703,111.45425715117054,32.0,32.0,3529.0,40.1940800444994,0.07727860164862933,nonsingular_isothermal,1.0,0.01,2.0,0.3,1.0,0.0,strict_pass,1.0,none,none,,,1.0,1.0,1.0,1.0,1.0,1.0,0.0,0.0,0.0,0.0,0.0,3885.0,3885.0,1.0,inverse_phase_volume,geometric_mean,3885.0,3885.0,3885.0,0.0,420.0,0.0,0.0,3.8029723310068814e+41,7.513201173530502e+49,197561289.4228261,2.1857906880307617e-06,431.8276267357668,0.0023157388228240783,457500.3478036258,197561289.4228276,0.0
7.42236714947658,6.3688387958565915,0.0,1.523870781532338,42.99088646584836,-42.99088646584836,pass_no_bh_halo_scale_up,59.0,42.99088646584836,0.09830550606799449,1.039814319323083,1.9968387290015224,1.0,1.0,98.0,none,0.0,10.633261885976756,32.357624579871604,32.0,32.0,6923.0,93.76750824235035,0.0370461507036457,nonsingular_isothermal,1.0,0.01,2.0,0.3,1.0,0.0,strict_pass,1.0,none,none,,,0.9987129987129987,1.0,0.9987129987129987,0.9903474903474904,0.9947089947089947,0.9976190476190476,0.009652509652509633,0.005291005291005346,0.0023809523809523725,0.0,0.0,3880.0,3885.0,1.0,inverse_phase_volume,geometric_mean,3880.0,3880.0,3880.0,0.0,420.0,0.0,0.0,1.9953394249623073e+41,1.4259293950498512e+51,7146299908.732508,9.013166466171357e-08,644.1079069459076,0.0015525348923933957,11094879.959814869,7146299908.7324505,0.0
7.42236714947658,1.5922096989641479,0.0,1.523870781532338,41.55654754591677,-41.55654754591677,pass_no_bh_halo_scale_down,59.0,41.55654754591677,0.03313874501191805,1.0131586415294107,1.9984956244677852,1.0,1.0,147.0,none,0.0,10.595231554437243,30.961315991479534,32.0,32.0,7079.0,86.99512826684385,0.04916859132285666,nonsingular_isothermal,1.0,0.01,2.0,0.3,1.0,0.0,strict_pass,1.0,none,none,,,0.9979407979407979,1.0,0.9979407979407979,0.9845559845559846,0.9915343915343915,0.9976190476190476,0.015444015444015413,0.00846560846560851,0.0023809523809523725,0.0,0.0,3877.0,3885.0,1.0,inverse_phase_volume,geometric_mean,3877.0,3877.0,3877.0,0.0,420.0,0.0,0.0,1.398857876013721e+43,1.4416008876864504e+51,103055565.00096585,4.70212280586554e-06,484.579922462399,0.002063643072371813,212669.9027836058,103055565.00096563,0.0
7.42236714947658,3.1844193979282958,0.0,3.047741563064676,43.42583468927548,-43.42583468927548,pass_no_bh_ml_up,59.0,43.42583468927548,0.03694596110810977,1.057453286745035,1.999906061977574,1.0,1.0,122.0,none,0.0,10.63396601971026,32.79186866956522,32.0,32.0,7104.0,83.27788310244202,0.05126108947674842,nonsingular_isothermal,1.0,0.01,2.0,0.3,1.0,0.0,strict_pass,1.0,none,none,,,0.9979407979407979,1.0,0.9979407979407979,0.9845559845559846,0.9915343915343915,0.9976190476190476,0.015444015444015413,0.00846560846560851,0.0023809523809523725,0.0,0.0,3877.0,3885.0,1.0,inverse_phase_volume,geometric_mean,3877.0,3877.0,3877.0,0.0,420.0,0.0,0.0,2.507500413656846e+43,1.1943089617759703e+51,47629462.20352698,8.867310787623359e-06,422.3452440060306,0.002367731172996756,112773.76241236074,47629462.20352662,0.0
7.42236714947658,3.1844193979282958,0.0,0.761935390766169,43.28002201145071,-43.28002201145071,pass_no_bh_ml_down,59.0,43.28002201145071,0.06285620385915536,1.0594574341764582,1.998331794383648,1.0,1.0,104.0,none,0.0,10.638004749363292,32.642017262087414,32.0,32.0,7089.0,84.5175138194167,0.04523018470048113,nonsingular_isothermal,1.0,0.01,2.0,0.3,1.0,0.0,strict_pass,1.0,none,none,,,0.9979407979407979,1.0,0.9979407979407979,0.9845559845559846,0.9915343915343915,0.9976190476190476,0.015444015444015413,0.00846560846560851,0.0023809523809523725,0.0,0.0,3877.0,3885.0,1.0,inverse_phase_volume,geometric_mean,3877.0,3877.0,3877.0,0.0,420.0,0.0,0.0,2.509374776838107e+43,1.186302093343006e+51,47274807.42584752,8.905881184629303e-06,421.02381796083154,0.0023751625379375366,112285.35158608494,47274807.42584779,0.0
25.0,47.43312032868297,0.0,3.7418904996353244,26.395990456674465,-26.395990456674465,pass_no_bh_halo_up,60.0,26.395990456674465,0.13782863983391636,0.9851536229063698,1.9976004720858866,1.0,1.0,111.0,none,0.0,14.730477090818612,11.665513365855864,32.0,32.0,7418.0,128.1848635309971,0.04044044319761117,nonsingular_isothermal,1.0,0.01,2.0,0.3,1.0,0.0,strict_pass,1.0,none,none,,,1.0,1.0,1.0,1.0,1.0,1.0,0.0,0.0,0.0,0.0,0.0,3885.0,3885.0,1.0,inverse_phase_volume,geometric_mean,3885.0,3885.0,3885.0,0.0,420.0,0.0,0.0,3.182588295150224e+37,2.0050101671598598e+53,6299935716521008.0,2.816245746056306e-12,17742.167162080405,5.636290036412566e-05,355082649090.66876,6299935716520983.0,0.0
11.03947303919466,47.43312032868297,0.0,3.7418904996353244,24.234483148926994,-24.234483148926994,pass_no_bh_halo_down,60.0,24.234483148926994,0.05601476616747547,0.9836073198367439,1.9968916857062087,1.0,1.0,126.0,none,0.0,11.694300834607368,12.540182314319622,32.0,32.0,6316.0,92.48057284610061,0.03542235574849537,nonsingular_isothermal,1.0,0.01,2.0,0.3,1.0,0.0,strict_pass,1.0,none,none,,,1.0,1.0,1.0,1.0,1.0,1.0,0.0,0.0,0.0,0.0,0.0,3885.0,3885.0,1.0,inverse_phase_volume,geometric_mean,3885.0,3885.0,3885.0,0.0,420.0,0.0,0.0,7.501367488880149e+34,7.95019865379945e+51,1.059833245816131e+17,1.5308001852580003e-13,16223.929290379281,6.163734950404374e-05,6532531218837.425,1.0598332458161355e+17,0.0
22.07894607838932,94.86624065736594,0.0,3.7418904996353244,21.262845660034074,-21.262845660034074,pass_no_bh_halo_scale_up,60.0,21.262845660034074,0.15375415140213633,0.8360910603209762,1.995117251199788,1.0,1.0,91.0,none,0.0,13.797426322350008,7.465419337684061,32.0,32.0,6835.0,88.20492950708226,0.06793696990478029,nonsingular_isothermal,1.0,0.01,2.0,0.3,1.0,0.0,strict_pass,1.0,none,none,,,1.0,1.0,1.0,1.0,1.0,1.0,0.0,0.0,0.0,0.0,0.0,3885.0,3885.0,1.0,inverse_phase_volume,geometric_mean,3885.0,3885.0,3885.0,0.0,420.0,0.0,0.0,4.652045715471925e+35,9.78299798693987e+52,2.102945367540834e+17,7.981525775908372e-13,167847.12656354328,5.957802319728254e-06,1252893278899.661,2.1029453675408413e+17,0.0
22.07894607838932,23.716560164341484,0.0,3.7418904996353244,24.988770950472205,-24.988770950472205,pass_no_bh_halo_scale_down,60.0,24.988770950472205,0.24870484478014276,1.0111005939660493,1.9924478742279585,1.0,1.0,78.0,none,0.0,14.327253694798074,10.661517255674122,32.0,32.0,7741.0,135.06474609468944,0.04703585297876816,nonsingular_isothermal,1.0,0.01,2.0,0.3,1.0,0.0,strict_pass,1.0,none,none,,,1.0,1.0,1.0,1.0,1.0,1.0,0.0,0.0,0.0,0.0,0.0,3885.0,3885.0,1.0,inverse_phase_volume,geometric_mean,3885.0,3885.0,3885.0,0.0,420.0,0.0,0.0,4.135488521487724e+39,1.0869025617589503e+53,26282325681995.65,1.0434388198903601e-10,2742.39988935957,0.00036464412206256656,9583695574.073769,26282325681995.703,0.0
22.07894607838932,47.43312032868297,0.0,5.0,25.01691764863347,-25.01691764863347,pass_no_bh_ml_up,60.0,25.01691764863347,0.1281996128631988,0.9867116121945477,1.9987967654256387,1.0,1.0,112.0,none,0.0,14.313238597098687,10.703679051534776,32.0,32.0,7327.0,130.7550534426368,0.04065907810543623,nonsingular_isothermal,1.0,0.01,2.0,0.3,1.0,0.0,strict_pass,1.0,none,none,,,0.9987129987129987,1.0,0.9987129987129987,0.9903474903474904,0.9947089947089947,0.9976190476190476,0.009652509652509633,0.005291005291005346,0.0023809523809523725,0.0,0.0,3880.0,3885.0,1.0,inverse_phase_volume,geometric_mean,3880.0,3880.0,3880.0,0.0,420.0,0.0,0.0,2.5345507690046853e+37,1.2203398157494107e+53,4814817010860810.0,3.486242314940608e-12,16785.618801958903,5.957480697007719e-05,286841794018.2784,4814817010860837.0,0.0
22.07894607838932,47.43312032868297,0.0,1.8709452498176622,24.983480099922737,-24.983480099922737,pass_no_bh_ml_down,60.0,24.983480099922737,0.12857954775302005,0.9868719112842501,1.9945887098003465,1.0,1.0,111.0,none,0.0,14.263337185468018,10.720142914454714,32.0,32.0,7340.0,129.22105985811717,0.041311728335644324,nonsingular_isothermal,1.0,0.01,2.0,0.3,1.0,0.0,strict_pass,1.0,none,none,,,1.0,1.0,1.0,1.0,1.0,1.0,0.0,0.0,0.0,0.0,0.0,3885.0,3885.0,1.0,inverse_phase_volume,geometric_mean,3885.0,3885.0,3885.0,0.0,420.0,0.0,0.0,1.6654341919815978e+37,1.2194686108366669e+53,7322226340181572.0,2.445021619928347e-12,17903.00170775297,5.585655502490098e-05,408994338475.1361,7322226340181658.0,0.0
18.236861589144233,315.4690234644493,1242211.0103935045,4.635908873111574,17.48580450291239,-17.48580450291239,pass_full,61.0,17.48580450291239,0.2981111173286841,0.7433831303852062,1.3992500090548066,1.0,1.0,65.0,none,0.0,10.678486951472905,6.807317551439487,32.0,32.0,7638.0,157.2641223030245,0.03413781734245968,nonsingular_isothermal,1.0,0.01,2.0,0.3,1.0,0.0,strict_pass,1.0,none,none,,,0.9863577863577864,1.0,0.9863577863577864,0.9563409563409564,0.9439153439153439,0.9547619047619048,0.043659043659043606,0.05608465608465607,0.04523809523809519,0.0,0.0,3832.0,3885.0,1.0,inverse_phase_volume,geometric_mean,3832.0,3832.0,3832.0,0.0,420.0,0.0,0.0,7.082963303766971e+43,1.4999674941905658e+52,211771179.6407063,5.303144178750836e-06,1123.0530985388118,0.0008904298481532936,188567.3793307184,211771179.64070678,0.0
19.95788113418416,12.364596044504253,64074.155429406484,3.0626245671601318,22.644655258328434,-22.644655258328434,pass_full,62.0,22.644655258328434,0.2819635735941368,0.9599419626609458,1.9750494945908206,1.0,1.0,75.0,none,0.0,13.588018877903357,9.056636380425074,32.0,32.0,7742.0,119.88771845117343,0.05668660451840531,nonsingular_isothermal,1.0,0.01,2.0,0.3,1.0,0.0,strict_pass,1.0,none,none,,,1.0,1.0,1.0,1.0,1.0,1.0,0.0,0.0,0.0,0.0,0.0,3885.0,3885.0,1.0,inverse_phase_volume,geometric_mean,3885.0,3885.0,3885.0,0.0,420.0,0.0,0.0,3.1477828955806964e+43,8.744012565076316e+52,2777832161.5993276,3.2462460017073676e-07,901.7526548006011,0.001108951545278371,3080481.2681295522,2777832161.5993457,0.0
12.28757231874921,5.289171569923603,20375.61282810256,3.036012611417625,24.35360875087602,-24.35360875087602,pass_full,63.0,24.35360875087602,0.2528548223049185,1.0698526646446584,1.9927853976894716,1.0,1.0,72.0,none,0.0,11.740916585989357,12.612692164886656,32.0,32.0,7732.0,97.3195015120561,0.05955107881991357,nonsingular_isothermal,1.0,0.01,2.0,0.3,1.0,0.0,strict_pass,1.0,none,none,,,1.0,1.0,1.0,1.0,1.0,1.0,0.0,0.0,0.0,0.0,0.0,3885.0,3885.0,1.0,inverse_phase_volume,geometric_mean,3885.0,3885.0,3885.0,0.0,420.0,0.0,0.0,2.0465152666283668e+42,1.0021674416857491e+52,4896945837.774373,1.0572995106861553e-07,517.753843813542,0.0019314197508114082,9458057.909731088,4896945837.774345,0.0
19.675267177708474,154.87399398554803,2905.693550306198,1.6550153857678143,19.36165171991743,-19.36165171991743,pass_full,64.0,19.36165171991743,0.0710338836975879,0.811190729280408,1.997708659957138,1.0,1.0,128.0,none,0.0,13.803094423417988,5.5585572964994325,32.0,32.0,6016.0,95.19069890645864,0.05026104268990047,nonsingular_isothermal,1.0,0.01,2.0,0.3,1.0,0.0,strict_pass,1.0,none,none,,,0.9994851994851995,1.0,0.9994851994851995,0.9961389961389961,0.9978835978835979,0.9976190476190476,0.0038610038610038533,0.002116402116402072,0.0023809523809523725,0.0,0.0,3883.0,3885.0,1.0,inverse_phase_volume,geometric_mean,3883.0,3883.0,3883.0,0.0,420.0,0.0,0.0,5.415016885845641e+40,5.661075049513568e+52,1045439962396.2579,6.751247611268261e-08,70580.24048852122,1.416827136148161e-05,14812077.079367323,1045439962396.2587,0.0
4.640560654433365,100.85758560939627,2371.3494366607947,2.9618379777265114,inf,-1000000.0,physics_exception_full,65.0,inf,inf,inf,inf,0.0,0.0,0.0,exception,3.0,inf,inf,0.0,0.0,0.0,0.0,0.0,nonsingular_isothermal,1.0,0.01,2.0,0.3,1.0,0.0,strict_pass,1.0,none,none,,,0.9992277992277993,1.0,0.9992277992277993,0.9942084942084942,0.9968253968253968,0.9976190476190476,0.00579150579150578,0.0031746031746031633,0.0023809523809523725,0.0,0.0,3882.0,3885.0,1.0,inverse_phase_volume,geometric_mean,3882.0,3882.0,3882.0,0.0,420.0,0.0,0.0,6.490433340945738e+37,1.4985140805680064e+50,2308804361512.253,4.023270428805078e-09,9288.944313568474,0.00010765486004036947,248554010.39919725,2308804361512.2627,0.0
18.236861589144233,315.4690234644493,0.0,4.635908873111574,21.76272006024035,-21.76272006024035,pass_no_bh,61.0,21.76272006024035,0.21822074070692565,0.9756629357000236,1.99862612500032,1.0,1.0,68.0,none,0.0,14.038328371433401,7.724391688806945,32.0,32.0,5003.0,135.71141572297083,0.04345903808569083,nonsingular_isothermal,1.0,0.01,2.0,0.3,1.0,0.0,strict_pass,1.0,none,none,,,0.9976833976833976,1.0,0.9976833976833976,0.9826254826254827,0.9915343915343915,0.9952380952380953,0.01737451737451734,0.00846560846560851,0.004761904761904745,0.0,0.0,3876.0,3885.0,1.0,inverse_phase_volume,geometric_mean,3876.0,3876.0,3876.0,0.0,420.0,0.0,0.0,1.3331741124610416e+34,1.622881969778817e+52,1.217306842827134e+18,1.6645581005544964e-12,2026277.966088325,4.935157055132337e-07,600760045363.9202,1.2173068428271342e+18,0.0
19.95788113418416,12.364596044504253,0.0,3.0626245671601318,22.684047477873516,-22.684047477873516,pass_no_bh,62.0,22.684047477873516,0.29059307324949657,0.9737271113393602,1.9689323750886518,1.0,1.0,73.0,none,0.0,13.475061763367018,9.208985714506502,32.0,32.0,7725.0,118.4254238742608,0.04852100070804836,nonsingular_isothermal,1.0,0.01,2.0,0.3,1.0,0.0,strict_pass,1.0,none,none,,,0.9974259974259975,1.0,0.9974259974259975,0.9806949806949807,0.9915343915343915,0.9952380952380953,0.019305019305019266,0.00846560846560851,0.004761904761904745,0.0,0.0,3875.0,3885.0,1.0,inverse_phase_volume,geometric_mean,3875.0,3875.0,3875.0,0.0,420.0,0.0,0.0,7.724384401779095e+41,8.667605064765704e+52,112210949299.33011,1.0766572742390646e-08,1208.1273481239423,0.0008277273099999468,92880067.21607462,112210949299.32973,0.0
12.28757231874921,5.289171569923603,0.0,3.036012611417625,24.188165172049153,-24.188165172049153,pass_no_bh,63.0,24.188165172049153,0.06732050785462107,1.0543778043196206,1.9972047947088551,1.0,1.0,111.0,none,0.0,11.82814890638409,12.360016265665061,32.0,32.0,7675.0,120.23501002238478,0.056502187708519155,nonsingular_isothermal,1.0,0.01,2.0,0.3,1.0,0.0,strict_pass,1.0,none,none,,,1.0,1.0,1.0,1.0,1.0,1.0,0.0,0.0,0.0,0.0,0.0,3885.0,3885.0,1.0,inverse_phase_volume,geometric_mean,3885.0,3885.0,3885.0,0.0,420.0,0.0,0.0,4.089962493600428e+41,9.617165336579753e+51,23514067308.997944,2.2650694911722207e-08,532.6099647498097,0.0018775465465985864,44148755.87249551,23514067308.997787,0.0
19.675267177708474,154.87399398554803,0.0,1.6550153857678143,19.284180299980896,-19.284180299980896,pass_no_bh,64.0,19.284180299980896,0.03700590744918486,0.8115544004456027,1.9988065632320615,1.0,1.0,141.0,none,0.0,13.583813544084,5.700366755896889,32.0,32.0,6381.0,114.34646664704516,0.043441888468519575,nonsingular_isothermal,1.0,0.01,2.0,0.3,1.0,0.0,strict_pass,1.0,none,none,,,1.0,1.0,1.0,1.0,1.0,1.0,0.0,0.0,0.0,0.0,0.0,3885.0,3885.0,1.0,inverse_phase_volume,geometric_mean,3885.0,3885.0,3885.0,0.0,420.0,0.0,0.0,8.474208166029727e+34,6.225532848249398e+52,7.346447864244687e+17,1.8449258564217948e-12,1355365.161759982,7.378085465185414e-07,542027202079.26654,7.346447864244755e+17,0.0
0.0,315.4690234644493,1242211.0103935045,4.635908873111574,inf,-1000000.0,physics_exception_no_halo,61.0,inf,inf,inf,inf,0.0,0.0,0.0,exception,3.0,inf,inf,0.0,0.0,0.0,0.0,0.0,none,1.0,0.01,2.0,0.3,1.0,0.0,severe_coverage_warn,0.0,multiple,multiple,1;2;3;4;5;6;7;8,Lfrac minimum coverage 0.665 is below 0.8 | Lfrac coverage gap 0.335 exceeds 0.1 | third_integral minimum coverage 0.75 is below 0.8 | third_integral coverage gap 0.25 exceeds 0.1 | 24 planned shell-band/Lfrac/third-integral cells have no successful orbit,0.9184041184041184,1.0,0.9184041184041184,0.9168399168399168,0.6645502645502646,0.75,0.0020790020790021346,0.33544973544973544,0.25,24.0,0.0,3568.0,3885.0,1.0,inverse_phase_volume,geometric_mean,3568.0,3568.0,3568.0,0.0,420.0,0.0,0.0,1.7128789017557036e+44,4.2730418293368444e+51,24946549.49020021,0.00016583350989063676,4136.973861620381,0.00024172258115460205,6030.144333672224,24946549.49020024,0.0
0.0,12.364596044504253,64074.155429406484,3.0626245671601318,3.073889600423709e+29,-1000000.0,solver_failed_no_halo,62.0,3.073889600423709e+29,0.0,283517675428870.4,400954541764001.7,0.0,0.0,313.0,stationary_constraints_unsatisfied,2.0,2.444850319304618e+28,2.8294045684932474e+29,32.0,32.0,1.0,1.0000000000000553,0.9999999999999724,none,1.0,0.01,2.0,0.3,1.0,0.0,severe_coverage_warn,0.0,multiple,multiple,1;2;3;4;5;6;7;8,shell_band coverage gap 0.109 exceeds 0.1 | Lfrac minimum coverage 0.515 is below 0.8 | Lfrac coverage gap 0.485 exceeds 0.1 | third_integral minimum coverage 0.724 is below 0.8 | third_integral coverage gap 0.276 exceeds 0.1 | 27 planned shell-band/Lfrac/third-integral cells have no successful orbit,0.8694980694980695,1.0,0.8694980694980695,0.8004158004158004,0.5153439153439153,0.7238095238095238,0.10885060885060882,0.4846560846560847,0.2761904761904762,27.0,0.0,3378.0,3885.0,1.0,inverse_phase_volume,geometric_mean,3378.0,3378.0,3378.0,0.0,420.0,0.0,0.0,1.9875844136606266e+42,1.1370558374494555e+49,5720792.685002429,0.00040072654536108345,2292.473489388003,0.000436210060717849,2495.4673244791607,5720792.685002485,0.0
0.0,5.289171569923603,20375.61282810256,3.036012611417625,4.9072489236945295e+28,-1000000.0,solver_failed_no_halo,63.0,4.9072489236945295e+28,26388279066624.0,113280472240516.03,160202780194566.66,0.0,0.0,309.0,stationary_constraints_unsatisfied,2.0,3.9030318773824955e+27,4.51694573595628e+28,32.0,32.0,1.0,1.0000000000001381,0.9999999999999309,none,1.0,0.01,2.0,0.3,1.0,0.0,severe_coverage_warn,0.0,multiple,multiple,1;2;3;4;5;6;7;8,total orbit coverage 0.737 is below 0.85 | shell_band minimum coverage 0.601 is below 0.8 | shell_band coverage gap 0.297 exceeds 0.1 | Lfrac minimum coverage 0.415 is below 0.8 | Lfrac coverage gap 0.585 exceeds 0.1 | third_integral minimum coverage 0.514 is below 0.8 | third_integral coverage gap 0.486 exceeds 0.1 | 53 planned shell-band/Lfrac/third-integral cells have no successful orbit,0.736936936936937,1.0,0.736936936936937,0.6008316008316008,0.4148148148148148,0.5142857142857142,0.29685179685179686,0.5851851851851853,0.48571428571428577,53.0,0.0,2863.0,3885.0,1.0,inverse_phase_volume,geometric_mean,2863.0,2863.0,2863.0,0.0,420.0,0.0,0.0,2.0128139934216124e+41,1.1490521650617062e+48,5708685.297385156,0.00022146454339165718,1264.2713827520697,0.0007909694181507114,4515.395488078256,5708685.297385153,0.0
0.0,154.87399398554803,2905.693550306198,1.6550153857678143,inf,-1000000.0,physics_exception_no_halo,64.0,inf,inf,inf,inf,0.0,0.0,0.0,exception,3.0,inf,inf,0.0,0.0,0.0,0.0,0.0,none,1.0,0.01,2.0,0.3,1.0,0.0,severe_coverage_warn,0.0,multiple,multiple,1;2;3;4;5;6;7;8,total orbit coverage 0.577 is below 0.85 | shell_band minimum coverage 0.424 is below 0.8 | shell_band coverage gap 0.433 exceeds 0.1 | Lfrac minimum coverage 0.327 is below 0.8 | Lfrac coverage gap 0.673 exceeds 0.1 | third_integral minimum coverage 0.312 is below 0.8 | third_integral coverage gap 0.688 exceeds 0.1 | 97 planned shell-band/Lfrac/third-integral cells have no successful orbit,0.5770913770913771,1.0,0.5770913770913771,0.42411642411642414,0.326984126984127,0.3119047619047619,0.43302643302643296,0.6730158730158731,0.6880952380952381,97.0,0.0,2242.0,3885.0,1.0,inverse_phase_volume,geometric_mean,2242.0,2242.0,2242.0,0.0,420.0,0.0,0.0,4.117739743097226e+39,2.335987689602735e+46,5672985.267023417,0.00014535231134506687,824.5815207883671,0.0012127363696483502,6879.835557798573,5672985.267023432,0.0
25.0,315.4690234644493,0.0,4.635908873111574,21.752826483785565,-21.752826483785565,pass_no_bh_halo_up,61.0,21.752826483785565,0.26501552400340955,0.9778961405163162,1.9927003295277101,1.0,1.0,67.0,none,0.0,15.364062454455011,6.388764029330545,32.0,32.0,5348.0,153.83311270274726,0.04369908710814041,nonsingular_isothermal,1.0,0.01,2.0,0.3,1.0,0.0,strict_pass,1.0,none,none,,,0.9979407979407979,1.0,0.9979407979407979,0.9845559845559846,0.9915343915343915,0.9976190476190476,0.015444015444015413,0.00846560846560851,0.0023809523809523725,0.0,0.0,3877.0,3885.0,1.0,inverse_phase_volume,geometric_mean,3877.0,3877.0,3877.0,0.0,420.0,0.0,0.0,1.322042989283382e+34,5.71917513258264e+52,4.3260129806238285e+18,7.91564988550453e-13,3424320.4154765923,2.920287469246132e-07,1263320149911.1802,4.3260129806238034e+18,0.0
9.118430794572117,315.4690234644493,0.0,4.635908873111574,43.68933367638198,-43.68933367638198,pass_no_bh_halo_down,61.0,43.68933367638198,0.025690402761725295,0.9433526009377056,1.9995002242045437,1.0,1.0,219.0,none,0.0,16.261912870037815,27.42742080634417,32.0,32.0,3825.0,46.398013868661764,0.07629799042458382,nonsingular_isothermal,1.0,0.01,2.0,0.3,1.0,0.0,strict_pass,1.0,none,none,,,1.0,1.0,1.0,1.0,1.0,1.0,0.0,0.0,0.0,0.0,0.0,3885.0,3885.0,1.0,inverse_phase_volume,geometric_mean,3885.0,3885.0,3885.0,0.0,420.0,0.0,0.0,2.8659301386362637e+35,1.0098878804221333e+51,3523770055688387.0,2.0296561037580577e-10,715204.1401767846,1.3982021968620307e-06,4926943033.100171,3523770055688407.0,0.0
18.236861589144233,500.0,0.0,4.635908873111574,29.88295655065995,-29.88295655065995,pass_no_bh_halo_scale_up,61.0,29.88295655065995,0.2962168041844322,1.1022064748480966,1.6702254150878155,1.0,1.0,31.0,none,0.0,15.609629679376255,14.273326871283693,32.0,32.0,7000.0,240.95667843752776,0.016815085481229522,nonsingular_isothermal,1.0,0.01,2.0,0.3,1.0,0.0,strict_pass,1.0,none,none,,,0.9981981981981982,1.0,0.9981981981981982,0.9864864864864865,0.9925925925925926,0.9976190476190476,0.013513513513513487,0.007407407407407418,0.0023809523809523725,0.0,0.0,3878.0,3885.0,1.0,inverse_phase_volume,geometric_mean,3878.0,3878.0,3878.0,0.0,420.0,0.0,0.0,5.599293532708932e+34,6.365815299456074e+51,1.136896157036493e+17,2.5882610342211156e-11,2942584.023213257,3.3983736474855703e-07,38635979400.003975,1.1368961570364821e+17,0.0
18.236861589144233,157.73451173222466,0.0,4.635908873111574,19.298046739659462,-19.298046739659462,pass_no_bh_halo_scale_down,61.0,19.298046739659462,0.04128462080316453,0.8172929665441415,1.999455368734245,1.0,1.0,165.0,none,0.0,13.363800490489176,5.934246249170283,32.0,32.0,6463.0,124.89383130473999,0.04663965749473676,nonsingular_isothermal,1.0,0.01,2.0,0.3,1.0,0.0,strict_pass,1.0,none,none,,,1.0,1.0,1.0,1.0,1.0,1.0,0.0,0.0,0.0,0.0,0.0,3885.0,3885.0,1.0,inverse_phase_volume,geometric_mean,3885.0,3885.0,3885.0,0.0,420.0,0.0,0.0,3.853170875182767e+35,4.057606687497821e+52,1.0530565134372238e+17,6.310544654747589e-12,664536.0152018474,1.5048093363250721e-06,158464927309.82794,1.0530565134372346e+17,0.0
18.236861589144233,315.4690234644493,0.0,5.0,21.687824284772788,-21.687824284772788,pass_no_bh_ml_up,61.0,21.687824284772788,0.22494141819585067,0.9743788592667902,1.9949755826979414,1.0,1.0,68.0,none,0.0,13.982797851955029,7.705026432817754,32.0,32.0,5104.0,135.97801789861163,0.04388605274135876,nonsingular_isothermal,1.0,0.01,2.0,0.3,1.0,0.0,strict_pass,1.0,none,none,,,1.0,1.0,1.0,1.0,1.0,1.0,0.0,0.0,0.0,0.0,0.0,3885.0,3885.0,1.0,inverse_phase_volume,geometric_mean,3885.0,3885.0,3885.0,0.0,420.0,0.0,0.0,7.024200776355496e+34,1.6217521549487087e+52,2.3088066622579574e+17,8.382212103166326e-12,1935290.7148249685,5.167182337721503e-07,119300250064.33044,2.308806662257956e+17,0.0
18.236861589144233,315.4690234644493,0.0,2.317954436555787,21.752545696907113,-21.752545696907113,pass_no_bh_ml_down,61.0,21.752545696907113,0.22822869126781242,0.9805722946615636,1.997729613844321,1.0,1.0,67.0,none,0.0,14.021771539897552,7.730774157009553,32.0,32.0,4970.0,136.81961667223112,0.042909378932446667,nonsingular_isothermal,1.0,0.01,2.0,0.3,1.0,0.0,strict_pass,1.0,none,none,,,0.9979407979407979,1.0,0.9979407979407979,0.9845559845559846,0.9915343915343915,0.9976190476190476,0.015444015444015413,0.00846560846560851,0.0023809523809523725,0.0,0.0,3877.0,3885.0,1.0,inverse_phase_volume,geometric_mean,3877.0,3877.0,3877.0,0.0,420.0,0.0,0.0,1.306599655835073e+33,1.6194717728320418e+52,1.2394552268552423e+19,2.999721463118486e-13,3718020.4465720705,2.689603283171767e-07,3333642847494.2744,1.239455226855245e+19,0.0
25.0,12.364596044504253,0.0,3.0626245671601318,24.781218277564353,-24.781218277564353,pass_no_bh_halo_up,62.0,24.781218277564353,0.27931603828726637,0.968381841142794,1.9582930655362867,1.0,1.0,74.0,none,0.0,14.144393441439338,10.636824836125024,32.0,32.0,7746.0,116.97531338463952,0.05154569516047106,nonsingular_isothermal,1.0,0.01,2.0,0.3,1.0,0.0,strict_pass,1.0,none,none,,,1.0,1.0,1.0,1.0,1.0,1.0,0.0,0.0,0.0,0.0,0.0,3885.0,3885.0,1.0,inverse_phase_volume,geometric_mean,3885.0,3885.0,3885.0,0.0,420.0,0.0,0.0,2.6860927695332222e+42,2.1343349815991982e+53,79458721821.06703,1.5373656380756648e-08,1221.5710857312001,0.0008186179352807999,65046334.797212556,79458721821.06609,0.0
9.97894056709208,12.364596044504253,0.0,3.0626245671601318,25.510348621018863,-25.510348621018863,pass_no_bh_halo_down,62.0,25.510348621018863,0.1608941817633074,0.9904291158564762,1.9957297315900429,1.0,1.0,76.0,none,0.0,10.962083243257917,14.548265377760934,32.0,32.0,7614.0,92.02902084085223,0.0420885418163982,nonsingular_isothermal,1.0,0.01,2.0,0.3,1.0,0.0,strict_pass,1.0,none,none,,,0.9979407979407979,1.0,0.9979407979407979,0.9845559845559846,0.9915343915343915,0.9976190476190476,0.015444015444015413,0.00846560846560851,0.0023809523809523725,0.0,0.0,3877.0,3885.0,1.0,inverse_phase_volume,geometric_mean,3877.0,3877.0,3877.0,0.0,420.0,0.0,0.0,1.1699207648724428e+41,5.414068014660454e+51,46277219596.58314,2.595804079686788e-08,1201.2659542537144,0.0008324551249113268,38523708.619822375,46277219596.58297,0.0
19.95788113418416,24.729192089008507,0.0,3.0626245671601318,23.659522906872116,-23.659522906872116,pass_no_bh_halo_scale_up,62.0,23.659522906872116,0.22896672584730737,1.0242302587754535,1.9953108372446984,1.0,1.0,78.0,none,0.0,13.878893242260213,9.780629664611904,32.0,32.0,7714.0,118.6706097434579,0.05161584699199025,nonsingular_isothermal,1.0,0.01,2.0,0.3,1.0,0.0,strict_pass,1.0,none,none,,,1.0,1.0,1.0,1.0,1.0,1.0,0.0,0.0,0.0,0.0,0.0,3885.0,3885.0,1.0,inverse_phase_volume,geometric_mean,3885.0,3885.0,3885.0,0.0,420.0,0.0,0.0,4.051498330609094e+39,6.945555620481064e+52,17143177791799.518,1.6588221270740577e-10,2843.7482649401622,0.0003516485662000191,6028373890.598309,17143177791799.514,0.0
19.95788113418416,6.182298022252127,0.0,3.0626245671601318,25.76807854086199,-25.76807854086199,pass_no_bh_halo_scale_down,62.0,25.76807854086199,0.06694389205351214,1.0227296549403553,1.9984957722603425,1.0,1.0,91.0,none,0.0,14.206811004335389,11.561267536526602,32.0,32.0,7729.0,126.56488093506762,0.056029305394926704,nonsingular_isothermal,1.0,0.01,2.0,0.3,1.0,0.0,strict_pass,1.0,none,none,,,0.9974259974259975,1.0,0.9974259974259975,0.9806949806949807,0.9915343915343915,0.9952380952380953,0.019305019305019266,0.00846560846560851,0.004761904761904745,0.0,0.0,3875.0,3885.0,1.0,inverse_phase_volume,geometric_mean,3875.0,3875.0,3875.0,0.0,420.0,0.0,0.0,6.865460614117256e+40,7.348663806133426e+52,1070381758657.6162,5.745327065952589e-10,614.9693288917548,0.0016260973564358318,1740544948.13029,1070381758657.6185,0.0
19.95788113418416,12.364596044504253,0.0,5.0,23.246227974321275,-23.246227974321275,pass_no_bh_ml_up,62.0,23.246227974321275,0.2819256312311147,0.9872195047727107,1.9919631144519434,1.0,1.0,72.0,none,0.0,13.778079742097784,9.468148232223497,32.0,32.0,7729.0,122.36876476204063,0.047611977470272335,nonsingular_isothermal,1.0,0.01,2.0,0.3,1.0,0.0,strict_pass,1.0,none,none,,,0.9974259974259975,1.0,0.9974259974259975,0.9806949806949807,0.9915343915343915,0.9952380952380953,0.019305019305019266,0.00846560846560851,0.004761904761904745,0.0,0.0,3875.0,3885.0,1.0,inverse_phase_volume,geometric_mean,3875.0,3875.0,3875.0,0.0,420.0,0.0,0.0,2.2675651223176075e+41,8.667144328130347e+52,382222510076.003,3.1517789840529245e-09,1204.6808744894952,0.000830095356518188,317281130.77081424,382222510076.00037,0.0
19.95788113418416,12.364596044504253,0.0,1.5313122835800659,22.70045575756504,-22.70045575756504,pass_no_bh_ml_down,62.0,22.70045575756504,0.28634554738247786,0.9743213609051732,1.9697302853551717,1.0,1.0,73.0,none,0.0,13.485003436083584,9.215452321481457,32.0,32.0,7729.0,117.32478037834481,0.049560967301269125,nonsingular_isothermal,1.0,0.01,2.0,0.3,1.0,0.0,strict_pass,1.0,none,none,,,0.9979407979407979,1.0,0.9979407979407979,0.9845559845559846,0.9915343915343915,0.9976190476190476,0.015444015444015413,0.00846560846560851,0.0023809523809523725,0.0,0.0,3877.0,3885.0,1.0,inverse_phase_volume,geometric_mean,3877.0,3877.0,3877.0,0.0,420.0,0.0,0.0,1.2136120780179823e+42,8.668887348244723e+52,71430463698.10663,1.6942077483584548e-08,1210.1804506616938,0.0008263230491396776,59024638.564480424,71430463698.1065,0.0
24.57514463749842,5.289171569923603,0.0,3.036012611417625,29.080171771799733,-29.080171771799733,pass_no_bh_halo_up,63.0,29.080171771799733,0.09399051903979228,1.0545606605158933,1.996684409568006,1.0,1.0,94.0,none,0.0,15.376625130632032,13.703546641167696,32.0,32.0,7734.0,133.0813124864212,0.053164933976095265,nonsingular_isothermal,1.0,0.01,2.0,0.3,1.0,0.0,strict_pass,1.0,none,none,,,1.0,1.0,1.0,1.0,1.0,1.0,0.0,0.0,0.0,0.0,0.0,3885.0,3885.0,1.0,inverse_phase_volume,geometric_mean,3885.0,3885.0,3885.0,0.0,420.0,0.0,0.0,3.567011688498645e+42,1.5385750085011198e+53,43133444543.00642,1.2394474791210696e-08,534.6163910463785,0.0018705000758445678,80681111.28913109,43133444543.006485,0.0
6.143786159374605,5.289171569923603,0.0,3.036012611417625,59.24637289616896,-59.24637289616896,pass_no_bh_halo_down,63.0,59.24637289616896,0.06306000522942412,1.059086456950175,1.9978133332741081,1.0,1.0,119.0,none,0.0,11.884941206021013,47.361431690147946,32.0,32.0,5576.0,67.97892016149665,0.05518880557326523,nonsingular_isothermal,1.0,0.01,2.0,0.3,1.0,0.0,strict_pass,1.0,none,none,,,1.0,1.0,1.0,1.0,1.0,1.0,0.0,0.0,0.0,0.0,0.0,3885.0,3885.0,1.0,inverse_phase_volume,geometric_mean,3885.0,3885.0,3885.0,0.0,420.0,0.0,0.0,2.539098812833677e+40,6.014814319438348e+50,23688776069.040474,2.2582197290684972e-08,534.9446147659218,0.0018693524009725283,44282670.420760795,23688776069.04016,0.0
12.28757231874921,10.578343139847206,0.0,3.036012611417625,21.54319458916908,-21.54319458916908,pass_no_bh_halo_scale_up,63.0,21.54319458916908,0.0388519515038972,0.9906680547541801,1.9982815051544847,1.0,1.0,104.0,none,0.0,11.540799909701576,10.002394679467496,32.0,32.0,7641.0,108.45241236604188,0.05420271083629531,nonsingular_isothermal,1.0,0.01,2.0,0.3,1.0,0.0,strict_pass,1.0,none,none,,,0.9981981981981982,1.0,0.9981981981981982,0.9864864864864865,0.9925925925925926,0.9976190476190476,0.013513513513513487,0.007407407407407418,0.0023809523809523725,0.0,0.0,3878.0,3885.0,1.0,inverse_phase_volume,geometric_mean,3878.0,3878.0,3878.0,0.0,420.0,0.0,0.0,1.416321153632396e+41,1.136997636017994e+52,80278235843.75412,1.2121952245360539e-08,973.1289412397806,0.0010276130506672479,82494962.8375852,80278235843.75433,0.0
12.28757231874921,2.6445857849618015,0.0,3.036012611417625,23.94588659723633,-23.94588659723633,pass_no_bh_halo_scale_down,63.0,23.94588659723633,0.13456448769621687,1.0482026287009751,1.9985279862944123,1.0,1.0,82.0,none,0.0,11.659526311596363,12.286360285639967,32.0,32.0,7698.0,120.30084167962318,0.05238442664008073,nonsingular_isothermal,1.0,0.01,2.0,0.3,1.0,0.0,strict_pass,1.0,none,none,,,0.9979407979407979,1.0,0.9979407979407979,0.9845559845559846,0.9915343915343915,0.9976190476190476,0.015444015444015413,0.00846560846560851,0.0023809523809523725,0.0,0.0,3877.0,3885.0,1.0,inverse_phase_volume,geometric_mean,3877.0,3877.0,3877.0,0.0,420.0,0.0,0.0,1.7638392228367728e+43,9.387165365591207e+51,532200738.256284,8.061264514426075e-07,429.0210925856701,0.0023308877285568718,1240500.1699304683,532200738.256279,0.0
12.28757231874921,5.289171569923603,0.0,5.0,24.258026955479846,-24.258026955479846,pass_no_bh_ml_up,63.0,24.258026955479846,0.06396263286284665,1.0534452751972976,1.9992478244618839,1.0,1.0,110.0,none,0.0,11.866476298856615,12.391550656623238,32.0,32.0,7677.0,128.47709665212076,0.05104674629190559,nonsingular_isothermal,1.0,0.01,2.0,0.3,1.0,0.0,strict_pass,1.0,none,none,,,1.0,1.0,1.0,1.0,1.0,1.0,0.0,0.0,0.0,0.0,0.0,3885.0,3885.0,1.0,inverse_phase_volume,geometric_mean,3885.0,3885.0,3885.0,0.0,420.0,0.0,0.0,4.084045458839662e+41,9.62019030738643e+51,23555541691.05568,2.2559810307200725e-08,531.4085522335716,0.0018817913181804926,44326613.849267,23555541691.05556,0.0
12.28757231874921,5.289171569923603,0.0,1.5180063057088125,24.23829067399284,-24.23829067399284,pass_no_bh_ml_down,63.0,24.23829067399284,0.06318687249143551,1.055721689805198,1.999807863563447,1.0,1.0,102.0,none,0.0,11.853699745246518,12.384590928746325,32.0,32.0,7675.0,117.68998639565403,0.05554345710928729,nonsingular_isothermal,1.0,0.01,2.0,0.3,1.0,0.0,strict_pass,1.0,none,none,,,0.9979407979407979,1.0,0.9979407979407979,0.9845559845559846,0.9915343915343915,0.9976190476190476,0.015444015444015413,0.00846560846560851,0.0023809523809523725,0.0,0.0,3877.0,3885.0,1.0,inverse_phase_volume,geometric_mean,3877.0,3877.0,3877.0,0.0,420.0,0.0,0.0,3.3056829855519245e+41,9.616449454327754e+51,29090658409.648342,1.8271987412345355e-08,531.5441442779277,0.0018813112904450162,54728584.11255013,29090658409.64805,0.0
25.0,154.87399398554803,0.0,1.6550153857678143,21.02040358222737,-21.02040358222737,pass_no_bh_halo_up,64.0,21.02040358222737,0.04119436415355082,0.8131027970778011,1.9977096159815675,1.0,1.0,137.0,none,0.0,14.261764402865069,6.758639179362297,32.0,32.0,6320.0,119.15119205450824,0.04339351339469038,nonsingular_isothermal,1.0,0.01,2.0,0.3,1.0,0.0,strict_pass,1.0,none,none,,,1.0,1.0,1.0,1.0,1.0,1.0,0.0,0.0,0.0,0.0,0.0,3885.0,3885.0,1.0,inverse_phase_volume,geometric_mean,3885.0,3885.0,3885.0,0.0,420.0,0.0,0.0,1.0216126680387457e+35,1.6227364196820058e+53,1.588406712690119e+18,1.0590629359462967e-12,1682222.6766183998,5.944516227840881e-07,944230947999.7781,1.5884067126901158e+18,0.0
9.837633588854237,154.87399398554803,0.0,1.6550153857678143,27.800229951325814,-27.800229951325814,pass_no_bh_halo_down,64.0,27.800229951325814,0.023400095872091242,0.8054289933005322,1.9988064212411945,1.0,1.0,187.0,none,0.0,13.66198237597329,14.138247575352528,32.0,32.0,3345.0,71.7589630323331,0.043416939142658977,nonsingular_isothermal,1.0,0.01,2.0,0.3,1.0,0.0,strict_pass,1.0,none,none,,,1.0,1.0,1.0,1.0,1.0,1.0,0.0,0.0,0.0,0.0,0.0,3885.0,3885.0,1.0,inverse_phase_volume,geometric_mean,3885.0,3885.0,3885.0,0.0,420.0,0.0,0.0,9.116893532768914e+33,3.883897165975879e+51,4.2601102579688576e+17,1.4720865971993887e-12,627125.1213347628,1.5945781248112282e-06,679307862664.1105,4.2601102579688864e+17,0.0
19.675267177708474,309.74798797109605,0.0,1.6550153857678143,21.271730027920377,-21.271730027920377,pass_no_bh_halo_scale_up,64.0,21.271730027920377,0.2336757647672556,0.9885657783655548,1.9979960298691373,1.0,1.0,67.0,none,0.0,14.441181181821337,6.830548846099034,32.0,32.0,5233.0,139.74027987879447,0.04559637449140177,nonsingular_isothermal,1.0,0.01,2.0,0.3,1.0,0.0,strict_pass,1.0,none,none,,,0.9987129987129987,1.0,0.9987129987129987,0.9903474903474904,0.9947089947089947,0.9976190476190476,0.009652509652509633,0.005291005291005346,0.0023809523809523725,0.0,0.0,3880.0,3885.0,1.0,inverse_phase_volume,geometric_mean,3880.0,3880.0,3880.0,0.0,420.0,0.0,0.0,4.118617984157049e+33,2.1859190018902134e+52,5.307408966548282e+18,1.0254844891335294e-12,5442665.572683492,1.8373350091891696e-07,975148830232.3693,5.307408966548295e+18,0.0
19.675267177708474,77.43699699277401,0.0,1.6550153857678143,19.222860018796357,-19.222860018796357,pass_no_bh_halo_scale_down,64.0,19.222860018796357,0.27568186608505485,0.8480527193909115,1.8952376038491665,1.0,1.0,85.0,none,0.0,12.427211458205482,6.7956485605908785,32.0,32.0,6966.0,91.9425075472113,0.061082072044314685,nonsingular_isothermal,1.0,0.01,2.0,0.3,1.0,0.0,strict_pass,1.0,none,none,,,1.0,1.0,1.0,1.0,1.0,1.0,0.0,0.0,0.0,0.0,0.0,3885.0,3885.0,1.0,inverse_phase_volume,geometric_mean,3885.0,3885.0,3885.0,0.0,420.0,0.0,0.0,1.3267439121981188e+34,5.694220627201262e+52,4.2918762052333133e+18,1.8316144908524088e-14,78610.6265045003,1.2720926476050309e-05,54596641651083.11,4.291876205233339e+18,0.0
19.675267177708474,154.87399398554803,0.0,3.3100307715356285,19.343143048663734,-19.343143048663734,pass_no_bh_ml_up,64.0,19.343143048663734,0.0361525697090741,0.808449763377734,1.999350289605631,1.0,1.0,144.0,none,0.0,13.610457045801002,5.732686002862726,32.0,32.0,6670.0,115.56740761197499,0.04296405617102161,nonsingular_isothermal,1.0,0.01,2.0,0.3,1.0,0.0,strict_pass,1.0,none,none,,,1.0,1.0,1.0,1.0,1.0,1.0,0.0,0.0,0.0,0.0,0.0,3885.0,3885.0,1.0,inverse_phase_volume,geometric_mean,3885.0,3885.0,3885.0,0.0,420.0,0.0,0.0,4.020516394609476e+35,6.218114363383867e+52,1.5465959476550896e+17,6.239376511973072e-12,964979.4429311927,1.036291505819471e-06,160272424348.97888,1.5465959476550938e+17,0.0
19.675267177708474,154.87399398554803,0.0,0.8275076928839071,19.270257274630804,-19.270257274630804,pass_no_bh_ml_down,64.0,19.270257274630804,0.03674950176745284,0.8139128713982949,1.998967401449298,1.0,1.0,141.0,none,0.0,13.577128183254125,5.693129091376677,32.0,32.0,6148.0,114.07155053254291,0.043779691768969335,nonsingular_isothermal,1.0,0.01,2.0,0.3,1.0,0.0,strict_pass,1.0,none,none,,,1.0,1.0,1.0,1.0,1.0,1.0,0.0,0.0,0.0,0.0,0.0,3885.0,3885.0,1.0,inverse_phase_volume,geometric_mean,3885.0,3885.0,3885.0,0.0,420.0,0.0,0.0,3.379648059309468e+34,6.225419775751542e+52,1.842031970933543e+18,9.771138070874649e-13,1799874.8718957189,5.555941780256922e-07,1023422238787.8779,1.8420319709335616e+18,0.0
20.374862798355718,5.073948098205685,1608643.0454706007,1.3308098903049634,24.259981268594323,-24.259981268594323,pass_full,66.0,24.259981268594323,0.282524055494477,1.0672034512843107,1.5971563605007655,1.0,1.0,71.0,none,0.0,12.367271577411184,11.892709691183143,32.0,32.0,7583.0,120.6971554867084,0.04101783448946884,nonsingular_isothermal,1.0,0.01,2.0,0.3,1.0,0.0,strict_pass,1.0,none,none,,,1.0,1.0,1.0,1.0,1.0,1.0,0.0,0.0,0.0,0.0,0.0,3885.0,3885.0,1.0,inverse_phase_volume,geometric_mean,3885.0,3885.0,3885.0,0.0,420.0,0.0,0.0,1.0310584403807544e+44,1.8027206506212814e+53,1748417529.0350795,2.77001458516911e-07,484.3142056392524,0.002064775280915181,3610089.294670446,1748417529.035086,0.0
5.514730413305416,3.1155250631949682,39823.90511665163,1.8600021113205407,67.11404203102232,-67.11404203102232,pass_full,67.0,67.11404203102232,0.06808037555505564,1.0813166589844438,1.997683181355252,1.0,1.0,112.0,none,0.0,12.239534784188367,54.87450724683396,32.0,32.0,6628.0,81.7663816270965,0.04880825787742266,nonsingular_isothermal,1.0,0.01,2.0,0.3,1.0,0.0,strict_pass,1.0,none,none,,,1.0,1.0,1.0,1.0,1.0,1.0,0.0,0.0,0.0,0.0,0.0,3885.0,3885.0,1.0,inverse_phase_volume,geometric_mean,3885.0,3885.0,3885.0,0.0,420.0,0.0,0.0,7.597143874480518e+40,5.585748710832105e+50,7352432444.507379,6.35489916634922e-08,467.2396681223933,0.002140229240420679,15735890.90595253,7352432444.507447,0.0
6.613304363300604,8.831283386043596,9447.630615462514,1.1965332939007427,52.59138848992445,-52.59138848992445,pass_full,68.0,52.59138848992445,0.03635881617626069,1.0691572158502474,1.9995524461437588,1.0,1.0,114.0,none,0.0,11.659678607382526,40.93170988254192,32.0,32.0,6397.0,90.03893917201326,0.03837080896893817,nonsingular_isothermal,1.0,0.01,2.0,0.3,1.0,0.0,strict_pass,1.0,none,none,,,0.9979407979407979,1.0,0.9979407979407979,0.9845559845559846,0.9915343915343915,0.9976190476190476,0.015444015444015413,0.00846560846560851,0.0023809523809523725,0.0,0.0,3877.0,3885.0,1.0,inverse_phase_volume,geometric_mean,3877.0,3877.0,3877.0,0.0,420.0,0.0,0.0,7.470258126788204e+40,8.44146639068011e+50,11300100006.463192,5.126859468119664e-08,579.3402470883484,0.0017261013800194374,19505118.21551375,11300100006.46318,0.0
10.409381673299384,7.475060271519303,92309.82175673255,3.4280357955422116,26.460070367393406,-26.460070367393406,pass_full,69.0,26.460070367393406,0.06719743013692536,1.025977788226362,1.998138859886225,1.0,1.0,103.0,none,0.0,10.979429067949855,15.480641299443553,32.0,32.0,7652.0,123.68528423345319,0.04488369608451711,nonsingular_isothermal,1.0,0.01,2.0,0.3,1.0,0.0,strict_pass,1.0,none,none,,,1.0,1.0,1.0,1.0,1.0,1.0,0.0,0.0,0.0,0.0,0.0,3885.0,3885.0,1.0,inverse_phase_volume,geometric_mean,3885.0,3885.0,3885.0,0.0,420.0,0.0,0.0,4.3835340591622256e+43,6.417056426786286e+51,146390020.9323959,3.401541217479871e-06,497.95169002928105,0.0020082269425397412,293984.38415539137,146390020.9323945,0.0
14.786790779996975,1.8116570468289768,85129.48324551573,3.4256698114949393,23.20265522646209,-23.20265522646209,pass_full,70.0,23.20265522646209,0.0631185044135556,1.0335704165756632,1.9997479738851782,1.0,1.0,90.0,none,0.0,12.89868567959567,10.303969546866412,32.0,32.0,7729.0,157.54926391010602,0.03382061440034076,nonsingular_isothermal,1.0,0.01,2.0,0.3,1.0,0.0,strict_pass,1.0,none,none,,,1.0,1.0,1.0,1.0,1.0,1.0,0.0,0.0,0.0,0.0,0.0,3885.0,3885.0,1.0,inverse_phase_volume,geometric_mean,3885.0,3885.0,3885.0,0.0,420.0,0.0,0.0,7.99185389606456e+42,1.5973892761484702e+52,1998771870.6107414,1.4968487174676568e-07,299.1859111034103,0.0033424033782605525,6680701.852701474,1998771870.6107318,0.0
20.374862798355718,5.073948098205685,0.0,1.3308098903049634,26.708595890285647,-26.708595890285647,pass_no_bh,66.0,26.708595890285647,0.13003569219069178,1.04434413511023,1.9982679844367683,1.0,1.0,77.0,none,0.0,14.482047729547544,12.226548160738112,32.0,32.0,7751.0,124.29409688790183,0.05513978376629738,nonsingular_isothermal,1.0,0.01,2.0,0.3,1.0,0.0,strict_pass,1.0,none,none,,,1.0,1.0,1.0,1.0,1.0,1.0,0.0,0.0,0.0,0.0,0.0,3885.0,3885.0,1.0,inverse_phase_volume,geometric_mean,3885.0,3885.0,3885.0,0.0,420.0,0.0,0.0,2.411714314654302e+41,7.511675621572563e+52,311466228646.1278,1.7371406068083886e-09,541.06063343066,0.0018482216931203805,575658640.4581715,311466228646.13086,0.0
5.514730413305416,3.1155250631949682,0.0,1.8600021113205407,71.75638689056058,-71.75638689056058,pass_no_bh,67.0,71.75638689056058,0.026768206353537494,1.0375086075241202,1.998962070995786,1.0,1.0,170.0,none,0.0,13.420587248847161,58.33579964171343,32.0,32.0,5009.0,76.81948645274626,0.05443121329663775,nonsingular_isothermal,1.0,0.01,2.0,0.3,1.0,0.0,strict_pass,1.0,none,none,,,1.0,1.0,1.0,1.0,1.0,1.0,0.0,0.0,0.0,0.0,0.0,3885.0,3885.0,1.0,inverse_phase_volume,geometric_mean,3885.0,3885.0,3885.0,0.0,420.0,0.0,0.0,1.0267934550257343e+43,3.6578293564188404e+50,35623808.64929807,1.1755969535274813e-05,418.79240921160596,0.0023878178734961825,85063.16701480151,35623808.64929794,0.0
6.613304363300604,8.831283386043596,0.0,1.1965332939007427,51.1153200423077,-51.1153200423077,pass_no_bh,68.0,51.1153200423077,0.02770261428681664,1.0704248593148822,1.998457331656828,1.0,1.0,177.0,none,0.0,11.788349063352499,39.3269709789552,32.0,32.0,6524.0,67.79645172164872,0.06154113153877698,nonsingular_isothermal,1.0,0.01,2.0,0.3,1.0,0.0,strict_pass,1.0,none,none,,,1.0,1.0,1.0,1.0,1.0,1.0,0.0,0.0,0.0,0.0,0.0,3885.0,3885.0,1.0,inverse_phase_volume,geometric_mean,3885.0,3885.0,3885.0,0.0,420.0,0.0,0.0,1.0456491475626383e+41,8.796923520608843e+50,8412882601.314295,9.151210831123319e-08,769.8806238211628,0.0012989026727763084,10927515.696600437,8412882601.314293,0.0
10.409381673299384,7.475060271519303,0.0,3.4280357955422116,26.686693346979624,-26.686693346979624,pass_no_bh,69.0,26.686693346979624,0.0776733167221515,1.0396307601474661,1.9983264414144288,1.0,1.0,99.0,none,0.0,11.026430232247824,15.660263114731796,32.0,32.0,7623.0,120.00202162184938,0.04538917399623277,nonsingular_isothermal,1.0,0.01,2.0,0.3,1.0,0.0,strict_pass,1.0,none,none,,,1.0,1.0,1.0,1.0,1.0,1.0,0.0,0.0,0.0,0.0,0.0,3885.0,3885.0,1.0,inverse_phase_volume,geometric_mean,3885.0,3885.0,3885.0,0.0,420.0,0.0,0.0,3.035641459630181e+39,5.153847778997341e+51,1697778821226.5398,3.880865176404228e-10,658.885070453468,0.0015177153722905948,2576745015.7249184,1697778821226.5354,0.0
14.786790779996975,1.8116570468289768,0.0,3.4256698114949393,22.215267295648104,-22.215267295648104,pass_no_bh,70.0,22.215267295648104,0.12877726455520744,1.0203485139982607,1.9940065900051767,1.0,1.0,83.0,none,0.0,12.396915815389608,9.818351480258494,32.0,32.0,7731.0,115.08189043905294,0.057407476015049475,nonsingular_isothermal,1.0,0.01,2.0,0.3,1.0,0.0,strict_pass,1.0,none,none,,,1.0,1.0,1.0,1.0,1.0,1.0,0.0,0.0,0.0,0.0,0.0,3885.0,3885.0,1.0,inverse_phase_volume,geometric_mean,3885.0,3885.0,3885.0,0.0,420.0,0.0,0.0,4.224712613515249e+43,2.415019051628793e+52,571641025.6884508,8.992415184294827e-07,514.0433439366727,0.0019453612458859002,1112048.2979327857,571641025.6884545,0.0
0.0,5.073948098205685,1608643.0454706007,1.3308098903049634,inf,-1000000.0,physics_exception_no_halo,66.0,inf,inf,inf,inf,0.0,0.0,0.0,exception,3.0,inf,inf,0.0,0.0,0.0,0.0,0.0,none,1.0,0.01,2.0,0.3,1.0,0.0,severe_coverage_warn,0.0,multiple,multiple,1;2;3;4;5;6;7;8,Lfrac minimum coverage 0.667 is below 0.8 | Lfrac coverage gap 0.333 exceeds 0.1 | third_integral minimum coverage 0.75 is below 0.8 | third_integral coverage gap 0.25 exceeds 0.1 | 24 planned shell-band/Lfrac/third-integral cells have no successful orbit,0.918918918918919,1.0,0.918918918918919,0.918918918918919,0.6666666666666666,0.75,0.0,0.33333333333333337,0.25,24.0,0.0,3570.0,3885.0,1.0,inverse_phase_volume,geometric_mean,3570.0,3570.0,3570.0,0.0,420.0,0.0,0.0,2.390804111314456e+44,7.162562027889244e+51,29958799.192257084,0.0001475249098456674,4419.6691499222,0.00022626128021768397,6778.5162590246355,29958799.19225722,0.0
0.0,3.1155250631949682,39823.90511665163,1.8600021113205407,1.1355043955231377e+24,-1000000.0,solver_failed_no_halo,67.0,1.1355043955231377e+24,23353884672.0,545850649155.06915,771949391065.2568,0.0,0.0,484.0,stationary_constraints_unsatisfied,2.0,8.990794630529969e+22,1.0455964492178379e+24,32.0,32.0,1.0,1.0000000000313691,0.9999999999843154,none,1.0,0.01,2.0,0.3,1.0,0.0,severe_coverage_warn,0.0,multiple,multiple,1;2;3;4;5;6;7;8,Lfrac minimum coverage 0.517 is below 0.8 | Lfrac coverage gap 0.483 exceeds 0.1 | third_integral minimum coverage 0.726 is below 0.8 | third_integral coverage gap 0.274 exceeds 0.1 | 25 planned shell-band/Lfrac/third-integral cells have no successful orbit,0.8707850707850708,1.0,0.8707850707850708,0.8087318087318087,0.5174603174603175,0.7261904761904762,0.09860409860409858,0.4825396825396825,0.27380952380952384,25.0,0.0,3383.0,3885.0,1.0,inverse_phase_volume,geometric_mean,3383.0,3383.0,3383.0,0.0,420.0,0.0,0.0,2.3215333747842395e+41,4.3918837049949415e+48,18918029.577770416,0.00012214356363104221,2310.7155495063416,0.00043276637845521,8187.087147880256,18918029.577770434,0.0
0.0,8.831283386043596,9447.630615462514,1.1965332939007427,inf,-1000000.0,physics_exception_no_halo,68.0,inf,inf,inf,inf,0.0,0.0,0.0,exception,3.0,inf,inf,0.0,0.0,0.0,0.0,0.0,none,1.0,0.01,2.0,0.3,1.0,0.0,severe_coverage_warn,0.0,multiple,multiple,1;2;3;4;5;6;7;8,total orbit coverage 0.761 is below 0.85 | shell_band minimum coverage 0.636 is below 0.8 | shell_band coverage gap 0.265 exceeds 0.1 | Lfrac minimum coverage 0.44 is below 0.8 | Lfrac coverage gap 0.56 exceeds 0.1 | third_integral minimum coverage 0.562 is below 0.8 | third_integral coverage gap 0.438 exceeds 0.1 | 44 planned shell-band/Lfrac/third-integral cells have no successful orbit,0.7611325611325611,1.0,0.7611325611325611,0.6361746361746362,0.4402116402116402,0.5619047619047619,0.2653697653697653,0.5597883597883597,0.4380952380952381,44.0,0.0,2957.0,3885.0,1.0,inverse_phase_volume,geometric_mean,2957.0,2957.0,2957.0,0.0,420.0,0.0,0.0,4.326041521236074e+40,2.4744751360203438e+47,5719952.348754423,0.00024018734991484555,1373.860196286525,0.0007278760988220997,4163.416601059687,5719952.348754439,0.0
0.0,7.475060271519303,92309.82175673255,3.4280357955422116,inf,-1000000.0,physics_exception_no_halo,69.0,inf,inf,inf,inf,0.0,0.0,0.0,exception,3.0,inf,inf,0.0,0.0,0.0,0.0,0.0,none,1.0,0.01,2.0,0.3,1.0,0.0,severe_coverage_warn,0.0,multiple,multiple,1;2;3;4;5;6;7;8,Lfrac minimum coverage 0.566 is below 0.8 | Lfrac coverage gap 0.434 exceeds 0.1 | third_integral minimum coverage 0.736 is below 0.8 | third_integral coverage gap 0.264 exceeds 0.1 | 26 planned shell-band/Lfrac/third-integral cells have no successful orbit,0.8916344916344916,1.0,0.8916344916344916,0.8523908523908524,0.5661375661375662,0.7357142857142858,0.06652806652806653,0.43386243386243384,0.26428571428571423,26.0,0.0,3464.0,3885.0,1.0,inverse_phase_volume,geometric_mean,3464.0,3464.0,3464.0,0.0,420.0,0.0,0.0,2.7566066768776124e+42,2.359182420201361e+49,8558284.502428867,0.0002944522994704808,2520.0065512627452,0.0003968243651981428,3396.1358148614195,8558284.502428818,0.0
0.0,1.8116570468289768,85129.48324551573,3.4256698114949393,inf,-1000000.0,physics_exception_no_halo,70.0,inf,inf,inf,inf,0.0,0.0,0.0,exception,3.0,inf,inf,0.0,0.0,0.0,0.0,0.0,none,1.0,0.01,2.0,0.3,1.0,0.0,severe_coverage_warn,0.0,multiple,multiple,1;2;3;4;5;6;7;8,Lfrac minimum coverage 0.561 is below 0.8 | Lfrac coverage gap 0.439 exceeds 0.1 | third_integral minimum coverage 0.733 is below 0.8 | third_integral coverage gap 0.267 exceeds 0.1 | 24 planned shell-band/Lfrac/third-integral cells have no successful orbit,0.8877734877734877,1.0,0.8877734877734877,0.8378378378378378,0.5608465608465608,0.7333333333333333,0.07722007722007718,0.4391534391534392,0.2666666666666667,24.0,0.0,3449.0,3885.0,1.0,inverse_phase_volume,geometric_mean,3449.0,3449.0,3449.0,0.0,420.0,0.0,0.0,3.508110590098909e+42,2.0037437695506102e+49,5711746.303568257,0.0004325929805129423,2470.861357394383,0.00040471716351359266,2311.6417626894017,5711746.303568279,0.0
25.0,5.073948098205685,0.0,1.3308098903049634,29.442222039224177,-29.442222039224177,pass_no_bh_halo_up,66.0,29.442222039224177,0.14554393717148884,1.0459014970374076,1.9984551600736247,1.0,1.0,76.0,none,0.0,15.515674623134146,13.926547416090024,32.0,32.0,7754.0,123.26680651272056,0.05574643060216874,nonsingular_isothermal,1.0,0.01,2.0,0.3,1.0,0.0,strict_pass,1.0,none,none,,,1.0,1.0,1.0,1.0,1.0,1.0,0.0,0.0,0.0,0.0,0.0,3885.0,3885.0,1.0,inverse_phase_volume,geometric_mean,3885.0,3885.0,3885.0,0.0,420.0,0.0,0.0,5.4610692711718455e+41,1.7025858260185346e+53,311767850117.9662,1.7356361780794288e-09,541.1155598267871,0.0018480340878020644,576157614.4987665,311767850117.9663,0.0
10.187431399177859,5.073948098205685,0.0,1.3308098903049634,28.309030927466214,-28.309030927466214,pass_no_bh_halo_down,66.0,28.309030927466214,0.14196660863114374,1.0490915974995334,1.9998946963142226,1.0,1.0,77.0,none,0.0,11.038320437362273,17.270710490103944,32.0,32.0,7655.0,101.67603026524122,0.0607479151892868,nonsingular_isothermal,1.0,0.01,2.0,0.3,1.0,0.0,strict_pass,1.0,none,none,,,1.0,1.0,1.0,1.0,1.0,1.0,0.0,0.0,0.0,0.0,0.0,3885.0,3885.0,1.0,inverse_phase_volume,geometric_mean,3885.0,3885.0,3885.0,0.0,420.0,0.0,0.0,1.52066381956187e+40,4.6953437022994406e+51,308769344144.20746,1.7500950999947543e-09,540.3757162153687,0.001850564283316992,571397520.05648,308769344144.20593,0.0
20.374862798355718,10.14789619641137,0.0,1.3308098903049634,23.47288707555065,-23.47288707555065,pass_no_bh_halo_scale_up,66.0,23.47288707555065,0.18706659356188027,1.0080839593760385,1.9968383137132948,1.0,1.0,75.0,none,0.0,13.882558718227656,9.590328357322992,32.0,32.0,7746.0,110.6679520357171,0.05967124520622208,nonsingular_isothermal,1.0,0.01,2.0,0.3,1.0,0.0,strict_pass,1.0,none,none,,,1.0,1.0,1.0,1.0,1.0,1.0,0.0,0.0,0.0,0.0,0.0,3885.0,3885.0,1.0,inverse_phase_volume,geometric_mean,3885.0,3885.0,3885.0,0.0,420.0,0.0,0.0,2.2448881774092166e+42,8.043462427547038e+52,35830125119.32709,2.429815856573547e-08,870.6060615795434,0.0011486251292412285,41155382.0959161,35830125119.32677,0.0
20.374862798355718,2.5369740491028425,0.0,1.3308098903049634,25.728438047743015,-25.728438047743015,pass_no_bh_halo_scale_down,66.0,25.728438047743015,0.19886877149119897,1.025028295658078,1.9976134109190875,1.0,1.0,76.0,none,0.0,14.433948608063451,11.294489439679566,32.0,32.0,7730.0,134.10095492179528,0.05331881320120021,nonsingular_isothermal,1.0,0.01,2.0,0.3,1.0,0.0,strict_pass,1.0,none,none,,,0.9979407979407979,1.0,0.9979407979407979,0.9845559845559846,0.9915343915343915,0.9976190476190476,0.015444015444015413,0.00846560846560851,0.0023809523809523725,0.0,0.0,3877.0,3885.0,1.0,inverse_phase_volume,geometric_mean,3877.0,3877.0,3877.0,0.0,420.0,0.0,0.0,1.1790517238180986e+43,6.761554273774795e+52,5734739313.962406,7.118406903623187e-08,408.222079229894,0.0024496470202848603,14048087.072558489,5734739313.962421,0.0
20.374862798355718,5.073948098205685,0.0,2.661619780609927,26.684508688179417,-26.684508688179417,pass_no_bh_ml_up,66.0,26.684508688179417,0.15899081698178819,1.041928828307387,1.998443907658534,1.0,1.0,75.0,none,0.0,14.482796921975114,12.201711766204303,32.0,32.0,7734.0,126.07025931700657,0.05437099783367673,nonsingular_isothermal,1.0,0.01,2.0,0.3,1.0,0.0,strict_pass,1.0,none,none,,,0.9979407979407979,1.0,0.9979407979407979,0.9845559845559846,0.9915343915343915,0.9976190476190476,0.015444015444015413,0.00846560846560851,0.0023809523809523725,0.0,0.0,3877.0,3885.0,1.0,inverse_phase_volume,geometric_mean,3877.0,3877.0,3877.0,0.0,420.0,0.0,0.0,2.4188197994764447e+41,7.511968632221787e+52,310563384417.7957,1.7259863172688408e-09,536.0281521498182,0.0018655736568860344,579378868.76321,310563384417.79553,0.0
20.374862798355718,5.073948098205685,0.0,0.6654049451524817,26.675861507221455,-26.675861507221455,pass_no_bh_ml_down,66.0,26.675861507221455,0.1091369779947442,1.0453265531261455,1.9967237763826804,1.0,1.0,80.0,none,0.0,14.461156454027567,12.214705053193882,32.0,32.0,7751.0,123.36350519329456,0.055400383210387406,nonsingular_isothermal,1.0,0.01,2.0,0.3,1.0,0.0,strict_pass,1.0,none,none,,,1.0,1.0,1.0,1.0,1.0,1.0,0.0,0.0,0.0,0.0,0.0,3885.0,3885.0,1.0,inverse_phase_volume,geometric_mean,3885.0,3885.0,3885.0,0.0,420.0,0.0,0.0,2.4081654899161687e+41,7.511470432185217e+52,311916704380.9228,1.7363049270807125e-09,541.5825106553675,0.0018464407183125297,575935703.6907808,311916704380.9188,0.0
11.029460826610832,3.1155250631949682,0.0,1.8600021113205407,25.92549047121753,-25.92549047121753,pass_no_bh_halo_up,67.0,25.92549047121753,0.17747745768611622,1.0443485619476978,1.9984298703946406,1.0,1.0,73.0,none,0.0,11.348446923911354,14.577043547306179,32.0,32.0,7732.0,108.37606576795547,0.050437651475813014,nonsingular_isothermal,1.0,0.01,2.0,0.3,1.0,0.0,strict_pass,1.0,none,none,,,1.0,1.0,1.0,1.0,1.0,1.0,0.0,0.0,0.0,0.0,0.0,3885.0,3885.0,1.0,inverse_phase_volume,geometric_mean,3885.0,3885.0,3885.0,0.0,420.0,0.0,0.0,1.639819707525387e+44,5.822581000646102e+51,35507446.1779266,1.1764374270595677e-05,417.7228862301616,0.002393931558370515,85002.39596248123,35507446.17792669,0.0
2.757365206652708,3.1155250631949682,0.0,1.8600021113205407,200.32102654858508,-200.32102654858508,pass_no_bh_halo_down,67.0,200.32102654858508,0.07558012729040797,1.0376929521931977,1.9991436016896589,1.0,1.0,202.0,none,0.0,33.075672867933285,167.24535368065182,32.0,32.0,5568.0,55.292677027855575,0.04814880857635609,nonsingular_isothermal,1.0,0.01,2.0,0.3,1.0,0.0,strict_pass,1.0,none,none,,,1.0,1.0,1.0,1.0,1.0,1.0,0.0,0.0,0.0,0.0,0.0,3885.0,3885.0,1.0,inverse_phase_volume,geometric_mean,3885.0,3885.0,3885.0,0.0,420.0,0.0,0.0,6.4649716332449536e+41,2.298500035014779e+49,35553134.11114066,1.189669123455945e-05,422.9646589411201,0.0023642637247837,84056.98528133913,35553134.111140355,0.0
5.514730413305416,6.2310501263899365,0.0,1.8600021113205407,70.89273417891647,-70.89273417891647,pass_no_bh_halo_scale_up,67.0,70.89273417891647,0.016804250555921385,1.039853144291229,1.9991778088306806,1.0,1.0,160.0,none,0.0,12.78909650651987,58.1036376723966,32.0,32.0,5427.0,58.63869483700343,0.05054437819052007,nonsingular_isothermal,1.0,0.01,2.0,0.3,1.0,0.0,strict_pass,1.0,none,none,,,1.0,1.0,1.0,1.0,1.0,1.0,0.0,0.0,0.0,0.0,0.0,3885.0,3885.0,1.0,inverse_phase_volume,geometric_mean,3885.0,3885.0,3885.0,0.0,420.0,0.0,0.0,7.56424945298037e+39,4.201130972615928e+50,55539297041.0389,1.1094470982945995e-08,616.1791194350216,0.0016229047178958388,90134987.19652,55539297041.038635,0.0
5.514730413305416,1.5577625315974841,0.0,1.8600021113205407,68.31654211625741,-68.31654211625741,pass_no_bh_halo_scale_down,67.0,68.31654211625741,0.04967956415342201,1.0262149889453847,1.9982580365019729,1.0,1.0,145.0,none,0.0,13.142368941717972,55.174173174539455,32.0,32.0,5493.0,75.27840967726502,0.03722173606463361,nonsingular_isothermal,1.0,0.01,2.0,0.3,1.0,0.0,strict_pass,1.0,none,none,,,0.9979407979407979,1.0,0.9979407979407979,0.9845559845559846,0.9915343915343915,0.9976190476190476,0.015444015444015413,0.00846560846560851,0.0023809523809523725,0.0,0.0,3877.0,3885.0,1.0,inverse_phase_volume,geometric_mean,3877.0,3877.0,3877.0,0.0,420.0,0.0,0.0,6.39458061642288e+42,4.392196289742124e+50,68686229.06186946,7.013014344839076e-06,481.6975097037931,0.0020759916334525436,142592.03686584596,68686229.06186947,0.0
5.514730413305416,3.1155250631949682,0.0,3.7200042226410814,71.28536535530877,-71.28536535530877,pass_no_bh_ml_up,67.0,71.28536535530877,0.04391470852405632,1.038452435716901,1.9988277169718764,1.0,1.0,121.0,none,0.0,13.0073685814483,58.27799677386048,32.0,32.0,5504.0,66.29907241545976,0.04690097793015309,nonsingular_isothermal,1.0,0.01,2.0,0.3,1.0,0.0,strict_pass,1.0,none,none,,,0.9976833976833976,1.0,0.9976833976833976,0.9826254826254827,0.9915343915343915,0.9952380952380953,0.01737451737451734,0.00846560846560851,0.004761904761904745,0.0,0.0,3876.0,3885.0,1.0,inverse_phase_volume,geometric_mean,3876.0,3876.0,3876.0,0.0,420.0,0.0,0.0,2.997394500963636e+42,3.622266785750338e+50,120847181.9303669,3.408944190625873e-06,411.96129879503155,0.0024274124849226262,293345.9581854881,120847181.9303667,0.0
5.514730413305416,3.1155250631949682,0.0,0.9300010556602704,71.72530605290176,-71.72530605290176,pass_no_bh_ml_down,67.0,71.72530605290176,0.028518776585272576,1.0448640258152901,1.9995962387407609,1.0,1.0,157.0,none,0.0,13.18227139257029,58.54303466033144,32.0,32.0,5203.0,69.05977845136978,0.04259681895759448,nonsingular_isothermal,1.0,0.01,2.0,0.3,1.0,0.0,strict_pass,1.0,none,none,,,1.0,1.0,1.0,1.0,1.0,1.0,0.0,0.0,0.0,0.0,0.0,3885.0,3885.0,1.0,inverse_phase_volume,geometric_mean,3885.0,3885.0,3885.0,0.0,420.0,0.0,0.0,1.0255229450504918e+43,3.6793181196412665e+50,35877482.189929105,1.1796631933746707e-05,423.2334521041447,0.002362762194312398,84769.95854548052,35877482.18992896,0.0
13.226608726601208,8.831283386043596,0.0,1.1965332939007427,22.521993184685872,-22.521993184685872,pass_no_bh_halo_up,68.0,22.521993184685872,0.045957755666606204,1.0729634403894364,1.9982072905088346,1.0,1.0,113.0,none,0.0,12.075091136867266,10.446902047818599,32.0,32.0,7698.0,104.47215345817786,0.060092893295901485,nonsingular_isothermal,1.0,0.01,2.0,0.3,1.0,0.0,strict_pass,1.0,none,none,,,1.0,1.0,1.0,1.0,1.0,1.0,0.0,0.0,0.0,0.0,0.0,3885.0,3885.0,1.0,inverse_phase_volume,geometric_mean,3885.0,3885.0,3885.0,0.0,420.0,0.0,0.0,1.680212095052389e+42,1.427559561065349e+52,8496305706.100978,9.221971257852074e-08,783.5268701958785,0.0012762804162032174,10843668.582772335,8496305706.100985,0.0
3.306652181650302,8.831283386043596,0.0,1.1965332939007427,154.17130116967056,-154.17130116967056,pass_no_bh_halo_down,68.0,154.17130116967056,0.0002288196002098175,1.0692855670341885,1.9997849040592395,1.0,1.0,274.0,none,0.0,27.91588630573404,126.2554148639365,32.0,32.0,4907.0,42.827338435601746,0.06852040084148635,nonsingular_isothermal,1.0,0.01,2.0,0.3,1.0,0.0,strict_pass,1.0,none,none,,,1.0,1.0,1.0,1.0,1.0,1.0,0.0,0.0,0.0,0.0,0.0,3885.0,3885.0,1.0,inverse_phase_volume,geometric_mean,3885.0,3885.0,3885.0,0.0,420.0,0.0,0.0,6.423816645758833e+39,5.473278627887686e+49,8520290864.001051,8.929776558220668e-08,760.842936265779,0.0013143317133336415,11198488.489383414,8520290864.001006,0.0
6.613304363300604,17.662566772087192,0.0,1.1965332939007427,50.68328504137228,-50.68328504137228,pass_no_bh_halo_scale_up,68.0,50.68328504137228,0.042065793256057304,0.9613991946820007,1.998646497030352,1.0,1.0,119.0,none,0.0,11.630690688946299,39.052594352425984,32.0,32.0,5622.0,62.54729934586829,0.05955630443974323,nonsingular_isothermal,1.0,0.01,2.0,0.3,1.0,0.0,strict_pass,1.0,none,none,,,1.0,1.0,1.0,1.0,1.0,1.0,0.0,0.0,0.0,0.0,0.0,3885.0,3885.0,1.0,inverse_phase_volume,geometric_mean,3885.0,3885.0,3885.0,0.0,420.0,0.0,0.0,1.5369640767340378e+39,1.0129019589755702e+51,659027738063.9435,2.812641813587534e-09,1853.6089723926536,0.0005394881093552282,355537628.42076814,659027738063.9412,0.0
6.613304363300604,4.415641693021798,0.0,1.1965332939007427,52.83509102227755,-52.83509102227755,pass_no_bh_halo_scale_down,68.0,52.83509102227755,0.07594023337887279,1.067066286002153,1.997690954211711,1.0,1.0,97.0,none,0.0,11.291154952235582,41.543936070041966,32.0,32.0,6313.0,81.55216068882747,0.054451754453780574,nonsingular_isothermal,1.0,0.01,2.0,0.3,1.0,0.0,strict_pass,1.0,none,none,,,0.9984555984555985,1.0,0.9984555984555985,0.9884169884169884,0.9936507936507937,0.9976190476190476,0.01158301158301156,0.006349206349206327,0.0023809523809523725,0.0,0.0,3879.0,3885.0,1.0,inverse_phase_volume,geometric_mean,3879.0,3879.0,3879.0,0.0,420.0,0.0,0.0,4.2111061593846566e+40,7.575128406500924e+50,17988452724.278584,2.6053838609982384e-08,468.66824412165323,0.0021337054783264297,38382060.12440929,17988452724.27862,0.0
6.613304363300604,8.831283386043596,0.0,2.3930665878014854,51.15187909932411,-51.15187909932411,pass_no_bh_ml_up,68.0,51.15187909932411,0.022666115385128194,1.065719813443508,1.9994516046813364,1.0,1.0,188.0,none,0.0,11.699510973812291,39.452368125511825,32.0,32.0,6668.0,70.80463784570883,0.057698861398721796,nonsingular_isothermal,1.0,0.01,2.0,0.3,1.0,0.0,strict_pass,1.0,none,none,,,1.0,1.0,1.0,1.0,1.0,1.0,0.0,0.0,0.0,0.0,0.0,3885.0,3885.0,1.0,inverse_phase_volume,geometric_mean,3885.0,3885.0,3885.0,0.0,420.0,0.0,0.0,1.0396860675805614e+41,8.806607372685788e+50,8470448577.982311,9.088010411302765e-08,769.7952486510837,0.0012990467293118595,11003508.521032274,8470448577.982358,0.0
6.613304363300604,8.831283386043596,0.0,0.5982666469503714,51.0689207883696,-51.0689207883696,pass_no_bh_ml_down,68.0,51.0689207883696,0.041513034172560026,1.0736501083582148,1.9988348793532094,1.0,1.0,149.0,none,0.0,11.712898988203742,39.356021800165855,32.0,32.0,6707.0,61.55096572219345,0.05520686600890948,nonsingular_isothermal,1.0,0.01,2.0,0.3,1.0,0.0,strict_pass,1.0,none,none,,,1.0,1.0,1.0,1.0,1.0,1.0,0.0,0.0,0.0,0.0,0.0,3885.0,3885.0,1.0,inverse_phase_volume,geometric_mean,3885.0,3885.0,3885.0,0.0,420.0,0.0,0.0,1.0486370315051177e+41,8.90962899935439e+50,8496389819.999322,9.178014995880861e-08,779.7999317880339,0.0012823802096353879,10895602.158514723,8496389819.999335,0.0
20.818763346598768,7.475060271519303,0.0,3.4280357955422116,25.86537625690101,-25.86537625690101,pass_no_bh_halo_up,69.0,25.86537625690101,0.15125530336356263,1.0331282091432876,1.9970589203902673,1.0,1.0,87.0,none,0.0,14.316433568009423,11.548942688891593,32.0,32.0,7733.0,128.31393008862344,0.0587432560259689,nonsingular_isothermal,1.0,0.01,2.0,0.3,1.0,0.0,strict_pass,1.0,none,none,,,0.9992277992277993,1.0,0.9992277992277993,0.9942084942084942,0.9968253968253968,0.9976190476190476,0.00579150579150578,0.0031746031746031633,0.0023809523809523725,0.0,0.0,3882.0,3885.0,1.0,inverse_phase_volume,geometric_mean,3882.0,3882.0,3882.0,0.0,420.0,0.0,0.0,4.6066265536370954e+41,8.143557499604718e+52,176779198504.27402,3.67070470839285e-09,648.904236295555,0.0015410594415422064,272427252.92327625,176779198504.2746,0.0
5.204690836649692,7.475060271519303,0.0,3.4280357955422116,78.371038161787,-78.371038161787,pass_no_bh_halo_down,69.0,78.371038161787,0.011416096638214412,1.0269377374707278,1.9998596530931707,1.0,1.0,236.0,none,0.0,14.438525911246252,63.93251225054076,32.0,32.0,4770.0,66.35513935459993,0.0543360245109453,nonsingular_isothermal,1.0,0.01,2.0,0.3,1.0,0.0,strict_pass,1.0,none,none,,,1.0,1.0,1.0,1.0,1.0,1.0,0.0,0.0,0.0,0.0,0.0,3885.0,3885.0,1.0,inverse_phase_volume,geometric_mean,3885.0,3885.0,3885.0,0.0,420.0,0.0,0.0,1.0081742434705597e+40,3.2526593079625447e+50,32262868537.144173,2.0357377982687404e-08,656.7874096164036,0.0015225626821684197,49122239.65436185,32262868537.1445,0.0
10.409381673299384,14.950120543038606,0.0,3.4280357955422116,24.531505878620813,-24.531505878620813,pass_no_bh_halo_scale_up,69.0,24.531505878620813,0.1025520582861219,0.9714248994313561,1.9975373933454825,1.0,1.0,83.0,none,0.0,11.016332767110878,13.515173111509922,32.0,32.0,7591.0,75.42363461175692,0.059719212507402857,nonsingular_isothermal,1.0,0.01,2.0,0.3,1.0,0.0,strict_pass,1.0,none,none,,,1.0,1.0,1.0,1.0,1.0,1.0,0.0,0.0,0.0,0.0,0.0,3885.0,3885.0,1.0,inverse_phase_volume,geometric_mean,3885.0,3885.0,3885.0,0.0,420.0,0.0,0.0,4.674527414135827e+39,7.127464791113494e+51,1524745532470.2888,1.115640070239422e-09,1701.0672129424095,0.0005878662479598656,896346435.2668822,1524745532470.2993,0.0
10.409381673299384,3.7375301357596515,0.0,3.4280357955422116,27.468786080674338,-27.468786080674338,pass_no_bh_halo_scale_down,69.0,27.468786080674338,0.2102919608670959,1.0724292340385266,1.9967381035458807,1.0,1.0,76.0,none,0.0,11.035533828992014,16.433252251682323,32.0,32.0,7676.0,107.87520552408544,0.04889943378886585,nonsingular_isothermal,1.0,0.01,2.0,0.3,1.0,0.0,strict_pass,1.0,none,none,,,0.9987129987129987,1.0,0.9987129987129987,0.9903474903474904,0.9947089947089947,0.9976190476190476,0.009652509652509633,0.005291005291005346,0.0023809523809523725,0.0,0.0,3880.0,3885.0,1.0,inverse_phase_volume,geometric_mean,3880.0,3880.0,3880.0,0.0,420.0,0.0,0.0,1.6289027097675407e+43,4.138503122604813e+51,254066930.9338564,1.5393098793754698e-06,391.0877368090921,0.002556970996224681,649641.773497693,254066930.9338576,0.0
10.409381673299384,7.475060271519303,0.0,5.0,26.404966327374492,-26.404966327374492,pass_no_bh_ml_up,69.0,26.404966327374492,0.09193556605061559,1.0375745930166005,1.9962037261772987,1.0,1.0,97.0,none,0.0,10.99437860810676,15.410587719267726,32.0,32.0,7650.0,118.72096857159681,0.04834597158710084,nonsingular_isothermal,1.0,0.01,2.0,0.3,1.0,0.0,strict_pass,1.0,none,none,,,1.0,1.0,1.0,1.0,1.0,1.0,0.0,0.0,0.0,0.0,0.0,3885.0,3885.0,1.0,inverse_phase_volume,geometric_mean,3885.0,3885.0,3885.0,0.0,420.0,0.0,0.0,2.2052241041976336e+38,5.171959026537844e+51,23453212835344.24,2.817864767545086e-11,660.8798213445218,0.0015131344121924585,35487863417.632935,23453212835344.043,0.0
10.409381673299384,7.475060271519303,0.0,1.7140178977711058,26.62139388363419,-26.62139388363419,pass_no_bh_ml_down,69.0,26.62139388363419,0.08555269206822658,1.0374830999072584,1.9996465354266058,1.0,1.0,96.0,none,0.0,11.059319719511022,15.562074164123167,32.0,32.0,7643.0,120.82917435484663,0.049632994157202154,nonsingular_isothermal,1.0,0.01,2.0,0.3,1.0,0.0,strict_pass,1.0,none,none,,,1.0,1.0,1.0,1.0,1.0,1.0,0.0,0.0,0.0,0.0,0.0,3885.0,3885.0,1.0,inverse_phase_volume,geometric_mean,3885.0,3885.0,3885.0,0.0,420.0,0.0,0.0,1.7281248711771725e+40,5.059375023643137e+51,292766750136.3352,2.207065706009939e-09,646.1554540858924,0.0015476151964308447,453090271.5206689,292766750136.33813,0.0
25.0,1.8116570468289768,0.0,3.4256698114949393,27.10170084999282,-27.10170084999282,pass_no_bh_halo_up,70.0,27.10170084999282,0.16889740023277255,1.0229018994695531,1.9951798241475855,1.0,1.0,82.0,none,0.0,14.961372432076672,12.140328417916145,32.0,32.0,7744.0,117.56469432996444,0.05715193328115214,nonsingular_isothermal,1.0,0.01,2.0,0.3,1.0,0.0,strict_pass,1.0,none,none,,,1.0,1.0,1.0,1.0,1.0,1.0,0.0,0.0,0.0,0.0,0.0,3885.0,3885.0,1.0,inverse_phase_volume,geometric_mean,3885.0,3885.0,3885.0,0.0,420.0,0.0,0.0,3.451894823222929e+44,1.9731164020676493e+53,571603859.0728006,9.05191216241706e-07,517.4107924025602,0.0019327003121766579,1104738.9568713822,571603859.0727997,0.0
7.393395389998488,1.8116570468289768,0.0,3.4256698114949393,41.497209896887355,-41.497209896887355,pass_no_bh_halo_down,70.0,41.497209896887355,0.06043092639274761,1.0245267482596598,1.9989714582834817,1.0,1.0,110.0,none,0.0,10.574321008552497,30.922888888334857,32.0,32.0,7237.0,89.7306650405016,0.04494251785679338,nonsingular_isothermal,1.0,0.01,2.0,0.3,1.0,0.0,strict_pass,1.0,none,none,,,1.0,1.0,1.0,1.0,1.0,1.0,0.0,0.0,0.0,0.0,0.0,3885.0,3885.0,1.0,inverse_phase_volume,geometric_mean,3885.0,3885.0,3885.0,0.0,420.0,0.0,0.0,2.6405558900605424e+42,1.509895511516534e+51,571809715.2194401,9.022931380242129e-07,515.9399822980796,0.001938209935864709,1108287.2714622875,571809715.2194396,0.0
14.786790779996975,3.6233140936579535,0.0,3.4256698114949393,23.460414485240424,-23.460414485240424,pass_no_bh_halo_scale_up,70.0,23.460414485240424,0.14534756397773663,1.0584991299153403,1.9951968392622343,1.0,1.0,76.0,none,0.0,12.844864169949007,10.61555031529142,32.0,32.0,7743.0,133.86822045652124,0.050510484069565875,nonsingular_isothermal,1.0,0.01,2.0,0.3,1.0,0.0,strict_pass,1.0,none,none,,,1.0,1.0,1.0,1.0,1.0,1.0,0.0,0.0,0.0,0.0,0.0,3885.0,3885.0,1.0,inverse_phase_volume,geometric_mean,3885.0,3885.0,3885.0,0.0,420.0,0.0,0.0,1.2575557080104208e+44,1.6692532747312467e+52,132737918.81332818,2.8974999846284787e-06,384.6081177212349,0.0026000491251326184,345125.1096825187,132737918.81332827,0.0
14.786790779996975,1.0,0.0,3.4256698114949393,22.264435837123855,-22.264435837123855,pass_no_bh_halo_scale_down,70.0,22.264435837123855,0.08122225090937008,1.0307928532144623,1.999652126316124,1.0,1.0,84.0,none,0.0,12.5143004150041,9.75013542211976,32.0,32.0,7721.0,138.58385613167607,0.04171857377180443,nonsingular_isothermal,1.0,0.01,2.0,0.3,1.0,0.0,strict_pass,1.0,none,none,,,0.9979407979407979,1.0,0.9979407979407979,0.9845559845559846,0.9915343915343915,0.9976190476190476,0.015444015444015413,0.00846560846560851,0.0023809523809523725,0.0,0.0,3877.0,3885.0,1.0,inverse_phase_volume,geometric_mean,3877.0,3877.0,3877.0,0.0,420.0,0.0,0.0,3.434436063110428e+44,2.401613173405276e+52,69927438.71988793,7.003006564090689e-06,489.7023123654288,0.002042056928768949,142795.81074901446,69927438.71988854,0.0
14.786790779996975,1.8116570468289768,0.0,5.0,22.29584348662916,-22.29584348662916,pass_no_bh_ml_up,70.0,22.29584348662916,0.12676905693440688,1.022649491615428,1.9986999206278089,1.0,1.0,83.0,none,0.0,12.472335922953247,9.823507563675907,32.0,32.0,7731.0,116.97651232146089,0.055877142829048605,nonsingular_isothermal,1.0,0.01,2.0,0.3,1.0,0.0,strict_pass,1.0,none,none,,,1.0,1.0,1.0,1.0,1.0,1.0,0.0,0.0,0.0,0.0,0.0,3885.0,3885.0,1.0,inverse_phase_volume,geometric_mean,3885.0,3885.0,3885.0,0.0,420.0,0.0,0.0,4.2247397000541785e+43,2.4151444554319795e+52,571667043.8656865,8.978324269243872e-07,513.2612093866154,0.001948325690139477,1113793.5877695996,571667043.865682,0.0
14.786790779996975,1.8116570468289768,0.0,1.7128349057474697,22.300132093650465,-22.300132093650465,pass_no_bh_ml_down,70.0,22.300132093650465,0.10777504170037133,1.0226510114280296,1.9983502177963741,1.0,1.0,85.0,none,0.0,12.457887528772487,9.84224456487797,32.0,32.0,7730.0,114.75274282062844,0.057053675229182324,nonsingular_isothermal,1.0,0.01,2.0,0.3,1.0,0.0,strict_pass,1.0,none,none,,,1.0,1.0,1.0,1.0,1.0,1.0,0.0,0.0,0.0,0.0,0.0,3885.0,3885.0,1.0,inverse_phase_volume,geometric_mean,3885.0,3885.0,3885.0,0.0,420.0,0.0,0.0,4.2246831435752534e+43,2.4148824738961265e+52,571612684.7450306,9.030193415606016e-07,516.177310206149,0.0019373187860594332,1107395.9925064242,571612684.7450347,0.0
15.492774968240722,1.4898011993924505,61283.25948846339,2.949609111078374,22.720212713800073,-22.720212713800073,pass_full,71.0,22.720212713800073,0.0919274039258795,1.024075192789416,1.9957583716690162,1.0,1.0,94.0,none,0.0,12.955644707305083,9.764568006494988,32.0,32.0,7720.0,136.68961865020083,0.04872425524794641,nonsingular_isothermal,1.0,0.01,2.0,0.3,1.0,0.0,strict_pass,1.0,none,none,,,1.0,1.0,1.0,1.0,1.0,1.0,0.0,0.0,0.0,0.0,0.0,3885.0,3885.0,1.0,inverse_phase_volume,geometric_mean,3885.0,3885.0,3885.0,0.0,420.0,0.0,0.0,7.596791244874118e+44,3.035679891682879e+52,39960027.77792773,1.1272851836499284e-05,450.4634725229721,0.002219935823873052,88708.69718718347,39960027.77792747,0.0
10.222064871487508,3.4579344611638114,532.8487914375148,0.8304824120377954,28.033109913478352,-28.033109913478352,pass_full,72.0,28.033109913478352,0.12481821598995779,1.0662319576403914,1.9966034731568074,1.0,1.0,86.0,none,0.0,11.004445143969251,17.0286647695091,32.0,32.0,7694.0,119.139273899854,0.04369730713453045,nonsingular_isothermal,1.0,0.01,2.0,0.3,1.0,0.0,strict_pass,1.0,none,none,,,1.0,1.0,1.0,1.0,1.0,1.0,0.0,0.0,0.0,0.0,0.0,3885.0,3885.0,1.0,inverse_phase_volume,geometric_mean,3885.0,3885.0,3885.0,0.0,420.0,0.0,0.0,2.344833176703596e+43,4.110090897812066e+51,175282870.3827066,2.320612464351841e-06,406.7636137974742,0.0024584303169700315,430920.72259437124,175282870.38270533,0.0
19.266745832938255,89.27379616942206,0.0,0.2,19.52389380008723,-19.52389380008723,pass_full,73.0,19.52389380008723,0.29259318108371346,0.8412944664838738,1.9567024509030748,1.0,1.0,83.0,none,0.0,13.009900568149044,6.51399323193818,32.0,32.0,6659.0,99.05772351312551,0.05375783469660621,nonsingular_isothermal,1.0,0.01,2.0,0.3,1.0,0.0,strict_pass,1.0,none,none,,,1.0,1.0,1.0,1.0,1.0,1.0,0.0,0.0,0.0,0.0,0.0,3885.0,3885.0,1.0,inverse_phase_volume,geometric_mean,3885.0,3885.0,3885.0,0.0,420.0,0.0,0.0,3.7749380702125905e+36,5.363124029412338e+52,1.4207184143580684e+16,1.1658291003663488e-11,165631.48708849924,6.037499376345549e-06,85775865406.49579,1.4207184143580854e+16,0.0
14.426436443126997,26.07536514950892,1549237.7599770052,2.1629344378176247,25.418117710123703,-25.418117710123703,pass_full,74.0,25.418117710123703,0.2889628020986059,1.1475554601756324,1.6228884953555196,1.0,1.0,62.0,none,0.0,12.885613228836291,12.532504481287415,32.0,32.0,7654.0,158.85827857571167,0.04703935292597826,nonsingular_isothermal,1.0,0.01,2.0,0.3,1.0,0.0,strict_pass,1.0,none,none,,,0.9958815958815959,1.0,0.9958815958815959,0.9691119691119691,0.9830687830687831,0.9833333333333333,0.030888030888030937,0.016931216931216908,0.01666666666666672,0.0,0.0,3869.0,3885.0,1.0,inverse_phase_volume,geometric_mean,3869.0,3869.0,3869.0,0.0,420.0,0.0,0.0,1.62571309877855e+40,2.94435320959572e+52,1811114895861.949,1.899844191633523e-10,344.08361152842616,0.002906270355504525,5263589532.256225,1811114895861.9412,0.0
21.128180766875513,15.329103198672762,443.1201957771957,1.553115955488031,23.951816946123454,-23.951816946123454,pass_full,75.0,23.951816946123454,0.28992015162845064,0.9778970337814678,1.985886657284641,1.0,1.0,76.0,none,0.0,13.876830651183559,10.07498629493989,32.0,32.0,7740.0,117.63130107870418,0.05646271711388518,nonsingular_isothermal,1.0,0.01,2.0,0.3,1.0,0.0,strict_pass,1.0,none,none,,,0.9992277992277993,1.0,0.9992277992277993,0.9942084942084942,0.9968253968253968,0.9976190476190476,0.00579150579150578,0.0031746031746031633,0.0023809523809523725,0.0,0.0,3882.0,3885.0,1.0,inverse_phase_volume,geometric_mean,3882.0,3882.0,3882.0,0.0,420.0,0.0,0.0,2.469035529172281e+43,1.0829348123926272e+53,4386064111.259144,3.053254643714282e-07,1339.1770615330533,0.0007467272466982277,3275193.577642449,4386064111.259144,0.0
15.492774968240722,1.4898011993924505,0.0,2.949609111078374,22.85416642107141,-22.85416642107141,pass_no_bh,71.0,22.85416642107141,0.13047840479197959,1.0115477890974245,1.99553981168138,1.0,1.0,87.0,none,0.0,12.742213232834878,10.111953188236535,32.0,32.0,7719.0,118.90549531376178,0.055510041227543654,nonsingular_isothermal,1.0,0.01,2.0,0.3,1.0,0.0,strict_pass,1.0,none,none,,,0.9979407979407979,1.0,0.9979407979407979,0.9845559845559846,0.9915343915343915,0.9976190476190476,0.015444015444015413,0.00846560846560851,0.0023809523809523725,0.0,0.0,3877.0,3885.0,1.0,inverse_phase_volume,geometric_mean,3877.0,3877.0,3877.0,0.0,420.0,0.0,0.0,2.0643956670163684e+44,2.6519756761924093e+52,128462567.45080554,3.6250945408727445e-06,465.68895197241005,0.0021473560748317805,275854.8746039735,128462567.45080502,0.0
10.222064871487508,3.4579344611638114,0.0,0.8304824120377954,28.09426768764314,-28.09426768764314,pass_no_bh,72.0,28.09426768764314,0.16607396028984667,1.0630561350970753,1.9934484813555817,1.0,1.0,76.0,none,0.0,11.027250385861773,17.067017301781362,32.0,32.0,7691.0,127.03586987077757,0.04128322972971165,nonsingular_isothermal,1.0,0.01,2.0,0.3,1.0,0.0,strict_pass,1.0,none,none,,,1.0,1.0,1.0,1.0,1.0,1.0,0.0,0.0,0.0,0.0,0.0,3885.0,3885.0,1.0,inverse_phase_volume,geometric_mean,3885.0,3885.0,3885.0,0.0,420.0,0.0,0.0,5.875588012088051e+42,4.5934869700614857e+51,781791875.2320867,5.854654727616403e-07,457.7121498339615,0.0021847792337668062,1708042.6541346675,781791875.2320842,0.0
19.266745832938255,89.27379616942206,0.0,0.2,19.52389399244716,-19.52389399244716,pass_no_bh,73.0,19.52389399244716,0.2925932057056748,0.8412944720018286,1.9567024624665084,1.0,1.0,83.0,none,0.0,13.009900681665481,6.513993310781675,32.0,32.0,6660.0,99.05772469239247,0.053757834332153344,nonsingular_isothermal,1.0,0.01,2.0,0.3,1.0,0.0,strict_pass,1.0,none,none,,,0.9997425997425997,1.0,0.9997425997425997,0.9980694980694981,0.9989417989417989,0.9976190476190476,0.0019305019305019266,0.0010582010582010914,0.0023809523809523725,0.0,0.0,3884.0,3885.0,1.0,inverse_phase_volume,geometric_mean,3884.0,3884.0,3884.0,0.0,420.0,0.0,0.0,3.7749380702125905e+36,5.363124029412338e+52,1.4207184143580684e+16,1.1639976774250687e-11,165371.2934587838,6.0469987207860494e-06,85910824342.20528,1.4207184143580856e+16,0.0
14.426436443126997,26.07536514950892,0.0,2.1629344378176247,21.61406469012539,-21.61406469012539,pass_no_bh,74.0,21.61406469012539,0.07705558119225131,1.0273686700343037,1.9992586378183523,1.0,1.0,101.0,none,0.0,12.34971424323062,9.264350446894765,32.0,32.0,7459.0,90.73948564742747,0.06573142244305862,nonsingular_isothermal,1.0,0.01,2.0,0.3,1.0,0.0,strict_pass,1.0,none,none,,,1.0,1.0,1.0,1.0,1.0,1.0,0.0,0.0,0.0,0.0,0.0,3885.0,3885.0,1.0,inverse_phase_volume,geometric_mean,3885.0,3885.0,3885.0,0.0,420.0,0.0,0.0,9.362203901844375e+38,1.916481717315223e+52,20470412067586.688,1.5496238187909103e-10,3172.143812039752,0.0003152442194469676,6453179074.004213,20470412067586.883,0.0
21.128180766875513,15.329103198672762,0.0,1.553115955488031,23.93188143662987,-23.93188143662987,pass_no_bh,75.0,23.93188143662987,0.29761977777497606,0.9746817094754068,1.9844868472700707,1.0,1.0,75.0,none,0.0,13.884392602343446,10.04748883428642,32.0,32.0,7750.0,119.57313040684866,0.056578713627994666,nonsingular_isothermal,1.0,0.01,2.0,0.3,1.0,0.0,strict_pass,1.0,none,none,,,1.0,1.0,1.0,1.0,1.0,1.0,0.0,0.0,0.0,0.0,0.0,3885.0,3885.0,1.0,inverse_phase_volume,geometric_mean,3885.0,3885.0,3885.0,0.0,420.0,0.0,0.0,7.297009984480347e+41,1.1360617446709926e+53,155688665232.36594,1.0711090116042436e-08,1667.5953233502423,0.0005996658697692759,93361178.84978479,155688665232.36667,0.0
0.0,1.4898011993924505,61283.25948846339,2.949609111078374,inf,-1000000.0,physics_exception_no_halo,71.0,inf,inf,inf,inf,0.0,0.0,0.0,exception,3.0,inf,inf,0.0,0.0,0.0,0.0,0.0,none,1.0,0.01,2.0,0.3,1.0,0.0,severe_coverage_warn,0.0,multiple,multiple,1;2;3;4;5;6;7;8,shell_band coverage gap 0.113 exceeds 0.1 | Lfrac minimum coverage 0.513 is below 0.8 | Lfrac coverage gap 0.487 exceeds 0.1 | third_integral minimum coverage 0.724 is below 0.8 | third_integral coverage gap 0.276 exceeds 0.1 | 26 planned shell-band/Lfrac/third-integral cells have no successful orbit,0.8684684684684685,1.0,0.8684684684684685,0.8004158004158004,0.5132275132275133,0.7238095238095238,0.11271161271161267,0.48677248677248675,0.2761904761904762,26.0,0.0,3374.0,3885.0,1.0,inverse_phase_volume,geometric_mean,3374.0,3374.0,3374.0,0.0,420.0,0.0,0.0,1.818216365271688e+42,1.040129648196418e+49,5720604.368452025,0.0003939128064358652,2253.419321286212,0.00044377004783522386,2538.6328742343508,5720604.368452037,0.0
0.0,3.4579344611638114,532.8487914375148,0.8304824120377954,inf,-1000000.0,physics_exception_no_halo,72.0,inf,inf,inf,inf,0.0,0.0,0.0,exception,3.0,inf,inf,0.0,0.0,0.0,0.0,0.0,none,1.0,0.01,2.0,0.3,1.0,0.0,severe_coverage_warn,0.0,multiple,multiple,1;2;3;4;5;6;7;8,total orbit coverage 0.533 is below 0.85 | shell_band minimum coverage 0.285 is below 0.8 | shell_band coverage gap 0.48 exceeds 0.1 | Lfrac minimum coverage 0.296 is below 0.8 | Lfrac coverage gap 0.704 exceeds 0.1 | third_integral minimum coverage 0.288 is below 0.8 | third_integral coverage gap 0.704 exceeds 0.1 | 113 planned shell-band/Lfrac/third-integral cells have no successful orbit,0.5333333333333333,1.0,0.5333333333333333,0.28482328482328484,0.2962962962962963,0.28809523809523807,0.47965547965547967,0.7037037037037037,0.7042857142857143,113.0,0.0,2072.0,3885.0,1.0,inverse_phase_volume,geometric_mean,2072.0,2072.0,2072.0,0.0,420.0,0.0,0.0,6.002225733224391e+37,7.732822556193397e+44,12883258.477583665,3.590630995711907e-05,462.59027215379757,0.0021617402271432323,27850.258107676476,12883258.477583569,0.0
0.0,89.27379616942206,0.0,0.2,958.8054354146185,-958.8054354146185,pass_no_halo,73.0,958.8054354146185,0.25195615645441194,1.4126370724389437,1.9977705065539837,1.0,1.0,269.0,none,0.0,292.6484789657723,666.1569564488461,32.0,32.0,2261.0,110.94330296738826,0.030803234622093605,none,1.0,0.01,2.0,0.3,1.0,0.0,severe_coverage_warn,0.0,multiple,multiple,1;2;3;4;5;6;7;8,total orbit coverage 0.37 is below 0.85 | shell_band minimum coverage 0.125 is below 0.8 | shell_band coverage gap 0.632 exceeds 0.1 | Lfrac minimum coverage 0.189 is below 0.8 | Lfrac coverage gap 0.811 exceeds 0.1 | third_integral minimum coverage 0.198 is below 0.8 | third_integral coverage gap 0.483 exceeds 0.1 | 143 planned shell-band/Lfrac/third-integral cells have no successful orbit,0.3696267696267696,1.0,0.3696267696267696,0.12474012474012475,0.18941798941798943,0.1976190476190476,0.632016632016632,0.8105820105820105,0.4833333333333334,143.0,0.0,1436.0,3885.0,1.0,inverse_phase_volume,geometric_mean,1436.0,1436.0,1436.0,0.0,399.0,1.0,9.0,2.1196790058741763e+26,6.6861830764995896e+41,3154337547322238.5,3.0032583507012772e-12,9473.290579926103,0.0001055599415602219,332971687156.5493,3154337547322239.5,0.0
0.0,26.07536514950892,1549237.7599770052,2.1629344378176247,inf,-1000000.0,physics_exception_no_halo,74.0,inf,inf,inf,inf,0.0,0.0,0.0,exception,3.0,inf,inf,0.0,0.0,0.0,0.0,0.0,none,1.0,0.01,2.0,0.3,1.0,0.0,severe_coverage_warn,0.0,multiple,multiple,1;2;3;4;5;6;7;8,Lfrac minimum coverage 0.661 is below 0.8 | Lfrac coverage gap 0.339 exceeds 0.1 | third_integral minimum coverage 0.75 is below 0.8 | third_integral coverage gap 0.25 exceeds 0.1 | 24 planned shell-band/Lfrac/third-integral cells have no successful orbit,0.9176319176319176,1.0,0.9176319176319176,0.915057915057915,0.6613756613756614,0.75,0.0038610038610039643,0.3386243386243386,0.25,24.0,0.0,3565.0,3885.0,1.0,inverse_phase_volume,geometric_mean,3565.0,3565.0,3565.0,0.0,420.0,0.0,0.0,2.377917427111808e+44,6.649958163444292e+51,27965471.33060569,0.0001539949747601471,4306.542051712225,0.00023220486134633542,6493.718392808189,27965471.33060559,0.0
0.0,15.329103198672762,443.1201957771957,1.553115955488031,inf,-1000000.0,physics_exception_no_halo,75.0,inf,inf,inf,inf,0.0,0.0,0.0,exception,3.0,inf,inf,0.0,0.0,0.0,0.0,0.0,none,1.0,0.01,2.0,0.3,1.0,0.0,severe_coverage_warn,0.0,multiple,multiple,1;2;3;4;5;6;7;8,total orbit coverage 0.495 is below 0.85 | shell_band minimum coverage 0.216 is below 0.8 | shell_band coverage gap 0.444 exceeds 0.1 | Lfrac minimum coverage 0.255 is below 0.8 | Lfrac coverage gap 0.745 exceeds 0.1 | third_integral minimum coverage 0.262 is below 0.8 | third_integral coverage gap 0.671 exceeds 0.1 | 115 planned shell-band/Lfrac/third-integral cells have no successful orbit,0.4954954954954955,1.0,0.4954954954954955,0.21621621621621623,0.25502645502645505,0.2619047619047619,0.444015444015444,0.744973544973545,0.6714285714285715,115.0,0.0,1925.0,3885.0,1.0,inverse_phase_volume,geometric_mean,1925.0,1925.0,1925.0,0.0,420.0,0.0,0.0,1.0780614254434625e+36,6.137976335984734e+44,569353117.6537428,5.56209725364488e-07,316.6797412056065,0.003157764359011343,1797882.982618999,569353117.6537485,0.0
25.0,1.4898011993924505,0.0,2.949609111078374,27.93237376484405,-27.93237376484405,pass_no_bh_halo_up,71.0,27.93237376484405,0.1538828560846497,1.0132263790625127,1.9997581356421803,1.0,1.0,82.0,none,0.0,15.131913910357621,12.80045985448643,32.0,32.0,7714.0,120.03550672424707,0.057448269948865226,nonsingular_isothermal,1.0,0.01,2.0,0.3,1.0,0.0,strict_pass,1.0,none,none,,,0.9981981981981982,1.0,0.9981981981981982,0.9864864864864865,0.9925925925925926,0.9976190476190476,0.013513513513513487,0.007407407407407418,0.0023809523809523725,0.0,0.0,3878.0,3885.0,1.0,inverse_phase_volume,geometric_mean,3878.0,3878.0,3878.0,0.0,420.0,0.0,0.0,1.3997179409651074e+45,1.7980503606904667e+53,128458049.158869,3.63937770901739e-06,467.507360652654,0.002139003755157931,274772.2495310864,128458049.15887065,0.0
7.746387484120361,1.4898011993924505,0.0,2.949609111078374,39.0477726099017,-39.0477726099017,pass_no_bh_halo_down,71.0,39.0477726099017,0.060722761592415964,1.0071358343197903,1.9972514218748414,1.0,1.0,110.0,none,0.0,10.502968172259594,28.544804437642107,32.0,32.0,7399.0,102.52941251402423,0.039129911212554054,nonsingular_isothermal,1.0,0.01,2.0,0.3,1.0,0.0,strict_pass,1.0,none,none,,,0.9979407979407979,1.0,0.9979407979407979,0.9845559845559846,0.9915343915343915,0.9976190476190476,0.015444015444015413,0.00846560846560851,0.0023809523809523725,0.0,0.0,3877.0,3885.0,1.0,inverse_phase_volume,geometric_mean,3877.0,3877.0,3877.0,0.0,420.0,0.0,0.0,1.2901835265499034e+43,1.657586504760906e+51,128476799.66845335,3.6122250351047053e-06,464.0871121925138,0.0021547678738063672,276837.68045503664,128476799.66845188,0.0
15.492774968240722,2.979602398784901,0.0,2.949609111078374,23.4655768393894,-23.4655768393894,pass_no_bh_halo_scale_up,71.0,23.4655768393894,0.21122079830104923,1.0433191711672873,1.9988723531462032,1.0,1.0,74.0,none,0.0,12.993068873690074,10.472507965699329,32.0,32.0,7740.0,131.22365806307926,0.05313965347473437,nonsingular_isothermal,1.0,0.01,2.0,0.3,1.0,0.0,strict_pass,1.0,none,none,,,1.0,1.0,1.0,1.0,1.0,1.0,0.0,0.0,0.0,0.0,0.0,3885.0,3885.0,1.0,inverse_phase_volume,geometric_mean,3885.0,3885.0,3885.0,0.0,420.0,0.0,0.0,1.2380783363458344e+44,2.506991655846075e+52,202490551.86971572,2.2607965019105603e-06,457.7899313369877,0.0021844080254877457,442321.9865896453,202490551.86971372,0.0
15.492774968240722,1.0,0.0,2.949609111078374,22.414355365075,-22.414355365075,pass_no_bh_halo_scale_down,71.0,22.414355365075,0.0693195939872524,1.0299652611012136,1.9983342996659186,1.0,1.0,87.0,none,0.0,12.740250287115582,9.674105077959407,32.0,32.0,7736.0,137.27735549825718,0.04464291416387138,nonsingular_isothermal,1.0,0.01,2.0,0.3,1.0,0.0,strict_pass,1.0,none,none,,,1.0,1.0,1.0,1.0,1.0,1.0,0.0,0.0,0.0,0.0,0.0,3885.0,3885.0,1.0,inverse_phase_volume,geometric_mean,3885.0,3885.0,3885.0,0.0,420.0,0.0,0.0,8.947236626556223e+43,2.9006815172291945e+52,324198592.0680475,1.5286616305421456e-06,495.5899483702099,0.0020177971794799023,654167.0046662624,324198592.0680479,0.0
15.492774968240722,1.4898011993924505,0.0,5.0,22.906345445491457,-22.906345445491457,pass_no_bh_ml_up,71.0,22.906345445491457,0.12643654596070064,1.009477367863597,1.9962644578005122,1.0,1.0,86.0,none,0.0,12.763518496199138,10.142826949292306,32.0,32.0,7719.0,115.02926823933275,0.05830646242017226,nonsingular_isothermal,1.0,0.01,2.0,0.3,1.0,0.0,strict_pass,1.0,none,none,,,0.9979407979407979,1.0,0.9979407979407979,0.9845559845559846,0.9915343915343915,0.9976190476190476,0.015444015444015413,0.00846560846560851,0.0023809523809523725,0.0,0.0,3877.0,3885.0,1.0,inverse_phase_volume,geometric_mean,3877.0,3877.0,3877.0,0.0,420.0,0.0,0.0,2.064372027018574e+44,2.6520045617799033e+52,128465437.7733458,3.6177455434925114e-06,464.75526499733303,0.002151670083835927,276415.23926379206,128465437.77334489,0.0
15.492774968240722,1.4898011993924505,0.0,1.474804555539187,22.845884703870652,-22.845884703870652,pass_no_bh_ml_down,71.0,22.845884703870652,0.10848200354834603,1.0109133102220824,1.994943789282892,1.0,1.0,87.0,none,0.0,12.74842000442882,10.097464699441822,32.0,32.0,7735.0,117.9253332965778,0.0563191309303551,nonsingular_isothermal,1.0,0.01,2.0,0.3,1.0,0.0,strict_pass,1.0,none,none,,,1.0,1.0,1.0,1.0,1.0,1.0,0.0,0.0,0.0,0.0,0.0,3885.0,3885.0,1.0,inverse_phase_volume,geometric_mean,3885.0,3885.0,3885.0,0.0,420.0,0.0,0.0,2.06441267195623e+44,2.6519249746957835e+52,128459053.30462968,3.6661740109337455e-06,470.95324269458604,0.0021233530409058075,272763.9214662667,128459053.3046297,0.0
20.444129742975015,3.4579344611638114,0.0,0.8304824120377954,26.89750313916226,-26.89750313916226,pass_no_bh_halo_up,72.0,26.89750313916226,0.1562289637677381,1.0641247882612006,1.9998354693305802,1.0,1.0,80.0,none,0.0,14.657263487694918,12.240239651467352,32.0,32.0,7747.0,147.92633022771153,0.04820636765915499,nonsingular_isothermal,1.0,0.01,2.0,0.3,1.0,0.0,strict_pass,1.0,none,none,,,1.0,1.0,1.0,1.0,1.0,1.0,0.0,0.0,0.0,0.0,0.0,3885.0,3885.0,1.0,inverse_phase_volume,geometric_mean,3885.0,3885.0,3885.0,0.0,420.0,0.0,0.0,9.40689273549778e+43,7.34236550481734e+52,780530373.978885,5.874475088416972e-07,458.5206237691708,0.0021809269816038235,1702279.75257186,780530373.978879,0.0
5.111032435743754,3.4579344611638114,0.0,0.8304824120377954,81.16895470416195,-81.16895470416195,pass_no_bh_halo_down,72.0,81.16895470416195,0.03473399490127349,1.0658668983784008,1.999698443772598,1.0,1.0,157.0,none,0.0,13.931460813970746,67.23749389019122,32.0,32.0,5437.0,62.93030330259581,0.04469005849128512,nonsingular_isothermal,1.0,0.01,2.0,0.3,1.0,0.0,strict_pass,1.0,none,none,,,1.0,1.0,1.0,1.0,1.0,1.0,0.0,0.0,0.0,0.0,0.0,3885.0,3885.0,1.0,inverse_phase_volume,geometric_mean,3885.0,3885.0,3885.0,0.0,420.0,0.0,0.0,3.662946952572694e+41,2.813491874442246e+50,768095173.3320004,5.878153856234147e-07,451.49816050763366,0.0022148484478334714,1701214.4024427636,768095173.332001,0.0
10.222064871487508,6.915868922327623,0.0,0.8304824120377954,26.837617539399567,-26.837617539399567,pass_no_bh_halo_scale_up,72.0,26.837617539399567,0.09040894546487266,1.0191134417905634,1.9983851977180151,1.0,1.0,90.0,none,0.0,11.03456154346089,15.80305599593867,32.0,32.0,7671.0,131.3041828341265,0.0401411180860951,nonsingular_isothermal,1.0,0.01,2.0,0.3,1.0,0.0,strict_pass,1.0,none,none,,,0.9981981981981982,1.0,0.9981981981981982,0.9864864864864865,0.9925925925925926,0.9976190476190476,0.013513513513513487,0.007407407407407418,0.0023809523809523725,0.0,0.0,3878.0,3885.0,1.0,inverse_phase_volume,geometric_mean,3878.0,3878.0,3878.0,0.0,420.0,0.0,0.0,7.022788581243899e+41,5.301670323076184e+51,7549238114.949967,9.19144660623868e-08,693.8841905134464,0.0014411626805620693,10879680.237942649,7549238114.949975,0.0
10.222064871487508,1.7289672305819057,0.0,0.8304824120377954,26.594636957987948,-26.594636957987948,pass_no_bh_halo_scale_down,72.0,26.594636957987948,0.12578238352486437,1.017206643603823,1.9953949300102785,1.0,1.0,86.0,none,0.0,10.78367301188441,15.810963946103522,32.0,32.0,7659.0,106.26620948525577,0.05235730036464248,nonsingular_isothermal,1.0,0.01,2.0,0.3,1.0,0.0,strict_pass,1.0,none,none,,,0.9979407979407979,1.0,0.9979407979407979,0.9845559845559846,0.9915343915343915,0.9976190476190476,0.015444015444015413,0.00846560846560851,0.0023809523809523725,0.0,0.0,3877.0,3885.0,1.0,inverse_phase_volume,geometric_mean,3877.0,3877.0,3877.0,0.0,420.0,0.0,0.0,1.763468445781469e+41,5.149995497830417e+51,29203785926.253033,1.6357530260172856e-08,477.7018120002966,0.002093356095537228,61133923.28148642,29203785926.253185,0.0
10.222064871487508,3.4579344611638114,0.0,1.6609648240755908,28.175179670352893,-28.175179670352893,pass_no_bh_ml_up,72.0,28.175179670352893,0.1173675684872677,1.067103552962386,1.9964645397130212,1.0,1.0,84.0,none,0.0,11.034860332885748,17.140319337467147,32.0,32.0,7695.0,121.4279339564673,0.043897995668724175,nonsingular_isothermal,1.0,0.01,2.0,0.3,1.0,0.0,strict_pass,1.0,none,none,,,1.0,1.0,1.0,1.0,1.0,1.0,0.0,0.0,0.0,0.0,0.0,3885.0,3885.0,1.0,inverse_phase_volume,geometric_mean,3885.0,3885.0,3885.0,0.0,420.0,0.0,0.0,5.870629200905676e+42,4.5940517252665295e+51,782548440.3882627,5.900211959079286e-07,461.72016665376793,0.0021658139977885657,1694854.3661405134,782548440.3882642,0.0
10.222064871487508,3.4579344611638114,0.0,0.4152412060188977,28.154179517872716,-28.154179517872716,pass_no_bh_ml_down,72.0,28.154179517872716,0.12376536686823414,1.062048410327816,1.9962983135164358,1.0,1.0,82.0,none,0.0,11.060593064127604,17.093586453745115,32.0,32.0,7670.0,125.1183739002914,0.04257110397146101,nonsingular_isothermal,1.0,0.01,2.0,0.3,1.0,0.0,strict_pass,1.0,none,none,,,0.9974259974259975,1.0,0.9974259974259975,0.9806949806949807,0.9915343915343915,0.9952380952380953,0.019305019305019266,0.00846560846560851,0.004761904761904745,0.0,0.0,3875.0,3885.0,1.0,inverse_phase_volume,geometric_mean,3875.0,3875.0,3875.0,0.0,420.0,0.0,0.0,2.4273635681908197e+43,4.5913231606669274e+51,189148556.92956477,2.4058296113065855e-06,455.05919919705286,0.0021975162830780905,415657.03377343854,189148556.92956328,0.0
25.0,89.27379616942206,0.0,0.2,22.75467010204214,-22.75467010204214,pass_no_bh_halo_up,73.0,22.75467010204214,0.2819831580294405,0.8569283093972044,1.9927300248358844,1.0,1.0,85.0,none,0.0,14.211559915261734,8.543110186780407,32.0,32.0,7008.0,105.88853165240569,0.05464411026162302,nonsingular_isothermal,1.0,0.01,2.0,0.3,1.0,0.0,strict_pass,1.0,none,none,,,1.0,1.0,1.0,1.0,1.0,1.0,0.0,0.0,0.0,0.0,0.0,3885.0,3885.0,1.0,inverse_phase_volume,geometric_mean,3885.0,3885.0,3885.0,0.0,420.0,0.0,0.0,1.519565790723956e+36,1.5203453362845925e+53,1.0005130054686643e+17,1.7028796630595466e-12,170375.32496391542,5.8693945277098935e-06,587240555920.029,1.000513005468653e+17,0.0
9.633372916469128,89.27379616942206,0.0,0.2,26.252880417453923,-26.252880417453923,pass_no_bh_halo_down,73.0,26.252880417453923,0.05520430221221062,0.8565181835844515,1.9978726437651548,1.0,1.0,133.0,none,0.0,12.746833343656155,13.506047073797763,32.0,32.0,3844.0,69.81679676309761,0.04253862868876692,nonsingular_isothermal,1.0,0.01,2.0,0.3,1.0,0.0,strict_pass,1.0,none,none,,,1.0,1.0,1.0,1.0,1.0,1.0,0.0,0.0,0.0,0.0,0.0,3885.0,3885.0,1.0,inverse_phase_volume,geometric_mean,3885.0,3885.0,3885.0,0.0,420.0,0.0,0.0,1.3912890517127942e+34,3.3520754294165477e+51,2.409330703271085e+17,6.137418245542532e-13,147870.70217801756,6.762664850242795e-06,1629349605962.2097,2.4093307032710816e+17,0.0
19.266745832938255,178.5475923388441,0.0,0.2,19.479913334040756,-19.479913334040756,pass_no_bh_halo_scale_up,73.0,19.479913334040756,0.26723084556376975,0.8207814487274854,1.9929255428394979,1.0,1.0,81.0,none,0.0,13.533135480667251,5.946777853373498,32.0,32.0,5399.0,122.236317198547,0.045742408016634976,nonsingular_isothermal,1.0,0.01,2.0,0.3,1.0,0.0,strict_pass,1.0,none,none,,,0.9992277992277993,1.0,0.9992277992277993,0.9942084942084942,0.9968253968253968,0.9976190476190476,0.00579150579150578,0.0031746031746031633,0.0023809523809523725,0.0,0.0,3882.0,3885.0,1.0,inverse_phase_volume,geometric_mean,3882.0,3882.0,3882.0,0.0,420.0,0.0,0.0,5.001694888483693e+33,4.4484636714184575e+52,8.893912504861023e+18,4.3157226066122586e-13,3838365.9258460044,2.605275315900457e-07,2317109071069.275,8.893912504860994e+18,0.0
19.266745832938255,44.63689808471103,0.0,0.2,20.836262353736167,-20.836262353736167,pass_no_bh_halo_scale_down,73.0,20.836262353736167,0.2918843985194428,0.9156655639236807,1.8539122195099025,1.0,1.0,84.0,none,0.0,12.02614822669367,8.810114127042514,32.0,32.0,7381.0,105.92023556798152,0.053279274182105284,nonsingular_isothermal,1.0,0.01,2.0,0.3,1.0,0.0,strict_pass,1.0,none,none,,,1.0,1.0,1.0,1.0,1.0,1.0,0.0,0.0,0.0,0.0,0.0,3885.0,3885.0,1.0,inverse_phase_volume,geometric_mean,3885.0,3885.0,3885.0,0.0,420.0,0.0,0.0,6.28957355798309e+36,7.160893463277508e+52,1.1385340193992148e+16,1.3502547867772945e-12,15373.110096025903,6.50486462240656e-05,740600966419.6332,1.1385340193992202e+16,0.0
19.266745832938255,89.27379616942206,0.0,0.4,19.469621897573255,-19.469621897573255,pass_no_bh_ml_up,73.0,19.469621897573255,0.29237891721957254,0.8376004564596774,1.9528474810309402,1.0,1.0,83.0,none,0.0,12.970329567551083,6.499292330022176,32.0,32.0,6690.0,98.80556694926155,0.05394387276227053,nonsingular_isothermal,1.0,0.01,2.0,0.3,1.0,0.0,strict_pass,1.0,none,none,,,1.0,1.0,1.0,1.0,1.0,1.0,0.0,0.0,0.0,0.0,0.0,3885.0,3885.0,1.0,inverse_phase_volume,geometric_mean,3885.0,3885.0,3885.0,0.0,420.0,0.0,0.0,5.736267991890313e+35,5.363189601152674e+52,9.349614782180538e+16,1.6744652650183333e-12,156556.051940633,6.387488618959335e-06,597205580128.3231,9.349614782180563e+16,0.0
19.266745832938255,89.27379616942206,0.0,0.2,19.52389544902049,-19.52389544902049,pass_no_bh_ml_down,73.0,19.52389544902049,0.29259331855297077,0.841294513048592,1.9567025437295005,1.0,1.0,83.0,none,0.0,13.009901578513388,6.513993870507106,32.0,32.0,6662.0,99.0577336327096,0.053757832324260735,nonsingular_isothermal,1.0,0.01,2.0,0.3,1.0,0.0,strict_pass,1.0,none,none,,,0.9976833976833976,1.0,0.9976833976833976,0.9826254826254827,0.9915343915343915,0.9952380952380953,0.01737451737451734,0.00846560846560851,0.004761904761904745,0.0,0.0,3876.0,3885.0,1.0,inverse_phase_volume,geometric_mean,3876.0,3876.0,3876.0,0.0,420.0,0.0,0.0,3.7749380702125905e+36,5.363124029412338e+52,1.4207184143580684e+16,1.1278198688204443e-11,160231.44557121256,6.2409722163778665e-06,88666641513.05229,1.4207184143580856e+16,0.0
25.0,26.07536514950892,0.0,2.1629344378176247,26.638089613429873,-26.638089613429873,pass_no_bh_halo_up,74.0,26.638089613429873,0.1597472209290025,1.0265086860638781,1.9948054572935583,1.0,1.0,86.0,none,0.0,14.697906506140495,11.94018310728936,32.0,32.0,7679.0,101.33407089857148,0.06408920504390037,nonsingular_isothermal,1.0,0.01,2.0,0.3,1.0,0.0,strict_pass,1.0,none,none,,,0.9994851994851995,1.0,0.9994851994851995,0.9961389961389961,0.9978835978835979,0.9976190476190476,0.0038610038610038533,0.002116402116402072,0.0023809523809523725,0.0,0.0,3883.0,3885.0,1.0,inverse_phase_volume,geometric_mean,3883.0,3883.0,3883.0,0.0,420.0,0.0,0.0,6.439121771334158e+39,1.7282425993387122e+53,26839725364917.707,1.1962095273096253e-10,3210.59351918885,0.0003114688901049822,8359739470.133491,26839725364917.816,0.0
7.213218221563499,26.07536514950892,0.0,2.1629344378176247,45.14740168796887,-45.14740168796887,pass_no_bh_halo_down,74.0,45.14740168796887,0.029069596849168988,1.0207822619573017,1.9996137458764895,1.0,1.0,196.0,none,0.0,11.65561264015836,33.491789047810514,32.0,32.0,5801.0,58.32364457402681,0.0549216634776259,nonsingular_isothermal,1.0,0.01,2.0,0.3,1.0,0.0,strict_pass,1.0,none,none,,,1.0,1.0,1.0,1.0,1.0,1.0,0.0,0.0,0.0,0.0,0.0,3885.0,3885.0,1.0,inverse_phase_volume,geometric_mean,3885.0,3885.0,3885.0,0.0,420.0,0.0,0.0,1.761247385177435e+38,1.2027035111386884e+51,6828702891260.919,4.5226263547048327e-10,3088.3671664466005,0.00032379569724236366,2211104613.9367943,6828702891260.982,0.0
14.426436443126997,52.15073029901784,0.0,2.1629344378176247,22.077631658861296,-22.077631658861296,pass_no_bh_halo_scale_up,74.0,22.077631658861296,0.0934896433641832,1.0127757302267384,1.9979907770326488,1.0,1.0,121.0,none,0.0,12.912799491017605,9.16483216784369,32.0,32.0,6687.0,102.62134749759502,0.03838505623464076,nonsingular_isothermal,1.0,0.01,2.0,0.3,1.0,0.0,strict_pass,1.0,none,none,,,1.0,1.0,1.0,1.0,1.0,1.0,0.0,0.0,0.0,0.0,0.0,3885.0,3885.0,1.0,inverse_phase_volume,geometric_mean,3885.0,3885.0,3885.0,0.0,420.0,0.0,0.0,2.6997441021109674e+36,1.5146300212797803e+52,5610272544332887.0,2.7582556273904178e-12,15474.565816600247,6.462216852166902e-05,362547977812.3751,5610272544332925.0,0.0
14.426436443126997,13.03768257475446,0.0,2.1629344378176247,20.557944519946304,-20.557944519946304,pass_no_bh_halo_scale_down,74.0,20.557944519946304,0.298943231180651,0.9877620652393695,1.9963431858670122,1.0,1.0,73.0,none,0.0,12.303568121389908,8.25437639855639,32.0,32.0,7718.0,122.77672906012398,0.045001122166085795,nonsingular_isothermal,1.0,0.01,2.0,0.3,1.0,0.0,strict_pass,1.0,none,none,,,1.0,1.0,1.0,1.0,1.0,1.0,0.0,0.0,0.0,0.0,0.0,3885.0,3885.0,1.0,inverse_phase_volume,geometric_mean,3885.0,3885.0,3885.0,0.0,420.0,0.0,0.0,1.8456019815421977e+41,2.4904716898392025e+52,134940887295.65338,1.0100396939794126e-08,1362.9565250941082,0.0007336991177550237,99006009.9579,134940887295.65205,0.0
14.426436443126997,26.07536514950892,0.0,4.3258688756352495,21.567753974738885,-21.567753974738885,pass_no_bh_ml_up,74.0,21.567753974738885,0.0698546630102328,1.0267125347743287,1.999798373775321,1.0,1.0,104.0,none,0.0,12.339436649705002,9.228317325033881,32.0,32.0,7445.0,90.46411517510714,0.06534206640279268,nonsingular_isothermal,1.0,0.01,2.0,0.3,1.0,0.0,strict_pass,1.0,none,none,,,1.0,1.0,1.0,1.0,1.0,1.0,0.0,0.0,0.0,0.0,0.0,3885.0,3885.0,1.0,inverse_phase_volume,geometric_mean,3885.0,3885.0,3885.0,0.0,420.0,0.0,0.0,1.3005581693091907e+39,1.9236893314533923e+52,14791259451895.076,2.1371326733726484e-10,3161.0883854976946,0.0003163467382271742,4679166681.878863,14791259451895.06,0.0
14.426436443126997,26.07536514950892,0.0,1.0814672189088124,21.641065984682562,-21.641065984682562,pass_no_bh_ml_down,74.0,21.641065984682562,0.08207064166876421,1.0276212357180563,1.998974996532922,1.0,1.0,101.0,none,0.0,12.358049856219253,9.28301612846331,32.0,32.0,7450.0,91.60728887949608,0.06520701984253435,nonsingular_isothermal,1.0,0.01,2.0,0.3,1.0,0.0,strict_pass,1.0,none,none,,,0.9992277992277993,1.0,0.9992277992277993,0.9942084942084942,0.9968253968253968,0.9976190476190476,0.00579150579150578,0.0031746031746031633,0.0023809523809523725,0.0,0.0,3882.0,3885.0,1.0,inverse_phase_volume,geometric_mean,3882.0,3882.0,3882.0,0.0,420.0,0.0,0.0,7.636120325144768e+38,1.9164031900162746e+52,25096555690797.64,1.268051314754627e-10,3182.372043952898,0.0003142310157921941,7886116187.604789,25096555690797.883,0.0
25.0,15.329103198672762,0.0,1.553115955488031,25.180912629514005,-25.180912629514005,pass_no_bh_halo_up,75.0,25.180912629514005,0.29107168264452454,0.9641751678134118,1.9630225846860223,1.0,1.0,76.0,none,0.0,14.1691188103563,11.011793819157697,32.0,32.0,7740.0,118.63289783583916,0.05751546607024525,nonsingular_isothermal,1.0,0.01,2.0,0.3,1.0,0.0,strict_pass,1.0,none,none,,,1.0,1.0,1.0,1.0,1.0,1.0,0.0,0.0,0.0,0.0,0.0,3885.0,3885.0,1.0,inverse_phase_volume,geometric_mean,3885.0,3885.0,3885.0,0.0,420.0,0.0,0.0,1.4447287396965142e+42,2.2268434508112697e+53,154135748090.6104,1.0813277804037707e-08,1666.7126636369376,0.0005999834415476857,92478896.60493115,154135748090.60974,0.0
10.564090383437756,15.329103198672762,0.0,1.553115955488031,23.974957967824135,-23.974957967824135,pass_no_bh_halo_down,75.0,23.974957967824135,0.1348517934529525,0.981184058026192,1.9940597587293594,1.0,1.0,89.0,none,0.0,10.930875217564797,13.044082750259335,32.0,32.0,7588.0,89.29937959806882,0.052585016139974974,nonsingular_isothermal,1.0,0.01,2.0,0.3,1.0,0.0,strict_pass,1.0,none,none,,,1.0,1.0,1.0,1.0,1.0,1.0,0.0,0.0,0.0,0.0,0.0,3885.0,3885.0,1.0,inverse_phase_volume,geometric_mean,3885.0,3885.0,3885.0,0.0,420.0,0.0,0.0,1.660755422798405e+40,6.935378481211915e+51,417603843769.2209,3.870980946327355e-09,1616.5365223437113,0.0006186064998705782,258332452.12657616,417603843769.21875,0.0
21.128180766875513,30.658206397345523,0.0,1.553115955488031,25.446114812993464,-25.446114812993464,pass_no_bh_halo_scale_up,75.0,25.446114812993464,0.14574185576729803,1.0090112430326372,1.9973022214445058,1.0,1.0,87.0,none,0.0,14.280369563385523,11.165745249607943,32.0,32.0,7677.0,135.89463930150862,0.039071574178943705,nonsingular_isothermal,1.0,0.01,2.0,0.3,1.0,0.0,strict_pass,1.0,none,none,,,1.0,1.0,1.0,1.0,1.0,1.0,0.0,0.0,0.0,0.0,0.0,3885.0,3885.0,1.0,inverse_phase_volume,geometric_mean,3885.0,3885.0,3885.0,0.0,420.0,0.0,0.0,3.992121174043601e+38,9.261820756555714e+52,232002495735229.84,2.0445005367885915e-11,4743.292270669659,0.00021082403169282667,48911701513.698524,232002495735227.7,0.0
21.128180766875513,7.664551599336381,0.0,1.553115955488031,25.934951210232065,-25.934951210232065,pass_no_bh_halo_scale_down,75.0,25.934951210232065,0.08473197192889614,1.041182122952271,1.9990774193673229,1.0,1.0,91.0,none,0.0,14.403220060475357,11.531731149756702,32.0,32.0,7740.0,126.48619860541474,0.05244603046961188,nonsingular_isothermal,1.0,0.01,2.0,0.3,1.0,0.0,strict_pass,1.0,none,none,,,1.0,1.0,1.0,1.0,1.0,1.0,0.0,0.0,0.0,0.0,0.0,3885.0,3885.0,1.0,inverse_phase_volume,geometric_mean,3885.0,3885.0,3885.0,0.0,420.0,0.0,0.0,3.485827635985982e+41,8.882765348735672e+52,254825145599.12085,2.6350497089560055e-09,671.4769257456315,0.0014892544503886933,379499482.15443546,254825145599.1195,0.0
21.128180766875513,15.329103198672762,0.0,3.106231910976062,23.849647025629213,-23.849647025629213,pass_no_bh_ml_up,75.0,23.849647025629213,0.29467732779295375,0.9736694715896157,1.9814985920646568,1.0,1.0,76.0,none,0.0,13.837908574680796,10.011738450948407,32.0,32.0,7745.0,120.38444487613629,0.05654548585832053,nonsingular_isothermal,1.0,0.01,2.0,0.3,1.0,0.0,strict_pass,1.0,none,none,,,1.0,1.0,1.0,1.0,1.0,1.0,0.0,0.0,0.0,0.0,0.0,3885.0,3885.0,1.0,inverse_phase_volume,geometric_mean,3885.0,3885.0,3885.0,0.0,420.0,0.0,0.0,5.949685658310969e+41,1.110042531825537e+53,186571626733.7495,8.726506515560995e-09,1628.1185163108796,0.0006142059008492081,114593394.07090487,186571626733.7496,0.0
21.128180766875513,15.329103198672762,0.0,0.7765579777440155,23.92638417515037,-23.92638417515037,pass_no_bh_ml_down,75.0,23.92638417515037,0.29028042662239173,0.9743413042974615,1.9838630657343441,1.0,1.0,75.0,none,0.0,13.87641638816591,10.04996778698445,32.0,32.0,7750.0,119.64558018805506,0.0564133350780428,nonsingular_isothermal,1.0,0.01,2.0,0.3,1.0,0.0,strict_pass,1.0,none,none,,,1.0,1.0,1.0,1.0,1.0,1.0,0.0,0.0,0.0,0.0,0.0,3885.0,3885.0,1.0,inverse_phase_volume,geometric_mean,3885.0,3885.0,3885.0,0.0,420.0,0.0,0.0,7.424949277630378e+41,1.135859981671153e+53,152978820352.7843,1.09239791145401e-08,1671.1374385007873,0.0005983948279544985,91541734.88568594,152978820352.78336,0.0
2.971811123178069,14.451585430131809,337.764294301634,3.5968147542158992,inf,-1000000.0,physics_exception_full,76.0,inf,inf,inf,inf,0.0,0.0,0.0,exception,3.0,inf,inf,0.0,0.0,0.0,0.0,0.0,nonsingular_isothermal,1.0,0.01,2.0,0.3,1.0,0.0,strict_pass,1.0,none,none,,,1.0,1.0,1.0,1.0,1.0,1.0,0.0,0.0,0.0,0.0,0.0,3885.0,3885.0,1.0,inverse_phase_volume,geometric_mean,3885.0,3885.0,3885.0,0.0,420.0,0.0,0.0,9.20439153239068e+38,4.707264412031139e+49,51141505611.38189,2.4764172659826822e-08,1266.477075043757,0.0007895918684240296,40380916.969708815,51141505611.38163,0.0
17.436448310691418,69.37354311072583,0.0,0.2,20.62388453123479,-20.62388453123479,pass_full,77.0,20.62388453123479,0.06581585433034931,0.9518697524966407,1.9975094914885405,1.0,1.0,107.0,none,0.0,13.269550467616382,7.3543340636184,32.0,32.0,6842.0,108.53973257550156,0.04632118573823107,nonsingular_isothermal,1.0,0.01,2.0,0.3,1.0,0.0,strict_pass,1.0,none,none,,,1.0,1.0,1.0,1.0,1.0,1.0,0.0,0.0,0.0,0.0,0.0,3885.0,3885.0,1.0,inverse_phase_volume,geometric_mean,3885.0,3885.0,3885.0,0.0,420.0,0.0,0.0,1.9359206037546565e+36,4.039605536017746e+52,2.0866586822739836e+16,3.0669581892730296e-12,63996.94933817851,1.5625744825987078e-05,326055961081.4365,2.0866586822739796e+16,0.0
11.259409895629139,49.86207301026457,765212.7668669493,0.6272153595518889,28.935691340936863,-28.935691340936863,pass_full,78.0,28.935691340936863,0.29479878559049766,1.1533015817341599,1.8753028465779347,1.0,1.0,55.0,none,0.0,13.308183558428643,15.627507782508216,32.0,32.0,7716.0,197.17267347178097,0.03719312156262214,nonsingular_isothermal,1.0,0.01,2.0,0.3,1.0,0.0,strict_pass,1.0,none,none,,,0.9951093951093951,1.0,0.9951093951093951,0.9633204633204633,0.9798941798941799,0.9785714285714285,0.03667953667953672,0.02010582010582007,0.021428571428571463,0.0,0.0,3866.0,3885.0,1.0,inverse_phase_volume,geometric_mean,3866.0,3866.0,3866.0,0.0,420.0,0.0,0.0,1.1838166774130561e+42,9.892387461286041e+51,8356350818.526608,6.449766785364083e-08,538.9651395618317,0.0018554075701686025,15504436.567678949,8356350818.526652,0.0
14.05608268013527,10.922676471424724,642266.0381087888,1.548649707860044,27.304094934608596,-27.304094934608596,pass_full,79.0,27.304094934608596,0.1980245579977833,1.164975366173201,1.999177849982366,1.0,1.0,70.0,none,0.0,13.917835237620068,13.386259696988523,32.0,32.0,7697.0,167.2278345217826,0.03997948305402527,nonsingular_isothermal,1.0,0.01,2.0,0.3,1.0,0.0,strict_pass,1.0,none,none,,,0.9994851994851995,1.0,0.9994851994851995,0.9961389961389961,0.9978835978835979,0.9976190476190476,0.0038610038610038533,0.002116402116402072,0.0023809523809523725,0.0,0.0,3883.0,3885.0,1.0,inverse_phase_volume,geometric_mean,3883.0,3883.0,3883.0,0.0,420.0,0.0,0.0,4.563920903794085e+42,2.430341102987448e+52,5325116614.021627,7.947627987686572e-08,423.22045839292815,0.002362834735818881,12582370.507896459,5325116614.021599,0.0
13.567215067539676,1.277161735455004,29796.580951690696,2.793450723417394,23.211539407558107,-23.211539407558107,pass_full,80.0,23.211539407558107,0.06738547309088716,1.0222494169314047,1.9992841484796173,1.0,1.0,110.0,none,0.0,12.347237709384682,10.864301698173417,32.0,32.0,7713.0,115.95592391647736,0.05958502262659633,nonsingular_isothermal,1.0,0.01,2.0,0.3,1.0,0.0,strict_pass,1.0,none,none,,,1.0,1.0,1.0,1.0,1.0,1.0,0.0,0.0,0.0,0.0,0.0,3885.0,3885.0,1.0,inverse_phase_volume,geometric_mean,3885.0,3885.0,3885.0,0.0,420.0,0.0,0.0,1.5886801558192337e+45,1.6056757291564663e+52,10106979.200784871,4.286557848811296e-05,433.24151020897,0.0023081814102200397,23328.74150473228,10106979.200784892,0.0
17.436448310691418,69.37354311072583,0.0,0.2,20.62388453123479,-20.62388453123479,pass_no_bh,77.0,20.62388453123479,0.06581585433034931,0.9518697524966407,1.9975094914885405,1.0,1.0,107.0,none,0.0,13.269550467616382,7.3543340636184,32.0,32.0,6842.0,108.53973257550156,0.04632118573823107,nonsingular_isothermal,1.0,0.01,2.0,0.3,1.0,0.0,strict_pass,1.0,none,none,,,1.0,1.0,1.0,1.0,1.0,1.0,0.0,0.0,0.0,0.0,0.0,3885.0,3885.0,1.0,inverse_phase_volume,geometric_mean,3885.0,3885.0,3885.0,0.0,420.0,0.0,0.0,1.9359206037546565e+36,4.039605536017746e+52,2.0866586822739836e+16,3.0669581892730296e-12,63996.94933817851,1.5625744825987078e-05,326055961081.4365,2.0866586822739796e+16,0.0
11.259409895629139,49.86207301026457,0.0,0.6272153595518889,24.19790729652064,-24.19790729652064,pass_no_bh,78.0,24.19790729652064,0.04586467841583186,1.014640291725554,1.9995698242000486,1.0,1.0,131.0,none,0.0,11.995361877122004,12.202545419398628,32.0,32.0,6601.0,69.47842730681931,0.05460222441397765,nonsingular_isothermal,1.0,0.01,2.0,0.3,1.0,0.0,strict_pass,1.0,none,none,,,1.0,1.0,1.0,1.0,1.0,1.0,0.0,0.0,0.0,0.0,0.0,3885.0,3885.0,1.0,inverse_phase_volume,geometric_mean,3885.0,3885.0,3885.0,0.0,420.0,0.0,0.0,2.544925809148085e+36,5.659110339727767e+51,2223683817966448.8,6.346970216446127e-12,14113.654963426361,7.085336878302364e-05,157555489611.2199,2223683817966464.2,0.0
14.05608268013527,10.922676471424724,0.0,1.548649707860044,20.688005251621924,-20.688005251621924,pass_no_bh,79.0,20.688005251621924,0.07084355564007794,0.9774587462114186,1.9993165894534841,1.0,1.0,89.0,none,0.0,12.136099177244974,8.551906074376951,32.0,32.0,7689.0,105.85233885403498,0.05803799335786119,nonsingular_isothermal,1.0,0.01,2.0,0.3,1.0,0.0,strict_pass,1.0,none,none,,,0.9984555984555985,1.0,0.9984555984555985,0.9884169884169884,0.9936507936507937,0.9976190476190476,0.01158301158301156,0.006349206349206327,0.0023809523809523725,0.0,0.0,3879.0,3885.0,1.0,inverse_phase_volume,geometric_mean,3879.0,3879.0,3879.0,0.0,420.0,0.0,0.0,4.374463977465104e+40,1.8738175255607538e+52,428353630345.03394,2.2588940600388305e-09,967.605471182463,0.0010334790674322554,442694510.42020535,428353630345.0326,0.0
13.567215067539676,1.277161735455004,0.0,2.793450723417394,22.46618766696121,-22.46618766696121,pass_no_bh,80.0,22.46618766696121,0.11441859339169724,1.0314747695909081,1.9980939268620743,1.0,1.0,85.0,none,0.0,12.039556730365602,10.426630936595608,32.0,32.0,7720.0,122.26532864934978,0.056987192740926465,nonsingular_isothermal,1.0,0.01,2.0,0.3,1.0,0.0,strict_pass,1.0,none,none,,,1.0,1.0,1.0,1.0,1.0,1.0,0.0,0.0,0.0,0.0,0.0,3885.0,3885.0,1.0,inverse_phase_volume,geometric_mean,3885.0,3885.0,3885.0,0.0,420.0,0.0,0.0,2.427746995311894e+42,1.4941921233598553e+52,6154645134.955241,7.196929959414977e-08,442.9454996132703,0.002257614087676896,13894813.561327029,6154645134.955244,0.0
0.0,49.86207301026457,765212.7668669493,0.6272153595518889,5.653638247391062e+23,-1000000.0,solver_failed_no_halo,78.0,5.653638247391062e+23,12280922112.0,1781841621878.9685,2519904587662.1094,0.0,0.0,435.0,stationary_constraints_unsatisfied,2.0,3.0861832986053617e+22,5.345019917530526e+23,32.0,32.0,1.0,1.0000000000156706,0.9999999999921647,none,1.0,0.01,2.0,0.3,1.0,0.0,severe_coverage_warn,0.0,multiple,multiple,1;2;3;4;5;6;7;8,Lfrac minimum coverage 0.662 is below 0.8 | Lfrac coverage gap 0.338 exceeds 0.1 | third_integral minimum coverage 0.75 is below 0.8 | third_integral coverage gap 0.25 exceeds 0.1 | 24 planned shell-band/Lfrac/third-integral cells have no successful orbit,0.9178893178893179,1.0,0.9178893178893179,0.9168399168399168,0.6624338624338625,0.75,0.0020790020790021346,0.3375661375661375,0.25,24.0,0.0,3566.0,3885.0,1.0,inverse_phase_volume,geometric_mean,3566.0,3566.0,3566.0,0.0,420.0,0.0,0.0,5.404239107722808e+43,1.6196238480431635e+51,29969507.561733823,0.00014751669421090907,4421.002682635819,0.00022619303171374602,6778.893774356615,29969507.561733846,0.0
0.0,10.922676471424724,642266.0381087888,1.548649707860044,inf,-1000000.0,physics_exception_no_halo,79.0,inf,inf,inf,inf,0.0,0.0,0.0,exception,3.0,inf,inf,0.0,0.0,0.0,0.0,0.0,none,1.0,0.01,2.0,0.3,1.0,0.0,severe_coverage_warn,0.0,multiple,multiple,1;2;3;4;5;6;7;8,Lfrac minimum coverage 0.662 is below 0.8 | Lfrac coverage gap 0.338 exceeds 0.1 | third_integral minimum coverage 0.75 is below 0.8 | third_integral coverage gap 0.25 exceeds 0.1 | 24 planned shell-band/Lfrac/third-integral cells have no successful orbit,0.9178893178893179,1.0,0.9178893178893179,0.9168399168399168,0.6624338624338625,0.75,0.0020790020790021346,0.3375661375661375,0.25,24.0,0.0,3566.0,3885.0,1.0,inverse_phase_volume,geometric_mean,3566.0,3566.0,3566.0,0.0,420.0,0.0,0.0,4.573129918263797e+43,1.1427952208097747e+51,24989345.180108957,0.000169934956780483,4246.563293154418,0.00023548453913592405,5884.604433046526,24989345.18010914,0.0
0.0,1.277161735455004,29796.580951690696,2.793450723417394,inf,-1000000.0,physics_exception_no_halo,80.0,inf,inf,inf,inf,0.0,0.0,0.0,exception,3.0,inf,inf,0.0,0.0,0.0,0.0,0.0,none,1.0,0.01,2.0,0.3,1.0,0.0,severe_coverage_warn,0.0,multiple,multiple,1;2;3;4;5;6;7;8,total orbit coverage 0.802 is below 0.85 | shell_band minimum coverage 0.719 is below 0.8 | shell_band coverage gap 0.178 exceeds 0.1 | Lfrac minimum coverage 0.46 is below 0.8 | Lfrac coverage gap 0.54 exceeds 0.1 | third_integral minimum coverage 0.593 is below 0.8 | third_integral coverage gap 0.407 exceeds 0.1 | 33 planned shell-band/Lfrac/third-integral cells have no successful orbit,0.8023166023166023,1.0,0.8023166023166023,0.7193347193347194,0.4603174603174603,0.5928571428571429,0.1783486783486783,0.5396825396825398,0.40714285714285714,33.0,0.0,3117.0,3885.0,1.0,inverse_phase_volume,geometric_mean,3117.0,3117.0,3117.0,0.0,420.0,0.0,0.0,4.3010592529926556e+41,2.4461398000539964e+48,5687296.212792196,0.0002868583608424461,1631.4484692270264,0.0006129522438877863,3486.0409752854976,5687296.212792216,0.0
25.0,69.37354311072583,0.0,0.2,24.110005568108075,-24.110005568108075,pass_no_bh_halo_up,77.0,24.110005568108075,0.09825698826350049,0.9515213147245881,1.9964686898416573,1.0,1.0,98.0,none,0.0,14.418959154827053,9.691046413281018,32.0,32.0,7231.0,113.00326627303488,0.048173989715595715,nonsingular_isothermal,1.0,0.01,2.0,0.3,1.0,0.0,strict_pass,1.0,none,none,,,0.9979407979407979,1.0,0.9979407979407979,0.9845559845559846,0.9915343915343915,0.9976190476190476,0.015444015444015413,0.00846560846560851,0.0023809523809523725,0.0,0.0,3877.0,3885.0,1.0,inverse_phase_volume,geometric_mean,3877.0,3877.0,3877.0,0.0,420.0,0.0,0.0,8.533244834795054e+36,1.707197922582184e+53,2.000643314042666e+16,3.1764429490357556e-12,63549.293484263464,1.5735816169972482e-05,314817554114.5989,2.000643314042664e+16,0.0
8.718224155345709,69.37354311072583,0.0,0.2,31.415255268859788,-31.415255268859788,pass_no_bh_halo_down,77.0,31.415255268859788,0.0322953985056067,0.954660410806656,1.9979117094238055,1.0,1.0,182.0,none,0.0,13.35909194264976,18.05616332621002,32.0,32.0,3835.0,62.83440438254444,0.05120611796960412,nonsingular_isothermal,1.0,0.01,2.0,0.3,1.0,0.0,strict_pass,1.0,none,none,,,0.9981981981981982,1.0,0.9981981981981982,0.9864864864864865,0.9925925925925926,0.9976190476190476,0.013513513513513487,0.007407407407407418,0.0023809523809523725,0.0,0.0,3878.0,3885.0,1.0,inverse_phase_volume,geometric_mean,3878.0,3878.0,3878.0,0.0,420.0,0.0,0.0,9.276599711883246e+34,2.4923493493355234e+51,2.6867057184140916e+16,2.135488407079674e-12,57374.28914907922,1.742940984247556e-05,468276950923.6162,2.6867057184140736e+16,0.0
17.436448310691418,138.74708622145167,0.0,0.2,19.289650635977797,-19.289650635977797,pass_no_bh_halo_scale_up,77.0,19.289650635977797,0.0369611396476941,0.8278346661569526,1.9976791270423342,1.0,1.0,218.0,none,0.0,13.181564294027865,6.1080863419499325,32.0,32.0,5461.0,96.51196826030858,0.04962806568729219,nonsingular_isothermal,1.0,0.01,2.0,0.3,1.0,0.0,strict_pass,1.0,none,none,,,1.0,1.0,1.0,1.0,1.0,1.0,0.0,0.0,0.0,0.0,0.0,3885.0,3885.0,1.0,inverse_phase_volume,geometric_mean,3885.0,3885.0,3885.0,0.0,420.0,0.0,0.0,1.5477083545885407e+34,3.460374106928881e+52,2.235805018865343e+18,5.662935484249432e-13,1266121.9577195495,7.898133303059764e-07,1765868607864.849,2.235805018865338e+18,0.0
17.436448310691418,34.68677155536292,0.0,0.2,23.113113342120695,-23.113113342120695,pass_no_bh_halo_scale_down,77.0,23.113113342120695,0.12851253850991995,0.9861378314476206,1.998736908795326,1.0,1.0,92.0,none,0.0,13.44246917253555,9.670644169585142,32.0,32.0,7528.0,126.6343905756694,0.04573245612286758,nonsingular_isothermal,1.0,0.01,2.0,0.3,1.0,0.0,strict_pass,1.0,none,none,,,1.0,1.0,1.0,1.0,1.0,1.0,0.0,0.0,0.0,0.0,0.0,3885.0,3885.0,1.0,inverse_phase_volume,geometric_mean,3885.0,3885.0,3885.0,0.0,420.0,0.0,0.0,2.1737488161441803e+36,4.270716627915308e+52,1.9646780696082228e+16,3.3108704480606126e-13,6504.794560618708,0.00015373275676593918,3020353757984.592,1.9646780696082444e+16,0.0
17.436448310691418,69.37354311072583,0.0,0.4,20.61921864199896,-20.61921864199896,pass_no_bh_ml_up,77.0,20.61921864199896,0.06578694115184192,0.9515259359568127,1.996973703202595,1.0,1.0,107.0,none,0.0,13.264183666486295,7.355034975512666,32.0,32.0,6875.0,108.49626757660435,0.04629329307750278,nonsingular_isothermal,1.0,0.01,2.0,0.3,1.0,0.0,strict_pass,1.0,none,none,,,1.0,1.0,1.0,1.0,1.0,1.0,0.0,0.0,0.0,0.0,0.0,3885.0,3885.0,1.0,inverse_phase_volume,geometric_mean,3885.0,3885.0,3885.0,0.0,420.0,0.0,0.0,8.697650625492775e+35,3.98842506861397e+52,4.58563494942406e+16,1.3282788502503603e-12,60910.01918288809,1.6417660237429994e-05,752853965725.2808,4.585634949424022e+16,0.0
17.436448310691418,69.37354311072583,0.0,0.2,20.62388453123479,-20.62388453123479,pass_no_bh_ml_down,77.0,20.62388453123479,0.06581585433034931,0.9518697524966407,1.9975094914885405,1.0,1.0,107.0,none,0.0,13.269550467616382,7.3543340636184,32.0,32.0,6842.0,108.53973257550156,0.04632118573823107,nonsingular_isothermal,1.0,0.01,2.0,0.3,1.0,0.0,strict_pass,1.0,none,none,,,1.0,1.0,1.0,1.0,1.0,1.0,0.0,0.0,0.0,0.0,0.0,3885.0,3885.0,1.0,inverse_phase_volume,geometric_mean,3885.0,3885.0,3885.0,0.0,420.0,0.0,0.0,1.9359206037546565e+36,4.039605536017746e+52,2.0866586822739836e+16,3.0669581892730296e-12,63996.94933817851,1.5625744825987078e-05,326055961081.4365,2.0866586822739796e+16,0.0
22.518819791258277,49.86207301026457,0.0,0.6272153595518889,25.143665283039958,-25.143665283039958,pass_no_bh_halo_up,78.0,25.143665283039958,0.13480428736433936,1.0137930348397657,1.9984410066392104,1.0,1.0,98.0,none,0.0,14.3570479967482,10.786617286291758,32.0,32.0,7388.0,111.23734267080742,0.05218737970179687,nonsingular_isothermal,1.0,0.01,2.0,0.3,1.0,0.0,strict_pass,1.0,none,none,,,0.9976833976833976,1.0,0.9976833976833976,0.9826254826254827,0.9915343915343915,0.9952380952380953,0.01737451737451734,0.00846560846560851,0.004761904761904745,0.0,0.0,3876.0,3885.0,1.0,inverse_phase_volume,geometric_mean,3876.0,3876.0,3876.0,0.0,420.0,0.0,0.0,2.321795186691131e+37,9.054460052245703e+52,3899766914905840.5,3.692360188196539e-12,14399.344099844313,6.944760768727043e-05,270829482778.17673,3899766914905826.0,0.0
5.629704947814569,49.86207301026457,0.0,0.6272153595518889,64.08595433463948,-64.08595433463948,pass_no_bh_halo_down,78.0,64.08595433463948,0.00038395435970528524,1.0154729623089656,1.9994908415877077,1.0,1.0,247.0,none,0.0,16.348108905524512,47.73784542911497,32.0,32.0,3914.0,40.92141484743023,0.07548263648150828,nonsingular_isothermal,1.0,0.01,2.0,0.3,1.0,0.0,strict_pass,1.0,none,none,,,0.9979407979407979,1.0,0.9979407979407979,0.9845559845559846,0.9915343915343915,0.9976190476190476,0.015444015444015413,0.00846560846560851,0.0023809523809523725,0.0,0.0,3877.0,3885.0,1.0,inverse_phase_volume,geometric_mean,3877.0,3877.0,3877.0,0.0,420.0,0.0,0.0,1.0969711819299925e+35,3.645420302210688e+50,3323168705122223.5,3.87541394782698e-12,12878.65435081272,7.764786388081718e-05,258036951268.32053,3323168705122206.0,0.0
11.259409895629139,99.72414602052913,0.0,0.6272153595518889,22.13329412283501,-22.13329412283501,pass_no_bh_halo_scale_up,78.0,22.13329412283501,0.01697407785496452,0.8374576059642365,1.9999790000947286,1.0,1.0,215.0,none,0.0,12.434426797183656,9.698867325651348,32.0,32.0,4347.0,73.33316654809192,0.04110915374422524,nonsingular_isothermal,1.0,0.01,2.0,0.3,1.0,0.0,strict_pass,1.0,none,none,,,1.0,1.0,1.0,1.0,1.0,1.0,0.0,0.0,0.0,0.0,0.0,3885.0,3885.0,1.0,inverse_phase_volume,geometric_mean,3885.0,3885.0,3885.0,0.0,420.0,0.0,0.0,1.3140413060837362e+34,6.678993010045577e+51,5.08278771688777e+17,4.525085843828524e-13,230000.5074487444,4.347816494373822e-06,2209902827288.539,5.0827877168877894e+17,0.0
11.259409895629139,24.931036505132283,0.0,0.6272153595518889,23.90730442371341,-23.90730442371341,pass_no_bh_halo_scale_down,78.0,23.90730442371341,0.17428409227729702,1.0174403491357087,1.9976927572104954,1.0,1.0,78.0,none,0.0,11.356053326855472,12.551251096857932,32.0,32.0,7229.0,102.12212795395111,0.051944496748615135,nonsingular_isothermal,1.0,0.01,2.0,0.3,1.0,0.0,strict_pass,1.0,none,none,,,1.0,1.0,1.0,1.0,1.0,1.0,0.0,0.0,0.0,0.0,0.0,3885.0,3885.0,1.0,inverse_phase_volume,geometric_mean,3885.0,3885.0,3885.0,0.0,420.0,0.0,0.0,3.823779159177052e+38,6.989705107319208e+51,18279573208468.246,1.5662231717392756e-10,2862.989112860756,0.00034928529609418597,6384786140.595211,18279573208468.332,0.0
11.259409895629139,49.86207301026457,0.0,1.2544307191037778,24.336041083789002,-24.336041083789002,pass_no_bh_ml_up,78.0,24.336041083789002,0.036826968012931616,1.0158064515445446,1.9998296565825182,1.0,1.0,126.0,none,0.0,11.999774742061303,12.3362663417277,32.0,32.0,6651.0,71.34729228780095,0.05345911288054321,nonsingular_isothermal,1.0,0.01,2.0,0.3,1.0,0.0,strict_pass,1.0,none,none,,,0.9971685971685972,1.0,0.9971685971685972,0.9787644787644788,0.9915343915343915,0.9952380952380953,0.021235521235521193,0.00846560846560851,0.004761904761904745,0.0,0.0,3874.0,3885.0,1.0,inverse_phase_volume,geometric_mean,3874.0,3874.0,3874.0,0.0,420.0,0.0,0.0,3.0677439315101906e+35,5.633513212671469e+51,1.83637009425953e+16,7.119910062861695e-13,13074.789913256704,7.648306448014791e-05,1404512123286.669,1.8363700942595296e+16,0.0
11.259409895629139,49.86207301026457,0.0,0.31360767977594445,24.20770622113781,-24.20770622113781,pass_no_bh_ml_down,78.0,24.20770622113781,0.04145832071807831,1.0147766293856066,1.9988628030080597,1.0,1.0,137.0,none,0.0,11.97731415192733,12.23039206921048,32.0,32.0,6529.0,70.45297606014742,0.054680773256630226,nonsingular_isothermal,1.0,0.01,2.0,0.3,1.0,0.0,strict_pass,1.0,none,none,,,0.9979407979407979,1.0,0.9979407979407979,0.9845559845559846,0.9915343915343915,0.9976190476190476,0.015444015444015413,0.00846560846560851,0.0023809523809523725,0.0,0.0,3877.0,3885.0,1.0,inverse_phase_volume,geometric_mean,3877.0,3877.0,3877.0,0.0,420.0,0.0,0.0,2.1620524475888732e+36,5.659094365948941e+51,2617463962199427.0,5.500272079902352e-12,14396.763951436023,6.946005389636563e-05,181809187886.16605,2617463962199414.5,0.0
25.0,10.922676471424724,0.0,1.548649707860044,25.323819734416855,-25.323819734416855,pass_no_bh_halo_up,79.0,25.323819734416855,0.14660444629526026,0.9767102563229378,1.9950815026385913,1.0,1.0,79.0,none,0.0,14.717079124647446,10.606740609769412,32.0,32.0,7724.0,114.41281287546552,0.05619212033976051,nonsingular_isothermal,1.0,0.01,2.0,0.3,1.0,0.0,strict_pass,1.0,none,none,,,0.9976833976833976,1.0,0.9976833976833976,0.9826254826254827,0.9915343915343915,0.9952380952380953,0.01737451737451734,0.00846560846560851,0.004761904761904745,0.0,0.0,3876.0,3885.0,1.0,inverse_phase_volume,geometric_mean,3876.0,3876.0,3876.0,0.0,420.0,0.0,0.0,4.417336528507171e+41,1.8745991122608789e+53,424373171517.0896,2.259238532454269e-09,958.7602212312307,0.001043013652272525,442627011.55051315,424373171517.0885,0.0
7.028041340067635,10.922676471424724,0.0,1.548649707860044,43.8886977767006,-43.8886977767006,pass_no_bh_halo_down,79.0,43.8886977767006,0.05128120730270069,0.9779737296166516,1.9978973292196085,1.0,1.0,127.0,none,0.0,11.409841316689258,32.47885646001134,32.0,32.0,6794.0,74.11610056276147,0.05296256118202981,nonsingular_isothermal,1.0,0.01,2.0,0.3,1.0,0.0,strict_pass,1.0,none,none,,,0.9974259974259975,1.0,0.9974259974259975,0.9806949806949807,0.9915343915343915,0.9952380952380953,0.019305019305019266,0.00846560846560851,0.004761904761904745,0.0,0.0,3875.0,3885.0,1.0,inverse_phase_volume,geometric_mean,3875.0,3875.0,3875.0,0.0,420.0,0.0,0.0,2.342469539598737e+39,1.1866511757437496e+51,506581262075.6733,1.9092977201274667e-09,967.2144487403806,0.0010338968791278051,523752785.88466495,506581262075.6748,0.0
14.05608268013527,21.84535294284945,0.0,1.548649707860044,20.71197382257448,-20.71197382257448,pass_no_bh_halo_scale_up,79.0,20.71197382257448,0.11163054922309712,0.9774267513101066,1.997738621541687,1.0,1.0,96.0,none,0.0,12.202411809892439,8.509562012682045,32.0,32.0,7678.0,108.27829795249266,0.045906517654828935,nonsingular_isothermal,1.0,0.01,2.0,0.3,1.0,0.0,strict_pass,1.0,none,none,,,1.0,1.0,1.0,1.0,1.0,1.0,0.0,0.0,0.0,0.0,0.0,3885.0,3885.0,1.0,inverse_phase_volume,geometric_mean,3885.0,3885.0,3885.0,0.0,420.0,0.0,0.0,1.0406584707708583e+39,1.8868618244962143e+52,18131422339728.215,1.3496844513172414e-10,2447.169881219728,0.0004086353005871322,7409139217.867091,18131422339728.234,0.0
14.05608268013527,5.461338235712362,0.0,1.548649707860044,23.449989100907672,-23.449989100907672,pass_no_bh_halo_scale_down,79.0,23.449989100907672,0.047132173211053896,1.0583697070004259,1.997993412042251,1.0,1.0,100.0,none,0.0,12.553351042181879,10.89663805872579,32.0,32.0,7720.0,120.61721809799113,0.05853256865335229,nonsingular_isothermal,1.0,0.01,2.0,0.3,1.0,0.0,strict_pass,1.0,none,none,,,1.0,1.0,1.0,1.0,1.0,1.0,0.0,0.0,0.0,0.0,0.0,3885.0,3885.0,1.0,inverse_phase_volume,geometric_mean,3885.0,3885.0,3885.0,0.0,420.0,0.0,0.0,1.1389878153146252e+40,1.715696490478185e+52,1506334367593.0845,3.756406485108647e-10,565.8404187168652,0.0017672827301161377,2662118713.6276517,1506334367593.073,0.0
14.05608268013527,10.922676471424724,0.0,3.097299415720088,20.652558211517213,-20.652558211517213,pass_no_bh_ml_up,79.0,20.652558211517213,0.07187977832928993,0.976307043241577,1.9967931960396539,1.0,1.0,88.0,none,0.0,12.116623218963255,8.53593499255395,32.0,32.0,7686.0,106.20383209321433,0.05778187152136276,nonsingular_isothermal,1.0,0.01,2.0,0.3,1.0,0.0,strict_pass,1.0,none,none,,,0.9979407979407979,1.0,0.9979407979407979,0.9845559845559846,0.9915343915343915,0.9976190476190476,0.015444015444015413,0.00846560846560851,0.0023809523809523725,0.0,0.0,3877.0,3885.0,1.0,inverse_phase_volume,geometric_mean,3877.0,3877.0,3877.0,0.0,420.0,0.0,0.0,4.3166232528920925e+40,1.8766603332435677e+52,434751939953.5794,2.2101458573651374e-09,960.8651990698619,0.0010407287109243017,452458826.0397288,434751939953.5801,0.0
14.05608268013527,10.922676471424724,0.0,0.774324853930022,20.74812411588434,-20.74812411588434,pass_no_bh_ml_down,79.0,20.74812411588434,0.0746830796504021,0.9794331371361054,1.999770502733035,1.0,1.0,88.0,none,0.0,12.154299571249258,8.593824544635082,32.0,32.0,7702.0,106.14386860366047,0.05779509884376893,nonsingular_isothermal,1.0,0.01,2.0,0.3,1.0,0.0,strict_pass,1.0,none,none,,,1.0,1.0,1.0,1.0,1.0,1.0,0.0,0.0,0.0,0.0,0.0,3885.0,3885.0,1.0,inverse_phase_volume,geometric_mean,3885.0,3885.0,3885.0,0.0,420.0,0.0,0.0,4.403533952982248e+40,1.873297728796204e+52,425407808546.0275,2.2837924394291115e-09,971.5431368315185,0.0010292903753726134,437868162.94477874,425407808546.02484,0.0
25.0,1.277161735455004,0.0,2.793450723417394,27.37834974194364,-27.37834974194364,pass_no_bh_halo_up,80.0,27.37834974194364,0.18315528193265962,1.0339760376782254,1.9980488348897214,1.0,1.0,79.0,none,0.0,15.008056492092086,12.370293249851548,32.0,32.0,7712.0,120.60724246757789,0.05932031666080769,nonsingular_isothermal,1.0,0.01,2.0,0.3,1.0,0.0,strict_pass,1.0,none,none,,,1.0,1.0,1.0,1.0,1.0,1.0,0.0,0.0,0.0,0.0,0.0,3885.0,3885.0,1.0,inverse_phase_volume,geometric_mean,3885.0,3885.0,3885.0,0.0,420.0,0.0,0.0,2.798944502546896e+43,1.722452160651946e+53,6153934667.459832,7.201112296064811e-08,443.1517460302431,0.0022565633757691537,13886743.58746592,6153934667.459804,0.0
6.783607533769838,1.277161735455004,0.0,2.793450723417394,48.14809929720822,-48.14809929720822,pass_no_bh_halo_down,80.0,48.14809929720822,0.0872686046027269,1.0366262585481965,1.9981107745355395,1.0,1.0,96.0,none,0.0,11.149539005918744,36.99856029128947,32.0,32.0,6872.0,85.85069705181134,0.04847187299690597,nonsingular_isothermal,1.0,0.01,2.0,0.3,1.0,0.0,strict_pass,1.0,none,none,,,1.0,1.0,1.0,1.0,1.0,1.0,0.0,0.0,0.0,0.0,0.0,3885.0,3885.0,1.0,inverse_phase_volume,geometric_mean,3885.0,3885.0,3885.0,0.0,420.0,0.0,0.0,1.517435981985252e+41,9.441953400688748e+50,6222307571.971438,7.205295241016972e-08,448.3356313646955,0.002230471838600214,13878681.810391126,6222307571.97142,0.0
13.567215067539676,2.554323470910008,0.0,2.793450723417394,22.963383589540896,-22.963383589540896,pass_no_bh_halo_scale_up,80.0,22.963383589540896,0.1817484753510641,1.035430162628101,1.9986106401145303,1.0,1.0,77.0,none,0.0,12.158471140806338,10.804912448734557,32.0,32.0,7718.0,125.44072378462246,0.05380198019535695,nonsingular_isothermal,1.0,0.01,2.0,0.3,1.0,0.0,strict_pass,1.0,none,none,,,0.9981981981981982,1.0,0.9981981981981982,0.9864864864864865,0.9925925925925926,0.9976190476190476,0.013513513513513487,0.007407407407407418,0.0023809523809523725,0.0,0.0,3878.0,3885.0,1.0,inverse_phase_volume,geometric_mean,3878.0,3878.0,3878.0,0.0,420.0,0.0,0.0,2.9581885889319556e+43,1.3379067162740838e+52,452272286.2497183,9.105170301712369e-07,411.8016189048519,0.00242835373658658,1098277.0962690664,452272286.2497214,0.0
13.567215067539676,1.0,0.0,2.793450723417394,22.38367155201419,-22.38367155201419,pass_no_bh_halo_scale_down,80.0,22.38367155201419,0.07391039094652996,1.0288552575275214,1.9968619965495764,1.0,1.0,86.0,none,0.0,12.06755831307433,10.316113238939856,32.0,32.0,7731.0,135.25329840269777,0.040097670714694146,nonsingular_isothermal,1.0,0.01,2.0,0.3,1.0,0.0,strict_pass,1.0,none,none,,,1.0,1.0,1.0,1.0,1.0,1.0,0.0,0.0,0.0,0.0,0.0,3885.0,3885.0,1.0,inverse_phase_volume,geometric_mean,3885.0,3885.0,3885.0,0.0,420.0,0.0,0.0,2.4340110923548716e+44,1.7016711735480312e+52,69912219.33593114,7.051134797834544e-06,492.96048255343027,0.002028560169407927,141821.1434997821,69912219.33593187,0.0
13.567215067539676,1.277161735455004,0.0,5.0,22.326322803940457,-22.326322803940457,pass_no_bh_ml_up,80.0,22.326322803940457,0.12093887692298111,1.0290911101116333,1.9937730984201176,1.0,1.0,84.0,none,0.0,11.929955861877122,10.396366942063338,32.0,32.0,7710.0,122.37887137539273,0.05548833205428677,nonsingular_isothermal,1.0,0.01,2.0,0.3,1.0,0.0,strict_pass,1.0,none,none,,,0.9981981981981982,1.0,0.9981981981981982,0.9864864864864865,0.9925925925925926,0.9976190476190476,0.013513513513513487,0.007407407407407418,0.0023809523809523725,0.0,0.0,3878.0,3885.0,1.0,inverse_phase_volume,geometric_mean,3878.0,3878.0,3878.0,0.0,420.0,0.0,0.0,2.4277866428063432e+42,1.4927331406323315e+52,6148535107.297738,7.114939074246274e-08,437.4645268428739,0.0022858996298897043,14054934.126135657,6148535107.297696,0.0
13.567215067539676,1.277161735455004,0.0,1.396725361708697,22.421972630546524,-22.421972630546524,pass_no_bh_ml_down,80.0,22.421972630546524,0.12006978740669894,1.033851186415787,1.9979115759651123,1.0,1.0,80.0,none,0.0,12.011693611695112,10.410279018851405,32.0,32.0,7730.0,114.12310570901973,0.05995414825989602,nonsingular_isothermal,1.0,0.01,2.0,0.3,1.0,0.0,strict_pass,1.0,none,none,,,1.0,1.0,1.0,1.0,1.0,1.0,0.0,0.0,0.0,0.0,0.0,3885.0,3885.0,1.0,inverse_phase_volume,geometric_mean,3885.0,3885.0,3885.0,0.0,420.0,0.0,0.0,2.4277218985195448e+42,1.493940104705132e+52,6153670672.148055,7.194225278181907e-08,442.7089310317363,0.002258820479789041,13900037.340125045,6153670672.147978,0.0
4.219092783946399,1.109878270267656,0.0,2.661455274482319,108.4521293476223,-108.4521293476223,pass_full,81.0,108.4521293476223,0.008725076732687853,1.0342060816775067,1.999303115447525,1.0,1.0,260.0,none,0.0,18.91228588588088,89.53984346174138,32.0,32.0,4042.0,54.63494598964046,0.0512638580915673,nonsingular_isothermal,1.0,0.01,2.0,0.3,1.0,0.0,strict_pass,1.0,none,none,,,0.9979407979407979,1.0,0.9979407979407979,0.9845559845559846,0.9915343915343915,0.9976190476190476,0.015444015444015413,0.00846560846560851,0.0023809523809523725,0.0,0.0,3877.0,3885.0,1.0,inverse_phase_volume,geometric_mean,3877.0,3877.0,3877.0,0.0,420.0,0.0,0.0,1.42718912419279e+42,1.5888215802096991e+50,111325230.36204661,4.451270193386162e-06,495.5386796824274,0.0020180059418184334,224654.97634491647,111325230.36204688,0.0
2.5821416994395885,2.419953378146513,141554.09787904882,0.3426620703788096,157.40252965881916,-157.40252965881916,pass_full,82.0,157.40252965881916,0.29333888769662053,0.9480138361377333,1.3406940243831966,1.0,1.0,91.0,none,0.0,15.138145242665063,142.26438441615412,32.0,32.0,7384.0,77.96343357475541,0.04501732292357724,nonsingular_isothermal,1.0,0.01,2.0,0.3,1.0,0.0,strict_pass,1.0,none,none,,,0.9953667953667954,1.0,0.9953667953667954,0.9652509652509652,0.9809523809523809,0.9738095238095238,0.03474903474903479,0.01904761904761909,0.02619047619047621,0.0,0.0,3867.0,3885.0,1.0,inverse_phase_volume,geometric_mean,3867.0,3867.0,3867.0,0.0,420.0,0.0,0.0,4.574371162613402e+40,5.487894519118084e+49,1199704685.9622939,1.0887401030914439e-07,130.61666034738712,0.007655991183210528,9184928.498183643,1199704685.9622893,0.0
23.650996828347516,2.732169819788753,1620817.1006735328,0.7846343249521417,31.044846773344975,-31.044846773344975,pass_full,83.0,31.044846773344975,0.298772467774576,1.096126084494295,1.8187337234372358,1.0,1.0,78.0,none,0.0,15.428648125158857,15.616198648186106,32.0,32.0,7533.0,145.26947128369116,0.04284837685423314,nonsingular_isothermal,1.0,0.01,2.0,0.3,1.0,0.0,strict_pass,1.0,none,none,,,0.9997425997425997,1.0,0.9997425997425997,0.9980694980694981,0.9989417989417989,0.9976190476190476,0.0019305019305019266,0.0010582010582010914,0.0023809523809523725,0.0,0.0,3884.0,3885.0,1.0,inverse_phase_volume,geometric_mean,3884.0,3884.0,3884.0,0.0,420.0,0.0,0.0,1.8254992577831398e+44,2.4633041439325045e+53,1349386549.1481524,3.168068887763638e-07,427.4949543923008,0.0023392088952758176,3156497.0189329027,1349386549.1481547,0.0
0.31367620352762415,1.0,0.0,1.2556003621140543,inf,-1000000.0,physics_exception_full,84.0,inf,inf,inf,inf,0.0,0.0,0.0,exception,3.0,inf,inf,0.0,0.0,0.0,0.0,0.0,nonsingular_isothermal,1.0,0.01,2.0,0.3,1.0,0.0,severe_coverage_warn,0.0,multiple,multiple,2;3;4;5;6;7;8,shell_band coverage gap 0.103 exceeds 0.1 | Lfrac minimum coverage 0.763 is below 0.8 | Lfrac coverage gap 0.237 exceeds 0.1 | third_integral minimum coverage 0.764 is below 0.8 | third_integral coverage gap 0.236 exceeds 0.1 | 12 planned shell-band/Lfrac/third-integral cells have no successful orbit,0.9137709137709138,1.0,0.9137709137709138,0.8814968814968815,0.762962962962963,0.7642857142857142,0.10305910305910304,0.23703703703703705,0.23571428571428577,12.0,0.0,3550.0,3885.0,1.0,inverse_phase_volume,geometric_mean,3550.0,3550.0,3550.0,0.0,420.0,0.0,0.0,1.3670244268807114e+37,6.594940635501653e+45,482430343.2931369,1.175930732761232e-06,567.3046670949569,0.0017627212642560852,850390.224645184,482430343.2931417,0.0
22.047200430142475,72.28054585472641,28396.82999077763,2.755377698770785,22.59363551557998,-22.59363551557998,pass_full,85.0,22.59363551557998,0.09519063695684338,0.9447474817169043,1.9990163539583483,1.0,1.0,101.0,none,0.0,14.254417407520087,8.339218108059896,32.0,32.0,7154.0,113.87242787439416,0.04128314302091728,nonsingular_isothermal,1.0,0.01,2.0,0.3,1.0,0.0,strict_pass,1.0,none,none,,,0.9987129987129987,1.0,0.9987129987129987,0.9903474903474904,0.9968253968253968,0.9976190476190476,0.009652509652509633,0.0031746031746031633,0.0023809523809523725,0.0,0.0,3880.0,3885.0,1.0,inverse_phase_volume,geometric_mean,3880.0,3880.0,3880.0,0.0,420.0,0.0,0.0,1.3119625809008754e+41,8.438867522802871e+52,643224711257.2538,1.063216471056774e-08,6838.871075994514,0.00014622296412490553,94054223.87842236,643224711257.2554,0.0
4.219092783946399,1.109878270267656,0.0,2.661455274482319,108.45431212310635,-108.45431212310635,pass_no_bh,81.0,108.45431212310635,0.008728559771356004,1.0342320959682731,1.9996451971148914,1.0,1.0,260.0,none,0.0,18.911707851107284,89.54260427199905,32.0,32.0,4046.0,54.63341155628597,0.05126453537115349,nonsingular_isothermal,1.0,0.01,2.0,0.3,1.0,0.0,strict_pass,1.0,none,none,,,0.9997425997425997,1.0,0.9997425997425997,0.9980694980694981,0.9989417989417989,0.9976190476190476,0.0019305019305019266,0.0010582010582010914,0.0023809523809523725,0.0,0.0,3884.0,3885.0,1.0,inverse_phase_volume,geometric_mean,3884.0,3884.0,3884.0,0.0,420.0,0.0,0.0,1.42718912419279e+42,1.5888215802096991e+50,111325230.36204661,4.487305627798296e-06,499.5503327195546,0.002001800288183164,222850.87822080255,111325230.36204687,0.0
23.650996828347516,2.732169819788753,0.0,0.7846343249521417,27.522688687628882,-27.522688687628882,pass_no_bh,83.0,27.522688687628882,0.23612580014930273,1.0362239158440907,1.99228948168451,1.0,1.0,75.0,none,0.0,15.001019939205015,12.521668748423885,32.0,32.0,7747.0,139.70572350379143,0.05260254825196533,nonsingular_isothermal,1.0,0.01,2.0,0.3,1.0,0.0,strict_pass,1.0,none,none,,,1.0,1.0,1.0,1.0,1.0,1.0,0.0,0.0,0.0,0.0,0.0,3885.0,3885.0,1.0,inverse_phase_volume,geometric_mean,3885.0,3885.0,3885.0,0.0,420.0,0.0,0.0,2.940386975742458e+45,1.3662046840529337e+53,46463431.35525426,9.818265574239866e-06,456.19030853634956,0.0021920676114501876,101850.98299069186,46463431.35525422,0.0
22.047200430142475,72.28054585472641,0.0,2.755377698770785,22.644878874621124,-22.644878874621124,pass_no_bh,85.0,22.644878874621124,0.10834230001891854,0.9568176996630021,1.9994925052995745,1.0,1.0,112.0,none,0.0,14.084913193747647,8.55996568087349,32.0,32.0,7152.0,125.03499101840869,0.049297596287902715,nonsingular_isothermal,1.0,0.01,2.0,0.3,1.0,0.0,strict_pass,1.0,none,none,,,0.9963963963963964,1.0,0.9963963963963964,0.972972972972973,0.9915343915343915,0.9952380952380953,0.027027027027026973,0.00846560846560851,0.004761904761904745,0.0,0.0,3871.0,3885.0,1.0,inverse_phase_volume,geometric_mean,3871.0,3871.0,3871.0,0.0,420.0,0.0,0.0,1.3102234849155916e+35,1.211339456381668e+53,9.245288840626345e+17,8.06711638908427e-14,74582.82112803476,1.3407913308660195e-05,12396003128864.166,9.245288840626353e+17,0.0
0.0,1.109878270267656,0.0,2.661455274482319,inf,-1000000.0,physics_exception_no_halo,81.0,inf,inf,inf,inf,0.0,0.0,0.0,exception,3.0,inf,inf,0.0,0.0,0.0,0.0,0.0,none,1.0,0.01,2.0,0.3,1.0,0.0,severe_coverage_warn,0.0,multiple,multiple,1;2;3;4;5;6;7;8,total orbit coverage 0.37 is below 0.85 | shell_band minimum coverage 0.125 is below 0.8 | shell_band coverage gap 0.632 exceeds 0.1 | Lfrac minimum coverage 0.19 is below 0.8 | Lfrac coverage gap 0.81 exceeds 0.1 | third_integral minimum coverage 0.198 is below 0.8 | third_integral coverage gap 0.483 exceeds 0.1 | 142 planned shell-band/Lfrac/third-integral cells have no successful orbit,0.3698841698841699,1.0,0.3698841698841699,0.12474012474012475,0.19047619047619047,0.1976190476190476,0.632016632016632,0.8095238095238095,0.4833333333333334,142.0,0.0,1437.0,3885.0,1.0,inverse_phase_volume,geometric_mean,1437.0,1437.0,1437.0,0.0,399.0,1.0,9.0,3.7534521176032436e+28,1.1840133992108497e+44,3154465175292813.5,2.9858352213947892e-12,9418.713225052517,0.00010617161560245127,334914664022.5058,3154465175292796.0,0.0
0.0,2.732169819788753,1620817.1006735328,0.7846343249521417,inf,-1000000.0,physics_exception_no_halo,83.0,inf,inf,inf,inf,0.0,0.0,0.0,exception,3.0,inf,inf,0.0,0.0,0.0,0.0,0.0,none,1.0,0.01,2.0,0.3,1.0,0.0,severe_coverage_warn,0.0,multiple,multiple,1;2;3;4;5;6;7;8,Lfrac minimum coverage 0.667 is below 0.8 | Lfrac coverage gap 0.333 exceeds 0.1 | third_integral minimum coverage 0.75 is below 0.8 | third_integral coverage gap 0.25 exceeds 0.1 | 24 planned shell-band/Lfrac/third-integral cells have no successful orbit,0.918918918918919,1.0,0.918918918918919,0.918918918918919,0.6666666666666666,0.75,0.0,0.33333333333333337,0.25,24.0,0.0,3570.0,3885.0,1.0,inverse_phase_volume,geometric_mean,3570.0,3570.0,3570.0,0.0,420.0,0.0,0.0,2.3128934277147017e+44,7.268800937253696e+51,31427305.94567763,0.00014074985954139215,4423.388897618446,0.00022607101097043498,7104.802827216441,31427305.94567735,0.0
0.0,72.28054585472641,28396.82999077763,2.755377698770785,inf,-1000000.0,physics_exception_no_halo,85.0,inf,inf,inf,inf,0.0,0.0,0.0,exception,3.0,inf,inf,0.0,0.0,0.0,0.0,0.0,none,1.0,0.01,2.0,0.3,1.0,0.0,severe_coverage_warn,0.0,multiple,multiple,1;2;3;4;5;6;7;8,total orbit coverage 0.801 is below 0.85 | shell_band minimum coverage 0.717 is below 0.8 | shell_band coverage gap 0.184 exceeds 0.1 | Lfrac minimum coverage 0.462 is below 0.8 | Lfrac coverage gap 0.538 exceeds 0.1 | third_integral minimum coverage 0.586 is below 0.8 | third_integral coverage gap 0.414 exceeds 0.1 | 33 planned shell-band/Lfrac/third-integral cells have no successful orbit,0.8005148005148005,1.0,0.8005148005148005,0.7172557172557172,0.4624338624338624,0.5857142857142857,0.18428868428868428,0.5375661375661376,0.41428571428571426,33.0,0.0,3110.0,3885.0,1.0,inverse_phase_volume,geometric_mean,3110.0,3110.0,3110.0,0.0,420.0,0.0,0.0,3.906631630701789e+41,2.232462964598554e+48,5714546.8926577885,0.00028098832938341987,1605.720984551131,0.0006227732025807357,3558.8666696382957,5714546.89265781,0.0
8.438185567892798,1.109878270267656,0.0,2.661455274482319,33.9747589811625,-33.9747589811625,pass_no_bh_halo_up,81.0,33.9747589811625,0.12203373352350866,1.037253962622021,1.9997360969537934,1.0,1.0,95.0,none,0.0,10.56465665891412,23.41010232224838,32.0,32.0,7493.0,103.21777341967552,0.04836675069566761,nonsingular_isothermal,1.0,0.01,2.0,0.3,1.0,0.0,strict_pass,1.0,none,none,,,0.9974259974259975,1.0,0.9974259974259975,0.9806949806949807,0.9915343915343915,0.9952380952380953,0.019305019305019266,0.00846560846560851,0.004761904761904745,0.0,0.0,3875.0,3885.0,1.0,inverse_phase_volume,geometric_mean,3875.0,3875.0,3875.0,0.0,420.0,0.0,0.0,2.2835172311228853e+43,2.5208560301926586e+51,110393562.87025106,4.418014504689153e-06,487.72036198508306,0.0020503552403058887,226346.02012705684,110393562.87025106,0.0
2.1095463919731996,1.109878270267656,0.0,2.661455274482319,239.892030148756,-239.892030148756,pass_no_bh_halo_down,81.0,239.892030148756,0.0704838179043179,1.0373133435494808,1.9997935321071387,1.0,1.0,197.0,none,0.0,42.91112349085375,196.98090665790224,32.0,32.0,3058.0,47.65639076722033,0.08233897919640003,nonsingular_isothermal,1.0,0.01,2.0,0.3,1.0,0.0,strict_pass,1.0,none,none,,,1.0,1.0,1.0,1.0,1.0,1.0,0.0,0.0,0.0,0.0,0.0,3885.0,3885.0,1.0,inverse_phase_volume,geometric_mean,3885.0,3885.0,3885.0,0.0,420.0,0.0,0.0,8.919703043996056e+40,1.043214069566056e+49,116956143.54204921,4.609589838864928e-06,539.119850864256,0.0018548751235869223,216939.04120680757,116956143.54204878,0.0
4.219092783946399,2.219756540535312,0.0,2.661455274482319,107.79343244625774,-107.79343244625774,pass_no_bh_halo_scale_up,81.0,107.79343244625774,0.006558251882779587,1.013466771708176,1.999674653255076,1.0,1.0,305.0,none,0.0,18.654030267062858,89.13940217919487,32.0,32.0,3771.0,49.97081390558141,0.05594910026838692,nonsingular_isothermal,1.0,0.01,2.0,0.3,1.0,0.0,strict_pass,1.0,none,none,,,1.0,1.0,1.0,1.0,1.0,1.0,0.0,0.0,0.0,0.0,0.0,3885.0,3885.0,1.0,inverse_phase_volume,geometric_mean,3885.0,3885.0,3885.0,0.0,420.0,0.0,0.0,4.452727024144775e+39,1.5417079162341512e+50,34623903685.86009,1.4620247400429779e-08,506.2100378559291,0.0019754645803460084,68398295.3647285,34623903685.86023,0.0
4.219092783946399,1.0,0.0,2.661455274482319,108.97727186010621,-108.97727186010621,pass_no_bh_halo_scale_down,81.0,108.97727186010621,0.01136286897153127,1.0396249143818586,1.9994537477327352,1.0,1.0,287.0,none,0.0,18.727503499263413,90.2497683608428,32.0,32.0,4224.0,63.727699181790875,0.046410982656929826,nonsingular_isothermal,1.0,0.01,2.0,0.3,1.0,0.0,strict_pass,1.0,none,none,,,0.9979407979407979,1.0,0.9979407979407979,0.9845559845559846,0.9915343915343915,0.9976190476190476,0.015444015444015413,0.00846560846560851,0.0023809523809523725,0.0,0.0,3877.0,3885.0,1.0,inverse_phase_volume,geometric_mean,3877.0,3877.0,3877.0,0.0,420.0,0.0,0.0,2.2763464068566882e+42,1.6372986109533972e+50,71926601.59374753,7.009532135561783e-06,504.17182527312394,0.00198345077981752,142662.87402074295,71926601.5937477,0.0
4.219092783946399,1.109878270267656,0.0,5.0,104.76351093617957,-104.76351093617957,pass_no_bh_ml_up,81.0,104.76351093617957,0.016883532183896932,1.0336119796977468,1.999082068601257,1.0,1.0,215.0,none,0.0,18.2410343426851,86.52247659349446,32.0,32.0,4887.0,35.81056345769141,0.07395181992832728,nonsingular_isothermal,1.0,0.01,2.0,0.3,1.0,0.0,strict_pass,1.0,none,none,,,1.0,1.0,1.0,1.0,1.0,1.0,0.0,0.0,0.0,0.0,0.0,3885.0,3885.0,1.0,inverse_phase_volume,geometric_mean,3885.0,3885.0,3885.0,0.0,420.0,0.0,0.0,1.4271784028150106e+42,1.6210440586980535e+50,113583841.76082376,4.502504954173972e-06,511.41181024221754,0.0019553713464817613,222098.5896024316,113583841.7608229,0.0
4.219092783946399,1.109878270267656,0.0,1.3307276372411594,108.4957318128093,-108.4957318128093,pass_no_bh_ml_down,81.0,108.4957318128093,0.013968927278511956,1.034815931443812,1.9998094210547326,1.0,1.0,210.0,none,0.0,18.56509364545751,89.9306381673518,32.0,32.0,4151.0,50.168761941905444,0.05182781342884657,nonsingular_isothermal,1.0,0.01,2.0,0.3,1.0,0.0,strict_pass,1.0,none,none,,,0.9979407979407979,1.0,0.9979407979407979,0.9845559845559846,0.9915343915343915,0.9976190476190476,0.015444015444015413,0.00846560846560851,0.0023809523809523725,0.0,0.0,3877.0,3885.0,1.0,inverse_phase_volume,geometric_mean,3877.0,3877.0,3877.0,0.0,420.0,0.0,0.0,1.4271952216554968e+42,1.572493871598119e+50,110180713.03336349,4.458234329092848e-06,491.211437249267,0.002035783217100758,224304.04644151533,110180713.03336307,0.0
25.0,2.732169819788753,0.0,0.7846343249521417,28.235713333125435,-28.235713333125435,pass_no_bh_halo_up,83.0,28.235713333125435,0.24754241588547288,1.0371312461118094,1.993829742393838,1.0,1.0,74.0,none,0.0,15.275614875401335,12.960098457724106,32.0,32.0,7738.0,140.9458719556751,0.05210615775773958,nonsingular_isothermal,1.0,0.01,2.0,0.3,1.0,0.0,strict_pass,1.0,none,none,,,0.9984555984555985,1.0,0.9984555984555985,0.9884169884169884,0.9936507936507937,0.9976190476190476,0.01158301158301156,0.006349206349206327,0.0023809523809523725,0.0,0.0,3879.0,3885.0,1.0,inverse_phase_volume,geometric_mean,3879.0,3879.0,3879.0,0.0,420.0,0.0,0.0,3.6708477697712663e+45,1.7055687835868261e+53,46462531.01618271,9.780056969576234e-06,454.40620028897104,0.00220067419714799,102248.89314150177,46462531.01618285,0.0
11.825498414173758,2.732169819788753,0.0,0.7846343249521417,24.439513299470395,-24.439513299470395,pass_no_bh_halo_down,83.0,24.439513299470395,0.15728780210980275,1.037781752353791,1.9951942268903455,1.0,1.0,82.0,none,0.0,11.49342950808627,12.946083791384128,32.0,32.0,7699.0,127.12971545855666,0.05186528576051612,nonsingular_isothermal,1.0,0.01,2.0,0.3,1.0,0.0,strict_pass,1.0,none,none,,,0.9979407979407979,1.0,0.9979407979407979,0.9845559845559846,0.9915343915343915,0.9976190476190476,0.015444015444015413,0.00846560846560851,0.0023809523809523725,0.0,0.0,3877.0,3885.0,1.0,inverse_phase_volume,geometric_mean,3877.0,3877.0,3877.0,0.0,420.0,0.0,0.0,1.837784296209614e+44,8.605871817624245e+51,46827431.46392995,9.787185412175345e-06,458.30875411341464,0.002181935193305377,102174.42072324401,46827431.46392982,0.0
23.650996828347516,5.464339639577506,0.0,0.7846343249521417,28.46195025247277,-28.46195025247277,pass_no_bh_halo_scale_up,83.0,28.46195025247277,0.06337824962115235,1.0583993837924297,1.997866450349968,1.0,1.0,91.0,none,0.0,15.153821674176601,13.308128578296177,32.0,32.0,7752.0,124.92695603141337,0.05770835314727224,nonsingular_isothermal,1.0,0.01,2.0,0.3,1.0,0.0,strict_pass,1.0,none,none,,,1.0,1.0,1.0,1.0,1.0,1.0,0.0,0.0,0.0,0.0,0.0,3885.0,3885.0,1.0,inverse_phase_volume,geometric_mean,3885.0,3885.0,3885.0,0.0,420.0,0.0,0.0,9.712999178691012e+41,1.3600219270995503e+53,140020801204.56015,3.986929791931267e-09,558.2531038125402,0.001791302176683996,250819565.97876292,140020801204.5586,0.0
23.650996828347516,1.3660849098943766,0.0,0.7846343249521417,26.97794708166689,-26.97794708166689,pass_no_bh_halo_scale_down,83.0,26.97794708166689,0.17717889129755804,1.0286518408793102,1.9941026591581672,1.0,1.0,81.0,none,0.0,14.746682002777021,12.231265078889859,32.0,32.0,7727.0,118.53543248692249,0.06001193022156569,nonsingular_isothermal,1.0,0.01,2.0,0.3,1.0,0.0,strict_pass,1.0,none,none,,,0.9979407979407979,1.0,0.9979407979407979,0.9845559845559846,0.9915343915343915,0.9976190476190476,0.015444015444015413,0.00846560846560851,0.0023809523809523725,0.0,0.0,3877.0,3885.0,1.0,inverse_phase_volume,geometric_mean,3877.0,3877.0,3877.0,0.0,420.0,0.0,0.0,8.086316724799504e+44,1.2687553790475452e+53,156901519.22400782,2.558279634784137e-06,401.3979612974681,0.0024912931714142906,390887.68342729594,156901519.2240067,0.0
23.650996828347516,2.732169819788753,0.0,1.5692686499042834,27.630517535596873,-27.630517535596873,pass_no_bh_ml_up,83.0,27.630517535596873,0.24699475900510492,1.0378340088797078,1.9962418039834846,1.0,1.0,76.0,none,0.0,15.05733164552146,12.57318589007541,32.0,32.0,7730.0,142.49903695677796,0.0512648282115474,nonsingular_isothermal,1.0,0.01,2.0,0.3,1.0,0.0,strict_pass,1.0,none,none,,,0.9979407979407979,1.0,0.9979407979407979,0.9845559845559846,0.9915343915343915,0.9976190476190476,0.015444015444015413,0.00846560846560851,0.0023809523809523725,0.0,0.0,3877.0,3885.0,1.0,inverse_phase_volume,geometric_mean,3877.0,3877.0,3877.0,0.0,420.0,0.0,0.0,2.9404096092037756e+45,1.3716198887477418e+53,46647238.68587678,9.78777475671008e-06,456.57266527985155,0.0021902318645971946,102168.26856527758,46647238.68587646,0.0
23.650996828347516,2.732169819788753,0.0,0.39231716247607085,27.599025606677223,-27.599025606677223,pass_no_bh_ml_down,83.0,27.599025606677223,0.231469052734397,1.0375373004624941,1.9943283284463826,1.0,1.0,75.0,none,0.0,15.035683376289203,12.563342230388024,32.0,32.0,7734.0,141.40931139610115,0.052070061147370256,nonsingular_isothermal,1.0,0.01,2.0,0.3,1.0,0.0,strict_pass,1.0,none,none,,,0.9979407979407979,1.0,0.9979407979407979,0.9845559845559846,0.9915343915343915,0.9976190476190476,0.015444015444015413,0.00846560846560851,0.0023809523809523725,0.0,0.0,3877.0,3885.0,1.0,inverse_phase_volume,geometric_mean,3877.0,3877.0,3877.0,0.0,420.0,0.0,0.0,2.940375659352897e+45,1.3658170635935785e+53,46450427.49041667,9.753749496040922e-06,453.0658337255413,0.0022071847523284682,102524.67529598778,46450427.490417115,0.0
25.0,72.28054585472641,0.0,2.755377698770785,24.008973910437152,-24.008973910437152,pass_no_bh_halo_up,85.0,24.008973910437152,0.11400292474976226,0.9553443878804271,1.9960269803744328,1.0,1.0,113.0,none,0.0,14.442722717508827,9.566251192928322,32.0,32.0,7233.0,122.92838108161521,0.04960194815041277,nonsingular_isothermal,1.0,0.01,2.0,0.3,1.0,0.0,strict_pass,1.0,none,none,,,1.0,1.0,1.0,1.0,1.0,1.0,0.0,0.0,0.0,0.0,0.0,3885.0,3885.0,1.0,inverse_phase_volume,geometric_mean,3885.0,3885.0,3885.0,0.0,420.0,0.0,0.0,2.2178799436775294e+35,2.0026757704225896e+53,9.029685200642089e+17,8.802471026650913e-14,79483.54235843055,1.2581220845574623e-05,11360446367529.496,9.029685200642092e+17,0.0
11.023600215071237,72.28054585472641,0.0,2.755377698770785,23.507967955304384,-23.507967955304384,pass_no_bh_halo_down,85.0,23.507967955304384,0.04175412938423406,0.9537776763876,1.9977874165561564,1.0,1.0,171.0,none,0.0,12.355543016949325,11.152424938355052,32.0,32.0,5442.0,84.56395782967904,0.039870652749178864,nonsingular_isothermal,1.0,0.01,2.0,0.3,1.0,0.0,strict_pass,1.0,none,none,,,0.9976833976833976,1.0,0.9976833976833976,0.9826254826254827,0.9915343915343915,0.9952380952380953,0.01737451737451734,0.00846560846560851,0.004761904761904745,0.0,0.0,3876.0,3885.0,1.0,inverse_phase_volume,geometric_mean,3876.0,3876.0,3876.0,0.0,420.0,0.0,0.0,2.7876754456052313e+35,7.585698016449242e+51,2.721155372806433e+16,2.2387334909935857e-12,60919.416672988795,1.6415127632753458e-05,446681127531.70276,2.7211553728064244e+16,0.0
22.047200430142475,144.56109170945282,0.0,2.755377698770785,20.431379051627903,-20.431379051627903,pass_no_bh_halo_scale_up,85.0,20.431379051627903,0.14179595457898486,0.8264285186994601,1.9923143588024148,1.0,1.0,111.0,none,0.0,13.91917992670467,6.512199124923235,32.0,32.0,6563.0,121.03382277841744,0.048930958383641775,nonsingular_isothermal,1.0,0.01,2.0,0.3,1.0,0.0,strict_pass,1.0,none,none,,,0.9997425997425997,1.0,0.9997425997425997,0.9980694980694981,0.9989417989417989,0.9976190476190476,0.0019305019305019266,0.0010582010582010914,0.0023809523809523725,0.0,0.0,3884.0,3885.0,1.0,inverse_phase_volume,geometric_mean,3884.0,3884.0,3884.0,0.0,420.0,0.0,0.0,1.9087402523715583e+34,8.784899803040833e+52,4.6024595500230226e+18,1.7943765057041368e-13,825854.5285014987,1.2108670056147608e-06,5572966413799.466,4.6024595500230467e+18,0.0
22.047200430142475,36.140272927363206,0.0,2.755377698770785,25.475648477400963,-25.475648477400963,pass_no_bh_halo_scale_down,85.0,25.475648477400963,0.08075517508812524,0.979339415760382,1.9984952441564034,1.0,1.0,119.0,none,0.0,14.289498333521122,11.18615014387983,32.0,32.0,7555.0,121.14179605223609,0.053261550438055735,nonsingular_isothermal,1.0,0.01,2.0,0.3,1.0,0.0,strict_pass,1.0,none,none,,,0.9976833976833976,1.0,0.9976833976833976,0.9826254826254827,0.9915343915343915,0.9952380952380953,0.01737451737451734,0.00846560846560851,0.004761904761904745,0.0,0.0,3876.0,3885.0,1.0,inverse_phase_volume,geometric_mean,3876.0,3876.0,3876.0,0.0,420.0,0.0,0.0,1.9177628677390006e+38,1.0984562123791413e+53,572779998433381.1,1.2402706000343015e-11,7104.021923446172,0.0001407653313540027,80627566272.4202,572779998433382.2,0.0
22.047200430142475,72.28054585472641,0.0,5.0,22.6099387229268,-22.6099387229268,pass_no_bh_ml_up,85.0,22.6099387229268,0.10582925269909893,0.9566020330625279,1.9965683425183192,1.0,1.0,113.0,none,0.0,14.053764979043937,8.55617374388286,32.0,32.0,7172.0,125.4472261912587,0.04861231150253718,nonsingular_isothermal,1.0,0.01,2.0,0.3,1.0,0.0,strict_pass,1.0,none,none,,,0.9979407979407979,1.0,0.9979407979407979,0.9845559845559846,0.9915343915343915,0.9976190476190476,0.015444015444015413,0.00846560846560851,0.0023809523809523725,0.0,0.0,3877.0,3885.0,1.0,inverse_phase_volume,geometric_mean,3877.0,3877.0,3877.0,0.0,420.0,0.0,0.0,1.3943555351035922e+36,1.211352038485535e+53,8.687540645044586e+16,8.18064141409634e-13,71069.65478749678,1.4070702932075155e-05,1222398036267.506,8.687540645044563e+16,0.0
22.047200430142475,72.28054585472641,0.0,1.3776888493853925,22.578722702929372,-22.578722702929372,pass_no_bh_ml_down,85.0,22.578722702929372,0.10903601252606165,0.9575597680659628,1.9976925566419719,1.0,1.0,112.0,none,0.0,14.071631981507704,8.507090721421667,32.0,32.0,7156.0,124.41954535950154,0.04981899020178212,nonsingular_isothermal,1.0,0.01,2.0,0.3,1.0,0.0,strict_pass,1.0,none,none,,,0.9994851994851995,1.0,0.9994851994851995,0.9961389961389961,0.9978835978835979,0.9976190476190476,0.0038610038610038533,0.002116402116402072,0.0023809523809523725,0.0,0.0,3883.0,3885.0,1.0,inverse_phase_volume,geometric_mean,3883.0,3883.0,3883.0,0.0,420.0,0.0,0.0,7.122380976065694e+34,1.2098250236328097e+53,1.698624417450217e+18,4.845229745127148e-14,82302.25553229095,1.2150335291936856e-05,20638856207091.13,1.698624417450223e+18,0.0
19.211067775661714,8.559608349651374,0.0,0.9778335129182985,23.98388141689894,-23.98388141689894,pass_full,86.0,23.98388141689894,0.053390421078535866,1.0607222164555985,1.9974950760271757,1.0,1.0,112.0,none,0.0,13.831655478423574,10.152225938475365,32.0,32.0,7696.0,117.59420437364622,0.059421130614582214,nonsingular_isothermal,1.0,0.01,2.0,0.3,1.0,0.0,strict_pass,1.0,none,none,,,0.9987129987129987,1.0,0.9987129987129987,0.9903474903474904,0.9947089947089947,0.9976190476190476,0.009652509652509633,0.005291005291005346,0.0023809523809523725,0.0,0.0,3880.0,3885.0,1.0,inverse_phase_volume,geometric_mean,3880.0,3880.0,3880.0,0.0,420.0,0.0,0.0,3.802993334173387e+38,6.179614200431623e+52,162493427082874.84,4.595343342906307e-12,746.7130884113153,0.0013392024534183142,217611596213.73447,162493427082873.75,0.0
8.647632969664249,12.12129126080702,79728.96951471499,0.897094922275163,34.3338654526795,-34.3338654526795,pass_full,87.0,34.3338654526795,0.06997939551720833,1.0610601738343595,1.998702533732845,1.0,1.0,102.0,none,0.0,10.773141942617311,23.560723510062193,32.0,32.0,7508.0,103.31021336868524,0.046476124029115676,nonsingular_isothermal,1.0,0.01,2.0,0.3,1.0,0.0,strict_pass,1.0,none,none,,,1.0,1.0,1.0,1.0,1.0,1.0,0.0,0.0,0.0,0.0,0.0,3885.0,3885.0,1.0,inverse_phase_volume,geometric_mean,3885.0,3885.0,3885.0,0.0,420.0,0.0,0.0,2.4712540373685674e+42,2.3314618886016462e+51,943432707.9882996,4.4439318467169446e-07,419.2550656263597,0.0023851828683477388,2250259.532532599,943432707.9882962,0.0
3.476942711436326,1.0,189.6320255983046,1.1064885353962008,142.07851168815452,-142.07851168815452,pass_full,88.0,142.07851168815452,0.03730117507240038,1.0185569779069479,1.9983623146262057,1.0,1.0,172.0,none,0.0,25.457407563868035,116.62110412428645,32.0,32.0,4282.0,50.32195638355323,0.052931072936438936,nonsingular_isothermal,1.0,0.01,2.0,0.3,1.0,0.0,strict_pass,1.0,none,none,,,1.0,1.0,1.0,1.0,1.0,1.0,0.0,0.0,0.0,0.0,0.0,3885.0,3885.0,1.0,inverse_phase_volume,geometric_mean,3885.0,3885.0,3885.0,0.0,420.0,0.0,0.0,3.385114194949172e+42,7.645694920401858e+49,22586224.511450075,2.2905083975274412e-05,517.3393691191635,0.0019329671385779667,43658.42976517704,22586224.51145,0.0
10.525449053012442,2.192223117081798,41287.28327296757,3.4095202563729,26.607425520508354,-26.607425520508354,pass_full,89.0,26.607425520508354,0.1048252286604594,1.0258633786993334,1.9979111453687073,1.0,1.0,87.0,none,0.0,11.435382652847917,15.172042867660439,32.0,32.0,7697.0,138.98760235767756,0.045300097675800705,nonsingular_isothermal,1.0,0.01,2.0,0.3,1.0,0.0,strict_pass,1.0,none,none,,,0.998970398970399,1.0,0.998970398970399,0.9922779922779923,0.9957671957671957,0.9976190476190476,0.007722007722007707,0.004232804232804255,0.0023809523809523725,0.0,0.0,3881.0,3885.0,1.0,inverse_phase_volume,geometric_mean,3881.0,3881.0,3881.0,0.0,420.0,0.0,0.0,3.250675723846267e+41,4.212618085774882e+51,12959207388.396235,2.2565930360885262e-08,292.43657145882,0.003419544946145071,44314592.131036334,12959207388.39627,0.0
15.802151442694964,54.94082209425868,0.0,0.2,21.432904391072032,-21.432904391072032,pass_full,90.0,21.432904391072032,0.13148630504590386,0.9916387156979541,1.9945705295508962,1.0,1.0,107.0,none,0.0,13.061177898043596,8.371726493028442,32.0,32.0,6789.0,121.07868774959618,0.03731191243986967,nonsingular_isothermal,1.0,0.01,2.0,0.3,1.0,0.0,strict_pass,1.0,none,none,,,1.0,1.0,1.0,1.0,1.0,1.0,0.0,0.0,0.0,0.0,0.0,3885.0,3885.0,1.0,inverse_phase_volume,geometric_mean,3885.0,3885.0,3885.0,0.0,420.0,0.0,0.0,1.0002915863185641e+36,2.0581949747788078e+52,2.0575950082252636e+16,9.651811086968695e-13,19859.51831288013,5.035368855605314e-05,1036074982186.6499,2.057595008225273e+16,0.0
