v0,r_c,MBH,ML,chi2,reward,status,proposal_id,chi2_losvd,delta_chi2_iteration,max_light_relative_residual,max_light_sigma_residual,light_constraint_ok,solver_converged,solver_iterations,solver_failure_reason,julia_status_code,chi2_inner,chi2_outer,N_inner,N_outer,N_nonzero_weights,effective_N_orbits,max_weight_fraction,halo_type,alphat,light_rel_tol,light_sigma_tol,delta_chi2_iter_tol,halo_q_axis_ratio,karl_halo_params_active,coverage_status,coverage_strict,coverage_issue_region,coverage_issue_axis,coverage_issue_shell_bands,coverage_reasons,coverage_fraction,coverage_attempted_fraction,coverage_success_fraction,coverage_shell_min,coverage_lfrac_min,coverage_theta_min,coverage_shell_gap,coverage_lfrac_gap,coverage_theta_gap,coverage_joint_holes,coverage_deadline_hit,successful_base_orbits,planned_base_orbits,phase_volume_valid,phase_volume_convention,phase_volume_normalization,phase_volume_launches_recorded,phase_volume_sos_recorded,phase_volume_valid_base_orbits,phase_volume_invalid_recorded_orbits,phase_volume_nested_groups,phase_volume_duplicate_area_clusters,phase_volume_duplicate_area_orbits,raw_phase_volume_min,raw_phase_volume_max,raw_phase_volume_dynamic_range,normalized_phase_volume_min,normalized_phase_volume_max,wphase_min,wphase_max,wphase_dynamic_range,wphase_pair_max_relative_mismatch
9.23,14.24,450400.0,0.415,,,todo,,,,,,,,,,,,,,,,,,,,,,,,,,,,,,,,,,,,,,,,,,,,,,,,,,,,,,,,,,,,,,
13.320825619743976,27.64513174995341,370858.67274967243,1.433594982833482,52.75513036619138,-52.75513036619138,pass_full,1.0,52.75513036619138,0.0010591630471239455,0.0099801759204098,0.002311128000605334,1.0,1.0,717.0,none,0.0,34.22899881069521,18.526131555496164,32.0,32.0,579.0,35.83681288693148,0.07764647706347264,nonsingular_isothermal,1.0,0.01,2.0,0.3,1.0,0.0,strict_pass,1.0,none,none,,,0.9992277992277993,1.0,0.9992277992277993,0.9942084942084942,0.9968253968253968,0.9928571428571429,0.00579150579150578,0.0031746031746031633,0.0071428571428571175,0.0,0.0,3882.0,3885.0,1.0,inverse_phase_volume,geometric_mean,3882.0,3882.0,3882.0,0.0,420.0,0.0,0.0,3.5719848497726184e+43,2.0130892125327307e+52,563577197.8878572,1.3784291873243688e-06,776.8512588791041,0.001287247704847477,725463.4544855166,563577197.8878572,0.0
18.817340221802777,242.97601456714318,259268.31022653444,3.288536761231384,54.50459990558888,-54.50459990558888,pass_full,2.0,54.50459990558888,0.0011386067850622794,0.0099793663980786,0.005115803508695678,1.0,1.0,662.0,none,0.0,37.09224935880988,17.412350546779013,32.0,32.0,478.0,41.6636445564197,0.08467225414204976,nonsingular_isothermal,1.0,0.01,2.0,0.3,1.0,0.0,strict_pass,1.0,none,none,,,0.9958815958815959,1.0,0.9958815958815959,0.9691119691119691,0.9830687830687831,0.9857142857142858,0.030888030888030937,0.016931216931216908,0.014285714285714235,0.0,0.0,3869.0,3885.0,1.0,inverse_phase_volume,geometric_mean,3869.0,3869.0,3869.0,0.0,420.0,0.0,0.0,5.582985345790326e+41,2.668830551169859e+52,47802929541.669075,1.6175385265295274e-07,7732.3080214625315,0.00012932749151020687,6182232.964463153,47802929541.66852,0.0
18.090679229426684,104.90274594299399,1252.5944097273095,0.21705875459895463,52.32733586824891,-52.32733586824891,pass_full,3.0,52.32733586824891,0.0008417205185651255,0.009955435030237174,0.00341416960755359,1.0,1.0,695.0,none,0.0,33.78568317019861,18.541652698050306,32.0,32.0,464.0,42.950234632293345,0.05432909635967661,nonsingular_isothermal,1.0,0.01,2.0,0.3,1.0,0.0,strict_pass,1.0,none,none,,,0.9979407979407979,1.0,0.9979407979407979,0.9845559845559846,0.9915343915343915,0.9976190476190476,0.015444015444015413,0.00846560846560851,0.0023809523809523725,0.0,0.0,3877.0,3885.0,1.0,inverse_phase_volume,geometric_mean,3877.0,3877.0,3877.0,0.0,420.0,0.0,0.0,6.121960983343722e+39,4.2602455004163495e+52,6958955654907.601,4.405009390696794e-09,30654.265009310675,3.262188800469586e-05,227014272.0040417,6958955654907.631,0.0
5.77024038703296,1.0791361400607162,3649.594835077095,4.00528833790022,67.46167459876966,-67.46167459876966,pass_full,4.0,67.46167459876966,0.0012995597295883954,0.009975151743398025,0.0023099645425396133,1.0,1.0,716.0,none,0.0,38.24841961996302,29.213254978806642,32.0,32.0,496.0,27.369502756781273,0.11701831817411368,nonsingular_isothermal,1.0,0.01,2.0,0.3,1.0,0.0,strict_pass,1.0,none,none,,,1.0,1.0,1.0,1.0,1.0,1.0,0.0,0.0,0.0,0.0,0.0,3885.0,3885.0,1.0,inverse_phase_volume,geometric_mean,3885.0,3885.0,3885.0,0.0,420.0,0.0,0.0,7.093519892388244e+43,6.255348962152242e+50,8818399.126313288,5.865194736261374e-05,517.2162813790454,0.0019334271483753686,17049.732276023722,8818399.126313278,0.0
15.304300641327911,267.62842029855915,28163.621046058284,4.905241297652682,61.43236113510781,-61.43236113510781,pass_full,5.0,61.43236113510781,0.0013805160171997954,0.009993698425878288,0.005685622644986746,1.0,1.0,654.0,none,0.0,40.190680724206466,21.241680410901356,32.0,32.0,479.0,47.81757613657688,0.05693846401973607,nonsingular_isothermal,1.0,0.01,2.0,0.3,1.0,0.0,strict_pass,1.0,none,none,,,0.9979407979407979,1.0,0.9979407979407979,0.9845559845559846,0.9947089947089947,0.9952380952380953,0.015444015444015413,0.005291005291005346,0.004761904761904745,0.0,0.0,3877.0,3885.0,1.0,inverse_phase_volume,geometric_mean,3877.0,3877.0,3877.0,0.0,420.0,0.0,0.0,8.416836597009011e+40,7.252201660967995e+51,86163032599.98088,3.030255682782769e-07,26109.601918188848,3.830008604242126e-05,3300051.5622552084,86163032599.9807,0.0
13.551629497470048,4.50760539329497,107589.14169809424,0.8400170235881779,54.116651563198914,-54.116651563198914,pass_full,6.0,54.116651563198914,0.000979465481456998,0.009934521534126948,0.0023005557290010858,1.0,1.0,716.0,none,0.0,36.869089334543624,17.247562228655294,32.0,32.0,685.0,38.02756158252611,0.05940528297142732,nonsingular_isothermal,1.0,0.01,2.0,0.3,1.0,0.0,strict_pass,1.0,none,none,,,1.0,1.0,1.0,1.0,1.0,1.0,0.0,0.0,0.0,0.0,0.0,3885.0,3885.0,1.0,inverse_phase_volume,geometric_mean,3885.0,3885.0,3885.0,0.0,420.0,0.0,0.0,1.81938250421728e+43,1.307540234263493e+52,718672533.8034469,4.889407530605689e-07,351.38828988180364,0.0028458546536549913,2045237.5747785585,718672533.8034451,0.0
21.906463973562662,19.787971165644112,1635415.6220747812,4.172633458415789,54.11067815620821,-54.11067815620821,pass_full,7.0,54.11067815620821,0.0007084885132329077,0.009970840823951582,0.0023089662548620733,1.0,1.0,718.0,none,0.0,38.34250046848567,15.768177687722542,32.0,32.0,506.0,50.502786836532366,0.05820152613957392,nonsingular_isothermal,1.0,0.01,2.0,0.3,1.0,0.0,strict_pass,1.0,none,none,,,0.9981981981981982,1.0,0.9981981981981982,0.9864864864864865,0.9947089947089947,0.9952380952380953,0.013513513513513487,0.005291005291005346,0.004761904761904745,0.0,0.0,3878.0,3885.0,1.0,inverse_phase_volume,geometric_mean,3878.0,3878.0,3878.0,0.0,420.0,0.0,0.0,1.6058943860868153e+42,1.3330622381137466e+53,83010579628.59587,5.076033973188049e-09,421.3645223287853,0.002373242043428879,197004197.62398496,83010579628.59604,0.0
24.49926175379099,219.09667054020719,42366.264033103675,4.064877351752146,54.28338459652931,-54.28338459652931,pass_full,8.0,54.28338459652931,0.0010097303646574574,0.009949983055233362,0.0050933791629815175,1.0,1.0,665.0,none,0.0,38.85442899395498,15.428955602574343,32.0,32.0,578.0,51.28654120113068,0.05766049845055682,nonsingular_isothermal,1.0,0.01,2.0,0.3,1.0,0.0,strict_pass,1.0,none,none,,,0.9997425997425997,1.0,0.9997425997425997,0.9980694980694981,0.9989417989417989,0.9976190476190476,0.0019305019305019266,0.0010582010582010914,0.0023809523809523725,0.0,0.0,3884.0,3885.0,1.0,inverse_phase_volume,geometric_mean,3884.0,3884.0,3884.0,0.0,420.0,0.0,0.0,1.5808576888564115e+41,9.774551408762606e+52,618306851885.7944,7.750029525189126e-08,47918.96357741637,2.086856487170119e-05,12903176.649196014,618306851885.7932,0.0
18.68078541842375,304.0490742108145,3932645.9209644324,3.093423297240227,49.522210924356536,-49.522210924356536,pass_full,9.0,49.522210924356536,0.00036151073533119416,0.009918114720600255,0.0009087514826913475,1.0,1.0,853.0,none,0.0,34.843507335130994,14.678703589225552,32.0,32.0,439.0,34.26087860986297,0.08053570322325442,nonsingular_isothermal,1.0,0.01,2.0,0.3,1.0,0.0,strict_pass,1.0,none,none,,,0.9817245817245818,1.0,0.9817245817245818,0.9517374517374517,0.9248677248677248,0.9380952380952381,0.04826254826254828,0.07513227513227516,0.06190476190476191,0.0,0.0,3814.0,3885.0,1.0,inverse_phase_volume,geometric_mean,3814.0,3814.0,3814.0,0.0,420.0,0.0,0.0,9.602349475250518e+44,4.084480796498775e+52,42536264.76547516,1.4636619995011412e-05,622.5871433794568,0.0016062008517746021,68321.7846976166,42536264.765475415,0.0
0.8879614337541419,31.57437244782867,63367.329010275906,2.7589842413478003,133.49118923783496,-133.49118923783496,pass_full,10.0,133.49118923783496,0.00041766710518231775,0.00990149130303745,0.0009072283549817819,1.0,1.0,910.0,none,0.0,46.45244197321572,87.0387472646192,32.0,32.0,301.0,18.642951872912032,0.18336469949392453,nonsingular_isothermal,1.0,0.01,2.0,0.3,1.0,0.0,severe_coverage_warn,0.0,multiple,multiple,1;2;3;4;5;7,shell_band coverage gap 0.127 exceeds 0.1 | Lfrac minimum coverage 0.704 is below 0.8 | Lfrac coverage gap 0.296 exceeds 0.1 | third_integral minimum coverage 0.75 is below 0.8 | third_integral coverage gap 0.25 exceeds 0.1 | 13 planned shell-band/Lfrac/third-integral cells have no successful orbit,0.9181467181467181,1.0,0.9181467181467181,0.8627858627858628,0.7037037037037037,0.75,0.12681912681912688,0.2962962962962963,0.25,13.0,0.0,3567.0,3885.0,1.0,inverse_phase_volume,geometric_mean,3567.0,3567.0,3567.0,0.0,420.0,0.0,0.0,9.072128323765832e+40,1.0957201171635488e+49,120778727.77583423,4.219131916932064e-06,509.58138524547115,0.001962395073592197,237015.58038203,120778727.77583416,0.0
16.56283474479602,17.25330576657638,424949.8899769385,3.9641771259789103,53.42546722862219,-53.42546722862219,pass_full,11.0,53.42546722862219,0.0008246015684534314,0.009920362771701802,0.0022972769579097108,1.0,1.0,717.0,none,0.0,36.811399506056866,16.61406772256531,32.0,32.0,698.0,37.806325063733226,0.07576081870461583,nonsingular_isothermal,1.0,0.01,2.0,0.3,1.0,0.0,strict_pass,1.0,none,none,,,0.9981981981981982,1.0,0.9981981981981982,0.9864864864864865,0.9947089947089947,0.9952380952380953,0.013513513513513487,0.005291005291005346,0.004761904761904745,0.0,0.0,3878.0,3885.0,1.0,inverse_phase_volume,geometric_mean,3878.0,3878.0,3878.0,0.0,420.0,0.0,0.0,9.99793713596824e+43,3.9020904581143715e+52,390289557.2403974,1.3373132552513145e-06,521.9393982837483,0.0019159312427615546,747767.956440449,390289557.2403961,0.0
3.532242688902809,183.48091582874252,28107.608484462955,1.9791982936941332,82.48852122052133,-82.48852122052133,pass_full,12.0,82.48852122052133,0.0011796898704261594,0.009943810494988435,0.004102145774887691,1.0,1.0,680.0,none,0.0,41.022763900926925,41.4657573195944,32.0,32.0,429.0,31.567519038770264,0.07466921472567532,nonsingular_isothermal,1.0,0.01,2.0,0.3,1.0,0.0,strict_pass,1.0,none,none,,,0.9933075933075933,1.0,0.9933075933075933,0.9594594594594594,0.9756613756613757,0.969047619047619,0.04054054054054057,0.024338624338624326,0.030952380952380953,0.0,0.0,3859.0,3885.0,1.0,inverse_phase_volume,geometric_mean,3859.0,3859.0,3859.0,0.0,420.0,0.0,0.0,3.020263581844782e+40,3.7018961795654993e+49,1225686460.5520208,1.4349884407772031e-06,1758.8459029092717,0.000568554640486651,696869.7249285093,1225686460.5520198,0.0
13.320825619743976,27.64513174995341,0.0,1.433594982833482,54.85509846333933,-54.85509846333933,pass_no_bh,1.0,54.85509846333933,0.0008804545397893548,0.00992404039405334,0.0024764850435590046,1.0,1.0,714.0,none,0.0,37.82511224416716,17.029986219172162,32.0,32.0,593.0,43.82680321887481,0.055213192738931764,nonsingular_isothermal,1.0,0.01,2.0,0.3,1.0,0.0,strict_pass,1.0,none,none,,,0.998970398970399,1.0,0.998970398970399,0.9922779922779923,0.9957671957671957,0.9976190476190476,0.007722007722007707,0.004232804232804255,0.0023809523809523725,0.0,0.0,3881.0,3885.0,1.0,inverse_phase_volume,geometric_mean,3881.0,3881.0,3881.0,0.0,420.0,0.0,0.0,1.130032590837979e+39,1.3780418728355733e+52,12194709108466.352,2.883993539129312e-10,3516.946228037851,0.00028433758583733384,3467414147.889886,12194709108466.414,0.0
18.817340221802777,242.97601456714318,0.0,3.288536761231384,44.345398680693194,-44.345398680693194,pass_no_bh,2.0,44.345398680693194,0.0017606671660317375,0.009933577203025935,0.005298984664772057,1.0,1.0,660.0,none,0.0,25.98820153343093,18.35719714726226,32.0,32.0,1272.0,44.64586500258675,0.055368818313995816,nonsingular_isothermal,1.0,0.01,2.0,0.3,1.0,0.0,strict_pass,1.0,none,none,,,1.0,1.0,1.0,1.0,1.0,1.0,0.0,0.0,0.0,0.0,0.0,3885.0,3885.0,1.0,inverse_phase_volume,geometric_mean,3885.0,3885.0,3885.0,0.0,420.0,0.0,0.0,8.512614268432596e+34,2.5963859670272494e+52,3.0500453622754304e+17,6.085959100737956e-12,1856245.1330203728,5.387219512181879e-07,164312638886.90027,3.0500453622754266e+17,0.0
18.090679229426684,104.90274594299399,0.0,0.21705875459895463,51.85336391484503,-51.85336391484503,pass_no_bh,3.0,51.85336391484503,0.0008279765421832508,0.009935141380820814,0.0034823826296398997,1.0,1.0,695.0,none,0.0,33.84010571063227,18.013258204212786,32.0,32.0,462.0,43.221161435929865,0.053641514769007276,nonsingular_isothermal,1.0,0.01,2.0,0.3,1.0,0.0,strict_pass,1.0,none,none,,,0.9979407979407979,1.0,0.9979407979407979,0.9845559845559846,0.9915343915343915,0.9976190476190476,0.015444015444015413,0.00846560846560851,0.0023809523809523725,0.0,0.0,3877.0,3885.0,1.0,inverse_phase_volume,geometric_mean,3877.0,3877.0,3877.0,0.0,420.0,0.0,0.0,1.55386355970606e+34,4.2770560743402166e+52,2.7525300066559867e+18,1.2229700553870745e-13,336626.17746946466,2.97065429527004e-06,8176815087132.255,2.7525300066559785e+18,0.0
5.77024038703296,1.0791361400607162,0.0,4.00528833790022,67.1277439056045,-67.1277439056045,pass_no_bh,4.0,67.1277439056045,0.0013709659321108347,0.009986342364072812,0.0023394430847795598,1.0,1.0,714.0,none,0.0,38.34369045176093,28.78405345384358,32.0,32.0,455.0,32.95548149849834,0.07984798177571024,nonsingular_isothermal,1.0,0.01,2.0,0.3,1.0,0.0,strict_pass,1.0,none,none,,,0.9979407979407979,1.0,0.9979407979407979,0.9845559845559846,0.9915343915343915,0.9976190476190476,0.015444015444015413,0.00846560846560851,0.0023809523809523725,0.0,0.0,3877.0,3885.0,1.0,inverse_phase_volume,geometric_mean,3877.0,3877.0,3877.0,0.0,420.0,0.0,0.0,6.096941224847184e+40,5.548796831124243e+50,9100951815.823547,5.3367929767322587e-08,485.6989573226578,0.002058888504748598,18737845.07586997,9100951815.823542,0.0
15.304300641327911,267.62842029855915,0.0,4.905241297652682,44.78757360211665,-44.78757360211665,pass_no_bh,5.0,44.78757360211665,0.0020210395331616837,0.009948993217723214,0.005569010119911658,1.0,1.0,656.0,none,0.0,26.084889940069825,18.702683662046805,32.0,32.0,1419.0,42.46469256398948,0.058508985603386805,nonsingular_isothermal,1.0,0.01,2.0,0.3,1.0,0.0,strict_pass,1.0,none,none,,,0.9984555984555985,1.0,0.9984555984555985,0.9884169884169884,0.9936507936507937,0.9976190476190476,0.01158301158301156,0.006349206349206327,0.0023809523809523725,0.0,0.0,3879.0,3885.0,1.0,inverse_phase_volume,geometric_mean,3879.0,3879.0,3879.0,0.0,420.0,0.0,0.0,2.66314912397649e+34,1.0302327334278434e+52,3.868475573345093e+17,2.9893636893732198e-12,1156428.0412185001,8.647317120971265e-07,334519350574.4596,3.868475573345071e+17,0.0
13.551629497470048,4.50760539329497,0.0,0.8400170235881779,53.45045901783725,-53.45045901783725,pass_no_bh,6.0,53.45045901783725,0.0009805081029696794,0.009927416274581533,0.002351158012008735,1.0,1.0,715.0,none,0.0,36.84959991364358,16.600859104193646,32.0,32.0,526.0,37.99700957501355,0.06210417877358583,nonsingular_isothermal,1.0,0.01,2.0,0.3,1.0,0.0,strict_pass,1.0,none,none,,,1.0,1.0,1.0,1.0,1.0,1.0,0.0,0.0,0.0,0.0,0.0,3885.0,3885.0,1.0,inverse_phase_volume,geometric_mean,3885.0,3885.0,3885.0,0.0,420.0,0.0,0.0,3.3872743492492484e+42,1.3350526121036812e+52,3941377268.1258626,1.1927081771998145e-07,470.0912897123203,0.0021272463921038947,8384280.573541082,3941377268.12588,0.0
21.906463973562662,19.787971165644112,0.0,4.172633458415789,51.803361926639276,-51.803361926639276,pass_no_bh,7.0,51.803361926639276,0.0006492200136705151,0.009919904131613363,0.002409448080710429,1.0,1.0,715.0,none,0.0,37.41070753220733,14.392654394431945,32.0,32.0,568.0,44.80633461396226,0.05849500966505087,nonsingular_isothermal,1.0,0.01,2.0,0.3,1.0,0.0,strict_pass,1.0,none,none,,,1.0,1.0,1.0,1.0,1.0,1.0,0.0,0.0,0.0,0.0,0.0,3885.0,3885.0,1.0,inverse_phase_volume,geometric_mean,3885.0,3885.0,3885.0,0.0,420.0,0.0,0.0,1.3023939320384742e+40,1.211023890936826e+53,9298445433029.328,2.4307200779466414e-10,2260.1918007755435,0.0004424403272575665,4114007240.3760834,9298445433029.244,0.0
24.49926175379099,219.09667054020719,0.0,4.064877351752146,42.8604019903019,-42.8604019903019,pass_no_bh,8.0,42.8604019903019,0.0012269813221976733,0.009916077936325988,0.00497856810627453,1.0,1.0,666.0,none,0.0,27.481860767019437,15.378541223282452,32.0,32.0,409.0,52.99527635271529,0.05393128810431275,nonsingular_isothermal,1.0,0.01,2.0,0.3,1.0,0.0,strict_pass,1.0,none,none,,,1.0,1.0,1.0,1.0,1.0,1.0,0.0,0.0,0.0,0.0,0.0,3885.0,3885.0,1.0,inverse_phase_volume,geometric_mean,3885.0,3885.0,3885.0,0.0,420.0,0.0,0.0,4.266769723246704e+34,1.0307967355055126e+53,2.415871496156466e+18,9.77408531416575e-13,2361293.411149446,4.2349671382567124e-07,1023113639647.3671,2.4158714961564564e+18,0.0
18.68078541842375,304.0490742108145,0.0,3.093423297240227,41.55135004507292,-41.55135004507292,pass_no_bh,9.0,41.55135004507292,0.0020332107985367998,0.009932821238347787,0.005729719325502519,1.0,1.0,651.0,none,0.0,24.153408604082813,17.3979414409901,32.0,32.0,1477.0,44.2472022917423,0.06026230251964083,nonsingular_isothermal,1.0,0.01,2.0,0.3,1.0,0.0,strict_pass,1.0,none,none,,,1.0,1.0,1.0,1.0,1.0,1.0,0.0,0.0,0.0,0.0,0.0,3885.0,3885.0,1.0,inverse_phase_volume,geometric_mean,3885.0,3885.0,3885.0,0.0,420.0,0.0,0.0,3.518265166305354e+33,1.7808257539189508e+52,5.06165871456771e+18,5.314345419133738e-13,2689940.28029813,3.7175546510243286e-07,1881699289623.9036,5.061658714567716e+18,0.0
0.8879614337541419,31.57437244782867,0.0,2.7589842413478003,131.2174757929957,-131.2174757929957,pass_no_bh,10.0,131.2174757929957,6.490118559554503e-05,0.009975345440525587,0.0025120800392719076,1.0,1.0,714.0,none,0.0,57.6430867138371,73.57438907915862,32.0,32.0,543.0,33.51756844363567,0.057436223267796606,nonsingular_isothermal,1.0,0.01,2.0,0.3,1.0,0.0,severe_coverage_warn,0.0,multiple,multiple,1;2;3;4,shell_band coverage gap 0.158 exceeds 0.1 | Lfrac coverage gap 0.18 exceeds 0.1 | third_integral coverage gap 0.164 exceeds 0.1 | 5 planned shell-band/Lfrac/third-integral cells have no successful orbit,0.9323037323037323,1.0,0.9323037323037323,0.841995841995842,0.8201058201058201,0.8357142857142857,0.158004158004158,0.17989417989417988,0.16428571428571426,5.0,0.0,3622.0,3885.0,1.0,inverse_phase_volume,geometric_mean,3622.0,3622.0,3622.0,0.0,420.0,0.0,0.0,1.1126911372226202e+35,2.9576295117689344e+47,2658086698840.3003,1.0313988983047986e-09,2741.547692782549,0.00036475746988922324,969556979.0151942,2658086698840.3237,0.0
16.56283474479602,17.25330576657638,0.0,3.9641771259789103,52.40911294520045,-52.40911294520045,pass_no_bh,11.0,52.40911294520045,0.0007790499772255544,0.009969441522192661,0.0023439701229990475,1.0,1.0,715.0,none,0.0,36.45207083857952,15.957042106620912,32.0,32.0,605.0,41.88132328958111,0.05983170605505666,nonsingular_isothermal,1.0,0.01,2.0,0.3,1.0,0.0,strict_pass,1.0,none,none,,,0.9992277992277993,1.0,0.9992277992277993,0.9942084942084942,0.9968253968253968,0.9976190476190476,0.00579150579150578,0.0031746031746031633,0.0023809523809523725,0.0,0.0,3882.0,3885.0,1.0,inverse_phase_volume,geometric_mean,3882.0,3882.0,3882.0,0.0,420.0,0.0,0.0,9.983550769849538e+39,3.7654740317219695e+52,3771678151919.4087,4.516423111697755e-10,1703.4494375214335,0.000587044134080685,2214141534.724573,3771678151919.418,0.0
3.532242688902809,183.48091582874252,0.0,1.9791982936941332,86.1150724437698,-86.1150724437698,pass_no_bh,12.0,86.1150724437698,0.0012081213118619871,0.009990025675304064,0.004907939717766244,1.0,1.0,668.0,none,0.0,44.498204801765844,41.61686764200397,32.0,32.0,851.0,23.33115970170508,0.13107045415078972,nonsingular_isothermal,1.0,0.01,2.0,0.3,1.0,0.0,strict_pass,1.0,none,none,,,1.0,1.0,1.0,1.0,1.0,1.0,0.0,0.0,0.0,0.0,0.0,3885.0,3885.0,1.0,inverse_phase_volume,geometric_mean,3885.0,3885.0,3885.0,0.0,420.0,0.0,0.0,4.874185951002775e+34,5.138160192620575e+49,1054157605858983.0,2.1365378814439156e-10,225224.76579299354,4.440009057081718e-06,4680469317.605452,1054157605858980.0,0.0
0.0,27.64513174995341,370858.67274967243,1.433594982833482,109.39784289236341,-109.39784289236341,pass_no_halo,1.0,109.39784289236341,0.0004414397225218636,0.009919441216705401,0.0009088730234615739,1.0,1.0,925.0,none,0.0,38.489576017511986,70.9082668748514,32.0,32.0,299.0,14.428562191717507,0.21991346443073576,none,1.0,0.01,2.0,0.3,1.0,0.0,severe_coverage_warn,0.0,multiple,multiple,1;2;3;4;5;6;7;8,Lfrac minimum coverage 0.657 is below 0.8 | Lfrac coverage gap 0.343 exceeds 0.1 | third_integral minimum coverage 0.75 is below 0.8 | third_integral coverage gap 0.25 exceeds 0.1 | 24 planned shell-band/Lfrac/third-integral cells have no successful orbit,0.9166023166023166,1.0,0.9166023166023166,0.9106029106029107,0.6571428571428571,0.75,0.008316008316008316,0.34285714285714286,0.25,24.0,0.0,3561.0,3885.0,1.0,inverse_phase_volume,geometric_mean,3561.0,3561.0,3561.0,0.0,420.0,0.0,0.0,1.5533635541763937e+43,3.805304473882375e+50,24497191.682213627,0.0001684436876971778,4126.397305176732,0.00024234215128665865,5936.702132749345,24497191.68221385,0.0
0.0,242.97601456714318,259268.31022653444,3.288536761231384,111.97019687426214,-111.97019687426214,pass_no_halo,2.0,111.97019687426214,0.000640744195848697,0.009901739326934873,0.0012804270871343757,1.0,1.0,912.0,none,0.0,38.82006998062793,73.1501268936342,32.0,32.0,391.0,13.90952382793122,0.22555635990525003,none,1.0,0.01,2.0,0.3,1.0,0.0,severe_coverage_warn,0.0,multiple,multiple,1;2;3;4;5;6;7;8,Lfrac minimum coverage 0.64 is below 0.8 | Lfrac coverage gap 0.36 exceeds 0.1 | third_integral minimum coverage 0.75 is below 0.8 | third_integral coverage gap 0.25 exceeds 0.1 | 25 planned shell-band/Lfrac/third-integral cells have no successful orbit,0.9124839124839125,1.0,0.9124839124839125,0.8918918918918919,0.6402116402116402,0.75,0.027027027027027084,0.35978835978835977,0.25,25.0,0.0,3545.0,3885.0,1.0,inverse_phase_volume,geometric_mean,3545.0,3545.0,3545.0,0.0,420.0,0.0,0.0,1.2473533794343983e+43,1.8615133409996473e+50,14923704.634878486,0.00022303020931467032,3328.4369684672233,0.00030044132109868657,4483.697536189429,14923704.634878302,0.0
0.0,104.90274594299399,1252.5944097273095,0.21705875459895463,234.60661110363395,-234.60661110363395,pass_no_halo,3.0,234.60661110363395,0.0004985421125809353,0.009941736575027884,0.0009109158451573755,1.0,1.0,887.0,none,0.0,70.1294288306097,164.47718227302425,32.0,32.0,194.0,33.052158332575125,0.053941782541659794,none,1.0,0.01,2.0,0.3,1.0,0.0,severe_coverage_warn,0.0,multiple,multiple,1;2;3;4;5;6;7;8,total orbit coverage 0.716 is below 0.85 | shell_band minimum coverage 0.574 is below 0.8 | shell_band coverage gap 0.318 exceeds 0.1 | Lfrac minimum coverage 0.389 is below 0.8 | Lfrac coverage gap 0.611 exceeds 0.1 | third_integral minimum coverage 0.483 is below 0.8 | third_integral coverage gap 0.517 exceeds 0.1 | 57 planned shell-band/Lfrac/third-integral cells have no successful orbit,0.7160875160875161,1.0,0.7160875160875161,0.5738045738045738,0.38941798941798944,0.48333333333333334,0.31808731808731805,0.6105820105820106,0.5166666666666666,57.0,0.0,2782.0,3885.0,1.0,inverse_phase_volume,geometric_mean,2782.0,2782.0,2782.0,0.0,420.0,0.0,0.0,7.60943580002564e+38,4.3498889003952214e+45,5716440.764741802,0.00020122307536050884,1150.2797907975196,0.0008693537068113432,4969.608968595734,5716440.764741778,0.0
0.0,1.0791361400607162,3649.594835077095,4.00528833790022,196.40371024187914,-196.40371024187914,pass_no_halo,4.0,196.40371024187914,3.458676712853048e-05,0.009935848589170028,0.0009103763559470642,1.0,1.0,934.0,none,0.0,61.516183560924226,134.88752668095492,32.0,32.0,328.0,35.02872171209628,0.053290178844683435,none,1.0,0.01,2.0,0.3,1.0,0.0,severe_coverage_warn,0.0,multiple,multiple,1;2;3;4;5;6;7;8,total orbit coverage 0.544 is below 0.85 | shell_band minimum coverage 0.31 is below 0.8 | shell_band coverage gap 0.497 exceeds 0.1 | Lfrac minimum coverage 0.302 is below 0.8 | Lfrac coverage gap 0.698 exceeds 0.1 | third_integral minimum coverage 0.31 is below 0.8 | third_integral coverage gap 0.687 exceeds 0.1 | 109 planned shell-band/Lfrac/third-integral cells have no successful orbit,0.5438867438867439,1.0,0.5438867438867439,0.3097713097713098,0.30158730158730157,0.30952380952380953,0.4971784971784972,0.6984126984126984,0.6866666666666666,109.0,0.0,2113.0,3885.0,1.0,inverse_phase_volume,geometric_mean,2113.0,2113.0,2113.0,0.0,420.0,0.0,0.0,6.544264269805837e+39,3.690500764925507e+46,5639290.549363772,0.00010939147480050048,616.8903100234255,0.0016210337295815627,9141.480191429186,5639290.549363754,0.0
0.0,267.62842029855915,28163.621046058284,4.905241297652682,209.68830419125302,-209.68830419125302,pass_no_halo,5.0,209.68830419125302,0.00035840818290466814,0.00999497269430224,0.0009157936272446123,1.0,1.0,918.0,none,0.0,53.40543727350124,156.28286691775176,32.0,32.0,189.0,32.811117352454424,0.05394245231126768,none,1.0,0.01,2.0,0.3,1.0,0.0,severe_coverage_warn,0.0,multiple,multiple,1;2;3;4;5;6;7;8,total orbit coverage 0.717 is below 0.85 | shell_band minimum coverage 0.57 is below 0.8 | shell_band coverage gap 0.322 exceeds 0.1 | Lfrac minimum coverage 0.395 is below 0.8 | Lfrac coverage gap 0.605 exceeds 0.1 | third_integral minimum coverage 0.486 is below 0.8 | third_integral coverage gap 0.514 exceeds 0.1 | 58 planned shell-band/Lfrac/third-integral cells have no successful orbit,0.7168597168597168,1.0,0.7168597168597168,0.5696465696465697,0.39470899470899473,0.4857142857142857,0.3222453222453222,0.6052910052910052,0.5142857142857142,58.0,0.0,2785.0,3885.0,1.0,inverse_phase_volume,geometric_mean,2785.0,2785.0,2785.0,0.0,420.0,0.0,0.0,3.846926787212781e+41,2.1977615519941482e+48,5713031.917580359,0.00020300099012894306,1159.7511359070634,0.0008622539517651613,4926.084347494146,5713031.917580341,0.0
0.0,4.50760539329497,107589.14169809424,0.8400170235881779,126.53107406135852,-126.53107406135852,pass_no_halo,6.0,126.53107406135852,0.0012819301125830407,0.009926983349568574,0.0027731996494006522,1.0,1.0,842.0,none,0.0,44.019399761900125,82.51167429945839,32.0,32.0,310.0,20.314919910288264,0.16059108829905488,none,1.0,0.01,2.0,0.3,1.0,0.0,severe_coverage_warn,0.0,multiple,multiple,1;2;3;4;5;6;7;8,Lfrac minimum coverage 0.646 is below 0.8 | Lfrac coverage gap 0.354 exceeds 0.1 | third_integral minimum coverage 0.75 is below 0.8 | third_integral coverage gap 0.25 exceeds 0.1 | 25 planned shell-band/Lfrac/third-integral cells have no successful orbit,0.9137709137709138,1.0,0.9137709137709138,0.8898128898128899,0.6455026455026455,0.75,0.029106029106029108,0.35449735449735453,0.25,25.0,0.0,3550.0,3885.0,1.0,inverse_phase_volume,geometric_mean,3550.0,3550.0,3550.0,0.0,420.0,0.0,0.0,1.8960588095484522e+42,3.2057929252747856e+49,16907666.09733085,0.00022642123320183917,3828.254608322606,0.00026121564585229127,4416.5469194692,16907666.097330976,0.0
0.0,19.787971165644112,1635415.6220747812,4.172633458415789,98.79079073194471,-98.79079073194471,pass_no_halo,7.0,98.79079073194471,0.0005323586222658605,0.00990922575276231,0.000907937027229812,1.0,1.0,922.0,none,0.0,37.366694030207746,61.42409670173697,32.0,32.0,255.0,29.291262322605963,0.09651990820798294,none,1.0,0.01,2.0,0.3,1.0,0.0,severe_coverage_warn,0.0,multiple,multiple,1;2;3;4;5;6;7;8,Lfrac minimum coverage 0.667 is below 0.8 | Lfrac coverage gap 0.333 exceeds 0.1 | third_integral minimum coverage 0.75 is below 0.8 | third_integral coverage gap 0.25 exceeds 0.1 | 24 planned shell-band/Lfrac/third-integral cells have no successful orbit,0.918918918918919,1.0,0.918918918918919,0.918918918918919,0.6666666666666666,0.75,0.0,0.33333333333333337,0.25,24.0,0.0,3570.0,3885.0,1.0,inverse_phase_volume,geometric_mean,3570.0,3570.0,3570.0,0.0,420.0,0.0,0.0,3.0556960433623044e+44,7.396471003137513e+51,24205519.456702508,0.00017456578384209494,4225.455477264384,0.00023666087724285128,5728.499468742162,24205519.456702683,0.0
0.0,219.09667054020719,42366.264033103675,4.064877351752146,155.04618236331478,-155.04618236331478,pass_no_halo,8.0,155.04618236331478,0.0005555672455557215,0.009921313435879556,0.0009090445663402725,1.0,1.0,879.0,none,0.0,47.40435285610507,107.6418295072097,32.0,32.0,212.0,27.4132918294934,0.11075251770347053,none,1.0,0.01,2.0,0.3,1.0,0.0,severe_coverage_warn,0.0,multiple,multiple,1;2;3;4;5;6;7;8,total orbit coverage 0.801 is below 0.85 | shell_band minimum coverage 0.719 is below 0.8 | shell_band coverage gap 0.178 exceeds 0.1 | Lfrac minimum coverage 0.459 is below 0.8 | Lfrac coverage gap 0.541 exceeds 0.1 | third_integral minimum coverage 0.588 is below 0.8 | third_integral coverage gap 0.412 exceeds 0.1 | 33 planned shell-band/Lfrac/third-integral cells have no successful orbit,0.8007722007722008,1.0,0.8007722007722008,0.7193347193347194,0.45925925925925926,0.5880952380952381,0.1783486783486783,0.5407407407407407,0.4119047619047619,33.0,0.0,3111.0,3885.0,1.0,inverse_phase_volume,geometric_mean,3111.0,3111.0,3111.0,0.0,420.0,0.0,0.0,6.94343526951668e+41,4.974740333050673e+48,7164667.257561912,0.00022314579307169748,1598.765357283485,0.0006254826547524979,4481.375096678146,7164667.257561949,0.0
0.0,304.0490742108145,3932645.9209644324,3.093423297240227,56.94278648366879,-56.94278648366879,pass_no_halo,9.0,56.94278648366879,0.00040054258975175117,0.009916953969165405,0.0009086451283470823,1.0,1.0,919.0,none,0.0,31.38947050543696,25.55331597823183,32.0,32.0,274.0,23.031898956325954,0.14088245070832991,none,1.0,0.01,2.0,0.3,1.0,0.0,severe_coverage_warn,0.0,multiple,multiple,1;2;3;4;5;6;7;8,Lfrac minimum coverage 0.663 is below 0.8 | Lfrac coverage gap 0.337 exceeds 0.1 | third_integral minimum coverage 0.75 is below 0.8 | third_integral coverage gap 0.25 exceeds 0.1 | 24 planned shell-band/Lfrac/third-integral cells have no successful orbit,0.9181467181467181,1.0,0.9181467181467181,0.9168399168399168,0.6634920634920635,0.75,0.0020790020790021346,0.33650793650793653,0.25,24.0,0.0,3567.0,3885.0,1.0,inverse_phase_volume,geometric_mean,3567.0,3567.0,3567.0,0.0,420.0,0.0,0.0,1.4209016896007233e+45,4.283838146297358e+52,30148730.04691216,0.00014731771604600358,4441.44205219863,0.0002251520988560402,6788.049847906449,30148730.04691222,0.0
0.0,31.57437244782867,63367.329010275906,2.7589842413478003,137.93661051272485,-137.93661051272485,pass_no_halo,10.0,137.93661051272485,0.0004416687785067097,0.009976348417193805,0.0009140871699275587,1.0,1.0,929.0,none,0.0,46.502070738312064,91.43453977441278,32.0,32.0,245.0,17.011499702982434,0.19309380895122508,none,1.0,0.01,2.0,0.3,1.0,0.0,severe_coverage_warn,0.0,multiple,multiple,1;2;3;4;5;6;7;8,Lfrac minimum coverage 0.535 is below 0.8 | Lfrac coverage gap 0.465 exceeds 0.1 | third_integral minimum coverage 0.726 is below 0.8 | third_integral coverage gap 0.274 exceeds 0.1 | 27 planned shell-band/Lfrac/third-integral cells have no successful orbit,0.8795366795366796,1.0,0.8795366795366796,0.8191268191268192,0.5354497354497354,0.7261904761904762,0.09593109593109583,0.4645502645502646,0.27380952380952384,27.0,0.0,3417.0,3885.0,1.0,inverse_phase_volume,geometric_mean,3417.0,3417.0,3417.0,0.0,420.0,0.0,0.0,1.2730466184948678e+41,1.111364475343081e+49,87299589.75556254,2.706308303888622e-05,2362.5960468155,0.00042326321562582894,36950.70508275523,87299589.7555629,0.0
0.0,17.25330576657638,424949.8899769385,3.9641771259789103,107.77277771502261,-107.77277771502261,pass_no_halo,11.0,107.77277771502261,0.00047781790000556157,0.00998856883808314,0.0009152068711928839,1.0,1.0,923.0,none,0.0,38.86823318763131,68.9045445273913,32.0,32.0,273.0,14.80214540316281,0.2143169626496259,none,1.0,0.01,2.0,0.3,1.0,0.0,severe_coverage_warn,0.0,multiple,multiple,1;2;3;4;5;6;7;8,Lfrac minimum coverage 0.64 is below 0.8 | Lfrac coverage gap 0.36 exceeds 0.1 | third_integral minimum coverage 0.75 is below 0.8 | third_integral coverage gap 0.25 exceeds 0.1 | 25 planned shell-band/Lfrac/third-integral cells have no successful orbit,0.9124839124839125,1.0,0.9124839124839125,0.8898128898128899,0.6402116402116402,0.75,0.029106029106029108,0.35978835978835977,0.25,25.0,0.0,3545.0,3885.0,1.0,inverse_phase_volume,geometric_mean,3545.0,3545.0,3545.0,0.0,420.0,0.0,0.0,3.4198294617046117e+43,4.994842099207821e+50,14605529.764393996,0.0002523549946731651,3685.7783858924327,0.0002713131109096434,3962.67171686116,14605529.76439412,0.0
0.0,183.48091582874252,28107.608484462955,1.9791982936941332,167.02662651741952,-167.02662651741952,pass_no_halo,12.0,167.02662651741952,0.00047064147213404794,0.009926001924837276,0.0009094741511365708,1.0,1.0,884.0,none,0.0,50.21924548538403,116.80738103203547,32.0,32.0,214.0,26.757228993179965,0.0924422329847791,none,1.0,0.01,2.0,0.3,1.0,0.0,severe_coverage_warn,0.0,multiple,multiple,1;2;3;4;5;6;7;8,total orbit coverage 0.834 is below 0.85 | shell_band minimum coverage 0.738 is below 0.8 | shell_band coverage gap 0.175 exceeds 0.1 | Lfrac minimum coverage 0.476 is below 0.8 | Lfrac coverage gap 0.524 exceeds 0.1 | third_integral minimum coverage 0.629 is below 0.8 | third_integral coverage gap 0.371 exceeds 0.1 | 29 planned shell-band/Lfrac/third-integral cells have no successful orbit,0.8337194337194337,1.0,0.8337194337194337,0.738045738045738,0.47619047619047616,0.6285714285714286,0.17463617463617465,0.5238095238095238,0.37142857142857144,29.0,0.0,3239.0,3885.0,1.0,inverse_phase_volume,geometric_mean,3239.0,3239.0,3239.0,0.0,420.0,0.0,0.0,3.8260160408864334e+41,2.1872846532584683e+48,5716872.6682905005,0.0003237289343934652,1850.7170969688027,0.0005403310974096744,3089.0040826087684,5716872.668290479,0.0
25.0,27.64513174995341,0.0,1.433594982833482,53.34475877216375,-53.34475877216375,pass_no_bh_halo_up,1.0,53.34475877216375,0.0006431206538977108,0.009924752848686309,0.0024763173093461624,1.0,1.0,714.0,none,0.0,38.036661723865464,15.308097048298306,32.0,32.0,443.0,43.03524124823805,0.0646098054013734,nonsingular_isothermal,1.0,0.01,2.0,0.3,1.0,0.0,strict_pass,1.0,none,none,,,0.9984555984555985,1.0,0.9984555984555985,0.9884169884169884,0.9936507936507937,0.9976190476190476,0.01158301158301156,0.006349206349206327,0.0023809523809523725,0.0,0.0,3879.0,3885.0,1.0,inverse_phase_volume,geometric_mean,3879.0,3879.0,3879.0,0.0,420.0,0.0,0.0,1.7602918114310014e+40,1.7094437714201508e+53,9711138575543.822,3.6676909230164665e-10,3561.745480567681,0.0002807612181880602,2726511096.4627223,9711138575543.732,0.0
6.660412809871988,27.64513174995341,0.0,1.433594982833482,63.79884533880919,-63.79884533880919,pass_no_bh_halo_down,1.0,63.79884533880919,0.0011217613385809955,0.009923209121540525,0.002476225807989224,1.0,1.0,714.0,none,0.0,39.45289140243221,24.345953936376976,32.0,32.0,680.0,34.056621821296226,0.079392786521579,nonsingular_isothermal,1.0,0.01,2.0,0.3,1.0,0.0,strict_pass,1.0,none,none,,,0.9992277992277993,1.0,0.9992277992277993,0.9942084942084942,0.9968253968253968,0.9976190476190476,0.00579150579150578,0.0031746031746031633,0.0023809523809523725,0.0,0.0,3882.0,3885.0,1.0,inverse_phase_volume,geometric_mean,3882.0,3882.0,3882.0,0.0,420.0,0.0,0.0,1.9266803143625036e+38,8.61634950191361e+50,4472122042085.935,7.627828066005229e-10,3411.257802722381,0.00029314700261057436,1310989171.9461763,4472122042085.947,0.0
13.320825619743976,55.29026349990682,0.0,1.433594982833482,56.26759465996523,-56.26759465996523,pass_no_bh_halo_scale_up,1.0,56.26759465996523,0.0009300254150019782,0.009991655302994649,0.0025644825254228817,1.0,1.0,715.0,none,0.0,36.44542740919802,19.82216725076723,32.0,32.0,598.0,33.54229867985175,0.10597874948015558,nonsingular_isothermal,1.0,0.01,2.0,0.3,1.0,0.0,strict_pass,1.0,none,none,,,0.9992277992277993,1.0,0.9992277992277993,0.9942084942084942,0.9968253968253968,0.9976190476190476,0.00579150579150578,0.0031746031746031633,0.0023809523809523725,0.0,0.0,3882.0,3885.0,1.0,inverse_phase_volume,geometric_mean,3882.0,3882.0,3882.0,0.0,420.0,0.0,0.0,7.402733766938619e+35,1.1611836968318682e+52,1.5685876777277006e+16,1.2677208209427787e-12,19885.31258529679,5.028837216968872e-05,788817209183.5803,1.5685876777276942e+16,0.0
13.320825619743976,13.822565874976705,0.0,1.433594982833482,54.41152664892782,-54.41152664892782,pass_no_bh_halo_scale_down,1.0,54.41152664892782,0.0009140992078329191,0.009975531904248392,0.0023100525770986258,1.0,1.0,716.0,none,0.0,37.174864359126055,17.236662289801732,32.0,32.0,569.0,38.31449739429381,0.06733971425523895,nonsingular_isothermal,1.0,0.01,2.0,0.3,1.0,0.0,strict_pass,1.0,none,none,,,0.9992277992277993,1.0,0.9992277992277993,0.9942084942084942,0.9968253968253968,0.9976190476190476,0.00579150579150578,0.0031746031746031633,0.0023809523809523725,0.0,0.0,3882.0,3885.0,1.0,inverse_phase_volume,geometric_mean,3882.0,3882.0,3882.0,0.0,420.0,0.0,0.0,2.3983514362782534e+41,1.9241691470815316e+52,80228823765.18785,1.934082059250801e-08,1551.6912867904498,0.0006444580880958741,51704114.37389408,80228823765.1883,0.0
13.320825619743976,27.64513174995341,0.0,2.867189965666964,54.847247109995116,-54.847247109995116,pass_no_bh_ml_up,1.0,54.847247109995116,0.0008809324819694098,0.009921324393897148,0.0024756465369224503,1.0,1.0,714.0,none,0.0,37.80393218292724,17.043314927067904,32.0,32.0,592.0,43.648513156364075,0.05579927078604322,nonsingular_isothermal,1.0,0.01,2.0,0.3,1.0,0.0,strict_pass,1.0,none,none,,,0.9992277992277993,1.0,0.9992277992277993,0.9942084942084942,0.9968253968253968,0.9976190476190476,0.00579150579150578,0.0031746031746031633,0.0023809523809523725,0.0,0.0,3882.0,3885.0,1.0,inverse_phase_volume,geometric_mean,3882.0,3882.0,3882.0,0.0,420.0,0.0,0.0,7.355299249374017e+38,1.3782329062324532e+52,18737958300605.508,1.8749446204491466e-10,3513.263411392066,0.00028463564580936685,5333490862.041824,18737958300605.47,0.0
13.320825619743976,27.64513174995341,0.0,0.716797491416741,54.866730905585655,-54.866730905585655,pass_no_bh_ml_down,1.0,54.866730905585655,0.0008803335657816547,0.009926473125876788,0.0024768916545355496,1.0,1.0,714.0,none,0.0,37.82479057144862,17.041940334137013,32.0,32.0,593.0,43.87317369396443,0.05542941693525723,nonsingular_isothermal,1.0,0.01,2.0,0.3,1.0,0.0,strict_pass,1.0,none,none,,,0.9992277992277993,1.0,0.9992277992277993,0.9942084942084942,0.9968253968253968,0.9976190476190476,0.00579150579150578,0.0031746031746031633,0.0023809523809523725,0.0,0.0,3882.0,3885.0,1.0,inverse_phase_volume,geometric_mean,3882.0,3882.0,3882.0,0.0,420.0,0.0,0.0,1.331123147462367e+39,1.377946531566191e+52,10351758469478.105,3.442309509656027e-10,3563.39566211469,0.0002806311997940055,2905026399.2674065,10351758469478.133,0.0
25.0,242.97601456714318,0.0,3.288536761231384,42.31202267084363,-42.31202267084363,pass_no_bh_halo_up,2.0,42.31202267084363,0.0013232615133205172,0.009939092114028013,0.005297579948912455,1.0,1.0,660.0,none,0.0,26.481212814961527,15.83080985588208,32.0,32.0,416.0,52.21455078984056,0.05494903425561496,nonsingular_isothermal,1.0,0.01,2.0,0.3,1.0,0.0,strict_pass,1.0,none,none,,,1.0,1.0,1.0,1.0,1.0,1.0,0.0,0.0,0.0,0.0,0.0,3885.0,3885.0,1.0,inverse_phase_volume,geometric_mean,3885.0,3885.0,3885.0,0.0,420.0,0.0,0.0,2.5259737115892114e+34,8.088912854559197e+52,3.2022949476659727e+18,9.113480814649856e-13,2918405.3568403977,3.4265287981880857e-07,1097275585846.9653,3.2022949476659697e+18,0.0
9.408670110901388,242.97601456714318,0.0,3.288536761231384,53.26580851619629,-53.26580851619629,pass_no_bh_halo_down,2.0,53.26580851619629,0.0018160290604782858,0.009959021964229008,0.005372282922848122,1.0,1.0,659.0,none,0.0,30.660424169145443,22.60538434705082,32.0,32.0,1527.0,38.27505032021718,0.07647721633531748,nonsingular_isothermal,1.0,0.01,2.0,0.3,1.0,0.0,strict_pass,1.0,none,none,,,1.0,1.0,1.0,1.0,1.0,1.0,0.0,0.0,0.0,0.0,0.0,3885.0,3885.0,1.0,inverse_phase_volume,geometric_mean,3885.0,3885.0,3885.0,0.0,420.0,0.0,0.0,1.6743948469895663e+35,1.5862274782037255e+51,9473437409674552.0,6.621445872437409e-11,627278.5303408399,1.594188150288895e-06,15102441661.006762,9473437409674594.0,0.0
18.817340221802777,485.95202913428636,0.0,3.288536761231384,37.42945508358615,-37.42945508358615,pass_no_bh_halo_scale_up,2.0,37.42945508358615,0.002094651447727358,0.009929017595358889,0.0066283034811354885,1.0,1.0,636.0,none,0.0,20.006135018410497,17.42332006517566,32.0,32.0,1477.0,34.53777290155326,0.0749470890975348,nonsingular_isothermal,1.0,0.01,2.0,0.3,1.0,0.0,strict_pass,1.0,none,none,,,1.0,1.0,1.0,1.0,1.0,1.0,0.0,0.0,0.0,0.0,0.0,3885.0,3885.0,1.0,inverse_phase_volume,geometric_mean,3885.0,3885.0,3885.0,0.0,420.0,0.0,0.0,2.1984577062929376e+35,7.903937161166485e+51,3.59521911135338e+16,1.2170338143861393e-10,4375503.228644358,2.2854514046600885e-07,8216698568.103393,3.5952191113533864e+16,0.0
18.817340221802777,121.48800728357159,0.0,3.288536761231384,50.60068810961732,-50.60068810961732,pass_no_bh_halo_scale_down,2.0,50.60068810961732,0.0008402076523452706,0.009949346115560647,0.0037155840038887956,1.0,1.0,691.0,none,0.0,33.1299348588097,17.470753250807636,32.0,32.0,444.0,41.03162116732281,0.06410436226329636,nonsingular_isothermal,1.0,0.01,2.0,0.3,1.0,0.0,strict_pass,1.0,none,none,,,1.0,1.0,1.0,1.0,1.0,1.0,0.0,0.0,0.0,0.0,0.0,3885.0,3885.0,1.0,inverse_phase_volume,geometric_mean,3885.0,3885.0,3885.0,0.0,420.0,0.0,0.0,1.3433545333791778e+35,4.47196665432012e+52,3.3289548985039635e+17,1.0419457382633237e-12,346859.03693670075,2.8830155582265907e-06,959742876502.1514,3.3289548985039514e+17,0.0
18.817340221802777,242.97601456714318,0.0,5.0,44.38994892364846,-44.38994892364846,pass_no_bh_ml_up,2.0,44.38994892364846,0.0017610083761709916,0.009931268667042711,0.005314156379161149,1.0,1.0,660.0,none,0.0,26.24364662602442,18.14630229762403,32.0,32.0,391.0,44.485276127270936,0.05498246609274427,nonsingular_isothermal,1.0,0.01,2.0,0.3,1.0,0.0,strict_pass,1.0,none,none,,,1.0,1.0,1.0,1.0,1.0,1.0,0.0,0.0,0.0,0.0,0.0,3885.0,3885.0,1.0,inverse_phase_volume,geometric_mean,3885.0,3885.0,3885.0,0.0,420.0,0.0,0.0,1.0942730655350535e+35,2.603704799653694e+52,2.3793922026040106e+17,5.567378485904804e-12,1324697.6958307205,7.54889212193351e-07,179617750532.2743,2.3793922026040093e+17,0.0
18.817340221802777,242.97601456714318,0.0,1.644268380615692,44.23417456476459,-44.23417456476459,pass_no_bh_ml_down,2.0,44.23417456476459,0.0017410429230437785,0.009938100450797903,0.005297453733246799,1.0,1.0,660.0,none,0.0,25.738500901887797,18.495673662876772,32.0,32.0,1250.0,44.51889329145661,0.05574789870417299,nonsingular_isothermal,1.0,0.01,2.0,0.3,1.0,0.0,strict_pass,1.0,none,none,,,0.9938223938223938,1.0,0.9938223938223938,0.9536679536679536,0.9915343915343915,0.9928571428571429,0.04633204633204635,0.00846560846560851,0.0071428571428571175,0.0,0.0,3861.0,3885.0,1.0,inverse_phase_volume,geometric_mean,3861.0,3861.0,3861.0,0.0,420.0,0.0,0.0,5.785391033047604e+33,2.6002769513189156e+52,4.494556956419163e+18,6.840879276749347e-13,3074672.1541337054,3.2523792777566943e-07,1461800390775.4685,4.494556956419102e+18,0.0
25.0,104.90274594299399,0.0,0.21705875459895463,51.470239623226085,-51.470239623226085,pass_no_bh_halo_up,3.0,51.470239623226085,0.0007417230316235646,0.009935481031934949,0.003482439439756987,1.0,1.0,695.0,none,0.0,35.41981242541679,16.05042719780929,32.0,32.0,545.0,49.226266924275244,0.05820634279326608,nonsingular_isothermal,1.0,0.01,2.0,0.3,1.0,0.0,strict_pass,1.0,none,none,,,1.0,1.0,1.0,1.0,1.0,1.0,0.0,0.0,0.0,0.0,0.0,3885.0,3885.0,1.0,inverse_phase_volume,geometric_mean,3885.0,3885.0,3885.0,0.0,420.0,0.0,0.0,3.2212839259659986e+34,1.5598609169765096e+53,4.842357745626966e+18,7.544369038698874e-14,365325.3385041198,2.7372861792030422e-06,13254918931861.572,4.842357745626995e+18,0.0
9.045339614713342,104.90274594299399,0.0,0.21705875459895463,60.26921088276446,-60.26921088276446,pass_no_bh_halo_down,3.0,60.26921088276446,0.0009803110511370505,0.009935708938432973,0.003482593559844155,1.0,1.0,695.0,none,0.0,36.91481987898039,23.35439100378407,32.0,32.0,413.0,47.52148237132458,0.04537317722180039,nonsingular_isothermal,1.0,0.01,2.0,0.3,1.0,0.0,strict_pass,1.0,none,none,,,1.0,1.0,1.0,1.0,1.0,1.0,0.0,0.0,0.0,0.0,0.0,3885.0,3885.0,1.0,inverse_phase_volume,geometric_mean,3885.0,3885.0,3885.0,0.0,420.0,0.0,0.0,4.5196107177735553e+33,2.6714924773434456e+51,5.910890658873985e+17,5.174417967298369e-13,305854.1882801359,3.26953181718109e-06,1932584507706.696,5.910890658873976e+17,0.0
18.090679229426684,209.80549188598798,0.0,0.21705875459895463,45.596336241281605,-45.596336241281605,pass_no_bh_halo_scale_up,3.0,45.596336241281605,0.0016660741952065905,0.009990886847972716,0.005058021162680136,1.0,1.0,665.0,none,0.0,27.21600197305187,18.380334268229717,32.0,32.0,800.0,51.30922605444349,0.05872470274059129,nonsingular_isothermal,1.0,0.01,2.0,0.3,1.0,0.0,strict_pass,1.0,none,none,,,1.0,1.0,1.0,1.0,1.0,1.0,0.0,0.0,0.0,0.0,0.0,3885.0,3885.0,1.0,inverse_phase_volume,geometric_mean,3885.0,3885.0,3885.0,0.0,420.0,0.0,0.0,1.0600983707066578e+34,3.1940966401760873e+52,3.0130191012810573e+18,2.5459254300837325e-12,7670921.951279512,1.303624266224218e-07,392784481502.70886,3.0130191012810706e+18,0.0
18.090679229426684,52.451372971496994,0.0,0.21705875459895463,51.764434185316034,-51.764434185316034,pass_no_bh_halo_scale_down,3.0,51.764434185316034,0.0006921450824464159,0.009998814989292426,0.002593582306034974,1.0,1.0,715.0,none,0.0,36.46172145912621,15.302712726189823,32.0,32.0,690.0,46.57921328855964,0.05837797449949181,nonsingular_isothermal,1.0,0.01,2.0,0.3,1.0,0.0,strict_pass,1.0,none,none,,,1.0,1.0,1.0,1.0,1.0,1.0,0.0,0.0,0.0,0.0,0.0,3885.0,3885.0,1.0,inverse_phase_volume,geometric_mean,3885.0,3885.0,3885.0,0.0,420.0,0.0,0.0,7.545716152568715e+35,3.8987349968252773e+52,5.166819050698148e+16,3.6076819430796756e-13,18640.23979236378,5.364737852834185e-05,2771862974002.5146,5.166819050698148e+16,0.0
18.090679229426684,104.90274594299399,0.0,0.43411750919790926,51.857424818731594,-51.857424818731594,pass_no_bh_ml_up,3.0,51.857424818731594,0.0008288760246628613,0.00993652514636269,0.0034823054178131823,1.0,1.0,695.0,none,0.0,33.842393566100455,18.015031252631157,32.0,32.0,464.0,43.232219650035795,0.0536466236891932,nonsingular_isothermal,1.0,0.01,2.0,0.3,1.0,0.0,strict_pass,1.0,none,none,,,1.0,1.0,1.0,1.0,1.0,1.0,0.0,0.0,0.0,0.0,0.0,3885.0,3885.0,1.0,inverse_phase_volume,geometric_mean,3885.0,3885.0,3885.0,0.0,420.0,0.0,0.0,4.3986688750277515e+34,4.2770480466651115e+52,9.723505378972467e+17,3.3757330828224043e-13,328239.5878879891,3.0465551289360235e-06,2962319518354.5547,9.723505378972456e+17,0.0
18.090679229426684,104.90274594299399,0.0,0.2,51.8553950353532,-51.8553950353532,pass_no_bh_ml_down,3.0,51.8553950353532,0.0008273996911682957,0.009934758818188626,0.0034824510403960196,1.0,1.0,695.0,none,0.0,33.84287833141529,18.01251670393792,32.0,32.0,462.0,43.282884098132556,0.053622904649989644,nonsingular_isothermal,1.0,0.01,2.0,0.3,1.0,0.0,strict_pass,1.0,none,none,,,0.9979407979407979,1.0,0.9979407979407979,0.9845559845559846,0.9915343915343915,0.9976190476190476,0.015444015444015413,0.00846560846560851,0.0023809523809523725,0.0,0.0,3877.0,3885.0,1.0,inverse_phase_volume,geometric_mean,3877.0,3877.0,3877.0,0.0,420.0,0.0,0.0,1.42595880274753e+34,4.277056704426087e+52,2.999425156031911e+18,1.131105910333269e-13,339266.7521589994,2.9475331538863675e-06,8840905090004.879,2.999425156031921e+18,0.0
11.54048077406592,1.0791361400607162,0.0,4.00528833790022,55.80889688954437,-55.80889688954437,pass_no_bh_halo_up,4.0,55.80889688954437,0.0010742833449555178,0.009998605780300983,0.0023473623051209675,1.0,1.0,714.0,none,0.0,37.28396051165013,18.524936377894242,32.0,32.0,586.0,44.06654518787644,0.060619442507208604,nonsingular_isothermal,1.0,0.01,2.0,0.3,1.0,0.0,strict_pass,1.0,none,none,,,1.0,1.0,1.0,1.0,1.0,1.0,0.0,0.0,0.0,0.0,0.0,3885.0,3885.0,1.0,inverse_phase_volume,geometric_mean,3885.0,3885.0,3885.0,0.0,420.0,0.0,0.0,9.755481168388588e+41,8.94759205722364e+51,9171861339.056437,5.3772534827784744e-08,493.194233290023,0.0020275987278463364,18596854.383053765,9171861339.056406,0.0
2.88512019351648,1.0791361400607162,0.0,4.00528833790022,83.06097450515385,-83.06097450515385,pass_no_bh_halo_down,4.0,83.06097450515385,0.000782424790230607,0.00995583492667644,0.002311039474190624,1.0,1.0,715.0,none,0.0,42.20692431717689,40.854050187976966,32.0,32.0,429.0,29.63197138328742,0.08748830486845662,nonsingular_isothermal,1.0,0.01,2.0,0.3,1.0,0.0,strict_pass,1.0,none,none,,,1.0,1.0,1.0,1.0,1.0,1.0,0.0,0.0,0.0,0.0,0.0,3885.0,3885.0,1.0,inverse_phase_volume,geometric_mean,3885.0,3885.0,3885.0,0.0,420.0,0.0,0.0,3.8100009929560335e+39,3.5212146438259913e+49,9242030777.251888,5.685412154150227e-08,525.447541100182,0.0019031395558654631,17588874.348714046,9242030777.25186,0.0
5.77024038703296,2.1582722801214325,0.0,4.00528833790022,66.61168526122025,-66.61168526122025,pass_no_bh_halo_scale_up,4.0,66.61168526122025,0.0013815393873244375,0.00998395411800918,0.0023333100725428726,1.0,1.0,715.0,none,0.0,38.24106529877991,28.370619962440333,32.0,32.0,453.0,21.74214881020559,0.15732508400294687,nonsingular_isothermal,1.0,0.01,2.0,0.3,1.0,0.0,strict_pass,1.0,none,none,,,0.9987129987129987,1.0,0.9987129987129987,0.9903474903474904,0.9947089947089947,0.9976190476190476,0.009652509652509633,0.005291005291005346,0.0023809523809523725,0.0,0.0,3880.0,3885.0,1.0,inverse_phase_volume,geometric_mean,3880.0,3880.0,3880.0,0.0,420.0,0.0,0.0,1.4807254594616052e+41,5.51985533243525e+50,3727804703.541925,1.3921636978715768e-07,518.9714381025931,0.0019268883151953241,7183063.324585032,3727804703.5418873,0.0
5.77024038703296,1.0,0.0,4.00528833790022,67.12667943377969,-67.12667943377969,pass_no_bh_halo_scale_down,4.0,67.12667943377969,0.0013405604304779217,0.009924382306837917,0.002314543893953073,1.0,1.0,715.0,none,0.0,38.61031887424463,28.51636055953505,32.0,32.0,464.0,33.023944902661064,0.07123038049292153,nonsingular_isothermal,1.0,0.01,2.0,0.3,1.0,0.0,strict_pass,1.0,none,none,,,0.9992277992277993,1.0,0.9992277992277993,0.9942084942084942,0.9968253968253968,0.9976190476190476,0.00579150579150578,0.0031746031746031633,0.0023809523809523725,0.0,0.0,3882.0,3885.0,1.0,inverse_phase_volume,geometric_mean,3882.0,3882.0,3882.0,0.0,420.0,0.0,0.0,7.964108438121318e+42,5.604189387504002e+50,70368069.8353976,7.009759876541463e-06,493.2632725218349,0.0020273149364789444,142658.2390284942,70368069.8353972,0.0
5.77024038703296,1.0791361400607162,0.0,5.0,67.15854243298426,-67.15854243298426,pass_no_bh_ml_up,4.0,67.15854243298426,0.001369120351043307,0.009986036729200542,0.0023405304276830625,1.0,1.0,714.0,none,0.0,38.31123007893735,28.847312354046895,32.0,32.0,444.0,32.7149783703161,0.08025863643288061,nonsingular_isothermal,1.0,0.01,2.0,0.3,1.0,0.0,strict_pass,1.0,none,none,,,0.9974259974259975,1.0,0.9974259974259975,0.9806949806949807,0.9915343915343915,0.9952380952380953,0.019305019305019266,0.00846560846560851,0.004761904761904745,0.0,0.0,3875.0,3885.0,1.0,inverse_phase_volume,geometric_mean,3875.0,3875.0,3875.0,0.0,420.0,0.0,0.0,6.096863537050489e+40,5.6693870474147774e+50,9298858360.470186,5.354736368981391e-08,497.9293505281665,0.0020083170412414416,18675055.70942283,9298858360.470238,0.0
5.77024038703296,1.0791361400607162,0.0,2.00264416895011,66.854462878597,-66.854462878597,pass_no_bh_ml_down,4.0,66.854462878597,0.0013859668352580456,0.009998004895940911,0.0023443215845942115,1.0,1.0,714.0,none,0.0,38.31316901465451,28.54129386394248,32.0,32.0,435.0,29.01242943263421,0.11026231414160598,nonsingular_isothermal,1.0,0.01,2.0,0.3,1.0,0.0,strict_pass,1.0,none,none,,,0.9974259974259975,1.0,0.9974259974259975,0.9806949806949807,0.9915343915343915,0.9952380952380953,0.019305019305019266,0.00846560846560851,0.004761904761904745,0.0,0.0,3875.0,3885.0,1.0,inverse_phase_volume,geometric_mean,3875.0,3875.0,3875.0,0.0,420.0,0.0,0.0,6.097097579796382e+40,5.4879218302280295e+50,9000875840.355673,5.301806853827851e-08,477.2090522085131,0.0020955176675128474,18861494.346554894,9000875840.35569,0.0
25.0,267.62842029855915,0.0,4.905241297652682,41.94841552996577,-41.94841552996577,pass_no_bh_halo_up,5.0,41.94841552996577,0.0014631207403184021,0.009945051319751036,0.005574715324601362,1.0,1.0,656.0,none,0.0,25.98647992714866,15.961935602817102,32.0,32.0,428.0,50.84755566213473,0.06417255266431035,nonsingular_isothermal,1.0,0.01,2.0,0.3,1.0,0.0,strict_pass,1.0,none,none,,,1.0,1.0,1.0,1.0,1.0,1.0,0.0,0.0,0.0,0.0,0.0,3885.0,3885.0,1.0,inverse_phase_volume,geometric_mean,3885.0,3885.0,3885.0,0.0,420.0,0.0,0.0,1.4212510189268639e+35,7.313504558371246e+52,5.145821857628931e+17,5.043108313737187e-12,2595093.699121881,3.8534254094115243e-07,198290406984.9239,5.1458218576288934e+17,0.0
7.652150320663956,267.62842029855915,0.0,4.905241297652682,62.047527936265446,-62.047527936265446,pass_no_bh_halo_down,5.0,62.047527936265446,0.0014942971119538129,0.009931480003163955,0.005424267037792466,1.0,1.0,657.0,none,0.0,32.91911988855167,29.128408047713766,32.0,32.0,1495.0,35.284887422849245,0.0881270286855093,nonsingular_isothermal,1.0,0.01,2.0,0.3,1.0,0.0,strict_pass,1.0,none,none,,,1.0,1.0,1.0,1.0,1.0,1.0,0.0,0.0,0.0,0.0,0.0,3885.0,3885.0,1.0,inverse_phase_volume,geometric_mean,3885.0,3885.0,3885.0,0.0,420.0,0.0,0.0,1.3933677508836868e+35,6.4275534984919605e+50,4612962726039516.0,9.9710925973161e-11,459962.7848930783,2.1740889325045226e-06,10028991208.73843,4612962726039528.0,0.0
15.304300641327911,500.0,0.0,4.905241297652682,41.166396084418416,-41.166396084418416,pass_no_bh_halo_scale_up,5.0,41.166396084418416,0.0017653108391399996,0.009958987140335366,0.006648310217692032,1.0,1.0,635.0,none,0.0,20.994484228616223,20.171911855802197,32.0,32.0,1674.0,38.42288821978288,0.0725820893386921,nonsingular_isothermal,1.0,0.01,2.0,0.3,1.0,0.0,strict_pass,1.0,none,none,,,1.0,1.0,1.0,1.0,1.0,1.0,0.0,0.0,0.0,0.0,0.0,3885.0,3885.0,1.0,inverse_phase_volume,geometric_mean,3885.0,3885.0,3885.0,0.0,420.0,0.0,0.0,7.627059684358744e+34,3.167329583878405e+51,4.1527531118890184e+16,5.0340209797574037e-11,2090504.6289002283,4.783534014589001e-07,19864835764.91156,4.152753111889043e+16,0.0
15.304300641327911,133.81421014927957,0.0,4.905241297652682,52.037288977455304,-52.037288977455304,pass_no_bh_halo_scale_down,5.0,52.037288977455304,0.0010919621628815435,0.009998186929240297,0.0037922891464857297,1.0,1.0,688.0,none,0.0,32.06992028904401,19.96736868841128,32.0,32.0,371.0,37.30752005980276,0.05819879825922696,nonsingular_isothermal,1.0,0.01,2.0,0.3,1.0,0.0,strict_pass,1.0,none,none,,,1.0,1.0,1.0,1.0,1.0,1.0,0.0,0.0,0.0,0.0,0.0,3885.0,3885.0,1.0,inverse_phase_volume,geometric_mean,3885.0,3885.0,3885.0,0.0,420.0,0.0,0.0,1.3700244057861278e+34,2.1856719358805547e+52,1.5953525547790543e+18,2.2519428656635555e-13,359264.2803952856,2.7834662519183258e-06,4440609996139.227,1.595352554779071e+18,0.0
15.304300641327911,267.62842029855915,0.0,5.0,44.80416208208754,-44.80416208208754,pass_no_bh_ml_up,5.0,44.80416208208754,0.0020163475755339277,0.00993991402800032,0.005570068496755147,1.0,1.0,656.0,none,0.0,26.157847725006707,18.646314357080836,32.0,32.0,1406.0,42.39634781859632,0.05843273239654933,nonsingular_isothermal,1.0,0.01,2.0,0.3,1.0,0.0,strict_pass,1.0,none,none,,,0.9976833976833976,1.0,0.9976833976833976,0.9826254826254827,0.9915343915343915,0.9952380952380953,0.01737451737451734,0.00846560846560851,0.004761904761904745,0.0,0.0,3876.0,3885.0,1.0,inverse_phase_volume,geometric_mean,3876.0,3876.0,3876.0,0.0,420.0,0.0,0.0,3.600887273818664e+34,1.0302364368119245e+52,2.8610627283518954e+17,3.962650281035793e-12,1133739.1024564602,8.820371440248562e-07,252356359779.14532,2.8610627283518778e+17,0.0
15.304300641327911,267.62842029855915,0.0,2.452620648826341,44.43999032067569,-44.43999032067569,pass_no_bh_ml_down,5.0,44.43999032067569,0.0020324658431434273,0.009920315513176575,0.005573052170594289,1.0,1.0,656.0,none,0.0,25.565023958037393,18.874966362638304,32.0,32.0,1451.0,42.36937468339125,0.05729549304284422,nonsingular_isothermal,1.0,0.01,2.0,0.3,1.0,0.0,strict_pass,1.0,none,none,,,1.0,1.0,1.0,1.0,1.0,1.0,0.0,0.0,0.0,0.0,0.0,3885.0,3885.0,1.0,inverse_phase_volume,geometric_mean,3885.0,3885.0,3885.0,0.0,420.0,0.0,0.0,1.3206845323156063e+34,1.0275967977987777e+52,7.78078922448689e+17,2.6254293119636857e-12,2042791.2100178914,4.895262888815943e-07,380890087363.2936,7.780789224486829e+17,0.0
25.0,4.50760539329497,0.0,0.8400170235881779,53.4018516531024,-53.4018516531024,pass_no_bh_halo_up,6.0,53.4018516531024,0.0006846451159319145,0.009925660120623209,0.0023504476628231777,1.0,1.0,715.0,none,0.0,38.52014265535242,14.881708997749973,32.0,32.0,492.0,49.201096643423114,0.05018541090487834,nonsingular_isothermal,1.0,0.01,2.0,0.3,1.0,0.0,strict_pass,1.0,none,none,,,1.0,1.0,1.0,1.0,1.0,1.0,0.0,0.0,0.0,0.0,0.0,3885.0,3885.0,1.0,inverse_phase_volume,geometric_mean,3885.0,3885.0,3885.0,0.0,420.0,0.0,0.0,3.9240406084753837e+43,1.5460120272784317e+53,3939847166.564128,1.1886763857134036e-07,468.32032902145994,0.0021352906077971618,8412718.650920566,3939847166.564092,0.0
6.775814748735024,4.50760539329497,0.0,0.8400170235881779,60.806330238713464,-60.806330238713464,pass_no_bh_halo_down,6.0,60.806330238713464,0.001089673409239822,0.009915528873752787,0.002345626546691144,1.0,1.0,715.0,none,0.0,37.388952621979676,23.417377616733763,32.0,32.0,536.0,28.5563510264973,0.1270290086947102,nonsingular_isothermal,1.0,0.01,2.0,0.3,1.0,0.0,strict_pass,1.0,none,none,,,1.0,1.0,1.0,1.0,1.0,1.0,0.0,0.0,0.0,0.0,0.0,3885.0,3885.0,1.0,inverse_phase_volume,geometric_mean,3885.0,3885.0,3885.0,0.0,420.0,0.0,0.0,2.115200284786917e+41,8.352222447573868e+50,3948667418.2323413,1.1923192775158334e-07,470.8072283257089,0.0021240115695678966,8387015.280701276,3948667418.232335,0.0
13.551629497470048,9.01521078658994,0.0,0.8400170235881779,53.57472099895708,-53.57472099895708,pass_no_bh_halo_scale_up,6.0,53.57472099895708,0.0009172988855326025,0.009963668205294337,0.002307305278146971,1.0,1.0,717.0,none,0.0,36.19282799823158,17.38189300072552,32.0,32.0,559.0,39.718993012456046,0.05687350124672805,nonsingular_isothermal,1.0,0.01,2.0,0.3,1.0,0.0,strict_pass,1.0,none,none,,,0.9992277992277993,1.0,0.9992277992277993,0.9942084942084942,0.9968253968253968,0.9976190476190476,0.00579150579150578,0.0031746031746031633,0.0023809523809523725,0.0,0.0,3882.0,3885.0,1.0,inverse_phase_volume,geometric_mean,3882.0,3882.0,3882.0,0.0,420.0,0.0,0.0,1.0885628815868583e+40,1.5408657995884099e+52,1415504630602.6938,5.480553981594042e-10,775.774953921444,0.0012890336236625415,1824633063.2969077,1415504630602.7017,0.0
13.551629497470048,2.253802696647485,0.0,0.8400170235881779,53.55730494408654,-53.55730494408654,pass_no_bh_halo_scale_down,6.0,53.55730494408654,0.0009795155331104866,0.00990603920982064,0.0023266320401471793,1.0,1.0,715.0,none,0.0,36.86840607095623,16.68889887313031,32.0,32.0,509.0,36.6800530596453,0.07064833000164919,nonsingular_isothermal,1.0,0.01,2.0,0.3,1.0,0.0,strict_pass,1.0,none,none,,,1.0,1.0,1.0,1.0,1.0,1.0,0.0,0.0,0.0,0.0,0.0,3885.0,3885.0,1.0,inverse_phase_volume,geometric_mean,3885.0,3885.0,3885.0,0.0,420.0,0.0,0.0,1.3776343532222217e+42,1.6302978841824555e+52,11834039129.245476,4.248774616536544e-08,502.8016506343888,0.001988855841539685,23536197.851209294,11834039129.245586,0.0
13.551629497470048,4.50760539329497,0.0,1.6800340471763557,53.44830595797196,-53.44830595797196,pass_no_bh_ml_up,6.0,53.44830595797196,0.000980609955171019,0.009925023772527077,0.002353327113105434,1.0,1.0,715.0,none,0.0,36.84924154244427,16.599064415527696,32.0,32.0,527.0,37.97742770314095,0.06189479063485469,nonsingular_isothermal,1.0,0.01,2.0,0.3,1.0,0.0,strict_pass,1.0,none,none,,,1.0,1.0,1.0,1.0,1.0,1.0,0.0,0.0,0.0,0.0,0.0,3885.0,3885.0,1.0,inverse_phase_volume,geometric_mean,3885.0,3885.0,3885.0,0.0,420.0,0.0,0.0,3.386289570669631e+42,1.3354305310395803e+52,3943639500.3145046,1.1930116249973604e-07,470.48077686739595,0.002125485352788065,8382147.994594877,3943639500.3144827,0.0
13.551629497470048,4.50760539329497,0.0,0.42000851179408893,53.44155670936933,-53.44155670936933,pass_no_bh_ml_down,6.0,53.44155670936933,0.0009809939297369397,0.009926386855836928,0.002350378998987686,1.0,1.0,715.0,none,0.0,36.84269192354817,16.598864785821164,32.0,32.0,526.0,37.737781027963436,0.06351068005607473,nonsingular_isothermal,1.0,0.01,2.0,0.3,1.0,0.0,strict_pass,1.0,none,none,,,1.0,1.0,1.0,1.0,1.0,1.0,0.0,0.0,0.0,0.0,0.0,3885.0,3885.0,1.0,inverse_phase_volume,geometric_mean,3885.0,3885.0,3885.0,0.0,420.0,0.0,0.0,3.3877667815270007e+42,1.3348940175802067e+52,3940336226.387216,1.1885755435184262e-07,468.33872719235177,0.0021352067252582534,8413432.41036069,3940336226.387206,0.0
25.0,19.787971165644112,0.0,4.172633458415789,53.17523213647161,-53.17523213647161,pass_no_bh_halo_up,7.0,53.17523213647161,0.0006385578657059909,0.00992008351998131,0.002409188511074693,1.0,1.0,715.0,none,0.0,38.3903757098938,14.7848564265778,32.0,32.0,480.0,47.36755301596928,0.05724722101813237,nonsingular_isothermal,1.0,0.01,2.0,0.3,1.0,0.0,strict_pass,1.0,none,none,,,0.9992277992277993,1.0,0.9992277992277993,0.9942084942084942,0.9968253968253968,0.9976190476190476,0.00579150579150578,0.0031746031746031633,0.0023809523809523725,0.0,0.0,3882.0,3885.0,1.0,inverse_phase_volume,geometric_mean,3882.0,3882.0,3882.0,0.0,420.0,0.0,0.0,1.9531153836536797e+40,2.0540901152667836e+53,10516993171310.807,2.1436901823551563e-10,2254.517500923504,0.00044355388662557565,4664853196.749515,10516993171310.734,0.0
10.953231986781331,19.787971165644112,0.0,4.172633458415789,56.187220669337975,-56.187220669337975,pass_no_bh_halo_down,7.0,56.187220669337975,0.0010053522605204535,0.00992371495188803,0.002413860754118225,1.0,1.0,715.0,none,0.0,38.24790636158999,17.939314307747992,32.0,32.0,535.0,41.09496298330949,0.058065920492243434,nonsingular_isothermal,1.0,0.01,2.0,0.3,1.0,0.0,strict_pass,1.0,none,none,,,1.0,1.0,1.0,1.0,1.0,1.0,0.0,0.0,0.0,0.0,0.0,3885.0,3885.0,1.0,inverse_phase_volume,geometric_mean,3885.0,3885.0,3885.0,0.0,420.0,0.0,0.0,1.3216851363042973e+39,7.446189361921695e+51,5633860257173.48,3.884999373998365e-10,2188.754357231305,0.000456880872308103,2574002988.7593513,5633860257173.433,0.0
21.906463973562662,39.575942331288225,0.0,4.172633458415789,52.2410653619468,-52.2410653619468,pass_no_bh_halo_scale_up,7.0,52.2410653619468,0.0006037898073287806,0.00998642665181477,0.0024623559242752707,1.0,1.0,714.0,none,0.0,37.36826421908731,14.872801142859482,32.0,32.0,637.0,49.66793432022713,0.05916306850458438,nonsingular_isothermal,1.0,0.01,2.0,0.3,1.0,0.0,strict_pass,1.0,none,none,,,0.998970398970399,1.0,0.998970398970399,0.9922779922779923,0.9957671957671957,0.9976190476190476,0.007722007722007707,0.004232804232804255,0.0023809523809523725,0.0,0.0,3881.0,3885.0,1.0,inverse_phase_volume,geometric_mean,3881.0,3881.0,3881.0,0.0,420.0,0.0,0.0,3.357551806868915e+36,1.1255480362221434e+53,3.352287919785736e+16,2.812814038960965e-13,9429.362523412681,0.0001060517078982853,3555158592600.716,3.352287919785776e+16,0.0
21.906463973562662,9.893985582822056,0.0,4.172633458415789,51.85184654283494,-51.85184654283494,pass_no_bh_halo_scale_down,7.0,51.85184654283494,0.0006837692487948743,0.00990660270615046,0.0023665119210378237,1.0,1.0,716.0,none,0.0,37.0329447988938,14.818901743941128,32.0,32.0,481.0,47.134011279870094,0.058356330304452336,nonsingular_isothermal,1.0,0.01,2.0,0.3,1.0,0.0,strict_pass,1.0,none,none,,,1.0,1.0,1.0,1.0,1.0,1.0,0.0,0.0,0.0,0.0,0.0,3885.0,3885.0,1.0,inverse_phase_volume,geometric_mean,3885.0,3885.0,3885.0,0.0,420.0,0.0,0.0,7.548737036391519e+42,1.0655666431738171e+53,14115826767.270517,6.064222705201801e-08,856.0151718477719,0.0011682035936833061,16490159.55733642,14115826767.270514,0.0
21.906463973562662,19.787971165644112,0.0,5.0,51.80872989642818,-51.80872989642818,pass_no_bh_ml_up,7.0,51.80872989642818,0.0006495712513725493,0.009921052599209668,0.002409225225510218,1.0,1.0,715.0,none,0.0,37.41356079618358,14.39516910024458,32.0,32.0,568.0,44.95034010388967,0.05843443317803494,nonsingular_isothermal,1.0,0.01,2.0,0.3,1.0,0.0,strict_pass,1.0,none,none,,,0.9984555984555985,1.0,0.9984555984555985,0.9884169884169884,0.9936507936507937,0.9976190476190476,0.01158301158301156,0.006349206349206327,0.0023809523809523725,0.0,0.0,3879.0,3885.0,1.0,inverse_phase_volume,geometric_mean,3879.0,3879.0,3879.0,0.0,420.0,0.0,0.0,1.4315340725281777e+40,1.211036036063033e+53,8459708080327.2,2.6474445675118024e-10,2239.6608199998027,0.00044649617972068116,3777227339.418286,8459708080327.23,0.0
21.906463973562662,19.787971165644112,0.0,2.0863167292078946,51.80160562683935,-51.80160562683935,pass_no_bh_ml_down,7.0,51.80160562683935,0.0006493592175900176,0.009920083010079097,0.0024085099871290184,1.0,1.0,715.0,none,0.0,37.411502660336886,14.39010296650244,32.0,32.0,568.0,44.816853372579146,0.05849938341400853,nonsingular_isothermal,1.0,0.01,2.0,0.3,1.0,0.0,strict_pass,1.0,none,none,,,0.998970398970399,1.0,0.998970398970399,0.9922779922779923,0.9957671957671957,0.9976190476190476,0.007722007722007707,0.004232804232804255,0.0023809523809523725,0.0,0.0,3881.0,3885.0,1.0,inverse_phase_volume,geometric_mean,3881.0,3881.0,3881.0,0.0,420.0,0.0,0.0,7.661454472955068e+39,1.211001707337366e+53,15806420459877.45,1.4273282485582087e-10,2256.095043097148,0.0004432437379177114,7006096887.73506,15806420459877.424,0.0
25.0,219.09667054020719,0.0,4.064877351752146,42.92564617249266,-42.92564617249266,pass_no_bh_halo_up,8.0,42.92564617249266,0.0012136568151035476,0.0099696884240385,0.005031154799045033,1.0,1.0,665.0,none,0.0,27.331633279685693,15.594012892806948,32.0,32.0,410.0,50.87997753341451,0.062363807497293706,nonsingular_isothermal,1.0,0.01,2.0,0.3,1.0,0.0,strict_pass,1.0,none,none,,,0.9997425997425997,1.0,0.9997425997425997,0.9980694980694981,0.9989417989417989,0.9976190476190476,0.0019305019305019266,0.0010582010582010914,0.0023809523809523725,0.0,0.0,3884.0,3885.0,1.0,inverse_phase_volume,geometric_mean,3884.0,3884.0,3884.0,0.0,420.0,0.0,0.0,3.15059695951938e+34,1.1176822480412933e+53,3.547525317906085e+18,6.907277889633173e-13,2450374.319128644,4.081009142944336e-07,1447748325720.1157,3.5475253179060634e+18,0.0
12.249630876895495,219.09667054020719,0.0,4.064877351752146,48.47020228971577,-48.47020228971577,pass_no_bh_halo_down,8.0,48.47020228971577,0.001709126167561692,0.009959031709841614,0.0051171027057620964,1.0,1.0,664.0,none,0.0,28.63815132209246,19.83205096762327,32.0,32.0,426.0,47.83957256102886,0.05856430886961568,nonsingular_isothermal,1.0,0.01,2.0,0.3,1.0,0.0,strict_pass,1.0,none,none,,,1.0,1.0,1.0,1.0,1.0,1.0,0.0,0.0,0.0,0.0,0.0,3885.0,3885.0,1.0,inverse_phase_volume,geometric_mean,3885.0,3885.0,3885.0,0.0,420.0,0.0,0.0,8.813013501352084e+34,6.42620927041198e+51,7.291727477129222e+16,1.1458218007651022e-11,835502.0308532604,1.1968851816897983e-06,87273605662.96327,7.291727477129242e+16,0.0
24.49926175379099,438.19334108041437,0.0,4.064877351752146,35.868962158531495,-35.868962158531495,pass_no_bh_halo_scale_up,8.0,35.868962158531495,0.0020845090629038054,0.009957291952848371,0.00647958082856123,1.0,1.0,637.0,none,0.0,20.621209849048288,15.247752309483225,32.0,32.0,1450.0,36.47305383733819,0.07538200613978305,nonsingular_isothermal,1.0,0.01,2.0,0.3,1.0,0.0,strict_pass,1.0,none,none,,,1.0,1.0,1.0,1.0,1.0,1.0,0.0,0.0,0.0,0.0,0.0,3885.0,3885.0,1.0,inverse_phase_volume,geometric_mean,3885.0,3885.0,3885.0,0.0,420.0,0.0,0.0,2.389421023401241e+34,2.742020697037625e+52,1.14756699224755e+18,4.636227511461124e-12,5320381.660702821,1.8795644067908847e-07,215692607303.65802,1.1475669922475575e+18,0.0
24.49926175379099,109.54833527010359,0.0,4.064877351752146,50.537024856882205,-50.537024856882205,pass_no_bh_halo_scale_down,8.0,50.537024856882205,0.0007570481633010218,0.009977520036243411,0.003645451133648899,1.0,1.0,691.0,none,0.0,35.16997849095098,15.367046365931218,32.0,32.0,513.0,47.702722516002744,0.055852303957939366,nonsingular_isothermal,1.0,0.01,2.0,0.3,1.0,0.0,strict_pass,1.0,none,none,,,1.0,1.0,1.0,1.0,1.0,1.0,0.0,0.0,0.0,0.0,0.0,3885.0,3885.0,1.0,inverse_phase_volume,geometric_mean,3885.0,3885.0,3885.0,0.0,420.0,0.0,0.0,1.993680104692977e+35,1.329149629585565e+53,6.666814934135342e+17,4.14436327962358e-13,276297.03005076596,3.6192933373777603e-06,2412915887264.6587,6.66681493413534e+17,0.0
24.49926175379099,219.09667054020719,0.0,5.0,42.89314078777964,-42.89314078777964,pass_no_bh_ml_up,8.0,42.89314078777964,0.0012339721082526012,0.009979330562143698,0.0050306036574507594,1.0,1.0,665.0,none,0.0,27.519439665359073,15.373701122420556,32.0,32.0,403.0,52.911012482050765,0.05403877269892052,nonsingular_isothermal,1.0,0.01,2.0,0.3,1.0,0.0,strict_pass,1.0,none,none,,,0.9981981981981982,1.0,0.9981981981981982,0.9864864864864865,0.9925925925925926,0.9976190476190476,0.013513513513513487,0.007407407407407418,0.0023809523809523725,0.0,0.0,3878.0,3885.0,1.0,inverse_phase_volume,geometric_mean,3878.0,3878.0,3878.0,0.0,420.0,0.0,0.0,3.1755286458685505e+34,1.030834150872084e+53,3.246181237298008e+18,6.211710890149836e-13,2016433.934312403,4.959250005584718e-07,1609862431919.9094,3.246181237297996e+18,0.0
24.49926175379099,219.09667054020719,0.0,2.032438675876073,42.846004885454676,-42.846004885454676,pass_no_bh_ml_down,8.0,42.846004885454676,0.0012561427351585053,0.00998287112596756,0.005032887875839215,1.0,1.0,665.0,none,0.0,27.41517561046696,15.430829274987714,32.0,32.0,421.0,53.4680435198745,0.05398940010502825,nonsingular_isothermal,1.0,0.01,2.0,0.3,1.0,0.0,strict_pass,1.0,none,none,,,0.9997425997425997,1.0,0.9997425997425997,0.9980694980694981,0.9989417989417989,0.9976190476190476,0.0019305019305019266,0.0010582010582010914,0.0023809523809523725,0.0,0.0,3884.0,3885.0,1.0,inverse_phase_volume,geometric_mean,3884.0,3884.0,3884.0,0.0,420.0,0.0,0.0,1.6182676690155207e+34,1.0299064490293605e+53,6.364252767009231e+18,6.21735281169148e-13,3956880.4835280264,2.5272433781178596e-07,1608401566209.2402,6.364252767009254e+18,0.0
25.0,304.0490742108145,0.0,3.093423297240227,40.03727599064864,-40.03727599064864,pass_no_bh_halo_up,9.0,40.03727599064864,0.001560380570801101,0.00994401197241639,0.005733063925387808,1.0,1.0,651.0,none,0.0,24.918673906382807,15.118602084265849,32.0,32.0,417.0,41.19529889891496,0.06441716749799917,nonsingular_isothermal,1.0,0.01,2.0,0.3,1.0,0.0,strict_pass,1.0,none,none,,,0.9994851994851995,1.0,0.9994851994851995,0.9961389961389961,0.9978835978835979,0.9976190476190476,0.0038610038610038533,0.002116402116402072,0.0023809523809523725,0.0,0.0,3883.0,3885.0,1.0,inverse_phase_volume,geometric_mean,3883.0,3883.0,3883.0,0.0,420.0,0.0,0.0,2.0257613830478987e+33,5.863621966199629e+52,2.894527467681017e+19,1.5758969339046483e-13,4561476.9614213025,2.1922723899682085e-07,6345592649401.691,2.894527467681018e+19,0.0
9.340392709211875,304.0490742108145,0.0,3.093423297240227,53.08171451115805,-53.08171451115805,pass_no_bh_halo_down,9.0,53.08171451115805,0.001588330572594998,0.009998691384393238,0.005780692615563021,1.0,1.0,650.0,none,0.0,28.541618864109353,24.54009564704869,32.0,32.0,1605.0,37.442133840416,0.07302691424257406,nonsingular_isothermal,1.0,0.01,2.0,0.3,1.0,0.0,strict_pass,1.0,none,none,,,1.0,1.0,1.0,1.0,1.0,1.0,0.0,0.0,0.0,0.0,0.0,3885.0,3885.0,1.0,inverse_phase_volume,geometric_mean,3885.0,3885.0,3885.0,0.0,420.0,0.0,0.0,1.296407795177156e+35,1.0335323275565645e+51,7972277946811719.0,1.0161463098159425e-10,810100.0816479798,1.2344153798450536e-06,9841102509.943995,7972277946811769.0,0.0
18.68078541842375,500.0,0.0,3.093423297240227,36.54035106539044,-36.54035106539044,pass_no_bh_halo_scale_up,9.0,36.54035106539044,0.001966401631236181,0.00999103023007443,0.006669701188271341,1.0,1.0,635.0,none,0.0,19.537805746289624,17.002545319100815,32.0,32.0,1451.0,42.84513406621833,0.05300964215530911,nonsingular_isothermal,1.0,0.01,2.0,0.3,1.0,0.0,strict_pass,1.0,none,none,,,0.9979407979407979,1.0,0.9979407979407979,0.9845559845559846,0.9915343915343915,0.9976190476190476,0.015444015444015413,0.00846560846560851,0.0023809523809523725,0.0,0.0,3877.0,3885.0,1.0,inverse_phase_volume,geometric_mean,3877.0,3877.0,3877.0,0.0,420.0,0.0,0.0,1.1725256940009421e+34,7.015522002152025e+51,5.983256518851507e+17,7.527378809016113e-12,4503823.832891025,2.2203355128970388e-07,132848369315.7868,5.983256518851493e+17,0.0
18.68078541842375,152.02453710540726,0.0,3.093423297240227,47.28734572076851,-47.28734572076851,pass_no_bh_halo_scale_down,9.0,47.28734572076851,0.0010969960237687815,0.00997907394749012,0.004450272942912725,1.0,1.0,677.0,none,0.0,30.257466809283386,17.029878911485124,32.0,32.0,355.0,44.2254347661102,0.05551617292990688,nonsingular_isothermal,1.0,0.01,2.0,0.3,1.0,0.0,strict_pass,1.0,none,none,,,1.0,1.0,1.0,1.0,1.0,1.0,0.0,0.0,0.0,0.0,0.0,3885.0,3885.0,1.0,inverse_phase_volume,geometric_mean,3885.0,3885.0,3885.0,0.0,420.0,0.0,0.0,1.1124902045018992e+34,4.769406153426765e+52,4.287144402823929e+18,1.9680974028294976e-13,843751.7764752763,1.185182689839708e-06,5081049335070.095,4.287144402823914e+18,0.0
18.68078541842375,304.0490742108145,0.0,5.0,41.580449510049114,-41.580449510049114,pass_no_bh_ml_up,9.0,41.580449510049114,0.0020443780171746084,0.009947669115629795,0.00572788843928127,1.0,1.0,651.0,none,0.0,24.206931877377055,17.37351763267203,32.0,32.0,1457.0,43.39758166173055,0.059804504651365165,nonsingular_isothermal,1.0,0.01,2.0,0.3,1.0,0.0,strict_pass,1.0,none,none,,,1.0,1.0,1.0,1.0,1.0,1.0,0.0,0.0,0.0,0.0,0.0,3885.0,3885.0,1.0,inverse_phase_volume,geometric_mean,3885.0,3885.0,3885.0,0.0,420.0,0.0,0.0,6.752250567240362e+33,1.7922746734922784e+52,2.654336736536096e+18,6.767966414205171e-13,1796446.188486725,5.566545808101112e-07,1477548703405.3787,2.654336736536095e+18,0.0
18.68078541842375,304.0490742108145,0.0,1.5467116486201136,41.11644493665226,-41.11644493665226,pass_no_bh_ml_down,9.0,41.11644493665226,0.0020634455226797854,0.009929422738990518,0.00573445629642628,1.0,1.0,651.0,none,0.0,23.76365016382196,17.35279477283029,32.0,32.0,1387.0,43.586080846793784,0.06191672442999452,nonsingular_isothermal,1.0,0.01,2.0,0.3,1.0,0.0,strict_pass,1.0,none,none,,,0.9979407979407979,1.0,0.9979407979407979,0.9845559845559846,0.9936507936507937,0.9952380952380953,0.015444015444015413,0.006349206349206327,0.004761904761904745,0.0,0.0,3877.0,3885.0,1.0,inverse_phase_volume,geometric_mean,3877.0,3877.0,3877.0,0.0,420.0,0.0,0.0,2.95312508502466e+33,1.827685193805207e+52,6.188986721468132e+18,8.114620414440303e-13,5022127.799472525,1.9911878787812413e-07,1232343534172.5396,6.18898672146813e+18,0.0
1.7759228675082839,31.57437244782867,0.0,2.7589842413478003,105.5984482698883,-105.5984482698883,pass_no_bh_halo_up,10.0,105.5984482698883,0.0012344870343952152,0.009946904075454684,0.0024488633377591712,1.0,1.0,715.0,none,0.0,51.640500178300734,53.95794809158756,32.0,32.0,571.0,20.54282904341252,0.16376166141068368,nonsingular_isothermal,1.0,0.01,2.0,0.3,1.0,0.0,strict_pass,1.0,none,none,,,0.9917631917631917,1.0,0.9917631917631917,0.975051975051975,0.9735449735449735,0.9571428571428572,0.02494802494802495,0.02645502645502651,0.042857142857142816,0.0,0.0,3853.0,3885.0,1.0,inverse_phase_volume,geometric_mean,3853.0,3853.0,3853.0,0.0,420.0,0.0,0.0,5.868820670882602e+34,4.683300225122621e+48,79799681874046.89,4.7408756571666564e-11,3783.203692463137,0.00026432623810137174,21093149711.453125,79799681874047.22,0.0
0.44398071687707097,31.57437244782867,0.0,2.7589842413478003,132.97153348676625,-132.97153348676625,pass_no_bh_halo_down,10.0,132.97153348676625,3.999688911449084e-05,0.009982469093486853,0.0024442508614053986,1.0,1.0,715.0,none,0.0,57.63354715095965,75.33798633580658,32.0,32.0,488.0,34.02390478115312,0.05350188561173846,nonsingular_isothermal,1.0,0.01,2.0,0.3,1.0,0.0,severe_coverage_warn,0.0,multiple,multiple,1;2;3;4;5;6;7,total orbit coverage 0.833 is below 0.85 | shell_band minimum coverage 0.665 is below 0.8 | shell_band coverage gap 0.314 exceeds 0.1 | Lfrac minimum coverage 0.56 is below 0.8 | Lfrac coverage gap 0.44 exceeds 0.1 | third_integral minimum coverage 0.729 is below 0.8 | third_integral coverage gap 0.271 exceeds 0.1 | 26 planned shell-band/Lfrac/third-integral cells have no successful orbit,0.8329472329472329,1.0,0.8329472329472329,0.6652806652806653,0.5597883597883598,0.7285714285714285,0.3139293139293139,0.44021164021164016,0.27142857142857146,26.0,0.0,3236.0,3885.0,1.0,inverse_phase_volume,geometric_mean,3236.0,3236.0,3236.0,0.0,420.0,0.0,0.0,2.054806548023415e+34,1.8595262714275569e+46,904964155003.4457,2.008051641989657e-09,1817.2147573964608,0.000550292691565365,497995160.6270247,904964155003.4502,0.0
0.8879614337541419,63.14874489565734,0.0,2.7589842413478003,128.8753865814663,-128.8753865814663,pass_no_bh_halo_scale_up,10.0,128.8753865814663,2.6669136161672213e-06,0.00999138337099053,0.002526446439775361,1.0,1.0,716.0,none,0.0,58.57972863078245,70.29565795068383,32.0,32.0,541.0,28.83563683846006,0.08984688078313471,nonsingular_isothermal,1.0,0.01,2.0,0.3,1.0,0.0,severe_coverage_warn,0.0,multiple,multiple,2;4;5;6,shell_band coverage gap 0.106 exceeds 0.1 | Lfrac coverage gap 0.166 exceeds 0.1 | third_integral coverage gap 0.102 exceeds 0.1 | 4 planned shell-band/Lfrac/third-integral cells have no successful orbit,0.9498069498069498,1.0,0.9498069498069498,0.893970893970894,0.8338624338624339,0.8976190476190476,0.10602910602910598,0.16613756613756614,0.10238095238095235,4.0,0.0,3690.0,3885.0,1.0,inverse_phase_volume,geometric_mean,3690.0,3690.0,3690.0,0.0,420.0,0.0,0.0,4.768012231499068e+34,2.3872378810127256e+47,5006778013784.951,1.659342130810945e-09,8307.957697891292,0.00012036652524769329,602648472.2058405,5006778013784.938,0.0
0.8879614337541419,15.787186223914334,0.0,2.7589842413478003,134.1256277749031,-134.1256277749031,pass_no_bh_halo_scale_down,10.0,134.1256277749031,9.330819102615351e-05,0.009930643709901706,0.0023358823709386887,1.0,1.0,717.0,none,0.0,57.43555578574287,76.69007198916023,32.0,32.0,532.0,32.26748853372004,0.0696316597544397,nonsingular_isothermal,1.0,0.01,2.0,0.3,1.0,0.0,severe_coverage_warn,0.0,inner,multiple,2;3,Lfrac coverage gap 0.104 exceeds 0.1 | third_integral coverage gap 0.138 exceeds 0.1 | 3 planned shell-band/Lfrac/third-integral cells have no successful orbit,0.9675675675675676,1.0,0.9675675675675676,0.9111969111969112,0.8962962962962963,0.861904761904762,0.08880308880308885,0.10370370370370374,0.13809523809523805,3.0,0.0,3759.0,3885.0,1.0,inverse_phase_volume,geometric_mean,3759.0,3759.0,3759.0,0.0,420.0,0.0,0.0,1.0280413762827027e+35,3.751821269518322e+47,3649484695922.008,3.835368509406123e-10,1399.7118678298857,0.0007144327507563401,2607311390.1507273,3649484695922.0103,0.0
0.8879614337541419,31.57437244782867,0.0,5.0,131.81390285411211,-131.81390285411211,pass_no_bh_ml_up,10.0,131.81390285411211,3.1872608445837614e-05,0.009933498362524504,0.002488382083511119,1.0,1.0,714.0,none,0.0,57.70196318687915,74.11193966723293,32.0,32.0,544.0,33.40331593778923,0.0586630558291467,nonsingular_isothermal,1.0,0.01,2.0,0.3,1.0,0.0,severe_coverage_warn,0.0,multiple,multiple,1;2;3;4;5;6;7,shell_band minimum coverage 0.757 is below 0.8 | shell_band coverage gap 0.241 exceeds 0.1 | Lfrac minimum coverage 0.676 is below 0.8 | Lfrac coverage gap 0.324 exceeds 0.1 | third_integral minimum coverage 0.781 is below 0.8 | third_integral coverage gap 0.219 exceeds 0.1 | 16 planned shell-band/Lfrac/third-integral cells have no successful orbit,0.8846846846846846,1.0,0.8846846846846846,0.7567567567567568,0.6761904761904762,0.780952380952381,0.24116424116424118,0.32380952380952377,0.21904761904761905,16.0,0.0,3437.0,3885.0,1.0,inverse_phase_volume,geometric_mean,3437.0,3437.0,3437.0,0.0,420.0,0.0,0.0,2.0460855971941503e+34,3.8030426999391266e+47,18586918871597.242,1.6637855502580237e-10,3092.464704238173,0.00032336666563389263,6010389979.916088,18586918871597.285,0.0
0.8879614337541419,31.57437244782867,0.0,1.3794921206739001,130.72303378669145,-130.72303378669145,pass_no_bh_ml_down,10.0,130.72303378669145,6.614643891111882e-05,0.009964704638968664,0.0024929505759912316,1.0,1.0,714.0,none,0.0,57.667029894472485,73.05600389221894,32.0,32.0,542.0,33.19810718113374,0.05815831614079063,nonsingular_isothermal,1.0,0.01,2.0,0.3,1.0,0.0,severe_coverage_warn,0.0,inner,multiple,1;2;3,shell_band coverage gap 0.123 exceeds 0.1 | 2 planned shell-band/Lfrac/third-integral cells have no successful orbit,0.9624195624195624,1.0,0.9624195624195624,0.8773388773388774,0.9015873015873016,0.9071428571428571,0.12266112266112261,0.0984126984126984,0.09285714285714286,2.0,0.0,3739.0,3885.0,1.0,inverse_phase_volume,geometric_mean,3739.0,3739.0,3739.0,0.0,420.0,0.0,0.0,2.6509523790022193e+34,2.9107148694257297e+47,10979883654195.559,2.8228779417045496e-10,3099.4871369911284,0.0003226340216306767,3542484020.3900776,10979883654195.664,0.0
25.0,17.25330576657638,0.0,3.9641771259789103,52.929356690073085,-52.929356690073085,pass_no_bh_halo_up,11.0,52.929356690073085,0.0006614154233730574,0.009900918058004417,0.0023343421588425304,1.0,1.0,715.0,none,0.0,38.201953241764016,14.72740344830908,32.0,32.0,478.0,45.59366997534078,0.05668048517487041,nonsingular_isothermal,1.0,0.01,2.0,0.3,1.0,0.0,strict_pass,1.0,none,none,,,1.0,1.0,1.0,1.0,1.0,1.0,0.0,0.0,0.0,0.0,0.0,3885.0,3885.0,1.0,inverse_phase_volume,geometric_mean,3885.0,3885.0,3885.0,0.0,420.0,0.0,0.0,2.6565622752837137e+40,2.0123340270060757e+53,7574955218360.781,2.333057508646491e-10,1767.2806149857392,0.0005658410959303536,4286220962.38058,7574955218360.719,0.0
8.28141737239801,17.25330576657638,0.0,3.9641771259789103,55.772646616254534,-55.772646616254534,pass_no_bh_halo_down,11.0,55.772646616254534,0.0010916708009389708,0.0099306740273282,0.0023334334775145134,1.0,1.0,716.0,none,0.0,35.99245236134673,19.78019425490782,32.0,32.0,518.0,36.26520673285497,0.07805072826398028,nonsingular_isothermal,1.0,0.01,2.0,0.3,1.0,0.0,strict_pass,1.0,none,none,,,0.9994851994851995,1.0,0.9994851994851995,0.9961389961389961,0.9978835978835979,0.9976190476190476,0.0038610038610038533,0.002116402116402072,0.0023809523809523725,0.0,0.0,3883.0,3885.0,1.0,inverse_phase_volume,geometric_mean,3883.0,3883.0,3883.0,0.0,420.0,0.0,0.0,3.3252368161127252e+37,2.2853182823655234e+51,68726482014508.38,2.373910336201545e-11,1631.5050602501224,0.0006129309827863434,42124590164.60089,68726482014508.89,0.0
16.56283474479602,34.50661153315276,0.0,3.9641771259789103,52.625452112846595,-52.625452112846595,pass_no_bh_halo_scale_up,11.0,52.625452112846595,0.0007184648089548773,0.009955743940509437,0.0024674475819289315,1.0,1.0,714.0,none,0.0,36.18770013361309,16.437751979233486,32.0,32.0,635.0,44.043146888169666,0.06050815718229901,nonsingular_isothermal,1.0,0.01,2.0,0.3,1.0,0.0,strict_pass,1.0,none,none,,,1.0,1.0,1.0,1.0,1.0,1.0,0.0,0.0,0.0,0.0,0.0,3885.0,3885.0,1.0,inverse_phase_volume,geometric_mean,3885.0,3885.0,3885.0,0.0,420.0,0.0,0.0,3.6522500596431795e+36,3.481019408186423e+52,9531163943704650.0,6.481752145488495e-13,6177.864234110988,0.0001618682382948001,1542792716466.3828,9531163943704600.0,0.0
16.56283474479602,8.62665288328819,0.0,3.9641771259789103,52.41009507405858,-52.41009507405858,pass_no_bh_halo_scale_down,11.0,52.41009507405858,0.000821396580725775,0.00991428071675805,0.002338024212165807,1.0,1.0,716.0,none,0.0,36.54401390633044,15.866081167728137,32.0,32.0,582.0,41.649161861553736,0.05885411944548631,nonsingular_isothermal,1.0,0.01,2.0,0.3,1.0,0.0,strict_pass,1.0,none,none,,,1.0,1.0,1.0,1.0,1.0,1.0,0.0,0.0,0.0,0.0,0.0,3885.0,3885.0,1.0,inverse_phase_volume,geometric_mean,3885.0,3885.0,3885.0,0.0,420.0,0.0,0.0,2.184583261781008e+40,3.427021919949142e+52,1568730283667.568,4.796620205269594e-10,752.4603375258204,0.0013289737015084672,2084801291.754128,1568730283667.5774,0.0
16.56283474479602,17.25330576657638,0.0,5.0,52.413884428371155,-52.413884428371155,pass_no_bh_ml_up,11.0,52.413884428371155,0.0007789425757351864,0.009972735469433612,0.002343009470119127,1.0,1.0,715.0,none,0.0,36.45358254385159,15.960301884519549,32.0,32.0,606.0,41.92029751743136,0.05978914517730027,nonsingular_isothermal,1.0,0.01,2.0,0.3,1.0,0.0,strict_pass,1.0,none,none,,,0.9984555984555985,1.0,0.9984555984555985,0.9884169884169884,0.9936507936507937,0.9976190476190476,0.01158301158301156,0.006349206349206327,0.0023809523809523725,0.0,0.0,3879.0,3885.0,1.0,inverse_phase_volume,geometric_mean,3879.0,3879.0,3879.0,0.0,420.0,0.0,0.0,9.752248755703314e+39,3.765564290098525e+52,3861226661077.884,4.394860028169353e-10,1696.955071247282,0.0005892907932235284,2275385321.9223976,3861226661077.842,0.0
16.56283474479602,17.25330576657638,0.0,1.9820885629894551,52.40530546558434,-52.40530546558434,pass_no_bh_ml_down,11.0,52.40530546558434,0.0007786439186148186,0.009902034490562461,0.002334514988190716,1.0,1.0,715.0,none,0.0,36.4533423805009,15.951963085083447,32.0,32.0,603.0,41.71689704421689,0.06092497861451481,nonsingular_isothermal,1.0,0.01,2.0,0.3,1.0,0.0,strict_pass,1.0,none,none,,,0.9997425997425997,1.0,0.9997425997425997,0.9980694980694981,0.9989417989417989,0.9976190476190476,0.0019305019305019266,0.0010582010582010914,0.0023809523809523725,0.0,0.0,3884.0,3885.0,1.0,inverse_phase_volume,geometric_mean,3884.0,3884.0,3884.0,0.0,420.0,0.0,0.0,2.741833053744656e+39,3.8778639376798055e+52,14143326240755.674,1.2495660620785999e-10,1767.3020475353978,0.000565834233822428,8002778167.138619,14143326240755.66,0.0
7.064485377805618,183.48091582874252,0.0,1.9791982936941332,63.39970041535864,-63.39970041535864,pass_no_bh_halo_up,12.0,63.39970041535864,0.0015088469655353265,0.009931791118448424,0.004870385400543982,1.0,1.0,668.0,none,0.0,34.04669471690284,29.353005698455792,32.0,32.0,1349.0,35.01267504040116,0.053472283036694886,nonsingular_isothermal,1.0,0.01,2.0,0.3,1.0,0.0,strict_pass,1.0,none,none,,,1.0,1.0,1.0,1.0,1.0,1.0,0.0,0.0,0.0,0.0,0.0,3885.0,3885.0,1.0,inverse_phase_volume,geometric_mean,3885.0,3885.0,3885.0,0.0,420.0,0.0,0.0,6.528418349608536e+32,7.734024351010995e+50,1.1846704571980672e+18,3.5881108697939546e-13,425072.8944596151,2.3525376777347233e-06,2786981886257.669,1.1846704571980652e+18,0.0
1.7661213444514046,183.48091582874252,0.0,1.9791982936941332,109.15603480569253,-109.15603480569253,pass_no_bh_halo_down,12.0,109.15603480569253,0.0006774551808064189,0.009907865069762177,0.004690119472671163,1.0,1.0,672.0,none,0.0,55.554062486029004,53.6019723196635,32.0,32.0,1124.0,28.061789567047917,0.09368735640289602,nonsingular_isothermal,1.0,0.01,2.0,0.3,1.0,0.0,strict_pass,1.0,none,none,,,0.9961389961389961,1.0,0.9961389961389961,0.9833679833679834,0.9841269841269841,0.9785714285714285,0.016632016632016633,0.015873015873015928,0.021428571428571463,0.0,0.0,3870.0,3885.0,1.0,inverse_phase_volume,geometric_mean,3870.0,3870.0,3870.0,0.0,420.0,0.0,0.0,2.3843217574881142e+34,2.628467569397016e+48,110239633604069.86,9.65831945247287e-10,106472.95976716587,9.39205599418661e-06,1035376811.5880293,110239633604068.72,0.0
3.532242688902809,366.96183165748505,0.0,1.9791982936941332,85.4884855814424,-85.4884855814424,pass_no_bh_halo_scale_up,12.0,85.4884855814424,0.001401119760529923,0.0099434807441442,0.005923740066733236,1.0,1.0,647.0,none,0.0,43.20213050188324,42.28635507955918,32.0,32.0,3067.0,24.62626024470684,0.11020768489774424,nonsingular_isothermal,1.0,0.01,2.0,0.3,1.0,0.0,strict_pass,1.0,none,none,,,0.9984555984555985,1.0,0.9984555984555985,0.9884169884169884,0.9936507936507937,0.9976190476190476,0.01158301158301156,0.006349206349206327,0.0023809523809523725,0.0,0.0,3879.0,3885.0,1.0,inverse_phase_volume,geometric_mean,3879.0,3879.0,3879.0,0.0,420.0,0.0,0.0,6.19672465984688e+34,1.7984906771768423e+49,290232465681520.6,1.765010020963968e-09,512263.2103369689,1.9521214481559114e-06,566569021.2080754,290232465681522.94,0.0
3.532242688902809,91.74045791437126,0.0,1.9791982936941332,92.71125296263716,-92.71125296263716,pass_no_bh_halo_scale_down,12.0,92.71125296263716,0.0010238432489160232,0.009968456978041976,0.0031646568794568195,1.0,1.0,700.0,none,0.0,45.83244025610801,46.87881270652916,32.0,32.0,532.0,36.31045592616203,0.04700654819639329,nonsingular_isothermal,1.0,0.01,2.0,0.3,1.0,0.0,strict_pass,1.0,none,none,,,1.0,1.0,1.0,1.0,1.0,1.0,0.0,0.0,0.0,0.0,0.0,3885.0,3885.0,1.0,inverse_phase_volume,geometric_mean,3885.0,3885.0,3885.0,0.0,420.0,0.0,0.0,6.590970952469126e+33,6.534764640066176e+49,9914722257451470.0,5.378210232765518e-12,53323.46070005374,1.875347149025142e-05,185935461188.87808,9914722257451508.0,0.0
3.532242688902809,183.48091582874252,0.0,3.9583965873882665,86.9094261547157,-86.9094261547157,pass_no_bh_ml_up,12.0,86.9094261547157,0.0011112157515071885,0.009935596056075685,0.00493449357966752,1.0,1.0,669.0,none,0.0,44.74157930123679,42.16784685347892,32.0,32.0,906.0,20.1687284902009,0.15553430491691084,nonsingular_isothermal,1.0,0.01,2.0,0.3,1.0,0.0,strict_pass,1.0,none,none,,,1.0,1.0,1.0,1.0,1.0,1.0,0.0,0.0,0.0,0.0,0.0,3885.0,3885.0,1.0,inverse_phase_volume,geometric_mean,3885.0,3885.0,3885.0,0.0,420.0,0.0,0.0,3.444779046792818e+35,5.048092034462684e+49,146543275080664.28,1.1929122261306453e-09,174813.2645009502,5.7203897133021305e-06,838284643.3250338,146543275080663.8,0.0
3.532242688902809,183.48091582874252,0.0,0.9895991468470666,85.37055949031216,-85.37055949031216,pass_no_bh_ml_down,12.0,85.37055949031216,0.0012162220081677333,0.009957414038357433,0.004903158012641041,1.0,1.0,669.0,none,0.0,44.38178243137242,40.988777058939746,32.0,32.0,558.0,22.735672158264478,0.13638621059302394,nonsingular_isothermal,1.0,0.01,2.0,0.3,1.0,0.0,strict_pass,1.0,none,none,,,0.9992277992277993,1.0,0.9992277992277993,0.9942084942084942,0.9968253968253968,0.9976190476190476,0.00579150579150578,0.0031746031746031633,0.0023809523809523725,0.0,0.0,3882.0,3885.0,1.0,inverse_phase_volume,geometric_mean,3882.0,3882.0,3882.0,0.0,420.0,0.0,0.0,5.378216999680977e+33,4.949607958378404e+49,9203064805068304.0,3.133981479933753e-11,288422.34657714143,3.4671377300251595e-06,31908293217.51889,9203064805068284.0,0.0
0.0,27.64513174995341,741717.3454993449,1.433594982833482,104.96679368003771,-104.96679368003771,pass_no_halo_bh_up,1.0,104.96679368003771,0.000447825989212447,0.009946063307444741,0.0009113122838566437,1.0,1.0,931.0,none,0.0,38.50407072448272,66.462722955555,32.0,32.0,193.0,15.674497289795207,0.2061196133551582,none,1.0,0.01,2.0,0.3,1.0,0.0,severe_coverage_warn,0.0,multiple,multiple,1;2;3;4;5;6;7;8,Lfrac minimum coverage 0.658 is below 0.8 | Lfrac coverage gap 0.342 exceeds 0.1 | third_integral minimum coverage 0.75 is below 0.8 | third_integral coverage gap 0.25 exceeds 0.1 | 24 planned shell-band/Lfrac/third-integral cells have no successful orbit,0.9168597168597169,1.0,0.9168597168597169,0.9147609147609148,0.6582010582010582,0.75,0.004158004158004158,0.34179894179894177,0.25,24.0,0.0,3562.0,3885.0,1.0,inverse_phase_volume,geometric_mean,3562.0,3562.0,3562.0,0.0,420.0,0.0,0.0,5.853738074436156e+43,1.5235516406661604e+51,26026986.880736236,0.00016456336914161778,4283.088649698598,0.00023347637226009093,6076.686477775216,26026986.88073598,0.0
0.0,27.64513174995341,185429.33637483622,1.433594982833482,122.38090211565626,-122.38090211565626,pass_no_halo_bh_down,1.0,122.38090211565626,0.00044853628104135623,0.009904145495676253,0.000907471546512008,1.0,1.0,935.0,none,0.0,41.56740199320452,80.81350012245173,32.0,32.0,316.0,25.72945952575134,0.11860594437695225,none,1.0,0.01,2.0,0.3,1.0,0.0,severe_coverage_warn,0.0,multiple,multiple,1;2;3;4;5;6;7;8,Lfrac minimum coverage 0.637 is below 0.8 | Lfrac coverage gap 0.363 exceeds 0.1 | third_integral minimum coverage 0.75 is below 0.8 | third_integral coverage gap 0.25 exceeds 0.1 | 25 planned shell-band/Lfrac/third-integral cells have no successful orbit,0.9117117117117117,1.0,0.9117117117117117,0.8856548856548857,0.6370370370370371,0.75,0.033264033264033266,0.36296296296296293,0.25,25.0,0.0,3542.0,3885.0,1.0,inverse_phase_volume,geometric_mean,3542.0,3542.0,3542.0,0.0,420.0,0.0,0.0,6.855594913633495e+41,9.52449408146097e+49,138930234.3771789,2.771627452426135e-05,3850.62851571791,0.0002596978638469259,36079.885091506556,138930234.37718064,0.0
0.0,27.64513174995341,370858.67274967243,2.867189965666964,109.0043923950458,-109.0043923950458,pass_no_halo_ml_up,1.0,109.0043923950458,0.0004239644714800761,0.009996294585945587,0.0009159147461290666,1.0,1.0,934.0,none,0.0,38.35619906686248,70.64819332818328,32.0,32.0,281.0,19.93370445248704,0.16121816676782222,none,1.0,0.01,2.0,0.3,1.0,0.0,severe_coverage_warn,0.0,multiple,multiple,1;2;3;4;5;6;7;8,Lfrac minimum coverage 0.642 is below 0.8 | Lfrac coverage gap 0.358 exceeds 0.1 | third_integral minimum coverage 0.75 is below 0.8 | third_integral coverage gap 0.25 exceeds 0.1 | 24 planned shell-band/Lfrac/third-integral cells have no successful orbit,0.912998712998713,1.0,0.912998712998713,0.8918918918918919,0.6423280423280423,0.75,0.027027027027027084,0.3576719576719577,0.25,24.0,0.0,3547.0,3885.0,1.0,inverse_phase_volume,geometric_mean,3547.0,3547.0,3547.0,0.0,420.0,0.0,0.0,2.7422330396705738e+42,3.809839023797974e+50,138931993.33108658,2.7697125399648818e-05,3848.0168413142956,0.0002598741224995389,36104.82985402808,138931993.33108723,0.0
0.0,27.64513174995341,370858.67274967243,0.716797491416741,109.78425998746583,-109.78425998746583,pass_no_halo_ml_down,1.0,109.78425998746583,0.00045611312708615515,0.009934305368307302,0.0009102349576786806,1.0,1.0,925.0,none,0.0,38.65763381090111,71.12662617656467,32.0,32.0,291.0,13.980517575964821,0.22532514137288753,none,1.0,0.01,2.0,0.3,1.0,0.0,severe_coverage_warn,0.0,multiple,multiple,1;2;3;4;5;6;7;8,Lfrac minimum coverage 0.661 is below 0.8 | Lfrac coverage gap 0.339 exceeds 0.1 | third_integral minimum coverage 0.75 is below 0.8 | third_integral coverage gap 0.25 exceeds 0.1 | 24 planned shell-band/Lfrac/third-integral cells have no successful orbit,0.9176319176319176,1.0,0.9176319176319176,0.9168399168399168,0.6613756613756614,0.75,0.0020790020790021346,0.3386243386243386,0.25,24.0,0.0,3565.0,3885.0,1.0,inverse_phase_volume,geometric_mean,3565.0,3565.0,3565.0,0.0,420.0,0.0,0.0,1.463434518726717e+43,3.809904957399945e+50,26033996.797580045,0.00016403331981405413,4270.44292273555,0.0002341677474896263,6096.322388241523,26033996.7975803,0.0
0.0,242.97601456714318,518536.62045306887,3.288536761231384,105.64945867057516,-105.64945867057516,pass_no_halo_bh_up,2.0,105.64945867057516,0.0005287450880189226,0.00994696456987393,0.0009113948624103196,1.0,1.0,902.0,none,0.0,38.89613017755821,66.75332849301694,32.0,32.0,222.0,13.443269000955008,0.23149992339857833,none,1.0,0.01,2.0,0.3,1.0,0.0,severe_coverage_warn,0.0,multiple,multiple,1;2;3;4;5;6;7;8,Lfrac minimum coverage 0.651 is below 0.8 | Lfrac coverage gap 0.349 exceeds 0.1 | third_integral minimum coverage 0.75 is below 0.8 | third_integral coverage gap 0.25 exceeds 0.1 | 24 planned shell-band/Lfrac/third-integral cells have no successful orbit,0.915057915057915,1.0,0.915057915057915,0.896049896049896,0.6507936507936508,0.75,0.022869022869022926,0.3492063492063492,0.25,24.0,0.0,3555.0,3885.0,1.0,inverse_phase_volume,geometric_mean,3555.0,3555.0,3555.0,0.0,420.0,0.0,0.0,3.9576483611534713e+43,7.442987141902052e+50,18806590.335207965,0.00021245766597422977,3995.6042875518,0.0002502750342709046,4706.820040663046,18806590.335208002,0.0
0.0,242.97601456714318,129634.15511326722,3.288536761231384,127.30552482409216,-127.30552482409216,pass_no_halo_bh_down,2.0,127.30552482409216,0.000608133960554369,0.009984218253180993,0.0009148082469994988,1.0,1.0,893.0,none,0.0,42.71722476700591,84.58830005708627,32.0,32.0,319.0,25.823649127905085,0.09565386745073333,none,1.0,0.01,2.0,0.3,1.0,0.0,severe_coverage_warn,0.0,multiple,multiple,1;2;3;4;5;6;7;8,Lfrac minimum coverage 0.62 is below 0.8 | Lfrac coverage gap 0.38 exceeds 0.1 | third_integral minimum coverage 0.75 is below 0.8 | third_integral coverage gap 0.25 exceeds 0.1 | 25 planned shell-band/Lfrac/third-integral cells have no successful orbit,0.9075933075933076,1.0,0.9075933075933076,0.8877338877338877,0.6201058201058202,0.75,0.031185031185031242,0.37989417989417984,0.25,25.0,0.0,3526.0,3885.0,1.0,inverse_phase_volume,geometric_mean,3526.0,3526.0,3526.0,0.0,420.0,0.0,0.0,2.6574503518846692e+42,4.648614100474479e+49,17492759.919964913,0.00015906463132248913,2782.4794074820365,0.0003593916983935328,6286.752697226517,17492759.919964936,0.0
0.0,242.97601456714318,259268.31022653444,5.0,113.0203953976312,-113.0203953976312,pass_no_halo_ml_up,2.0,113.0203953976312,0.0004883499280481374,0.009902097008652017,0.0009072838530165212,1.0,1.0,900.0,none,0.0,38.77793348926283,74.24246190836838,32.0,32.0,363.0,14.862688503842058,0.21374445765802944,none,1.0,0.01,2.0,0.3,1.0,0.0,severe_coverage_warn,0.0,multiple,multiple,1;2;3;4;5;6;7;8,Lfrac minimum coverage 0.625 is below 0.8 | Lfrac coverage gap 0.375 exceeds 0.1 | third_integral minimum coverage 0.75 is below 0.8 | third_integral coverage gap 0.25 exceeds 0.1 | 25 planned shell-band/Lfrac/third-integral cells have no successful orbit,0.9088803088803089,1.0,0.9088803088803089,0.8835758835758836,0.6253968253968254,0.75,0.0353430353430354,0.3746031746031746,0.25,25.0,0.0,3531.0,3885.0,1.0,inverse_phase_volume,geometric_mean,3531.0,3531.0,3531.0,0.0,420.0,0.0,0.0,2.1499104524789052e+43,1.858704106283671e+50,8645495.463034447,0.0003458376568455407,2989.937893204576,0.00033445510767055205,2891.5301159544456,8645495.463034417,0.0
0.0,242.97601456714318,259268.31022653444,1.644268380615692,111.27796304436991,-111.27796304436991,pass_no_halo_ml_down,2.0,111.27796304436991,0.0005520222539132646,0.009968942757918773,0.0009134086232444362,1.0,1.0,931.0,none,0.0,38.53891944095677,72.73904360341312,32.0,32.0,366.0,13.470247042722253,0.23157099999864303,none,1.0,0.01,2.0,0.3,1.0,0.0,severe_coverage_warn,0.0,multiple,multiple,1;2;3;4;5;6;7;8,Lfrac minimum coverage 0.652 is below 0.8 | Lfrac coverage gap 0.348 exceeds 0.1 | third_integral minimum coverage 0.75 is below 0.8 | third_integral coverage gap 0.25 exceeds 0.1 | 25 planned shell-band/Lfrac/third-integral cells have no successful orbit,0.9153153153153153,1.0,0.9153153153153153,0.8918918918918919,0.6518518518518519,0.75,0.027027027027027084,0.3481481481481481,0.25,25.0,0.0,3556.0,3885.0,1.0,inverse_phase_volume,geometric_mean,3556.0,3556.0,3556.0,0.0,420.0,0.0,0.0,9.894120902166631e+42,1.8621605149384085e+50,18820878.917404674,0.00021243602242736323,3998.2326558004734,0.0002501105078388174,4707.2995840049825,18820878.917404704,0.0
0.0,4.50760539329497,215178.2833961885,0.8400170235881779,119.31587815874393,-119.31587815874393,pass_no_halo_bh_up,6.0,119.31587815874393,0.0005211233776378776,0.00998470631032457,0.000914852965443009,1.0,1.0,902.0,none,0.0,39.93922952371006,79.37664863503386,32.0,32.0,357.0,24.367371170763526,0.13459766004362214,none,1.0,0.01,2.0,0.3,1.0,0.0,severe_coverage_warn,0.0,multiple,multiple,1;2;3;4;5;6;7;8,Lfrac minimum coverage 0.66 is below 0.8 | Lfrac coverage gap 0.34 exceeds 0.1 | third_integral minimum coverage 0.75 is below 0.8 | third_integral coverage gap 0.25 exceeds 0.1 | 24 planned shell-band/Lfrac/third-integral cells have no successful orbit,0.9173745173745174,1.0,0.9173745173745174,0.9147609147609148,0.6603174603174603,0.75,0.004158004158004158,0.3396825396825397,0.25,24.0,0.0,3564.0,3885.0,1.0,inverse_phase_volume,geometric_mean,3564.0,3564.0,3564.0,0.0,420.0,0.0,0.0,5.2550894518115675e+42,1.282346776331207e+50,24401997.11327746,0.00016883502578022539,4119.911811709176,0.00024272364208328593,5922.94161344052,24401997.1132774,0.0
0.0,4.50760539329497,53794.57084904712,0.8400170235881779,139.70700249449217,-139.70700249449217,pass_no_halo_bh_down,6.0,139.70700249449217,0.0004200111394538908,0.00996784364247951,0.0009133079163245007,1.0,1.0,928.0,none,0.0,47.394951374282506,92.31205112020962,32.0,32.0,232.0,29.01137578070135,0.0714760018099973,none,1.0,0.01,2.0,0.3,1.0,0.0,severe_coverage_warn,0.0,multiple,multiple,1;2;3;4;5;6;7;8,Lfrac minimum coverage 0.632 is below 0.8 | Lfrac coverage gap 0.368 exceeds 0.1 | third_integral minimum coverage 0.75 is below 0.8 | third_integral coverage gap 0.25 exceeds 0.1 | 25 planned shell-band/Lfrac/third-integral cells have no successful orbit,0.9104247104247104,1.0,0.9104247104247104,0.8856548856548857,0.6317460317460317,0.75,0.033264033264033266,0.3682539682539683,0.25,25.0,0.0,3537.0,3885.0,1.0,inverse_phase_volume,geometric_mean,3537.0,3537.0,3537.0,0.0,420.0,0.0,0.0,6.976650065340899e+41,8.015695551975989e+48,11489318.62269678,0.0002742352261297808,3150.775890572365,0.00031738214164712985,3646.50455053777,11489318.622696823,0.0
0.0,4.50760539329497,107589.14169809424,1.6800340471763557,128.02873015386714,-128.02873015386714,pass_no_halo_ml_up,6.0,128.02873015386714,0.0005506279993596763,0.00990931098006101,0.0009079448362173305,1.0,1.0,906.0,none,0.0,44.115575503854636,83.9131546500125,32.0,32.0,320.0,16.774761856789095,0.19461207643563033,none,1.0,0.01,2.0,0.3,1.0,0.0,severe_coverage_warn,0.0,multiple,multiple,1;2;3;4;5;6;7;8,Lfrac minimum coverage 0.632 is below 0.8 | Lfrac coverage gap 0.368 exceeds 0.1 | third_integral minimum coverage 0.75 is below 0.8 | third_integral coverage gap 0.25 exceeds 0.1 | 25 planned shell-band/Lfrac/third-integral cells have no successful orbit,0.9104247104247104,1.0,0.9104247104247104,0.8898128898128899,0.6317460317460317,0.75,0.029106029106029108,0.3682539682539683,0.25,25.0,0.0,3537.0,3885.0,1.0,inverse_phase_volume,geometric_mean,3537.0,3537.0,3537.0,0.0,420.0,0.0,0.0,2.790660026073325e+42,3.2060325116231363e+49,11488438.153228836,0.0002739179661068605,3146.8896126769027,0.0003177740954025234,3650.7280417301336,11488438.153228847,0.0
0.0,4.50760539329497,107589.14169809424,0.42000851179408893,126.67733985333834,-126.67733985333834,pass_no_halo_ml_down,6.0,126.67733985333834,0.0005126520323699424,0.009987334438087423,0.0009150937687678824,1.0,1.0,912.0,none,0.0,43.97619618223509,82.70114367110325,32.0,32.0,284.0,24.997127173043573,0.09893072855509487,none,1.0,0.01,2.0,0.3,1.0,0.0,severe_coverage_warn,0.0,multiple,multiple,1;2;3;4;5;6;7;8,Lfrac minimum coverage 0.66 is below 0.8 | Lfrac coverage gap 0.34 exceeds 0.1 | third_integral minimum coverage 0.75 is below 0.8 | third_integral coverage gap 0.25 exceeds 0.1 | 24 planned shell-band/Lfrac/third-integral cells have no successful orbit,0.9173745173745174,1.0,0.9173745173745174,0.9147609147609148,0.6603174603174603,0.75,0.004158004158004158,0.3396825396825397,0.25,24.0,0.0,3564.0,3885.0,1.0,inverse_phase_volume,geometric_mean,3564.0,3564.0,3564.0,0.0,420.0,0.0,0.0,1.3137723628394545e+42,3.1985664340499856e+49,24346428.07629876,0.0001683743259114273,4099.313415697864,0.0002439432896666577,5939.147756565015,24346428.076298837,0.0
0.0,19.787971165644112,3270831.2441495624,4.172633458415789,64.97241938226674,-64.97241938226674,pass_no_halo_bh_up,7.0,64.97241938226674,0.00036019424889843776,0.009955713260767583,0.0009121964649371287,1.0,1.0,925.0,none,0.0,31.218828175167616,33.753591207099134,32.0,32.0,326.0,28.29967889148761,0.10117486011658701,none,1.0,0.01,2.0,0.3,1.0,0.0,severe_coverage_warn,0.0,multiple,multiple,1;2;3;4;5;6;7;8,Lfrac minimum coverage 0.658 is below 0.8 | Lfrac coverage gap 0.342 exceeds 0.1 | third_integral minimum coverage 0.75 is below 0.8 | third_integral coverage gap 0.25 exceeds 0.1 | 24 planned shell-band/Lfrac/third-integral cells have no successful orbit,0.9168597168597169,1.0,0.9168597168597169,0.9147609147609148,0.6582010582010582,0.75,0.004158004158004158,0.34179894179894177,0.25,24.0,0.0,3562.0,3885.0,1.0,inverse_phase_volume,geometric_mean,3562.0,3562.0,3562.0,0.0,420.0,0.0,0.0,1.0443878210772607e+45,2.9616146019403954e+52,28357421.852023914,0.0001521879669268167,4315.658378945635,0.00023171435553810248,6570.821729163873,28357421.85202412,0.0
0.0,19.787971165644112,817707.8110373906,4.172633458415789,104.34474290071594,-104.34474290071594,pass_no_halo_bh_down,7.0,104.34474290071594,0.0005592607952280559,0.009919957469082143,0.0009089203253053238,1.0,1.0,913.0,none,0.0,38.76481909492994,65.57992380578598,32.0,32.0,220.0,16.876246230929443,0.1928407835212856,none,1.0,0.01,2.0,0.3,1.0,0.0,severe_coverage_warn,0.0,multiple,multiple,1;2;3;4;5;6;7;8,Lfrac minimum coverage 0.659 is below 0.8 | Lfrac coverage gap 0.341 exceeds 0.1 | third_integral minimum coverage 0.75 is below 0.8 | third_integral coverage gap 0.25 exceeds 0.1 | 24 planned shell-band/Lfrac/third-integral cells have no successful orbit,0.9171171171171171,1.0,0.9171171171171171,0.9085239085239085,0.6592592592592592,0.75,0.010395010395010451,0.3407407407407408,0.25,24.0,0.0,3563.0,3885.0,1.0,inverse_phase_volume,geometric_mean,3563.0,3563.0,3563.0,0.0,420.0,0.0,0.0,8.672892428891614e+43,1.8482066652224347e+51,21310153.2202289,0.00019805325026489885,4220.545108909341,0.00023693621894694465,5049.1471291811,21310153.220228933,0.0
0.0,19.787971165644112,1635415.6220747812,5.0,98.4544738004528,-98.4544738004528,pass_no_halo_ml_up,7.0,98.4544738004528,0.0005333401287543893,0.009929137895928962,0.0009097614858226002,1.0,1.0,917.0,none,0.0,37.20080110893599,61.25367269151681,32.0,32.0,253.0,28.344673744501733,0.0997130579051017,none,1.0,0.01,2.0,0.3,1.0,0.0,severe_coverage_warn,0.0,multiple,multiple,1;2;3;4;5;6;7;8,Lfrac minimum coverage 0.665 is below 0.8 | Lfrac coverage gap 0.335 exceeds 0.1 | third_integral minimum coverage 0.75 is below 0.8 | third_integral coverage gap 0.25 exceeds 0.1 | 24 planned shell-band/Lfrac/third-integral cells have no successful orbit,0.9184041184041184,1.0,0.9184041184041184,0.9168399168399168,0.6645502645502646,0.75,0.0020790020790021346,0.33544973544973544,0.25,24.0,0.0,3568.0,3885.0,1.0,inverse_phase_volume,geometric_mean,3568.0,3568.0,3568.0,0.0,420.0,0.0,0.0,2.2806649302841753e+44,7.407413072855734e+51,32479181.726764027,0.00012832625453169043,4167.931741249783,0.00023992715382141627,7792.637630151108,32479181.72676429,0.0
0.0,19.787971165644112,1635415.6220747812,2.0863167292078946,98.44853512790024,-98.44853512790024,pass_no_halo_ml_down,7.0,98.44853512790024,0.0006209457340276003,0.009967806965014255,0.0009133045557361357,1.0,1.0,911.0,none,0.0,37.41943684930837,61.02909827859188,32.0,32.0,250.0,26.39368120262093,0.08574721354171093,none,1.0,0.01,2.0,0.3,1.0,0.0,severe_coverage_warn,0.0,multiple,multiple,1;2;3;4;5;6;7;8,Lfrac minimum coverage 0.657 is below 0.8 | Lfrac coverage gap 0.343 exceeds 0.1 | third_integral minimum coverage 0.75 is below 0.8 | third_integral coverage gap 0.25 exceeds 0.1 | 24 planned shell-band/Lfrac/third-integral cells have no successful orbit,0.9166023166023166,1.0,0.9166023166023166,0.9147609147609148,0.6571428571428571,0.75,0.004158004158004158,0.34285714285714286,0.25,24.0,0.0,3561.0,3885.0,1.0,inverse_phase_volume,geometric_mean,3561.0,3561.0,3561.0,0.0,420.0,0.0,0.0,2.610969553079002e+44,7.378645899303205e+51,28260175.95878087,0.00015207779411833853,4297.745221207472,0.00023268014936423924,6575.5819631487775,28260175.958780706,0.0
0.0,304.0490742108145,4000000.0,3.093423297240227,56.9783434239569,-56.9783434239569,pass_no_halo_bh_up,9.0,56.9783434239569,0.0004513426901482376,0.009922649768869425,0.0009091670084192486,1.0,1.0,925.0,none,0.0,31.568179979734392,25.410163444222515,32.0,32.0,292.0,28.272329667177807,0.10408709234947049,none,1.0,0.01,2.0,0.3,1.0,0.0,severe_coverage_warn,0.0,multiple,multiple,1;2;3;4;5;6;7;8,Lfrac minimum coverage 0.663 is below 0.8 | Lfrac coverage gap 0.337 exceeds 0.1 | third_integral minimum coverage 0.75 is below 0.8 | third_integral coverage gap 0.25 exceeds 0.1 | 24 planned shell-band/Lfrac/third-integral cells have no successful orbit,0.9181467181467181,1.0,0.9181467181467181,0.9168399168399168,0.6634920634920635,0.75,0.0020790020790021346,0.33650793650793653,0.25,24.0,0.0,3567.0,3885.0,1.0,inverse_phase_volume,geometric_mean,3567.0,3567.0,3567.0,0.0,420.0,0.0,0.0,1.467304411142252e+45,4.4286597393167513e+52,30182283.278690442,0.000147544363747227,4453.225782792951,0.0002245563213668509,6777.622503514943,30182283.27869045,0.0
0.0,304.0490742108145,1966322.9604822162,3.093423297240227,90.49980679739407,-90.49980679739407,pass_no_halo_bh_down,9.0,90.49980679739407,0.00045844628280633515,0.009962331356082713,0.0009128028507372169,1.0,1.0,929.0,none,0.0,34.3653392057489,56.13446759164518,32.0,32.0,279.0,17.7124197877339,0.18485642842249778,none,1.0,0.01,2.0,0.3,1.0,0.0,severe_coverage_warn,0.0,multiple,multiple,1;2;3;4;5;6;7;8,Lfrac minimum coverage 0.657 is below 0.8 | Lfrac coverage gap 0.343 exceeds 0.1 | third_integral minimum coverage 0.75 is below 0.8 | third_integral coverage gap 0.25 exceeds 0.1 | 24 planned shell-band/Lfrac/third-integral cells have no successful orbit,0.9166023166023166,1.0,0.9166023166023166,0.9126819126819127,0.6571428571428571,0.75,0.006237006237006293,0.34285714285714286,0.25,24.0,0.0,3561.0,3885.0,1.0,inverse_phase_volume,geometric_mean,3561.0,3561.0,3561.0,0.0,420.0,0.0,0.0,3.9132511735615375e+44,1.0699134927591608e+52,27340782.518322445,0.00015701371417349642,4292.87781161159,0.00023294396996232926,6368.8704216946535,27340782.51832233,0.0
0.0,304.0490742108145,3932645.9209644324,5.0,57.3212825453735,-57.3212825453735,pass_no_halo_ml_up,9.0,57.3212825453735,0.00046200188796774455,0.009926514003014494,0.0009095210705175126,1.0,1.0,903.0,none,0.0,31.915189211518218,25.40609333385526,32.0,32.0,279.0,29.704598523247203,0.07535156490719538,none,1.0,0.01,2.0,0.3,1.0,0.0,severe_coverage_warn,0.0,multiple,multiple,1;2;3;4;5;6;7;8,Lfrac minimum coverage 0.663 is below 0.8 | Lfrac coverage gap 0.337 exceeds 0.1 | third_integral minimum coverage 0.75 is below 0.8 | third_integral coverage gap 0.25 exceeds 0.1 | 24 planned shell-band/Lfrac/third-integral cells have no successful orbit,0.9181467181467181,1.0,0.9181467181467181,0.9168399168399168,0.6634920634920635,0.75,0.0020790020790021346,0.33650793650793653,0.25,24.0,0.0,3567.0,3885.0,1.0,inverse_phase_volume,geometric_mean,3567.0,3567.0,3567.0,0.0,420.0,0.0,0.0,1.5089828890412965e+45,4.2715768900966985e+52,28307656.243939012,0.00015163633395146034,4292.469215589043,0.0002329661436751324,6594.725511631703,28307656.24393879,0.0
0.0,304.0490742108145,3932645.9209644324,1.5467116486201136,55.2917016135201,-55.2917016135201,pass_no_halo_ml_down,9.0,55.2917016135201,0.000822054797602334,0.009985511776320039,0.0009149267666076719,1.0,1.0,919.0,none,0.0,29.54589689003859,25.74580472348149,32.0,32.0,250.0,33.56500617429805,0.05668845283457819,none,1.0,0.01,2.0,0.3,1.0,0.0,severe_coverage_warn,0.0,multiple,multiple,1;2;3;4;5;6;7;8,Lfrac minimum coverage 0.666 is below 0.8 | Lfrac coverage gap 0.334 exceeds 0.1 | third_integral minimum coverage 0.75 is below 0.8 | third_integral coverage gap 0.25 exceeds 0.1 | 24 planned shell-band/Lfrac/third-integral cells have no successful orbit,0.9186615186615187,1.0,0.9186615186615187,0.9168399168399168,0.6656084656084656,0.75,0.0020790020790021346,0.33439153439153435,0.25,24.0,0.0,3569.0,3885.0,1.0,inverse_phase_volume,geometric_mean,3569.0,3569.0,3569.0,0.0,420.0,0.0,0.0,1.3438340914443303e+45,4.2839336296474106e+52,31878441.371011138,0.00013929427654907337,4440.484428287061,0.00022520065460194735,7179.04586444153,31878441.371011235,0.0
0.0,31.57437244782867,126734.65802055181,2.7589842413478003,125.75628267043324,-125.75628267043324,pass_no_halo_bh_up,10.0,125.75628267043324,0.000600152792756603,0.009909902258742987,0.0009079990123782306,1.0,1.0,901.0,none,0.0,43.20822798795252,82.54805468248072,32.0,32.0,299.0,18.87169228731639,0.17272492800077713,none,1.0,0.01,2.0,0.3,1.0,0.0,severe_coverage_warn,0.0,multiple,multiple,1;2;3;4;5;6;7;8,Lfrac minimum coverage 0.633 is below 0.8 | Lfrac coverage gap 0.367 exceeds 0.1 | third_integral minimum coverage 0.75 is below 0.8 | third_integral coverage gap 0.25 exceeds 0.1 | 25 planned shell-band/Lfrac/third-integral cells have no successful orbit,0.9106821106821107,1.0,0.9106821106821107,0.8898128898128899,0.6328042328042328,0.75,0.029106029106029108,0.3671957671957672,0.25,25.0,0.0,3538.0,3885.0,1.0,inverse_phase_volume,geometric_mean,3538.0,3538.0,3538.0,0.0,420.0,0.0,0.0,2.2463215704533722e+42,4.4231068036496417e+49,19690443.531452764,0.0001460981042367522,2876.7364715260737,0.000347616130256628,6844.715783440273,19690443.531452797,0.0
0.0,31.57437244782867,31683.664505137953,2.7589842413478003,164.8119984837374,-164.8119984837374,pass_no_halo_bh_down,10.0,164.8119984837374,0.0003931405744310723,0.009961767041592295,0.0009127511451818449,1.0,1.0,917.0,none,0.0,48.84795975867829,115.9640387250591,32.0,32.0,215.0,26.80130346317312,0.09620168882076037,none,1.0,0.01,2.0,0.3,1.0,0.0,severe_coverage_warn,0.0,multiple,multiple,1;2;3;4;5;6;7;8,total orbit coverage 0.813 is below 0.85 | shell_band minimum coverage 0.723 is below 0.8 | shell_band coverage gap 0.18 exceeds 0.1 | Lfrac minimum coverage 0.47 is below 0.8 | Lfrac coverage gap 0.53 exceeds 0.1 | third_integral minimum coverage 0.61 is below 0.8 | third_integral coverage gap 0.39 exceeds 0.1 | 32 planned shell-band/Lfrac/third-integral cells have no successful orbit,0.8128700128700128,1.0,0.8128700128700128,0.7234927234927235,0.46984126984126984,0.6095238095238096,0.1799821799821799,0.5301587301587302,0.3904761904761904,32.0,0.0,3158.0,3885.0,1.0,inverse_phase_volume,geometric_mean,3158.0,3158.0,3158.0,0.0,420.0,0.0,0.0,4.862642391067849e+41,2.780317913299211e+48,5717710.02203731,0.00029927340902735107,1711.1585701249653,0.0005843993756387933,3341.4261669622924,5717710.02203734,0.0
0.0,31.57437244782867,63367.329010275906,5.0,142.92814874437474,-142.92814874437474,pass_no_halo_ml_up,10.0,142.92814874437474,0.0006747717265795927,0.009962087101117737,0.0009127804707720895,1.0,1.0,868.0,none,0.0,45.75568810148443,97.17246064289027,32.0,32.0,248.0,26.41245631613056,0.11421386959688606,none,1.0,0.01,2.0,0.3,1.0,0.0,severe_coverage_warn,0.0,multiple,multiple,1;2;3;4;5;6;7;8,total orbit coverage 0.826 is below 0.85 | shell_band minimum coverage 0.73 is below 0.8 | shell_band coverage gap 0.174 exceeds 0.1 | Lfrac minimum coverage 0.476 is below 0.8 | Lfrac coverage gap 0.524 exceeds 0.1 | third_integral minimum coverage 0.633 is below 0.8 | third_integral coverage gap 0.367 exceeds 0.1 | 29 planned shell-band/Lfrac/third-integral cells have no successful orbit,0.8257400257400257,1.0,0.8257400257400257,0.7297297297297297,0.47619047619047616,0.6333333333333333,0.17374517374517373,0.5238095238095238,0.3666666666666667,29.0,0.0,3208.0,3885.0,1.0,inverse_phase_volume,geometric_mean,3208.0,3208.0,3208.0,0.0,420.0,0.0,0.0,7.425570214790612e+41,1.1124725080822332e+49,14981644.182238776,0.00012223242909847854,1831.2427602841246,0.000546077244201553,8181.134968645136,14981644.182238694,0.0
0.0,31.57437244782867,63367.329010275906,1.3794921206739001,132.96518346237616,-132.96518346237616,pass_no_halo_ml_down,10.0,132.96518346237616,0.0006713986569479857,0.009990123523541035,0.0009153493199096793,1.0,1.0,909.0,none,0.0,46.733513290615,86.23167017176115,32.0,32.0,211.0,14.900645467827989,0.21459554663955946,none,1.0,0.01,2.0,0.3,1.0,0.0,severe_coverage_warn,0.0,multiple,multiple,1;2;3;4;5;6;7;8,Lfrac minimum coverage 0.626 is below 0.8 | Lfrac coverage gap 0.374 exceeds 0.1 | third_integral minimum coverage 0.75 is below 0.8 | third_integral coverage gap 0.25 exceeds 0.1 | 25 planned shell-band/Lfrac/third-integral cells have no successful orbit,0.9091377091377091,1.0,0.9091377091377091,0.8835758835758836,0.6264550264550265,0.75,0.0353430353430354,0.3735449735449735,0.25,25.0,0.0,3532.0,3885.0,1.0,inverse_phase_volume,geometric_mean,3532.0,3532.0,3532.0,0.0,420.0,0.0,0.0,5.6158039265439894e+41,1.1107350736375308e+49,19778736.72525255,0.00014598192072258514,2887.3379766187018,0.00034633978013584615,6850.163328788755,19778736.725252554,0.0
0.0,17.25330576657638,849899.779953877,3.9641771259789103,104.02064219348478,-104.02064219348478,pass_no_halo_bh_up,11.0,104.02064219348478,0.00046785142815508607,0.00997537870309962,0.0009139983194609427,1.0,1.0,925.0,none,0.0,38.69934232819687,65.3212998652879,32.0,32.0,239.0,16.953589883121694,0.1925880045818209,none,1.0,0.01,2.0,0.3,1.0,0.0,severe_coverage_warn,0.0,multiple,multiple,1;2;3;4;5;6;7;8,Lfrac minimum coverage 0.654 is below 0.8 | Lfrac coverage gap 0.346 exceeds 0.1 | third_integral minimum coverage 0.75 is below 0.8 | third_integral coverage gap 0.25 exceeds 0.1 | 24 planned shell-band/Lfrac/third-integral cells have no successful orbit,0.9158301158301159,1.0,0.9158301158301159,0.9106029106029107,0.653968253968254,0.75,0.008316008316008316,0.346031746031746,0.25,24.0,0.0,3558.0,3885.0,1.0,inverse_phase_volume,geometric_mean,3558.0,3558.0,3558.0,0.0,420.0,0.0,0.0,8.996336113411482e+43,2.0005572621010923e+51,22237466.862967897,0.00018393961283061063,4090.3510451078164,0.0002444777939526805,5436.566841754183,22237466.86296772,0.0
0.0,17.25330576657638,212474.94498846924,3.9641771259789103,117.98867565454,-117.98867565454,pass_no_halo_bh_down,11.0,117.98867565454,0.0005296691613523308,0.009974096520020924,0.0009138808388906255,1.0,1.0,905.0,none,0.0,40.1917649193711,77.79691073516888,32.0,32.0,355.0,16.490122085783185,0.19671577331550807,none,1.0,0.01,2.0,0.3,1.0,0.0,severe_coverage_warn,0.0,multiple,multiple,1;2;3;4;5;6;7;8,Lfrac minimum coverage 0.625 is below 0.8 | Lfrac coverage gap 0.375 exceeds 0.1 | third_integral minimum coverage 0.75 is below 0.8 | third_integral coverage gap 0.25 exceeds 0.1 | 25 planned shell-band/Lfrac/third-integral cells have no successful orbit,0.9088803088803089,1.0,0.9088803088803089,0.8835758835758836,0.6253968253968254,0.75,0.033264033264033266,0.3746031746031746,0.25,25.0,0.0,3531.0,3885.0,1.0,inverse_phase_volume,geometric_mean,3531.0,3531.0,3531.0,0.0,420.0,0.0,0.0,1.3274491850315018e+43,1.2490432023867357e+50,9409348.519484717,0.00031938201775744173,3005.176715936041,0.0003327591334969211,3131.0466601142875,9409348.519484764,0.0
0.0,17.25330576657638,424949.8899769385,5.0,106.65943385311552,-106.65943385311552,pass_no_halo_ml_up,11.0,106.65943385311552,0.0012281201793484797,0.009909022316322777,0.003146231159108615,1.0,1.0,910.0,none,0.0,38.82850079825358,67.83093305486194,32.0,32.0,271.0,13.46434795421163,0.23131414798319846,none,1.0,0.01,2.0,0.3,1.0,0.0,severe_coverage_warn,0.0,multiple,multiple,1;2;3;4;5;6;7;8,Lfrac minimum coverage 0.639 is below 0.8 | Lfrac coverage gap 0.361 exceeds 0.1 | third_integral minimum coverage 0.75 is below 0.8 | third_integral coverage gap 0.25 exceeds 0.1 | 25 planned shell-band/Lfrac/third-integral cells have no successful orbit,0.9122265122265122,1.0,0.9122265122265122,0.8898128898128899,0.6391534391534391,0.75,0.029106029106029108,0.36084656084656086,0.25,25.0,0.0,3544.0,3885.0,1.0,inverse_phase_volume,geometric_mean,3544.0,3544.0,3544.0,0.0,420.0,0.0,0.0,4.0425724096131975e+43,5.000362235111987e+50,12369258.304987129,0.0002723993614684014,3369.378064116229,0.0002967906779740655,3671.0805583734855,12369258.30498718,0.0
0.0,17.25330576657638,424949.8899769385,1.9820885629894551,108.2737258720926,-108.2737258720926,pass_no_halo_ml_down,11.0,108.2737258720926,0.0004711925923857052,0.009962044159658064,0.0009127765362425699,1.0,1.0,917.0,none,0.0,39.06325899150604,69.21046688058658,32.0,32.0,284.0,14.457206092883236,0.21937042747865443,none,1.0,0.01,2.0,0.3,1.0,0.0,severe_coverage_warn,0.0,multiple,multiple,1;2;3;4;5;6;7;8,Lfrac minimum coverage 0.663 is below 0.8 | Lfrac coverage gap 0.337 exceeds 0.1 | third_integral minimum coverage 0.75 is below 0.8 | third_integral coverage gap 0.25 exceeds 0.1 | 24 planned shell-band/Lfrac/third-integral cells have no successful orbit,0.9181467181467181,1.0,0.9181467181467181,0.9168399168399168,0.6634920634920635,0.75,0.0020790020790021346,0.33650793650793653,0.25,24.0,0.0,3567.0,3885.0,1.0,inverse_phase_volume,geometric_mean,3567.0,3567.0,3567.0,0.0,420.0,0.0,0.0,2.2490840283037783e+43,5.0022124096481196e+50,22241109.477002088,0.0001832822294792202,4076.40013103633,0.00024531448529459574,5456.066323731488,22241109.477001946,0.0
0.0,183.48091582874252,56215.21696892591,1.9791982936941332,141.93752820246806,-141.93752820246806,pass_no_halo_bh_up,12.0,141.93752820246806,0.0004802727993364897,0.009911216185440238,0.0009081194014711087,1.0,1.0,912.0,none,0.0,46.85226680138232,95.08526140108572,32.0,32.0,229.0,29.043586848126687,0.09407771156108788,none,1.0,0.01,2.0,0.3,1.0,0.0,severe_coverage_warn,0.0,multiple,multiple,1;2;3;4;5;6;7;8,Lfrac minimum coverage 0.575 is below 0.8 | Lfrac coverage gap 0.425 exceeds 0.1 | third_integral minimum coverage 0.743 is below 0.8 | third_integral coverage gap 0.257 exceeds 0.1 | 26 planned shell-band/Lfrac/third-integral cells have no successful orbit,0.8957528957528957,1.0,0.8957528957528957,0.8690228690228691,0.5746031746031746,0.7428571428571429,0.04796554796554797,0.42539682539682544,0.2571428571428571,26.0,0.0,3480.0,3885.0,1.0,inverse_phase_volume,geometric_mean,3480.0,3480.0,3480.0,0.0,420.0,0.0,0.0,1.4090762905742773e+42,8.718037224474847e+48,6187058.346515617,0.0003990257387285435,2468.795527274972,0.0004050558213315416,2506.1040001740294,6187058.346515559,0.0
0.0,183.48091582874252,14053.804242231477,1.9791982936941332,216.79350223944715,-216.79350223944715,pass_no_halo_bh_down,12.0,216.79350223944715,0.0006085681241643215,0.00998010711374827,0.0009144315620991639,1.0,1.0,868.0,none,0.0,63.17749816448244,153.61600407496474,32.0,32.0,175.0,32.511536179232515,0.053940058451206675,none,1.0,0.01,2.0,0.3,1.0,0.0,severe_coverage_warn,0.0,multiple,multiple,1;2;3;4;5;6;7;8,total orbit coverage 0.746 is below 0.85 | shell_band minimum coverage 0.624 is below 0.8 | shell_band coverage gap 0.274 exceeds 0.1 | Lfrac minimum coverage 0.424 is below 0.8 | Lfrac coverage gap 0.576 exceeds 0.1 | third_integral minimum coverage 0.536 is below 0.8 | third_integral coverage gap 0.464 exceeds 0.1 | 49 planned shell-band/Lfrac/third-integral cells have no successful orbit,0.745945945945946,1.0,0.745945945945946,0.6237006237006237,0.42433862433862435,0.5357142857142857,0.27398277398277393,0.5756613756613757,0.4642857142857143,49.0,0.0,2898.0,3885.0,1.0,inverse_phase_volume,geometric_mean,2898.0,2898.0,2898.0,0.0,420.0,0.0,0.0,9.574582640444023e+40,5.463657860849405e+47,5706418.823699271,0.00022392890062146388,1277.8320936766054,0.0007825754298616644,4465.703163927152,5706418.823699273,0.0
0.0,183.48091582874252,28107.608484462955,3.9583965873882665,201.91245402688196,-201.91245402688196,pass_no_halo_ml_up,12.0,201.91245402688196,0.0005037702632364471,0.009945659525683806,0.0009112752871809377,1.0,1.0,862.0,none,0.0,53.07808818327063,148.83436584361135,32.0,32.0,201.0,32.355350180229294,0.053941132659647666,none,1.0,0.01,2.0,0.3,1.0,0.0,severe_coverage_warn,0.0,multiple,multiple,1;2;3;4;5;6;7;8,total orbit coverage 0.745 is below 0.85 | shell_band minimum coverage 0.622 is below 0.8 | shell_band coverage gap 0.276 exceeds 0.1 | Lfrac minimum coverage 0.421 is below 0.8 | Lfrac coverage gap 0.579 exceeds 0.1 | third_integral minimum coverage 0.536 is below 0.8 | third_integral coverage gap 0.464 exceeds 0.1 | 50 planned shell-band/Lfrac/third-integral cells have no successful orbit,0.7451737451737451,1.0,0.7451737451737451,0.6216216216216216,0.4211640211640212,0.5357142857142857,0.27606177606177607,0.5788359788359788,0.4642857142857143,50.0,0.0,2895.0,3885.0,1.0,inverse_phase_volume,geometric_mean,2895.0,2895.0,2895.0,0.0,420.0,0.0,0.0,3.8298330559898106e+41,2.1624000736771967e+48,5646199.304419367,0.0002236224645558444,1262.6170038277533,0.0007920058077535763,4471.822640834342,5646199.304419368,0.0
0.0,183.48091582874252,28107.608484462955,0.9895991468470666,164.50154287319413,-164.50154287319413,pass_no_halo_ml_down,12.0,164.50154287319413,0.0004169417882167181,0.009947376972418657,0.0009114326489690098,1.0,1.0,905.0,none,0.0,50.67834264695875,113.82320022623536,32.0,32.0,229.0,25.758886785537115,0.09322459796469455,none,1.0,0.01,2.0,0.3,1.0,0.0,severe_coverage_warn,0.0,multiple,multiple,1;2;3;4;5;6;7;8,Lfrac minimum coverage 0.571 is below 0.8 | Lfrac coverage gap 0.429 exceeds 0.1 | third_integral minimum coverage 0.743 is below 0.8 | third_integral coverage gap 0.257 exceeds 0.1 | 26 planned shell-band/Lfrac/third-integral cells have no successful orbit,0.894980694980695,1.0,0.894980694980695,0.8711018711018711,0.5714285714285714,0.7428571428571429,0.04588654588654595,0.4285714285714286,0.2571428571428571,26.0,0.0,3477.0,3885.0,1.0,inverse_phase_volume,geometric_mean,3477.0,3477.0,3477.0,0.0,420.0,0.0,0.0,3.522690725947982e+41,2.188590636950006e+48,6212837.876538367,0.00039735426909918845,2468.6976534636474,0.00040507188014578206,2516.6459196903147,6212837.876538343,0.0
22.925390446955927,21.10225625517448,782.9808857825471,1.937833527223413,52.466528605605745,-52.466528605605745,pass_full,13.0,52.466528605605745,0.0006467109582075636,0.009974962469157122,0.0024241841188313226,1.0,1.0,714.0,none,0.0,37.71110009342027,14.755428512185471,32.0,32.0,529.0,46.25913892470092,0.06215557157161014,nonsingular_isothermal,1.0,0.01,2.0,0.3,1.0,0.0,strict_pass,1.0,none,none,,,1.0,1.0,1.0,1.0,1.0,1.0,0.0,0.0,0.0,0.0,0.0,3885.0,3885.0,1.0,inverse_phase_volume,geometric_mean,3885.0,3885.0,3885.0,0.0,420.0,0.0,0.0,7.478579438046429e+40,1.1458756303612587e+53,1532210281182.2065,9.662157043425508e-10,1480.4456360333725,0.0006754722873035359,1034965583.2601451,1532210281182.2156,0.0
1.1289990964868712,8.056481207813157,5913.391570681448,1.1779660282282325,125.30999936377148,-125.30999936377148,pass_full,14.0,125.30999936377148,0.00032768122591164683,0.009936246190714322,0.0023009551109520947,1.0,1.0,719.0,none,0.0,53.94788088857903,71.36211847519246,32.0,32.0,276.0,28.61095441919354,0.0921277802766635,nonsingular_isothermal,1.0,0.01,2.0,0.3,1.0,0.0,strict_pass,1.0,none,none,,,0.9974259974259975,1.0,0.9974259974259975,0.9806949806949807,0.9894179894179894,0.9880952380952381,0.019305019305019266,0.010582010582010581,0.011904761904761862,0.0,0.0,3875.0,3885.0,1.0,inverse_phase_volume,geometric_mean,3875.0,3875.0,3875.0,0.0,420.0,0.0,0.0,1.375325512623299e+39,1.7808781679060704e+48,1294877577.3883662,3.7714520563518157e-07,488.3568701965239,0.002047682875020436,2651498.640466122,1294877577.3883734,0.0
23.370055002804424,36.093755868850025,1086733.3657137367,1.0471242974204493,52.60752102307304,-52.60752102307304,pass_full,15.0,52.60752102307304,0.0006706823413793472,0.009957123537495609,0.002367887977995538,1.0,1.0,713.0,none,0.0,37.57427922541398,15.033241797659068,32.0,32.0,563.0,50.206111358940134,0.056011797314809285,nonsingular_isothermal,1.0,0.01,2.0,0.3,1.0,0.0,strict_pass,1.0,none,none,,,0.9969111969111969,1.0,0.9969111969111969,0.9768339768339769,0.9894179894179894,0.9904761904761905,0.02316602316602312,0.010582010582010581,0.00952380952380949,0.0,0.0,3873.0,3885.0,1.0,inverse_phase_volume,geometric_mean,3873.0,3873.0,3873.0,0.0,420.0,0.0,0.0,1.300568560680763e+43,1.7390190891443524e+53,13371221954.143572,6.516631933499251e-08,871.3533197627787,0.0011476400873439545,15345350.331348661,13371221954.143513,0.0
21.26937000936127,6.417371809647148,2817425.4971092627,0.7507027442144742,54.567060446729506,-54.567060446729506,pass_full,16.0,54.567060446729506,0.0008491684280329537,0.00997678860783782,0.0023103435942988383,1.0,1.0,717.0,none,0.0,37.750598198228836,16.816462248500695,32.0,32.0,504.0,49.696196122458126,0.046032416692611614,nonsingular_isothermal,1.0,0.01,2.0,0.3,1.0,0.0,strict_pass,1.0,none,none,,,0.998970398970399,1.0,0.998970398970399,0.9922779922779923,0.9957671957671957,0.9928571428571429,0.007722007722007707,0.004232804232804255,0.0071428571428571175,0.0,0.0,3881.0,3885.0,1.0,inverse_phase_volume,geometric_mean,3881.0,3881.0,3881.0,0.0,420.0,0.0,0.0,3.449425015320986e+44,1.473589166836973e+53,427198492.5869879,5.616775842874076e-07,239.94781732748123,0.004167572812863716,1780380.8234018916,427198492.5869877,0.0
2.9147195247198887,1.328862831400071,1254.8177359754145,1.2236246532121722,84.1266940797474,-84.1266940797474,pass_full,17.0,84.1266940797474,0.0006949614515576741,0.009919651250219498,0.002301049147162127,1.0,1.0,716.0,none,0.0,42.526719594594475,41.59997448515292,32.0,32.0,410.0,31.26745489240232,0.08325317746634803,nonsingular_isothermal,1.0,0.01,2.0,0.3,1.0,0.0,strict_pass,1.0,none,none,,,1.0,1.0,1.0,1.0,1.0,1.0,0.0,0.0,0.0,0.0,0.0,3885.0,3885.0,1.0,inverse_phase_volume,geometric_mean,3885.0,3885.0,3885.0,0.0,420.0,0.0,0.0,6.294377538489804e+42,3.7343103925989003e+49,5932771.540575345,7.973560862552939e-05,473.0531496239923,0.0021139273690384537,12541.448133874586,5932771.540575313,0.0
4.304665355387585,423.1544876892977,3373.00785637053,1.5055469139695543,99.18324645204055,-99.18324645204055,pass_full,18.0,99.18324645204055,0.0013260685221183621,0.009910557292155122,0.006251185772386722,1.0,1.0,640.0,none,0.0,51.70837202702237,47.47487442501818,32.0,32.0,545.0,22.107295824012166,0.12379224442540059,nonsingular_isothermal,1.0,0.01,2.0,0.3,1.0,0.0,strict_pass,1.0,none,none,,,0.9981981981981982,1.0,0.9981981981981982,0.9864864864864865,0.9957671957671957,0.9952380952380953,0.013513513513513487,0.004232804232804255,0.004761904761904745,0.0,0.0,3878.0,3885.0,1.0,inverse_phase_volume,geometric_mean,3878.0,3878.0,3878.0,0.0,420.0,0.0,0.0,3.7487607169587004e+37,1.9464501326278282e+49,519224959817.37317,3.459175337823819e-08,17960.9017578281,5.567649183116092e-05,28908624.233806662,519224959817.37006,0.0
6.814201715940787,149.1005280097593,11847.445866572507,2.4346914481024213,71.98596045693664,-71.98596045693664,pass_full,19.0,71.98596045693664,0.0014414483504765485,0.009919006623750266,0.004174623373690365,1.0,1.0,681.0,none,0.0,44.13468747775571,27.85127297918095,32.0,32.0,562.0,30.71288562710857,0.10112326580754499,nonsingular_isothermal,1.0,0.01,2.0,0.3,1.0,0.0,strict_pass,1.0,none,none,,,1.0,1.0,1.0,1.0,1.0,1.0,0.0,0.0,0.0,0.0,0.0,3885.0,3885.0,1.0,inverse_phase_volume,geometric_mean,3885.0,3885.0,3885.0,0.0,420.0,0.0,0.0,7.211756975233752e+38,8.767507744928113e+50,1215724236831.1968,1.2775293051418643e-08,15531.23339523097,6.438638674421444e-05,78276090.88692914,1215724236831.2085,0.0
20.174179193069847,162.50748188726547,2543.7713675933187,3.497697825672797,47.97979861045158,-47.97979861045158,pass_full,20.0,47.97979861045158,0.0010677860352785729,0.009972028201735383,0.004497383080199649,1.0,1.0,676.0,none,0.0,32.91156613241201,15.068232478039567,32.0,32.0,327.0,44.171038192222504,0.05629908020711895,nonsingular_isothermal,1.0,0.01,2.0,0.3,1.0,0.0,strict_pass,1.0,none,none,,,0.9974259974259975,1.0,0.9974259974259975,0.9806949806949807,0.9957671957671957,0.9928571428571429,0.019305019305019266,0.004232804232804255,0.0071428571428571175,0.0,0.0,3875.0,3885.0,1.0,inverse_phase_volume,geometric_mean,3875.0,3875.0,3875.0,0.0,420.0,0.0,0.0,1.088385957226957e+40,6.168769843593565e+52,5667814622774.68,1.4417960906132616e-08,81718.32965437227,1.2237156635842909e-05,69357935.32181478,5667814622774.69,0.0
17.813696757911927,2.824236322520624,1010149.8431885304,4.1028534496312075,51.52222621633291,-51.52222621633291,pass_full,21.0,51.52222621633291,0.0009280014501484857,0.009913722964536449,0.002295739365348132,1.0,1.0,718.0,none,0.0,34.17971522078803,17.342510995544878,32.0,32.0,398.0,38.18268090134339,0.06574420162687306,nonsingular_isothermal,1.0,0.01,2.0,0.3,1.0,0.0,strict_pass,1.0,none,none,,,1.0,1.0,1.0,1.0,1.0,1.0,0.0,0.0,0.0,0.0,0.0,3885.0,3885.0,1.0,inverse_phase_volume,geometric_mean,3885.0,3885.0,3885.0,0.0,420.0,0.0,0.0,4.0820228532213515e+42,9.281774389226646e+52,22738173506.06423,2.0236215661713298e-08,460.1345828221737,0.002173277204826975,49416354.16013031,22738173506.064346,0.0
11.653636519057475,30.128289221520102,58713.59182324763,3.601574447474144,57.41248622968212,-57.41248622968212,pass_full,22.0,57.41248622968212,0.0009586859138437376,0.009966450006222842,0.002478836421059507,1.0,1.0,714.0,none,0.0,38.373732698294376,19.03875353138774,32.0,32.0,706.0,47.50242705227042,0.053456798186983845,nonsingular_isothermal,1.0,0.01,2.0,0.3,1.0,0.0,strict_pass,1.0,none,none,,,0.9992277992277993,1.0,0.9992277992277993,0.9942084942084942,0.9968253968253968,0.9976190476190476,0.00579150579150578,0.0031746031746031633,0.0023809523809523725,0.0,0.0,3882.0,3885.0,1.0,inverse_phase_volume,geometric_mean,3882.0,3882.0,3882.0,0.0,420.0,0.0,0.0,4.35949321583329e+41,8.906714829887568e+51,20430619773.736946,6.519869212671039e-08,1332.0496885857565,0.000750722745982325,15337730.978660585,20430619773.736946,0.0
17.590246786888812,15.191521151300504,32490.93164151565,4.058107735586841,52.66846444635987,-52.66846444635987,pass_full,23.0,52.66846444635987,0.0007271908426389473,0.00991898755799742,0.002296958497100567,1.0,1.0,718.0,none,0.0,36.852824773690884,15.815639672668983,32.0,32.0,629.0,40.542537039165616,0.06526134621737464,nonsingular_isothermal,1.0,0.01,2.0,0.3,1.0,0.0,strict_pass,1.0,none,none,,,1.0,1.0,1.0,1.0,1.0,1.0,0.0,0.0,0.0,0.0,0.0,3885.0,3885.0,1.0,inverse_phase_volume,geometric_mean,3885.0,3885.0,3885.0,0.0,420.0,0.0,0.0,1.5795552044227486e+43,5.610969225052174e+52,3552246359.82426,3.2794038970217014e-07,1164.9250555588837,0.0008584243211424795,3049334.669962986,3552246359.824262,0.0
21.17363269116025,2.208208302597843,1653055.5909524611,2.8405177263793684,53.48164391361036,-53.48164391361036,pass_full,24.0,53.48164391361036,0.0007679537742575349,0.009954179596672304,0.002305107983304871,1.0,1.0,718.0,none,0.0,37.796301707271,15.68534220633936,32.0,32.0,553.0,46.48780561698397,0.06917263541858616,nonsingular_isothermal,1.0,0.01,2.0,0.3,1.0,0.0,strict_pass,1.0,none,none,,,1.0,1.0,1.0,1.0,1.0,1.0,0.0,0.0,0.0,0.0,0.0,3885.0,3885.0,1.0,inverse_phase_volume,geometric_mean,3885.0,3885.0,3885.0,0.0,420.0,0.0,0.0,3.7229727053184044e+43,2.1465374796149795e+53,5765654624.726556,8.140956566643222e-08,469.379438781641,0.0021304725289963285,12283568.789660454,5765654624.726504,0.0
22.925390446955927,21.10225625517448,0.0,1.937833527223413,52.47367525587948,-52.47367525587948,pass_no_bh,13.0,52.47367525587948,0.0006397052875897202,0.009923907954698717,0.0024150412005820967,1.0,1.0,715.0,none,0.0,37.71673262444436,14.756942631435125,32.0,32.0,537.0,46.167665079328785,0.06221616660244938,nonsingular_isothermal,1.0,0.01,2.0,0.3,1.0,0.0,strict_pass,1.0,none,none,,,1.0,1.0,1.0,1.0,1.0,1.0,0.0,0.0,0.0,0.0,0.0,3885.0,3885.0,1.0,inverse_phase_volume,geometric_mean,3885.0,3885.0,3885.0,0.0,420.0,0.0,0.0,1.7530071978349346e+40,1.168605489362066e+53,6666290308478.833,3.086606754319118e-10,2057.621669240285,0.0004859979922204163,3239803705.4791336,6666290308478.836,0.0
1.1289990964868712,8.056481207813157,0.0,1.1779660282282325,130.0786389699611,-130.0786389699611,pass_no_bh,14.0,130.0786389699611,9.690544416685043e-05,0.009937788436582764,0.002301312251711817,1.0,1.0,716.0,none,0.0,56.50684570744135,73.57179326251976,32.0,32.0,851.0,23.36992265409859,0.15027142195469906,nonsingular_isothermal,1.0,0.01,2.0,0.3,1.0,0.0,strict_pass,1.0,none,none,,,0.998970398970399,1.0,0.998970398970399,0.9922779922779923,0.9957671957671957,0.9976190476190476,0.007722007722007707,0.004232804232804255,0.0023809523809523725,0.0,0.0,3881.0,3885.0,1.0,inverse_phase_volume,geometric_mean,3881.0,3881.0,3881.0,0.0,420.0,0.0,0.0,6.890974728030625e+36,6.755515527387728e+47,98034251960.1489,6.399366805043201e-09,627.3571377510135,0.0015939883996296885,156265460.39085022,98034251960.14816,0.0
23.370055002804424,36.093755868850025,0.0,1.0471242974204493,53.20632292632977,-53.20632292632977,pass_no_bh,15.0,53.20632292632977,0.0006074318378637145,0.009951378405356981,0.00247734116774643,1.0,1.0,714.0,none,0.0,37.786890928580355,15.419431997749411,32.0,32.0,669.0,50.93170108228662,0.05348531256074765,nonsingular_isothermal,1.0,0.01,2.0,0.3,1.0,0.0,strict_pass,1.0,none,none,,,0.9981981981981982,1.0,0.9981981981981982,0.9864864864864865,0.9925925925925926,0.9976190476190476,0.013513513513513487,0.007407407407407418,0.0023809523809523725,0.0,0.0,3878.0,3885.0,1.0,inverse_phase_volume,geometric_mean,3878.0,3878.0,3878.0,0.0,420.0,0.0,0.0,1.865591825308872e+36,1.384926112000382e+53,7.423521550707322e+16,9.828304911233344e-14,7296.063331546388,0.00013706021378354067,10174694507666.744,7.423521550707378e+16,0.0
21.26937000936127,6.417371809647148,0.0,0.7507027442144742,51.72992365184608,-51.72992365184608,pass_no_bh,16.0,51.72992365184608,0.0007173034072849305,0.009976206432501687,0.002344812183755693,1.0,1.0,714.0,none,0.0,37.21576167401564,14.514161977830453,32.0,32.0,483.0,50.25739553350322,0.055726542051456336,nonsingular_isothermal,1.0,0.01,2.0,0.3,1.0,0.0,strict_pass,1.0,none,none,,,1.0,1.0,1.0,1.0,1.0,1.0,0.0,0.0,0.0,0.0,0.0,3885.0,3885.0,1.0,inverse_phase_volume,geometric_mean,3885.0,3885.0,3885.0,0.0,420.0,0.0,0.0,6.154825372255658e+43,9.450525208661863e+52,1535466018.4612803,4.1455615812127957e-07,636.5368935390851,0.0015710008487333615,2412218.418203903,1535466018.461278,0.0
2.9147195247198887,1.328862831400071,0.0,1.2236246532121722,83.16841884802918,-83.16841884802918,pass_no_bh,17.0,83.16841884802918,0.0008289255934812445,0.009974665208820422,0.0023365659129692276,1.0,1.0,715.0,none,0.0,42.706664898115996,40.461753949913174,32.0,32.0,387.0,35.86041967174843,0.06256733513086889,nonsingular_isothermal,1.0,0.01,2.0,0.3,1.0,0.0,strict_pass,1.0,none,none,,,1.0,1.0,1.0,1.0,1.0,1.0,0.0,0.0,0.0,0.0,0.0,3885.0,3885.0,1.0,inverse_phase_volume,geometric_mean,3885.0,3885.0,3885.0,0.0,420.0,0.0,0.0,8.84778952804843e+40,2.982657907631892e+49,337107692.05986995,1.2209649382023078e-06,411.5966724034026,0.0024295628877677323,819024.3378096947,337107692.0598706,0.0
4.304665355387585,423.1544876892977,0.0,1.5055469139695543,83.1944898542501,-83.1944898542501,pass_no_bh,18.0,83.1944898542501,0.0013792181261607084,0.009916980817321012,0.006364824059744795,1.0,1.0,640.0,none,0.0,41.92696353211118,41.267526322138906,32.0,32.0,1696.0,25.851956071091102,0.09252809792673443,nonsingular_isothermal,1.0,0.01,2.0,0.3,1.0,0.0,strict_pass,1.0,none,none,,,1.0,1.0,1.0,1.0,1.0,1.0,0.0,0.0,0.0,0.0,0.0,3885.0,3885.0,1.0,inverse_phase_volume,geometric_mean,3885.0,3885.0,3885.0,0.0,420.0,0.0,0.0,6.698840026310487e+34,2.97704402987331e+49,444411871037465.75,1.89553105217738e-09,842396.5015077633,1.1870894504074388e-06,527556643.7444054,444411871037464.56,0.0
6.814201715940787,149.1005280097593,0.0,2.4346914481024213,66.56215265938427,-66.56215265938427,pass_no_bh,19.0,66.56215265938427,0.0013218360476230373,0.009909847244047773,0.004264146584706979,1.0,1.0,679.0,none,0.0,36.097043678837885,30.465108980546365,32.0,32.0,450.0,27.989813533391562,0.09943857442536705,nonsingular_isothermal,1.0,0.01,2.0,0.3,1.0,0.0,strict_pass,1.0,none,none,,,1.0,1.0,1.0,1.0,1.0,1.0,0.0,0.0,0.0,0.0,0.0,3885.0,3885.0,1.0,inverse_phase_volume,geometric_mean,3885.0,3885.0,3885.0,0.0,420.0,0.0,0.0,3.226454908275084e+33,7.91273353266629e+50,2.4524543989045142e+17,1.0164215765287923e-12,249272.75664995154,4.011669840857414e-06,983843734816.3407,2.4524543989045315e+17,0.0
20.174179193069847,162.50748188726547,0.0,3.497697825672797,45.948286524455526,-45.948286524455526,pass_no_bh,20.0,45.948286524455526,0.0010917325910142495,0.009906916560813004,0.004606678680989561,1.0,1.0,675.0,none,0.0,30.23551522778909,15.712771296666427,32.0,32.0,340.0,44.276258333422746,0.056149177258786924,nonsingular_isothermal,1.0,0.01,2.0,0.3,1.0,0.0,strict_pass,1.0,none,none,,,1.0,1.0,1.0,1.0,1.0,1.0,0.0,0.0,0.0,0.0,0.0,3885.0,3885.0,1.0,inverse_phase_volume,geometric_mean,3885.0,3885.0,3885.0,0.0,420.0,0.0,0.0,9.485478433052721e+33,6.190190682367415e+52,6.525965691722331e+18,1.5688368401389435e-13,1023817.5394656721,9.767365389363203e-07,6374149142949.979,6.52596569172227e+18,0.0
17.813696757911927,2.824236322520624,0.0,4.1028534496312075,52.28642672936165,-52.28642672936165,pass_no_bh,21.0,52.28642672936165,0.0007820976239898414,0.00995903263846296,0.002307978928528779,1.0,1.0,714.0,none,0.0,37.031007610627704,15.255419118733965,32.0,32.0,520.0,37.467778679151394,0.07782057077729267,nonsingular_isothermal,1.0,0.01,2.0,0.3,1.0,0.0,strict_pass,1.0,none,none,,,1.0,1.0,1.0,1.0,1.0,1.0,0.0,0.0,0.0,0.0,0.0,3885.0,3885.0,1.0,inverse_phase_volume,geometric_mean,3885.0,3885.0,3885.0,0.0,420.0,0.0,0.0,1.6725051438671123e+43,4.228170415929812e+52,2528046285.199203,1.7523674314339838e-07,443.00659753407973,0.002257302725436435,5706565.769609674,2528046285.199229,0.0
11.653636519057475,30.128289221520102,0.0,3.601574447474144,56.644031281213394,-56.644031281213394,pass_no_bh,22.0,56.644031281213394,0.0009098783505550045,0.009974317109414321,0.0025063545855213442,1.0,1.0,714.0,none,0.0,38.31612770722417,18.32790357398926,32.0,32.0,559.0,49.6353577927005,0.06144994465617679,nonsingular_isothermal,1.0,0.01,2.0,0.3,1.0,0.0,strict_pass,1.0,none,none,,,0.9981981981981982,1.0,0.9981981981981982,0.9864864864864865,0.9925925925925926,0.9976190476190476,0.013513513513513487,0.007407407407407418,0.0023809523809523725,0.0,0.0,3878.0,3885.0,1.0,inverse_phase_volume,geometric_mean,3878.0,3878.0,3878.0,0.0,420.0,0.0,0.0,7.995986684054855e+37,8.59031833697962e+51,107432874470763.55,4.081256331030583e-11,4384.6109909462,0.00022807040397994344,24502259081.273727,107432874470764.12,0.0
21.17363269116025,2.208208302597843,0.0,2.8405177263793684,52.01488176496077,-52.01488176496077,pass_no_bh,24.0,52.01488176496077,0.0007202009684519339,0.009944596682412623,0.0023240293635441167,1.0,1.0,715.0,none,0.0,37.47079145877641,14.54409030618434,32.0,32.0,562.0,50.61479531415729,0.051603814484106274,nonsingular_isothermal,1.0,0.01,2.0,0.3,1.0,0.0,strict_pass,1.0,none,none,,,1.0,1.0,1.0,1.0,1.0,1.0,0.0,0.0,0.0,0.0,0.0,3885.0,3885.0,1.0,inverse_phase_volume,geometric_mean,3885.0,3885.0,3885.0,0.0,420.0,0.0,0.0,2.550463929951265e+43,9.996539211100543e+52,3919498368.005369,1.3084505687968064e-07,512.8469869014797,0.0019498993375037703,7642627.271120804,3919498368.0053825,0.0
0.0,21.10225625517448,782.9808857825471,1.937833527223413,186.9139447961113,-186.9139447961113,pass_no_halo,13.0,186.9139447961113,8.789609316295355e-05,0.00998497035147936,0.0009148771583261999,1.0,1.0,907.0,none,0.0,61.27622818535726,125.63771661075404,32.0,32.0,361.0,37.59676291615699,0.053941808000659786,none,1.0,0.01,2.0,0.3,1.0,0.0,severe_coverage_warn,0.0,multiple,multiple,1;2;3;4;5;6;7;8,total orbit coverage 0.508 is below 0.85 | shell_band minimum coverage 0.214 is below 0.8 | shell_band coverage gap 0.489 exceeds 0.1 | Lfrac minimum coverage 0.271 is below 0.8 | Lfrac coverage gap 0.729 exceeds 0.1 | third_integral minimum coverage 0.29 is below 0.8 | third_integral coverage gap 0.658 exceeds 0.1 | 114 planned shell-band/Lfrac/third-integral cells have no successful orbit,0.5081081081081081,1.0,0.5081081081081081,0.21413721413721415,0.2708994708994709,0.2904761904761905,0.4885654885654886,0.729100529100529,0.6580952380952381,114.0,0.0,1974.0,3885.0,1.0,inverse_phase_volume,geometric_mean,1974.0,1974.0,1974.0,0.0,420.0,0.0,0.0,1.5120951727956288e+37,1.4853462995537463e+45,98231005.97613655,2.9832714292616823e-06,293.0497535962455,0.0034123898339043397,335202.4861671692,98231005.97613783,0.0
0.0,8.056481207813157,5913.391570681448,1.1779660282282325,236.68117920142316,-236.68117920142316,pass_no_halo,14.0,236.68117920142316,0.00042369370061123846,0.009928844129916702,0.000909734569386692,1.0,1.0,932.0,none,0.0,67.3626391953991,169.31854000602408,32.0,32.0,187.0,33.68545246450797,0.05394259108249931,none,1.0,0.01,2.0,0.3,1.0,0.0,severe_coverage_warn,0.0,multiple,multiple,1;2;3;4;5;6;7;8,total orbit coverage 0.697 is below 0.85 | shell_band minimum coverage 0.565 is below 0.8 | shell_band coverage gap 0.326 exceeds 0.1 | Lfrac minimum coverage 0.382 is below 0.8 | Lfrac coverage gap 0.618 exceeds 0.1 | third_integral minimum coverage 0.462 is below 0.8 | third_integral coverage gap 0.538 exceeds 0.1 | 61 planned shell-band/Lfrac/third-integral cells have no successful orbit,0.6972972972972973,1.0,0.6972972972972973,0.5654885654885655,0.382010582010582,0.46190476190476193,0.32640332640332637,0.617989417989418,0.5380952380952381,61.0,0.0,2709.0,3885.0,1.0,inverse_phase_volume,geometric_mean,2709.0,2709.0,2709.0,0.0,420.0,0.0,0.0,1.696539556040036e+40,9.6093992250223e+46,5664117.403458603,0.00018409776980456196,1042.7513818879488,0.000959001366355856,5431.896329116856,5664117.403458678,0.0
0.0,36.093755868850025,1086733.3657137367,1.0471242974204493,102.58994638639055,-102.58994638639055,pass_no_halo,15.0,102.58994638639055,0.00042908136390451546,0.009975583758797526,0.0009140171077765404,1.0,1.0,924.0,none,0.0,38.534906475327126,64.05503991106345,32.0,32.0,230.0,17.694109755228148,0.1844117612271831,none,1.0,0.01,2.0,0.3,1.0,0.0,severe_coverage_warn,0.0,multiple,multiple,1;2;3;4;5;6;7;8,Lfrac minimum coverage 0.658 is below 0.8 | Lfrac coverage gap 0.342 exceeds 0.1 | third_integral minimum coverage 0.75 is below 0.8 | third_integral coverage gap 0.25 exceeds 0.1 | 24 planned shell-band/Lfrac/third-integral cells have no successful orbit,0.9168597168597169,1.0,0.9168597168597169,0.9126819126819127,0.6582010582010582,0.75,0.006237006237006293,0.34179894179894177,0.25,24.0,0.0,3562.0,3885.0,1.0,inverse_phase_volume,geometric_mean,3562.0,3562.0,3562.0,0.0,420.0,0.0,0.0,1.1084256906723144e+44,3.271196072961724e+51,29512091.793700516,0.00014875189402470794,4389.979550944027,0.00022779149387722287,6722.603477128824,29512091.79370075,0.0
0.0,6.417371809647148,2817425.4971092627,0.7507027442144742,73.44164016119285,-73.44164016119285,pass_no_halo,16.0,73.44164016119285,0.0004170939431418219,0.009953859519200397,0.0009120266150770331,1.0,1.0,925.0,none,0.0,34.241524043865915,39.20011611732698,32.0,32.0,294.0,30.587106478972395,0.0842848662232465,none,1.0,0.01,2.0,0.3,1.0,0.0,severe_coverage_warn,0.0,multiple,multiple,1;2;3;4;5;6;7;8,Lfrac minimum coverage 0.663 is below 0.8 | Lfrac coverage gap 0.337 exceeds 0.1 | third_integral minimum coverage 0.75 is below 0.8 | third_integral coverage gap 0.25 exceeds 0.1 | 24 planned shell-band/Lfrac/third-integral cells have no successful orbit,0.9181467181467181,1.0,0.9181467181467181,0.9168399168399168,0.6634920634920635,0.75,0.0020790020790021346,0.33650793650793653,0.25,24.0,0.0,3567.0,3885.0,1.0,inverse_phase_volume,geometric_mean,3567.0,3567.0,3567.0,0.0,420.0,0.0,0.0,6.769769952269826e+44,2.193551280055358e+52,32402153.921343897,0.00013763475528187172,4459.66252556969,0.0002242322135960853,7265.60669906399,32402153.921343774,0.0
0.0,1.328862831400071,1254.8177359754145,1.2236246532121722,199.2049535134198,-199.2049535134198,pass_no_halo,17.0,199.2049535134198,9.341529369066848e-05,0.009952611508519584,0.0009119122655672166,1.0,1.0,936.0,none,0.0,63.54646787011159,135.65848564330824,32.0,32.0,325.0,35.02068772277164,0.05394273334495811,none,1.0,0.01,2.0,0.3,1.0,0.0,severe_coverage_warn,0.0,multiple,multiple,1;2;3;4;5;6;7;8,total orbit coverage 0.553 is below 0.85 | shell_band minimum coverage 0.349 is below 0.8 | shell_band coverage gap 0.475 exceeds 0.1 | Lfrac minimum coverage 0.317 is below 0.8 | Lfrac coverage gap 0.683 exceeds 0.1 | third_integral minimum coverage 0.307 is below 0.8 | third_integral coverage gap 0.693 exceeds 0.1 | 104 planned shell-band/Lfrac/third-integral cells have no successful orbit,0.5531531531531532,1.0,0.5531531531531532,0.3492723492723493,0.31746031746031744,0.30714285714285716,0.47505197505197505,0.6825396825396826,0.6928571428571428,104.0,0.0,2149.0,3885.0,1.0,inverse_phase_volume,geometric_mean,2149.0,2149.0,2149.0,0.0,420.0,0.0,0.0,7.723082507462887e+38,4.362416713737085e+45,5648543.453370647,0.00011863262619122334,670.1015440286066,0.0014923111413653303,8429.384327951275,5648543.453370688,0.0
0.0,423.1544876892977,3373.00785637053,1.5055469139695543,219.04644136698863,-219.04644136698863,pass_no_halo,18.0,219.04644136698863,0.0002486977378737265,0.009930153675978663,0.0009098545571019971,1.0,1.0,868.0,none,0.0,67.01560591362094,152.03083545336773,32.0,32.0,180.0,34.87059580005482,0.05394150772856972,none,1.0,0.01,2.0,0.3,1.0,0.0,severe_coverage_warn,0.0,multiple,multiple,1;2;3;4;5;6;7;8,total orbit coverage 0.598 is below 0.85 | shell_band minimum coverage 0.474 is below 0.8 | shell_band coverage gap 0.393 exceeds 0.1 | Lfrac minimum coverage 0.341 is below 0.8 | Lfrac coverage gap 0.659 exceeds 0.1 | third_integral minimum coverage 0.324 is below 0.8 | third_integral coverage gap 0.676 exceeds 0.1 | 86 planned shell-band/Lfrac/third-integral cells have no successful orbit,0.5976833976833977,1.0,0.5976833976833977,0.47401247401247404,0.34074074074074073,0.3238095238095238,0.3927828927828928,0.6592592592592592,0.6761904761904762,86.0,0.0,2322.0,3885.0,1.0,inverse_phase_volume,geometric_mean,2322.0,2322.0,2322.0,0.0,420.0,0.0,0.0,5.539117529420938e+39,3.150489252768773e+46,5687709.704722814,0.00014845511297870669,844.3695868047051,0.0011843155125757635,6736.04283433089,5687709.704722769,0.0
0.0,149.1005280097593,11847.445866572507,2.4346914481024213,241.6793856086008,-1000000.0,solver_failed_no_halo,19.0,241.6793856086008,2.124586581415059,19.041410264356703,1.7446773200079646,0.0,0.0,115.0,line_search_failed,2.0,85.3286343274345,156.3507512811663,32.0,32.0,164.0,22.626880823273687,0.14254518224339785,none,1.0,0.01,2.0,0.3,1.0,0.0,severe_coverage_warn,0.0,multiple,multiple,1;2;3;4;5;6;7;8,total orbit coverage 0.69 is below 0.85 | shell_band minimum coverage 0.555 is below 0.8 | shell_band coverage gap 0.337 exceeds 0.1 | Lfrac minimum coverage 0.372 is below 0.8 | Lfrac coverage gap 0.628 exceeds 0.1 | third_integral minimum coverage 0.457 is below 0.8 | third_integral coverage gap 0.543 exceeds 0.1 | 63 planned shell-band/Lfrac/third-integral cells have no successful orbit,0.6903474903474903,1.0,0.6903474903474903,0.5550935550935551,0.3724867724867725,0.45714285714285713,0.3367983367983368,0.6275132275132276,0.5428571428571429,63.0,0.0,2682.0,3885.0,1.0,inverse_phase_volume,geometric_mean,2682.0,2682.0,2682.0,0.0,420.0,0.0,0.0,6.810498064430934e+40,3.884782818213691e+47,5704109.716296193,0.00018439789794319865,1051.8258413223994,0.0009507277352520245,5423.055312203379,5704109.716296226,0.0
0.0,162.50748188726547,2543.7713675933187,3.497697825672797,191.76884443221616,-191.76884443221616,pass_no_halo,20.0,191.76884443221616,7.100081461430818e-06,0.009940907154830222,0.0009108398491787411,1.0,1.0,931.0,none,0.0,61.7723210890662,129.99652334314993,32.0,32.0,312.0,32.47187812835873,0.05394138582666343,none,1.0,0.01,2.0,0.3,1.0,0.0,severe_coverage_warn,0.0,multiple,multiple,1;2;3;4;5;6;7;8,total orbit coverage 0.539 is below 0.85 | shell_band minimum coverage 0.291 is below 0.8 | shell_band coverage gap 0.497 exceeds 0.1 | Lfrac minimum coverage 0.301 is below 0.8 | Lfrac coverage gap 0.699 exceeds 0.1 | third_integral minimum coverage 0.3 is below 0.8 | third_integral coverage gap 0.698 exceeds 0.1 | 112 planned shell-band/Lfrac/third-integral cells have no successful orbit,0.5392535392535392,1.0,0.5392535392535392,0.2910602910602911,0.30052910052910053,0.3,0.49658449658449655,0.6994708994708995,0.6980952380952381,112.0,0.0,2095.0,3885.0,1.0,inverse_phase_volume,geometric_mean,2095.0,2095.0,2095.0,0.0,420.0,0.0,0.0,1.1254622301200858e+39,1.7944570920010777e+46,15944178.702555045,3.221700631648086e-05,513.6737059713186,0.0019467611216522653,31039.507214810405,15944178.70255514,0.0
0.0,2.824236322520624,1010149.8431885304,4.1028534496312075,102.6508838202235,-102.6508838202235,pass_no_halo,21.0,102.6508838202235,0.0005211156131537109,0.009990792377947375,0.0009154106039793427,1.0,1.0,912.0,none,0.0,38.781548679862446,63.86933514036105,32.0,32.0,245.0,16.754233736988965,0.19374954692634866,none,1.0,0.01,2.0,0.3,1.0,0.0,severe_coverage_warn,0.0,multiple,multiple,1;2;3;4;5;6;7;8,Lfrac minimum coverage 0.656 is below 0.8 | Lfrac coverage gap 0.344 exceeds 0.1 | third_integral minimum coverage 0.75 is below 0.8 | third_integral coverage gap 0.25 exceeds 0.1 | 24 planned shell-band/Lfrac/third-integral cells have no successful orbit,0.9163449163449163,1.0,0.9163449163449163,0.9131274131274131,0.656084656084656,0.75,0.005791505791505891,0.34391534391534395,0.25,24.0,0.0,3560.0,3885.0,1.0,inverse_phase_volume,geometric_mean,3560.0,3560.0,3560.0,0.0,420.0,0.0,0.0,1.3402082042395942e+44,2.814798513373633e+51,21002695.733911656,0.00019406397744158862,4075.8666711183587,0.0002453465926856765,5152.93983552919,21002695.73391154,0.0
0.0,30.128289221520102,58713.59182324763,3.601574447474144,491.8871180363728,-1000000.0,solver_failed_no_halo,22.0,491.8871180363728,5.033497109624932,38.9922966621818,3.5726857778424717,0.0,0.0,39.0,line_search_failed,2.0,114.74212494260615,377.1449930937667,32.0,32.0,2067.0,19.273846492008275,0.1228964315412407,none,1.0,0.01,2.0,0.3,1.0,0.0,severe_coverage_warn,0.0,multiple,multiple,1;2;3;4;5;6;7;8,total orbit coverage 0.844 is below 0.85 | shell_band minimum coverage 0.757 is below 0.8 | shell_band coverage gap 0.146 exceeds 0.1 | Lfrac minimum coverage 0.488 is below 0.8 | Lfrac coverage gap 0.512 exceeds 0.1 | third_integral minimum coverage 0.652 is below 0.8 | third_integral coverage gap 0.348 exceeds 0.1 | 27 planned shell-band/Lfrac/third-integral cells have no successful orbit,0.8435006435006435,1.0,0.8435006435006435,0.7567567567567568,0.48783068783068784,0.6523809523809524,0.14553014553014554,0.5121693121693122,0.3476190476190476,27.0,0.0,3277.0,3885.0,1.0,inverse_phase_volume,geometric_mean,3277.0,3277.0,3277.0,0.0,420.0,0.0,0.0,7.63837149673187e+40,9.530732438869607e+48,124774403.06415309,1.6062365654101903e-05,2004.1720862887187,0.0004989591496864812,62257.33005552806,124774403.06415302,0.0
0.0,2.208208302597843,1653055.5909524611,2.8405177263793684,89.15099687888845,-89.15099687888845,pass_no_halo,24.0,89.15099687888845,0.000457039707711715,0.009990495027060209,0.0009153833590777455,1.0,1.0,921.0,none,0.0,32.39058935307229,56.76040752581616,32.0,32.0,250.0,17.887002956654765,0.18249598366336492,none,1.0,0.01,2.0,0.3,1.0,0.0,severe_coverage_warn,0.0,multiple,multiple,1;2;3;4;5;6;7;8,Lfrac minimum coverage 0.667 is below 0.8 | Lfrac coverage gap 0.333 exceeds 0.1 | third_integral minimum coverage 0.75 is below 0.8 | third_integral coverage gap 0.25 exceeds 0.1 | 24 planned shell-band/Lfrac/third-integral cells have no successful orbit,0.918918918918919,1.0,0.918918918918919,0.918918918918919,0.6666666666666666,0.75,0.0,0.33333333333333337,0.25,24.0,0.0,3570.0,3885.0,1.0,inverse_phase_volume,geometric_mean,3570.0,3570.0,3570.0,0.0,420.0,0.0,0.0,7.588176004663323e+43,7.561859879938665e+51,99653195.64664176,4.289339459453819e-05,4274.463843478123,0.00023394746958165915,23313.612957257865,99653195.64664182,0.0
25.0,21.10225625517448,0.0,1.937833527223413,53.28749053727968,-53.28749053727968,pass_no_bh_halo_up,13.0,53.28749053727968,0.0006245353633715922,0.009924396035913401,0.0024150218908623403,1.0,1.0,715.0,none,0.0,38.19794783658768,15.089542700691997,32.0,32.0,465.0,46.87657228331298,0.05634205408349046,nonsingular_isothermal,1.0,0.01,2.0,0.3,1.0,0.0,strict_pass,1.0,none,none,,,0.9984555984555985,1.0,0.9984555984555985,0.9884169884169884,0.9936507936507937,0.9976190476190476,0.01158301158301156,0.006349206349206327,0.0023809523809523725,0.0,0.0,3879.0,3885.0,1.0,inverse_phase_volume,geometric_mean,3879.0,3879.0,3879.0,0.0,420.0,0.0,0.0,2.464451995983728e+40,1.6525383542102998e+53,6705500277154.56,3.048297142332876e-10,2044.0357332762537,0.0004892282379022622,3280520084.8454537,6705500277154.555,0.0
11.462695223477963,21.10225625517448,0.0,1.937833527223413,55.936291050924446,-55.936291050924446,pass_no_bh_halo_down,13.0,55.936291050924446,0.0009876978793599278,0.009934963104246,0.0024150530354247112,1.0,1.0,715.0,none,0.0,38.15070608543575,17.785584965488688,32.0,32.0,518.0,43.14706627458823,0.06654809640066817,nonsingular_isothermal,1.0,0.01,2.0,0.3,1.0,0.0,strict_pass,1.0,none,none,,,0.998970398970399,1.0,0.998970398970399,0.9922779922779923,0.9957671957671957,0.9976190476190476,0.007722007722007707,0.004232804232804255,0.0023809523809523725,0.0,0.0,3881.0,3885.0,1.0,inverse_phase_volume,geometric_mean,3881.0,3881.0,3881.0,0.0,420.0,0.0,0.0,4.300334523159967e+38,7.307206442275592e+51,16992181428960.365,1.2024410670177548e-10,2043.2096768398446,0.0004894260297096196,8316415892.881629,16992181428960.42,0.0
22.925390446955927,42.20451251034896,0.0,1.937833527223413,52.480567846512066,-52.480567846512066,pass_no_bh_halo_scale_up,13.0,52.480567846512066,0.0005985594414497086,0.009976800888800137,0.0025344313409047373,1.0,1.0,715.0,none,0.0,37.37027378206465,15.110294064447427,32.0,32.0,650.0,48.683684649469974,0.061851744033658805,nonsingular_isothermal,1.0,0.01,2.0,0.3,1.0,0.0,strict_pass,1.0,none,none,,,0.9994851994851995,1.0,0.9994851994851995,0.9961389961389961,0.9978835978835979,0.9976190476190476,0.0038610038610038533,0.002116402116402072,0.0023809523809523725,0.0,0.0,3883.0,3885.0,1.0,inverse_phase_volume,geometric_mean,3883.0,3883.0,3883.0,0.0,420.0,0.0,0.0,1.2100141444799078e+36,1.4033891899046696e+53,1.1598122189785466e+17,1.0816544477675414e-13,12545.160452332964,7.971201355292628e-05,9245096731806.812,1.1598122189785557e+17,0.0
22.925390446955927,10.55112812758724,0.0,1.937833527223413,52.386807606819744,-52.386807606819744,pass_no_bh_halo_scale_down,13.0,52.386807606819744,0.0006737444356801348,0.00993117259235419,0.0023911800875129263,1.0,1.0,715.0,none,0.0,37.33349420698135,15.053313399838393,32.0,32.0,500.0,45.76155610038425,0.06465053895067062,nonsingular_isothermal,1.0,0.01,2.0,0.3,1.0,0.0,strict_pass,1.0,none,none,,,1.0,1.0,1.0,1.0,1.0,1.0,0.0,0.0,0.0,0.0,0.0,3885.0,3885.0,1.0,inverse_phase_volume,geometric_mean,3885.0,3885.0,3885.0,0.0,420.0,0.0,0.0,3.1711936566135044e+41,1.3814166220645447e+53,435614084678.6853,2.2621719430139974e-09,985.4339603418455,0.0010147813453202908,442053046.8907033,435614084678.6853,0.0
22.925390446955927,21.10225625517448,0.0,3.875667054446826,52.47364771475531,-52.47364771475531,pass_no_bh_ml_up,13.0,52.47364771475531,0.000639910534950161,0.009923433988186887,0.0024152984297291496,1.0,1.0,715.0,none,0.0,37.717154257676754,14.756493457078555,32.0,32.0,539.0,46.195318285934064,0.062160735469476265,nonsingular_isothermal,1.0,0.01,2.0,0.3,1.0,0.0,strict_pass,1.0,none,none,,,0.9992277992277993,1.0,0.9992277992277993,0.9942084942084942,0.9968253968253968,0.9976190476190476,0.00579150579150578,0.0031746031746031633,0.0023809523809523725,0.0,0.0,3882.0,3885.0,1.0,inverse_phase_volume,geometric_mean,3882.0,3882.0,3882.0,0.0,420.0,0.0,0.0,1.8183567729510466e+40,1.1687863218702917e+53,6427706263460.309,3.1866321258973494e-10,2048.27352749744,0.0004882160446714311,3138109328.2564015,6427706263460.362,0.0
22.925390446955927,21.10225625517448,0.0,0.9689167636117065,52.473706201396375,-52.473706201396375,pass_no_bh_ml_down,13.0,52.473706201396375,0.000639998690012078,0.009924813934183672,0.002415533247109949,1.0,1.0,715.0,none,0.0,37.71645740220383,14.757248799192553,32.0,32.0,536.0,46.24092513660342,0.06221828399561022,nonsingular_isothermal,1.0,0.01,2.0,0.3,1.0,0.0,strict_pass,1.0,none,none,,,0.998970398970399,1.0,0.998970398970399,0.9922779922779923,0.9957671957671957,0.9976190476190476,0.007722007722007707,0.004232804232804255,0.0023809523809523725,0.0,0.0,3881.0,3885.0,1.0,inverse_phase_volume,geometric_mean,3881.0,3881.0,3881.0,0.0,420.0,0.0,0.0,1.7207696144219843e+40,1.168525776101894e+53,6790716004677.988,3.0276916652822066e-10,2056.0194248662096,0.0004863767277223427,3302846229.247031,6790716004678.01,0.0
2.2579981929737425,8.056481207813157,0.0,1.1779660282282325,91.78709893293734,-91.78709893293734,pass_no_bh_halo_up,14.0,91.78709893293734,0.0006577642293450481,0.009999912646380981,0.0023156984711457367,1.0,1.0,715.0,none,0.0,47.45226261553332,44.33483631740403,32.0,32.0,329.0,37.392794053451915,0.052647107573542185,nonsingular_isothermal,1.0,0.01,2.0,0.3,1.0,0.0,strict_pass,1.0,none,none,,,0.9984555984555985,1.0,0.9984555984555985,0.9884169884169884,0.9936507936507937,0.9976190476190476,0.01158301158301156,0.006349206349206327,0.0023809523809523725,0.0,0.0,3879.0,3885.0,1.0,inverse_phase_volume,geometric_mean,3879.0,3879.0,3879.0,0.0,420.0,0.0,0.0,1.585309462140105e+39,1.1318486267249521e+49,7139606832.327873,9.337287184333326e-08,666.6455937667453,0.001500047415523597,10709748.776688173,7139606832.327961,0.0
0.5644995482434356,8.056481207813157,0.0,1.1779660282282325,134.92532785592022,-134.92532785592022,pass_no_bh_halo_down,14.0,134.92532785592022,0.00011177929584960111,0.009981272611763419,0.002311381963472881,1.0,1.0,716.0,none,0.0,57.4611699146101,77.46415794131012,32.0,32.0,2992.0,31.356010557342195,0.07453474248650317,nonsingular_isothermal,1.0,0.01,2.0,0.3,1.0,0.0,strict_pass,1.0,none,none,,,0.9966537966537966,1.0,0.9966537966537966,0.9854469854469855,0.9862433862433863,0.9833333333333333,0.014553014553014498,0.013756613756613745,0.01666666666666672,0.0,0.0,3872.0,3885.0,1.0,inverse_phase_volume,geometric_mean,3872.0,3872.0,3872.0,0.0,420.0,0.0,0.0,5.313037280954405e+35,5.025668830550893e+46,94591258536.17406,7.4416038069412315e-09,703.9106696261507,0.0014206348094298717,134379634.54426852,94591258536.17346,0.0
1.1289990964868712,16.112962415626313,0.0,1.1779660282282325,129.97145080419696,-129.97145080419696,pass_no_bh_halo_scale_up,14.0,129.97145080419696,0.00013187936670533418,0.009934086505504968,0.002322297418649337,1.0,1.0,717.0,none,0.0,56.685950513204965,73.28550029099198,32.0,32.0,528.0,24.534263503749866,0.14279668708677587,nonsingular_isothermal,1.0,0.01,2.0,0.3,1.0,0.0,strict_pass,1.0,none,none,,,1.0,1.0,1.0,1.0,1.0,1.0,0.0,0.0,0.0,0.0,0.0,3885.0,3885.0,1.0,inverse_phase_volume,geometric_mean,3885.0,3885.0,3885.0,0.0,420.0,0.0,0.0,1.1264378443476843e+35,8.00013139474399e+47,7102150762145.988,2.01611953482448e-10,1431.8784890831148,0.00069838328295604,4960023365.316275,7102150762146.014,0.0
1.1289990964868712,4.028240603906578,0.0,1.1779660282282325,130.22202404216435,-130.22202404216435,pass_no_bh_halo_scale_down,14.0,130.22202404216435,0.00014800977038476049,0.00994618269096445,0.002335552717887122,1.0,1.0,715.0,none,0.0,56.524136577101125,73.69788746506319,32.0,32.0,874.0,23.31135888480332,0.1501391594229438,nonsingular_isothermal,1.0,0.01,2.0,0.3,1.0,0.0,strict_pass,1.0,none,none,,,1.0,1.0,1.0,1.0,1.0,1.0,0.0,0.0,0.0,0.0,0.0,3885.0,3885.0,1.0,inverse_phase_volume,geometric_mean,3885.0,3885.0,3885.0,0.0,420.0,0.0,0.0,3.0982326865490983e+37,6.599196322869984e+47,21299873155.170795,2.1971725836448104e-08,467.99497331653316,0.002136775087376077,45513038.3222394,21299873155.17078,0.0
1.1289990964868712,8.056481207813157,0.0,2.355932056456465,129.6106440564435,-129.6106440564435,pass_no_bh_ml_up,14.0,129.6106440564435,0.00014622005409137273,0.009985877760460334,0.0023124483863681553,1.0,1.0,716.0,none,0.0,56.50252484537311,73.10811921107039,32.0,32.0,746.0,22.901264731823044,0.15303911269766615,nonsingular_isothermal,1.0,0.01,2.0,0.3,1.0,0.0,strict_pass,1.0,none,none,,,0.9997425997425997,1.0,0.9997425997425997,0.9980694980694981,0.9989417989417989,0.9976190476190476,0.0019305019305019266,0.0010582010582010914,0.0023809523809523725,0.0,0.0,3884.0,3885.0,1.0,inverse_phase_volume,geometric_mean,3884.0,3884.0,3884.0,0.0,420.0,0.0,0.0,6.397479075363365e+36,7.732372526713018e+47,120865929151.5359,5.9205385743391045e-09,715.5913958650046,0.0013974455335522909,168903552.85146126,120865929151.53575,0.0
1.1289990964868712,8.056481207813157,0.0,0.5889830141141162,129.93756243698516,-129.93756243698516,pass_no_bh_ml_down,14.0,129.93756243698516,0.00010689327825730288,0.009922839687957704,0.002297850542038871,1.0,1.0,716.0,none,0.0,56.440922499468776,73.49663993751639,32.0,32.0,934.0,23.81605174530263,0.1476115575738061,nonsingular_isothermal,1.0,0.01,2.0,0.3,1.0,0.0,strict_pass,1.0,none,none,,,1.0,1.0,1.0,1.0,1.0,1.0,0.0,0.0,0.0,0.0,0.0,3885.0,3885.0,1.0,inverse_phase_volume,geometric_mean,3885.0,3885.0,3885.0,0.0,420.0,0.0,0.0,9.531163702722905e+37,6.792804355259885e+47,7126941228.928097,8.981787631466085e-08,640.126725801724,0.001562190672085366,11133641.108332144,7126941228.928132,0.0
25.0,36.093755868850025,0.0,1.0471242974204493,53.511529238322055,-53.511529238322055,pass_no_bh_halo_up,15.0,53.511529238322055,0.0006019778294614753,0.009950821373835964,0.0024772735688617553,1.0,1.0,714.0,none,0.0,37.934494801327354,15.577034436994714,32.0,32.0,624.0,48.63552547124456,0.06399136110354486,nonsingular_isothermal,1.0,0.01,2.0,0.3,1.0,0.0,strict_pass,1.0,none,none,,,0.9981981981981982,1.0,0.9981981981981982,0.9864864864864865,0.9925925925925926,0.9976190476190476,0.013513513513513487,0.007407407407407418,0.0023809523809523725,0.0,0.0,3878.0,3885.0,1.0,inverse_phase_volume,geometric_mean,3878.0,3878.0,3878.0,0.0,420.0,0.0,0.0,2.6249042352571573e+36,1.8136200234619464e+53,6.9092807238518904e+16,1.0612233295179866e-13,7332.289894340501,0.00013638304191598586,9423087225703.994,6.9092807238518456e+16,0.0
11.685027501402212,36.093755868850025,0.0,1.0471242974204493,56.818480531109024,-56.818480531109024,pass_no_bh_halo_down,15.0,56.818480531109024,0.0009681490118182978,0.009954078857341722,0.0024762483228087167,1.0,1.0,714.0,none,0.0,37.31233955167727,19.506140979431756,32.0,32.0,590.0,48.18355713989826,0.05550114918601399,nonsingular_isothermal,1.0,0.01,2.0,0.3,1.0,0.0,strict_pass,1.0,none,none,,,1.0,1.0,1.0,1.0,1.0,1.0,0.0,0.0,0.0,0.0,0.0,3885.0,3885.0,1.0,inverse_phase_volume,geometric_mean,3885.0,3885.0,3885.0,0.0,420.0,0.0,0.0,6.3256298038693996e+35,8.656449943797001e+51,1.3684724228569042e+16,5.217747538446273e-13,7140.343615793172,0.00014004928247264987,1916535809047.1687,1.3684724228568952e+16,0.0
23.370055002804424,72.18751173770005,0.0,1.0471242974204493,51.2601910408795,-51.2601910408795,pass_no_bh_halo_scale_up,15.0,51.2601910408795,0.0006284302679944176,0.009905233472335457,0.002795820040675757,1.0,1.0,708.0,none,0.0,35.81649984753436,15.443691193345146,32.0,32.0,570.0,42.73945268529085,0.06527694848971496,nonsingular_isothermal,1.0,0.01,2.0,0.3,1.0,0.0,strict_pass,1.0,none,none,,,0.9992277992277993,1.0,0.9992277992277993,0.9942084942084942,0.9968253968253968,0.9976190476190476,0.00579150579150578,0.0031746031746031633,0.0023809523809523725,0.0,0.0,3882.0,3885.0,1.0,inverse_phase_volume,geometric_mean,3882.0,3882.0,3882.0,0.0,420.0,0.0,0.0,2.6981919441302903e+35,1.5287669886002247e+53,5.665894125604889e+17,1.4845614637872425e-13,84113.6807677156,1.1888672459377365e-05,6735995944882.706,5.6658941256049075e+17,0.0
23.370055002804424,18.046877934425012,0.0,1.0471242974204493,52.31576068930868,-52.31576068930868,pass_no_bh_halo_scale_down,15.0,52.31576068930868,0.0006744512304450723,0.00995542153142598,0.0023959188286650254,1.0,1.0,714.0,none,0.0,37.85041759550858,14.465343093800096,32.0,32.0,524.0,45.145073979301195,0.056924508000584996,nonsingular_isothermal,1.0,0.01,2.0,0.3,1.0,0.0,strict_pass,1.0,none,none,,,1.0,1.0,1.0,1.0,1.0,1.0,0.0,0.0,0.0,0.0,0.0,3885.0,3885.0,1.0,inverse_phase_volume,geometric_mean,3885.0,3885.0,3885.0,0.0,420.0,0.0,0.0,2.0764873858648823e+41,1.6941463206567732e+53,815871231479.2804,2.5859803763932202e-09,2109.8269942691813,0.00047397251182976165,386700536.9138739,815871231479.2772,0.0
23.370055002804424,36.093755868850025,0.0,2.0942485948408986,53.20532089733062,-53.20532089733062,pass_no_bh_ml_up,15.0,53.20532089733062,0.0006075857193650336,0.009951123439466544,0.002477302196679369,1.0,1.0,714.0,none,0.0,37.785346754264026,15.419974143066593,32.0,32.0,669.0,50.93459102171357,0.05348245277143274,nonsingular_isothermal,1.0,0.01,2.0,0.3,1.0,0.0,strict_pass,1.0,none,none,,,1.0,1.0,1.0,1.0,1.0,1.0,0.0,0.0,0.0,0.0,0.0,3885.0,3885.0,1.0,inverse_phase_volume,geometric_mean,3885.0,3885.0,3885.0,0.0,420.0,0.0,0.0,1.752884910882683e+36,1.3849614252029242e+53,7.901040259999232e+16,9.335992785017583e-14,7376.405486148689,0.00013556738466693376,10711233641962.553,7.9010402599993e+16,0.0
23.370055002804424,36.093755868850025,0.0,0.5235621487102247,53.207184625491806,-53.207184625491806,pass_no_bh_ml_down,15.0,53.207184625491806,0.0006072399661078975,0.009949012356389534,0.002477303826057014,1.0,1.0,714.0,none,0.0,37.78909662882483,15.418087996666983,32.0,32.0,669.0,50.94285130575917,0.053499776023921225,nonsingular_isothermal,1.0,0.01,2.0,0.3,1.0,0.0,strict_pass,1.0,none,none,,,0.9992277992277993,1.0,0.9992277992277993,0.9942084942084942,0.9968253968253968,0.9976190476190476,0.00579150579150578,0.0031746031746031633,0.0023809523809523725,0.0,0.0,3882.0,3885.0,1.0,inverse_phase_volume,geometric_mean,3882.0,3882.0,3882.0,0.0,420.0,0.0,0.0,2.235221410025973e+36,1.3849084378670702e+53,6.195844544326272e+16,1.1922441420244336e-13,7386.959362867046,0.00013537369719763523,8387543832272.452,6.195844544326274e+16,0.0
25.0,6.417371809647148,0.0,0.7507027442144742,53.21795232286563,-53.21795232286563,pass_no_bh_halo_up,16.0,53.21795232286563,0.0006888063212713291,0.009975931472178458,0.0023446738166132026,1.0,1.0,714.0,none,0.0,38.35486962889803,14.863082693967577,32.0,32.0,427.0,49.56630077566106,0.048974660344160204,nonsingular_isothermal,1.0,0.01,2.0,0.3,1.0,0.0,strict_pass,1.0,none,none,,,1.0,1.0,1.0,1.0,1.0,1.0,0.0,0.0,0.0,0.0,0.0,3885.0,3885.0,1.0,inverse_phase_volume,geometric_mean,3885.0,3885.0,3885.0,0.0,420.0,0.0,0.0,1.1747284003879204e+44,1.8023151275998953e+53,1534239852.3818207,4.1488632987655305e-07,636.5351415050344,0.001571005172841806,2410298.744471875,1534239852.3818116,0.0
10.634685004680636,6.417371809647148,0.0,0.7507027442144742,54.9610116444342,-54.9610116444342,pass_no_bh_halo_down,16.0,54.9610116444342,0.0010671840275904287,0.009964796062299422,0.002345203904041721,1.0,1.0,714.0,none,0.0,36.33782590401214,18.623185740422077,32.0,32.0,539.0,37.22933581363062,0.08980439661604511,nonsingular_isothermal,1.0,0.01,2.0,0.3,1.0,0.0,strict_pass,1.0,none,none,,,1.0,1.0,1.0,1.0,1.0,1.0,0.0,0.0,0.0,0.0,0.0,3885.0,3885.0,1.0,inverse_phase_volume,geometric_mean,3885.0,3885.0,3885.0,0.0,420.0,0.0,0.0,3.8486706701866564e+42,5.90907397938612e+51,1535354538.1682494,4.154285042939603e-07,637.8300393521777,0.001567815778974076,2407153.071259628,1535354538.168244,0.0
21.26937000936127,12.834743619294295,0.0,0.7507027442144742,51.876579373828356,-51.876579373828356,pass_no_bh_halo_scale_up,16.0,51.876579373828356,0.0006798773037530736,0.009980766512863231,0.0023119678218635692,1.0,1.0,715.0,none,0.0,37.124277752424454,14.752301621403902,32.0,32.0,577.0,50.538015703884135,0.055698259645506745,nonsingular_isothermal,1.0,0.01,2.0,0.3,1.0,0.0,strict_pass,1.0,none,none,,,0.9994851994851995,1.0,0.9994851994851995,0.9961389961389961,0.9978835978835979,0.9976190476190476,0.0038610038610038533,0.002116402116402072,0.0023809523809523725,0.0,0.0,3883.0,3885.0,1.0,inverse_phase_volume,geometric_mean,3883.0,3883.0,3883.0,0.0,420.0,0.0,0.0,1.7400150398679342e+41,1.1578988659503827e+53,665453366448.066,2.0026509744840145e-09,1332.6708327908927,0.0007503728418110494,499338133.67436695,665453366448.0687,0.0
21.26937000936127,3.208685904823574,0.0,0.7507027442144742,51.95705855186795,-51.95705855186795,pass_no_bh_halo_scale_down,16.0,51.95705855186795,0.0007355189015214592,0.009936948666897039,0.002397300814725883,1.0,1.0,713.0,none,0.0,37.42949593179544,14.527562620072539,32.0,32.0,539.0,48.90014547693129,0.05595691297129497,nonsingular_isothermal,1.0,0.01,2.0,0.3,1.0,0.0,strict_pass,1.0,none,none,,,1.0,1.0,1.0,1.0,1.0,1.0,0.0,0.0,0.0,0.0,0.0,3885.0,3885.0,1.0,inverse_phase_volume,geometric_mean,3885.0,3885.0,3885.0,0.0,420.0,0.0,0.0,6.150892280319876e+44,8.021326990741489e+52,130409160.57668859,3.2522624107596886e-06,424.12481096228635,0.0023577965121425568,307478.2639591534,130409160.57668792,0.0
21.26937000936127,6.417371809647148,0.0,1.5014054884289485,51.730457181543386,-51.730457181543386,pass_no_bh_ml_up,16.0,51.730457181543386,0.0007173336083994286,0.009975618266929082,0.002345165622134827,1.0,1.0,714.0,none,0.0,37.21477024089367,14.515686940649703,32.0,32.0,484.0,50.28607266853327,0.05571873502040941,nonsingular_isothermal,1.0,0.01,2.0,0.3,1.0,0.0,strict_pass,1.0,none,none,,,0.9997425997425997,1.0,0.9997425997425997,0.9980694980694981,0.9989417989417989,0.9976190476190476,0.0019305019305019266,0.0010582010582010914,0.0023809523809523725,0.0,0.0,3884.0,3885.0,1.0,inverse_phase_volume,geometric_mean,3884.0,3884.0,3884.0,0.0,420.0,0.0,0.0,6.155841194616573e+43,9.452838304093889e+52,1535588395.6786633,4.1520010927186326e-07,637.5764696823882,0.001568439312853178,2408477.2081435644,1535588395.6786683,0.0
21.26937000936127,6.417371809647148,0.0,0.3753513721072371,51.72946943565071,-51.72946943565071,pass_no_bh_ml_down,16.0,51.72946943565071,0.0007173090536696236,0.009975316518082773,0.0023445417050012725,1.0,1.0,714.0,none,0.0,37.21526693229013,14.514202503360574,32.0,32.0,485.0,50.25477839120285,0.055725354380691296,nonsingular_isothermal,1.0,0.01,2.0,0.3,1.0,0.0,strict_pass,1.0,none,none,,,0.998970398970399,1.0,0.998970398970399,0.9922779922779923,0.9957671957671957,0.9976190476190476,0.007722007722007707,0.004232804232804255,0.0023809523809523725,0.0,0.0,3881.0,3885.0,1.0,inverse_phase_volume,geometric_mean,3881.0,3881.0,3881.0,0.0,420.0,0.0,0.0,6.154317493778881e+43,9.442175137946968e+52,1534235948.5827036,4.1370006179798224e-07,634.7135067413531,0.001575513975012197,2417210.177958154,1534235948.58271,0.0
5.829439049439777,1.328862831400071,0.0,1.2236246532121722,66.35474472397868,-66.35474472397868,pass_no_bh_halo_up,17.0,66.35474472397868,0.0013677917051779787,0.00996001876768217,0.0023392791409123587,1.0,1.0,715.0,none,0.0,38.179579649090094,28.175165074888607,32.0,32.0,451.0,25.828519059334884,0.13082261852945767,nonsingular_isothermal,1.0,0.01,2.0,0.3,1.0,0.0,strict_pass,1.0,none,none,,,0.9979407979407979,1.0,0.9979407979407979,0.9845559845559846,0.9915343915343915,0.9976190476190476,0.015444015444015413,0.00846560846560851,0.0023809523809523725,0.0,0.0,3877.0,3885.0,1.0,inverse_phase_volume,geometric_mean,3877.0,3877.0,3877.0,0.0,420.0,0.0,0.0,1.4155968737981155e+42,4.699922022666796e+50,332009918.19490784,1.2094501106576604e-06,401.54943230027425,0.0024903534149494475,826822.03357378,332009918.1949097,0.0
1.4573597623599444,1.328862831400071,0.0,1.2236246532121722,119.96976262369624,-119.96976262369624,pass_no_bh_halo_down,17.0,119.96976262369624,0.000803316566091894,0.009917344526000287,0.0023040464097767595,1.0,1.0,721.0,none,0.0,52.0475338280629,67.92222879563334,32.0,32.0,1110.0,25.95298020593032,0.12839601164774236,nonsingular_isothermal,1.0,0.01,2.0,0.3,1.0,0.0,strict_pass,1.0,none,none,,,0.9979407979407979,1.0,0.9979407979407979,0.9845559845559846,0.9915343915343915,0.9976190476190476,0.015444015444015413,0.00846560846560851,0.0023809523809523725,0.0,0.0,3877.0,3885.0,1.0,inverse_phase_volume,geometric_mean,3877.0,3877.0,3877.0,0.0,420.0,0.0,0.0,5.530639870169427e+39,2.110714367808215e+48,381640174.9809746,1.2486795741000213e-06,476.5462911546992,0.002098432027614657,800845.9662045359,381640174.9809731,0.0
2.9147195247198887,2.657725662800142,0.0,1.2236246532121722,84.81222445497161,-84.81222445497161,pass_no_bh_halo_scale_up,17.0,84.81222445497161,0.0007151730925869515,0.009901367738309914,0.0023207461311043993,1.0,1.0,715.0,none,0.0,43.05347203264592,41.75875242232569,32.0,32.0,412.0,27.733206234360352,0.12375102951314917,nonsingular_isothermal,1.0,0.01,2.0,0.3,1.0,0.0,strict_pass,1.0,none,none,,,0.9974259974259975,1.0,0.9974259974259975,0.9806949806949807,0.9915343915343915,0.9952380952380953,0.019305019305019266,0.00846560846560851,0.004761904761904745,0.0,0.0,3875.0,3885.0,1.0,inverse_phase_volume,geometric_mean,3875.0,3875.0,3875.0,0.0,420.0,0.0,0.0,2.6073300275451557e+40,3.022377998565367e+49,1159185053.9193099,3.731288330998609e-07,432.52536651571126,0.002312003127251672,2680039.4697248414,1159185053.9193096,0.0
2.9147195247198887,1.0,0.0,1.2236246532121722,81.80399462678443,-81.80399462678443,pass_no_bh_halo_scale_down,17.0,81.80399462678443,0.0008113243560075034,0.009961906039855441,0.0023134285063862573,1.0,1.0,715.0,none,0.0,41.67180564100091,40.132188985783515,32.0,32.0,387.0,26.6357492381263,0.11860288385438224,nonsingular_isothermal,1.0,0.01,2.0,0.3,1.0,0.0,strict_pass,1.0,none,none,,,0.9987129987129987,1.0,0.9987129987129987,0.9903474903474904,0.9947089947089947,0.9976190476190476,0.009652509652509633,0.005291005291005346,0.0023809523809523725,0.0,0.0,3880.0,3885.0,1.0,inverse_phase_volume,geometric_mean,3880.0,3880.0,3880.0,0.0,420.0,0.0,0.0,5.1850032476033e+41,3.654491964994101e+49,70481960.96469837,7.004413953229343e-06,493.68483083210145,0.0020255838088330744,142767.11894489845,70481960.9646987,0.0
2.9147195247198887,1.328862831400071,0.0,2.4472493064243444,82.41394290932743,-82.41394290932743,pass_no_bh_ml_up,17.0,82.41394290932743,0.0008532834606995721,0.009924830517947944,0.002332695917358468,1.0,1.0,716.0,none,0.0,42.16408105703429,40.249861852293144,32.0,32.0,413.0,24.410461805625886,0.14304467994697842,nonsingular_isothermal,1.0,0.01,2.0,0.3,1.0,0.0,strict_pass,1.0,none,none,,,0.9984555984555985,1.0,0.9984555984555985,0.9884169884169884,0.9936507936507937,0.9976190476190476,0.01158301158301156,0.006349206349206327,0.0023809523809523725,0.0,0.0,3879.0,3885.0,1.0,inverse_phase_volume,geometric_mean,3879.0,3879.0,3879.0,0.0,420.0,0.0,0.0,8.848201305595764e+40,3.058656030967509e+49,345681107.9821567,1.221962879217547e-06,422.4094820009861,0.0023673710998695467,818355.4648078382,345681107.98215514,0.0
2.9147195247198887,1.328862831400071,0.0,0.6118123266060861,83.55046794597709,-83.55046794597709,pass_no_bh_ml_down,17.0,83.55046794597709,0.0007967252978033912,0.009980878523508983,0.0023408466832185943,1.0,1.0,715.0,none,0.0,42.461958538450695,41.0885094075264,32.0,32.0,406.0,36.115873354266085,0.055375876858288674,nonsingular_isothermal,1.0,0.01,2.0,0.3,1.0,0.0,strict_pass,1.0,none,none,,,1.0,1.0,1.0,1.0,1.0,1.0,0.0,0.0,0.0,0.0,0.0,3885.0,3885.0,1.0,inverse_phase_volume,geometric_mean,3885.0,3885.0,3885.0,0.0,420.0,0.0,0.0,8.847583505764273e+40,3.01343179962617e+49,340593767.51436085,1.2257434423490536e-06,417.4805770356836,0.0023953210161308325,815831.4092903228,340593767.51435894,0.0
8.60933071077517,423.1544876892977,0.0,1.5055469139695543,59.372605888484145,-59.372605888484145,pass_no_bh_halo_up,18.0,59.372605888484145,0.0018634546062372692,0.00990922771981586,0.006323150660445794,1.0,1.0,640.0,none,0.0,28.983376809133443,30.389229079350695,32.0,32.0,1588.0,25.276833119335013,0.09751156297321249,nonsingular_isothermal,1.0,0.01,2.0,0.3,1.0,0.0,strict_pass,1.0,none,none,,,0.9976833976833976,1.0,0.9976833976833976,0.9826254826254827,0.9915343915343915,0.9952380952380953,0.01737451737451734,0.00846560846560851,0.004761904761904745,0.0,0.0,3876.0,3885.0,1.0,inverse_phase_volume,geometric_mean,3876.0,3876.0,3876.0,0.0,420.0,0.0,0.0,4.655060591988056e+34,4.729292683497137e+50,1.0159465360422684e+16,1.9157529896296723e-10,1946302.6137268636,5.137947166834232e-07,5219879626.513367,1.015946536042257e+16,0.0
2.1523326776937926,423.1544876892977,0.0,1.5055469139695543,116.49156222257865,-116.49156222257865,pass_no_bh_halo_down,18.0,116.49156222257865,6.444761595503223e-06,0.009912254371326465,0.005918094610276408,1.0,1.0,645.0,none,0.0,57.475992312820615,59.015569909758035,32.0,32.0,1127.0,33.65002909471046,0.08011210839848272,nonsingular_isothermal,1.0,0.01,2.0,0.3,1.0,0.0,strict_pass,1.0,none,none,,,1.0,1.0,1.0,1.0,1.0,1.0,0.0,0.0,0.0,0.0,0.0,3885.0,3885.0,1.0,inverse_phase_volume,geometric_mean,3885.0,3885.0,3885.0,0.0,420.0,0.0,0.0,2.0693329178912775e+32,1.8635391145697562e+48,9005506549756951.0,4.393390110469092e-11,395647.0341546663,2.5275053612788617e-06,22761466085.54249,9005506549756908.0,0.0
4.304665355387585,500.0,0.0,1.5055469139695543,85.3548635663414,-85.3548635663414,pass_no_bh_halo_scale_up,18.0,85.3548635663414,0.0014901702202934075,0.009933233061054102,0.0066311175949865155,1.0,1.0,635.0,none,0.0,44.09201555701545,41.26284800932597,32.0,32.0,2448.0,34.76791785909286,0.06951048288183256,nonsingular_isothermal,1.0,0.01,2.0,0.3,1.0,0.0,strict_pass,1.0,none,none,,,1.0,1.0,1.0,1.0,1.0,1.0,0.0,0.0,0.0,0.0,0.0,3885.0,3885.0,1.0,inverse_phase_volume,geometric_mean,3885.0,3885.0,3885.0,0.0,420.0,0.0,0.0,2.3668153381669583e+33,2.0344570846543177e+49,8595757564381664.0,1.0898022085961574e-10,936767.5578220227,1.067500674687104e-06,9175976999.424168,8595757564381629.0,0.0
4.304665355387585,211.57724384464885,0.0,1.5055469139695543,79.1420888101165,-79.1420888101165,pass_no_bh_halo_scale_down,18.0,79.1420888101165,0.0011433113094767577,0.009951072809519736,0.005094327067910311,1.0,1.0,664.0,none,0.0,40.077054640788596,39.0650341693279,32.0,32.0,498.0,22.227856311459302,0.14960415033232444,nonsingular_isothermal,1.0,0.01,2.0,0.3,1.0,0.0,strict_pass,1.0,none,none,,,1.0,1.0,1.0,1.0,1.0,1.0,0.0,0.0,0.0,0.0,0.0,3885.0,3885.0,1.0,inverse_phase_volume,geometric_mean,3885.0,3885.0,3885.0,0.0,420.0,0.0,0.0,2.129051827634831e+33,9.922917029353613e+49,4.660721218974273e+16,7.96274103661085e-12,371121.16110529675,2.6945378081425918e-06,125584895377.38702,4.660721218974309e+16,0.0
4.304665355387585,423.1544876892977,0.0,3.0110938279391086,83.39014058322684,-83.39014058322684,pass_no_bh_ml_up,18.0,83.39014058322684,0.0012955247179320395,0.009901841104214146,0.006229784734513292,1.0,1.0,644.0,none,0.0,41.80430802495044,41.5858325582764,32.0,32.0,1972.0,24.669715225024706,0.10752427933611504,nonsingular_isothermal,1.0,0.01,2.0,0.3,1.0,0.0,strict_pass,1.0,none,none,,,1.0,1.0,1.0,1.0,1.0,1.0,0.0,0.0,0.0,0.0,0.0,3885.0,3885.0,1.0,inverse_phase_volume,geometric_mean,3885.0,3885.0,3885.0,0.0,420.0,0.0,0.0,8.142699237581322e+34,2.4195306610330864e+49,297141106460881.0,1.6106370246400956e-09,478586.467608419,2.08948657699658e-06,620872353.4239223,297141106460880.9,0.0
4.304665355387585,423.1544876892977,0.0,0.7527734569847772,83.86979954739905,-83.86979954739905,pass_no_bh_ml_down,18.0,83.86979954739905,0.0015459421613428503,0.009911423577394,0.006303195953229471,1.0,1.0,640.0,none,0.0,42.53372966756748,41.33606987983157,32.0,32.0,2303.0,26.753413218736984,0.08766578449875988,nonsingular_isothermal,1.0,0.01,2.0,0.3,1.0,0.0,strict_pass,1.0,none,none,,,1.0,1.0,1.0,1.0,1.0,1.0,0.0,0.0,0.0,0.0,0.0,3885.0,3885.0,1.0,inverse_phase_volume,geometric_mean,3885.0,3885.0,3885.0,0.0,420.0,0.0,0.0,4.372614675195141e+33,3.024325810745779e+49,6916515712903080.0,1.819655330648943e-10,1258567.4686501124,7.945541458119515e-07,5495546234.260586,6916515712903003.0,0.0
13.628403431881575,149.1005280097593,0.0,2.4346914481024213,50.52837963641422,-50.52837963641422,pass_no_bh_halo_up,19.0,50.52837963641422,0.0014268926226463918,0.0099191822537224,0.004258946919493226,1.0,1.0,679.0,none,0.0,30.901523014982395,19.626856621431806,32.0,32.0,327.0,36.22730043019202,0.0568710791487489,nonsingular_isothermal,1.0,0.01,2.0,0.3,1.0,0.0,strict_pass,1.0,none,none,,,1.0,1.0,1.0,1.0,1.0,1.0,0.0,0.0,0.0,0.0,0.0,3885.0,3885.0,1.0,inverse_phase_volume,geometric_mean,3885.0,3885.0,3885.0,0.0,420.0,0.0,0.0,6.865424735551151e+33,1.3048414576980776e+52,1.9005982993903232e+18,3.2036997998179517e-13,608894.6391291085,1.6423202566379674e-06,3121391086820.3833,1.900598299390313e+18,0.0
3.4071008579703936,149.1005280097593,0.0,2.4346914481024213,88.65459500955387,-88.65459500955387,pass_no_bh_halo_down,19.0,88.65459500955387,0.00097995439594456,0.009908895377929924,0.004271721732762139,1.0,1.0,679.0,none,0.0,44.23594708974213,44.41864791981177,32.0,32.0,426.0,20.088704868586504,0.15799731337682174,nonsingular_isothermal,1.0,0.01,2.0,0.3,1.0,0.0,strict_pass,1.0,none,none,,,0.9979407979407979,1.0,0.9979407979407979,0.9845559845559846,0.9915343915343915,0.9976190476190476,0.015444015444015413,0.00846560846560851,0.0023809523809523725,0.0,0.0,3877.0,3885.0,1.0,inverse_phase_volume,geometric_mean,3877.0,3877.0,3877.0,0.0,420.0,0.0,0.0,8.727386741360318e+34,5.367239783883816e+49,614988190960727.0,2.361523369787763e-10,145230.8985097255,6.885587091048908e-06,4234554748.826699,614988190960726.4,0.0
6.814201715940787,298.2010560195186,0.0,2.4346914481024213,62.81878082890336,-62.81878082890336,pass_no_bh_halo_scale_up,19.0,62.81878082890336,0.0014712019381235564,0.009926142941773032,0.005674068997215343,1.0,1.0,652.0,none,0.0,33.29161284228821,29.527167986615137,32.0,32.0,1442.0,26.555778378558788,0.1285708130737263,nonsingular_isothermal,1.0,0.01,2.0,0.3,1.0,0.0,strict_pass,1.0,none,none,,,1.0,1.0,1.0,1.0,1.0,1.0,0.0,0.0,0.0,0.0,0.0,3885.0,3885.0,1.0,inverse_phase_volume,geometric_mean,3885.0,3885.0,3885.0,0.0,420.0,0.0,0.0,3.4191288779673762e+34,3.0812715855752666e+50,9011861487382830.0,6.884583244860871e-11,620429.1060104326,1.6117876971155265e-06,14525207473.472982,9011861487382896.0,0.0
6.814201715940787,74.55026400487965,0.0,2.4346914481024213,64.32299519905617,-64.32299519905617,pass_no_bh_halo_scale_down,19.0,64.32299519905617,0.0012714201364190103,0.009993340049507075,0.002898295316949395,1.0,1.0,706.0,none,0.0,37.92914931066091,26.393845888395266,32.0,32.0,442.0,27.62662778623222,0.10340368360810563,nonsingular_isothermal,1.0,0.01,2.0,0.3,1.0,0.0,strict_pass,1.0,none,none,,,0.9987129987129987,1.0,0.9987129987129987,0.9903474903474904,0.9947089947089947,0.9976190476190476,0.009652509652509633,0.005291005291005346,0.0023809523809523725,0.0,0.0,3880.0,3885.0,1.0,inverse_phase_volume,geometric_mean,3880.0,3880.0,3880.0,0.0,420.0,0.0,0.0,3.835095278865999e+34,1.056113334830387e+51,2.753812507997636e+16,1.891682663883932e-12,52093.39380965852,1.9196292022244714e-05,528629890780.3265,2.753812507997632e+16,0.0
6.814201715940787,149.1005280097593,0.0,4.869382896204843,67.25188676724255,-67.25188676724255,pass_no_bh_ml_up,19.0,67.25188676724255,0.0013266148587973703,0.00997047386437129,0.004330239231658391,1.0,1.0,678.0,none,0.0,36.90706935202915,30.34481741521341,32.0,32.0,451.0,27.75999309471437,0.1026623034782059,nonsingular_isothermal,1.0,0.01,2.0,0.3,1.0,0.0,strict_pass,1.0,none,none,,,0.9951093951093951,1.0,0.9951093951093951,0.9633204633204633,0.9904761904761905,0.9928571428571429,0.03667953667953672,0.00952380952380949,0.005238095238095264,0.0,0.0,3866.0,3885.0,1.0,inverse_phase_volume,geometric_mean,3866.0,3866.0,3866.0,0.0,420.0,0.0,0.0,4.087313977296808e+34,8.506734822736187e+50,2.0812530845409176e+16,8.719551638090788e-12,181475.93742590176,5.510372417325624e-06,114684795905.28093,2.0812530845409076e+16,0.0
6.814201715940787,149.1005280097593,0.0,1.2173457240512107,66.06203578266152,-66.06203578266152,pass_no_bh_ml_down,19.0,66.06203578266152,0.001295903718883551,0.009908801536323753,0.004264701779728916,1.0,1.0,679.0,none,0.0,35.76837613373481,30.29365964892671,32.0,32.0,457.0,26.691034260210827,0.10725554562629404,nonsingular_isothermal,1.0,0.01,2.0,0.3,1.0,0.0,strict_pass,1.0,none,none,,,0.9981981981981982,1.0,0.9981981981981982,0.9864864864864865,0.9925925925925926,0.9976190476190476,0.013513513513513487,0.007407407407407418,0.0023809523809523725,0.0,0.0,3878.0,3885.0,1.0,inverse_phase_volume,geometric_mean,3878.0,3878.0,3878.0,0.0,420.0,0.0,0.0,3.683118515056513e+33,7.862908515962078e+50,2.134850802063162e+17,1.69891534356297e-12,362693.0783842852,2.757152147636154e-06,588610847379.1267,2.1348508020631814e+17,0.0
25.0,162.50748188726547,0.0,3.497697825672797,46.577553373375046,-46.577553373375046,pass_no_bh_halo_up,20.0,46.577553373375046,0.0009536452617666669,0.009909653025301356,0.004606218436962348,1.0,1.0,675.0,none,0.0,30.84358576793691,15.733967605438131,32.0,32.0,405.0,48.71947825842436,0.05315020012232425,nonsingular_isothermal,1.0,0.01,2.0,0.3,1.0,0.0,strict_pass,1.0,none,none,,,0.9969111969111969,1.0,0.9969111969111969,0.9768339768339769,0.9915343915343915,0.9952380952380953,0.02316602316602312,0.00846560846560851,0.004761904761904745,0.0,0.0,3873.0,3885.0,1.0,inverse_phase_volume,geometric_mean,3873.0,3873.0,3873.0,0.0,420.0,0.0,0.0,7.201673353980398e+34,1.4596560231222267e+53,2.026828976234347e+18,6.224682878743311e-13,1261636.7626506672,7.926211645093672e-07,1606507543404.1838,2.0268289762343306e+18,0.0
10.087089596534923,162.50748188726547,0.0,3.497697825672797,53.107714505216215,-53.107714505216215,pass_no_bh_halo_down,20.0,53.107714505216215,0.0014148948211669676,0.00993118707025269,0.004556786006640461,1.0,1.0,676.0,none,0.0,31.597230187447945,21.510484317768263,32.0,32.0,383.0,46.07587710249808,0.053107821860340076,nonsingular_isothermal,1.0,0.01,2.0,0.3,1.0,0.0,strict_pass,1.0,none,none,,,1.0,1.0,1.0,1.0,1.0,1.0,0.0,0.0,0.0,0.0,0.0,3885.0,3885.0,1.0,inverse_phase_volume,geometric_mean,3885.0,3885.0,3885.0,0.0,420.0,0.0,0.0,6.491362712348331e+34,3.840966664730806e+51,5.917042129573574e+16,6.7470520762468185e-12,399225.91385579563,2.5048474192013748e-06,148212877075.68277,5.917042129573615e+16,0.0
20.174179193069847,325.01496377453094,0.0,3.497697825672797,40.60619616302031,-40.60619616302031,pass_no_bh_halo_scale_up,20.0,40.60619616302031,0.0021063709730384517,0.009991826246354314,0.005856342569118893,1.0,1.0,649.0,none,0.0,23.41032778221225,17.19586838080805,32.0,32.0,1402.0,35.817381602032036,0.07019408116671448,nonsingular_isothermal,1.0,0.01,2.0,0.3,1.0,0.0,strict_pass,1.0,none,none,,,1.0,1.0,1.0,1.0,1.0,1.0,0.0,0.0,0.0,0.0,0.0,3885.0,3885.0,1.0,inverse_phase_volume,geometric_mean,3885.0,3885.0,3885.0,0.0,420.0,0.0,0.0,2.0282270627611709e+34,2.3294728327246377e+52,1.1485266494538138e+18,2.8121579748761318e-12,3229838.3766192943,3.096130156973088e-07,355598799546.1199,1.1485266494538097e+18,0.0
20.174179193069847,81.25374094363274,0.0,3.497697825672797,50.52237583595812,-50.52237583595812,pass_no_bh_halo_scale_down,20.0,50.52237583595812,0.0007097861348555057,0.009902697310326568,0.0030086725401212875,1.0,1.0,703.0,none,0.0,34.535079180364995,15.987296655593125,32.0,32.0,453.0,42.93373839995896,0.07283458085649305,nonsingular_isothermal,1.0,0.01,2.0,0.3,1.0,0.0,strict_pass,1.0,none,none,,,1.0,1.0,1.0,1.0,1.0,1.0,0.0,0.0,0.0,0.0,0.0,3885.0,3885.0,1.0,inverse_phase_volume,geometric_mean,3885.0,3885.0,3885.0,0.0,420.0,0.0,0.0,3.813814022778216e+35,6.51964720742618e+52,1.7094822056049994e+17,5.131118278410212e-13,87715.55391796818,1.1400486633592973e-05,1948892903536.4832,1.7094822056049997e+17,0.0
20.174179193069847,162.50748188726547,0.0,5.0,45.97930856798662,-45.97930856798662,pass_no_bh_ml_up,20.0,45.97930856798662,0.0010887949784645912,0.009902907736492278,0.004609558524228549,1.0,1.0,675.0,none,0.0,30.29235800414198,15.686950563844626,32.0,32.0,335.0,44.28128359759596,0.056127858059283726,nonsingular_isothermal,1.0,0.01,2.0,0.3,1.0,0.0,strict_pass,1.0,none,none,,,1.0,1.0,1.0,1.0,1.0,1.0,0.0,0.0,0.0,0.0,0.0,3885.0,3885.0,1.0,inverse_phase_volume,geometric_mean,3885.0,3885.0,3885.0,0.0,420.0,0.0,0.0,1.1087638893736315e+36,6.190694983266053e+52,5.583420458221571e+16,1.4398175539206943e-11,803910.6786667352,1.2439192892156549e-06,69453244077.8313,5.583420458221577e+16,0.0
20.174179193069847,162.50748188726547,0.0,1.7488489128363984,45.90096760672334,-45.90096760672334,pass_no_bh_ml_down,20.0,45.90096760672334,0.0011018743257125152,0.00991246888544058,0.004607387876056631,1.0,1.0,675.0,none,0.0,30.128891186694787,15.772076420028561,32.0,32.0,365.0,44.39195225790512,0.05607965830195118,nonsingular_isothermal,1.0,0.01,2.0,0.3,1.0,0.0,strict_pass,1.0,none,none,,,1.0,1.0,1.0,1.0,1.0,1.0,0.0,0.0,0.0,0.0,0.0,3885.0,3885.0,1.0,inverse_phase_volume,geometric_mean,3885.0,3885.0,3885.0,0.0,420.0,0.0,0.0,7.308372262327825e+34,6.189576586172036e+52,8.469158882446642e+17,1.7477747872399091e-12,1480218.236386925,6.755760572447121e-07,572156096598.2367,8.46915888244669e+17,0.0
25.0,2.824236322520624,0.0,4.1028534496312075,53.478775461084396,-53.478775461084396,pass_no_bh_halo_up,21.0,53.478775461084396,0.000690099069522887,0.00995524317520853,0.002308460496528191,1.0,1.0,714.0,none,0.0,38.67849809351345,14.800277367570942,32.0,32.0,487.0,48.541316308123825,0.050665822815540995,nonsingular_isothermal,1.0,0.01,2.0,0.3,1.0,0.0,strict_pass,1.0,none,none,,,1.0,1.0,1.0,1.0,1.0,1.0,0.0,0.0,0.0,0.0,0.0,3885.0,3885.0,1.0,inverse_phase_volume,geometric_mean,3885.0,3885.0,3885.0,0.0,420.0,0.0,0.0,6.664190279241486e+43,1.6421635474854098e+53,2464160653.6965804,1.792290443527611e-07,441.64915909371723,0.002264240697417023,5579452.837073583,2464160653.696603,0.0
8.906848378955964,2.824236322520624,0.0,4.1028534496312075,55.01426020652266,-55.01426020652266,pass_no_bh_halo_down,21.0,55.01426020652266,0.0010018364188297824,0.009949813074243263,0.002307608407287327,1.0,1.0,714.0,none,0.0,36.71624143349977,18.298018773022893,32.0,32.0,526.0,47.05749960501139,0.05109657460706884,nonsingular_isothermal,1.0,0.01,2.0,0.3,1.0,0.0,strict_pass,1.0,none,none,,,0.9987129987129987,1.0,0.9987129987129987,0.9903474903474904,0.9947089947089947,0.9976190476190476,0.009652509652509633,0.005291005291005346,0.0023809523809523725,0.0,0.0,3880.0,3885.0,1.0,inverse_phase_volume,geometric_mean,3880.0,3880.0,3880.0,0.0,420.0,0.0,0.0,8.80333205599027e+41,2.8394672723492947e+51,3225446063.251886,1.4683403652022943e-07,473.6052650455582,0.002111463013198989,6810410.063624651,3225446063.2518897,0.0
17.813696757911927,5.648472645041248,0.0,4.1028534496312075,52.312766562961656,-52.312766562961656,pass_no_bh_halo_scale_up,21.0,52.312766562961656,0.0007835892347856088,0.009971809220738547,0.002368534643011873,1.0,1.0,714.0,none,0.0,36.88069528985953,15.432071273102105,32.0,32.0,520.0,39.00917605258434,0.07165815090788423,nonsingular_isothermal,1.0,0.01,2.0,0.3,1.0,0.0,strict_pass,1.0,none,none,,,0.998970398970399,1.0,0.998970398970399,0.9922779922779923,0.9957671957671957,0.9976190476190476,0.007722007722007707,0.004232804232804255,0.0023809523809523725,0.0,0.0,3881.0,3885.0,1.0,inverse_phase_volume,geometric_mean,3881.0,3881.0,3881.0,0.0,420.0,0.0,0.0,2.799686057481478e+42,4.6918259586045e+52,16758400271.583094,3.6053895415719836e-08,604.2056107264258,0.0016550657296904568,27736253.973932333,16758400271.58304,0.0
17.813696757911927,1.412118161260312,0.0,4.1028534496312075,52.39183561179173,-52.39183561179173,pass_no_bh_halo_scale_down,21.0,52.39183561179173,0.000778699284602169,0.00997809570708695,0.00234344982356548,1.0,1.0,715.0,none,0.0,37.0276571881497,15.364178423642013,32.0,32.0,655.0,38.32981978952942,0.07627048340135142,nonsingular_isothermal,1.0,0.01,2.0,0.3,1.0,0.0,strict_pass,1.0,none,none,,,1.0,1.0,1.0,1.0,1.0,1.0,0.0,0.0,0.0,0.0,0.0,3885.0,3885.0,1.0,inverse_phase_volume,geometric_mean,3885.0,3885.0,3885.0,0.0,420.0,0.0,0.0,4.4650390660794425e+43,3.908243757640392e+52,875298894.3212206,4.464979277212697e-07,390.81914245114353,0.0025587283000729944,2239652.051922308,875298894.3212204,0.0
17.813696757911927,2.824236322520624,0.0,5.0,52.3053179581812,-52.3053179581812,pass_no_bh_ml_up,21.0,52.3053179581812,0.0007807001620676601,0.009960172906791714,0.0023086240355064307,1.0,1.0,714.0,none,0.0,37.03823765629546,15.267080301885743,32.0,32.0,520.0,37.63905333106715,0.07690897346543046,nonsingular_isothermal,1.0,0.01,2.0,0.3,1.0,0.0,strict_pass,1.0,none,none,,,1.0,1.0,1.0,1.0,1.0,1.0,0.0,0.0,0.0,0.0,0.0,3885.0,3885.0,1.0,inverse_phase_volume,geometric_mean,3885.0,3885.0,3885.0,0.0,420.0,0.0,0.0,1.6525207581308156e+43,4.228167834705586e+52,2558617078.7277207,1.7280933847655546e-07,442.152924789758,0.0022616609411223415,5786724.310247082,2558617078.7277427,0.0
17.813696757911927,2.824236322520624,0.0,2.0514267248156037,52.286718876453456,-52.286718876453456,pass_no_bh_ml_down,21.0,52.286718876453456,0.0007823367857611174,0.009954974185866784,0.0023084359810386116,1.0,1.0,714.0,none,0.0,37.025572806749636,15.261146069703814,32.0,32.0,522.0,37.58561525339125,0.0772262628339227,nonsingular_isothermal,1.0,0.01,2.0,0.3,1.0,0.0,strict_pass,1.0,none,none,,,1.0,1.0,1.0,1.0,1.0,1.0,0.0,0.0,0.0,0.0,0.0,3885.0,3885.0,1.0,inverse_phase_volume,geometric_mean,3885.0,3885.0,3885.0,0.0,420.0,0.0,0.0,1.7186398928819305e+43,4.2339348892424526e+52,2463538119.170914,1.792336259725222e-07,441.54886982052835,0.0022647549758341794,5579310.213549478,2463538119.1709027,0.0
23.30727303811495,30.128289221520102,0.0,3.601574447474144,53.25701648836471,-53.25701648836471,pass_no_bh_halo_up,22.0,53.25701648836471,0.0006467885688863362,0.009975093803626343,0.0025070761260691564,1.0,1.0,714.0,none,0.0,37.94275019496012,15.314266293404613,32.0,32.0,539.0,50.65075891356826,0.04936834115133605,nonsingular_isothermal,1.0,0.01,2.0,0.3,1.0,0.0,strict_pass,1.0,none,none,,,0.9997425997425997,1.0,0.9997425997425997,0.9980694980694981,0.9989417989417989,0.9976190476190476,0.0019305019305019266,0.0010582010582010914,0.0023809523809523725,0.0,0.0,3884.0,3885.0,1.0,inverse_phase_volume,geometric_mean,3884.0,3884.0,3884.0,0.0,420.0,0.0,0.0,1.1136873767900385e+40,1.3741572106045046e+53,12338805658058.31,3.727541688023881e-10,4599.341247083671,0.00021742244079716314,2682733242.696851,12338805658058.154,0.0
5.826818259528737,30.128289221520102,0.0,3.601574447474144,69.07905550174699,-69.07905550174699,pass_no_bh_halo_down,22.0,69.07905550174699,0.0012831436275604347,0.009918868708551435,0.0024701547032081514,1.0,1.0,715.0,none,0.0,39.03606061350906,30.04299488823794,32.0,32.0,714.0,38.408482641021536,0.04826247146803621,nonsingular_isothermal,1.0,0.01,2.0,0.3,1.0,0.0,strict_pass,1.0,none,none,,,1.0,1.0,1.0,1.0,1.0,1.0,0.0,0.0,0.0,0.0,0.0,3885.0,3885.0,1.0,inverse_phase_volume,geometric_mean,3885.0,3885.0,3885.0,0.0,420.0,0.0,0.0,5.0487312211353105e+37,5.361699929953627e+50,10619895762143.463,3.8331323144171486e-10,4070.7465621613865,0.0002456551850452326,2608832458.610436,10619895762143.47,0.0
11.653636519057475,60.256578443040205,0.0,3.601574447474144,57.02014153270147,-57.02014153270147,pass_no_bh_halo_scale_up,22.0,57.02014153270147,0.0009498651281489856,0.009968580210580329,0.0025826932633070117,1.0,1.0,716.0,none,0.0,35.99100313761651,21.029138395084967,32.0,32.0,443.0,37.133116873678276,0.08268464211321123,nonsingular_isothermal,1.0,0.01,2.0,0.3,1.0,0.0,strict_pass,1.0,none,none,,,0.9981981981981982,1.0,0.9981981981981982,0.9864864864864865,0.9925925925925926,0.9976190476190476,0.013513513513513487,0.007407407407407418,0.0023809523809523725,0.0,0.0,3878.0,3885.0,1.0,inverse_phase_volume,geometric_mean,3878.0,3878.0,3878.0,0.0,420.0,0.0,0.0,1.2869138423111538e+35,8.684693111553274e+51,6.748465068925309e+16,4.4893407442175164e-13,30296.15919485539,3.3007484333849506e-05,2227498550400.852,6.748465068925383e+16,0.0
11.653636519057475,15.064144610760051,0.0,3.601574447474144,55.77392378600465,-55.77392378600465,pass_no_bh_halo_scale_down,22.0,55.77392378600465,0.0009620432084034292,0.009909000425433518,0.0023058699523955846,1.0,1.0,718.0,none,0.0,36.436198653641,19.337725132363655,32.0,32.0,569.0,41.158566402924485,0.05765487792971586,nonsingular_isothermal,1.0,0.01,2.0,0.3,1.0,0.0,strict_pass,1.0,none,none,,,1.0,1.0,1.0,1.0,1.0,1.0,0.0,0.0,0.0,0.0,0.0,3885.0,3885.0,1.0,inverse_phase_volume,geometric_mean,3885.0,3885.0,3885.0,0.0,420.0,0.0,0.0,1.2495373144211633e+40,9.543416222593045e+51,763756000917.3431,1.9252174905385404e-09,1470.3964114698392,0.000680088710907815,519421834.1119841,763756000917.3435,0.0
11.653636519057475,30.128289221520102,0.0,5.0,56.6246430495464,-56.6246430495464,pass_no_bh_ml_up,22.0,56.6246430495464,0.0009123009861511377,0.009981075741670325,0.0025058704957074494,1.0,1.0,714.0,none,0.0,38.326249536735,18.29839351281139,32.0,32.0,560.0,49.57321432596192,0.06163101247542606,nonsingular_isothermal,1.0,0.01,2.0,0.3,1.0,0.0,strict_pass,1.0,none,none,,,1.0,1.0,1.0,1.0,1.0,1.0,0.0,0.0,0.0,0.0,0.0,3885.0,3885.0,1.0,inverse_phase_volume,geometric_mean,3885.0,3885.0,3885.0,0.0,420.0,0.0,0.0,3.5768206497546094e+38,8.591268007824362e+51,24019286537092.02,1.824591942738736e-10,4382.539668591089,0.0002281781970319239,5480677496.026794,24019286537091.91,0.0
11.653636519057475,30.128289221520102,0.0,1.800787223737072,56.64485704219884,-56.64485704219884,pass_no_bh_ml_down,22.0,56.64485704219884,0.0009037019320103923,0.009978796615092319,0.0025068185436072357,1.0,1.0,714.0,none,0.0,38.288711674438396,18.356145367760455,32.0,32.0,564.0,49.41712658723962,0.061398104702011534,nonsingular_isothermal,1.0,0.01,2.0,0.3,1.0,0.0,strict_pass,1.0,none,none,,,0.9992277992277993,1.0,0.9992277992277993,0.9942084942084942,0.9968253968253968,0.9976190476190476,0.00579150579150578,0.0031746031746031633,0.0023809523809523725,0.0,0.0,3882.0,3885.0,1.0,inverse_phase_volume,geometric_mean,3882.0,3882.0,3882.0,0.0,420.0,0.0,0.0,2.7577794791245793e+38,8.589095369727397e+51,31144968024977.44,1.4479741274682915e-10,4509.710790099444,0.00022174370963995872,6906200746.47638,31144968024977.37,0.0
25.0,2.208208302597843,0.0,2.8405177263793684,53.52664329214452,-53.52664329214452,pass_no_bh_halo_up,24.0,53.52664329214452,0.0006827511162015298,0.009936671963232621,0.00232575821925291,1.0,1.0,715.0,none,0.0,38.64727756361721,14.879365728527324,32.0,32.0,469.0,49.807636703288374,0.05051983527941657,nonsingular_isothermal,1.0,0.01,2.0,0.3,1.0,0.0,strict_pass,1.0,none,none,,,0.9994851994851995,1.0,0.9994851994851995,0.9961389961389961,0.9978835978835979,0.9976190476190476,0.0038610038610038533,0.002116402116402072,0.0023809523809523725,0.0,0.0,3883.0,3885.0,1.0,inverse_phase_volume,geometric_mean,3883.0,3883.0,3883.0,0.0,420.0,0.0,0.0,2.0247697883207498e+44,1.942330457836935e+53,959284590.7918322,5.33446477958601e-07,511.72698631786386,0.0019541670201829865,1874602.310295142,959284590.7918382,0.0
10.586816345580125,2.208208302597843,0.0,2.8405177263793684,56.182537231123,-56.182537231123,pass_no_bh_halo_down,24.0,56.182537231123,0.0010723003067880654,0.009941657817596062,0.002328048162907926,1.0,1.0,715.0,none,0.0,37.219495434454004,18.963041796668982,32.0,32.0,610.0,42.48813635116633,0.06483771012959787,nonsingular_isothermal,1.0,0.01,2.0,0.3,1.0,0.0,strict_pass,1.0,none,none,,,1.0,1.0,1.0,1.0,1.0,1.0,0.0,0.0,0.0,0.0,0.0,3885.0,3885.0,1.0,inverse_phase_volume,geometric_mean,3885.0,3885.0,3885.0,0.0,420.0,0.0,0.0,1.5976492468250228e+42,6.229312402515951e+51,3899048814.935658,1.31031268119789e-07,510.89731068197887,0.0019573405048171717,7631766.175732942,3899048814.935651,0.0
21.17363269116025,4.416416605195686,0.0,2.8405177263793684,51.862760856760914,-51.862760856760914,pass_no_bh_halo_scale_up,24.0,51.862760856760914,0.0007334657637798614,0.009998106694073453,0.00237122207597528,1.0,1.0,714.0,none,0.0,37.27390385738585,14.588856999375082,32.0,32.0,473.0,50.71809173462859,0.051423807070663366,nonsingular_isothermal,1.0,0.01,2.0,0.3,1.0,0.0,strict_pass,1.0,none,none,,,1.0,1.0,1.0,1.0,1.0,1.0,0.0,0.0,0.0,0.0,0.0,3885.0,3885.0,1.0,inverse_phase_volume,geometric_mean,3885.0,3885.0,3885.0,0.0,420.0,0.0,0.0,6.055435105816637e+42,7.959460709242236e+52,13144325007.457613,3.5769961151677554e-08,470.17199488178755,0.0021268812495976583,27956418.39697949,13144325007.45775,0.0
21.17363269116025,1.1041041512989216,0.0,2.8405177263793684,52.02656143235591,-52.02656143235591,pass_no_bh_halo_scale_down,24.0,52.02656143235591,0.0007297257099025956,0.00999615991220592,0.0023509009169392467,1.0,1.0,714.0,none,0.0,37.48747031429208,14.539091118063812,32.0,32.0,538.0,49.93695358184772,0.0524821008135396,nonsingular_isothermal,1.0,0.01,2.0,0.3,1.0,0.0,strict_pass,1.0,none,none,,,0.9979407979407979,1.0,0.9979407979407979,0.9845559845559846,0.9915343915343915,0.9976190476190476,0.015444015444015413,0.00846560846560851,0.0023809523809523725,0.0,0.0,3877.0,3885.0,1.0,inverse_phase_volume,geometric_mean,3877.0,3877.0,3877.0,0.0,420.0,0.0,0.0,8.949090596558628e+44,9.711334609479863e+52,108517558.34513907,4.353002112277661e-06,472.37716069560514,0.002116952476126147,229726.51384190595,108517558.34513916,0.0
21.17363269116025,2.208208302597843,0.0,5.0,52.013123200854196,-52.013123200854196,pass_no_bh_ml_up,24.0,52.013123200854196,0.0007203804757196508,0.009946978458848873,0.002324246320573852,1.0,1.0,715.0,none,0.0,37.472710613105555,14.540412587748632,32.0,32.0,562.0,50.600539152012665,0.05155467818126102,nonsingular_isothermal,1.0,0.01,2.0,0.3,1.0,0.0,strict_pass,1.0,none,none,,,0.9974259974259975,1.0,0.9974259974259975,0.9806949806949807,0.9915343915343915,0.9952380952380953,0.019305019305019266,0.00846560846560851,0.004761904761904745,0.0,0.0,3875.0,3885.0,1.0,inverse_phase_volume,geometric_mean,3875.0,3875.0,3875.0,0.0,420.0,0.0,0.0,1.042672511961577e+44,9.996928099153972e+52,958779289.2273315,5.293473072328535e-07,507.527234983118,0.001970337611602781,1889118.8947903952,958779289.227333,0.0
21.17363269116025,2.208208302597843,0.0,1.4202588631896842,52.01400497393046,-52.01400497393046,pass_no_bh_ml_down,24.0,52.01400497393046,0.0007197745338913819,0.00993674410187221,0.002325378531903856,1.0,1.0,715.0,none,0.0,37.47488964688247,14.539115327048002,32.0,32.0,563.0,50.66502503951166,0.05162896429232228,nonsingular_isothermal,1.0,0.01,2.0,0.3,1.0,0.0,strict_pass,1.0,none,none,,,0.9979407979407979,1.0,0.9979407979407979,0.9845559845559846,0.9915343915343915,0.9976190476190476,0.015444015444015413,0.00846560846560851,0.0023809523809523725,0.0,0.0,3877.0,3885.0,1.0,inverse_phase_volume,geometric_mean,3877.0,3877.0,3877.0,0.0,420.0,0.0,0.0,1.0416552381093617e+44,9.989200379574913e+52,958973757.7382741,5.300965486622035e-07,508.3486792346834,0.0019671537290221652,1886448.8035692454,958973757.7382746,0.0
0.0,36.093755868850025,2173466.7314274735,1.0471242974204493,79.64589281340285,-79.64589281340285,pass_no_halo_bh_up,15.0,79.64589281340285,0.0004934490347636711,0.009909226007584256,0.0009079370505779812,1.0,1.0,930.0,none,0.0,30.5736570941269,49.072235719275945,32.0,32.0,276.0,20.266329399752983,0.16011399440816967,none,1.0,0.01,2.0,0.3,1.0,0.0,severe_coverage_warn,0.0,multiple,multiple,1;2;3;4;5;6;7;8,Lfrac minimum coverage 0.66 is below 0.8 | Lfrac coverage gap 0.34 exceeds 0.1 | third_integral minimum coverage 0.75 is below 0.8 | third_integral coverage gap 0.25 exceeds 0.1 | 24 planned shell-band/Lfrac/third-integral cells have no successful orbit,0.9173745173745174,1.0,0.9173745173745174,0.915057915057915,0.6603174603174603,0.75,0.0038610038610039643,0.3396825396825397,0.25,24.0,0.0,3564.0,3885.0,1.0,inverse_phase_volume,geometric_mean,3564.0,3564.0,3564.0,0.0,420.0,0.0,0.0,4.157655135634985e+44,1.308647331656065e+52,31475610.385280296,0.00014123184370253648,4445.358486375879,0.00022495373614182004,7080.556153513135,31475610.385280564,0.0
0.0,36.093755868850025,543366.6828568684,1.0471242974204493,106.57858862742994,-106.57858862742994,pass_no_halo_bh_down,15.0,106.57858862742994,0.0005069586980539498,0.009994312574631924,0.0009157331434988549,1.0,1.0,919.0,none,0.0,38.973707334540585,67.60488129288935,32.0,32.0,185.0,14.506534582768142,0.21831568301584023,none,1.0,0.01,2.0,0.3,1.0,0.0,severe_coverage_warn,0.0,multiple,multiple,1;2;3;4;5;6;7;8,Lfrac minimum coverage 0.663 is below 0.8 | Lfrac coverage gap 0.337 exceeds 0.1 | third_integral minimum coverage 0.75 is below 0.8 | third_integral coverage gap 0.25 exceeds 0.1 | 24 planned shell-band/Lfrac/third-integral cells have no successful orbit,0.9181467181467181,1.0,0.9181467181467181,0.9168399168399168,0.6634920634920635,0.75,0.0020790020790021346,0.33650793650793653,0.25,24.0,0.0,3567.0,3885.0,1.0,inverse_phase_volume,geometric_mean,3567.0,3567.0,3567.0,0.0,420.0,0.0,0.0,3.139404563312236e+43,8.175695203975588e+50,26042184.23938902,0.00016385472725616293,4267.134995699876,0.00023434927674135714,6102.967041266048,26042184.23938928,0.0
0.0,36.093755868850025,1086733.3657137367,2.0942485948408986,102.4304461369781,-102.4304461369781,pass_no_halo_ml_up,15.0,102.4304461369781,0.0005124834271583723,0.009924560675522562,0.0009093420960546757,1.0,1.0,905.0,none,0.0,38.00346149416087,64.42698464281722,32.0,32.0,223.0,18.71296565567665,0.17642327421841064,none,1.0,0.01,2.0,0.3,1.0,0.0,severe_coverage_warn,0.0,multiple,multiple,1;2;3;4;5;6;7;8,Lfrac minimum coverage 0.663 is below 0.8 | Lfrac coverage gap 0.337 exceeds 0.1 | third_integral minimum coverage 0.75 is below 0.8 | third_integral coverage gap 0.25 exceeds 0.1 | 24 planned shell-band/Lfrac/third-integral cells have no successful orbit,0.9181467181467181,1.0,0.9181467181467181,0.9168399168399168,0.6634920634920635,0.75,0.0020790020790021346,0.33650793650793653,0.25,24.0,0.0,3567.0,3885.0,1.0,inverse_phase_volume,geometric_mean,3567.0,3567.0,3567.0,0.0,420.0,0.0,0.0,1.2557618252899189e+44,3.267470859927543e+51,26019829.51005203,0.0001638624351651114,4263.67262609816,0.00023453958305310504,6102.679964400492,26019829.510052077,0.0
0.0,36.093755868850025,1086733.3657137367,0.5235621487102247,98.9779074853013,-98.9779074853013,pass_no_halo_ml_down,15.0,98.9779074853013,0.0007185728457272944,0.009964970497816198,0.000913044663221837,1.0,1.0,921.0,none,0.0,33.504143061685916,65.47376442361536,32.0,32.0,248.0,19.749491885311894,0.16660874233781622,none,1.0,0.01,2.0,0.3,1.0,0.0,severe_coverage_warn,0.0,multiple,multiple,1;2;3;4;5;6;7;8,Lfrac minimum coverage 0.658 is below 0.8 | Lfrac coverage gap 0.342 exceeds 0.1 | third_integral minimum coverage 0.75 is below 0.8 | third_integral coverage gap 0.25 exceeds 0.1 | 24 planned shell-band/Lfrac/third-integral cells have no successful orbit,0.9168597168597169,1.0,0.9168597168597169,0.9147609147609148,0.6582010582010582,0.75,0.004158004158004158,0.34179894179894177,0.25,24.0,0.0,3562.0,3885.0,1.0,inverse_phase_volume,geometric_mean,3562.0,3562.0,3562.0,0.0,420.0,0.0,0.0,1.0394137838138944e+44,3.2702191049718524e+51,31462148.721681572,0.00014149929988587938,4451.872017023378,0.0002246246064972511,7067.172776165749,31462148.721681725,0.0
0.0,6.417371809647148,4000000.0,0.7507027442144742,59.66131541689665,-59.66131541689665,pass_no_halo_bh_up,16.0,59.66131541689665,0.0003227551730731193,0.009997570884734854,0.0009160316875488604,1.0,1.0,918.0,none,0.0,34.47180173737496,25.18951367952171,32.0,32.0,294.0,33.88775662317045,0.055933931965279814,none,1.0,0.01,2.0,0.3,1.0,0.0,severe_coverage_warn,0.0,multiple,multiple,1;2;3;4;5;6;7;8,Lfrac minimum coverage 0.658 is below 0.8 | Lfrac coverage gap 0.342 exceeds 0.1 | third_integral minimum coverage 0.75 is below 0.8 | third_integral coverage gap 0.25 exceeds 0.1 | 24 planned shell-band/Lfrac/third-integral cells have no successful orbit,0.9168597168597169,1.0,0.9168597168597169,0.9147609147609148,0.6582010582010582,0.75,0.004158004158004158,0.34179894179894177,0.25,24.0,0.0,3562.0,3885.0,1.0,inverse_phase_volume,geometric_mean,3562.0,3562.0,3562.0,0.0,420.0,0.0,0.0,1.3485830181794999e+45,4.4204741037774187e+52,32778657.6294337,0.00013609307320324604,4460.948252266674,0.0002241675857799707,7347.912545898394,32778657.629433807,0.0
0.0,6.417371809647148,1408712.7485546314,0.7507027442144742,100.32195899542742,-100.32195899542742,pass_no_halo_bh_down,16.0,100.32195899542742,0.0005346035038797936,0.009958147811560904,0.000912419531689777,1.0,1.0,923.0,none,0.0,38.844782298888724,61.477176696538685,32.0,32.0,251.0,17.382545579161533,0.1873836190360281,none,1.0,0.01,2.0,0.3,1.0,0.0,severe_coverage_warn,0.0,multiple,multiple,1;2;3;4;5;6;7;8,Lfrac minimum coverage 0.667 is below 0.8 | Lfrac coverage gap 0.333 exceeds 0.1 | third_integral minimum coverage 0.75 is below 0.8 | third_integral coverage gap 0.25 exceeds 0.1 | 24 planned shell-band/Lfrac/third-integral cells have no successful orbit,0.918918918918919,1.0,0.918918918918919,0.918918918918919,0.6666666666666666,0.75,0.0,0.33333333333333337,0.25,24.0,0.0,3570.0,3885.0,1.0,inverse_phase_volume,geometric_mean,3570.0,3570.0,3570.0,0.0,420.0,0.0,0.0,1.7594290177716005e+44,5.4899168417517833e+51,31202832.204649102,0.00014170572772990718,4421.62004479399,0.000226161449846284,7056.8777707137715,31202832.20464914,0.0
0.0,6.417371809647148,2817425.4971092627,1.5014054884289485,73.37732129429641,-73.37732129429641,pass_no_halo_ml_up,16.0,73.37732129429641,0.00036713085360418063,0.009955081181368246,0.0009121385503931344,1.0,1.0,930.0,none,0.0,31.161393724113946,42.21592757018246,32.0,32.0,320.0,34.83729520860586,0.04553882707213566,none,1.0,0.01,2.0,0.3,1.0,0.0,severe_coverage_warn,0.0,multiple,multiple,1;2;3;4;5;6;7;8,Lfrac minimum coverage 0.661 is below 0.8 | Lfrac coverage gap 0.339 exceeds 0.1 | third_integral minimum coverage 0.75 is below 0.8 | third_integral coverage gap 0.25 exceeds 0.1 | 24 planned shell-band/Lfrac/third-integral cells have no successful orbit,0.9176319176319176,1.0,0.9176319176319176,0.9147609147609148,0.6613756613756614,0.75,0.004158004158004158,0.3386243386243386,0.25,24.0,0.0,3565.0,3885.0,1.0,inverse_phase_volume,geometric_mean,3565.0,3565.0,3565.0,0.0,420.0,0.0,0.0,7.037716070918099e+44,2.1974284799807044e+52,31223602.342542935,0.00014210081336077395,4436.899288928696,0.00022538262306184853,7037.25739740237,31223602.34254278,0.0
0.0,6.417371809647148,2817425.4971092627,0.3753513721072371,71.9233436579812,-71.9233436579812,pass_no_halo_ml_down,16.0,71.9233436579812,0.00037795636400517196,0.009993729948634,0.0009156797601438138,1.0,1.0,927.0,none,0.0,32.49962709459466,39.42371656338658,32.0,32.0,299.0,23.866556809434208,0.132101507337762,none,1.0,0.01,2.0,0.3,1.0,0.0,severe_coverage_warn,0.0,multiple,multiple,1;2;3;4;5;6;7;8,Lfrac minimum coverage 0.663 is below 0.8 | Lfrac coverage gap 0.337 exceeds 0.1 | third_integral minimum coverage 0.75 is below 0.8 | third_integral coverage gap 0.25 exceeds 0.1 | 24 planned shell-band/Lfrac/third-integral cells have no successful orbit,0.9181467181467181,1.0,0.9181467181467181,0.9168399168399168,0.6634920634920635,0.75,0.0020790020790021346,0.33650793650793653,0.25,24.0,0.0,3567.0,3885.0,1.0,inverse_phase_volume,geometric_mean,3567.0,3567.0,3567.0,0.0,420.0,0.0,0.0,6.635813280807332e+44,2.196557428104261e+52,33101555.682064362,0.0001343118030774418,4445.929628326435,0.00022492483768269322,7445.362038833011,33101555.682064597,0.0
0.0,2.824236322520624,2020299.6863770608,4.1028534496312075,90.40088580671909,-90.40088580671909,pass_no_halo_bh_up,21.0,90.40088580671909,0.0024562077495602352,0.009946928192971598,0.007977437916153417,1.0,1.0,722.0,none,0.0,36.5837944453331,53.817091361385984,32.0,32.0,271.0,24.53507057331338,0.12715946985638818,none,1.0,0.01,2.0,0.3,1.0,0.0,severe_coverage_warn,0.0,multiple,multiple,1;2;3;4;5;6;7;8,Lfrac minimum coverage 0.667 is below 0.8 | Lfrac coverage gap 0.333 exceeds 0.1 | third_integral minimum coverage 0.75 is below 0.8 | third_integral coverage gap 0.25 exceeds 0.1 | 24 planned shell-band/Lfrac/third-integral cells have no successful orbit,0.918918918918919,1.0,0.918918918918919,0.918918918918919,0.6666666666666666,0.75,0.0,0.33333333333333337,0.25,24.0,0.0,3570.0,3885.0,1.0,inverse_phase_volume,geometric_mean,3570.0,3570.0,3570.0,0.0,420.0,0.0,0.0,4.3937093963467824e+44,1.1298774393697727e+52,25715798.143346187,0.00016513191805850452,4246.499071816039,0.00023548810045361543,6055.764456425138,25715798.143345904,0.0
0.0,2.824236322520624,505074.9215942652,4.1028534496312075,106.45151293143714,-106.45151293143714,pass_no_halo_bh_down,21.0,106.45151293143714,0.0005017473646944381,0.009918696371652297,0.0009088047767165572,1.0,1.0,927.0,none,0.0,38.755491634222274,67.69602129721486,32.0,32.0,209.0,14.889974484648695,0.21451493784078876,none,1.0,0.01,2.0,0.3,1.0,0.0,severe_coverage_warn,0.0,multiple,multiple,1;2;3;4;5;6;7;8,Lfrac minimum coverage 0.642 is below 0.8 | Lfrac coverage gap 0.358 exceeds 0.1 | third_integral minimum coverage 0.75 is below 0.8 | third_integral coverage gap 0.25 exceeds 0.1 | 25 planned shell-band/Lfrac/third-integral cells have no successful orbit,0.912998712998713,1.0,0.912998712998713,0.8898128898128899,0.6423280423280423,0.75,0.029106029106029108,0.3576719576719577,0.25,25.0,0.0,3547.0,3885.0,1.0,inverse_phase_volume,geometric_mean,3547.0,3547.0,3547.0,0.0,420.0,0.0,0.0,4.3158043790932795e+43,7.061471598411442e+50,16361889.877629273,0.00023288144956343923,3810.380632299678,0.00026244097283175365,4294.03029685106,16361889.877629314,0.0
0.0,2.824236322520624,1010149.8431885304,5.0,103.02992877527181,-103.02992877527181,pass_no_halo_ml_up,21.0,103.02992877527181,0.0005714645773480242,0.009935957850019602,0.0009103863670189108,1.0,1.0,917.0,none,0.0,38.83650976196193,64.19341901330986,32.0,32.0,250.0,17.466109127809336,0.18684030020645703,none,1.0,0.01,2.0,0.3,1.0,0.0,severe_coverage_warn,0.0,multiple,multiple,1;2;3;4;5;6;7;8,Lfrac minimum coverage 0.658 is below 0.8 | Lfrac coverage gap 0.342 exceeds 0.1 | third_integral minimum coverage 0.75 is below 0.8 | third_integral coverage gap 0.25 exceeds 0.1 | 24 planned shell-band/Lfrac/third-integral cells have no successful orbit,0.9168597168597169,1.0,0.9168597168597169,0.9147609147609148,0.6582010582010582,0.75,0.004158004158004158,0.34179894179894177,0.25,24.0,0.0,3562.0,3885.0,1.0,inverse_phase_volume,geometric_mean,3562.0,3562.0,3562.0,0.0,420.0,0.0,0.0,1.3015180363882236e+44,2.8266841621739417e+51,21718363.35067725,0.00019646443270432317,4266.885934957204,0.00023436295585202462,5089.979831133043,21718363.350677427,0.0
0.0,2.824236322520624,1010149.8431885304,2.0514267248156037,102.74895418720497,-102.74895418720497,pass_no_halo_ml_down,21.0,102.74895418720497,0.0005603510308560544,0.009986473665982558,0.0009150149001574065,1.0,1.0,924.0,none,0.0,38.77932967419249,63.96962451301245,32.0,32.0,267.0,16.604271204861096,0.19515677757679037,none,1.0,0.01,2.0,0.3,1.0,0.0,severe_coverage_warn,0.0,multiple,multiple,1;2;3;4;5;6;7;8,Lfrac minimum coverage 0.656 is below 0.8 | Lfrac coverage gap 0.344 exceeds 0.1 | third_integral minimum coverage 0.75 is below 0.8 | third_integral coverage gap 0.25 exceeds 0.1 | 24 planned shell-band/Lfrac/third-integral cells have no successful orbit,0.9163449163449163,1.0,0.9163449163449163,0.9126819126819127,0.656084656084656,0.75,0.006237006237006293,0.34391534391534395,0.25,24.0,0.0,3560.0,3885.0,1.0,inverse_phase_volume,geometric_mean,3560.0,3560.0,3560.0,0.0,420.0,0.0,0.0,1.0984273491152944e+44,2.826459947474771e+51,25731878.851626232,0.00016595645397108057,4270.371368229358,0.00023417167121337135,6025.677074145361,25731878.8516264,0.0
0.0,2.208208302597843,3306111.1819049222,2.8405177263793684,62.97592650691561,-62.97592650691561,pass_no_halo_bh_up,24.0,62.97592650691561,0.0002829276857170271,0.009916991449713594,0.0009086485625182628,1.0,1.0,919.0,none,0.0,31.350556397143947,31.625370109771676,32.0,32.0,274.0,21.571273423008837,0.15412651021790047,none,1.0,0.01,2.0,0.3,1.0,0.0,severe_coverage_warn,0.0,multiple,multiple,1;2;3;4;5;6;7;8,Lfrac minimum coverage 0.661 is below 0.8 | Lfrac coverage gap 0.339 exceeds 0.1 | third_integral minimum coverage 0.75 is below 0.8 | third_integral coverage gap 0.25 exceeds 0.1 | 24 planned shell-band/Lfrac/third-integral cells have no successful orbit,0.9176319176319176,1.0,0.9176319176319176,0.9168399168399168,0.6613756613756614,0.75,0.0020790020790021346,0.3386243386243386,0.25,24.0,0.0,3565.0,3885.0,1.0,inverse_phase_volume,geometric_mean,3565.0,3565.0,3565.0,0.0,420.0,0.0,0.0,1.0121258248531983e+45,3.0259751048966465e+52,29897222.564551625,0.00014750249802015226,4409.915012135835,0.00022676173968161673,6779.546200386226,29897222.56455168,0.0
0.0,2.208208302597843,826527.7954762306,2.8405177263793684,103.92647465705234,-103.92647465705234,pass_no_halo_bh_down,24.0,103.92647465705234,0.000556223527325983,0.009926909080273544,0.0009095572696395286,1.0,1.0,899.0,none,0.0,38.528551046644886,65.39792361040743,32.0,32.0,216.0,16.63415713254175,0.19579712182661352,none,1.0,0.01,2.0,0.3,1.0,0.0,severe_coverage_warn,0.0,multiple,multiple,1;2;3;4;5;6;7;8,Lfrac minimum coverage 0.663 is below 0.8 | Lfrac coverage gap 0.337 exceeds 0.1 | third_integral minimum coverage 0.75 is below 0.8 | third_integral coverage gap 0.25 exceeds 0.1 | 24 planned shell-band/Lfrac/third-integral cells have no successful orbit,0.9181467181467181,1.0,0.9181467181467181,0.9147609147609148,0.6634920634920635,0.75,0.004158004158004158,0.33650793650793653,0.25,24.0,0.0,3567.0,3885.0,1.0,inverse_phase_volume,geometric_mean,3567.0,3567.0,3567.0,0.0,420.0,0.0,0.0,7.29062004051376e+43,1.891617011564267e+51,25945900.36310502,0.00016000574735633514,4151.4931784316,0.0002408771873202961,6249.775501957348,25945900.36310486,0.0
0.0,2.208208302597843,1653055.5909524611,5.0,98.40220552594172,-98.40220552594172,pass_no_halo_ml_up,24.0,98.40220552594172,0.00045470365421351744,0.009940004284162881,0.0009107571232695599,1.0,1.0,937.0,none,0.0,37.60561873831771,60.79658678762403,32.0,32.0,250.0,24.24488838721319,0.1329600446693555,none,1.0,0.01,2.0,0.3,1.0,0.0,severe_coverage_warn,0.0,multiple,multiple,1;2;3;4;5;6;7;8,Lfrac minimum coverage 0.656 is below 0.8 | Lfrac coverage gap 0.344 exceeds 0.1 | third_integral minimum coverage 0.75 is below 0.8 | third_integral coverage gap 0.25 exceeds 0.1 | 24 planned shell-band/Lfrac/third-integral cells have no successful orbit,0.9163449163449163,1.0,0.9163449163449163,0.9126819126819127,0.656084656084656,0.75,0.006237006237006293,0.34391534391534395,0.25,24.0,0.0,3560.0,3885.0,1.0,inverse_phase_volume,geometric_mean,3560.0,3560.0,3560.0,0.0,420.0,0.0,0.0,2.2501147308199987e+44,7.568671668269671e+51,33636825.5564971,0.00012493749857401745,4202.500844999317,0.00023795355120271545,8004.002092354715,33636825.55649699,0.0
0.0,2.208208302597843,1653055.5909524611,1.4202588631896842,96.34221202767326,-96.34221202767326,pass_no_halo_ml_down,24.0,96.34221202767326,0.00048790875676729684,0.009930181292306274,0.0009098570874597688,1.0,1.0,924.0,none,0.0,36.02194787208858,60.32026415558466,32.0,32.0,252.0,23.419601888719413,0.13235545735799836,none,1.0,0.01,2.0,0.3,1.0,0.0,severe_coverage_warn,0.0,multiple,multiple,1;2;3;4;5;6;7;8,Lfrac minimum coverage 0.66 is below 0.8 | Lfrac coverage gap 0.34 exceeds 0.1 | third_integral minimum coverage 0.75 is below 0.8 | third_integral coverage gap 0.25 exceeds 0.1 | 24 planned shell-band/Lfrac/third-integral cells have no successful orbit,0.9173745173745174,1.0,0.9173745173745174,0.915057915057915,0.6603174603174603,0.75,0.0038610038610039643,0.3396825396825397,0.25,24.0,0.0,3564.0,3885.0,1.0,inverse_phase_volume,geometric_mean,3564.0,3564.0,3564.0,0.0,420.0,0.0,0.0,2.530314562298761e+44,7.566991382902384e+51,29905338.631209005,0.00014808952290114072,4428.667330092823,0.00022580156183892917,6752.672170249102,29905338.631209202,0.0
6.191145159289901,13.724377750240594,0.0,3.6751169469038873,63.21479199560684,-63.21479199560684,pass_full,25.0,63.21479199560684,0.0012932257256679236,0.009913947001392398,0.0023164368058802,1.0,1.0,716.0,none,0.0,38.21174998686373,25.00304200874312,32.0,32.0,416.0,25.985603709047243,0.13157149096786735,nonsingular_isothermal,1.0,0.01,2.0,0.3,1.0,0.0,strict_pass,1.0,none,none,,,0.9987129987129987,1.0,0.9987129987129987,0.9903474903474904,0.9947089947089947,0.9976190476190476,0.009652509652509633,0.005291005291005346,0.0023809523809523725,0.0,0.0,3880.0,3885.0,1.0,inverse_phase_volume,geometric_mean,3880.0,3880.0,3880.0,0.0,420.0,0.0,0.0,5.152194294138285e+39,8.646193919626368e+50,167815758219.04172,8.69922808097841e-09,1459.8675563297884,0.0006849936459400959,114952728.06866436,167815758219.0437,0.0
13.330328404523433,7.011652031933795,15370.254507431217,4.1996033661157135,53.441354721610466,-53.441354721610466,pass_full,26.0,53.441354721610466,0.0010129571989310193,0.009977043949966293,0.00235495914145919,1.0,1.0,714.0,none,0.0,36.874320255349055,16.567034466261408,32.0,32.0,524.0,41.06543182405815,0.05485435740786655,nonsingular_isothermal,1.0,0.01,2.0,0.3,1.0,0.0,strict_pass,1.0,none,none,,,1.0,1.0,1.0,1.0,1.0,1.0,0.0,0.0,0.0,0.0,0.0,3885.0,3885.0,1.0,inverse_phase_volume,geometric_mean,3885.0,3885.0,3885.0,0.0,420.0,0.0,0.0,2.5099093355177617e+43,1.4946855610434625e+52,595513766.1317668,1.000558484353866e-06,595.8463512526707,0.0016782850107207362,999441.8273768108,595513766.1317743,0.0
17.03846583764907,2.6882760372900014,53613.2207989597,3.276078976440268,52.632963941688494,-52.632963941688494,pass_full,27.0,52.632963941688494,0.0008150264465101031,0.009939339098370619,0.002325254344482673,1.0,1.0,715.0,none,0.0,37.00569404147732,15.627269900211186,32.0,32.0,631.0,37.26652367724957,0.07207404880752351,nonsingular_isothermal,1.0,0.01,2.0,0.3,1.0,0.0,strict_pass,1.0,none,none,,,0.9974259974259975,1.0,0.9974259974259975,0.9806949806949807,0.9915343915343915,0.9952380952380953,0.019305019305019266,0.00846560846560851,0.004761904761904745,0.0,0.0,3875.0,3885.0,1.0,inverse_phase_volume,geometric_mean,3875.0,3875.0,3875.0,0.0,420.0,0.0,0.0,1.0467621038276025e+42,4.836432552583237e+52,46203741374.45635,1.1542918899482016e-08,533.3260395379959,0.0018750256425999177,86633199.86116116,46203741374.45674,0.0
12.75835080500753,7.597640883969463,223360.15569218746,3.677848106476278,55.1984918293291,-55.1984918293291,pass_full,28.0,55.1984918293291,0.0010277730687278108,0.009925030802428713,0.0022983579425142594,1.0,1.0,719.0,none,0.0,36.96569006435119,18.23280176497793,32.0,32.0,666.0,43.51202363651842,0.04986802463557001,nonsingular_isothermal,1.0,0.01,2.0,0.3,1.0,0.0,strict_pass,1.0,none,none,,,1.0,1.0,1.0,1.0,1.0,1.0,0.0,0.0,0.0,0.0,0.0,3885.0,3885.0,1.0,inverse_phase_volume,geometric_mean,3885.0,3885.0,3885.0,0.0,420.0,0.0,0.0,7.59969747795635e+42,1.36887743951815e+52,1801226224.4499996,2.347806356868252e-07,422.8930379921531,0.002364664135280835,4259295.052484242,1801226224.4500084,0.0
16.68332724554969,37.51806692560886,3176.2478463762163,2.596567449496155,52.353698924010146,-52.353698924010146,pass_full,29.0,52.353698924010146,0.000753826672280411,0.009995967435002773,0.0025113137256160666,1.0,1.0,713.0,none,0.0,36.260130746508054,16.09356817750207,32.0,32.0,606.0,45.56745461118125,0.05850055779233399,nonsingular_isothermal,1.0,0.01,2.0,0.3,1.0,0.0,strict_pass,1.0,none,none,,,0.9997425997425997,1.0,0.9997425997425997,0.9980694980694981,0.9989417989417989,0.9976190476190476,0.0019305019305019266,0.0010582010582010914,0.0023809523809523725,0.0,0.0,3884.0,3885.0,1.0,inverse_phase_volume,geometric_mean,3884.0,3884.0,3884.0,0.0,420.0,0.0,0.0,8.463374489106942e+40,3.928564660586925e+52,464184193390.3918,8.246303381448904e-09,3827.803683570281,0.0002612464177021944,121266457.67722125,464184193390.3871,0.0
0.1125147548404648,102.62671302156177,69156.5800568485,4.601103131966378,167.7492138251065,-167.7492138251065,pass_full,30.0,167.7492138251065,0.0005113273684855812,0.009999358176563396,0.0009161954489233699,1.0,1.0,919.0,none,0.0,46.24858061782137,121.5006332072851,32.0,32.0,216.0,29.136141812910537,0.07570459499180324,nonsingular_isothermal,1.0,0.01,2.0,0.3,1.0,0.0,severe_coverage_warn,0.0,multiple,multiple,1;2;3;4;5;6;7;8,total orbit coverage 0.832 is below 0.85 | shell_band minimum coverage 0.736 is below 0.8 | shell_band coverage gap 0.175 exceeds 0.1 | Lfrac minimum coverage 0.472 is below 0.8 | Lfrac coverage gap 0.528 exceeds 0.1 | third_integral minimum coverage 0.624 is below 0.8 | third_integral coverage gap 0.376 exceeds 0.1 | 31 planned shell-band/Lfrac/third-integral cells have no successful orbit,0.8319176319176319,1.0,0.8319176319176319,0.735966735966736,0.47195767195767196,0.6238095238095238,0.17463617463617465,0.5280423280423281,0.3761904761904762,31.0,0.0,3232.0,3885.0,1.0,inverse_phase_volume,geometric_mean,3232.0,3232.0,3232.0,0.0,420.0,0.0,0.0,2.319700864200417e+42,1.324188461662865e+49,5708444.9210622795,0.0003039033692212348,1734.8156445246725,0.0005764301256771252,3290.519623268877,5708444.9210622795,0.0
12.976957515921486,52.35578503932797,2370733.020173687,0.4845305600141675,52.90384960834697,-52.90384960834697,pass_full,31.0,52.90384960834697,0.0006213045956613428,0.009997486273387826,0.0011032408342890022,1.0,1.0,787.0,none,0.0,36.860538096884596,16.04331151146236,32.0,32.0,454.0,40.44658641917996,0.06044309895199354,nonsingular_isothermal,1.0,0.01,2.0,0.3,1.0,0.0,strict_pass,1.0,none,none,,,0.990990990990991,1.0,0.990990990990991,0.9401544401544402,0.9650793650793651,0.9738095238095238,0.05984555984555984,0.03492063492063491,0.02619047619047621,0.0,0.0,3850.0,3885.0,1.0,inverse_phase_volume,geometric_mean,3850.0,3850.0,3850.0,0.0,420.0,0.0,0.0,8.868025474834777e+42,1.7761109252266716e+52,2002825691.318577,1.192911920164999e-07,238.9194641186646,0.0041855108108870024,8382848.583336176,2002825691.318586,0.0
10.638283553384564,369.333160209901,9572.220141105729,1.4864604038179197,70.24135586355415,-70.24135586355415,pass_full,32.0,70.24135586355415,0.0013991595013038705,0.00998293887238116,0.006309681188367556,1.0,1.0,641.0,none,0.0,42.7166143845294,27.524741479024744,32.0,32.0,484.0,26.22609043541019,0.10138188107418494,nonsingular_isothermal,1.0,0.01,2.0,0.3,1.0,0.0,strict_pass,1.0,none,none,,,0.9987129987129987,1.0,0.9987129987129987,0.9903474903474904,0.9947089947089947,0.9952380952380953,0.009652509652509633,0.005291005291005346,0.004761904761904745,0.0,0.0,3880.0,3885.0,1.0,inverse_phase_volume,geometric_mean,3880.0,3880.0,3880.0,0.0,420.0,0.0,0.0,1.7278736676155825e+38,1.3726655759810596e+51,7944247323794.8,6.914071396082191e-09,54927.09318485194,1.820595159905139e-05,144632582.2679012,7944247323794.774,0.0
1.6551114472770412,53.905242060094224,376567.8851476293,4.376047760938506,97.78805046939813,-97.78805046939813,pass_full,33.0,97.78805046939813,0.00038386583068472646,0.009968682355800758,0.0009133847637895389,1.0,1.0,925.0,none,0.0,42.34932842601942,55.43872204337871,32.0,32.0,340.0,25.180169835258287,0.10439407244406951,nonsingular_isothermal,1.0,0.01,2.0,0.3,1.0,0.0,severe_coverage_warn,0.0,multiple,multiple,1;2;3;4;5,Lfrac minimum coverage 0.764 is below 0.8 | Lfrac coverage gap 0.236 exceeds 0.1 | third_integral coverage gap 0.167 exceeds 0.1 | 11 planned shell-band/Lfrac/third-integral cells have no successful orbit,0.9425997425997426,1.0,0.9425997425997426,0.9043659043659044,0.764021164021164,0.8333333333333334,0.09563409563409564,0.23597883597883595,0.16666666666666663,11.0,0.0,3662.0,3885.0,1.0,inverse_phase_volume,geometric_mean,3662.0,3662.0,3662.0,0.0,420.0,0.0,0.0,7.952443081611929e+42,3.884066191042159e+50,48841169.325978674,1.8267752047610834e-05,892.2183709623541,0.0011208018491273518,54741.27289409898,48841169.32597866,0.0
8.567707922621215,424.0794523098671,3698.832620278852,2.3543896043002293,76.77797087678871,-76.77797087678871,pass_full,34.0,76.77797087678871,0.0020929455503591043,0.009987936791917314,0.00645295432072717,1.0,1.0,639.0,none,0.0,42.9760696718018,33.80190120498691,32.0,32.0,559.0,24.201384652150622,0.12430515923984976,nonsingular_isothermal,1.0,0.01,2.0,0.3,1.0,0.0,strict_pass,1.0,none,none,,,0.9994851994851995,1.0,0.9994851994851995,0.9961389961389961,0.9978835978835979,0.9976190476190476,0.0038610038610038533,0.002116402116402072,0.0023809523809523725,0.0,0.0,3883.0,3885.0,1.0,inverse_phase_volume,geometric_mean,3883.0,3883.0,3883.0,0.0,420.0,0.0,0.0,2.9765303506981852e+38,4.534760519071073e+50,1523505553372.6992,5.1769567826484e-08,78871.2240793529,1.2678895397818256e-05,19316367.54920765,1523505553372.6975,0.0
0.6208806595405625,14.655394179832262,4357.928756408399,0.4560477860145443,131.00534652098733,-131.00534652098733,pass_full,35.0,131.00534652098733,2.1883557536739318e-05,0.009981493407148974,0.0014863963814109114,1.0,1.0,761.0,none,0.0,56.31625556937944,74.68909095160785,32.0,32.0,390.0,32.69753529536026,0.05406090885279728,nonsingular_isothermal,1.0,0.01,2.0,0.3,1.0,0.0,strict_pass,1.0,none,none,,,0.992020592020592,1.0,0.992020592020592,0.9401544401544402,0.9693121693121693,0.9785714285714285,0.05984555984555984,0.030687830687830653,0.021428571428571463,0.0,0.0,3854.0,3885.0,1.0,inverse_phase_volume,geometric_mean,3854.0,3854.0,3854.0,0.0,420.0,0.0,0.0,1.455197566158264e+36,9.54079106245723e+46,65563544664.55721,2.403377737858695e-09,157.57396366190181,0.0063462260944685475,416081077.9960692,65563544664.55754,0.0
7.821974193317796,4.054240276955227,6645.989558917343,3.882586442065794,56.40142608168036,-56.40142608168036,pass_full,36.0,56.40142608168036,0.0011859503872742039,0.009925609369838558,0.002370553038627387,1.0,1.0,715.0,none,0.0,34.55656462701746,21.844861454662887,32.0,32.0,523.0,38.376079677481655,0.0898552841623613,nonsingular_isothermal,1.0,0.01,2.0,0.3,1.0,0.0,strict_pass,1.0,none,none,,,1.0,1.0,1.0,1.0,1.0,1.0,0.0,0.0,0.0,0.0,0.0,3885.0,3885.0,1.0,inverse_phase_volume,geometric_mean,3885.0,3885.0,3885.0,0.0,420.0,0.0,0.0,2.2089047302035453e+41,1.3937278856310709e+51,6309588035.074026,6.595721862799246e-08,416.16287748194435,0.002402905338531513,15161342.773413988,6309588035.074047,0.0
6.191145159289901,13.724377750240594,0.0,3.6751169469038873,63.21479214967005,-63.21479214967005,pass_no_bh,25.0,63.21479214967005,0.00129322416255917,0.009913955798908471,0.002316439413125284,1.0,1.0,716.0,none,0.0,38.211750208233376,25.003041941436653,32.0,32.0,416.0,25.985603593276863,0.13157149153158768,nonsingular_isothermal,1.0,0.01,2.0,0.3,1.0,0.0,strict_pass,1.0,none,none,,,1.0,1.0,1.0,1.0,1.0,1.0,0.0,0.0,0.0,0.0,0.0,3885.0,3885.0,1.0,inverse_phase_volume,geometric_mean,3885.0,3885.0,3885.0,0.0,420.0,0.0,0.0,5.152194294138285e+39,8.646193919626368e+50,167815758219.04172,8.746945502012735e-09,1467.8752915209209,0.0006812567837175475,114325623.7014273,167815758219.04367,0.0
13.330328404523433,7.011652031933795,0.0,4.1996033661157135,53.52353297064178,-53.52353297064178,pass_no_bh,26.0,53.52353297064178,0.0009851618115561678,0.009932723511638488,0.0023163237456440056,1.0,1.0,715.0,none,0.0,36.30303343659698,17.220499534044816,32.0,32.0,562.0,40.96225584928651,0.05150871336710716,nonsingular_isothermal,1.0,0.01,2.0,0.3,1.0,0.0,strict_pass,1.0,none,none,,,0.9979407979407979,1.0,0.9979407979407979,0.9845559845559846,0.9915343915343915,0.9976190476190476,0.015444015444015413,0.00846560846560851,0.0023809523809523725,0.0,0.0,3877.0,3885.0,1.0,inverse_phase_volume,geometric_mean,3877.0,3877.0,3877.0,0.0,420.0,0.0,0.0,9.453522383863974e+42,1.5637014067794e+52,1654093937.9891353,4.272205947271091e-07,706.6629959222207,0.0014151016902971747,2340711.1275587236,1654093937.989127,0.0
17.03846583764907,2.6882760372900014,0.0,3.276078976440268,52.6261152129619,-52.6261152129619,pass_no_bh,27.0,52.6261152129619,0.0008171720129510618,0.009999073564973957,0.002318137298817432,1.0,1.0,714.0,none,0.0,37.09630262939684,15.52981258356505,32.0,32.0,507.0,37.71457145170266,0.07212469674135538,nonsingular_isothermal,1.0,0.01,2.0,0.3,1.0,0.0,strict_pass,1.0,none,none,,,1.0,1.0,1.0,1.0,1.0,1.0,0.0,0.0,0.0,0.0,0.0,3885.0,3885.0,1.0,inverse_phase_volume,geometric_mean,3885.0,3885.0,3885.0,0.0,420.0,0.0,0.0,8.548545883672272e+41,3.4899563796522576e+52,40825146488.57505,1.0689181582868936e-08,436.387403963603,0.0022915418523019636,93552531.8049283,40825146488.57506,0.0
12.75835080500753,7.597640883969463,0.0,3.677848106476278,54.016806516310844,-54.016806516310844,pass_no_bh,28.0,54.016806516310844,0.0009894926103939383,0.009900405357333556,0.002292655382144517,1.0,1.0,716.0,none,0.0,36.461057288322095,17.555749227988766,32.0,32.0,563.0,37.9555840399596,0.07081409951357458,nonsingular_isothermal,1.0,0.01,2.0,0.3,1.0,0.0,strict_pass,1.0,none,none,,,0.9987129987129987,1.0,0.9987129987129987,0.9903474903474904,0.9947089947089947,0.9976190476190476,0.009652509652509633,0.005291005291005346,0.0023809523809523725,0.0,0.0,3880.0,3885.0,1.0,inverse_phase_volume,geometric_mean,3880.0,3880.0,3880.0,0.0,420.0,0.0,0.0,3.343362785440592e+42,1.1572892505734885e+52,3461452809.1691365,1.874609141015498e-07,648.8871077262215,0.0015411001206421257,5334445.341807563,3461452809.1691246,0.0
16.68332724554969,37.51806692560886,0.0,2.596567449496155,52.30351243770767,-52.30351243770767,pass_no_bh,29.0,52.30351243770767,0.0007570869877540076,0.00991860052891877,0.0024975919016394757,1.0,1.0,714.0,none,0.0,36.23799431477454,16.065518122933135,32.0,32.0,629.0,44.99013770075119,0.05898283346678347,nonsingular_isothermal,1.0,0.01,2.0,0.3,1.0,0.0,strict_pass,1.0,none,none,,,1.0,1.0,1.0,1.0,1.0,1.0,0.0,0.0,0.0,0.0,0.0,3885.0,3885.0,1.0,inverse_phase_volume,geometric_mean,3885.0,3885.0,3885.0,0.0,420.0,0.0,0.0,2.997064441220145e+36,3.561447716233023e+52,1.1883120253440764e+16,6.499431713659972e-13,7723.352863244862,0.00012947744557405388,1538596055864.826,1.1883120253440856e+16,0.0
12.976957515921486,52.35578503932797,0.0,0.4845305600141675,57.42201898083967,-57.42201898083967,pass_no_bh,31.0,57.42201898083967,0.000949349442336711,0.009913163209376621,0.002570407845090963,1.0,1.0,716.0,none,0.0,36.8464395323919,20.57557944844777,32.0,32.0,687.0,46.35853634169979,0.04841559959194174,nonsingular_isothermal,1.0,0.01,2.0,0.3,1.0,0.0,strict_pass,1.0,none,none,,,1.0,1.0,1.0,1.0,1.0,1.0,0.0,0.0,0.0,0.0,0.0,3885.0,3885.0,1.0,inverse_phase_volume,geometric_mean,3885.0,3885.0,3885.0,0.0,420.0,0.0,0.0,3.0521800069755163e+35,1.0297012353345444e+52,3.3736582802496696e+16,5.230595948431044e-13,17646.243332064845,5.666928542138531e-05,1911828039976.8928,3.373658280249685e+16,0.0
10.638283553384564,369.333160209901,0.0,1.4864604038179197,49.219833059550275,-49.219833059550275,pass_no_bh,32.0,49.219833059550275,0.0019736263999234893,0.0099501308474748,0.006242398799039231,1.0,1.0,642.0,none,0.0,26.291350112443002,22.92848294710728,32.0,32.0,1648.0,28.78400661655272,0.08755050935170731,nonsingular_isothermal,1.0,0.01,2.0,0.3,1.0,0.0,strict_pass,1.0,none,none,,,0.9987129987129987,1.0,0.9987129987129987,0.9903474903474904,0.9947089947089947,0.9976190476190476,0.009652509652509633,0.005291005291005346,0.0023809523809523725,0.0,0.0,3880.0,3885.0,1.0,inverse_phase_volume,geometric_mean,3880.0,3880.0,3880.0,0.0,420.0,0.0,0.0,5.087992173113263e+33,1.2546222774211891e+51,2.4658494642563597e+17,9.240746316814268e-12,2278628.9354645233,4.3886039733632154e-07,108216367565.5094,2.4658494642563424e+17,0.0
1.6551114472770412,53.905242060094224,0.0,4.376047760938506,112.44880406653682,-112.44880406653682,pass_no_bh,33.0,112.44880406653682,0.0008253458926503754,0.009935436919174869,0.002565407031403822,1.0,1.0,717.0,none,0.0,53.78982227666339,58.65898178987343,32.0,32.0,380.0,34.26879253855896,0.07472303436166776,nonsingular_isothermal,1.0,0.01,2.0,0.3,1.0,0.0,strict_pass,1.0,none,none,,,0.9796653796653797,1.0,0.9796653796653797,0.9563409563409564,0.9301587301587302,0.9523809523809523,0.043659043659043606,0.06984126984126982,0.04761904761904767,0.0,0.0,3806.0,3885.0,1.0,inverse_phase_volume,geometric_mean,3806.0,3806.0,3806.0,0.0,420.0,0.0,0.0,1.328562769527701e+34,2.638373388259664e+48,198588538590283.97,3.520121574105873e-11,6990.557990618233,0.00014305009719425298,28408109747.005104,198588538590286.22,0.0
8.567707922621215,424.0794523098671,0.0,2.3543896043002293,60.029816903111886,-60.029816903111886,pass_no_bh,34.0,60.029816903111886,0.0018029921718536457,0.009912246498497711,0.0063291014194332635,1.0,1.0,640.0,none,0.0,29.641489664128315,30.388327238983575,32.0,32.0,1483.0,26.805547367306765,0.0888744910761119,nonsingular_isothermal,1.0,0.01,2.0,0.3,1.0,0.0,strict_pass,1.0,none,none,,,1.0,1.0,1.0,1.0,1.0,1.0,0.0,0.0,0.0,0.0,0.0,3885.0,3885.0,1.0,inverse_phase_volume,geometric_mean,3885.0,3885.0,3885.0,0.0,420.0,0.0,0.0,6.133059229726733e+34,4.6636853335828914e+50,7604174619703923.0,1.89592143949364e-10,1441691.7691150077,6.936295409481715e-07,5274480150.754973,7604174619703930.0,0.0
0.6208806595405625,14.655394179832262,0.0,0.4560477860145443,134.56221240781812,-134.56221240781812,pass_no_bh,35.0,134.56221240781812,8.82388652314603e-05,0.009904076511451334,0.002293505518168551,1.0,1.0,718.0,none,0.0,57.37675288441191,77.18545952340622,32.0,32.0,1278.0,32.94580082983817,0.06543042042348746,nonsingular_isothermal,1.0,0.01,2.0,0.3,1.0,0.0,strict_pass,1.0,none,none,,,1.0,1.0,1.0,1.0,1.0,1.0,0.0,0.0,0.0,0.0,0.0,3885.0,3885.0,1.0,inverse_phase_volume,geometric_mean,3885.0,3885.0,3885.0,0.0,420.0,0.0,0.0,5.303443547135494e+35,9.288715843061657e+46,175144993257.79938,9.030680472731712e-09,1581.678470509942,0.0006322397495096424,110733626.66517949,175144993257.80002,0.0
7.821974193317796,4.054240276955227,0.0,3.882586442065794,56.36750119552872,-56.36750119552872,pass_no_bh,36.0,56.36750119552872,0.0011510178543900906,0.009914138266427109,0.0023038683350698895,1.0,1.0,715.0,none,0.0,35.18161179796447,21.185889397564242,32.0,32.0,540.0,31.133463965448044,0.12731828554274383,nonsingular_isothermal,1.0,0.01,2.0,0.3,1.0,0.0,strict_pass,1.0,none,none,,,0.9997425997425997,1.0,0.9997425997425997,0.9980694980694981,0.9989417989417989,0.9976190476190476,0.0019305019305019266,0.0010582010582010914,0.0023809523809523725,0.0,0.0,3884.0,3885.0,1.0,inverse_phase_volume,geometric_mean,3884.0,3884.0,3884.0,0.0,420.0,0.0,0.0,6.86594734663361e+41,1.264594502720232e+51,1841835421.7940013,2.1126133356315189e-07,389.1086074120515,0.0025699765591179462,4733473.859763704,1841835421.7940035,0.0
0.0,13.724377750240594,0.0,3.6751169469038873,147.8938034310886,-147.8938034310886,pass_no_halo,25.0,147.8938034310886,0.00039982106130764805,0.00992974307648927,0.0020109069477780715,1.0,1.0,743.0,none,0.0,59.10346657162429,88.79033685946432,32.0,32.0,214.0,26.957197300944316,0.09451803143714406,none,1.0,0.01,2.0,0.3,1.0,0.0,severe_coverage_warn,0.0,multiple,multiple,1;2;3;4;5;6;7;8,total orbit coverage 0.37 is below 0.85 | shell_band minimum coverage 0.125 is below 0.8 | shell_band coverage gap 0.632 exceeds 0.1 | Lfrac minimum coverage 0.192 is below 0.8 | Lfrac coverage gap 0.808 exceeds 0.1 | third_integral minimum coverage 0.198 is below 0.8 | third_integral coverage gap 0.483 exceeds 0.1 | 142 planned shell-band/Lfrac/third-integral cells have no successful orbit,0.3703989703989704,1.0,0.3703989703989704,0.12474012474012475,0.19153439153439153,0.1976190476190476,0.632016632016632,0.8084656084656084,0.4833333333333334,142.0,0.0,1439.0,3885.0,1.0,inverse_phase_volume,geometric_mean,1439.0,1439.0,1439.0,0.0,399.0,1.0,9.0,7.155663610287227e+28,2.2576707144452113e+44,3155082236117844.5,2.9551709395138657e-12,9323.807335951824,0.00010725232343058864,338389900438.21387,3155082236117825.5,0.0
0.0,7.011652031933795,15370.254507431217,4.1996033661157135,224.69089604145557,-224.69089604145557,pass_no_halo,26.0,224.69089604145557,0.00028567596666562167,0.00990684144173463,0.0009077185637170737,1.0,1.0,913.0,none,0.0,60.233832266852566,164.45706377460306,32.0,32.0,168.0,34.15024561276437,0.05394233005830087,none,1.0,0.01,2.0,0.3,1.0,0.0,severe_coverage_warn,0.0,multiple,multiple,1;2;3;4;5;6;7;8,total orbit coverage 0.656 is below 0.85 | shell_band minimum coverage 0.541 is below 0.8 | shell_band coverage gap 0.34 exceeds 0.1 | Lfrac minimum coverage 0.361 is below 0.8 | Lfrac coverage gap 0.639 exceeds 0.1 | third_integral minimum coverage 0.412 is below 0.8 | third_integral coverage gap 0.588 exceeds 0.1 | 69 planned shell-band/Lfrac/third-integral cells have no successful orbit,0.6558558558558558,1.0,0.6558558558558558,0.5405405405405406,0.36084656084656086,0.4119047619047619,0.33976833976833976,0.6391534391534391,0.5880952380952381,69.0,0.0,2548.0,3885.0,1.0,inverse_phase_volume,geometric_mean,2548.0,2548.0,2548.0,0.0,420.0,0.0,0.0,1.147379879559075e+41,6.547654246852371e+47,5706614.141925306,0.00016657618948993816,950.5860386512987,0.001051982628967295,6003.258947524453,5706614.141925235,0.0
0.0,2.6882760372900014,53613.2207989597,3.276078976440268,145.6396596299575,-145.6396596299575,pass_no_halo,27.0,145.6396596299575,0.0009662176427696068,0.009986377599698422,0.0009150060980432341,1.0,1.0,846.0,none,0.0,46.06156572342409,99.57809390653338,32.0,32.0,227.0,22.61008951551354,0.14564200729333757,none,1.0,0.01,2.0,0.3,1.0,0.0,severe_coverage_warn,0.0,multiple,multiple,1;2;3;4;5;6;7;8,total orbit coverage 0.841 is below 0.85 | shell_band minimum coverage 0.757 is below 0.8 | shell_band coverage gap 0.145 exceeds 0.1 | Lfrac minimum coverage 0.476 is below 0.8 | Lfrac coverage gap 0.524 exceeds 0.1 | third_integral minimum coverage 0.65 is below 0.8 | third_integral coverage gap 0.35 exceeds 0.1 | 28 planned shell-band/Lfrac/third-integral cells have no successful orbit,0.8411840411840412,1.0,0.8411840411840412,0.7567567567567568,0.47619047619047616,0.65,0.14478764478764472,0.5238095238095238,0.35,28.0,0.0,3268.0,3885.0,1.0,inverse_phase_volume,geometric_mean,3268.0,3268.0,3268.0,0.0,420.0,0.0,0.0,1.3918277910360055e+42,7.963888565433664e+48,5721892.18862037,0.0003511249797891901,2009.099279085266,0.0004977354829649312,2847.9887719762464,5721892.188620409,0.0
0.0,7.597640883969463,223360.15569218746,3.677848106476278,116.29579294025983,-116.29579294025983,pass_no_halo,28.0,116.29579294025983,0.0005165276165826072,0.009966650102288005,0.0009131985576964512,1.0,1.0,915.0,none,0.0,39.076437132534146,77.21935580772566,32.0,32.0,371.0,15.026322288678559,0.2134534223475079,none,1.0,0.01,2.0,0.3,1.0,0.0,severe_coverage_warn,0.0,multiple,multiple,1;2;3;4;5;6;7;8,Lfrac minimum coverage 0.639 is below 0.8 | Lfrac coverage gap 0.361 exceeds 0.1 | third_integral minimum coverage 0.75 is below 0.8 | third_integral coverage gap 0.25 exceeds 0.1 | 25 planned shell-band/Lfrac/third-integral cells have no successful orbit,0.9122265122265122,1.0,0.9122265122265122,0.8918918918918919,0.6391534391534391,0.75,0.027027027027027084,0.36084656084656086,0.25,25.0,0.0,3544.0,3885.0,1.0,inverse_phase_volume,geometric_mean,3544.0,3544.0,3544.0,0.0,420.0,0.0,0.0,1.3173712620206663e+43,1.3796573565201707e+50,10472805.930227794,0.0002949205541346807,3088.645728287728,0.0003237664944352087,3390.7436629300933,10472805.930227717,0.0
0.0,37.51806692560886,3176.2478463762163,2.596567449496155,199.27162267740488,-199.27162267740488,pass_no_halo,29.0,199.27162267740488,3.959580399737206e-05,0.009946699933457365,0.0009113706149860155,1.0,1.0,934.0,none,0.0,61.32806152864567,137.94356114875922,32.0,32.0,315.0,35.230094570775655,0.05394274022827192,none,1.0,0.01,2.0,0.3,1.0,0.0,severe_coverage_warn,0.0,multiple,multiple,1;2;3;4;5;6;7;8,total orbit coverage 0.558 is below 0.85 | shell_band minimum coverage 0.37 is below 0.8 | shell_band coverage gap 0.46 exceeds 0.1 | Lfrac minimum coverage 0.306 is below 0.8 | Lfrac coverage gap 0.694 exceeds 0.1 | third_integral minimum coverage 0.302 is below 0.8 | third_integral coverage gap 0.696 exceeds 0.1 | 105 planned shell-band/Lfrac/third-integral cells have no successful orbit,0.5575289575289575,1.0,0.5575289575289575,0.3700623700623701,0.3058201058201058,0.30238095238095236,0.46005346005346004,0.6941798941798942,0.6957142857142857,105.0,0.0,2166.0,3885.0,1.0,inverse_phase_volume,geometric_mean,2166.0,2166.0,2166.0,0.0,420.0,0.0,0.0,4.9374160708912073e+39,2.78276873610516e+46,5636083.117465262,0.00012875834501357292,725.6927345637644,0.0013779936774496301,7766.486901447717,5636083.117465251,0.0
0.0,52.35578503932797,2370733.020173687,0.4845305600141675,83.96083644543339,-83.96083644543339,pass_no_halo,31.0,83.96083644543339,0.0004093072900985817,0.009929845496489684,0.0009098263200251501,1.0,1.0,925.0,none,0.0,35.64473512068083,48.31610132475258,32.0,32.0,265.0,25.702067447026394,0.11849918817698413,none,1.0,0.01,2.0,0.3,1.0,0.0,severe_coverage_warn,0.0,multiple,multiple,1;2;3;4;5;6;7;8,Lfrac minimum coverage 0.661 is below 0.8 | Lfrac coverage gap 0.339 exceeds 0.1 | third_integral minimum coverage 0.75 is below 0.8 | third_integral coverage gap 0.25 exceeds 0.1 | 24 planned shell-band/Lfrac/third-integral cells have no successful orbit,0.9176319176319176,1.0,0.9176319176319176,0.9147609147609148,0.6613756613756614,0.75,0.004158004158004158,0.3386243386243386,0.25,24.0,0.0,3565.0,3885.0,1.0,inverse_phase_volume,geometric_mean,3565.0,3565.0,3565.0,0.0,420.0,0.0,0.0,4.749106321381821e+44,1.5567390034919443e+52,32779619.95677091,0.00013602890249672897,4458.975726979413,0.00022426675120687802,7351.378873501141,32779619.95677085,0.0
0.0,369.333160209901,9572.220141105729,1.4864604038179197,226.07173578110036,-226.07173578110036,pass_no_halo,32.0,226.07173578110036,0.00044156596334232745,0.009991794901645167,0.0009155024606398538,1.0,1.0,933.0,none,0.0,66.99174082515978,159.07999495594058,32.0,32.0,168.0,32.728289651896425,0.053942380377580826,none,1.0,0.01,2.0,0.3,1.0,0.0,severe_coverage_warn,0.0,multiple,multiple,1;2;3;4;5;6;7;8,total orbit coverage 0.734 is below 0.85 | shell_band minimum coverage 0.599 is below 0.8 | shell_band coverage gap 0.295 exceeds 0.1 | Lfrac minimum coverage 0.413 is below 0.8 | Lfrac coverage gap 0.587 exceeds 0.1 | third_integral minimum coverage 0.505 is below 0.8 | third_integral coverage gap 0.495 exceeds 0.1 | 54 planned shell-band/Lfrac/third-integral cells have no successful orbit,0.7335907335907336,1.0,0.7335907335907336,0.5987525987525988,0.4126984126984127,0.5047619047619047,0.295069795069795,0.5873015873015873,0.49523809523809526,54.0,0.0,2850.0,3885.0,1.0,inverse_phase_volume,geometric_mean,2850.0,2850.0,2850.0,0.0,420.0,0.0,0.0,4.442692737344863e+40,2.532913303655047e+47,5701302.010745899,0.00021476784440770135,1224.4563431651923,0.0008166889784040993,4656.190514729313,5701302.010745908,0.0
0.0,53.905242060094224,376567.8851476293,4.376047760938506,107.653786784629,-107.653786784629,pass_no_halo,33.0,107.653786784629,0.0006010594701990613,0.009936705096346038,0.0009104548337816186,1.0,1.0,903.0,none,0.0,38.31850113675831,69.33528564787069,32.0,32.0,262.0,13.465076352210913,0.23155706369342274,none,1.0,0.01,2.0,0.3,1.0,0.0,severe_coverage_warn,0.0,multiple,multiple,1;2;3;4;5;6;7;8,Lfrac minimum coverage 0.641 is below 0.8 | Lfrac coverage gap 0.359 exceeds 0.1 | third_integral minimum coverage 0.75 is below 0.8 | third_integral coverage gap 0.25 exceeds 0.1 | 25 planned shell-band/Lfrac/third-integral cells have no successful orbit,0.9127413127413128,1.0,0.9127413127413128,0.8918918918918919,0.6412698412698413,0.75,0.027027027027027084,0.3587301587301587,0.25,25.0,0.0,3546.0,3885.0,1.0,inverse_phase_volume,geometric_mean,3546.0,3546.0,3546.0,0.0,420.0,0.0,0.0,3.145301218925189e+43,3.927919689831742e+50,12488214.693707425,0.00027151312394380436,3390.7141839693995,0.0002949231181819437,3683.063217993735,12488214.693707338,0.0
0.0,424.0794523098671,3698.832620278852,2.3543896043002293,202.84513421459715,-202.84513421459715,pass_no_halo,34.0,202.84513421459715,0.00025215596025418563,0.00994214405478216,0.0009109531806632953,1.0,1.0,865.0,none,0.0,61.507938809488756,141.3371954051084,32.0,32.0,189.0,34.8902128961863,0.05393908063827997,none,1.0,0.01,2.0,0.3,1.0,0.0,severe_coverage_warn,0.0,multiple,multiple,1;2;3;4;5;6;7;8,total orbit coverage 0.568 is below 0.85 | shell_band minimum coverage 0.391 is below 0.8 | shell_band coverage gap 0.46 exceeds 0.1 | Lfrac minimum coverage 0.32 is below 0.8 | Lfrac coverage gap 0.68 exceeds 0.1 | third_integral minimum coverage 0.31 is below 0.8 | third_integral coverage gap 0.69 exceeds 0.1 | 101 planned shell-band/Lfrac/third-integral cells have no successful orbit,0.5683397683397683,1.0,0.5683397683397683,0.3908523908523909,0.31957671957671957,0.30952380952380953,0.46049896049896044,0.6804232804232804,0.6904761904761905,101.0,0.0,2208.0,3885.0,1.0,inverse_phase_volume,geometric_mean,2208.0,2208.0,2208.0,0.0,420.0,0.0,0.0,6.678783619965245e+39,3.789827330283032e+46,5674427.47950974,0.00014196948119663967,805.5955253539576,0.0012413177190385041,7043.767375714474,5674427.479509769,0.0
0.0,14.655394179832262,4357.928756408399,0.4560477860145443,203.24099366679008,-203.24099366679008,pass_no_halo,35.0,203.24099366679008,0.00021709228377631007,0.009968617269505927,0.0009133788002300726,1.0,1.0,879.0,none,0.0,66.25719832372612,136.98379534306397,32.0,32.0,258.0,31.570727031624802,0.05120399404737175,none,1.0,0.01,2.0,0.3,1.0,0.0,severe_coverage_warn,0.0,multiple,multiple,1;2;3;4;5;6;7;8,total orbit coverage 0.794 is below 0.85 | shell_band minimum coverage 0.719 is below 0.8 | shell_band coverage gap 0.178 exceeds 0.1 | Lfrac minimum coverage 0.462 is below 0.8 | Lfrac coverage gap 0.538 exceeds 0.1 | third_integral minimum coverage 0.581 is below 0.8 | third_integral coverage gap 0.419 exceeds 0.1 | 33 planned shell-band/Lfrac/third-integral cells have no successful orbit,0.7943371943371943,1.0,0.7943371943371943,0.7193347193347194,0.4624338624338624,0.580952380952381,0.1783486783486783,0.5375661375661376,0.419047619047619,33.0,0.0,3086.0,3885.0,1.0,inverse_phase_volume,geometric_mean,3086.0,3086.0,3086.0,0.0,420.0,0.0,0.0,3.439346728869432e+39,5.195086246686289e+46,15104863.383151822,0.00010073364816267003,1521.5679935835983,0.0006572167686340452,9927.169503333653,15104863.38315167,0.0
0.0,4.054240276955227,6645.989558917343,3.882586442065794,215.1411854416648,-215.1411854416648,pass_no_halo,36.0,215.1411854416648,0.00029776739185649603,0.009991672937651713,0.0009154912856370426,1.0,1.0,886.0,none,0.0,61.92595240176205,153.21523303990273,32.0,32.0,175.0,33.89292470705236,0.05394112876008611,none,1.0,0.01,2.0,0.3,1.0,0.0,severe_coverage_warn,0.0,multiple,multiple,1;2;3;4;5;6;7;8,total orbit coverage 0.575 is below 0.85 | shell_band minimum coverage 0.414 is below 0.8 | shell_band coverage gap 0.443 exceeds 0.1 | Lfrac minimum coverage 0.326 is below 0.8 | Lfrac coverage gap 0.674 exceeds 0.1 | third_integral minimum coverage 0.31 is below 0.8 | third_integral coverage gap 0.69 exceeds 0.1 | 99 planned shell-band/Lfrac/third-integral cells have no successful orbit,0.5745173745173745,1.0,0.5745173745173745,0.41372141372141374,0.32592592592592595,0.30952380952380953,0.44342144342144335,0.674074074074074,0.6904761904761905,99.0,0.0,2232.0,3885.0,1.0,inverse_phase_volume,geometric_mean,2232.0,2232.0,2232.0,0.0,420.0,0.0,0.0,2.1546061861436222e+40,1.2239074256359695e+47,5680422.870346229,0.00014461211442404922,821.4579621034956,0.0012173477477037467,6915.049987220838,5680422.870346232,0.0
12.382290318579802,13.724377750240594,0.0,3.6751169469038873,55.39087997745976,-55.39087997745976,pass_no_bh_halo_up,25.0,55.39087997745976,0.0009735430394570699,0.009928481804273552,0.0022991570974647685,1.0,1.0,716.0,none,0.0,37.13718990987213,18.253690067587623,32.0,32.0,568.0,39.245099584323384,0.06638123775999534,nonsingular_isothermal,1.0,0.01,2.0,0.3,1.0,0.0,strict_pass,1.0,none,none,,,0.9987129987129987,1.0,0.9987129987129987,0.9903474903474904,0.9947089947089947,0.9976190476190476,0.009652509652509633,0.005291005291005346,0.0023809523809523725,0.0,0.0,3880.0,3885.0,1.0,inverse_phase_volume,geometric_mean,3880.0,3880.0,3880.0,0.0,420.0,0.0,0.0,8.506687692868515e+40,1.382974230380104e+52,162574938720.21478,9.149151405309537e-09,1487.4227290601605,0.0006723038316295313,109299754.22853631,162574938720.2143,0.0
3.0955725796449505,13.724377750240594,0.0,3.6751169469038873,82.28857988292413,-82.28857988292413,pass_no_bh_halo_down,25.0,82.28857988292413,0.0009112438236513754,0.009911424681770925,0.0022952071477103804,1.0,1.0,717.0,none,0.0,42.883306020672116,39.405273862252,32.0,32.0,421.0,22.76071984905052,0.15450374846468118,nonsingular_isothermal,1.0,0.01,2.0,0.3,1.0,0.0,strict_pass,1.0,none,none,,,1.0,1.0,1.0,1.0,1.0,1.0,0.0,0.0,0.0,0.0,0.0,3885.0,3885.0,1.0,inverse_phase_volume,geometric_mean,3885.0,3885.0,3885.0,0.0,420.0,0.0,0.0,2.5514402074250973e+38,5.378312556247225e+49,210795163476.51334,6.8682354366792435e-09,1447.7908116699882,0.0006907075193042057,145597804.44618756,210795163476.5141,0.0
6.191145159289901,27.448755500481187,0.0,3.6751169469038873,66.18229127518896,-66.18229127518896,pass_no_bh_halo_scale_up,25.0,66.18229127518896,0.001181732378711331,0.009901044836114398,0.002491218683654754,1.0,1.0,714.0,none,0.0,39.02425043673271,27.15804083845627,32.0,32.0,719.0,30.542933123712704,0.07387736325029609,nonsingular_isothermal,1.0,0.01,2.0,0.3,1.0,0.0,strict_pass,1.0,none,none,,,1.0,1.0,1.0,1.0,1.0,1.0,0.0,0.0,0.0,0.0,0.0,3885.0,3885.0,1.0,inverse_phase_volume,geometric_mean,3885.0,3885.0,3885.0,0.0,420.0,0.0,0.0,6.526452182765387e+35,6.304517188150033e+50,965994542149343.5,3.284880339635543e-12,3173.176479701632,0.0003151416274502413,304425092120.99634,965994542149348.2,0.0
6.191145159289901,6.862188875120297,0.0,3.6751169469038873,60.963784955591315,-60.963784955591315,pass_no_bh_halo_scale_down,25.0,60.963784955591315,0.001476930107550345,0.009966402338923257,0.0023173187959468437,1.0,1.0,714.0,none,0.0,34.219761754411316,26.744023201180017,32.0,32.0,467.0,28.126577617074005,0.12261077710692257,nonsingular_isothermal,1.0,0.01,2.0,0.3,1.0,0.0,strict_pass,1.0,none,none,,,0.9994851994851995,1.0,0.9994851994851995,0.9961389961389961,0.9978835978835979,0.9976190476190476,0.0038610038610038533,0.002116402116402072,0.0023809523809523725,0.0,0.0,3883.0,3885.0,1.0,inverse_phase_volume,geometric_mean,3883.0,3883.0,3883.0,0.0,420.0,0.0,0.0,2.6930385151211582e+39,7.051071601224933e+50,261825872954.79913,2.607740337456792e-09,682.7738902940675,0.0014646137091875388,383473762.94959396,261825872954.79935,0.0
6.191145159289901,13.724377750240594,0.0,5.0,63.53261452216593,-63.53261452216593,pass_no_bh_ml_up,25.0,63.53261452216593,0.0012813970354272897,0.009941119814235224,0.002302083705064402,1.0,1.0,716.0,none,0.0,38.301024078481625,25.2315904436843,32.0,32.0,416.0,26.79121318758544,0.12609130336542224,nonsingular_isothermal,1.0,0.01,2.0,0.3,1.0,0.0,strict_pass,1.0,none,none,,,1.0,1.0,1.0,1.0,1.0,1.0,0.0,0.0,0.0,0.0,0.0,3885.0,3885.0,1.0,inverse_phase_volume,geometric_mean,3885.0,3885.0,3885.0,0.0,420.0,0.0,0.0,1.9022662533005348e+39,8.644256062083633e+50,454418830544.1145,3.236798300425296e-09,1470.8620983864448,0.0006798733892844293,308947270.4766948,454418830544.11584,0.0
6.191145159289901,13.724377750240594,0.0,1.8375584734519437,63.39917986089172,-63.39917986089172,pass_no_bh_ml_down,25.0,63.39917986089172,0.0012838986953198628,0.009936222199184323,0.0023009495551886295,1.0,1.0,716.0,none,0.0,38.26489823986824,25.13428162102348,32.0,32.0,434.0,26.166141448990924,0.13047061794058656,nonsingular_isothermal,1.0,0.01,2.0,0.3,1.0,0.0,strict_pass,1.0,none,none,,,0.9994851994851995,1.0,0.9994851994851995,0.9961389961389961,0.9978835978835979,0.9976190476190476,0.0038610038610038533,0.002116402116402072,0.0023809523809523725,0.0,0.0,3883.0,3885.0,1.0,inverse_phase_volume,geometric_mean,3883.0,3883.0,3883.0,0.0,420.0,0.0,0.0,7.357372426216756e+38,8.649650264445808e+50,1175643934188.2761,1.2601202615180124e-09,1481.4527418014031,0.0006750130947707648,793575050.3649098,1175643934188.2822,0.0
25.0,7.011652031933795,0.0,4.1996033661157135,53.15435559811589,-53.15435559811589,pass_no_bh_halo_up,26.0,53.15435559811589,0.0006772854138503703,0.009937656751691547,0.0023145984601105176,1.0,1.0,715.0,none,0.0,38.25087549795644,14.903480100159454,32.0,32.0,428.0,49.69352770594316,0.04875335202565643,nonsingular_isothermal,1.0,0.01,2.0,0.3,1.0,0.0,strict_pass,1.0,none,none,,,0.9984555984555985,1.0,0.9984555984555985,0.9884169884169884,0.9936507936507937,0.9976190476190476,0.01158301158301156,0.006349206349206327,0.0023809523809523725,0.0,0.0,3879.0,3885.0,1.0,inverse_phase_volume,geometric_mean,3879.0,3879.0,3879.0,0.0,420.0,0.0,0.0,3.3381808565489293e+44,1.9323397749324164e+53,578860121.1170157,1.2258171791596703e-06,709.5766807956788,0.001409290957643446,815782.3344305927,578860121.1170104,0.0
6.665164202261717,7.011652031933795,0.0,4.1996033661157135,58.921291754566,-58.921291754566,pass_no_bh_halo_down,26.0,58.921291754566,0.0013398194570015676,0.00992012542726609,0.0022972219956149042,1.0,1.0,716.0,none,0.0,33.26237608482587,25.658915669740157,32.0,32.0,456.0,27.321506555117956,0.13416636897860604,nonsingular_isothermal,1.0,0.01,2.0,0.3,1.0,0.0,strict_pass,1.0,none,none,,,0.9997425997425997,1.0,0.9997425997425997,0.9980694980694981,0.9989417989417989,0.9976190476190476,0.0019305019305019266,0.0010582010582010914,0.0023809523809523725,0.0,0.0,3884.0,3885.0,1.0,inverse_phase_volume,geometric_mean,3884.0,3884.0,3884.0,0.0,420.0,0.0,0.0,2.9072872756490267e+41,9.729335618960237e+50,3346533966.715844,2.1195894445265735e-07,709.3278071600485,0.0014097854192460357,4717894.7912875535,3346533966.7158146,0.0
13.330328404523433,14.02330406386759,0.0,4.1996033661157135,54.35936923365456,-54.35936923365456,pass_no_bh_halo_scale_up,26.0,54.35936923365456,0.000912839857285519,0.009951286580012004,0.002312716336311197,1.0,1.0,716.0,none,0.0,37.107828721173234,17.25154051248132,32.0,32.0,570.0,38.69870506135939,0.06512399809398949,nonsingular_isothermal,1.0,0.01,2.0,0.3,1.0,0.0,strict_pass,1.0,none,none,,,0.9997425997425997,1.0,0.9997425997425997,0.9980694980694981,0.9989417989417989,0.9976190476190476,0.0019305019305019266,0.0010582010582010914,0.0023809523809523725,0.0,0.0,3884.0,3885.0,1.0,inverse_phase_volume,geometric_mean,3884.0,3884.0,3884.0,0.0,420.0,0.0,0.0,5.756177706223959e+40,1.9633856510840543e+52,341091910515.7425,4.737680692035849e-09,1615.9845586600522,0.0006188177941682707,211073743.6739929,341091910515.74243,0.0
13.330328404523433,3.5058260159668975,0.0,4.1996033661157135,53.74882750047587,-53.74882750047587,pass_no_bh_halo_scale_down,26.0,53.74882750047587,0.0010155046528410594,0.009970401885129047,0.002360415918035702,1.0,1.0,715.0,none,0.0,36.599627909605296,17.149199590870573,32.0,32.0,510.0,41.076949129158415,0.05674004832168081,nonsingular_isothermal,1.0,0.01,2.0,0.3,1.0,0.0,strict_pass,1.0,none,none,,,0.998970398970399,1.0,0.998970398970399,0.9922779922779923,0.9957671957671957,0.9976190476190476,0.007722007722007707,0.004232804232804255,0.0023809523809523725,0.0,0.0,3881.0,3885.0,1.0,inverse_phase_volume,geometric_mean,3881.0,3881.0,3881.0,0.0,420.0,0.0,0.0,1.7066187713576892e+43,1.260713375328981e+52,738719974.5412555,5.863810808366507e-07,433.1714171071263,0.0023085549057653846,1705375.6212141023,738719974.5412585,0.0
13.330328404523433,7.011652031933795,0.0,5.0,53.52836893591303,-53.52836893591303,pass_no_bh_ml_up,26.0,53.52836893591303,0.000985161264267731,0.009923037079148354,0.0023129841596338722,1.0,1.0,715.0,none,0.0,36.31277442081281,17.215594515100232,32.0,32.0,558.0,40.91160715215289,0.05163961809680837,nonsingular_isothermal,1.0,0.01,2.0,0.3,1.0,0.0,strict_pass,1.0,none,none,,,0.9997425997425997,1.0,0.9997425997425997,0.9980694980694981,0.9989417989417989,0.9976190476190476,0.0019305019305019266,0.0010582010582010914,0.0023809523809523725,0.0,0.0,3884.0,3885.0,1.0,inverse_phase_volume,geometric_mean,3884.0,3884.0,3884.0,0.0,420.0,0.0,0.0,6.339038951857801e+42,1.5634260216604765e+52,2466345503.6859784,2.8922623216201146e-07,713.3318172408175,0.0014018721383661549,3457501.0452020313,2466345503.685991,0.0
13.330328404523433,7.011652031933795,0.0,2.0998016830578567,53.52366487491895,-53.52366487491895,pass_no_bh_ml_down,26.0,53.52366487491895,0.0009843455513518506,0.009937575964788383,0.0023151635160770143,1.0,1.0,715.0,none,0.0,36.335617769824715,17.188047105094217,32.0,32.0,557.0,40.74149460144811,0.05160523326696658,nonsingular_isothermal,1.0,0.01,2.0,0.3,1.0,0.0,strict_pass,1.0,none,none,,,0.9987129987129987,1.0,0.9987129987129987,0.9903474903474904,0.9947089947089947,0.9976190476190476,0.009652509652509633,0.005291005291005346,0.0023809523809523725,0.0,0.0,3880.0,3885.0,1.0,inverse_phase_volume,geometric_mean,3880.0,3880.0,3880.0,0.0,420.0,0.0,0.0,2.7060337024713994e+43,1.5610628008124346e+52,576882246.2878892,1.2306546016449657e-06,709.942791001472,0.001408564200770829,812575.6801813773,576882246.2878865,0.0
25.0,2.6882760372900014,0.0,3.276078976440268,53.5571217238271,-53.5571217238271,pass_no_bh_halo_up,27.0,53.5571217238271,0.0006856902191216818,0.00990370848729353,0.002299269734687749,1.0,1.0,715.0,none,0.0,38.68471322853877,14.872408495288333,32.0,32.0,480.0,49.377231890767014,0.05059131533198409,nonsingular_isothermal,1.0,0.01,2.0,0.3,1.0,0.0,strict_pass,1.0,none,none,,,0.9994851994851995,1.0,0.9994851994851995,0.9961389961389961,0.9978835978835979,0.9976190476190476,0.0038610038610038533,0.002116402116402072,0.0023809523809523725,0.0,0.0,3883.0,3885.0,1.0,inverse_phase_volume,geometric_mean,3883.0,3883.0,3883.0,0.0,420.0,0.0,0.0,3.847167392832871e+42,1.6134550122326295e+53,41938778521.52823,1.0371437554315843e-08,434.9654225403113,0.00229903332122296,96418649.2723829,41938778521.52811,0.0
8.519232918824535,2.6882760372900014,0.0,3.276078976440268,55.42147868342399,-55.42147868342399,pass_no_bh_halo_down,27.0,55.42147868342399,0.0009774068702199656,0.00991108926267645,0.0022980074325111236,1.0,1.0,715.0,none,0.0,36.78272204464306,18.638756638780947,32.0,32.0,482.0,43.867129291494834,0.05974011787253933,nonsingular_isothermal,1.0,0.01,2.0,0.3,1.0,0.0,strict_pass,1.0,none,none,,,0.9979407979407979,1.0,0.9979407979407979,0.9845559845559846,0.9915343915343915,0.9976190476190476,0.015444015444015413,0.00846560846560851,0.0023809523809523725,0.0,0.0,3877.0,3885.0,1.0,inverse_phase_volume,geometric_mean,3877.0,3877.0,3877.0,0.0,420.0,0.0,0.0,6.258341234350128e+40,2.225348418346258e+51,35558118917.070206,1.23777753105309e-08,440.130406420632,0.00227205388542118,80789962.24379748,35558118917.0701,0.0
17.03846583764907,5.376552074580003,0.0,3.276078976440268,52.53395194586871,-52.53395194586871,pass_no_bh_halo_scale_up,27.0,52.53395194586871,0.0008102119459252322,0.009990288131162607,0.002334156399273235,1.0,1.0,714.0,none,0.0,36.81777216003513,15.716179785833589,32.0,32.0,525.0,36.85904809166633,0.07730799451181562,nonsingular_isothermal,1.0,0.01,2.0,0.3,1.0,0.0,strict_pass,1.0,none,none,,,0.9997425997425997,1.0,0.9997425997425997,0.9980694980694981,0.9989417989417989,0.9976190476190476,0.0019305019305019266,0.0010582010582010914,0.0023809523809523725,0.0,0.0,3884.0,3885.0,1.0,inverse_phase_volume,geometric_mean,3884.0,3884.0,3884.0,0.0,420.0,0.0,0.0,1.1088946174218944e+41,3.790681628410475e+52,341843270663.8576,1.6633920298206411e-09,568.6193718700786,0.0017586456766521942,601181190.0456365,341843270663.8562,0.0
17.03846583764907,1.3441380186450007,0.0,3.276078976440268,52.67185628363327,-52.67185628363327,pass_no_bh_halo_scale_down,27.0,52.67185628363327,0.000809650245436444,0.009981340442456904,0.002337574422677561,1.0,1.0,715.0,none,0.0,37.15336827868956,15.518488004943737,32.0,32.0,670.0,36.030067891774095,0.0827642730090586,nonsingular_isothermal,1.0,0.01,2.0,0.3,1.0,0.0,strict_pass,1.0,none,none,,,0.9974259974259975,1.0,0.9974259974259975,0.9806949806949807,0.9915343915343915,0.9952380952380953,0.019305019305019266,0.00846560846560851,0.004761904761904745,0.0,0.0,3875.0,3885.0,1.0,inverse_phase_volume,geometric_mean,3875.0,3875.0,3875.0,0.0,420.0,0.0,0.0,1.5223825613447262e+44,3.4429978556512077e+52,226158519.09194195,1.7815414988611866e-06,402.91078708327973,0.002481939009970723,561311.6509714925,226158519.09193924,0.0
17.03846583764907,2.6882760372900014,0.0,5.0,52.61948047806134,-52.61948047806134,pass_no_bh_ml_up,27.0,52.61948047806134,0.0008180949408114202,0.009986922345411344,0.002344586708128488,1.0,1.0,714.0,none,0.0,37.09145169283534,15.528028785226004,32.0,32.0,506.0,37.848515345764596,0.07151299444931633,nonsingular_isothermal,1.0,0.01,2.0,0.3,1.0,0.0,strict_pass,1.0,none,none,,,1.0,1.0,1.0,1.0,1.0,1.0,0.0,0.0,0.0,0.0,0.0,3885.0,3885.0,1.0,inverse_phase_volume,geometric_mean,3885.0,3885.0,3885.0,0.0,420.0,0.0,0.0,8.795931402427008e+41,3.495329540684642e+52,39738026375.6968,1.0971732278953856e-08,435.99498668815625,0.002293604354481365,91143310.33379434,39738026375.69716,0.0
17.03846583764907,2.6882760372900014,0.0,1.638039488220134,52.62809629397481,-52.62809629397481,pass_no_bh_ml_down,27.0,52.62809629397481,0.0008089744159605061,0.009902640636956579,0.002299620061195752,1.0,1.0,715.0,none,0.0,37.098141203021086,15.529955090953742,32.0,32.0,508.0,37.74253699794517,0.07189015954476972,nonsingular_isothermal,1.0,0.01,2.0,0.3,1.0,0.0,strict_pass,1.0,none,none,,,0.9992277992277993,1.0,0.9992277992277993,0.9942084942084942,0.9968253968253968,0.9976190476190476,0.00579150579150578,0.0031746031746031633,0.0023809523809523725,0.0,0.0,3882.0,3885.0,1.0,inverse_phase_volume,geometric_mean,3882.0,3882.0,3882.0,0.0,420.0,0.0,0.0,8.316808892800969e+41,3.481880117670436e+52,41865578042.61142,1.0387972521851142e-08,434.898474318067,0.002299387234153967,96265175.70165843,41865578042.6119,0.0
25.0,7.597640883969463,0.0,3.677848106476278,53.17422555927754,-53.17422555927754,pass_no_bh_halo_up,28.0,53.17422555927754,0.0006660084970420144,0.009903309953065436,0.0022933280048096807,1.0,1.0,716.0,none,0.0,38.22651379885388,14.947711760423665,32.0,32.0,421.0,49.89069461953484,0.04870059772862097,nonsingular_isothermal,1.0,0.01,2.0,0.3,1.0,0.0,strict_pass,1.0,none,none,,,0.9994851994851995,1.0,0.9994851994851995,0.9961389961389961,0.9978835978835979,0.9976190476190476,0.0038610038610038533,0.002116402116402072,0.0023809523809523725,0.0,0.0,3883.0,3885.0,1.0,inverse_phase_volume,geometric_mean,3883.0,3883.0,3883.0,0.0,420.0,0.0,0.0,4.0143590621028703e+43,1.6998147035232193e+53,4234336483.6746645,1.5303033202642542e-07,647.9819180083393,0.0015432529399487507,6534652.227163169,4234336483.6746564,0.0
6.379175402503765,7.597640883969463,0.0,3.677848106476278,61.70031086783616,-61.70031086783616,pass_no_bh_halo_down,28.0,61.70031086783616,0.0012439397113084283,0.009978980946675351,0.002310851278303072,1.0,1.0,715.0,none,0.0,38.07193891565691,23.628371952179233,32.0,32.0,436.0,24.044497364781385,0.14990716499751602,nonsingular_isothermal,1.0,0.01,2.0,0.3,1.0,0.0,strict_pass,1.0,none,none,,,0.9981981981981982,1.0,0.9981981981981982,0.9864864864864865,0.9925925925925926,0.9976190476190476,0.013513513513513487,0.007407407407407418,0.0023809523809523725,0.0,0.0,3878.0,3885.0,1.0,inverse_phase_volume,geometric_mean,3878.0,3878.0,3878.0,0.0,420.0,0.0,0.0,1.786295433862255e+41,7.153942481716775e+50,4004904421.800381,1.5888851671428248e-07,636.3333231623312,0.0015715034300425846,6293721.035851989,4004904421.800366,0.0
12.75835080500753,15.195281767938926,0.0,3.677848106476278,54.795940006706395,-54.795940006706395,pass_no_bh_halo_scale_up,28.0,54.795940006706395,0.0009504504314605811,0.00993508800876788,0.002338401958030539,1.0,1.0,717.0,none,0.0,36.293687315474635,18.502252691231774,32.0,32.0,546.0,40.25165154766052,0.05378844797106803,nonsingular_isothermal,1.0,0.01,2.0,0.3,1.0,0.0,strict_pass,1.0,none,none,,,0.9997425997425997,1.0,0.9997425997425997,0.9980694980694981,0.9989417989417989,0.9976190476190476,0.0019305019305019266,0.0010582010582010914,0.0023809523809523725,0.0,0.0,3884.0,3885.0,1.0,inverse_phase_volume,geometric_mean,3884.0,3884.0,3884.0,0.0,420.0,0.0,0.0,8.462596757147282e+40,1.3197914693693921e+52,155955849870.16327,9.056582763329021e-09,1412.4270617744503,0.0007080011613085968,110416922.82094486,155955849870.1634,0.0
12.75835080500753,3.7988204419847316,0.0,3.677848106476278,54.19364459145292,-54.19364459145292,pass_no_bh_halo_scale_down,28.0,54.19364459145292,0.0010524431448786231,0.009996546949466351,0.0023464109422344894,1.0,1.0,714.0,none,0.0,35.88722641159466,18.306418179858287,32.0,32.0,525.0,42.054042713062614,0.052066458457537775,nonsingular_isothermal,1.0,0.01,2.0,0.3,1.0,0.0,strict_pass,1.0,none,none,,,1.0,1.0,1.0,1.0,1.0,1.0,0.0,0.0,0.0,0.0,0.0,3885.0,3885.0,1.0,inverse_phase_volume,geometric_mean,3885.0,3885.0,3885.0,0.0,420.0,0.0,0.0,7.698736908112741e+40,9.387117726802847e+51,121930621072.54155,3.2505300858106914e-09,396.3391521778784,0.0025230916363044456,307642130.2375355,121930621072.54128,0.0
12.75835080500753,7.597640883969463,0.0,5.0,54.00280508961736,-54.00280508961736,pass_no_bh_ml_up,28.0,54.00280508961736,0.0010002982307923958,0.009999446544317628,0.0023155905350193255,1.0,1.0,715.0,none,0.0,36.44799129306312,17.554813796554235,32.0,32.0,559.0,37.980448728024804,0.07045852334603334,nonsingular_isothermal,1.0,0.01,2.0,0.3,1.0,0.0,strict_pass,1.0,none,none,,,1.0,1.0,1.0,1.0,1.0,1.0,0.0,0.0,0.0,0.0,0.0,3885.0,3885.0,1.0,inverse_phase_volume,geometric_mean,3885.0,3885.0,3885.0,0.0,420.0,0.0,0.0,3.6625663987147714e+42,1.144178217611441e+52,3123979453.3498254,2.0592034767039227e-07,643.2909351489512,0.0015545065931458436,4856246.657084401,3123979453.3497925,0.0
12.75835080500753,7.597640883969463,0.0,1.838924053238139,53.99938154333045,-53.99938154333045,pass_no_bh_ml_down,28.0,53.99938154333045,0.00098934224522651,0.009901334461618934,0.002292870536561287,1.0,1.0,716.0,none,0.0,36.45416625325832,17.54521529007212,32.0,32.0,558.0,37.54588567111517,0.07326027541412332,nonsingular_isothermal,1.0,0.01,2.0,0.3,1.0,0.0,strict_pass,1.0,none,none,,,1.0,1.0,1.0,1.0,1.0,1.0,0.0,0.0,0.0,0.0,0.0,3885.0,3885.0,1.0,inverse_phase_volume,geometric_mean,3885.0,3885.0,3885.0,0.0,420.0,0.0,0.0,2.9169694279165884e+42,1.1535915956163187e+52,3954760665.55918,1.6472556536859046e-07,651.4501865316981,0.0015350367851208562,6070703.097982373,3954760665.5591745,0.0
25.0,37.51806692560886,0.0,2.596567449496155,53.465181187745934,-53.465181187745934,pass_no_bh_halo_up,29.0,53.465181187745934,0.0005942922021802133,0.009914908900011834,0.00249886208427115,1.0,1.0,714.0,none,0.0,37.92814504971279,15.537036138033155,32.0,32.0,654.0,50.55435426200879,0.06341149571595245,nonsingular_isothermal,1.0,0.01,2.0,0.3,1.0,0.0,strict_pass,1.0,none,none,,,1.0,1.0,1.0,1.0,1.0,1.0,0.0,0.0,0.0,0.0,0.0,3885.0,3885.0,1.0,inverse_phase_volume,geometric_mean,3885.0,3885.0,3885.0,0.0,420.0,0.0,0.0,1.336566640854256e+37,1.795769759456293e+53,1.3435691903162726e+16,5.89778113696986e-13,7924.077026861159,0.00012619766271960566,1695552915199.8613,1.3435691903162686e+16,0.0
8.341663622774846,37.51806692560886,0.0,2.596567449496155,56.415518801693864,-56.415518801693864,pass_no_bh_halo_down,29.0,56.415518801693864,0.0011666794814289005,0.009947485747086997,0.0024968433058725342,1.0,1.0,714.0,none,0.0,36.977086655893125,19.438432145800743,32.0,32.0,375.0,39.71873005667611,0.05810881767613262,nonsingular_isothermal,1.0,0.01,2.0,0.3,1.0,0.0,strict_pass,1.0,none,none,,,0.9981981981981982,1.0,0.9981981981981982,0.9864864864864865,0.9925925925925926,0.9976190476190476,0.013513513513513487,0.007407407407407418,0.0023809523809523725,0.0,0.0,3878.0,3885.0,1.0,inverse_phase_volume,geometric_mean,3878.0,3878.0,3878.0,0.0,420.0,0.0,0.0,1.2531735980537177e+35,2.227131998014394e+51,1.7771935200943544e+16,3.9230986173103585e-13,6972.105441375141,0.0001434286971716775,2549005512090.8257,1.7771935200943672e+16,0.0
16.68332724554969,75.03613385121773,0.0,2.596567449496155,52.45707991431393,-52.45707991431393,pass_no_bh_halo_scale_up,29.0,52.45707991431393,0.0008231445333848342,0.00992177106055593,0.002893077038278256,1.0,1.0,706.0,none,0.0,34.06693895471752,18.390140959596422,32.0,32.0,446.0,37.393399844577445,0.06909022166290293,nonsingular_isothermal,1.0,0.01,2.0,0.3,1.0,0.0,strict_pass,1.0,none,none,,,1.0,1.0,1.0,1.0,1.0,1.0,0.0,0.0,0.0,0.0,0.0,3885.0,3885.0,1.0,inverse_phase_volume,geometric_mean,3885.0,3885.0,3885.0,0.0,420.0,0.0,0.0,2.031527005775682e+35,3.396597213635718e+52,1.671942929618512e+17,4.355746075406773e-13,72825.58853989949,1.3731437260573908e-05,2295817944131.6777,1.6719429296185152e+17,0.0
16.68332724554969,18.75903346280443,0.0,2.596567449496155,52.37530823756146,-52.37530823756146,pass_no_bh_halo_scale_down,29.0,52.37530823756146,0.0007882533953988968,0.00998583771733209,0.0024055302239570963,1.0,1.0,714.0,none,0.0,36.51210222665774,15.863206010903731,32.0,32.0,613.0,43.12764477098789,0.058458732409208645,nonsingular_isothermal,1.0,0.01,2.0,0.3,1.0,0.0,strict_pass,1.0,none,none,,,0.998970398970399,1.0,0.998970398970399,0.9922779922779923,0.9957671957671957,0.9976190476190476,0.007722007722007707,0.004232804232804255,0.0023809523809523725,0.0,0.0,3881.0,3885.0,1.0,inverse_phase_volume,geometric_mean,3881.0,3881.0,3881.0,0.0,420.0,0.0,0.0,1.450893103269341e+41,4.38331153058224e+52,302111266550.5951,7.231849581944134e-09,2184.823236704539,0.00045770293138603843,138277212.3049565,302111266550.59576,0.0
16.68332724554969,37.51806692560886,0.0,5.0,52.314131753905954,-52.314131753905954,pass_no_bh_ml_up,29.0,52.314131753905954,0.0007574620730039783,0.009942758950549897,0.0024985562922793204,1.0,1.0,714.0,none,0.0,36.218688865092496,16.09544288881345,32.0,32.0,626.0,45.088089483786426,0.059016992926961706,nonsingular_isothermal,1.0,0.01,2.0,0.3,1.0,0.0,strict_pass,1.0,none,none,,,0.9979407979407979,1.0,0.9979407979407979,0.9845559845559846,0.9915343915343915,0.9976190476190476,0.015444015444015413,0.00846560846560851,0.0023809523809523725,0.0,0.0,3877.0,3885.0,1.0,inverse_phase_volume,geometric_mean,3877.0,3877.0,3877.0,0.0,420.0,0.0,0.0,5.774621626905474e+36,3.563197770120976e+52,6170443711011480.0,1.1928811135998694e-12,7360.605765396723,0.00013585838338213212,838306507328.468,6170443711011512.0,0.0
16.68332724554969,37.51806692560886,0.0,1.2982837247480774,52.29989520132848,-52.29989520132848,pass_no_bh_ml_down,29.0,52.29989520132848,0.0007570984983402695,0.009914787203512484,0.0024979561479714146,1.0,1.0,714.0,none,0.0,36.237598445391235,16.06229675593726,32.0,32.0,627.0,44.894742217438356,0.05895864381027964,nonsingular_isothermal,1.0,0.01,2.0,0.3,1.0,0.0,strict_pass,1.0,none,none,,,0.9992277992277993,1.0,0.9992277992277993,0.9942084942084942,0.9968253968253968,0.9976190476190476,0.00579150579150578,0.0031746031746031633,0.0023809523809523725,0.0,0.0,3882.0,3885.0,1.0,inverse_phase_volume,geometric_mean,3882.0,3882.0,3882.0,0.0,420.0,0.0,0.0,2.6125581044976874e+36,3.561408692784536e+52,1.3631883197749138e+16,5.818839463030219e-13,7932.173990648136,0.00012606884331823516,1718555746989.5208,1.3631883197749156e+16,0.0
25.0,52.35578503932797,0.0,0.4845305600141675,52.91744033209828,-52.91744033209828,pass_no_bh_halo_up,31.0,52.91744033209828,0.0005849790108314323,0.009912292987505534,0.0025699556164967725,1.0,1.0,716.0,none,0.0,37.361101261463496,15.55633907063478,32.0,32.0,641.0,50.50604868942941,0.05978581532563936,nonsingular_isothermal,1.0,0.01,2.0,0.3,1.0,0.0,strict_pass,1.0,none,none,,,0.9984555984555985,1.0,0.9984555984555985,0.9884169884169884,0.9936507936507937,0.9976190476190476,0.01158301158301156,0.006349206349206327,0.0023809523809523725,0.0,0.0,3879.0,3885.0,1.0,inverse_phase_volume,geometric_mean,3879.0,3879.0,3879.0,0.0,420.0,0.0,0.0,3.274560662447298e+36,1.4179629717258575e+53,4.3302388255837624e+16,4.1654589871880314e-13,18037.43223269857,5.5440263730398534e-05,2400695825059.769,4.330238825583797e+16,0.0
6.488478757960743,52.35578503932797,0.0,0.4845305600141675,68.31974354040742,-68.31974354040742,pass_no_bh_halo_down,31.0,68.31974354040742,0.0012246813300578197,0.00990698686094576,0.0025694821038933723,1.0,1.0,716.0,none,0.0,38.037057352597195,30.282686187810224,32.0,32.0,460.0,39.97980880352533,0.06588962527014358,nonsingular_isothermal,1.0,0.01,2.0,0.3,1.0,0.0,strict_pass,1.0,none,none,,,1.0,1.0,1.0,1.0,1.0,1.0,0.0,0.0,0.0,0.0,0.0,3885.0,3885.0,1.0,inverse_phase_volume,geometric_mean,3885.0,3885.0,3885.0,0.0,420.0,0.0,0.0,1.9750726567339098e+34,6.442701363887646e+50,3.26200726941441e+16,4.950299571714712e-13,16147.91318871235,6.192750656468825e-05,2020079765907.2065,3.262007269414394e+16,0.0
12.976957515921486,104.71157007865594,0.0,0.4845305600141675,56.73938713502957,-56.73938713502957,pass_no_bh_halo_scale_up,31.0,56.73938713502957,0.0010931233865179024,0.009981215292260984,0.0034964355288446235,1.0,1.0,694.0,none,0.0,35.1416550394889,21.597732095540678,32.0,32.0,359.0,41.43660354836709,0.05282930430345245,nonsingular_isothermal,1.0,0.01,2.0,0.3,1.0,0.0,strict_pass,1.0,none,none,,,1.0,1.0,1.0,1.0,1.0,1.0,0.0,0.0,0.0,0.0,0.0,3885.0,3885.0,1.0,inverse_phase_volume,geometric_mean,3885.0,3885.0,3885.0,0.0,420.0,0.0,0.0,4.282834831695653e+34,1.155151784377095e+52,2.697166315703445e+17,1.1120517226237984e-12,299938.8447580889,3.334012974566648e-06,899238749111.9377,2.6971663157034352e+17,0.0
12.976957515921486,26.177892519663985,0.0,0.4845305600141675,54.86276454132466,-54.86276454132466,pass_no_bh_halo_scale_down,31.0,54.86276454132466,0.0009432068937584859,0.009969853561843713,0.00255519184173994,1.0,1.0,712.0,none,0.0,36.942701289891005,17.920063251433664,32.0,32.0,521.0,40.19432917907527,0.06669789269004196,nonsingular_isothermal,1.0,0.01,2.0,0.3,1.0,0.0,strict_pass,1.0,none,none,,,0.9994851994851995,1.0,0.9994851994851995,0.9961389961389961,0.9978835978835979,0.9976190476190476,0.0038610038610038533,0.002116402116402072,0.0023809523809523725,0.0,0.0,3883.0,3885.0,1.0,inverse_phase_volume,geometric_mean,3883.0,3883.0,3883.0,0.0,420.0,0.0,0.0,1.5676495122964027e+39,1.2560845550479763e+52,8012534340076.921,4.0483892442087275e-10,3243.7857841220157,0.00030828176290027934,2470118211.657915,8012534340076.842,0.0
12.976957515921486,52.35578503932797,0.0,0.969061120028335,57.41029987934527,-57.41029987934527,pass_no_bh_ml_up,31.0,57.41029987934527,0.0009503182916219544,0.009913997231690574,0.002570625053932205,1.0,1.0,716.0,none,0.0,36.83824877913178,20.572051100213482,32.0,32.0,688.0,46.31428254816083,0.0483686437588224,nonsingular_isothermal,1.0,0.01,2.0,0.3,1.0,0.0,strict_pass,1.0,none,none,,,0.998970398970399,1.0,0.998970398970399,0.9922779922779923,0.9957671957671957,0.9976190476190476,0.007722007722007707,0.004232804232804255,0.0023809523809523725,0.0,0.0,3881.0,3885.0,1.0,inverse_phase_volume,geometric_mean,3881.0,3881.0,3881.0,0.0,420.0,0.0,0.0,2.1313293766651275e+35,1.03008310521413e+52,4.83305450810185e+16,3.487878785855311e-13,16857.108289690645,5.9322155545003715e-05,2867072112870.9644,4.833054508101801e+16,0.0
12.976957515921486,52.35578503932797,0.0,0.24226528000708375,57.42519128671316,-57.42519128671316,pass_no_bh_ml_down,31.0,57.42519128671316,0.0009493715892574528,0.009911990885722276,0.002569956972965843,1.0,1.0,716.0,none,0.0,36.8436471414683,20.581544145244845,32.0,32.0,689.0,46.4000264653017,0.04845229360060643,nonsingular_isothermal,1.0,0.01,2.0,0.3,1.0,0.0,strict_pass,1.0,none,none,,,0.9994851994851995,1.0,0.9994851994851995,0.9961389961389961,0.9978835978835979,0.9976190476190476,0.0038610038610038533,0.002116402116402072,0.0023809523809523725,0.0,0.0,3883.0,3885.0,1.0,inverse_phase_volume,geometric_mean,3883.0,3883.0,3883.0,0.0,420.0,0.0,0.0,3.7348666862789086e+35,1.0295156666064003e+52,2.756499101798246e+16,6.599710597119175e-13,18192.096333087156,5.4968926158401794e-05,1515217955824.4685,2.7564991017982132e+16,0.0
21.27656710676913,369.333160209901,0.0,1.4864604038179197,39.229198406438975,-39.229198406438975,pass_no_bh_halo_up,32.0,39.229198406438975,0.002170781486917406,0.009970219377524691,0.00616239993705591,1.0,1.0,643.0,none,0.0,23.262377860666554,15.966820545772434,32.0,32.0,1470.0,35.60426821599858,0.07572035141956258,nonsingular_isothermal,1.0,0.01,2.0,0.3,1.0,0.0,strict_pass,1.0,none,none,,,1.0,1.0,1.0,1.0,1.0,1.0,0.0,0.0,0.0,0.0,0.0,3885.0,3885.0,1.0,inverse_phase_volume,geometric_mean,3885.0,3885.0,3885.0,0.0,420.0,0.0,0.0,3.7345083418058548e+34,1.907608386082027e+52,5.108057638343863e+17,1.5648346818345668e-11,7993265.749290403,1.2510531131643838e-07,63904514106.73164,5.108057638343835e+17,0.0
5.319141776692282,369.333160209901,0.0,1.4864604038179197,79.53323126671559,-79.53323126671559,pass_no_bh_halo_down,32.0,79.53323126671559,0.0008491477236702849,0.00998927735441905,0.006078335751711338,1.0,1.0,644.0,none,0.0,39.62407890699766,39.909152359717936,32.0,32.0,2362.0,22.19428702588222,0.13048829959541386,nonsingular_isothermal,1.0,0.01,2.0,0.3,1.0,0.0,strict_pass,1.0,none,none,,,0.9981981981981982,1.0,0.9981981981981982,0.9864864864864865,0.9925925925925926,0.9976190476190476,0.013513513513513487,0.007407407407407418,0.0023809523809523725,0.0,0.0,3878.0,3885.0,1.0,inverse_phase_volume,geometric_mean,3878.0,3878.0,3878.0,0.0,420.0,0.0,0.0,9.715065178323177e+33,8.206572198405918e+49,8447264169381904.0,9.716743406664518e-11,820798.9842219523,1.2183250944784186e-06,10291513917.246391,8447264169381923.0,0.0
10.638283553384564,500.0,0.0,1.4864604038179197,55.42477164521534,-55.42477164521534,pass_no_bh_halo_scale_up,32.0,55.42477164521534,0.001656593040451071,0.009956977329417693,0.006646968530402822,1.0,1.0,635.0,none,0.0,25.724769032982383,29.70000261223294,32.0,32.0,1621.0,34.97781013416544,0.06629931235389747,nonsingular_isothermal,1.0,0.01,2.0,0.3,1.0,0.0,strict_pass,1.0,none,none,,,1.0,1.0,1.0,1.0,1.0,1.0,0.0,0.0,0.0,0.0,0.0,3885.0,3885.0,1.0,inverse_phase_volume,geometric_mean,3885.0,3885.0,3885.0,0.0,420.0,0.0,0.0,1.6786566686748825e+34,7.368907474910702e+50,4.3897645137451816e+16,7.153510317767528e-11,3140222.574164574,3.1844876481917537e-07,13979150872.491934,4.3897645137451576e+16,0.0
10.638283553384564,184.6665801049505,0.0,1.4864604038179197,50.78141090355244,-50.78141090355244,pass_no_bh_halo_scale_down,32.0,50.78141090355244,0.0016450093250028885,0.00995834030883329,0.00491532912428634,1.0,1.0,668.0,none,0.0,29.79929354331967,20.982117360232767,32.0,32.0,385.0,49.733104166705694,0.04986078002092651,nonsingular_isothermal,1.0,0.01,2.0,0.3,1.0,0.0,strict_pass,1.0,none,none,,,0.9943371943371944,1.0,0.9943371943371944,0.9575289575289575,0.9915343915343915,0.9928571428571429,0.0424710424710425,0.00846560846560851,0.0071428571428571175,0.0,0.0,3863.0,3885.0,1.0,inverse_phase_volume,geometric_mean,3863.0,3863.0,3863.0,0.0,420.0,0.0,0.0,4.784948054521804e+34,4.1342395231395114e+51,8.640092799403811e+16,1.0600292340511098e-11,915875.0952282515,1.0918519405211942e-06,94337020893.12233,8.640092799403797e+16,0.0
10.638283553384564,369.333160209901,0.0,2.9729208076358393,50.201993422474715,-50.201993422474715,pass_no_bh_ml_up,32.0,50.201993422474715,0.0019075697335253494,0.009942720606712908,0.006093089296444588,1.0,1.0,644.0,none,0.0,27.20486462711559,22.997128795359128,32.0,32.0,1601.0,29.26490380341913,0.08650126181864687,nonsingular_isothermal,1.0,0.01,2.0,0.3,1.0,0.0,strict_pass,1.0,none,none,,,1.0,1.0,1.0,1.0,1.0,1.0,0.0,0.0,0.0,0.0,0.0,3885.0,3885.0,1.0,inverse_phase_volume,geometric_mean,3885.0,3885.0,3885.0,0.0,420.0,0.0,0.0,1.249087253865111e+34,1.3909164860562313e+51,1.113546296907803e+17,1.264128127624753e-11,1407665.195333535,7.103961959953538e-07,79105905338.80142,1.1135462969078005e+17,0.0
10.638283553384564,369.333160209901,0.0,0.7432302019089598,48.718172458774994,-48.718172458774994,pass_no_bh_ml_down,32.0,48.718172458774994,0.001978248995243348,0.009931192614763008,0.006167045146109614,1.0,1.0,643.0,none,0.0,25.92542012004761,22.79275233872737,32.0,32.0,1672.0,27.66392679350121,0.091511812108093,nonsingular_isothermal,1.0,0.01,2.0,0.3,1.0,0.0,strict_pass,1.0,none,none,,,1.0,1.0,1.0,1.0,1.0,1.0,0.0,0.0,0.0,0.0,0.0,3885.0,3885.0,1.0,inverse_phase_volume,geometric_mean,3885.0,3885.0,3885.0,0.0,420.0,0.0,0.0,8.856294660620019e+33,1.190523706078657e+51,1.3442684008385397e+17,3.0260051786583264e-11,4067763.142444185,2.4583535593941515e-07,33046870079.825214,1.3442684008385451e+17,0.0
3.3102228945540824,53.905242060094224,0.0,4.376047760938506,91.19306730066951,-91.19306730066951,pass_no_bh_halo_up,33.0,91.19306730066951,0.0009556793875731273,0.009906464727639605,0.0025512272928675723,1.0,1.0,716.0,none,0.0,46.61689307313946,44.57617422753007,32.0,32.0,661.0,38.59344652231249,0.04482913732658374,nonsingular_isothermal,1.0,0.01,2.0,0.3,1.0,0.0,strict_pass,1.0,none,none,,,0.9971685971685972,1.0,0.9971685971685972,0.9916839916839917,0.9925925925925926,0.9904761904761905,0.008316008316008316,0.007407407407407418,0.00952380952380949,0.0,0.0,3874.0,3885.0,1.0,inverse_phase_volume,geometric_mean,3874.0,3874.0,3874.0,0.0,420.0,0.0,0.0,1.805248905463797e+35,4.5126216275042495e+49,249972267749132.7,4.369653089034124e-11,10922.920919428621,9.155060330257431e-05,22885111921.345726,249972267749132.56,0.0
0.8275557236385206,53.905242060094224,0.0,4.376047760938506,124.66393244136836,-124.66393244136836,pass_no_bh_halo_down,33.0,124.66393244136836,0.00046468643481034633,0.009968168313189198,0.002479046638863475,1.0,1.0,721.0,none,0.0,57.96893621191084,66.69499622945753,32.0,32.0,496.0,31.808142638907352,0.06417156923307844,nonsingular_isothermal,1.0,0.01,2.0,0.3,1.0,0.0,severe_coverage_warn,0.0,multiple,multiple,2;3;4;5;6,shell_band coverage gap 0.198 exceeds 0.1 | Lfrac minimum coverage 0.716 is below 0.8 | Lfrac coverage gap 0.284 exceeds 0.1 | third_integral coverage gap 0.181 exceeds 0.1 | 9 planned shell-band/Lfrac/third-integral cells have no successful orbit,0.9057915057915058,1.0,0.9057915057915058,0.8024948024948025,0.7164021164021164,0.819047619047619,0.19750519750519746,0.2835978835978836,0.18095238095238098,9.0,0.0,3519.0,3885.0,1.0,inverse_phase_volume,geometric_mean,3519.0,3519.0,3519.0,0.0,420.0,0.0,0.0,1.0980645417349931e+35,2.187378425146046e+47,1992030834262.152,2.732367691243219e-09,5442.960691498186,0.00018372353883833542,365982954.34572464,1992030834262.1545,0.0
1.6551114472770412,107.81048412018845,0.0,4.376047760938506,113.00485118608229,-113.00485118608229,pass_no_bh_halo_scale_up,33.0,113.00485118608229,0.0008836415997137692,0.00991881477071843,0.00346902109617761,1.0,1.0,695.0,none,0.0,53.72113787924793,59.28371330683436,32.0,32.0,571.0,22.845936017776644,0.14797944779664773,nonsingular_isothermal,1.0,0.01,2.0,0.3,1.0,0.0,strict_pass,1.0,none,none,,,0.9855855855855856,1.0,0.9855855855855856,0.9625779625779626,0.9407407407407408,0.9642857142857143,0.037422037422037424,0.059259259259259234,0.0357142857142857,0.0,0.0,3829.0,3885.0,1.0,inverse_phase_volume,geometric_mean,3829.0,3829.0,3829.0,0.0,420.0,0.0,0.0,1.4660255264431292e+35,2.4027958557468755e+48,16389863698871.18,1.6404956830757936e-09,26887.50064419899,3.719200282811527e-05,609571857.0408443,16389863698871.277,0.0
1.6551114472770412,26.952621030047112,0.0,4.376047760938506,107.72463041082868,-107.72463041082868,pass_no_bh_halo_scale_down,33.0,107.72463041082868,0.0014236252484778333,0.009985190819178386,0.0025193580792419487,1.0,1.0,715.0,none,0.0,51.65278461389277,56.07184579693592,32.0,32.0,548.0,16.721133128604432,0.19808044073239636,nonsingular_isothermal,1.0,0.01,2.0,0.3,1.0,0.0,severe_coverage_warn,0.0,inner,joint,3,1 planned shell-band/Lfrac/third-integral cells have no successful orbit,0.974002574002574,1.0,0.974002574002574,0.9034749034749034,0.9238095238095239,0.9380952380952381,0.09652509652509655,0.07619047619047614,0.06190476190476191,1.0,0.0,3784.0,3885.0,1.0,inverse_phase_volume,geometric_mean,3784.0,3784.0,3784.0,0.0,420.0,0.0,0.0,4.117999792681259e+35,3.632380713585613e+48,8820740399359.137,2.9600575864484875e-10,2610.9899537215674,0.00038299649471061837,3378312653.7068896,8820740399359.137,0.0
1.6551114472770412,53.905242060094224,0.0,5.0,112.37212027205852,-112.37212027205852,pass_no_bh_ml_up,33.0,112.37212027205852,0.0008245865584228795,0.009904331153023301,0.00253415603259133,1.0,1.0,716.0,none,0.0,53.613999946832614,58.758120325225924,32.0,32.0,376.0,30.168540972725552,0.07458204390782548,nonsingular_isothermal,1.0,0.01,2.0,0.3,1.0,0.0,strict_pass,1.0,none,none,,,0.9786357786357787,1.0,0.9786357786357787,0.9521829521829522,0.9185185185185185,0.95,0.047817047817047764,0.08148148148148149,0.050000000000000044,0.0,0.0,3802.0,3885.0,1.0,inverse_phase_volume,geometric_mean,3802.0,3802.0,3802.0,0.0,420.0,0.0,0.0,4.476397919354902e+34,2.666624616182918e+48,59570767930461.54,1.1726882353381403e-10,6985.793872211077,0.00014314765340814293,8527415640.966619,59570767930461.5,0.0
1.6551114472770412,53.905242060094224,0.0,2.188023880469253,112.48972026864526,-112.48972026864526,pass_no_bh_ml_down,33.0,112.48972026864526,0.0008254753792726888,0.009927536674348036,0.002551915721791966,1.0,1.0,716.0,none,0.0,53.74283878473155,58.74688148391373,32.0,32.0,374.0,32.0106548869288,0.07321853341656949,nonsingular_isothermal,1.0,0.01,2.0,0.3,1.0,0.0,severe_coverage_warn,0.0,inner,joint,2,1 planned shell-band/Lfrac/third-integral cells have no successful orbit,0.9894465894465895,1.0,0.9894465894465895,0.9667359667359667,0.9587301587301588,0.9666666666666667,0.033264033264033266,0.041269841269841234,0.033333333333333326,1.0,0.0,3844.0,3885.0,1.0,inverse_phase_volume,geometric_mean,3844.0,3844.0,3844.0,0.0,420.0,0.0,0.0,3.875305676334535e+33,2.5077534682027415e+48,647111138488230.1,1.2521896738076433e-11,8103.058854208658,0.00012341018595472854,79860105934.2082,647111138488227.1,0.0
17.13541584524243,424.0794523098671,0.0,2.3543896043002293,39.685638004409746,-39.685638004409746,pass_no_bh_halo_up,34.0,39.685638004409746,0.002187975627222727,0.009907053395964194,0.006230741333518041,1.0,1.0,641.0,none,0.0,21.885610053460407,17.800027950949325,32.0,32.0,1426.0,35.89054025498586,0.07643179126470058,nonsingular_isothermal,1.0,0.01,2.0,0.3,1.0,0.0,strict_pass,1.0,none,none,,,1.0,1.0,1.0,1.0,1.0,1.0,0.0,0.0,0.0,0.0,0.0,3885.0,3885.0,1.0,inverse_phase_volume,geometric_mean,3885.0,3885.0,3885.0,0.0,420.0,0.0,0.0,3.5021943881022044e+33,7.121728416349853e+51,2.0335046051538644e+18,2.20866008998536e-12,4491320.464204782,2.2265166958578553e-07,452763195447.8919,2.0335046051538662e+18,0.0
4.283853961310608,424.0794523098671,0.0,2.3543896043002293,83.58890110569092,-83.58890110569092,pass_no_bh_halo_down,34.0,83.58890110569092,0.0014077115541795138,0.009917773726482976,0.006356979041036969,1.0,1.0,640.0,none,0.0,42.05443253186704,41.53446857382389,32.0,32.0,3226.0,26.521645430386872,0.10019615941002234,nonsingular_isothermal,1.0,0.01,2.0,0.3,1.0,0.0,strict_pass,1.0,none,none,,,1.0,1.0,1.0,1.0,1.0,1.0,0.0,0.0,0.0,0.0,0.0,3885.0,3885.0,1.0,inverse_phase_volume,geometric_mean,3885.0,3885.0,3885.0,0.0,420.0,0.0,0.0,2.5285132935073986e+34,2.7427486102788557e+49,1084727779490644.1,5.734855382603403e-10,622075.6944871425,1.607521413972667e-06,1743723133.8622503,1084727779490655.9,0.0
8.567707922621215,500.0,0.0,2.3543896043002293,65.50699169171232,-65.50699169171232,pass_no_bh_halo_scale_up,34.0,65.50699169171232,0.0019052981001834723,0.009964553055533433,0.006652025849649447,1.0,1.0,635.0,none,0.0,30.497940629924994,35.00905106178732,32.0,32.0,1886.0,28.472332154913843,0.11623157897553425,nonsingular_isothermal,1.0,0.01,2.0,0.3,1.0,0.0,strict_pass,1.0,none,none,,,1.0,1.0,1.0,1.0,1.0,1.0,0.0,0.0,0.0,0.0,0.0,3885.0,3885.0,1.0,inverse_phase_volume,geometric_mean,3885.0,3885.0,3885.0,0.0,420.0,0.0,0.0,5.170386078172857e+34,3.1088461485857686e+50,6012793051779978.0,2.660167257182872e-10,1599503.5200561685,6.251939976755311e-07,3759162125.23796,6012793051779944.0,0.0
8.567707922621215,212.03972615493356,0.0,2.3543896043002293,56.098039632006326,-56.098039632006326,pass_no_bh_halo_scale_down,34.0,56.098039632006326,0.0015265244485362928,0.009964099792380346,0.005081110241773171,1.0,1.0,665.0,none,0.0,32.3931371241054,23.704902507900936,32.0,32.0,1480.0,39.48532449955969,0.08205047816812577,nonsingular_isothermal,1.0,0.01,2.0,0.3,1.0,0.0,strict_pass,1.0,none,none,,,1.0,1.0,1.0,1.0,1.0,1.0,0.0,0.0,0.0,0.0,0.0,3885.0,3885.0,1.0,inverse_phase_volume,geometric_mean,3885.0,3885.0,3885.0,0.0,420.0,0.0,0.0,4.33663524535257e+34,1.5720699102198606e+51,3.6250913929286456e+16,1.8737265576453247e-11,679243.0016821882,1.4722271668952595e-06,53369580311.47727,3.625091392928644e+16,0.0
8.567707922621215,424.0794523098671,0.0,4.7087792086004585,61.43712131570003,-61.43712131570003,pass_no_bh_ml_up,34.0,61.43712131570003,0.001860279362844608,0.009907756308505038,0.006363755399017286,1.0,1.0,640.0,none,0.0,31.752839468313226,29.684281847386803,32.0,32.0,1583.0,26.808901501232565,0.09331254508553051,nonsingular_isothermal,1.0,0.01,2.0,0.3,1.0,0.0,strict_pass,1.0,none,none,,,1.0,1.0,1.0,1.0,1.0,1.0,0.0,0.0,0.0,0.0,0.0,3885.0,3885.0,1.0,inverse_phase_volume,geometric_mean,3885.0,3885.0,3885.0,0.0,420.0,0.0,0.0,1.4744501295287078e+35,4.750077992973867e+50,3221592848645331.0,3.037529261653747e-10,978568.2546894621,1.0219011246357454e-06,3292149355.1491313,3221592848645324.0,0.0
8.567707922621215,424.0794523098671,0.0,1.1771948021501146,59.673831808269604,-59.673831808269604,pass_no_bh_ml_down,34.0,59.673831808269604,0.0019148726629794055,0.009979511081519118,0.006396505450128241,1.0,1.0,639.0,none,0.0,28.69624693856094,30.97758486970866,32.0,32.0,1612.0,26.497388815124953,0.08989357108981048,nonsingular_isothermal,1.0,0.01,2.0,0.3,1.0,0.0,strict_pass,1.0,none,none,,,1.0,1.0,1.0,1.0,1.0,1.0,0.0,0.0,0.0,0.0,0.0,3885.0,3885.0,1.0,inverse_phase_volume,geometric_mean,3885.0,3885.0,3885.0,0.0,420.0,0.0,0.0,7.073366527471525e+33,4.527065174447835e+50,6.400156356758311e+16,3.7842653442178446e-11,2421988.9898456056,4.128837926978962e-07,26425208304.379253,6.400156356758322e+16,0.0
1.241761319081125,14.655394179832262,0.0,0.4560477860145443,126.69014516353008,-126.69014516353008,pass_no_bh_halo_up,35.0,126.69014516353008,0.000430914524500281,0.009932148439709007,0.002312410579135136,1.0,1.0,717.0,none,0.0,55.66026453438159,71.02988062914847,32.0,32.0,514.0,28.794699862114566,0.11689362067453968,nonsingular_isothermal,1.0,0.01,2.0,0.3,1.0,0.0,strict_pass,1.0,none,none,,,1.0,1.0,1.0,1.0,1.0,1.0,0.0,0.0,0.0,0.0,0.0,3885.0,3885.0,1.0,inverse_phase_volume,geometric_mean,3885.0,3885.0,3885.0,0.0,420.0,0.0,0.0,8.504906632303652e+36,1.4559414110461503e+48,171188406174.4005,9.440655041135514e-09,1616.1306897342859,0.0006187618404576017,105924853.26947407,171188406174.39816,0.0
0.31044032977028124,14.655394179832262,0.0,0.4560477860145443,134.6899708618187,-134.6899708618187,pass_no_bh_halo_down,35.0,134.6899708618187,0.00010759192730347422,0.009945559623453686,0.00230311183998747,1.0,1.0,716.0,none,0.0,57.372112346684496,77.31785851513419,32.0,32.0,804.0,32.10252536606589,0.07058024725182989,nonsingular_isothermal,1.0,0.01,2.0,0.3,1.0,0.0,severe_coverage_warn,0.0,multiple,multiple,1;2;3;4;5;7,shell_band coverage gap 0.112 exceeds 0.1 | Lfrac coverage gap 0.161 exceeds 0.1 | third_integral coverage gap 0.157 exceeds 0.1 | 7 planned shell-band/Lfrac/third-integral cells have no successful orbit,0.9516087516087516,1.0,0.9516087516087516,0.8861003861003861,0.8391534391534392,0.8428571428571429,0.11182061182061187,0.1608465608465608,0.15714285714285714,7.0,0.0,3697.0,3885.0,1.0,inverse_phase_volume,geometric_mean,3697.0,3697.0,3697.0,0.0,420.0,0.0,0.0,5.431050589326417e+33,5.4093241981046285e+45,995999596972.1794,1.1783936913274102e-09,1173.6796416366617,0.0008520212539475674,848612825.5435097,995999596972.1814,0.0
0.6208806595405625,29.310788359664524,0.0,0.4560477860145443,131.283239618778,-131.283239618778,pass_no_bh_halo_scale_up,35.0,131.283239618778,5.728895962420211e-05,0.009911565437005289,0.0024574197409222105,1.0,1.0,714.0,none,0.0,57.624304507090535,73.65893511168746,32.0,32.0,538.0,33.00431449842353,0.05703171472984601,nonsingular_isothermal,1.0,0.01,2.0,0.3,1.0,0.0,severe_coverage_warn,0.0,inner,joint,3,1 planned shell-band/Lfrac/third-integral cells have no successful orbit,0.9812097812097812,1.0,0.9812097812097812,0.9285714285714286,0.9481481481481482,0.9476190476190476,0.0714285714285714,0.051851851851851816,0.05238095238095242,1.0,0.0,3812.0,3885.0,1.0,inverse_phase_volume,geometric_mean,3812.0,3812.0,3812.0,0.0,420.0,0.0,0.0,1.5935767652809218e+32,6.788012031500031e+46,425960780766241.5,6.8958258905581366e-12,2937.3513803702367,0.00034044275624728137,145015262257.30472,425960780766245.94,0.0
0.6208806595405625,7.327697089916131,0.0,0.4560477860145443,134.16278957219262,-134.16278957219262,pass_no_bh_halo_scale_down,35.0,134.16278957219262,0.00012435522825171574,0.009901797368883674,0.0022929777328622096,1.0,1.0,716.0,none,0.0,57.716770074250555,76.44601949794205,32.0,32.0,2958.0,30.719648127210913,0.07600849318559667,nonsingular_isothermal,1.0,0.01,2.0,0.3,1.0,0.0,strict_pass,1.0,none,none,,,1.0,1.0,1.0,1.0,1.0,1.0,0.0,0.0,0.0,0.0,0.0,3885.0,3885.0,1.0,inverse_phase_volume,geometric_mean,3885.0,3885.0,3885.0,0.0,420.0,0.0,0.0,1.6335363869710173e+35,7.375069528332338e+46,451478741897.3599,1.5747021635806217e-09,710.944551676436,0.0014065794549546226,635040722.7015929,451478741897.36395,0.0
0.6208806595405625,14.655394179832262,0.0,0.9120955720290886,134.3291111318034,-134.3291111318034,pass_no_bh_ml_up,35.0,134.3291111318034,9.916956679489886e-05,0.009938733271805705,0.00231250305721986,1.0,1.0,716.0,none,0.0,57.3805178491179,76.94859328268548,32.0,32.0,1126.0,32.44116324103205,0.06871561473985113,nonsingular_isothermal,1.0,0.01,2.0,0.3,1.0,0.0,strict_pass,1.0,none,none,,,1.0,1.0,1.0,1.0,1.0,1.0,0.0,0.0,0.0,0.0,0.0,3885.0,3885.0,1.0,inverse_phase_volume,geometric_mean,3885.0,3885.0,3885.0,0.0,420.0,0.0,0.0,1.0607716751324734e+36,8.953023373500312e+46,84401041085.32332,1.749118291064888e-08,1476.274047472568,0.0006773810064005625,57171662.15163103,84401041085.32257,0.0
0.6208806595405625,14.655394179832262,0.0,0.22802389300727216,134.8210088251787,-134.8210088251787,pass_no_bh_ml_down,35.0,134.8210088251787,8.891504680264006e-05,0.00993616406962613,0.0023312135468742433,1.0,1.0,717.0,none,0.0,57.37609622626707,77.44491259891163,32.0,32.0,1358.0,32.9560279083883,0.06502259727438185,nonsingular_isothermal,1.0,0.01,2.0,0.3,1.0,0.0,strict_pass,1.0,none,none,,,0.9981981981981982,1.0,0.9981981981981982,0.9864864864864865,0.9925925925925926,0.9976190476190476,0.013513513513513487,0.007407407407407418,0.0023809523809523725,0.0,0.0,3878.0,3885.0,1.0,inverse_phase_volume,geometric_mean,3878.0,3878.0,3878.0,0.0,420.0,0.0,0.0,1.6909236207112655e+35,9.199675233874652e+46,544062139838.3994,2.9221978148852378e-09,1589.8571961975592,0.0006289873092952544,342208181.4263736,544062139838.39996,0.0
15.643948386635593,4.054240276955227,0.0,3.882586442065794,52.268140453373796,-52.268140453373796,pass_no_bh_halo_up,36.0,52.268140453373796,0.0008770431196509776,0.009924886069236506,0.0022996588646896168,1.0,1.0,715.0,none,0.0,36.784519731964345,15.483620721409443,32.0,32.0,515.0,38.97986808976692,0.06989456679115566,nonsingular_isothermal,1.0,0.01,2.0,0.3,1.0,0.0,strict_pass,1.0,none,none,,,0.9992277992277993,1.0,0.9992277992277993,0.9942084942084942,0.9968253968253968,0.9976190476190476,0.00579150579150578,0.0031746031746031633,0.0023809523809523725,0.0,0.0,3882.0,3885.0,1.0,inverse_phase_volume,geometric_mean,3882.0,3882.0,3882.0,0.0,420.0,0.0,0.0,1.731497231888508e+43,2.0422058001516763e+52,1179445027.4253602,3.2966563814114943e-07,388.8224976185842,0.0025718676417251737,3033376.501228923,1179445027.425352,0.0
3.910987096658898,4.054240276955227,0.0,3.882586442065794,74.95756087631301,-74.95756087631301,pass_no_bh_halo_down,36.0,74.95756087631301,0.0015537611525360262,0.009982642476658646,0.002311699185648287,1.0,1.0,715.0,none,0.0,38.750506086664906,36.20705478964811,32.0,32.0,598.0,30.405239669194533,0.10595187703317026,nonsingular_isothermal,1.0,0.01,2.0,0.3,1.0,0.0,strict_pass,1.0,none,none,,,0.9979407979407979,1.0,0.9979407979407979,0.9845559845559846,0.9915343915343915,0.9976190476190476,0.015444015444015413,0.00846560846560851,0.0023809523809523725,0.0,0.0,3877.0,3885.0,1.0,inverse_phase_volume,geometric_mean,3877.0,3877.0,3877.0,0.0,420.0,0.0,0.0,5.760045809091806e+40,7.995457601577629e+49,1388089238.6233094,2.8307466558646686e-07,392.9328970274652,0.002544963803145508,3532636.8678321163,1388089238.6233041,0.0
7.821974193317796,8.108480553910454,0.0,3.882586442065794,56.80915332293789,-56.80915332293789,pass_no_bh_halo_scale_up,36.0,56.80915332293789,0.0011036542894657941,0.00995250921774146,0.0023047211705322828,1.0,1.0,716.0,none,0.0,36.16423186512531,20.64492145781258,32.0,32.0,540.0,35.82901415424643,0.09678877898020527,nonsingular_isothermal,1.0,0.01,2.0,0.3,1.0,0.0,strict_pass,1.0,none,none,,,1.0,1.0,1.0,1.0,1.0,1.0,0.0,0.0,0.0,0.0,0.0,3885.0,3885.0,1.0,inverse_phase_volume,geometric_mean,3885.0,3885.0,3885.0,0.0,420.0,0.0,0.0,2.8206049366290527e+41,1.6509157911362787e+51,5853055738.849103,1.1742539255461907e-07,687.2973677784197,0.0014549742904331822,8516045.620497812,5853055738.849084,0.0
7.821974193317796,2.0271201384776134,0.0,3.882586442065794,58.18876138739842,-58.18876138739842,pass_no_bh_halo_scale_down,36.0,58.18876138739842,0.0010465805008976758,0.00998104685895392,0.002317495734727005,1.0,1.0,715.0,none,0.0,37.2468511074694,20.94191027992901,32.0,32.0,574.0,43.2649435025758,0.06765652772096592,nonsingular_isothermal,1.0,0.01,2.0,0.3,1.0,0.0,strict_pass,1.0,none,none,,,1.0,1.0,1.0,1.0,1.0,1.0,0.0,0.0,0.0,0.0,0.0,3885.0,3885.0,1.0,inverse_phase_volume,geometric_mean,3885.0,3885.0,3885.0,0.0,420.0,0.0,0.0,2.0140983290559578e+43,1.8902454861270157e+51,93850705.24401884,5.6281896406720405e-06,528.2095670241506,0.0018931879739207344,177677.0265119556,93850705.24401858,0.0
7.821974193317796,4.054240276955227,0.0,5.0,56.30165279549199,-56.30165279549199,pass_no_bh_ml_up,36.0,56.30165279549199,0.00115869792898593,0.009944890065006365,0.0023052286003218225,1.0,1.0,715.0,none,0.0,35.12274673108731,21.178906064404675,32.0,32.0,541.0,30.967526537903947,0.12840703057902553,nonsingular_isothermal,1.0,0.01,2.0,0.3,1.0,0.0,strict_pass,1.0,none,none,,,0.9997425997425997,1.0,0.9997425997425997,0.9980694980694981,0.9989417989417989,0.9976190476190476,0.0019305019305019266,0.0010582010582010914,0.0023809523809523725,0.0,0.0,3884.0,3885.0,1.0,inverse_phase_volume,geometric_mean,3884.0,3884.0,3884.0,0.0,420.0,0.0,0.0,6.915562321304225e+41,1.2650820692914887e+51,1829326395.3305006,2.122541225924437e-07,388.282068976078,0.002575447284076386,4711333.696543241,1829326395.3305233,0.0
7.821974193317796,4.054240276955227,0.0,1.941293221032897,56.35318635102899,-56.35318635102899,pass_no_bh_ml_down,36.0,56.35318635102899,0.001149953033674933,0.009918230934625683,0.002298804485369106,1.0,1.0,715.0,none,0.0,35.13335718741279,21.219829163616204,32.0,32.0,555.0,30.72364504490703,0.12937210237877111,nonsingular_isothermal,1.0,0.01,2.0,0.3,1.0,0.0,strict_pass,1.0,none,none,,,0.9981981981981982,1.0,0.9981981981981982,0.9864864864864865,0.9925925925925926,0.9976190476190476,0.013513513513513487,0.007407407407407418,0.0023809523809523725,0.0,0.0,3878.0,3885.0,1.0,inverse_phase_volume,geometric_mean,3878.0,3878.0,3878.0,0.0,420.0,0.0,0.0,1.0708685852873627e+42,1.2735065576737417e+51,1189227674.7776685,3.2651742624541776e-07,388.3035595882272,0.0025753047462671744,3062623.6752472064,1189227674.777669,0.0
0.0,13.724377750240594,0.0,3.6751169469038873,147.8938034310886,-147.8938034310886,pass_no_halo_bh_up,25.0,147.8938034310886,0.00039982106130764805,0.00992974307648927,0.0020109069477780715,1.0,1.0,743.0,none,0.0,59.10346657162429,88.79033685946432,32.0,32.0,214.0,26.957197300944316,0.09451803143714406,none,1.0,0.01,2.0,0.3,1.0,0.0,severe_coverage_warn,0.0,multiple,multiple,1;2;3;4;5;6;7;8,total orbit coverage 0.37 is below 0.85 | shell_band minimum coverage 0.125 is below 0.8 | shell_band coverage gap 0.632 exceeds 0.1 | Lfrac minimum coverage 0.192 is below 0.8 | Lfrac coverage gap 0.808 exceeds 0.1 | third_integral minimum coverage 0.198 is below 0.8 | third_integral coverage gap 0.483 exceeds 0.1 | 142 planned shell-band/Lfrac/third-integral cells have no successful orbit,0.3703989703989704,1.0,0.3703989703989704,0.12474012474012475,0.19153439153439153,0.1976190476190476,0.632016632016632,0.8084656084656084,0.4833333333333334,142.0,0.0,1439.0,3885.0,1.0,inverse_phase_volume,geometric_mean,1439.0,1439.0,1439.0,0.0,399.0,1.0,9.0,7.155663610287227e+28,2.2576707144452113e+44,3155082236117844.5,2.9551709395138657e-12,9323.807335951824,0.00010725232343058864,338389900438.21387,3155082236117825.5,0.0
0.0,13.724377750240594,0.0,5.0,147.88633934555196,-147.88633934555196,pass_no_halo_ml_up,25.0,147.88633934555196,0.00032439253504890075,0.00995718016084514,0.0018331190365116835,1.0,1.0,743.0,none,0.0,59.1028535760285,88.78348576952345,32.0,32.0,214.0,26.957367453772232,0.09451808119441626,none,1.0,0.01,2.0,0.3,1.0,0.0,severe_coverage_warn,0.0,multiple,multiple,1;2;3;4;5;6;7;8,total orbit coverage 0.37 is below 0.85 | shell_band minimum coverage 0.125 is below 0.8 | shell_band coverage gap 0.632 exceeds 0.1 | Lfrac minimum coverage 0.189 is below 0.8 | Lfrac coverage gap 0.811 exceeds 0.1 | third_integral minimum coverage 0.198 is below 0.8 | third_integral coverage gap 0.483 exceeds 0.1 | 143 planned shell-band/Lfrac/third-integral cells have no successful orbit,0.3696267696267696,1.0,0.3696267696267696,0.12474012474012475,0.18941798941798943,0.1976190476190476,0.632016632016632,0.8105820105820105,0.4833333333333334,143.0,0.0,1436.0,3885.0,1.0,inverse_phase_volume,geometric_mean,1436.0,1436.0,1436.0,0.0,399.0,1.0,9.0,1.3244192795989298e+29,4.178864422812302e+44,3155242820142105.0,3.002401428418357e-12,9473.305550201358,0.00010555977474818647,333066721370.031,3155242820142083.5,0.0
0.0,13.724377750240594,0.0,1.8375584734519437,147.88235592178097,-147.88235592178097,pass_no_halo_ml_down,25.0,147.88235592178097,0.0002841366935513179,0.009971559154306529,0.0018782060207128454,1.0,1.0,742.0,none,0.0,59.102567228732845,88.77978869304809,32.0,32.0,212.0,26.957326077816166,0.09451795216434876,none,1.0,0.01,2.0,0.3,1.0,0.0,severe_coverage_warn,0.0,multiple,multiple,1;2;3;4;5;6;7;8,total orbit coverage 0.369 is below 0.85 | shell_band minimum coverage 0.125 is below 0.8 | shell_band coverage gap 0.632 exceeds 0.1 | Lfrac minimum coverage 0.189 is below 0.8 | Lfrac coverage gap 0.811 exceeds 0.1 | third_integral minimum coverage 0.198 is below 0.8 | third_integral coverage gap 0.483 exceeds 0.1 | 143 planned shell-band/Lfrac/third-integral cells have no successful orbit,0.36936936936936937,1.0,0.36936936936936937,0.12474012474012475,0.18941798941798943,0.1976190476190476,0.632016632016632,0.8105820105820105,0.4833333333333334,143.0,0.0,1435.0,3885.0,1.0,inverse_phase_volume,geometric_mean,1435.0,1435.0,1435.0,0.0,399.0,1.0,9.0,1.7897193923035023e+28,5.644176786112812e+43,3153665770391154.0,3.0243553529449617e-12,9537.805954081807,0.0001048459158022647,330648975830.91595,3153665770391161.5,0.0
0.0,2.6882760372900014,107226.4415979194,3.276078976440268,129.01845931363357,-129.01845931363357,pass_no_halo_bh_up,27.0,129.01845931363357,0.0005192578169612716,0.009901767643921186,0.0009072536748328723,1.0,1.0,912.0,none,0.0,44.21328582687175,84.8051734867618,32.0,32.0,321.0,16.777786522354177,0.19508376362783644,none,1.0,0.01,2.0,0.3,1.0,0.0,severe_coverage_warn,0.0,multiple,multiple,1;2;3;4;5;6;7;8,Lfrac minimum coverage 0.595 is below 0.8 | Lfrac coverage gap 0.405 exceeds 0.1 | third_integral minimum coverage 0.75 is below 0.8 | third_integral coverage gap 0.25 exceeds 0.1 | 25 planned shell-band/Lfrac/third-integral cells have no successful orbit,0.9014157014157014,1.0,0.9014157014157014,0.8690228690228691,0.5947089947089947,0.75,0.0498960498960499,0.40529100529100526,0.25,25.0,0.0,3502.0,3885.0,1.0,inverse_phase_volume,geometric_mean,3502.0,3502.0,3502.0,0.0,420.0,0.0,0.0,4.218501301241147e+42,3.1842295519882686e+49,7548248.357897673,0.0003426036980112432,2586.0578009230435,0.0003866889594049558,2918.8243028456254,7548248.357897693,0.0
0.0,2.6882760372900014,26806.61039947985,3.276078976440268,192.50040694391572,-192.50040694391572,pass_no_halo_bh_down,27.0,192.50040694391572,0.00035642611499042687,0.009915057442147024,0.00090847135825181,1.0,1.0,909.0,none,0.0,53.583141839553356,138.91726510436234,32.0,32.0,202.0,31.746988617607457,0.05378519001230117,none,1.0,0.01,2.0,0.3,1.0,0.0,severe_coverage_warn,0.0,multiple,multiple,1;2;3;4;5;6;7;8,total orbit coverage 0.766 is below 0.85 | shell_band minimum coverage 0.649 is below 0.8 | shell_band coverage gap 0.251 exceeds 0.1 | Lfrac minimum coverage 0.443 is below 0.8 | Lfrac coverage gap 0.557 exceeds 0.1 | third_integral minimum coverage 0.567 is below 0.8 | third_integral coverage gap 0.433 exceeds 0.1 | 40 planned shell-band/Lfrac/third-integral cells have no successful orbit,0.7662805662805663,1.0,0.7662805662805663,0.6486486486486487,0.4433862433862434,0.5666666666666667,0.2509652509652509,0.5566137566137566,0.43333333333333335,40.0,0.0,2977.0,3885.0,1.0,inverse_phase_volume,geometric_mean,2977.0,2977.0,2977.0,0.0,420.0,0.0,0.0,3.4825823758172135e+41,1.9877011856411758e+48,5707549.660400343,0.00024138492535258623,1377.7164487219325,0.0007258387608913801,4142.760773231053,5707549.660400412,0.0
0.0,2.6882760372900014,53613.2207989597,5.0,148.0200933459447,-148.0200933459447,pass_no_halo_ml_up,27.0,148.0200933459447,0.0007222916124760559,0.009989831891052061,0.0009153225989587505,1.0,1.0,862.0,none,0.0,45.87104783667423,102.14904550927042,32.0,32.0,230.0,28.680335298205332,0.07798182202846649,none,1.0,0.01,2.0,0.3,1.0,0.0,severe_coverage_warn,0.0,multiple,multiple,1;2;3;4;5;6;7;8,total orbit coverage 0.804 is below 0.85 | shell_band minimum coverage 0.719 is below 0.8 | shell_band coverage gap 0.18 exceeds 0.1 | Lfrac minimum coverage 0.465 is below 0.8 | Lfrac coverage gap 0.535 exceeds 0.1 | third_integral minimum coverage 0.595 is below 0.8 | third_integral coverage gap 0.405 exceeds 0.1 | 33 planned shell-band/Lfrac/third-integral cells have no successful orbit,0.8038610038610039,1.0,0.8038610038610039,0.7193347193347194,0.46455026455026455,0.5952380952380952,0.18027918027918022,0.5354497354497354,0.40476190476190477,33.0,0.0,3123.0,3885.0,1.0,inverse_phase_volume,geometric_mean,3123.0,3123.0,3123.0,0.0,420.0,0.0,0.0,1.3924619692407229e+42,7.95880914493963e+48,5715638.430886111,0.0002871750753172372,1641.3888968758201,0.0006092401391914955,3482.196353201328,5715638.430886132,0.0
0.0,2.6882760372900014,53613.2207989597,1.638039488220134,143.4374122668886,-143.4374122668886,pass_no_halo_ml_down,27.0,143.4374122668886,0.0004923936584759758,0.009946498473260481,0.0009113521561097291,1.0,1.0,914.0,none,0.0,46.62830050844878,96.8091117584398,32.0,32.0,230.0,25.618434276211442,0.10954399989969839,none,1.0,0.01,2.0,0.3,1.0,0.0,severe_coverage_warn,0.0,multiple,multiple,1;2;3;4;5;6;7;8,Lfrac minimum coverage 0.608 is below 0.8 | Lfrac coverage gap 0.392 exceeds 0.1 | third_integral minimum coverage 0.75 is below 0.8 | third_integral coverage gap 0.25 exceeds 0.1 | 25 planned shell-band/Lfrac/third-integral cells have no successful orbit,0.9047619047619048,1.0,0.9047619047619048,0.8773388773388774,0.6084656084656085,0.75,0.04158004158004158,0.3915343915343915,0.25,25.0,0.0,3515.0,3885.0,1.0,inverse_phase_volume,geometric_mean,3515.0,3515.0,3515.0,0.0,420.0,0.0,0.0,1.0546253253131995e+42,7.956713570083799e+48,7544587.996425022,0.00034150679476169585,2576.528064456687,0.00038811919567073306,2928.1994248395617,7544587.99642506,0.0
0.0,7.597640883969463,446720.3113843749,3.677848106476278,107.32106417163784,-107.32106417163784,pass_no_halo_bh_up,28.0,107.32106417163784,0.0004916172624831461,0.009948999662014407,0.0009115813285938807,1.0,1.0,927.0,none,0.0,38.84694763013899,68.47411654149887,32.0,32.0,278.0,14.868757847087746,0.21453655930652457,none,1.0,0.01,2.0,0.3,1.0,0.0,severe_coverage_warn,0.0,multiple,multiple,1;2;3;4;5;6;7;8,Lfrac minimum coverage 0.64 is below 0.8 | Lfrac coverage gap 0.36 exceeds 0.1 | third_integral minimum coverage 0.75 is below 0.8 | third_integral coverage gap 0.25 exceeds 0.1 | 25 planned shell-band/Lfrac/third-integral cells have no successful orbit,0.9124839124839125,1.0,0.9124839124839125,0.8877338877338877,0.6402116402116402,0.75,0.031185031185031242,0.35978835978835977,0.25,25.0,0.0,3545.0,3885.0,1.0,inverse_phase_volume,geometric_mean,3545.0,3545.0,3545.0,0.0,420.0,0.0,0.0,3.413496759506376e+43,5.528393913301925e+50,16195691.113242432,0.00023412479599133645,3791.8128778265655,0.0002637260941455506,4271.226359283209,16195691.113242347,0.0
0.0,7.597640883969463,111680.07784609373,3.677848106476278,128.32442271686446,-128.32442271686446,pass_no_halo_bh_down,28.0,128.32442271686446,0.0005463109072820771,0.00993369687564138,0.0009101792042791746,1.0,1.0,914.0,none,0.0,43.9779833825714,84.34643933429305,32.0,32.0,325.0,16.305658245350145,0.19994789916752934,none,1.0,0.01,2.0,0.3,1.0,0.0,severe_coverage_warn,0.0,multiple,multiple,1;2;3;4;5;6;7;8,Lfrac minimum coverage 0.59 is below 0.8 | Lfrac coverage gap 0.41 exceeds 0.1 | third_integral minimum coverage 0.75 is below 0.8 | third_integral coverage gap 0.25 exceeds 0.1 | 25 planned shell-band/Lfrac/third-integral cells have no successful orbit,0.9003861003861003,1.0,0.9003861003861003,0.8752598752598753,0.5904761904761905,0.75,0.04365904365904372,0.4095238095238095,0.25,25.0,0.0,3498.0,3885.0,1.0,inverse_phase_volume,geometric_mean,3498.0,3498.0,3498.0,0.0,420.0,0.0,0.0,3.961157125134292e+42,3.454431682071762e+49,8720764.092271773,0.00029155172314023793,2542.553798201325,0.0003933053454787971,3429.923134150007,8720764.092271695,0.0
0.0,7.597640883969463,223360.15569218746,5.0,116.08746956307333,-116.08746956307333,pass_no_halo_ml_up,28.0,116.08746956307333,0.0006713244321332468,0.009944919779880273,0.0009112075076568332,1.0,1.0,876.0,none,0.0,40.13360351633667,75.95386604673665,32.0,32.0,347.0,15.216892037437168,0.21057381194921976,none,1.0,0.01,2.0,0.3,1.0,0.0,severe_coverage_warn,0.0,multiple,multiple,1;2;3;4;5;6;7;8,Lfrac minimum coverage 0.62 is below 0.8 | Lfrac coverage gap 0.38 exceeds 0.1 | third_integral minimum coverage 0.75 is below 0.8 | third_integral coverage gap 0.25 exceeds 0.1 | 25 planned shell-band/Lfrac/third-integral cells have no successful orbit,0.9075933075933076,1.0,0.9075933075933076,0.8773388773388774,0.6201058201058202,0.75,0.04158004158004158,0.37989417989417984,0.25,25.0,0.0,3526.0,3885.0,1.0,inverse_phase_volume,geometric_mean,3526.0,3526.0,3526.0,0.0,420.0,0.0,0.0,8.237286777186294e+42,1.378084426069183e+50,16729834.268801691,0.0001711508816210284,2863.3258844791144,0.0003492442147156841,5842.797831531213,16729834.268801764,0.0
0.0,7.597640883969463,223360.15569218746,1.838924053238139,116.4802994373359,-116.4802994373359,pass_no_halo_ml_down,28.0,116.4802994373359,0.0005711659414799897,0.00993554967534555,0.0009103489678406707,1.0,1.0,921.0,none,0.0,39.25938781361811,77.22091162371778,32.0,32.0,375.0,14.912667592600512,0.2137913366479871,none,1.0,0.01,2.0,0.3,1.0,0.0,severe_coverage_warn,0.0,multiple,multiple,1;2;3;4;5;6;7;8,Lfrac minimum coverage 0.644 is below 0.8 | Lfrac coverage gap 0.356 exceeds 0.1 | third_integral minimum coverage 0.75 is below 0.8 | third_integral coverage gap 0.25 exceeds 0.1 | 25 planned shell-band/Lfrac/third-integral cells have no successful orbit,0.9135135135135135,1.0,0.9135135135135135,0.8898128898128899,0.6444444444444445,0.75,0.029106029106029108,0.3555555555555555,0.25,25.0,0.0,3549.0,3885.0,1.0,inverse_phase_volume,geometric_mean,3549.0,3549.0,3549.0,0.0,420.0,0.0,0.0,8.533741898573986e+42,1.3819938241840787e+50,16194464.756603595,0.0002336558389979041,3783.9312498261897,0.0002642754146354889,4279.7988883512135,16194464.756603545,0.0
0.0,52.35578503932797,4000000.0,0.4845305600141675,58.346739114081444,-58.346739114081444,pass_no_halo_bh_up,31.0,58.346739114081444,0.0004365713393994497,0.009914582647560738,0.0009084278549957563,1.0,1.0,878.0,none,0.0,34.009707911975376,24.33703120210607,32.0,32.0,294.0,23.06951329285195,0.1362045946287489,none,1.0,0.01,2.0,0.3,1.0,0.0,severe_coverage_warn,0.0,multiple,multiple,1;2;3;4;5;6;7;8,Lfrac minimum coverage 0.659 is below 0.8 | Lfrac coverage gap 0.341 exceeds 0.1 | third_integral minimum coverage 0.75 is below 0.8 | third_integral coverage gap 0.25 exceeds 0.1 | 24 planned shell-band/Lfrac/third-integral cells have no successful orbit,0.9171171171171171,1.0,0.9171171171171171,0.9147609147609148,0.6592592592592592,0.75,0.004158004158004158,0.3407407407407408,0.25,24.0,0.0,3563.0,3885.0,1.0,inverse_phase_volume,geometric_mean,3563.0,3563.0,3563.0,0.0,420.0,0.0,0.0,1.3350969748694386e+45,4.431711893855843e+52,33193932.555267964,0.00013407285268729908,4450.405229594596,0.00022469863942953656,7458.631482484534,33193932.555268064,0.0
0.0,52.35578503932797,1185366.5100868435,0.4845305600141675,102.35033709923701,-102.35033709923701,pass_no_halo_bh_down,31.0,102.35033709923701,0.0005444669875771524,0.009936556397293095,0.0009104412091676024,1.0,1.0,923.0,none,0.0,38.617794076518486,63.73254302271852,32.0,32.0,243.0,18.297654260169317,0.1800913718349244,none,1.0,0.01,2.0,0.3,1.0,0.0,severe_coverage_warn,0.0,multiple,multiple,1;2;3;4;5;6;7;8,Lfrac minimum coverage 0.661 is below 0.8 | Lfrac coverage gap 0.339 exceeds 0.1 | third_integral minimum coverage 0.75 is below 0.8 | third_integral coverage gap 0.25 exceeds 0.1 | 24 planned shell-band/Lfrac/third-integral cells have no successful orbit,0.9176319176319176,1.0,0.9176319176319176,0.9168399168399168,0.6613756613756614,0.75,0.0020790020790021346,0.3386243386243386,0.25,24.0,0.0,3565.0,3885.0,1.0,inverse_phase_volume,geometric_mean,3565.0,3565.0,3565.0,0.0,420.0,0.0,0.0,1.223655194701112e+44,3.8916179104868904e+51,31803223.05939665,0.0001396807772620987,4442.29891637644,0.00022510866981812535,7159.181238829935,31803223.05939676,0.0
0.0,52.35578503932797,2370733.020173687,0.969061120028335,83.4353149399695,-83.4353149399695,pass_no_halo_ml_up,31.0,83.4353149399695,0.0003710171306323673,0.009991102944251932,0.0009154390597491831,1.0,1.0,929.0,none,0.0,35.1072371835737,48.32807775639582,32.0,32.0,319.0,26.54686611643175,0.11680323645891616,none,1.0,0.01,2.0,0.3,1.0,0.0,severe_coverage_warn,0.0,multiple,multiple,1;2;3;4;5;6;7;8,Lfrac minimum coverage 0.661 is below 0.8 | Lfrac coverage gap 0.339 exceeds 0.1 | third_integral minimum coverage 0.75 is below 0.8 | third_integral coverage gap 0.25 exceeds 0.1 | 24 planned shell-band/Lfrac/third-integral cells have no successful orbit,0.9176319176319176,1.0,0.9176319176319176,0.9168399168399168,0.6613756613756614,0.75,0.0020790020790021346,0.3386243386243386,0.25,24.0,0.0,3565.0,3885.0,1.0,inverse_phase_volume,geometric_mean,3565.0,3565.0,3565.0,0.0,420.0,0.0,0.0,4.894620777991636e+44,1.5569019127604165e+52,31808427.72867984,0.00013977855916998786,4446.136197377539,0.00022491438759564522,7154.173042976337,31808427.72867971,0.0
0.0,52.35578503932797,2370733.020173687,0.24226528000708375,82.0424451678212,-82.0424451678212,pass_no_halo_ml_down,31.0,82.0424451678212,0.0004368387855038236,0.00994048532244382,0.0009108011986067938,1.0,1.0,932.0,none,0.0,35.23032741898743,46.81211774883378,32.0,32.0,265.0,27.46028787877702,0.09693921525576883,none,1.0,0.01,2.0,0.3,1.0,0.0,severe_coverage_warn,0.0,multiple,multiple,1;2;3;4;5;6;7;8,Lfrac minimum coverage 0.658 is below 0.8 | Lfrac coverage gap 0.342 exceeds 0.1 | third_integral minimum coverage 0.75 is below 0.8 | third_integral coverage gap 0.25 exceeds 0.1 | 24 planned shell-band/Lfrac/third-integral cells have no successful orbit,0.9168597168597169,1.0,0.9168597168597169,0.9147609147609148,0.6582010582010582,0.75,0.004158004158004158,0.34179894179894177,0.25,24.0,0.0,3562.0,3885.0,1.0,inverse_phase_volume,geometric_mean,3562.0,3562.0,3562.0,0.0,420.0,0.0,0.0,4.67635596339264e+44,1.5558451142216872e+52,33270459.443231523,0.0001340778782457647,4460.832610410269,0.0002241733970618612,7458.351915198123,33270459.44323167,0.0
0.0,53.905242060094224,753135.7702952586,4.376047760938506,104.99597818274715,-104.99597818274715,pass_no_halo_bh_up,33.0,104.99597818274715,0.00048696178612317453,0.009927513039712794,0.0009096126076802111,1.0,1.0,915.0,none,0.0,38.415149775875,66.58082840687214,32.0,32.0,198.0,17.50682783372627,0.18793321203658628,none,1.0,0.01,2.0,0.3,1.0,0.0,severe_coverage_warn,0.0,multiple,multiple,1;2;3;4;5;6;7;8,Lfrac minimum coverage 0.655 is below 0.8 | Lfrac coverage gap 0.345 exceeds 0.1 | third_integral minimum coverage 0.75 is below 0.8 | third_integral coverage gap 0.25 exceeds 0.1 | 24 planned shell-band/Lfrac/third-integral cells have no successful orbit,0.916087516087516,1.0,0.916087516087516,0.9002079002079002,0.6550264550264551,0.75,0.018711018711018768,0.34497354497354493,0.25,24.0,0.0,3559.0,3885.0,1.0,inverse_phase_volume,geometric_mean,3559.0,3559.0,3559.0,0.0,420.0,0.0,0.0,1.9325012320969536e+43,1.5649658009935625e+51,80981361.09830165,5.056707246946663e-05,4094.990355333877,0.0002442008193492966,19775.714732226574,80981361.09830189,0.0
0.0,53.905242060094224,188283.94257381465,4.376047760938506,118.14708421948423,-118.14708421948423,pass_no_halo_bh_down,33.0,118.14708421948423,0.0006573381503613973,0.009999276374026261,0.0010705484375904705,1.0,1.0,865.0,none,0.0,40.21537831066595,77.93170590881829,32.0,32.0,355.0,15.235680256716154,0.21055878987057233,none,1.0,0.01,2.0,0.3,1.0,0.0,severe_coverage_warn,0.0,multiple,multiple,1;2;3;4;5;6;7;8,Lfrac minimum coverage 0.631 is below 0.8 | Lfrac coverage gap 0.369 exceeds 0.1 | third_integral minimum coverage 0.75 is below 0.8 | third_integral coverage gap 0.25 exceeds 0.1 | 25 planned shell-band/Lfrac/third-integral cells have no successful orbit,0.9101673101673101,1.0,0.9101673101673101,0.8856548856548857,0.6306878306878307,0.75,0.033264033264033266,0.36931216931216926,0.25,25.0,0.0,3536.0,3885.0,1.0,inverse_phase_volume,geometric_mean,3536.0,3536.0,3536.0,0.0,420.0,0.0,0.0,4.6612230063160186e+42,9.798611743878914e+49,21021546.771312304,0.00013768481430995132,2894.3477637161045,0.0003455009838610694,7262.96509176992,21021546.771312397,0.0
0.0,53.905242060094224,376567.8851476293,5.0,107.53697621179221,-107.53697621179221,pass_no_halo_ml_up,33.0,107.53697621179221,0.0005121855765537475,0.00999794847878761,0.0009160662847646582,1.0,1.0,898.0,none,0.0,37.8150092387958,69.7219669729964,32.0,32.0,249.0,15.370636291538933,0.20964588302574458,none,1.0,0.01,2.0,0.3,1.0,0.0,severe_coverage_warn,0.0,multiple,multiple,1;2;3;4;5;6;7;8,Lfrac minimum coverage 0.634 is below 0.8 | Lfrac coverage gap 0.366 exceeds 0.1 | third_integral minimum coverage 0.75 is below 0.8 | third_integral coverage gap 0.25 exceeds 0.1 | 25 planned shell-band/Lfrac/third-integral cells have no successful orbit,0.910939510939511,1.0,0.910939510939511,0.8918918918918919,0.6338624338624339,0.75,0.027027027027027084,0.3661375661375661,0.25,25.0,0.0,3539.0,3885.0,1.0,inverse_phase_volume,geometric_mean,3539.0,3539.0,3539.0,0.0,420.0,0.0,0.0,2.526842440633652e+43,3.920430814659593e+50,15515137.59471474,0.00021336587586736187,3310.4009220989283,0.0003020782145523206,4686.785063144991,15515137.594714664,0.0
0.0,53.905242060094224,376567.8851476293,2.188023880469253,109.16501309329236,-109.16501309329236,pass_no_halo_ml_down,33.0,109.16501309329236,0.0004684556244143323,0.009946026265641485,0.0009113088898856543,1.0,1.0,920.0,none,0.0,38.55005006581954,70.61496302747283,32.0,32.0,273.0,14.951553378832457,0.2140047026159646,none,1.0,0.01,2.0,0.3,1.0,0.0,severe_coverage_warn,0.0,multiple,multiple,1;2;3;4;5;6;7;8,Lfrac minimum coverage 0.657 is below 0.8 | Lfrac coverage gap 0.343 exceeds 0.1 | third_integral minimum coverage 0.75 is below 0.8 | third_integral coverage gap 0.25 exceeds 0.1 | 24 planned shell-band/Lfrac/third-integral cells have no successful orbit,0.9166023166023166,1.0,0.9166023166023166,0.9022869022869023,0.6571428571428571,0.75,0.016632016632016633,0.34285714285714286,0.25,24.0,0.0,3561.0,3885.0,1.0,inverse_phase_volume,geometric_mean,3561.0,3561.0,3561.0,0.0,420.0,0.0,0.0,4.8312446140384615e+42,3.924677418221202e+50,81235328.19714844,5.0605351847912216e-05,4110.9423658973565,0.00024325322784760452,19760.75579921605,81235328.19714914,0.0
0.0,14.655394179832262,8715.857512816798,0.4560477860145443,190.58148685326677,-190.58148685326677,pass_no_halo_bh_up,35.0,190.58148685326677,0.00036639131161564364,0.0099884428717162,0.0009151953294708983,1.0,1.0,919.0,none,0.0,62.771567070898804,127.80991978236793,32.0,32.0,238.0,24.41189935561574,0.09801172009900566,none,1.0,0.01,2.0,0.3,1.0,0.0,severe_coverage_warn,0.0,multiple,multiple,1;2;3;4;5;6;7;8,shell_band minimum coverage 0.798 is below 0.8 | shell_band coverage gap 0.107 exceeds 0.1 | Lfrac minimum coverage 0.504 is below 0.8 | Lfrac coverage gap 0.496 exceeds 0.1 | third_integral minimum coverage 0.71 is below 0.8 | third_integral coverage gap 0.29 exceeds 0.1 | 26 planned shell-band/Lfrac/third-integral cells have no successful orbit,0.8597168597168597,1.0,0.8597168597168597,0.7983367983367984,0.5037037037037037,0.7095238095238096,0.10706860706860699,0.49629629629629635,0.29047619047619044,26.0,0.0,3340.0,3885.0,1.0,inverse_phase_volume,geometric_mean,3340.0,3340.0,3340.0,0.0,420.0,0.0,0.0,1.604219597047295e+40,2.104391549077989e+47,13117852.150362106,0.00016579198464392508,2174.834742274108,0.00045980505118947733,6031.654679493227,13117852.15036207,0.0
0.0,14.655394179832262,2178.9643782041994,0.4560477860145443,239.04598499545526,-239.04598499545526,pass_no_halo_bh_down,35.0,239.04598499545526,5.694729594551973e-05,0.00995008137487454,0.0009116804409950966,1.0,1.0,924.0,none,0.0,68.10839027292758,170.9375947225277,32.0,32.0,191.0,34.181999386623666,0.053943243499424684,none,1.0,0.01,2.0,0.3,1.0,0.0,severe_coverage_warn,0.0,multiple,multiple,1;2;3;4;5;6;7;8,total orbit coverage 0.69 is below 0.85 | shell_band minimum coverage 0.561 is below 0.8 | shell_band coverage gap 0.331 exceeds 0.1 | Lfrac minimum coverage 0.381 is below 0.8 | Lfrac coverage gap 0.619 exceeds 0.1 | third_integral minimum coverage 0.452 is below 0.8 | third_integral coverage gap 0.548 exceeds 0.1 | 61 planned shell-band/Lfrac/third-integral cells have no successful orbit,0.69009009009009,1.0,0.69009009009009,0.5613305613305614,0.38095238095238093,0.4523809523809524,0.3305613305613305,0.6190476190476191,0.5476190476190477,61.0,0.0,2681.0,3885.0,1.0,inverse_phase_volume,geometric_mean,2681.0,2681.0,2681.0,0.0,420.0,0.0,0.0,2.3038434018288485e+39,1.313123052588631e+46,5699706.202019813,0.0001766521581519602,1006.865401418912,0.0009931814109321493,5660.842247620758,5699706.202019811,0.0
0.0,14.655394179832262,4357.928756408399,0.9120955720290886,238.138645007832,-238.138645007832,pass_no_halo_ml_up,35.0,238.138645007832,0.00021920529306385106,0.009991906209456943,0.0009155126592654836,1.0,1.0,902.0,none,0.0,67.19839627669704,170.94024873113497,32.0,32.0,178.0,33.95296577359593,0.053942289267276046,none,1.0,0.01,2.0,0.3,1.0,0.0,severe_coverage_warn,0.0,multiple,multiple,1;2;3;4;5;6;7;8,total orbit coverage 0.689 is below 0.85 | shell_band minimum coverage 0.559 is below 0.8 | shell_band coverage gap 0.331 exceeds 0.1 | Lfrac minimum coverage 0.377 is below 0.8 | Lfrac coverage gap 0.623 exceeds 0.1 | third_integral minimum coverage 0.455 is below 0.8 | third_integral coverage gap 0.545 exceeds 0.1 | 63 planned shell-band/Lfrac/third-integral cells have no successful orbit,0.6890604890604891,1.0,0.6890604890604891,0.5592515592515592,0.37671957671957673,0.45476190476190476,0.33070983070983073,0.6232804232804232,0.5452380952380953,63.0,0.0,2677.0,3885.0,1.0,inverse_phase_volume,geometric_mean,2677.0,2677.0,2677.0,0.0,420.0,0.0,0.0,9.215373606634665e+39,5.255569568596292e+46,5703045.576809293,0.00017655713359592028,1006.9133798083418,0.0009931340868569473,5663.888961228055,5703045.576809299,0.0
0.0,14.655394179832262,4357.928756408399,0.22802389300727216,192.30611997123168,-192.30611997123168,pass_no_halo_ml_down,35.0,192.30611997123168,0.00022486973844593194,0.009906564187467076,0.0009076931601768024,1.0,1.0,909.0,none,0.0,64.50264259970125,127.80347737153043,32.0,32.0,263.0,24.19922895833125,0.09843894093878533,none,1.0,0.01,2.0,0.3,1.0,0.0,severe_coverage_warn,0.0,multiple,multiple,1;2;3;4;5;6;7;8,shell_band minimum coverage 0.796 is below 0.8 | shell_band coverage gap 0.107 exceeds 0.1 | Lfrac minimum coverage 0.505 is below 0.8 | Lfrac coverage gap 0.495 exceeds 0.1 | third_integral minimum coverage 0.71 is below 0.8 | third_integral coverage gap 0.29 exceeds 0.1 | 25 planned shell-band/Lfrac/third-integral cells have no successful orbit,0.85997425997426,1.0,0.85997425997426,0.7962577962577962,0.5047619047619047,0.7095238095238096,0.1072171072171072,0.49523809523809526,0.29047619047619044,25.0,0.0,3341.0,3885.0,1.0,inverse_phase_volume,geometric_mean,3341.0,3341.0,3341.0,0.0,420.0,0.0,0.0,9.194919074715275e+39,5.252509296564164e+46,5712404.050414995,0.00037995106080531034,2170.4339787037325,0.00046073735013918226,2631.9179051125407,5712404.050415004,0.0
8.947226488699716,10.193752222601587,11751.76035886338,1.7257484390118265,54.481940412259526,-54.481940412259526,pass_full,37.0,54.481940412259526,0.0010138160675623453,0.0099045138983194,0.0023594496007179836,1.0,1.0,716.0,none,0.0,36.20875369778674,18.2731867144728,32.0,32.0,582.0,40.55673242864686,0.05789315837658878,nonsingular_isothermal,1.0,0.01,2.0,0.3,1.0,0.0,strict_pass,1.0,none,none,,,0.9963963963963964,1.0,0.9963963963963964,0.972972972972973,0.9915343915343915,0.9952380952380953,0.027027027027026973,0.00846560846560851,0.004761904761904745,0.0,0.0,3871.0,3885.0,1.0,inverse_phase_volume,geometric_mean,3871.0,3871.0,3871.0,0.0,420.0,0.0,0.0,4.747508762825646e+42,3.0066784735665226e+51,633317098.2452264,1.047386220799043e-06,663.3276020984868,0.0015075507137595734,954757.6434957371,633317098.2452291,0.0
8.971091290134325,1.688363127649926,1363.5770867940605,2.4825678959890687,55.429620278233685,-55.429620278233685,pass_full,38.0,55.429620278233685,0.0010029990946094358,0.00999090487047226,0.002337255548396507,1.0,1.0,714.0,none,0.0,36.98516301222886,18.444457266004807,32.0,32.0,537.0,48.07903228983493,0.056358088636900935,nonsingular_isothermal,1.0,0.01,2.0,0.3,1.0,0.0,strict_pass,1.0,none,none,,,0.9974259974259975,1.0,0.9974259974259975,0.9806949806949807,0.9915343915343915,0.9952380952380953,0.019305019305019266,0.00846560846560851,0.004761904761904745,0.0,0.0,3875.0,3885.0,1.0,inverse_phase_volume,geometric_mean,3875.0,3875.0,3875.0,0.0,420.0,0.0,0.0,1.600051811821662e+43,3.114884415325768e+51,194673971.94966245,2.5001425214150834e-06,486.7126750841203,0.002054600283066732,399977.1978735032,194673971.94966325,0.0
2.30540434810787,91.41427089682966,0.0,0.22082250911914283,102.98871071103994,-102.98871071103994,pass_full,39.0,102.98871071103994,0.0010311438036865184,0.009947423881441793,0.0031645208708762653,1.0,1.0,700.0,none,0.0,51.780547938200705,51.20816277283922,32.0,32.0,497.0,30.12768600011845,0.0992266296820914,nonsingular_isothermal,1.0,0.01,2.0,0.3,1.0,0.0,strict_pass,1.0,none,none,,,1.0,1.0,1.0,1.0,1.0,1.0,0.0,0.0,0.0,0.0,0.0,3885.0,3885.0,1.0,inverse_phase_volume,geometric_mean,3885.0,3885.0,3885.0,0.0,420.0,0.0,0.0,8.378690679978806e+31,1.0851377862677189e+49,1.2951161795012866e+17,6.248498388557325e-13,80925.31360608299,1.2357072903883465e-05,1600384504909.6404,1.2951161795012851e+17,0.0
9.506261948180944,2.2565682147454025,30929.16289509544,1.108314980107837,55.593154777196695,-55.593154777196695,pass_full,40.0,55.593154777196695,0.0009875386176005918,0.009948374613453563,0.0023037637124857127,1.0,1.0,717.0,none,0.0,36.966696656946084,18.62645812025062,32.0,32.0,599.0,45.05543456566625,0.059383309746775054,nonsingular_isothermal,1.0,0.01,2.0,0.3,1.0,0.0,strict_pass,1.0,none,none,,,0.9981981981981982,1.0,0.9981981981981982,0.9864864864864865,0.9925925925925926,0.9976190476190476,0.013513513513513487,0.007407407407407418,0.0023809523809523725,0.0,0.0,3878.0,3885.0,1.0,inverse_phase_volume,geometric_mean,3878.0,3878.0,3878.0,0.0,420.0,0.0,0.0,6.469357039478862e+44,3.467885077342662e+51,5360478.724825515,6.605623155911721e-05,354.0930239147958,0.002824116637329253,15138.617150829248,5360478.724825519,0.0
6.717556657439772,3.252380506023033,214713.57794352865,0.6818468910308176,59.862879387481364,-59.862879387481364,pass_full,41.0,59.862879387481364,0.0012116686489989092,0.009932265954868742,0.002300033400294378,1.0,1.0,720.0,none,0.0,36.250553724086835,23.61232566339451,32.0,32.0,418.0,33.60839017830226,0.08423446262232095,nonsingular_isothermal,1.0,0.01,2.0,0.3,1.0,0.0,strict_pass,1.0,none,none,,,1.0,1.0,1.0,1.0,1.0,1.0,0.0,0.0,0.0,0.0,0.0,3885.0,3885.0,1.0,inverse_phase_volume,geometric_mean,3885.0,3885.0,3885.0,0.0,420.0,0.0,0.0,1.0430711042431386e+42,1.2929423752758568e+51,1239553439.8530068,1.9452240850647496e-07,241.12092059269344,0.004147296707153923,5140795.8994437065,1239553439.85301,0.0
5.74551229043869,174.75445778826983,153378.7334206867,4.935243355498579,69.84263006446841,-69.84263006446841,pass_full,42.0,69.84263006446841,0.0016022357091856065,0.009935549539044481,0.003284708036955507,1.0,1.0,690.0,none,0.0,36.2446935308515,33.59793653361693,32.0,32.0,462.0,37.24074385211695,0.0607807554470535,nonsingular_isothermal,1.0,0.01,2.0,0.3,1.0,0.0,strict_pass,1.0,none,none,,,0.9868725868725868,1.0,0.9868725868725868,0.9584199584199584,0.946031746031746,0.9357142857142857,0.04158004158004158,0.053968253968254,0.06428571428571428,0.0,0.0,3834.0,3885.0,1.0,inverse_phase_volume,geometric_mean,3834.0,3834.0,3834.0,0.0,420.0,0.0,0.0,3.258225545556774e+40,3.4051607783319095e+50,10450967039.330688,9.68931721096562e-08,1012.627348054212,0.000987530113542286,10320644.666976918,10450967039.330683,0.0
20.659012450694703,3.0973639580439514,731001.8236290003,0.602762956590054,53.69581576108716,-53.69581576108716,pass_full,43.0,53.69581576108716,0.0007693166124553841,0.009973170289911869,0.0023095056936505483,1.0,1.0,716.0,none,0.0,37.30459024923992,16.391225511847214,32.0,32.0,572.0,50.11530802592509,0.06009321391409463,nonsingular_isothermal,1.0,0.01,2.0,0.3,1.0,0.0,strict_pass,1.0,none,none,,,0.9992277992277993,1.0,0.9992277992277993,0.9942084942084942,0.9968253968253968,0.9976190476190476,0.00579150579150578,0.0031746031746031633,0.0023809523809523725,0.0,0.0,3882.0,3885.0,1.0,inverse_phase_volume,geometric_mean,3882.0,3882.0,3882.0,0.0,420.0,0.0,0.0,1.6906075171514072e+41,9.240034467334557e+52,546551128727.00183,6.461929984427934e-10,353.17751267439445,0.002831437348396334,1547525278.6858053,546551128727.0018,0.0
5.707173295369566,4.1571574729172065,158219.75469409054,1.2407375121396875,62.4317704689958,-62.4317704689958,pass_full,44.0,62.4317704689958,0.0015678778558907425,0.009958501867323196,0.002306108899602052,1.0,1.0,719.0,none,0.0,31.388635802190887,31.0431346668049,32.0,32.0,480.0,32.620739707923754,0.07723900943569643,nonsingular_isothermal,1.0,0.01,2.0,0.3,1.0,0.0,strict_pass,1.0,none,none,,,1.0,1.0,1.0,1.0,1.0,1.0,0.0,0.0,0.0,0.0,0.0,3885.0,3885.0,1.0,inverse_phase_volume,geometric_mean,3885.0,3885.0,3885.0,0.0,420.0,0.0,0.0,8.87490218322619e+41,8.052938530049448e+50,907383356.3224757,3.1781063827862534e-07,288.37608363625054,0.003467693948092352,3146527.7733192104,907383356.3224858,0.0
1.6494836006514024,69.35165385382608,6253.090272262806,4.023485033720821,109.22501286320447,-109.22501286320447,pass_full,45.0,109.22501286320447,0.0009003996844683115,0.009968641745418623,0.002436985580918359,1.0,1.0,718.0,none,0.0,52.48146279839337,56.7435500648111,32.0,32.0,379.0,20.454869204900803,0.16379516571026134,nonsingular_isothermal,1.0,0.01,2.0,0.3,1.0,0.0,severe_coverage_warn,0.0,inner,joint,2,1 planned shell-band/Lfrac/third-integral cells have no successful orbit,0.9855855855855856,1.0,0.9855855855855856,0.9397089397089398,0.9439153439153439,0.9595238095238096,0.06029106029106024,0.05608465608465607,0.04047619047619044,1.0,0.0,3829.0,3885.0,1.0,inverse_phase_volume,geometric_mean,3829.0,3829.0,3829.0,0.0,420.0,0.0,0.0,1.7497399041407805e+36,3.4558852601450984e+48,1975085126633.2239,5.266074725808487e-10,1040.0945866683578,0.0009614510187993679,1898947607.2170103,1975085126633.2432,0.0
0.43592024931403683,149.34837774822375,180.42958347889453,4.045927392607002,130.72218084729988,-130.72218084729988,pass_full,46.0,130.72218084729988,8.035956557250756e-05,0.009905415909081354,0.003422207702891756,1.0,1.0,690.0,none,0.0,57.551832130674846,73.17034871662503,32.0,32.0,458.0,33.428486711340796,0.060906984957581796,nonsingular_isothermal,1.0,0.01,2.0,0.3,1.0,0.0,severe_coverage_warn,0.0,multiple,multiple,1;2;3;4;5,shell_band minimum coverage 0.726 is below 0.8 | shell_band coverage gap 0.274 exceeds 0.1 | Lfrac minimum coverage 0.697 is below 0.8 | Lfrac coverage gap 0.303 exceeds 0.1 | third_integral minimum coverage 0.688 is below 0.8 | third_integral coverage gap 0.312 exceeds 0.1 | 14 planned shell-band/Lfrac/third-integral cells have no successful orbit,0.8689832689832689,1.0,0.8689832689832689,0.7255717255717256,0.6973544973544974,0.6880952380952381,0.27442827442827444,0.3026455026455026,0.3119047619047619,14.0,0.0,3376.0,3885.0,1.0,inverse_phase_volume,geometric_mean,3376.0,3376.0,3376.0,0.0,420.0,0.0,0.0,2.0942663225814197e+36,1.6600830222163412e+46,7926799969.595564,1.5911643188989732e-07,1261.2841274669975,0.0007928427689074886,6284706.036469966,7926799969.595593,0.0
7.551851674589058,17.779437068929134,666420.7961246531,4.148519414549579,52.74516581727114,-52.74516581727114,pass_full,47.0,52.74516581727114,0.0009342686410818146,0.00993387711357382,0.0014606409904318362,1.0,1.0,764.0,none,0.0,34.655146217757064,18.090019599514076,32.0,32.0,509.0,35.99282607402761,0.08718088850440676,nonsingular_isothermal,1.0,0.01,2.0,0.3,1.0,0.0,strict_pass,1.0,none,none,,,0.9956241956241956,1.0,0.9956241956241956,0.9671814671814671,0.982010582010582,0.9833333333333333,0.032818532818532864,0.017989417989418,0.01666666666666672,0.0,0.0,3868.0,3885.0,1.0,inverse_phase_volume,geometric_mean,3868.0,3868.0,3868.0,0.0,420.0,0.0,0.0,8.669843971836237e+39,2.856733128852809e+51,329502253804.43207,7.229085430310478e-10,238.1999942232086,0.004198152914575372,1383300847.168231,329502253804.4322,0.0
17.277727542044374,27.628325090332513,35020.16043141427,1.0413851153229905,51.90930355541585,-51.90930355541585,pass_full,48.0,51.90930355541585,0.0007827647458498177,0.009933946739891661,0.0025330042542831025,1.0,1.0,713.0,none,0.0,36.59325796855289,15.316045586862936,32.0,32.0,628.0,44.862907854309206,0.05132123312545616,nonsingular_isothermal,1.0,0.01,2.0,0.3,1.0,0.0,strict_pass,1.0,none,none,,,0.9979407979407979,1.0,0.9979407979407979,0.9845559845559846,0.9915343915343915,0.9976190476190476,0.015444015444015413,0.00846560846560851,0.0023809523809523725,0.0,0.0,3877.0,3885.0,1.0,inverse_phase_volume,geometric_mean,3877.0,3877.0,3877.0,0.0,420.0,0.0,0.0,4.709350550057993e+42,4.291046714186134e+52,9111758975.201563,1.8689154837261247e-07,1702.9107432734686,0.0005872298380581719,5350696.747432707,9111758975.201561,0.0
8.947226488699716,10.193752222601587,0.0,1.7257484390118265,55.14955352755155,-55.14955352755155,pass_no_bh,37.0,55.14955352755155,0.000969401448486451,0.009920199255804833,0.00239206416150915,1.0,1.0,716.0,none,0.0,35.379699830983064,19.769853696568475,32.0,32.0,561.0,44.75671339482066,0.05680085813840431,nonsingular_isothermal,1.0,0.01,2.0,0.3,1.0,0.0,strict_pass,1.0,none,none,,,0.9997425997425997,1.0,0.9997425997425997,0.9980694980694981,0.9989417989417989,0.9976190476190476,0.0019305019305019266,0.0010582010582010914,0.0023809523809523725,0.0,0.0,3884.0,3885.0,1.0,inverse_phase_volume,geometric_mean,3884.0,3884.0,3884.0,0.0,420.0,0.0,0.0,5.020413270033087e+40,3.038871487362233e+51,60530305453.16452,1.4628043111607944e-08,885.4399177276865,0.001129382107107064,68361843.91652903,60530305453.164406,0.0
8.971091290134325,1.688363127649926,0.0,2.4825678959890687,55.261644256023935,-55.261644256023935,pass_no_bh,38.0,55.261644256023935,0.000999202023180601,0.009975535941929927,0.0023293199395350767,1.0,1.0,714.0,none,0.0,36.8419101313197,18.41973412470422,32.0,32.0,543.0,43.70102440896741,0.05538383582069705,nonsingular_isothermal,1.0,0.01,2.0,0.3,1.0,0.0,strict_pass,1.0,none,none,,,1.0,1.0,1.0,1.0,1.0,1.0,0.0,0.0,0.0,0.0,0.0,3885.0,3885.0,1.0,inverse_phase_volume,geometric_mean,3885.0,3885.0,3885.0,0.0,420.0,0.0,0.0,3.7322766114135484e+42,3.078149355863694e+51,824737734.1889691,5.929808514823626e-07,489.0536838690062,0.002044765294658023,1686395.0960644868,824737734.1889639,0.0
2.30540434810787,91.41427089682966,0.0,0.22082250911914283,102.98871071103994,-102.98871071103994,pass_no_bh,39.0,102.98871071103994,0.0010311438036865184,0.009947423881441793,0.0031645208708762653,1.0,1.0,700.0,none,0.0,51.780547938200705,51.20816277283922,32.0,32.0,497.0,30.12768600011845,0.0992266296820914,nonsingular_isothermal,1.0,0.01,2.0,0.3,1.0,0.0,strict_pass,1.0,none,none,,,1.0,1.0,1.0,1.0,1.0,1.0,0.0,0.0,0.0,0.0,0.0,3885.0,3885.0,1.0,inverse_phase_volume,geometric_mean,3885.0,3885.0,3885.0,0.0,420.0,0.0,0.0,8.378690679978806e+31,1.0851377862677189e+49,1.2951161795012866e+17,6.248498388557325e-13,80925.31360608299,1.2357072903883465e-05,1600384504909.6404,1.2951161795012851e+17,0.0
9.506261948180944,2.2565682147454025,0.0,1.108314980107837,55.361976007167435,-55.361976007167435,pass_no_bh,40.0,55.361976007167435,0.0010130004826081063,0.009925289013582342,0.0023292168546643387,1.0,1.0,715.0,none,0.0,36.920053597296594,18.441922409870852,32.0,32.0,574.0,47.75338109907196,0.06212359984081517,nonsingular_isothermal,1.0,0.01,2.0,0.3,1.0,0.0,strict_pass,1.0,none,none,,,1.0,1.0,1.0,1.0,1.0,1.0,0.0,0.0,0.0,0.0,0.0,3885.0,3885.0,1.0,inverse_phase_volume,geometric_mean,3885.0,3885.0,3885.0,0.0,420.0,0.0,0.0,7.373813698604624e+40,3.961750115401429e+51,53727287904.64461,9.361952267903666e-09,502.9923048471994,0.0019881019855836225,106815327.76324661,53727287904.64447,0.0
6.717556657439772,3.252380506023033,0.0,0.6818468910308176,60.99914824625166,-60.99914824625166,pass_no_bh,41.0,60.99914824625166,0.0011913716681988262,0.009969390571869501,0.002436629623803022,1.0,1.0,713.0,none,0.0,37.40156579572601,23.597582450525646,32.0,32.0,474.0,34.652459070284785,0.09105397232415394,nonsingular_isothermal,1.0,0.01,2.0,0.3,1.0,0.0,strict_pass,1.0,none,none,,,0.9997425997425997,1.0,0.9997425997425997,0.9980694980694981,0.9989417989417989,0.9976190476190476,0.0019305019305019266,0.0010582010582010914,0.0023809523809523725,0.0,0.0,3884.0,3885.0,1.0,inverse_phase_volume,geometric_mean,3884.0,3884.0,3884.0,0.0,420.0,0.0,0.0,4.070718627677093e+42,7.324544262465248e+50,179932462.35849297,2.1522958855624196e-06,387.2678984132977,0.0025821918214682126,464620.1327187356,179932462.3584922,0.0
5.74551229043869,174.75445778826983,0.0,4.935243355498579,70.61386152673036,-70.61386152673036,pass_no_bh,42.0,70.61386152673036,0.001563455293876359,0.009955729654402543,0.004741534265560514,1.0,1.0,673.0,none,0.0,38.24476152817491,32.36909999855545,32.0,32.0,465.0,33.61224648174898,0.058470488893019625,nonsingular_isothermal,1.0,0.01,2.0,0.3,1.0,0.0,strict_pass,1.0,none,none,,,1.0,1.0,1.0,1.0,1.0,1.0,0.0,0.0,0.0,0.0,0.0,3885.0,3885.0,1.0,inverse_phase_volume,geometric_mean,3885.0,3885.0,3885.0,0.0,420.0,0.0,0.0,1.0593654978087418e+35,3.339735635276545e+50,3152581089515058.0,6.100215223197485e-11,192314.23154624313,5.19982318500201e-06,16392864241.859333,3152581089515065.0,0.0
20.659012450694703,3.0973639580439514,0.0,0.602762956590054,51.99346163985418,-51.99346163985418,pass_no_bh,43.0,51.99346163985418,0.0007276720147615379,0.009919086715775002,0.0023225866681982022,1.0,1.0,714.0,none,0.0,37.51994006545231,14.473521574401854,32.0,32.0,560.0,46.59377030519428,0.06743329864407342,nonsingular_isothermal,1.0,0.01,2.0,0.3,1.0,0.0,strict_pass,1.0,none,none,,,0.9987129987129987,1.0,0.9987129987129987,0.9903474903474904,0.9947089947089947,0.9976190476190476,0.009652509652509633,0.005291005291005346,0.0023809523809523725,0.0,0.0,3880.0,3885.0,1.0,inverse_phase_volume,geometric_mean,3880.0,3880.0,3880.0,0.0,420.0,0.0,0.0,2.0192740221701475e+43,7.159117446666864e+52,3545391743.7975264,1.172537381068594e-07,415.71043501345906,0.0024055205637732524,8528512.746336907,3545391743.797546,0.0
5.707173295369566,4.1571574729172065,0.0,1.2407375121396875,65.30204666141726,-65.30204666141726,pass_no_bh,44.0,65.30204666141726,0.0015011665370394667,0.009921290770355537,0.002298240020572409,1.0,1.0,715.0,none,0.0,37.74134847647614,27.560698184941142,32.0,32.0,455.0,28.3718732260013,0.09181992216129525,nonsingular_isothermal,1.0,0.01,2.0,0.3,1.0,0.0,strict_pass,1.0,none,none,,,1.0,1.0,1.0,1.0,1.0,1.0,0.0,0.0,0.0,0.0,0.0,3885.0,3885.0,1.0,inverse_phase_volume,geometric_mean,3885.0,3885.0,3885.0,0.0,420.0,0.0,0.0,6.3474439831122086e+41,4.134469558799678e+50,651359755.1706964,6.898666484748452e-07,449.35137125100124,0.002225429950766556,1449555.5078808297,651359755.1706923,0.0
1.6494836006514024,69.35165385382608,0.0,4.023485033720821,109.62869592921514,-109.62869592921514,pass_no_bh,45.0,109.62869592921514,0.0007058668765012044,0.00996142073330136,0.002806185978790173,1.0,1.0,710.0,none,0.0,54.396175361644715,55.232520567570425,32.0,32.0,560.0,31.033666137962953,0.07278168315879117,nonsingular_isothermal,1.0,0.01,2.0,0.3,1.0,0.0,strict_pass,1.0,none,none,,,0.9835263835263836,1.0,0.9835263835263836,0.9563409563409564,0.9343915343915344,0.9595238095238096,0.043659043659043606,0.06560846560846556,0.04047619047619044,0.0,0.0,3821.0,3885.0,1.0,inverse_phase_volume,geometric_mean,3821.0,3821.0,3821.0,0.0,420.0,0.0,0.0,1.0608147263850093e+34,2.6593427520532227e+48,250688709904659.44,4.9656938274287756e-11,12448.433793796463,8.033139080502953e-05,20138172725.759808,250688709904658.6,0.0
