v0,r_c,MBH,ML,chi2,reward,status,proposal_id,chi2_losvd,delta_chi2_iteration,max_light_relative_residual,max_light_sigma_residual,light_constraint_ok,solver_converged,solver_iterations,solver_failure_reason,julia_status_code,chi2_inner,chi2_outer,N_inner,N_outer,N_nonzero_weights,effective_N_orbits,max_weight_fraction,halo_type,alphat,light_rel_tol,light_sigma_tol,delta_chi2_iter_tol,halo_q_axis_ratio,karl_halo_params_active,coverage_status,coverage_strict,coverage_issue_region,coverage_issue_axis,coverage_issue_shell_bands,coverage_reasons,coverage_fraction,coverage_attempted_fraction,coverage_success_fraction,coverage_shell_min,coverage_lfrac_min,coverage_theta_min,coverage_shell_gap,coverage_lfrac_gap,coverage_theta_gap,coverage_joint_holes,coverage_deadline_hit,successful_base_orbits,planned_base_orbits,phase_volume_valid,phase_volume_convention,phase_volume_normalization,phase_volume_launches_recorded,phase_volume_sos_recorded,phase_volume_valid_base_orbits,phase_volume_invalid_recorded_orbits,phase_volume_nested_groups,phase_volume_duplicate_area_clusters,phase_volume_duplicate_area_orbits,raw_phase_volume_min,raw_phase_volume_max,raw_phase_volume_dynamic_range,normalized_phase_volume_min,normalized_phase_volume_max,wphase_min,wphase_max,wphase_dynamic_range,wphase_pair_max_relative_mismatch
21.0,100.0,450000.0,0.3,,,todo,,,,,,,,,,,,,,,,,,,,,,,,,,,,,,,,,,,,,,,,,,,,,,,,,,,,,,,,,,,,,,
15.984990743692771,5341.831872303275,1273882.5888161676,1.1989896445658663,inf,-1000000.0,orbit_fail_full,1.0,inf,inf,inf,inf,0.0,0.0,0.0,incomplete_orbit_coverage,1.0,inf,inf,0.0,0.0,0.0,0.0,0.0,nonsingular_isothermal,1.0,0.01,2.0,0.3,1.0,0.0,severe_coverage_warn,0.0,multiple,multiple,1;2;3;4;5;6;7,Lfrac minimum coverage 0.688 is below 0.8 | Lfrac coverage gap 0.312 exceeds 0.1 | third_integral minimum coverage 0.769 is below 0.8 | third_integral coverage gap 0.231 exceeds 0.1 | 15 planned shell-band/Lfrac/third-integral cells have no successful orbit,0.924066924066924,1.0,0.924066924066924,0.9054054054054054,0.6878306878306878,0.7690476190476191,0.07588357588357597,0.3121693121693122,0.2309523809523809,15.0,0.0,3590.0,3885.0,0.0,not_computed,not_computed,0.0,0.0,0.0,0.0,0.0,0.0,0.0,,,,,,,,,
15.984990743692771,5341.831872303275,0.0,1.1989896445658663,871.2202471253303,-871.2202471253303,pass_halo_only,1.0,871.2202471253303,0.27444499694775004,0.21304803876663927,0.30129542586071595,1.0,1.0,20.0,none,0.0,460.91582386243243,410.3044232628976,32.0,32.0,700.0,23.85151518248072,0.08846307648053633,nonsingular_isothermal,1.0,0.01,2.0,0.3,1.0,0.0,strict_pass,1.0,none,none,,,1.0,1.0,1.0,1.0,1.0,1.0,0.0,0.0,0.0,0.0,0.0,3885.0,3885.0,1.0,inverse_phase_volume,geometric_mean,3885.0,3885.0,3885.0,0.0,420.0,0.0,0.0,3.809067131092678e+31,1.5186820623575337e+48,3.987018369828208e+16,5.435340018816563e-11,2167080.0501284087,4.614504203205349e-07,18398113025.82925,3.9870183698282184e+16,0.0
15.984990743692771,5341.831872303275,2500000.0,1.1989896445658663,inf,-1000000.0,orbit_fail_bh_up,1.0,inf,inf,inf,inf,0.0,0.0,0.0,incomplete_orbit_coverage,1.0,inf,inf,0.0,0.0,0.0,0.0,0.0,nonsingular_isothermal,1.0,0.01,2.0,0.3,1.0,0.0,severe_coverage_warn,0.0,multiple,multiple,1;2;3;4;5;6;7;8,Lfrac minimum coverage 0.644 is below 0.8 | Lfrac coverage gap 0.356 exceeds 0.1 | third_integral minimum coverage 0.75 is below 0.8 | third_integral coverage gap 0.25 exceeds 0.1 | 17 planned shell-band/Lfrac/third-integral cells have no successful orbit,0.9135135135135135,1.0,0.9135135135135135,0.8976833976833977,0.6444444444444445,0.75,0.042025542025542095,0.3555555555555555,0.25,17.0,0.0,3549.0,3885.0,0.0,not_computed,not_computed,0.0,0.0,0.0,0.0,0.0,0.0,0.0,,,,,,,,,
15.984990743692771,5341.831872303275,636941.2944080838,1.1989896445658663,inf,-1000000.0,orbit_fail_bh_down,1.0,inf,inf,inf,inf,0.0,0.0,0.0,incomplete_orbit_coverage,1.0,inf,inf,0.0,0.0,0.0,0.0,0.0,nonsingular_isothermal,1.0,0.01,2.0,0.3,1.0,0.0,severe_coverage_warn,0.0,multiple,multiple,1;2;3;4;5;6,Lfrac minimum coverage 0.717 is below 0.8 | Lfrac coverage gap 0.283 exceeds 0.1 | third_integral minimum coverage 0.786 is below 0.8 | third_integral coverage gap 0.214 exceeds 0.1 | 13 planned shell-band/Lfrac/third-integral cells have no successful orbit,0.9312741312741313,1.0,0.9312741312741313,0.9034749034749034,0.7174603174603175,0.7857142857142857,0.09652509652509655,0.28253968253968254,0.2142857142857143,13.0,0.0,3618.0,3885.0,0.0,not_computed,not_computed,0.0,0.0,0.0,0.0,0.0,0.0,0.0,,,,,,,,,
30.0,5341.831872303275,1273882.5888161676,1.1989896445658663,inf,-1000000.0,orbit_fail_halo_up,1.0,inf,inf,inf,inf,0.0,0.0,0.0,incomplete_orbit_coverage,1.0,inf,inf,0.0,0.0,0.0,0.0,0.0,nonsingular_isothermal,1.0,0.01,2.0,0.3,1.0,0.0,severe_coverage_warn,0.0,multiple,multiple,1;2;3;4;5;6,Lfrac minimum coverage 0.723 is below 0.8 | Lfrac coverage gap 0.277 exceeds 0.1 | third_integral minimum coverage 0.798 is below 0.8 | third_integral coverage gap 0.202 exceeds 0.1 | 12 planned shell-band/Lfrac/third-integral cells have no successful orbit,0.9325611325611326,1.0,0.9325611325611326,0.9073359073359073,0.7227513227513227,0.7976190476190477,0.0926640926640927,0.2772486772486773,0.20238095238095233,12.0,0.0,3623.0,3885.0,0.0,not_computed,not_computed,0.0,0.0,0.0,0.0,0.0,0.0,0.0,,,,,,,,,
7.992495371846386,5341.831872303275,1273882.5888161676,1.1989896445658663,inf,-1000000.0,orbit_fail_halo_down,1.0,inf,inf,inf,inf,0.0,0.0,0.0,incomplete_orbit_coverage,1.0,inf,inf,0.0,0.0,0.0,0.0,0.0,nonsingular_isothermal,1.0,0.01,2.0,0.3,1.0,0.0,severe_coverage_warn,0.0,multiple,multiple,1;2;3;4;5;6;7;8,Lfrac minimum coverage 0.618 is below 0.8 | Lfrac coverage gap 0.382 exceeds 0.1 | third_integral minimum coverage 0.75 is below 0.8 | third_integral coverage gap 0.25 exceeds 0.1 | 20 planned shell-band/Lfrac/third-integral cells have no successful orbit,0.9070785070785071,1.0,0.9070785070785071,0.88996138996139,0.617989417989418,0.75,0.03519453519453519,0.382010582010582,0.25,20.0,0.0,3524.0,3885.0,0.0,not_computed,not_computed,0.0,0.0,0.0,0.0,0.0,0.0,0.0,,,,,,,,,
15.984990743692771,5341.831872303275,1273882.5888161676,1.6,inf,-1000000.0,orbit_fail_ml_up,1.0,inf,inf,inf,inf,0.0,0.0,0.0,incomplete_orbit_coverage,1.0,inf,inf,0.0,0.0,0.0,0.0,0.0,nonsingular_isothermal,1.0,0.01,2.0,0.3,1.0,0.0,severe_coverage_warn,0.0,multiple,multiple,1;2;3;4;5;6;7,Lfrac minimum coverage 0.684 is below 0.8 | Lfrac coverage gap 0.316 exceeds 0.1 | third_integral minimum coverage 0.767 is below 0.8 | third_integral coverage gap 0.233 exceeds 0.1 | 13 planned shell-band/Lfrac/third-integral cells have no successful orbit,0.923037323037323,1.0,0.923037323037323,0.9064449064449065,0.6835978835978836,0.7666666666666667,0.07484407484407485,0.31640211640211635,0.23333333333333328,13.0,0.0,3586.0,3885.0,0.0,not_computed,not_computed,0.0,0.0,0.0,0.0,0.0,0.0,0.0,,,,,,,,,
15.984990743692771,5341.831872303275,1273882.5888161676,0.5994948222829332,inf,-1000000.0,orbit_fail_ml_down,1.0,inf,inf,inf,inf,0.0,0.0,0.0,incomplete_orbit_coverage,1.0,inf,inf,0.0,0.0,0.0,0.0,0.0,nonsingular_isothermal,1.0,0.01,2.0,0.3,1.0,0.0,severe_coverage_warn,0.0,multiple,multiple,1;2;3;4;5;6;7,Lfrac minimum coverage 0.689 is below 0.8 | Lfrac coverage gap 0.311 exceeds 0.1 | third_integral minimum coverage 0.771 is below 0.8 | third_integral coverage gap 0.229 exceeds 0.1 | 15 planned shell-band/Lfrac/third-integral cells have no successful orbit,0.9243243243243243,1.0,0.9243243243243243,0.9034749034749034,0.6888888888888889,0.7714285714285715,0.07989307989307992,0.3111111111111111,0.22857142857142854,15.0,0.0,3591.0,3885.0,0.0,not_computed,not_computed,0.0,0.0,0.0,0.0,0.0,0.0,0.0,,,,,,,,,
7.709968642709263,7527.183395112239,2209697.959223859,0.4168587155466138,inf,-1000000.0,orbit_fail_full,2.0,inf,inf,inf,inf,0.0,0.0,0.0,incomplete_orbit_coverage,1.0,inf,inf,0.0,0.0,0.0,0.0,0.0,nonsingular_isothermal,1.0,0.01,2.0,0.3,1.0,0.0,severe_coverage_warn,0.0,multiple,multiple,1;2;3;4;5;6;7;8,Lfrac minimum coverage 0.587 is below 0.8 | Lfrac coverage gap 0.413 exceeds 0.1 | third_integral minimum coverage 0.75 is below 0.8 | third_integral coverage gap 0.25 exceeds 0.1 | 21 planned shell-band/Lfrac/third-integral cells have no successful orbit,0.8996138996138996,1.0,0.8996138996138996,0.8861003861003861,0.5873015873015873,0.75,0.024502524502524548,0.4126984126984127,0.25,21.0,0.0,3495.0,3885.0,0.0,not_computed,not_computed,0.0,0.0,0.0,0.0,0.0,0.0,0.0,,,,,,,,,
7.709968642709263,7527.183395112239,0.0,0.4168587155466138,882.8291612066397,-882.8291612066397,pass_halo_only,2.0,882.8291612066397,0.21014278500479122,0.2338585271676359,0.4050548508373342,1.0,1.0,12.0,none,0.0,449.30739136765584,433.5217698389837,32.0,32.0,298.0,17.43742771887588,0.0969706245004419,nonsingular_isothermal,1.0,0.01,2.0,0.3,1.0,0.0,strict_pass,1.0,none,none,,,1.0,1.0,1.0,1.0,1.0,1.0,0.0,0.0,0.0,0.0,0.0,3885.0,3885.0,1.0,inverse_phase_volume,geometric_mean,3885.0,3885.0,3885.0,0.0,420.0,0.0,0.0,5.351931752182433e+30,1.3944347756351896e+46,2605479367457481.5,1.340535834026101e-10,349273.84568924125,2.863082971548142e-06,7459703609.687538,2605479367457481.0,0.0
7.709968642709263,7527.183395112239,2500000.0,0.4168587155466138,inf,-1000000.0,orbit_fail_bh_up,2.0,inf,inf,inf,inf,0.0,0.0,0.0,incomplete_orbit_coverage,1.0,inf,inf,0.0,0.0,0.0,0.0,0.0,nonsingular_isothermal,1.0,0.01,2.0,0.3,1.0,0.0,severe_coverage_warn,0.0,multiple,multiple,1;2;3;4;5;6;7;8,Lfrac minimum coverage 0.593 is below 0.8 | Lfrac coverage gap 0.407 exceeds 0.1 | third_integral minimum coverage 0.75 is below 0.8 | third_integral coverage gap 0.25 exceeds 0.1 | 24 planned shell-band/Lfrac/third-integral cells have no successful orbit,0.9009009009009009,1.0,0.9009009009009009,0.8861003861003861,0.5925925925925926,0.75,0.032818532818532864,0.40740740740740744,0.25,24.0,0.0,3500.0,3885.0,0.0,not_computed,not_computed,0.0,0.0,0.0,0.0,0.0,0.0,0.0,,,,,,,,,
7.709968642709263,7527.183395112239,1104848.9796119295,0.4168587155466138,inf,-1000000.0,orbit_fail_bh_down,2.0,inf,inf,inf,inf,0.0,0.0,0.0,incomplete_orbit_coverage,1.0,inf,inf,0.0,0.0,0.0,0.0,0.0,nonsingular_isothermal,1.0,0.01,2.0,0.3,1.0,0.0,severe_coverage_warn,0.0,multiple,multiple,1;2;3;4;5;6;7;8,Lfrac minimum coverage 0.612 is below 0.8 | Lfrac coverage gap 0.388 exceeds 0.1 | third_integral minimum coverage 0.75 is below 0.8 | third_integral coverage gap 0.25 exceeds 0.1 | 17 planned shell-band/Lfrac/third-integral cells have no successful orbit,0.9055341055341055,1.0,0.9055341055341055,0.8861003861003861,0.6116402116402117,0.75,0.03489753489753489,0.38835978835978835,0.25,17.0,0.0,3518.0,3885.0,0.0,not_computed,not_computed,0.0,0.0,0.0,0.0,0.0,0.0,0.0,,,,,,,,,
15.419937285418525,7527.183395112239,2209697.959223859,0.4168587155466138,inf,-1000000.0,orbit_fail_halo_up,2.0,inf,inf,inf,inf,0.0,0.0,0.0,incomplete_orbit_coverage,1.0,inf,inf,0.0,0.0,0.0,0.0,0.0,nonsingular_isothermal,1.0,0.01,2.0,0.3,1.0,0.0,severe_coverage_warn,0.0,multiple,multiple,1;2;3;4;5;6;7;8,Lfrac minimum coverage 0.626 is below 0.8 | Lfrac coverage gap 0.374 exceeds 0.1 | third_integral minimum coverage 0.75 is below 0.8 | third_integral coverage gap 0.25 exceeds 0.1 | 17 planned shell-band/Lfrac/third-integral cells have no successful orbit,0.9091377091377091,1.0,0.9091377091377091,0.88996138996139,0.6264550264550265,0.75,0.03727353727353733,0.3735449735449735,0.25,17.0,0.0,3532.0,3885.0,0.0,not_computed,not_computed,0.0,0.0,0.0,0.0,0.0,0.0,0.0,,,,,,,,,
3.8549843213546313,7527.183395112239,2209697.959223859,0.4168587155466138,inf,-1000000.0,orbit_fail_halo_down,2.0,inf,inf,inf,inf,0.0,0.0,0.0,incomplete_orbit_coverage,1.0,inf,inf,0.0,0.0,0.0,0.0,0.0,nonsingular_isothermal,1.0,0.01,2.0,0.3,1.0,0.0,severe_coverage_warn,0.0,multiple,multiple,1;2;3;4;5;6;7;8,Lfrac minimum coverage 0.569 is below 0.8 | Lfrac coverage gap 0.431 exceeds 0.1 | third_integral minimum coverage 0.76 is below 0.8 | third_integral coverage gap 0.24 exceeds 0.1 | 23 planned shell-band/Lfrac/third-integral cells have no successful orbit,0.8952380952380953,1.0,0.8952380952380953,0.8764478764478765,0.5693121693121693,0.7595238095238095,0.03415503415503418,0.4306878306878307,0.2404761904761905,23.0,0.0,3478.0,3885.0,0.0,not_computed,not_computed,0.0,0.0,0.0,0.0,0.0,0.0,0.0,,,,,,,,,
7.709968642709263,7527.183395112239,2209697.959223859,0.8337174310932276,inf,-1000000.0,orbit_fail_ml_up,2.0,inf,inf,inf,inf,0.0,0.0,0.0,incomplete_orbit_coverage,1.0,inf,inf,0.0,0.0,0.0,0.0,0.0,nonsingular_isothermal,1.0,0.01,2.0,0.3,1.0,0.0,severe_coverage_warn,0.0,multiple,multiple,1;2;3;4;5;6;7;8,Lfrac minimum coverage 0.594 is below 0.8 | Lfrac coverage gap 0.406 exceeds 0.1 | third_integral minimum coverage 0.75 is below 0.8 | third_integral coverage gap 0.25 exceeds 0.1 | 22 planned shell-band/Lfrac/third-integral cells have no successful orbit,0.9011583011583012,1.0,0.9011583011583012,0.8861003861003861,0.5936507936507937,0.75,0.03073953073953073,0.40634920634920635,0.25,22.0,0.0,3501.0,3885.0,0.0,not_computed,not_computed,0.0,0.0,0.0,0.0,0.0,0.0,0.0,,,,,,,,,
7.709968642709263,7527.183395112239,2209697.959223859,0.2084293577733069,inf,-1000000.0,orbit_fail_ml_down,2.0,inf,inf,inf,inf,0.0,0.0,0.0,incomplete_orbit_coverage,1.0,inf,inf,0.0,0.0,0.0,0.0,0.0,nonsingular_isothermal,1.0,0.01,2.0,0.3,1.0,0.0,severe_coverage_warn,0.0,multiple,multiple,1;2;3;4;5;6;7;8,Lfrac minimum coverage 0.593 is below 0.8 | Lfrac coverage gap 0.407 exceeds 0.1 | third_integral minimum coverage 0.752 is below 0.8 | third_integral coverage gap 0.248 exceeds 0.1 | 22 planned shell-band/Lfrac/third-integral cells have no successful orbit,0.9009009009009009,1.0,0.9009009009009009,0.8841698841698842,0.5925925925925926,0.7523809523809524,0.032670032670032656,0.40740740740740744,0.24761904761904763,22.0,0.0,3500.0,3885.0,0.0,not_computed,not_computed,0.0,0.0,0.0,0.0,0.0,0.0,0.0,,,,,,,,,
20.116393150467793,6434.808140740126,1809067.9229426684,1.2482152800935267,inf,-1000000.0,orbit_fail_full,3.0,inf,inf,inf,inf,0.0,0.0,0.0,incomplete_orbit_coverage,1.0,inf,inf,0.0,0.0,0.0,0.0,0.0,nonsingular_isothermal,1.0,0.01,2.0,0.3,1.0,0.0,severe_coverage_warn,0.0,multiple,multiple,1;2;3;4;5;6;7,Lfrac minimum coverage 0.655 is below 0.8 | Lfrac coverage gap 0.345 exceeds 0.1 | third_integral minimum coverage 0.757 is below 0.8 | third_integral coverage gap 0.243 exceeds 0.1 | 17 planned shell-band/Lfrac/third-integral cells have no successful orbit,0.916087516087516,1.0,0.916087516087516,0.888030888030888,0.6550264550264551,0.7571428571428571,0.07454707454707454,0.34497354497354493,0.24285714285714288,17.0,0.0,3559.0,3885.0,0.0,not_computed,not_computed,0.0,0.0,0.0,0.0,0.0,0.0,0.0,,,,,,,,,
20.116393150467793,6434.808140740126,0.0,1.2482152800935267,883.702459213427,-883.702459213427,pass_halo_only,3.0,883.702459213427,0.0811847102449974,0.20041456969277552,0.28342900255664,1.0,1.0,27.0,none,0.0,423.9859221089549,459.71653710447185,32.0,32.0,648.0,24.772251031873836,0.09207464396676299,nonsingular_isothermal,1.0,0.01,2.0,0.3,1.0,0.0,strict_pass,1.0,none,none,,,1.0,1.0,1.0,1.0,1.0,1.0,0.0,0.0,0.0,0.0,0.0,3885.0,3885.0,1.0,inverse_phase_volume,geometric_mean,3885.0,3885.0,3885.0,0.0,420.0,0.0,0.0,8.489735777656715e+32,1.7603629752775683e+48,2073519154636698.2,1.0688405954652625e-09,2216261.4479505364,4.512103032450161e-07,935593206.5479826,2073519154636717.2,0.0
20.116393150467793,6434.808140740126,2500000.0,1.2482152800935267,inf,-1000000.0,orbit_fail_bh_up,3.0,inf,inf,inf,inf,0.0,0.0,0.0,incomplete_orbit_coverage,1.0,inf,inf,0.0,0.0,0.0,0.0,0.0,nonsingular_isothermal,1.0,0.01,2.0,0.3,1.0,0.0,severe_coverage_warn,0.0,multiple,multiple,1;2;3;4;5;6;7,Lfrac minimum coverage 0.651 is below 0.8 | Lfrac coverage gap 0.349 exceeds 0.1 | third_integral minimum coverage 0.752 is below 0.8 | third_integral coverage gap 0.248 exceeds 0.1 | 17 planned shell-band/Lfrac/third-integral cells have no successful orbit,0.915057915057915,1.0,0.915057915057915,0.8938223938223938,0.6507936507936508,0.7523809523809524,0.054202554202554265,0.3492063492063492,0.24761904761904763,17.0,0.0,3555.0,3885.0,0.0,not_computed,not_computed,0.0,0.0,0.0,0.0,0.0,0.0,0.0,,,,,,,,,
20.116393150467793,6434.808140740126,904533.9614713342,1.2482152800935267,inf,-1000000.0,orbit_fail_bh_down,3.0,inf,inf,inf,inf,0.0,0.0,0.0,incomplete_orbit_coverage,1.0,inf,inf,0.0,0.0,0.0,0.0,0.0,nonsingular_isothermal,1.0,0.01,2.0,0.3,1.0,0.0,severe_coverage_warn,0.0,multiple,multiple,1;2;3;4;5;6,shell_band coverage gap 0.104 exceeds 0.1 | Lfrac minimum coverage 0.701 is below 0.8 | Lfrac coverage gap 0.299 exceeds 0.1 | third_integral minimum coverage 0.781 is below 0.8 | third_integral coverage gap 0.219 exceeds 0.1 | 16 planned shell-band/Lfrac/third-integral cells have no successful orbit,0.9271557271557271,1.0,0.9271557271557271,0.8938223938223938,0.7005291005291006,0.780952380952381,0.10409860409860416,0.29947089947089944,0.21904761904761905,16.0,0.0,3602.0,3885.0,0.0,not_computed,not_computed,0.0,0.0,0.0,0.0,0.0,0.0,0.0,,,,,,,,,
30.0,6434.808140740126,1809067.9229426684,1.2482152800935267,inf,-1000000.0,orbit_fail_halo_up,3.0,inf,inf,inf,inf,0.0,0.0,0.0,incomplete_orbit_coverage,1.0,inf,inf,0.0,0.0,0.0,0.0,0.0,nonsingular_isothermal,1.0,0.01,2.0,0.3,1.0,0.0,severe_coverage_warn,0.0,multiple,multiple,1;2;3;4;5;6,shell_band coverage gap 0.102 exceeds 0.1 | Lfrac minimum coverage 0.706 is below 0.8 | Lfrac coverage gap 0.294 exceeds 0.1 | third_integral minimum coverage 0.786 is below 0.8 | third_integral coverage gap 0.214 exceeds 0.1 | 12 planned shell-band/Lfrac/third-integral cells have no successful orbit,0.9284427284427285,1.0,0.9284427284427285,0.8976833976833977,0.7058201058201058,0.7857142857142857,0.10231660231660233,0.2941798941798942,0.2142857142857143,12.0,0.0,3607.0,3885.0,0.0,not_computed,not_computed,0.0,0.0,0.0,0.0,0.0,0.0,0.0,,,,,,,,,
10.058196575233897,6434.808140740126,1809067.9229426684,1.2482152800935267,inf,-1000000.0,orbit_fail_halo_down,3.0,inf,inf,inf,inf,0.0,0.0,0.0,incomplete_orbit_coverage,1.0,inf,inf,0.0,0.0,0.0,0.0,0.0,nonsingular_isothermal,1.0,0.01,2.0,0.3,1.0,0.0,severe_coverage_warn,0.0,multiple,multiple,1;2;3;4;5;6;7;8,Lfrac minimum coverage 0.607 is below 0.8 | Lfrac coverage gap 0.393 exceeds 0.1 | third_integral minimum coverage 0.75 is below 0.8 | third_integral coverage gap 0.25 exceeds 0.1 | 17 planned shell-band/Lfrac/third-integral cells have no successful orbit,0.9045045045045045,1.0,0.9045045045045045,0.8841698841698842,0.6074074074074074,0.75,0.03474903474903479,0.3925925925925926,0.25,17.0,0.0,3514.0,3885.0,0.0,not_computed,not_computed,0.0,0.0,0.0,0.0,0.0,0.0,0.0,,,,,,,,,
20.116393150467793,6434.808140740126,1809067.9229426684,1.6,inf,-1000000.0,orbit_fail_ml_up,3.0,inf,inf,inf,inf,0.0,0.0,0.0,incomplete_orbit_coverage,1.0,inf,inf,0.0,0.0,0.0,0.0,0.0,nonsingular_isothermal,1.0,0.01,2.0,0.3,1.0,0.0,severe_coverage_warn,0.0,multiple,multiple,1;2;3;4;5;6;7,Lfrac minimum coverage 0.668 is below 0.8 | Lfrac coverage gap 0.332 exceeds 0.1 | third_integral minimum coverage 0.762 is below 0.8 | third_integral coverage gap 0.238 exceeds 0.1 | 14 planned shell-band/Lfrac/third-integral cells have no successful orbit,0.9191763191763191,1.0,0.9191763191763191,0.8861003861003861,0.6677248677248677,0.7619047619047619,0.08687258687258692,0.3322751322751323,0.23809523809523814,14.0,0.0,3571.0,3885.0,0.0,not_computed,not_computed,0.0,0.0,0.0,0.0,0.0,0.0,0.0,,,,,,,,,
20.116393150467793,6434.808140740126,1809067.9229426684,0.6241076400467633,inf,-1000000.0,orbit_fail_ml_down,3.0,inf,inf,inf,inf,0.0,0.0,0.0,incomplete_orbit_coverage,1.0,inf,inf,0.0,0.0,0.0,0.0,0.0,nonsingular_isothermal,1.0,0.01,2.0,0.3,1.0,0.0,severe_coverage_warn,0.0,multiple,multiple,1;2;3;4;5;6;7,Lfrac minimum coverage 0.663 is below 0.8 | Lfrac coverage gap 0.337 exceeds 0.1 | third_integral minimum coverage 0.762 is below 0.8 | third_integral coverage gap 0.238 exceeds 0.1 | 14 planned shell-band/Lfrac/third-integral cells have no successful orbit,0.9181467181467181,1.0,0.9181467181467181,0.8938223938223938,0.6634920634920635,0.7619047619047619,0.07291357291357292,0.33650793650793653,0.23809523809523814,14.0,0.0,3567.0,3885.0,0.0,not_computed,not_computed,0.0,0.0,0.0,0.0,0.0,0.0,0.0,,,,,,,,,
24.556421848621486,979.9873201603114,8884.76802028887,0.5231334616738458,389.4420867588859,-389.4420867588859,pass_full,4.0,389.4420867588859,0.10296879947401294,0.2352658177111636,0.33271611016986397,1.0,1.0,134.0,none,0.0,164.39924780721387,225.04283895167194,32.0,32.0,146.0,13.44951106567233,0.18349109637473446,nonsingular_isothermal,1.0,0.01,2.0,0.3,1.0,0.0,strict_pass,1.0,none,none,,,0.993050193050193,1.0,0.993050193050193,0.9498069498069498,0.9714285714285714,0.9785714285714285,0.050193050193050204,0.02857142857142858,0.021428571428571463,0.0,0.0,3858.0,3885.0,1.0,inverse_phase_volume,geometric_mean,3858.0,3858.0,3858.0,0.0,420.0,0.0,0.0,2.096630476707156e+37,4.716271304115569e+51,224945280368272.9,1.1099849234514863e-09,249685.8698103485,4.005032406357478e-06,900913137.5320942,224945280368271.06,0.0
24.556421848621486,979.9873201603114,0.0,0.5231334616738458,118.77752241613925,-118.77752241613925,pass_halo_only,4.0,118.77752241613925,0.03747966201744646,0.2360273408648162,0.3337930665418204,1.0,1.0,10.0,none,0.0,52.597186274843274,66.18033614129597,32.0,32.0,2822.0,12.377198456164304,0.18668671549498111,nonsingular_isothermal,1.0,0.01,2.0,0.3,1.0,0.0,strict_pass,1.0,none,none,,,1.0,1.0,1.0,1.0,1.0,1.0,0.0,0.0,0.0,0.0,0.0,3885.0,3885.0,1.0,inverse_phase_volume,geometric_mean,3885.0,3885.0,3885.0,0.0,420.0,0.0,0.0,1.7479323918525767e+32,5.0498747927153334e+51,2.8890561306911506e+19,3.5899598780272134e-12,103715955.94549702,9.641718006489785e-09,278554645170.4438,2.8890561306911306e+19,0.0
24.556421848621486,979.9873201603114,17769.53604057774,0.5231334616738458,inf,-1000000.0,orbit_fail_bh_up,4.0,inf,inf,inf,inf,0.0,0.0,0.0,incomplete_orbit_coverage,1.0,inf,inf,0.0,0.0,0.0,0.0,0.0,nonsingular_isothermal,1.0,0.01,2.0,0.3,1.0,0.0,severe_coverage_warn,0.0,inner,joint,1,1 planned shell-band/Lfrac/third-integral cells have no successful orbit,0.9881595881595882,1.0,0.9881595881595882,0.9266409266409267,0.9513227513227513,0.9547619047619048,0.07335907335907332,0.04867724867724865,0.04523809523809519,1.0,0.0,3839.0,3885.0,0.0,not_computed,not_computed,0.0,0.0,0.0,0.0,0.0,0.0,0.0,,,,,,,,,
24.556421848621486,979.9873201603114,4442.384010144435,0.5231334616738458,404.71126384784026,-404.71126384784026,pass_bh_down,4.0,404.71126384784026,0.24180604671914807,0.23373520073770712,0.33055149088720376,1.0,1.0,127.0,none,0.0,219.71225636806568,184.99900747977463,32.0,32.0,578.0,14.16792117076604,0.1766483942536153,nonsingular_isothermal,1.0,0.01,2.0,0.3,1.0,0.0,strict_pass,1.0,none,none,,,0.9956241956241956,1.0,0.9956241956241956,0.9671814671814671,0.982010582010582,0.9857142857142858,0.032818532818532864,0.017989417989418,0.014285714285714235,0.0,0.0,3868.0,3885.0,1.0,inverse_phase_volume,geometric_mean,3868.0,3868.0,3868.0,0.0,420.0,0.0,0.0,2.0677902004257025e+39,4.9037111366264055e+51,2371474212237.2295,2.016503041293649e-07,478208.4961325838,2.091138087439477e-06,4959080.048589805,2371474212237.2314,0.0
30.0,979.9873201603114,8884.76802028887,0.5231334616738458,326.51022242350444,-326.51022242350444,pass_halo_up,4.0,326.51022242350444,0.17876917558874084,0.23988000682982838,0.33924155900083286,1.0,1.0,311.0,none,0.0,173.96171001625098,152.54851240725367,32.0,32.0,82.0,11.689119033767946,0.1871937320221136,nonsingular_isothermal,1.0,0.01,2.0,0.3,1.0,0.0,strict_pass,1.0,none,none,,,0.993050193050193,1.0,0.993050193050193,0.9478764478764479,0.9714285714285714,0.9714285714285714,0.05212355212355213,0.02857142857142858,0.02857142857142858,0.0,0.0,3858.0,3885.0,1.0,inverse_phase_volume,geometric_mean,3858.0,3858.0,3858.0,0.0,420.0,0.0,0.0,1.500544813595953e+39,1.0762420531823913e+52,7172341961605.604,5.258209925764093e-08,377136.7969348924,2.651557758689446e-06,19017878.976269394,7172341961605.67,0.0
12.278210924310743,979.9873201603114,8884.76802028887,0.5231334616738458,inf,-1000000.0,orbit_fail_halo_down,4.0,inf,inf,inf,inf,0.0,0.0,0.0,incomplete_orbit_coverage,1.0,inf,inf,0.0,0.0,0.0,0.0,0.0,nonsingular_isothermal,1.0,0.01,2.0,0.3,1.0,0.0,severe_coverage_warn,0.0,inner,joint,2,1 planned shell-band/Lfrac/third-integral cells have no successful orbit,0.9876447876447877,1.0,0.9876447876447877,0.9517374517374517,0.9492063492063492,0.9452380952380952,0.04826254826254828,0.050793650793650835,0.05476190476190479,1.0,0.0,3837.0,3885.0,0.0,not_computed,not_computed,0.0,0.0,0.0,0.0,0.0,0.0,0.0,,,,,,,,,
24.556421848621486,979.9873201603114,8884.76802028887,1.0462669233476916,405.53418714120147,-405.53418714120147,pass_ml_up,4.0,405.53418714120147,0.08779089851088884,0.23059023356360706,0.3261038356563741,1.0,1.0,52.0,none,0.0,188.7190500004871,216.81513714071426,32.0,32.0,90.0,12.321729093966972,0.1688531995079922,nonsingular_isothermal,1.0,0.01,2.0,0.3,1.0,0.0,strict_pass,1.0,none,none,,,0.9938223938223938,1.0,0.9938223938223938,0.9575289575289575,0.9746031746031746,0.9738095238095238,0.0424710424710425,0.025396825396825418,0.02619047619047621,0.0,0.0,3861.0,3885.0,1.0,inverse_phase_volume,geometric_mean,3861.0,3861.0,3861.0,0.0,420.0,0.0,0.0,1.2447775347322572e+40,4.7164830842984894e+51,378901687466.0235,6.522197093517679e-07,247127.14847198394,4.046499974539896e-06,1533225.6686843857,378901687466.023,0.0
24.556421848621486,979.9873201603114,8884.76802028887,0.2615667308369229,522.6187095230887,-522.6187095230887,pass_ml_down,4.0,522.6187095230887,0.2506080419227601,0.234076427453058,0.33103405833589694,1.0,1.0,860.0,none,0.0,291.9028703547531,230.71583916833552,32.0,32.0,95.0,11.794400479140439,0.17316208006512226,nonsingular_isothermal,1.0,0.01,2.0,0.3,1.0,0.0,strict_pass,1.0,none,none,,,0.9907335907335907,1.0,0.9907335907335907,0.9305019305019305,0.9619047619047619,0.969047619047619,0.06949806949806947,0.03809523809523807,0.030952380952380953,0.0,0.0,3849.0,3885.0,1.0,inverse_phase_volume,geometric_mean,3849.0,3849.0,3849.0,0.0,420.0,0.0,0.0,4.0087222189577845e+39,4.71614007076552e+51,1176469661195.845,2.1048633618967828e-07,247630.78862342765,4.038270061485371e-06,4750902.2110530585,1176469661195.855,0.0
0.3676539994904926,3536.0635688802586,463203.6929074951,1.3098757652208977,inf,-1000000.0,orbit_fail_full,5.0,inf,inf,inf,inf,0.0,0.0,0.0,incomplete_orbit_coverage,1.0,inf,inf,0.0,0.0,0.0,0.0,0.0,nonsingular_isothermal,1.0,0.01,2.0,0.3,1.0,0.0,severe_coverage_warn,0.0,multiple,multiple,1;2;3;4;5;6;7;8,Lfrac minimum coverage 0.585 is below 0.8 | Lfrac coverage gap 0.415 exceeds 0.1 | third_integral minimum coverage 0.75 is below 0.8 | third_integral coverage gap 0.25 exceeds 0.1 | 24 planned shell-band/Lfrac/third-integral cells have no successful orbit,0.8990990990990991,1.0,0.8990990990990991,0.8752598752598753,0.5851851851851851,0.75,0.03950103950103956,0.41481481481481486,0.25,24.0,0.0,3493.0,3885.0,0.0,not_computed,not_computed,0.0,0.0,0.0,0.0,0.0,0.0,0.0,,,,,,,,,
0.3676539994904926,3536.0635688802586,0.0,1.3098757652208977,inf,-1000000.0,orbit_fail_halo_only,5.0,inf,inf,inf,inf,0.0,0.0,0.0,incomplete_orbit_coverage,1.0,inf,inf,0.0,0.0,0.0,0.0,0.0,nonsingular_isothermal,1.0,0.01,2.0,0.3,1.0,0.0,severe_coverage_warn,0.0,multiple,multiple,2;3;4;5;6,shell_band minimum coverage 0.763 is below 0.8 | shell_band coverage gap 0.233 exceeds 0.1 | Lfrac minimum coverage 0.732 is below 0.8 | Lfrac coverage gap 0.268 exceeds 0.1 | third_integral coverage gap 0.188 exceeds 0.1 | 10 planned shell-band/Lfrac/third-integral cells have no successful orbit,0.9011583011583012,1.0,0.9011583011583012,0.762993762993763,0.7322751322751323,0.8119047619047619,0.23284823284823286,0.2677248677248677,0.1880952380952381,10.0,0.0,3501.0,3885.0,0.0,not_computed,not_computed,0.0,0.0,0.0,0.0,0.0,0.0,0.0,,,,,,,,,
0.3676539994904926,3536.0635688802586,926407.3858149901,1.3098757652208977,inf,-1000000.0,orbit_fail_bh_up,5.0,inf,inf,inf,inf,0.0,0.0,0.0,incomplete_orbit_coverage,1.0,inf,inf,0.0,0.0,0.0,0.0,0.0,nonsingular_isothermal,1.0,0.01,2.0,0.3,1.0,0.0,severe_coverage_warn,0.0,multiple,multiple,1;2;3;4;5;6;7;8,Lfrac minimum coverage 0.588 is below 0.8 | Lfrac coverage gap 0.412 exceeds 0.1 | third_integral minimum coverage 0.75 is below 0.8 | third_integral coverage gap 0.25 exceeds 0.1 | 24 planned shell-band/Lfrac/third-integral cells have no successful orbit,0.8998712998712999,1.0,0.8998712998712999,0.893970893970894,0.5883597883597883,0.75,0.014553014553014498,0.4116402116402117,0.25,24.0,0.0,3496.0,3885.0,0.0,not_computed,not_computed,0.0,0.0,0.0,0.0,0.0,0.0,0.0,,,,,,,,,
0.3676539994904926,3536.0635688802586,231601.84645374754,1.3098757652208977,inf,-1000000.0,orbit_fail_bh_down,5.0,inf,inf,inf,inf,0.0,0.0,0.0,incomplete_orbit_coverage,1.0,inf,inf,0.0,0.0,0.0,0.0,0.0,nonsingular_isothermal,1.0,0.01,2.0,0.3,1.0,0.0,severe_coverage_warn,0.0,multiple,multiple,1;2;3;4;5;6;7;8,Lfrac minimum coverage 0.614 is below 0.8 | Lfrac coverage gap 0.386 exceeds 0.1 | third_integral minimum coverage 0.75 is below 0.8 | third_integral coverage gap 0.25 exceeds 0.1 | 24 planned shell-band/Lfrac/third-integral cells have no successful orbit,0.9060489060489061,1.0,0.9060489060489061,0.8794178794178794,0.6137566137566137,0.75,0.03950103950103956,0.3862433862433863,0.25,24.0,0.0,3520.0,3885.0,0.0,not_computed,not_computed,0.0,0.0,0.0,0.0,0.0,0.0,0.0,,,,,,,,,
0.7353079989809852,3536.0635688802586,463203.6929074951,1.3098757652208977,inf,-1000000.0,orbit_fail_halo_up,5.0,inf,inf,inf,inf,0.0,0.0,0.0,incomplete_orbit_coverage,1.0,inf,inf,0.0,0.0,0.0,0.0,0.0,nonsingular_isothermal,1.0,0.01,2.0,0.3,1.0,0.0,severe_coverage_warn,0.0,multiple,multiple,1;2;3;4;5;6;7;8,Lfrac minimum coverage 0.576 is below 0.8 | Lfrac coverage gap 0.424 exceeds 0.1 | third_integral minimum coverage 0.75 is below 0.8 | third_integral coverage gap 0.25 exceeds 0.1 | 26 planned shell-band/Lfrac/third-integral cells have no successful orbit,0.8967824967824968,1.0,0.8967824967824968,0.8794178794178794,0.5756613756613757,0.75,0.031185031185031242,0.42433862433862435,0.25,26.0,0.0,3484.0,3885.0,0.0,not_computed,not_computed,0.0,0.0,0.0,0.0,0.0,0.0,0.0,,,,,,,,,
0.1838269997452463,3536.0635688802586,463203.6929074951,1.3098757652208977,inf,-1000000.0,orbit_fail_halo_down,5.0,inf,inf,inf,inf,0.0,0.0,0.0,incomplete_orbit_coverage,1.0,inf,inf,0.0,0.0,0.0,0.0,0.0,nonsingular_isothermal,1.0,0.01,2.0,0.3,1.0,0.0,severe_coverage_warn,0.0,multiple,multiple,1;2;3;4;5;6;7;8,Lfrac minimum coverage 0.615 is below 0.8 | Lfrac coverage gap 0.385 exceeds 0.1 | third_integral minimum coverage 0.75 is below 0.8 | third_integral coverage gap 0.25 exceeds 0.1 | 24 planned shell-band/Lfrac/third-integral cells have no successful orbit,0.9063063063063063,1.0,0.9063063063063063,0.8976833976833977,0.6148148148148148,0.75,0.017077517077517146,0.3851851851851852,0.25,24.0,0.0,3521.0,3885.0,0.0,not_computed,not_computed,0.0,0.0,0.0,0.0,0.0,0.0,0.0,,,,,,,,,
0.3676539994904926,3536.0635688802586,463203.6929074951,1.6,inf,-1000000.0,orbit_fail_ml_up,5.0,inf,inf,inf,inf,0.0,0.0,0.0,incomplete_orbit_coverage,1.0,inf,inf,0.0,0.0,0.0,0.0,0.0,nonsingular_isothermal,1.0,0.01,2.0,0.3,1.0,0.0,severe_coverage_warn,0.0,multiple,multiple,1;2;3;4;5;6;7;8,Lfrac minimum coverage 0.613 is below 0.8 | Lfrac coverage gap 0.387 exceeds 0.1 | third_integral minimum coverage 0.75 is below 0.8 | third_integral coverage gap 0.25 exceeds 0.1 | 24 planned shell-band/Lfrac/third-integral cells have no successful orbit,0.9057915057915058,1.0,0.9057915057915058,0.8938223938223938,0.6126984126984127,0.75,0.023017523017523023,0.38730158730158726,0.25,24.0,0.0,3519.0,3885.0,0.0,not_computed,not_computed,0.0,0.0,0.0,0.0,0.0,0.0,0.0,,,,,,,,,
0.3676539994904926,3536.0635688802586,463203.6929074951,0.6549378826104488,inf,-1000000.0,orbit_fail_ml_down,5.0,inf,inf,inf,inf,0.0,0.0,0.0,incomplete_orbit_coverage,1.0,inf,inf,0.0,0.0,0.0,0.0,0.0,nonsingular_isothermal,1.0,0.01,2.0,0.3,1.0,0.0,severe_coverage_warn,0.0,multiple,multiple,1;2;3;4;5;6;7;8,Lfrac minimum coverage 0.559 is below 0.8 | Lfrac coverage gap 0.441 exceeds 0.1 | third_integral minimum coverage 0.75 is below 0.8 | third_integral coverage gap 0.25 exceeds 0.1 | 25 planned shell-band/Lfrac/third-integral cells have no successful orbit,0.8926640926640926,1.0,0.8926640926640926,0.8669438669438669,0.5587301587301587,0.75,0.03950103950103956,0.44126984126984126,0.25,25.0,0.0,3468.0,3885.0,0.0,not_computed,not_computed,0.0,0.0,0.0,0.0,0.0,0.0,0.0,,,,,,,,,
18.365160769593494,8994.391825439887,788419.4486085247,0.7693176195502593,inf,-1000000.0,orbit_fail_full,6.0,inf,inf,inf,inf,0.0,0.0,0.0,incomplete_orbit_coverage,1.0,inf,inf,0.0,0.0,0.0,0.0,0.0,nonsingular_isothermal,1.0,0.01,2.0,0.3,1.0,0.0,severe_coverage_warn,0.0,multiple,multiple,1;2;3;4;5;6;7,Lfrac minimum coverage 0.688 is below 0.8 | Lfrac coverage gap 0.312 exceeds 0.1 | third_integral minimum coverage 0.764 is below 0.8 | third_integral coverage gap 0.236 exceeds 0.1 | 12 planned shell-band/Lfrac/third-integral cells have no successful orbit,0.924066924066924,1.0,0.924066924066924,0.9015444015444015,0.6878306878306878,0.7642857142857142,0.06519156519156522,0.3121693121693122,0.23571428571428577,12.0,0.0,3590.0,3885.0,0.0,not_computed,not_computed,0.0,0.0,0.0,0.0,0.0,0.0,0.0,,,,,,,,,
18.365160769593494,8994.391825439887,0.0,0.7693176195502593,898.2107807740307,-898.2107807740307,pass_halo_only,6.0,898.2107807740307,0.09796814603521398,0.2039999085439056,0.2884994373856104,1.0,1.0,8.0,none,0.0,450.05665412728484,448.1541266467456,32.0,32.0,266.0,35.67004092717202,0.08865064587035391,nonsingular_isothermal,1.0,0.01,2.0,0.3,1.0,0.0,strict_pass,1.0,none,none,,,1.0,1.0,1.0,1.0,1.0,1.0,0.0,0.0,0.0,0.0,0.0,3885.0,3885.0,1.0,inverse_phase_volume,geometric_mean,3885.0,3885.0,3885.0,0.0,420.0,0.0,0.0,1.6191336340368004e+32,3.2671903267403787e+47,2017863293096239.0,7.05095947983986e-10,1422787.231547787,7.028457789237709e-07,1418246697.9979181,2017863293096248.5,0.0
18.365160769593494,8994.391825439887,1576838.8972170495,0.7693176195502593,inf,-1000000.0,orbit_fail_bh_up,6.0,inf,inf,inf,inf,0.0,0.0,0.0,incomplete_orbit_coverage,1.0,inf,inf,0.0,0.0,0.0,0.0,0.0,nonsingular_isothermal,1.0,0.01,2.0,0.3,1.0,0.0,severe_coverage_warn,0.0,multiple,multiple,1;2;3;4;5;6;7;8,Lfrac minimum coverage 0.647 is below 0.8 | Lfrac coverage gap 0.353 exceeds 0.1 | third_integral minimum coverage 0.75 is below 0.8 | third_integral coverage gap 0.25 exceeds 0.1 | 20 planned shell-band/Lfrac/third-integral cells have no successful orbit,0.9140283140283141,1.0,0.9140283140283141,0.8957528957528957,0.6465608465608466,0.75,0.039798039798039864,0.35343915343915344,0.25,20.0,0.0,3551.0,3885.0,0.0,not_computed,not_computed,0.0,0.0,0.0,0.0,0.0,0.0,0.0,,,,,,,,,
18.365160769593494,8994.391825439887,394209.7243042624,0.7693176195502593,inf,-1000000.0,orbit_fail_bh_down,6.0,inf,inf,inf,inf,0.0,0.0,0.0,incomplete_orbit_coverage,1.0,inf,inf,0.0,0.0,0.0,0.0,0.0,nonsingular_isothermal,1.0,0.01,2.0,0.3,1.0,0.0,severe_coverage_warn,0.0,multiple,multiple,1;2;3;4;5;6,Lfrac minimum coverage 0.703 is below 0.8 | Lfrac coverage gap 0.297 exceeds 0.1 | third_integral minimum coverage 0.779 is below 0.8 | third_integral coverage gap 0.221 exceeds 0.1 | 14 planned shell-band/Lfrac/third-integral cells have no successful orbit,0.9276705276705277,1.0,0.9276705276705277,0.9034749034749034,0.7026455026455026,0.7785714285714286,0.0923670923670924,0.29735449735449737,0.22142857142857142,14.0,0.0,3604.0,3885.0,0.0,not_computed,not_computed,0.0,0.0,0.0,0.0,0.0,0.0,0.0,,,,,,,,,
30.0,8994.391825439887,788419.4486085247,0.7693176195502593,inf,-1000000.0,orbit_fail_halo_up,6.0,inf,inf,inf,inf,0.0,0.0,0.0,incomplete_orbit_coverage,1.0,inf,inf,0.0,0.0,0.0,0.0,0.0,nonsingular_isothermal,1.0,0.01,2.0,0.3,1.0,0.0,severe_coverage_warn,0.0,multiple,multiple,1;2;3;4;5;6,Lfrac minimum coverage 0.712 is below 0.8 | Lfrac coverage gap 0.288 exceeds 0.1 | third_integral minimum coverage 0.786 is below 0.8 | third_integral coverage gap 0.214 exceeds 0.1 | 13 planned shell-band/Lfrac/third-integral cells have no successful orbit,0.92998712998713,1.0,0.92998712998713,0.9015444015444015,0.7121693121693121,0.7857142857142857,0.09845559845559848,0.2878306878306879,0.2142857142857143,13.0,0.0,3613.0,3885.0,0.0,not_computed,not_computed,0.0,0.0,0.0,0.0,0.0,0.0,0.0,,,,,,,,,
9.182580384796747,8994.391825439887,788419.4486085247,0.7693176195502593,inf,-1000000.0,orbit_fail_halo_down,6.0,inf,inf,inf,inf,0.0,0.0,0.0,incomplete_orbit_coverage,1.0,inf,inf,0.0,0.0,0.0,0.0,0.0,nonsingular_isothermal,1.0,0.01,2.0,0.3,1.0,0.0,severe_coverage_warn,0.0,multiple,multiple,1;2;3;4;5;6;7;8,Lfrac minimum coverage 0.62 is below 0.8 | Lfrac coverage gap 0.38 exceeds 0.1 | third_integral minimum coverage 0.75 is below 0.8 | third_integral coverage gap 0.25 exceeds 0.1 | 19 planned shell-band/Lfrac/third-integral cells have no successful orbit,0.9075933075933076,1.0,0.9075933075933076,0.88996138996139,0.6201058201058202,0.75,0.02895752895752901,0.37989417989417984,0.25,19.0,0.0,3526.0,3885.0,0.0,not_computed,not_computed,0.0,0.0,0.0,0.0,0.0,0.0,0.0,,,,,,,,,
18.365160769593494,8994.391825439887,788419.4486085247,1.5386352391005187,inf,-1000000.0,orbit_fail_ml_up,6.0,inf,inf,inf,inf,0.0,0.0,0.0,incomplete_orbit_coverage,1.0,inf,inf,0.0,0.0,0.0,0.0,0.0,nonsingular_isothermal,1.0,0.01,2.0,0.3,1.0,0.0,severe_coverage_warn,0.0,multiple,multiple,1;2;3;4;5;6;7,Lfrac minimum coverage 0.676 is below 0.8 | Lfrac coverage gap 0.324 exceeds 0.1 | third_integral minimum coverage 0.764 is below 0.8 | third_integral coverage gap 0.236 exceeds 0.1 | 13 planned shell-band/Lfrac/third-integral cells have no successful orbit,0.9212355212355212,1.0,0.9212355212355212,0.888030888030888,0.6761904761904762,0.7642857142857142,0.08078408078408084,0.32380952380952377,0.23571428571428577,13.0,0.0,3579.0,3885.0,0.0,not_computed,not_computed,0.0,0.0,0.0,0.0,0.0,0.0,0.0,,,,,,,,,
18.365160769593494,8994.391825439887,788419.4486085247,0.3846588097751297,inf,-1000000.0,orbit_fail_ml_down,6.0,inf,inf,inf,inf,0.0,0.0,0.0,incomplete_orbit_coverage,1.0,inf,inf,0.0,0.0,0.0,0.0,0.0,nonsingular_isothermal,1.0,0.01,2.0,0.3,1.0,0.0,severe_coverage_warn,0.0,multiple,multiple,1;2;3;4;5;6;7,Lfrac minimum coverage 0.673 is below 0.8 | Lfrac coverage gap 0.327 exceeds 0.1 | third_integral minimum coverage 0.762 is below 0.8 | third_integral coverage gap 0.238 exceeds 0.1 | 14 planned shell-band/Lfrac/third-integral cells have no successful orbit,0.9204633204633205,1.0,0.9204633204633205,0.9015444015444015,0.6730158730158731,0.7619047619047619,0.06311256311256319,0.32698412698412693,0.23809523809523814,14.0,0.0,3576.0,3885.0,0.0,not_computed,not_computed,0.0,0.0,0.0,0.0,0.0,0.0,0.0,,,,,,,,,
29.407758110329265,5421.10973380812,605736.5298573258,0.553138354961895,inf,-1000000.0,orbit_fail_full,7.0,inf,inf,inf,inf,0.0,0.0,0.0,incomplete_orbit_coverage,1.0,inf,inf,0.0,0.0,0.0,0.0,0.0,nonsingular_isothermal,1.0,0.01,2.0,0.3,1.0,0.0,severe_coverage_warn,0.0,multiple,multiple,1;2;3;4;5;6,Lfrac minimum coverage 0.745 is below 0.8 | Lfrac coverage gap 0.255 exceeds 0.1 | third_integral coverage gap 0.193 exceeds 0.1 | 11 planned shell-band/Lfrac/third-integral cells have no successful orbit,0.937966537966538,1.0,0.937966537966538,0.915057915057915,0.744973544973545,0.8071428571428572,0.084942084942085,0.25502645502645505,0.19285714285714284,11.0,0.0,3644.0,3885.0,0.0,not_computed,not_computed,0.0,0.0,0.0,0.0,0.0,0.0,0.0,,,,,,,,,
29.407758110329265,5421.10973380812,0.0,0.553138354961895,442.4319639146016,-442.4319639146016,pass_halo_only,7.0,442.4319639146016,0.13447767298441704,0.2070037622639526,0.29274752805588494,1.0,1.0,39.0,none,0.0,226.26018092991976,216.1717829846818,32.0,32.0,1414.0,21.964636292883934,0.12045769929289422,nonsingular_isothermal,1.0,0.01,2.0,0.3,1.0,0.0,strict_pass,1.0,none,none,,,1.0,1.0,1.0,1.0,1.0,1.0,0.0,0.0,0.0,0.0,0.0,3885.0,3885.0,1.0,inverse_phase_volume,geometric_mean,3885.0,3885.0,3885.0,0.0,420.0,0.0,0.0,5.63491317379337e+33,1.62609055196515e+49,2885741983616903.5,7.988887563005535e-09,23053868.242960155,4.337666848188764e-08,125173873.34761606,2885741983616922.5,0.0
29.407758110329265,5421.10973380812,1211473.0597146517,0.553138354961895,inf,-1000000.0,orbit_fail_bh_up,7.0,inf,inf,inf,inf,0.0,0.0,0.0,incomplete_orbit_coverage,1.0,inf,inf,0.0,0.0,0.0,0.0,0.0,nonsingular_isothermal,1.0,0.01,2.0,0.3,1.0,0.0,severe_coverage_warn,0.0,multiple,multiple,1;2;3;4;5;6,Lfrac minimum coverage 0.729 is below 0.8 | Lfrac coverage gap 0.271 exceeds 0.1 | third_integral minimum coverage 0.793 is below 0.8 | third_integral coverage gap 0.207 exceeds 0.1 | 12 planned shell-band/Lfrac/third-integral cells have no successful orbit,0.9341055341055341,1.0,0.9341055341055341,0.9015444015444015,0.7291005291005291,0.7928571428571428,0.09845559845559848,0.27089947089947086,0.20714285714285718,12.0,0.0,3629.0,3885.0,0.0,not_computed,not_computed,0.0,0.0,0.0,0.0,0.0,0.0,0.0,,,,,,,,,
29.407758110329265,5421.10973380812,302868.2649286629,0.553138354961895,inf,-1000000.0,orbit_fail_bh_down,7.0,inf,inf,inf,inf,0.0,0.0,0.0,incomplete_orbit_coverage,1.0,inf,inf,0.0,0.0,0.0,0.0,0.0,nonsingular_isothermal,1.0,0.01,2.0,0.3,1.0,0.0,severe_coverage_warn,0.0,multiple,multiple,1;2;3;4;5,Lfrac minimum coverage 0.749 is below 0.8 | Lfrac coverage gap 0.251 exceeds 0.1 | third_integral coverage gap 0.186 exceeds 0.1 | 11 planned shell-band/Lfrac/third-integral cells have no successful orbit,0.938996138996139,1.0,0.938996138996139,0.9111969111969112,0.7492063492063492,0.8142857142857143,0.08880308880308885,0.2507936507936508,0.18571428571428572,11.0,0.0,3648.0,3885.0,0.0,not_computed,not_computed,0.0,0.0,0.0,0.0,0.0,0.0,0.0,,,,,,,,,
30.0,5421.10973380812,605736.5298573258,0.553138354961895,inf,-1000000.0,orbit_fail_halo_up,7.0,inf,inf,inf,inf,0.0,0.0,0.0,incomplete_orbit_coverage,1.0,inf,inf,0.0,0.0,0.0,0.0,0.0,nonsingular_isothermal,1.0,0.01,2.0,0.3,1.0,0.0,severe_coverage_warn,0.0,multiple,multiple,1;2;3;4;5;6,Lfrac minimum coverage 0.743 is below 0.8 | Lfrac coverage gap 0.257 exceeds 0.1 | third_integral coverage gap 0.19 exceeds 0.1 | 11 planned shell-band/Lfrac/third-integral cells have no successful orbit,0.9374517374517375,1.0,0.9374517374517375,0.9092664092664092,0.7428571428571429,0.8095238095238095,0.09073359073359077,0.2571428571428571,0.19047619047619047,11.0,0.0,3642.0,3885.0,0.0,not_computed,not_computed,0.0,0.0,0.0,0.0,0.0,0.0,0.0,,,,,,,,,
14.703879055164633,5421.10973380812,605736.5298573258,0.553138354961895,inf,-1000000.0,orbit_fail_halo_down,7.0,inf,inf,inf,inf,0.0,0.0,0.0,incomplete_orbit_coverage,1.0,inf,inf,0.0,0.0,0.0,0.0,0.0,nonsingular_isothermal,1.0,0.01,2.0,0.3,1.0,0.0,severe_coverage_warn,0.0,multiple,multiple,1;2;3;4;5;6,Lfrac minimum coverage 0.698 is below 0.8 | Lfrac coverage gap 0.302 exceeds 0.1 | third_integral minimum coverage 0.783 is below 0.8 | third_integral coverage gap 0.217 exceeds 0.1 | 14 planned shell-band/Lfrac/third-integral cells have no successful orbit,0.9266409266409267,1.0,0.9266409266409267,0.9015444015444015,0.6984126984126984,0.7833333333333333,0.09845559845559848,0.3015873015873016,0.21666666666666667,14.0,0.0,3600.0,3885.0,0.0,not_computed,not_computed,0.0,0.0,0.0,0.0,0.0,0.0,0.0,,,,,,,,,
29.407758110329265,5421.10973380812,605736.5298573258,1.10627670992379,inf,-1000000.0,orbit_fail_ml_up,7.0,inf,inf,inf,inf,0.0,0.0,0.0,incomplete_orbit_coverage,1.0,inf,inf,0.0,0.0,0.0,0.0,0.0,nonsingular_isothermal,1.0,0.01,2.0,0.3,1.0,0.0,severe_coverage_warn,0.0,multiple,multiple,1;2;3;4;5;6,Lfrac minimum coverage 0.747 is below 0.8 | Lfrac coverage gap 0.253 exceeds 0.1 | third_integral coverage gap 0.195 exceeds 0.1 | 14 planned shell-band/Lfrac/third-integral cells have no successful orbit,0.9384813384813385,1.0,0.9384813384813385,0.915057915057915,0.7470899470899471,0.8047619047619048,0.084942084942085,0.25291005291005286,0.1952380952380952,14.0,0.0,3646.0,3885.0,0.0,not_computed,not_computed,0.0,0.0,0.0,0.0,0.0,0.0,0.0,,,,,,,,,
29.407758110329265,5421.10973380812,605736.5298573258,0.2765691774809475,inf,-1000000.0,orbit_fail_ml_down,7.0,inf,inf,inf,inf,0.0,0.0,0.0,incomplete_orbit_coverage,1.0,inf,inf,0.0,0.0,0.0,0.0,0.0,nonsingular_isothermal,1.0,0.01,2.0,0.3,1.0,0.0,severe_coverage_warn,0.0,multiple,multiple,1;2;3;4;5;6,Lfrac minimum coverage 0.733 is below 0.8 | Lfrac coverage gap 0.267 exceeds 0.1 | third_integral coverage gap 0.195 exceeds 0.1 | 14 planned shell-band/Lfrac/third-integral cells have no successful orbit,0.9351351351351351,1.0,0.9351351351351351,0.9073359073359073,0.7333333333333333,0.8047619047619048,0.0926640926640927,0.2666666666666667,0.1952380952380952,14.0,0.0,3633.0,3885.0,0.0,not_computed,not_computed,0.0,0.0,0.0,0.0,0.0,0.0,0.0,,,,,,,,,
16.954673592203882,1334.235462262123,2190646.397356266,0.8724645970422429,inf,-1000000.0,orbit_fail_full,8.0,inf,inf,inf,inf,0.0,0.0,0.0,incomplete_orbit_coverage,1.0,inf,inf,0.0,0.0,0.0,0.0,0.0,nonsingular_isothermal,1.0,0.01,2.0,0.3,1.0,0.0,severe_coverage_warn,0.0,multiple,multiple,1;2;3;4;5;6,shell_band coverage gap 0.106 exceeds 0.1 | Lfrac minimum coverage 0.725 is below 0.8 | Lfrac coverage gap 0.275 exceeds 0.1 | third_integral coverage gap 0.19 exceeds 0.1 | 14 planned shell-band/Lfrac/third-integral cells have no successful orbit,0.9330759330759331,1.0,0.9330759330759331,0.8938223938223938,0.7248677248677249,0.8095238095238095,0.10617760617760619,0.2751322751322751,0.19047619047619047,14.0,0.0,3625.0,3885.0,0.0,not_computed,not_computed,0.0,0.0,0.0,0.0,0.0,0.0,0.0,,,,,,,,,
16.954673592203882,1334.235462262123,0.0,0.8724645970422429,313.5061579270862,-313.5061579270862,pass_halo_only,8.0,313.5061579270862,0.032287645795122444,0.22738211752298615,0.3215668744420621,1.0,1.0,198.0,none,0.0,113.34944759961873,200.15671032746744,32.0,32.0,1003.0,18.766554975155035,0.12362245220393661,nonsingular_isothermal,1.0,0.01,2.0,0.3,1.0,0.0,strict_pass,1.0,none,none,,,1.0,1.0,1.0,1.0,1.0,1.0,0.0,0.0,0.0,0.0,0.0,3885.0,3885.0,1.0,inverse_phase_volume,geometric_mean,3885.0,3885.0,3885.0,0.0,420.0,0.0,0.0,2.1930096385530416e+32,4.2376172667041656e+50,1.932329522044493e+18,1.1099375937953626e-11,21447651.801178295,4.6625150821642013e-08,90095155402.43683,1.9323295220445128e+18,0.0
16.954673592203882,1334.235462262123,2500000.0,0.8724645970422429,inf,-1000000.0,orbit_fail_bh_up,8.0,inf,inf,inf,inf,0.0,0.0,0.0,incomplete_orbit_coverage,1.0,inf,inf,0.0,0.0,0.0,0.0,0.0,nonsingular_isothermal,1.0,0.01,2.0,0.3,1.0,0.0,severe_coverage_warn,0.0,multiple,multiple,1;2;3;4;5,shell_band coverage gap 0.102 exceeds 0.1 | Lfrac minimum coverage 0.723 is below 0.8 | Lfrac coverage gap 0.277 exceeds 0.1 | third_integral coverage gap 0.19 exceeds 0.1 | 12 planned shell-band/Lfrac/third-integral cells have no successful orbit,0.9325611325611326,1.0,0.9325611325611326,0.8976833976833977,0.7227513227513227,0.8095238095238095,0.10231660231660233,0.2772486772486773,0.19047619047619047,12.0,0.0,3623.0,3885.0,0.0,not_computed,not_computed,0.0,0.0,0.0,0.0,0.0,0.0,0.0,,,,,,,,,
16.954673592203882,1334.235462262123,1095323.198678133,0.8724645970422429,inf,-1000000.0,orbit_fail_bh_down,8.0,inf,inf,inf,inf,0.0,0.0,0.0,incomplete_orbit_coverage,1.0,inf,inf,0.0,0.0,0.0,0.0,0.0,nonsingular_isothermal,1.0,0.01,2.0,0.3,1.0,0.0,severe_coverage_warn,0.0,multiple,multiple,1;2;3;4;5,Lfrac minimum coverage 0.749 is below 0.8 | Lfrac coverage gap 0.251 exceeds 0.1 | third_integral coverage gap 0.181 exceeds 0.1 | 12 planned shell-band/Lfrac/third-integral cells have no successful orbit,0.938996138996139,1.0,0.938996138996139,0.9015444015444015,0.7492063492063492,0.819047619047619,0.09845559845559848,0.2507936507936508,0.18095238095238098,12.0,0.0,3648.0,3885.0,0.0,not_computed,not_computed,0.0,0.0,0.0,0.0,0.0,0.0,0.0,,,,,,,,,
30.0,1334.235462262123,2190646.397356266,0.8724645970422429,inf,-1000000.0,orbit_fail_halo_up,8.0,inf,inf,inf,inf,0.0,0.0,0.0,incomplete_orbit_coverage,1.0,inf,inf,0.0,0.0,0.0,0.0,0.0,nonsingular_isothermal,1.0,0.01,2.0,0.3,1.0,0.0,severe_coverage_warn,0.0,multiple,multiple,1;2;3;4;5,Lfrac minimum coverage 0.767 is below 0.8 | Lfrac coverage gap 0.233 exceeds 0.1 | third_integral coverage gap 0.176 exceeds 0.1 | 11 planned shell-band/Lfrac/third-integral cells have no successful orbit,0.9433719433719434,1.0,0.9433719433719434,0.9034749034749034,0.7671957671957672,0.8238095238095238,0.09652509652509655,0.2328042328042328,0.17619047619047623,11.0,0.0,3665.0,3885.0,0.0,not_computed,not_computed,0.0,0.0,0.0,0.0,0.0,0.0,0.0,,,,,,,,,
8.477336796101941,1334.235462262123,2190646.397356266,0.8724645970422429,inf,-1000000.0,orbit_fail_halo_down,8.0,inf,inf,inf,inf,0.0,0.0,0.0,incomplete_orbit_coverage,1.0,inf,inf,0.0,0.0,0.0,0.0,0.0,nonsingular_isothermal,1.0,0.01,2.0,0.3,1.0,0.0,severe_coverage_warn,0.0,multiple,multiple,1;2;3;4;5;6,shell_band coverage gap 0.108 exceeds 0.1 | Lfrac minimum coverage 0.681 is below 0.8 | Lfrac coverage gap 0.319 exceeds 0.1 | third_integral minimum coverage 0.793 is below 0.8 | third_integral coverage gap 0.207 exceeds 0.1 | 16 planned shell-band/Lfrac/third-integral cells have no successful orbit,0.9225225225225225,1.0,0.9225225225225225,0.8918918918918919,0.6814814814814815,0.7928571428571428,0.10810810810810811,0.31851851851851853,0.20714285714285718,16.0,0.0,3584.0,3885.0,0.0,not_computed,not_computed,0.0,0.0,0.0,0.0,0.0,0.0,0.0,,,,,,,,,
16.954673592203882,1334.235462262123,2190646.397356266,1.6,inf,-1000000.0,orbit_fail_ml_up,8.0,inf,inf,inf,inf,0.0,0.0,0.0,incomplete_orbit_coverage,1.0,inf,inf,0.0,0.0,0.0,0.0,0.0,nonsingular_isothermal,1.0,0.01,2.0,0.3,1.0,0.0,severe_coverage_warn,0.0,multiple,multiple,1;2;3;4;5,shell_band coverage gap 0.104 exceeds 0.1 | Lfrac minimum coverage 0.727 is below 0.8 | Lfrac coverage gap 0.273 exceeds 0.1 | third_integral coverage gap 0.186 exceeds 0.1 | 12 planned shell-band/Lfrac/third-integral cells have no successful orbit,0.9335907335907336,1.0,0.9335907335907336,0.8957528957528957,0.726984126984127,0.8142857142857143,0.10424710424710426,0.27301587301587305,0.18571428571428572,12.0,0.0,3627.0,3885.0,0.0,not_computed,not_computed,0.0,0.0,0.0,0.0,0.0,0.0,0.0,,,,,,,,,
16.954673592203882,1334.235462262123,2190646.397356266,0.43623229852112144,inf,-1000000.0,orbit_fail_ml_down,8.0,inf,inf,inf,inf,0.0,0.0,0.0,incomplete_orbit_coverage,1.0,inf,inf,0.0,0.0,0.0,0.0,0.0,nonsingular_isothermal,1.0,0.01,2.0,0.3,1.0,0.0,severe_coverage_warn,0.0,multiple,multiple,1;2;3;4;5;6,shell_band coverage gap 0.104 exceeds 0.1 | Lfrac minimum coverage 0.721 is below 0.8 | Lfrac coverage gap 0.279 exceeds 0.1 | third_integral coverage gap 0.19 exceeds 0.1 | 16 planned shell-band/Lfrac/third-integral cells have no successful orbit,0.932046332046332,1.0,0.932046332046332,0.8957528957528957,0.7206349206349206,0.8095238095238095,0.10424710424710426,0.27936507936507937,0.19047619047619047,16.0,0.0,3621.0,3885.0,0.0,not_computed,not_computed,0.0,0.0,0.0,0.0,0.0,0.0,0.0,,,,,,,,,
8.499776040292797,8922.215600128566,2069079.9262582238,1.5719586582122953,inf,-1000000.0,orbit_fail_full,9.0,inf,inf,inf,inf,0.0,0.0,0.0,incomplete_orbit_coverage,1.0,inf,inf,0.0,0.0,0.0,0.0,0.0,nonsingular_isothermal,1.0,0.01,2.0,0.3,1.0,0.0,severe_coverage_warn,0.0,multiple,multiple,1;2;3;4;5;6;7;8,Lfrac minimum coverage 0.599 is below 0.8 | Lfrac coverage gap 0.401 exceeds 0.1 | third_integral minimum coverage 0.75 is below 0.8 | third_integral coverage gap 0.25 exceeds 0.1 | 20 planned shell-band/Lfrac/third-integral cells have no successful orbit,0.9024453024453024,1.0,0.9024453024453024,0.88996138996139,0.5989417989417989,0.75,0.024799524799524852,0.4010582010582011,0.25,20.0,0.0,3506.0,3885.0,0.0,not_computed,not_computed,0.0,0.0,0.0,0.0,0.0,0.0,0.0,,,,,,,,,
8.499776040292797,8922.215600128566,0.0,1.5719586582122953,894.3109051574706,-894.3109051574706,pass_halo_only,9.0,894.3109051574706,0.10148860737581344,0.41093478848415244,0.5811495511251972,1.0,1.0,50.0,none,0.0,431.6144347722628,462.6964703852076,32.0,32.0,7770.0,18.442977678385205,0.11383571254061998,nonsingular_isothermal,1.0,0.01,2.0,0.3,1.0,0.0,strict_pass,1.0,none,none,,,1.0,1.0,1.0,1.0,1.0,1.0,0.0,0.0,0.0,0.0,0.0,3885.0,3885.0,1.0,inverse_phase_volume,geometric_mean,3885.0,3885.0,3885.0,0.0,420.0,0.0,0.0,1.4893246433198727e+30,5.553388264460579e+45,3728796330181880.0,7.492490300995576e-12,27937.970338275627,3.579358084685122e-05,133466972905.80724,3728796330181879.0,0.0
8.499776040292797,8922.215600128566,2500000.0,1.5719586582122953,inf,-1000000.0,orbit_fail_bh_up,9.0,inf,inf,inf,inf,0.0,0.0,0.0,incomplete_orbit_coverage,1.0,inf,inf,0.0,0.0,0.0,0.0,0.0,nonsingular_isothermal,1.0,0.01,2.0,0.3,1.0,0.0,severe_coverage_warn,0.0,multiple,multiple,1;2;3;4;5;6;7;8,Lfrac minimum coverage 0.595 is below 0.8 | Lfrac coverage gap 0.405 exceeds 0.1 | third_integral minimum coverage 0.75 is below 0.8 | third_integral coverage gap 0.25 exceeds 0.1 | 20 planned shell-band/Lfrac/third-integral cells have no successful orbit,0.9014157014157014,1.0,0.9014157014157014,0.8841698841698842,0.5947089947089947,0.75,0.032670032670032656,0.40529100529100526,0.25,20.0,0.0,3502.0,3885.0,0.0,not_computed,not_computed,0.0,0.0,0.0,0.0,0.0,0.0,0.0,,,,,,,,,
8.499776040292797,8922.215600128566,1034539.9631291119,1.5719586582122953,inf,-1000000.0,orbit_fail_bh_down,9.0,inf,inf,inf,inf,0.0,0.0,0.0,incomplete_orbit_coverage,1.0,inf,inf,0.0,0.0,0.0,0.0,0.0,nonsingular_isothermal,1.0,0.01,2.0,0.3,1.0,0.0,severe_coverage_warn,0.0,multiple,multiple,1;2;3;4;5;6;7;8,Lfrac minimum coverage 0.614 is below 0.8 | Lfrac coverage gap 0.386 exceeds 0.1 | third_integral minimum coverage 0.75 is below 0.8 | third_integral coverage gap 0.25 exceeds 0.1 | 20 planned shell-band/Lfrac/third-integral cells have no successful orbit,0.9060489060489061,1.0,0.9060489060489061,0.8861003861003861,0.6137566137566137,0.75,0.03697653697653702,0.3862433862433863,0.25,20.0,0.0,3520.0,3885.0,0.0,not_computed,not_computed,0.0,0.0,0.0,0.0,0.0,0.0,0.0,,,,,,,,,
16.999552080585595,8922.215600128566,2069079.9262582238,1.5719586582122953,inf,-1000000.0,orbit_fail_halo_up,9.0,inf,inf,inf,inf,0.0,0.0,0.0,incomplete_orbit_coverage,1.0,inf,inf,0.0,0.0,0.0,0.0,0.0,nonsingular_isothermal,1.0,0.01,2.0,0.3,1.0,0.0,severe_coverage_warn,0.0,multiple,multiple,1;2;3;4;5;6;7;8,Lfrac minimum coverage 0.633 is below 0.8 | Lfrac coverage gap 0.367 exceeds 0.1 | third_integral minimum coverage 0.75 is below 0.8 | third_integral coverage gap 0.25 exceeds 0.1 | 18 planned shell-band/Lfrac/third-integral cells have no successful orbit,0.9106821106821107,1.0,0.9106821106821107,0.88996138996139,0.6328042328042328,0.75,0.03727353727353733,0.3671957671957672,0.25,18.0,0.0,3538.0,3885.0,0.0,not_computed,not_computed,0.0,0.0,0.0,0.0,0.0,0.0,0.0,,,,,,,,,
4.249888020146399,8922.215600128566,2069079.9262582238,1.5719586582122953,inf,-1000000.0,orbit_fail_halo_down,9.0,inf,inf,inf,inf,0.0,0.0,0.0,incomplete_orbit_coverage,1.0,inf,inf,0.0,0.0,0.0,0.0,0.0,nonsingular_isothermal,1.0,0.01,2.0,0.3,1.0,0.0,severe_coverage_warn,0.0,multiple,multiple,1;2;3;4;5;6;7;8,Lfrac minimum coverage 0.569 is below 0.8 | Lfrac coverage gap 0.431 exceeds 0.1 | third_integral minimum coverage 0.757 is below 0.8 | third_integral coverage gap 0.243 exceeds 0.1 | 24 planned shell-band/Lfrac/third-integral cells have no successful orbit,0.8952380952380953,1.0,0.8952380952380953,0.8877338877338877,0.5693121693121693,0.7571428571428571,0.01455301455301461,0.4306878306878307,0.24285714285714288,24.0,0.0,3478.0,3885.0,0.0,not_computed,not_computed,0.0,0.0,0.0,0.0,0.0,0.0,0.0,,,,,,,,,
8.499776040292797,8922.215600128566,2069079.9262582238,1.6,inf,-1000000.0,orbit_fail_ml_up,9.0,inf,inf,inf,inf,0.0,0.0,0.0,incomplete_orbit_coverage,1.0,inf,inf,0.0,0.0,0.0,0.0,0.0,nonsingular_isothermal,1.0,0.01,2.0,0.3,1.0,0.0,severe_coverage_warn,0.0,multiple,multiple,1;2;3;4;5;6;7;8,Lfrac minimum coverage 0.602 is below 0.8 | Lfrac coverage gap 0.398 exceeds 0.1 | third_integral minimum coverage 0.75 is below 0.8 | third_integral coverage gap 0.25 exceeds 0.1 | 21 planned shell-band/Lfrac/third-integral cells have no successful orbit,0.9032175032175033,1.0,0.9032175032175033,0.88996138996139,0.6021164021164022,0.75,0.031036531036531034,0.39788359788359784,0.25,21.0,0.0,3509.0,3885.0,0.0,not_computed,not_computed,0.0,0.0,0.0,0.0,0.0,0.0,0.0,,,,,,,,,
8.499776040292797,8922.215600128566,2069079.9262582238,0.7859793291061477,inf,-1000000.0,orbit_fail_ml_down,9.0,inf,inf,inf,inf,0.0,0.0,0.0,incomplete_orbit_coverage,1.0,inf,inf,0.0,0.0,0.0,0.0,0.0,nonsingular_isothermal,1.0,0.01,2.0,0.3,1.0,0.0,severe_coverage_warn,0.0,multiple,multiple,1;2;3;4;5;6;7;8,Lfrac minimum coverage 0.604 is below 0.8 | Lfrac coverage gap 0.396 exceeds 0.1 | third_integral minimum coverage 0.75 is below 0.8 | third_integral coverage gap 0.25 exceeds 0.1 | 19 planned shell-band/Lfrac/third-integral cells have no successful orbit,0.9037323037323037,1.0,0.9037323037323037,0.888030888030888,0.6042328042328042,0.75,0.035046035046035096,0.39576719576719577,0.25,19.0,0.0,3511.0,3885.0,0.0,not_computed,not_computed,0.0,0.0,0.0,0.0,0.0,0.0,0.0,,,,,,,,,
26.01698915711377,1935.8630248225509,1136226.6828352225,1.3272558942610426,inf,-1000000.0,orbit_fail_full,10.0,inf,inf,inf,inf,0.0,0.0,0.0,incomplete_orbit_coverage,1.0,inf,inf,0.0,0.0,0.0,0.0,0.0,nonsingular_isothermal,1.0,0.01,2.0,0.3,1.0,0.0,severe_coverage_warn,0.0,multiple,multiple,1;2;3;4;5,Lfrac minimum coverage 0.764 is below 0.8 | Lfrac coverage gap 0.236 exceeds 0.1 | third_integral coverage gap 0.176 exceeds 0.1 | 9 planned shell-band/Lfrac/third-integral cells have no successful orbit,0.9425997425997426,1.0,0.9425997425997426,0.9073359073359073,0.764021164021164,0.8238095238095238,0.0926640926640927,0.23597883597883595,0.17619047619047623,9.0,0.0,3662.0,3885.0,0.0,not_computed,not_computed,0.0,0.0,0.0,0.0,0.0,0.0,0.0,,,,,,,,,
26.01698915711377,1935.8630248225509,0.0,1.3272558942610426,179.216593847162,-179.216593847162,pass_halo_only,10.0,179.216593847162,0.11762153929188912,0.21351351294120147,0.30195370575131614,1.0,1.0,36.0,none,0.0,76.28852786797533,102.92806597918668,32.0,32.0,407.0,20.29881334572064,0.08832003487782243,nonsingular_isothermal,1.0,0.01,2.0,0.3,1.0,0.0,strict_pass,1.0,none,none,,,1.0,1.0,1.0,1.0,1.0,1.0,0.0,0.0,0.0,0.0,0.0,3885.0,3885.0,1.0,inverse_phase_volume,geometric_mean,3885.0,3885.0,3885.0,0.0,420.0,0.0,0.0,3.2036845467168926e+34,5.857122863158882e+50,1.828245814389313e+16,1.4530023348385935e-09,26564454.36966582,3.764428909715942e-08,688230139.7754359,1.8282458143893296e+16,0.0
26.01698915711377,1935.8630248225509,2272453.365670445,1.3272558942610426,inf,-1000000.0,orbit_fail_bh_up,10.0,inf,inf,inf,inf,0.0,0.0,0.0,incomplete_orbit_coverage,1.0,inf,inf,0.0,0.0,0.0,0.0,0.0,nonsingular_isothermal,1.0,0.01,2.0,0.3,1.0,0.0,severe_coverage_warn,0.0,multiple,multiple,1;2;3;4;5;6,Lfrac minimum coverage 0.75 is below 0.8 | Lfrac coverage gap 0.25 exceeds 0.1 | third_integral coverage gap 0.188 exceeds 0.1 | 13 planned shell-band/Lfrac/third-integral cells have no successful orbit,0.9392535392535393,1.0,0.9392535392535393,0.9034749034749034,0.7502645502645503,0.8119047619047619,0.09652509652509655,0.2497354497354497,0.1880952380952381,13.0,0.0,3649.0,3885.0,0.0,not_computed,not_computed,0.0,0.0,0.0,0.0,0.0,0.0,0.0,,,,,,,,,
26.01698915711377,1935.8630248225509,568113.3414176112,1.3272558942610426,inf,-1000000.0,orbit_fail_bh_down,10.0,inf,inf,inf,inf,0.0,0.0,0.0,incomplete_orbit_coverage,1.0,inf,inf,0.0,0.0,0.0,0.0,0.0,nonsingular_isothermal,1.0,0.01,2.0,0.3,1.0,0.0,severe_coverage_warn,0.0,multiple,multiple,1;2;3;4;5,Lfrac minimum coverage 0.776 is below 0.8 | Lfrac coverage gap 0.224 exceeds 0.1 | third_integral coverage gap 0.171 exceeds 0.1 | 11 planned shell-band/Lfrac/third-integral cells have no successful orbit,0.9454311454311455,1.0,0.9454311454311455,0.9131274131274131,0.7756613756613756,0.8285714285714286,0.08687258687258692,0.2243386243386244,0.17142857142857137,11.0,0.0,3673.0,3885.0,0.0,not_computed,not_computed,0.0,0.0,0.0,0.0,0.0,0.0,0.0,,,,,,,,,
30.0,1935.8630248225509,1136226.6828352225,1.3272558942610426,inf,-1000000.0,orbit_fail_halo_up,10.0,inf,inf,inf,inf,0.0,0.0,0.0,incomplete_orbit_coverage,1.0,inf,inf,0.0,0.0,0.0,0.0,0.0,nonsingular_isothermal,1.0,0.01,2.0,0.3,1.0,0.0,severe_coverage_warn,0.0,multiple,multiple,1;2;3;4;5,Lfrac minimum coverage 0.769 is below 0.8 | Lfrac coverage gap 0.231 exceeds 0.1 | third_integral coverage gap 0.176 exceeds 0.1 | 10 planned shell-band/Lfrac/third-integral cells have no successful orbit,0.9438867438867439,1.0,0.9438867438867439,0.9131274131274131,0.7693121693121693,0.8238095238095238,0.08687258687258692,0.23068783068783072,0.17619047619047623,10.0,0.0,3667.0,3885.0,0.0,not_computed,not_computed,0.0,0.0,0.0,0.0,0.0,0.0,0.0,,,,,,,,,
13.008494578556885,1935.8630248225509,1136226.6828352225,1.3272558942610426,inf,-1000000.0,orbit_fail_halo_down,10.0,inf,inf,inf,inf,0.0,0.0,0.0,incomplete_orbit_coverage,1.0,inf,inf,0.0,0.0,0.0,0.0,0.0,nonsingular_isothermal,1.0,0.01,2.0,0.3,1.0,0.0,severe_coverage_warn,0.0,multiple,multiple,1;2;3;4;5;6,shell_band coverage gap 0.102 exceeds 0.1 | Lfrac minimum coverage 0.715 is below 0.8 | Lfrac coverage gap 0.285 exceeds 0.1 | third_integral coverage gap 0.195 exceeds 0.1 | 14 planned shell-band/Lfrac/third-integral cells have no successful orbit,0.9307593307593307,1.0,0.9307593307593307,0.8976833976833977,0.7153439153439154,0.8047619047619048,0.10231660231660233,0.2846560846560846,0.1952380952380952,14.0,0.0,3616.0,3885.0,0.0,not_computed,not_computed,0.0,0.0,0.0,0.0,0.0,0.0,0.0,,,,,,,,,
26.01698915711377,1935.8630248225509,1136226.6828352225,1.6,inf,-1000000.0,orbit_fail_ml_up,10.0,inf,inf,inf,inf,0.0,0.0,0.0,incomplete_orbit_coverage,1.0,inf,inf,0.0,0.0,0.0,0.0,0.0,nonsingular_isothermal,1.0,0.01,2.0,0.3,1.0,0.0,severe_coverage_warn,0.0,multiple,multiple,1;2;3;4;5,shell_band coverage gap 0.1 exceeds 0.1 | Lfrac minimum coverage 0.759 is below 0.8 | Lfrac coverage gap 0.241 exceeds 0.1 | third_integral coverage gap 0.181 exceeds 0.1 | 10 planned shell-band/Lfrac/third-integral cells have no successful orbit,0.9413127413127413,1.0,0.9413127413127413,0.8996138996138996,0.7587301587301587,0.819047619047619,0.10038610038610041,0.2412698412698413,0.18095238095238098,10.0,0.0,3657.0,3885.0,0.0,not_computed,not_computed,0.0,0.0,0.0,0.0,0.0,0.0,0.0,,,,,,,,,
26.01698915711377,1935.8630248225509,1136226.6828352225,0.6636279471305213,inf,-1000000.0,orbit_fail_ml_down,10.0,inf,inf,inf,inf,0.0,0.0,0.0,incomplete_orbit_coverage,1.0,inf,inf,0.0,0.0,0.0,0.0,0.0,nonsingular_isothermal,1.0,0.01,2.0,0.3,1.0,0.0,severe_coverage_warn,0.0,multiple,multiple,1;2;3;4;5,Lfrac minimum coverage 0.762 is below 0.8 | Lfrac coverage gap 0.238 exceeds 0.1 | third_integral coverage gap 0.179 exceeds 0.1 | 10 planned shell-band/Lfrac/third-integral cells have no successful orbit,0.9420849420849421,1.0,0.9420849420849421,0.9054054054054054,0.7619047619047619,0.8214285714285714,0.09459459459459463,0.23809523809523814,0.1785714285714286,10.0,0.0,3660.0,3885.0,0.0,not_computed,not_computed,0.0,0.0,0.0,0.0,0.0,0.0,0.0,,,,,,,,,
22.416942502108498,9199.677225105834,551174.8242757147,1.597134337142667,inf,-1000000.0,orbit_fail_full,11.0,inf,inf,inf,inf,0.0,0.0,0.0,incomplete_orbit_coverage,1.0,inf,inf,0.0,0.0,0.0,0.0,0.0,nonsingular_isothermal,1.0,0.01,2.0,0.3,1.0,0.0,severe_coverage_warn,0.0,multiple,multiple,1;2;3;4;5;6;7,Lfrac minimum coverage 0.71 is below 0.8 | Lfrac coverage gap 0.29 exceeds 0.1 | third_integral minimum coverage 0.779 is below 0.8 | third_integral coverage gap 0.221 exceeds 0.1 | 13 planned shell-band/Lfrac/third-integral cells have no successful orbit,0.9294723294723295,1.0,0.9294723294723295,0.9073359073359073,0.71005291005291,0.7785714285714286,0.09058509058509068,0.28994708994708995,0.22142857142857142,13.0,0.0,3611.0,3885.0,0.0,not_computed,not_computed,0.0,0.0,0.0,0.0,0.0,0.0,0.0,,,,,,,,,
22.416942502108498,9199.677225105834,0.0,1.597134337142667,888.3494213157958,-888.3494213157958,pass_halo_only,11.0,888.3494213157958,0.07192184925327183,0.20918035403647908,0.29582569366034106,1.0,1.0,24.0,none,0.0,432.79755466001205,455.5518666557835,32.0,32.0,84.0,20.855698220112508,0.0908125814248217,nonsingular_isothermal,1.0,0.01,2.0,0.3,1.0,0.0,strict_pass,1.0,none,none,,,1.0,1.0,1.0,1.0,1.0,1.0,0.0,0.0,0.0,0.0,0.0,3885.0,3885.0,1.0,inverse_phase_volume,geometric_mean,3885.0,3885.0,3885.0,0.0,420.0,0.0,0.0,1.293165058410541e+33,5.377550148424562e+47,415844065183313.3,1.6443853173419696e-09,683807.8750912381,1.4623990691341095e-06,608129973.8290219,415844065183313.7,0.0
22.416942502108498,9199.677225105834,1102349.6485514294,1.597134337142667,inf,-1000000.0,orbit_fail_bh_up,11.0,inf,inf,inf,inf,0.0,0.0,0.0,incomplete_orbit_coverage,1.0,inf,inf,0.0,0.0,0.0,0.0,0.0,nonsingular_isothermal,1.0,0.01,2.0,0.3,1.0,0.0,severe_coverage_warn,0.0,multiple,multiple,1;2;3;4;5;6;7,Lfrac minimum coverage 0.679 is below 0.8 | Lfrac coverage gap 0.321 exceeds 0.1 | third_integral minimum coverage 0.762 is below 0.8 | third_integral coverage gap 0.238 exceeds 0.1 | 16 planned shell-band/Lfrac/third-integral cells have no successful orbit,0.922007722007722,1.0,0.922007722007722,0.8976833976833977,0.6793650793650794,0.7619047619047619,0.07528957528957536,0.3206349206349206,0.23809523809523814,16.0,0.0,3582.0,3885.0,0.0,not_computed,not_computed,0.0,0.0,0.0,0.0,0.0,0.0,0.0,,,,,,,,,
22.416942502108498,9199.677225105834,275587.41213785735,1.597134337142667,inf,-1000000.0,orbit_fail_bh_down,11.0,inf,inf,inf,inf,0.0,0.0,0.0,incomplete_orbit_coverage,1.0,inf,inf,0.0,0.0,0.0,0.0,0.0,nonsingular_isothermal,1.0,0.01,2.0,0.3,1.0,0.0,severe_coverage_warn,0.0,multiple,multiple,1;2;3;4;5;6,Lfrac minimum coverage 0.73 is below 0.8 | Lfrac coverage gap 0.27 exceeds 0.1 | third_integral coverage gap 0.2 exceeds 0.1 | 13 planned shell-band/Lfrac/third-integral cells have no successful orbit,0.9343629343629344,1.0,0.9343629343629344,0.9073359073359073,0.7301587301587301,0.8,0.0926640926640927,0.2698412698412699,0.19999999999999996,13.0,0.0,3630.0,3885.0,0.0,not_computed,not_computed,0.0,0.0,0.0,0.0,0.0,0.0,0.0,,,,,,,,,
30.0,9199.677225105834,551174.8242757147,1.597134337142667,inf,-1000000.0,orbit_fail_halo_up,11.0,inf,inf,inf,inf,0.0,0.0,0.0,incomplete_orbit_coverage,1.0,inf,inf,0.0,0.0,0.0,0.0,0.0,nonsingular_isothermal,1.0,0.01,2.0,0.3,1.0,0.0,severe_coverage_warn,0.0,multiple,multiple,1;2;3;4;5;6,Lfrac minimum coverage 0.713 is below 0.8 | Lfrac coverage gap 0.287 exceeds 0.1 | third_integral minimum coverage 0.793 is below 0.8 | third_integral coverage gap 0.207 exceeds 0.1 | 14 planned shell-band/Lfrac/third-integral cells have no successful orbit,0.9302445302445302,1.0,0.9302445302445302,0.9064449064449065,0.7132275132275132,0.7928571428571428,0.0935550935550935,0.2867724867724868,0.20714285714285718,14.0,0.0,3614.0,3885.0,0.0,not_computed,not_computed,0.0,0.0,0.0,0.0,0.0,0.0,0.0,,,,,,,,,
11.208471251054249,9199.677225105834,551174.8242757147,1.597134337142667,inf,-1000000.0,orbit_fail_halo_down,11.0,inf,inf,inf,inf,0.0,0.0,0.0,incomplete_orbit_coverage,1.0,inf,inf,0.0,0.0,0.0,0.0,0.0,nonsingular_isothermal,1.0,0.01,2.0,0.3,1.0,0.0,severe_coverage_warn,0.0,multiple,multiple,1;2;3;4;5;6;7;8,Lfrac minimum coverage 0.655 is below 0.8 | Lfrac coverage gap 0.345 exceeds 0.1 | third_integral minimum coverage 0.75 is below 0.8 | third_integral coverage gap 0.25 exceeds 0.1 | 16 planned shell-band/Lfrac/third-integral cells have no successful orbit,0.916087516087516,1.0,0.916087516087516,0.8938223938223938,0.6550264550264551,0.75,0.0354915354915355,0.34497354497354493,0.25,16.0,0.0,3559.0,3885.0,0.0,not_computed,not_computed,0.0,0.0,0.0,0.0,0.0,0.0,0.0,,,,,,,,,
22.416942502108498,9199.677225105834,551174.8242757147,1.6,inf,-1000000.0,orbit_fail_ml_up,11.0,inf,inf,inf,inf,0.0,0.0,0.0,incomplete_orbit_coverage,1.0,inf,inf,0.0,0.0,0.0,0.0,0.0,nonsingular_isothermal,1.0,0.01,2.0,0.3,1.0,0.0,severe_coverage_warn,0.0,multiple,multiple,1;2;3;4;5;6;7,Lfrac minimum coverage 0.705 is below 0.8 | Lfrac coverage gap 0.295 exceeds 0.1 | third_integral minimum coverage 0.776 is below 0.8 | third_integral coverage gap 0.224 exceeds 0.1 | 15 planned shell-band/Lfrac/third-integral cells have no successful orbit,0.9281853281853282,1.0,0.9281853281853282,0.9015444015444015,0.7047619047619048,0.7761904761904762,0.0922185922185923,0.2952380952380952,0.2238095238095238,15.0,0.0,3606.0,3885.0,0.0,not_computed,not_computed,0.0,0.0,0.0,0.0,0.0,0.0,0.0,,,,,,,,,
22.416942502108498,9199.677225105834,551174.8242757147,0.7985671685713335,inf,-1000000.0,orbit_fail_ml_down,11.0,inf,inf,inf,inf,0.0,0.0,0.0,incomplete_orbit_coverage,1.0,inf,inf,0.0,0.0,0.0,0.0,0.0,nonsingular_isothermal,1.0,0.01,2.0,0.3,1.0,0.0,severe_coverage_warn,0.0,multiple,multiple,1;2;3;4;5;6;7,Lfrac minimum coverage 0.693 is below 0.8 | Lfrac coverage gap 0.307 exceeds 0.1 | third_integral minimum coverage 0.776 is below 0.8 | third_integral coverage gap 0.224 exceeds 0.1 | 17 planned shell-band/Lfrac/third-integral cells have no successful orbit,0.9253539253539254,1.0,0.9253539253539254,0.9015444015444015,0.6931216931216931,0.7761904761904762,0.09429759429759432,0.30687830687830686,0.2238095238095238,17.0,0.0,3595.0,3885.0,0.0,not_computed,not_computed,0.0,0.0,0.0,0.0,0.0,0.0,0.0,,,,,,,,,
18.08389560775142,356.14905504430664,1388802.6961610636,0.6474995306949056,inf,-1000000.0,orbit_fail_full,12.0,inf,inf,inf,inf,0.0,0.0,0.0,incomplete_orbit_coverage,1.0,inf,inf,0.0,0.0,0.0,0.0,0.0,nonsingular_isothermal,1.0,0.01,2.0,0.3,1.0,0.0,severe_coverage_warn,0.0,multiple,multiple,1;2;3;4,Lfrac coverage gap 0.179 exceeds 0.1 | third_integral coverage gap 0.138 exceeds 0.1 | 9 planned shell-band/Lfrac/third-integral cells have no successful orbit,0.9564993564993565,1.0,0.9564993564993565,0.9034749034749034,0.8211640211640212,0.861904761904762,0.09652509652509655,0.1788359788359788,0.13809523809523805,9.0,0.0,3716.0,3885.0,0.0,not_computed,not_computed,0.0,0.0,0.0,0.0,0.0,0.0,0.0,,,,,,,,,
18.08389560775142,356.14905504430664,0.0,0.6474995306949056,59.968643404344434,-59.968643404344434,pass_halo_only,12.0,59.968643404344434,0.22457869357842952,0.31585502290891926,0.44668645714145033,1.0,1.0,103.0,none,0.0,11.883168004244514,48.08547540009991,32.0,32.0,419.0,15.880195325894636,0.1800210925322076,nonsingular_isothermal,1.0,0.01,2.0,0.3,1.0,0.0,strict_pass,1.0,none,none,,,1.0,1.0,1.0,1.0,1.0,1.0,0.0,0.0,0.0,0.0,0.0,3885.0,3885.0,1.0,inverse_phase_volume,geometric_mean,3885.0,3885.0,3885.0,0.0,420.0,0.0,0.0,5.21998026721658e+32,1.3085820492654114e+52,2.5068716398868287e+19,6.062791092833644e-13,15198639.049183225,6.579536475364484e-08,1649405339369.2263,2.506871639886843e+19,0.0
18.08389560775142,356.14905504430664,2500000.0,0.6474995306949056,inf,-1000000.0,orbit_fail_bh_up,12.0,inf,inf,inf,inf,0.0,0.0,0.0,incomplete_orbit_coverage,1.0,inf,inf,0.0,0.0,0.0,0.0,0.0,nonsingular_isothermal,1.0,0.01,2.0,0.3,1.0,0.0,severe_coverage_warn,0.0,multiple,multiple,1;2;3;4,shell_band coverage gap 0.102 exceeds 0.1 | Lfrac minimum coverage 0.781 is below 0.8 | Lfrac coverage gap 0.219 exceeds 0.1 | third_integral coverage gap 0.152 exceeds 0.1 | 7 planned shell-band/Lfrac/third-integral cells have no successful orbit,0.9467181467181467,1.0,0.9467181467181467,0.8976833976833977,0.780952380952381,0.8476190476190476,0.10231660231660233,0.21904761904761905,0.1523809523809524,7.0,0.0,3678.0,3885.0,0.0,not_computed,not_computed,0.0,0.0,0.0,0.0,0.0,0.0,0.0,,,,,,,,,
18.08389560775142,356.14905504430664,694401.3480805318,0.6474995306949056,inf,-1000000.0,orbit_fail_bh_down,12.0,inf,inf,inf,inf,0.0,0.0,0.0,incomplete_orbit_coverage,1.0,inf,inf,0.0,0.0,0.0,0.0,0.0,nonsingular_isothermal,1.0,0.01,2.0,0.3,1.0,0.0,severe_coverage_warn,0.0,inner,multiple,1;2;3,Lfrac coverage gap 0.152 exceeds 0.1 | third_integral coverage gap 0.11 exceeds 0.1 | 6 planned shell-band/Lfrac/third-integral cells have no successful orbit,0.962934362934363,1.0,0.962934362934363,0.9015444015444015,0.8476190476190476,0.8904761904761904,0.09845559845559848,0.1523809523809524,0.10952380952380958,6.0,0.0,3741.0,3885.0,0.0,not_computed,not_computed,0.0,0.0,0.0,0.0,0.0,0.0,0.0,,,,,,,,,
30.0,356.14905504430664,1388802.6961610636,0.6474995306949056,inf,-1000000.0,orbit_fail_halo_up,12.0,inf,inf,inf,inf,0.0,0.0,0.0,incomplete_orbit_coverage,1.0,inf,inf,0.0,0.0,0.0,0.0,0.0,nonsingular_isothermal,1.0,0.01,2.0,0.3,1.0,0.0,severe_coverage_warn,0.0,inner,multiple,1;2;3,Lfrac coverage gap 0.139 exceeds 0.1 | third_integral coverage gap 0.105 exceeds 0.1 | 6 planned shell-band/Lfrac/third-integral cells have no successful orbit,0.9662805662805662,1.0,0.9662805662805662,0.9054054054054054,0.8613756613756614,0.8952380952380953,0.09459459459459463,0.13862433862433865,0.10476190476190472,6.0,0.0,3754.0,3885.0,0.0,not_computed,not_computed,0.0,0.0,0.0,0.0,0.0,0.0,0.0,,,,,,,,,
9.04194780387571,356.14905504430664,1388802.6961610636,0.6474995306949056,inf,-1000000.0,orbit_fail_halo_down,12.0,inf,inf,inf,inf,0.0,0.0,0.0,incomplete_orbit_coverage,1.0,inf,inf,0.0,0.0,0.0,0.0,0.0,nonsingular_isothermal,1.0,0.01,2.0,0.3,1.0,0.0,severe_coverage_warn,0.0,multiple,multiple,1;2;3;4;5,shell_band coverage gap 0.102 exceeds 0.1 | Lfrac minimum coverage 0.732 is below 0.8 | Lfrac coverage gap 0.268 exceeds 0.1 | third_integral coverage gap 0.169 exceeds 0.1 | 12 planned shell-band/Lfrac/third-integral cells have no successful orbit,0.9348777348777348,1.0,0.9348777348777348,0.8981288981288982,0.7322751322751323,0.830952380952381,0.10187110187110182,0.2677248677248677,0.169047619047619,12.0,0.0,3632.0,3885.0,0.0,not_computed,not_computed,0.0,0.0,0.0,0.0,0.0,0.0,0.0,,,,,,,,,
18.08389560775142,356.14905504430664,1388802.6961610636,1.2949990613898112,inf,-1000000.0,orbit_fail_ml_up,12.0,inf,inf,inf,inf,0.0,0.0,0.0,incomplete_orbit_coverage,1.0,inf,inf,0.0,0.0,0.0,0.0,0.0,nonsingular_isothermal,1.0,0.01,2.0,0.3,1.0,0.0,severe_coverage_warn,0.0,multiple,multiple,1;2;3;4,Lfrac coverage gap 0.183 exceeds 0.1 | third_integral coverage gap 0.133 exceeds 0.1 | 11 planned shell-band/Lfrac/third-integral cells have no successful orbit,0.9554697554697554,1.0,0.9554697554697554,0.9015444015444015,0.816931216931217,0.8666666666666667,0.09845559845559848,0.18306878306878305,0.1333333333333333,11.0,0.0,3712.0,3885.0,0.0,not_computed,not_computed,0.0,0.0,0.0,0.0,0.0,0.0,0.0,,,,,,,,,
18.08389560775142,356.14905504430664,1388802.6961610636,0.3237497653474528,inf,-1000000.0,orbit_fail_ml_down,12.0,inf,inf,inf,inf,0.0,0.0,0.0,incomplete_orbit_coverage,1.0,inf,inf,0.0,0.0,0.0,0.0,0.0,nonsingular_isothermal,1.0,0.01,2.0,0.3,1.0,0.0,severe_coverage_warn,0.0,multiple,multiple,1;2;3;4,Lfrac coverage gap 0.185 exceeds 0.1 | third_integral coverage gap 0.138 exceeds 0.1 | 8 planned shell-band/Lfrac/third-integral cells have no successful orbit,0.954954954954955,1.0,0.954954954954955,0.9022869022869023,0.8148148148148148,0.861904761904762,0.09771309771309766,0.18518518518518523,0.13809523809523805,8.0,0.0,3710.0,3885.0,0.0,not_computed,not_computed,0.0,0.0,0.0,0.0,0.0,0.0,0.0,,,,,,,,,
15.063138736021724,5331.684047757636,1656283.474479602,0.8415859545954465,inf,-1000000.0,orbit_fail_full,13.0,inf,inf,inf,inf,0.0,0.0,0.0,incomplete_orbit_coverage,1.0,inf,inf,0.0,0.0,0.0,0.0,0.0,nonsingular_isothermal,1.0,0.01,2.0,0.3,1.0,0.0,severe_coverage_warn,0.0,multiple,multiple,1;2;3;4;5;6;7,Lfrac minimum coverage 0.646 is below 0.8 | Lfrac coverage gap 0.354 exceeds 0.1 | third_integral minimum coverage 0.757 is below 0.8 | third_integral coverage gap 0.243 exceeds 0.1 | 16 planned shell-band/Lfrac/third-integral cells have no successful orbit,0.9137709137709138,1.0,0.9137709137709138,0.8938223938223938,0.6455026455026455,0.7571428571428571,0.0645975645975646,0.35449735449735453,0.24285714285714288,16.0,0.0,3550.0,3885.0,0.0,not_computed,not_computed,0.0,0.0,0.0,0.0,0.0,0.0,0.0,,,,,,,,,
15.063138736021724,5331.684047757636,0.0,0.8415859545954465,880.7550790339313,-880.7550790339313,pass_halo_only,13.0,880.7550790339313,0.03571983459062267,0.21305004729198992,0.30129826634450724,1.0,1.0,6.0,none,0.0,427.31938540628494,453.4356936276462,32.0,32.0,346.0,26.33396880932356,0.08843263832024095,nonsingular_isothermal,1.0,0.01,2.0,0.3,1.0,0.0,strict_pass,1.0,none,none,,,1.0,1.0,1.0,1.0,1.0,1.0,0.0,0.0,0.0,0.0,0.0,3885.0,3885.0,1.0,inverse_phase_volume,geometric_mean,3885.0,3885.0,3885.0,0.0,420.0,0.0,0.0,1.2227406931925381e+32,1.216761342711514e+48,9951098785586238.0,3.0689780372552053e-10,3053970.361952145,3.274426014274692e-07,3258413673.4141235,9951098785586348.0,0.0
15.063138736021724,5331.684047757636,2500000.0,0.8415859545954465,inf,-1000000.0,orbit_fail_bh_up,13.0,inf,inf,inf,inf,0.0,0.0,0.0,incomplete_orbit_coverage,1.0,inf,inf,0.0,0.0,0.0,0.0,0.0,nonsingular_isothermal,1.0,0.01,2.0,0.3,1.0,0.0,severe_coverage_warn,0.0,multiple,multiple,1;2;3;4;5;6;7;8,Lfrac minimum coverage 0.638 is below 0.8 | Lfrac coverage gap 0.362 exceeds 0.1 | third_integral minimum coverage 0.75 is below 0.8 | third_integral coverage gap 0.25 exceeds 0.1 | 19 planned shell-band/Lfrac/third-integral cells have no successful orbit,0.911969111969112,1.0,0.911969111969112,0.8957528957528957,0.638095238095238,0.75,0.03771903771903773,0.36190476190476195,0.25,19.0,0.0,3543.0,3885.0,0.0,not_computed,not_computed,0.0,0.0,0.0,0.0,0.0,0.0,0.0,,,,,,,,,
15.063138736021724,5331.684047757636,828141.737239801,0.8415859545954465,inf,-1000000.0,orbit_fail_bh_down,13.0,inf,inf,inf,inf,0.0,0.0,0.0,incomplete_orbit_coverage,1.0,inf,inf,0.0,0.0,0.0,0.0,0.0,nonsingular_isothermal,1.0,0.01,2.0,0.3,1.0,0.0,severe_coverage_warn,0.0,multiple,multiple,1;2;3;4;5;6;7,Lfrac minimum coverage 0.693 is below 0.8 | Lfrac coverage gap 0.307 exceeds 0.1 | third_integral minimum coverage 0.776 is below 0.8 | third_integral coverage gap 0.224 exceeds 0.1 | 15 planned shell-band/Lfrac/third-integral cells have no successful orbit,0.9253539253539254,1.0,0.9253539253539254,0.8957528957528957,0.6931216931216931,0.7761904761904762,0.09593109593109594,0.30687830687830686,0.2238095238095238,15.0,0.0,3595.0,3885.0,0.0,not_computed,not_computed,0.0,0.0,0.0,0.0,0.0,0.0,0.0,,,,,,,,,
30.0,5331.684047757636,1656283.474479602,0.8415859545954465,inf,-1000000.0,orbit_fail_halo_up,13.0,inf,inf,inf,inf,0.0,0.0,0.0,incomplete_orbit_coverage,1.0,inf,inf,0.0,0.0,0.0,0.0,0.0,nonsingular_isothermal,1.0,0.01,2.0,0.3,1.0,0.0,severe_coverage_warn,0.0,multiple,multiple,1;2;3;4;5;6,Lfrac minimum coverage 0.721 is below 0.8 | Lfrac coverage gap 0.279 exceeds 0.1 | third_integral minimum coverage 0.795 is below 0.8 | third_integral coverage gap 0.205 exceeds 0.1 | 12 planned shell-band/Lfrac/third-integral cells have no successful orbit,0.932046332046332,1.0,0.932046332046332,0.9034749034749034,0.7206349206349206,0.7952380952380952,0.09652509652509655,0.27936507936507937,0.2047619047619048,12.0,0.0,3621.0,3885.0,0.0,not_computed,not_computed,0.0,0.0,0.0,0.0,0.0,0.0,0.0,,,,,,,,,
7.531569368010862,5331.684047757636,1656283.474479602,0.8415859545954465,inf,-1000000.0,orbit_fail_halo_down,13.0,inf,inf,inf,inf,0.0,0.0,0.0,incomplete_orbit_coverage,1.0,inf,inf,0.0,0.0,0.0,0.0,0.0,nonsingular_isothermal,1.0,0.01,2.0,0.3,1.0,0.0,severe_coverage_warn,0.0,multiple,multiple,1;2;3;4;5;6;7;8,Lfrac minimum coverage 0.622 is below 0.8 | Lfrac coverage gap 0.378 exceeds 0.1 | third_integral minimum coverage 0.75 is below 0.8 | third_integral coverage gap 0.25 exceeds 0.1 | 19 planned shell-band/Lfrac/third-integral cells have no successful orbit,0.9081081081081082,1.0,0.9081081081081082,0.896049896049896,0.6222222222222222,0.75,0.029106029106029108,0.37777777777777777,0.25,19.0,0.0,3528.0,3885.0,0.0,not_computed,not_computed,0.0,0.0,0.0,0.0,0.0,0.0,0.0,,,,,,,,,
15.063138736021724,5331.684047757636,1656283.474479602,1.6,inf,-1000000.0,orbit_fail_ml_up,13.0,inf,inf,inf,inf,0.0,0.0,0.0,incomplete_orbit_coverage,1.0,inf,inf,0.0,0.0,0.0,0.0,0.0,nonsingular_isothermal,1.0,0.01,2.0,0.3,1.0,0.0,severe_coverage_warn,0.0,multiple,multiple,1;2;3;4;5;6;7,Lfrac minimum coverage 0.65 is below 0.8 | Lfrac coverage gap 0.35 exceeds 0.1 | third_integral minimum coverage 0.752 is below 0.8 | third_integral coverage gap 0.248 exceeds 0.1 | 16 planned shell-band/Lfrac/third-integral cells have no successful orbit,0.9148005148005148,1.0,0.9148005148005148,0.8938223938223938,0.6497354497354497,0.7523809523809524,0.06043956043956045,0.3502645502645503,0.24761904761904763,16.0,0.0,3554.0,3885.0,0.0,not_computed,not_computed,0.0,0.0,0.0,0.0,0.0,0.0,0.0,,,,,,,,,
15.063138736021724,5331.684047757636,1656283.474479602,0.42079297729772325,inf,-1000000.0,orbit_fail_ml_down,13.0,inf,inf,inf,inf,0.0,0.0,0.0,incomplete_orbit_coverage,1.0,inf,inf,0.0,0.0,0.0,0.0,0.0,nonsingular_isothermal,1.0,0.01,2.0,0.3,1.0,0.0,severe_coverage_warn,0.0,multiple,multiple,1;2;3;4;5;6;7,Lfrac minimum coverage 0.653 is below 0.8 | Lfrac coverage gap 0.347 exceeds 0.1 | third_integral minimum coverage 0.752 is below 0.8 | third_integral coverage gap 0.248 exceeds 0.1 | 16 planned shell-band/Lfrac/third-integral cells have no successful orbit,0.9155727155727156,1.0,0.9155727155727156,0.8957528957528957,0.6529100529100529,0.7523809523809524,0.06682506682506684,0.3470899470899471,0.24761904761904763,16.0,0.0,3557.0,3885.0,0.0,not_computed,not_computed,0.0,0.0,0.0,0.0,0.0,0.0,0.0,,,,,,,,,
3.2962914881505103,7299.646737516931,1960508.9197806825,0.39780559057855736,inf,-1000000.0,orbit_fail_full,14.0,inf,inf,inf,inf,0.0,0.0,0.0,incomplete_orbit_coverage,1.0,inf,inf,0.0,0.0,0.0,0.0,0.0,nonsingular_isothermal,1.0,0.01,2.0,0.3,1.0,0.0,severe_coverage_warn,0.0,multiple,multiple,1;2;3;4;5;6;7;8,Lfrac minimum coverage 0.574 is below 0.8 | Lfrac coverage gap 0.426 exceeds 0.1 | third_integral minimum coverage 0.757 is below 0.8 | third_integral coverage gap 0.243 exceeds 0.1 | 22 planned shell-band/Lfrac/third-integral cells have no successful orbit,0.8962676962676963,1.0,0.8962676962676963,0.8803088803088803,0.5735449735449736,0.7571428571428571,0.02613602613602617,0.4264550264550264,0.24285714285714288,22.0,0.0,3482.0,3885.0,0.0,not_computed,not_computed,0.0,0.0,0.0,0.0,0.0,0.0,0.0,,,,,,,,,
3.2962914881505103,7299.646737516931,0.0,0.39780559057855736,881.9508988880115,-881.9508988880115,pass_halo_only,14.0,881.9508988880115,0.01768748915071683,0.21080141903465374,0.2981182257662476,1.0,1.0,12.0,none,0.0,434.4629996407244,447.48789924728686,32.0,32.0,70.0,22.74343233845546,0.0872721847616907,nonsingular_isothermal,1.0,0.01,2.0,0.3,1.0,0.0,strict_pass,1.0,none,none,,,1.0,1.0,1.0,1.0,1.0,1.0,0.0,0.0,0.0,0.0,0.0,3885.0,3885.0,1.0,inverse_phase_volume,geometric_mean,3885.0,3885.0,3885.0,0.0,420.0,0.0,0.0,2.1345665801173393e+28,3.3269000394119974e+44,1.5585834006775812e+16,1.841961880606796e-12,28708.512117946128,3.4832874510932414e-05,542899400106.24475,1.558583400677581e+16,0.0
3.2962914881505103,7299.646737516931,2500000.0,0.39780559057855736,inf,-1000000.0,orbit_fail_bh_up,14.0,inf,inf,inf,inf,0.0,0.0,0.0,incomplete_orbit_coverage,1.0,inf,inf,0.0,0.0,0.0,0.0,0.0,nonsingular_isothermal,1.0,0.01,2.0,0.3,1.0,0.0,severe_coverage_warn,0.0,multiple,multiple,1;2;3;4;5;6;7;8,Lfrac minimum coverage 0.564 is below 0.8 | Lfrac coverage gap 0.436 exceeds 0.1 | third_integral minimum coverage 0.76 is below 0.8 | third_integral coverage gap 0.24 exceeds 0.1 | 23 planned shell-band/Lfrac/third-integral cells have no successful orbit,0.893951093951094,1.0,0.893951093951094,0.8783783783783784,0.564021164021164,0.7595238095238095,0.023908523908523938,0.435978835978836,0.2404761904761905,23.0,0.0,3473.0,3885.0,0.0,not_computed,not_computed,0.0,0.0,0.0,0.0,0.0,0.0,0.0,,,,,,,,,
3.2962914881505103,7299.646737516931,980254.4598903413,0.39780559057855736,inf,-1000000.0,orbit_fail_bh_down,14.0,inf,inf,inf,inf,0.0,0.0,0.0,incomplete_orbit_coverage,1.0,inf,inf,0.0,0.0,0.0,0.0,0.0,nonsingular_isothermal,1.0,0.01,2.0,0.3,1.0,0.0,severe_coverage_warn,0.0,multiple,multiple,1;2;3;4;5;6;7;8,Lfrac minimum coverage 0.575 is below 0.8 | Lfrac coverage gap 0.425 exceeds 0.1 | third_integral minimum coverage 0.75 is below 0.8 | third_integral coverage gap 0.25 exceeds 0.1 | 25 planned shell-band/Lfrac/third-integral cells have no successful orbit,0.8965250965250965,1.0,0.8965250965250965,0.8745173745173745,0.5746031746031746,0.75,0.03400653400653397,0.42539682539682544,0.25,25.0,0.0,3483.0,3885.0,0.0,not_computed,not_computed,0.0,0.0,0.0,0.0,0.0,0.0,0.0,,,,,,,,,
6.592582976301021,7299.646737516931,1960508.9197806825,0.39780559057855736,inf,-1000000.0,orbit_fail_halo_up,14.0,inf,inf,inf,inf,0.0,0.0,0.0,incomplete_orbit_coverage,1.0,inf,inf,0.0,0.0,0.0,0.0,0.0,nonsingular_isothermal,1.0,0.01,2.0,0.3,1.0,0.0,severe_coverage_warn,0.0,multiple,multiple,1;2;3;4;5;6;7;8,Lfrac minimum coverage 0.592 is below 0.8 | Lfrac coverage gap 0.408 exceeds 0.1 | third_integral minimum coverage 0.75 is below 0.8 | third_integral coverage gap 0.25 exceeds 0.1 | 20 planned shell-band/Lfrac/third-integral cells have no successful orbit,0.9006435006435006,1.0,0.9006435006435006,0.8841698841698842,0.5915343915343916,0.75,0.030591030591030632,0.4084656084656084,0.25,20.0,0.0,3499.0,3885.0,0.0,not_computed,not_computed,0.0,0.0,0.0,0.0,0.0,0.0,0.0,,,,,,,,,
1.6481457440752552,7299.646737516931,1960508.9197806825,0.39780559057855736,inf,-1000000.0,orbit_fail_halo_down,14.0,inf,inf,inf,inf,0.0,0.0,0.0,incomplete_orbit_coverage,1.0,inf,inf,0.0,0.0,0.0,0.0,0.0,nonsingular_isothermal,1.0,0.01,2.0,0.3,1.0,0.0,severe_coverage_warn,0.0,multiple,multiple,1;2;3;4;5;6;7;8,Lfrac minimum coverage 0.571 is below 0.8 | Lfrac coverage gap 0.429 exceeds 0.1 | third_integral minimum coverage 0.75 is below 0.8 | third_integral coverage gap 0.25 exceeds 0.1 | 25 planned shell-band/Lfrac/third-integral cells have no successful orbit,0.8957528957528957,1.0,0.8957528957528957,0.8856548856548857,0.5714285714285714,0.75,0.02494802494802495,0.4285714285714286,0.25,25.0,0.0,3480.0,3885.0,0.0,not_computed,not_computed,0.0,0.0,0.0,0.0,0.0,0.0,0.0,,,,,,,,,
3.2962914881505103,7299.646737516931,1960508.9197806825,0.7956111811571147,inf,-1000000.0,orbit_fail_ml_up,14.0,inf,inf,inf,inf,0.0,0.0,0.0,incomplete_orbit_coverage,1.0,inf,inf,0.0,0.0,0.0,0.0,0.0,nonsingular_isothermal,1.0,0.01,2.0,0.3,1.0,0.0,severe_coverage_warn,0.0,multiple,multiple,1;2;3;4;5;6;7;8,Lfrac minimum coverage 0.577 is below 0.8 | Lfrac coverage gap 0.423 exceeds 0.1 | third_integral minimum coverage 0.76 is below 0.8 | third_integral coverage gap 0.24 exceeds 0.1 | 22 planned shell-band/Lfrac/third-integral cells have no successful orbit,0.8970398970398971,1.0,0.8970398970398971,0.8764478764478765,0.5767195767195767,0.7595238095238095,0.032076032076032046,0.42328042328042326,0.2404761904761905,22.0,0.0,3485.0,3885.0,0.0,not_computed,not_computed,0.0,0.0,0.0,0.0,0.0,0.0,0.0,,,,,,,,,
3.2962914881505103,7299.646737516931,1960508.9197806825,0.2,inf,-1000000.0,orbit_fail_ml_down,14.0,inf,inf,inf,inf,0.0,0.0,0.0,incomplete_orbit_coverage,1.0,inf,inf,0.0,0.0,0.0,0.0,0.0,nonsingular_isothermal,1.0,0.01,2.0,0.3,1.0,0.0,severe_coverage_warn,0.0,multiple,multiple,1;2;3;4;5;6;7;8,Lfrac minimum coverage 0.579 is below 0.8 | Lfrac coverage gap 0.421 exceeds 0.1 | third_integral minimum coverage 0.76 is below 0.8 | third_integral coverage gap 0.24 exceeds 0.1 | 22 planned shell-band/Lfrac/third-integral cells have no successful orbit,0.8975546975546975,1.0,0.8975546975546975,0.8841698841698842,0.5788359788359788,0.7595238095238095,0.02435402435402434,0.4211640211640212,0.2404761904761905,22.0,0.0,3487.0,3885.0,0.0,not_computed,not_computed,0.0,0.0,0.0,0.0,0.0,0.0,0.0,,,,,,,,,
25.160608256904357,4027.8604782299026,1016059.1487285262,0.7189328356607889,inf,-1000000.0,orbit_fail_full,15.0,inf,inf,inf,inf,0.0,0.0,0.0,incomplete_orbit_coverage,1.0,inf,inf,0.0,0.0,0.0,0.0,0.0,nonsingular_isothermal,1.0,0.01,2.0,0.3,1.0,0.0,severe_coverage_warn,0.0,multiple,multiple,1;2;3;4;5;6,Lfrac minimum coverage 0.732 is below 0.8 | Lfrac coverage gap 0.268 exceeds 0.1 | third_integral coverage gap 0.198 exceeds 0.1 | 13 planned shell-band/Lfrac/third-integral cells have no successful orbit,0.9348777348777348,1.0,0.9348777348777348,0.9064449064449065,0.7322751322751323,0.8023809523809524,0.0935550935550935,0.2677248677248677,0.19761904761904758,13.0,0.0,3632.0,3885.0,0.0,not_computed,not_computed,0.0,0.0,0.0,0.0,0.0,0.0,0.0,,,,,,,,,
25.160608256904357,4027.8604782299026,0.0,0.7189328356607889,447.44352269520857,-447.44352269520857,pass_halo_only,15.0,447.44352269520857,0.24544567649365945,0.2133641815373733,0.3017425192547341,1.0,1.0,44.0,none,0.0,168.30420438007494,279.13931831513366,32.0,32.0,433.0,12.34172353633505,0.2244922120350663,nonsingular_isothermal,1.0,0.01,2.0,0.3,1.0,0.0,strict_pass,1.0,none,none,,,1.0,1.0,1.0,1.0,1.0,1.0,0.0,0.0,0.0,0.0,0.0,3885.0,3885.0,1.0,inverse_phase_volume,geometric_mean,3885.0,3885.0,3885.0,0.0,420.0,0.0,0.0,9.561744937631253e+32,2.8101259896715285e+49,2.9389259052623148e+16,6.994057298082277e-10,20555016.176223196,4.86499252263659e-08,1429785255.3684301,2.9389259052623496e+16,0.0
25.160608256904357,4027.8604782299026,2032118.2974570524,0.7189328356607889,inf,-1000000.0,orbit_fail_bh_up,15.0,inf,inf,inf,inf,0.0,0.0,0.0,incomplete_orbit_coverage,1.0,inf,inf,0.0,0.0,0.0,0.0,0.0,nonsingular_isothermal,1.0,0.01,2.0,0.3,1.0,0.0,severe_coverage_warn,0.0,multiple,multiple,1;2;3;4;5;6,shell_band coverage gap 0.1 exceeds 0.1 | Lfrac minimum coverage 0.712 is below 0.8 | Lfrac coverage gap 0.288 exceeds 0.1 | third_integral minimum coverage 0.793 is below 0.8 | third_integral coverage gap 0.207 exceeds 0.1 | 13 planned shell-band/Lfrac/third-integral cells have no successful orbit,0.92998712998713,1.0,0.92998712998713,0.8996138996138996,0.7121693121693121,0.7928571428571428,0.10038610038610041,0.2878306878306879,0.20714285714285718,13.0,0.0,3613.0,3885.0,0.0,not_computed,not_computed,0.0,0.0,0.0,0.0,0.0,0.0,0.0,,,,,,,,,
25.160608256904357,4027.8604782299026,508029.5743642631,0.7189328356607889,inf,-1000000.0,orbit_fail_bh_down,15.0,inf,inf,inf,inf,0.0,0.0,0.0,incomplete_orbit_coverage,1.0,inf,inf,0.0,0.0,0.0,0.0,0.0,nonsingular_isothermal,1.0,0.01,2.0,0.3,1.0,0.0,severe_coverage_warn,0.0,multiple,multiple,1;2;3;4;5;6,Lfrac minimum coverage 0.75 is below 0.8 | Lfrac coverage gap 0.25 exceeds 0.1 | third_integral coverage gap 0.188 exceeds 0.1 | 12 planned shell-band/Lfrac/third-integral cells have no successful orbit,0.9392535392535393,1.0,0.9392535392535393,0.9073359073359073,0.7502645502645503,0.8119047619047619,0.0926640926640927,0.2497354497354497,0.1880952380952381,12.0,0.0,3649.0,3885.0,0.0,not_computed,not_computed,0.0,0.0,0.0,0.0,0.0,0.0,0.0,,,,,,,,,
30.0,4027.8604782299026,1016059.1487285262,0.7189328356607889,inf,-1000000.0,orbit_fail_halo_up,15.0,inf,inf,inf,inf,0.0,0.0,0.0,incomplete_orbit_coverage,1.0,inf,inf,0.0,0.0,0.0,0.0,0.0,nonsingular_isothermal,1.0,0.01,2.0,0.3,1.0,0.0,severe_coverage_warn,0.0,multiple,multiple,1;2;3;4;5;6,Lfrac minimum coverage 0.745 is below 0.8 | Lfrac coverage gap 0.255 exceeds 0.1 | third_integral coverage gap 0.193 exceeds 0.1 | 12 planned shell-band/Lfrac/third-integral cells have no successful orbit,0.937966537966538,1.0,0.937966537966538,0.9092664092664092,0.744973544973545,0.8071428571428572,0.09073359073359077,0.25502645502645505,0.19285714285714284,12.0,0.0,3644.0,3885.0,0.0,not_computed,not_computed,0.0,0.0,0.0,0.0,0.0,0.0,0.0,,,,,,,,,
12.580304128452179,4027.8604782299026,1016059.1487285262,0.7189328356607889,inf,-1000000.0,orbit_fail_halo_down,15.0,inf,inf,inf,inf,0.0,0.0,0.0,incomplete_orbit_coverage,1.0,inf,inf,0.0,0.0,0.0,0.0,0.0,nonsingular_isothermal,1.0,0.01,2.0,0.3,1.0,0.0,severe_coverage_warn,0.0,multiple,multiple,1;2;3;4;5;6;7,Lfrac minimum coverage 0.684 is below 0.8 | Lfrac coverage gap 0.316 exceeds 0.1 | third_integral minimum coverage 0.776 is below 0.8 | third_integral coverage gap 0.224 exceeds 0.1 | 13 planned shell-band/Lfrac/third-integral cells have no successful orbit,0.923037323037323,1.0,0.923037323037323,0.9022869022869023,0.6835978835978836,0.7761904761904762,0.08939708939708935,0.31640211640211635,0.2238095238095238,13.0,0.0,3586.0,3885.0,0.0,not_computed,not_computed,0.0,0.0,0.0,0.0,0.0,0.0,0.0,,,,,,,,,
25.160608256904357,4027.8604782299026,1016059.1487285262,1.4378656713215778,inf,-1000000.0,orbit_fail_ml_up,15.0,inf,inf,inf,inf,0.0,0.0,0.0,incomplete_orbit_coverage,1.0,inf,inf,0.0,0.0,0.0,0.0,0.0,nonsingular_isothermal,1.0,0.01,2.0,0.3,1.0,0.0,severe_coverage_warn,0.0,multiple,multiple,1;2;3;4;5;6,Lfrac minimum coverage 0.731 is below 0.8 | Lfrac coverage gap 0.269 exceeds 0.1 | third_integral coverage gap 0.198 exceeds 0.1 | 16 planned shell-band/Lfrac/third-integral cells have no successful orbit,0.9346203346203347,1.0,0.9346203346203347,0.9092664092664092,0.7312169312169312,0.8023809523809524,0.09073359073359077,0.2687830687830688,0.19761904761904758,16.0,0.0,3631.0,3885.0,0.0,not_computed,not_computed,0.0,0.0,0.0,0.0,0.0,0.0,0.0,,,,,,,,,
25.160608256904357,4027.8604782299026,1016059.1487285262,0.35946641783039446,inf,-1000000.0,orbit_fail_ml_down,15.0,inf,inf,inf,inf,0.0,0.0,0.0,incomplete_orbit_coverage,1.0,inf,inf,0.0,0.0,0.0,0.0,0.0,nonsingular_isothermal,1.0,0.01,2.0,0.3,1.0,0.0,severe_coverage_warn,0.0,multiple,multiple,1;2;3;4;5;6,Lfrac minimum coverage 0.731 is below 0.8 | Lfrac coverage gap 0.269 exceeds 0.1 | third_integral coverage gap 0.193 exceeds 0.1 | 14 planned shell-band/Lfrac/third-integral cells have no successful orbit,0.9346203346203347,1.0,0.9346203346203347,0.9064449064449065,0.7312169312169312,0.8071428571428572,0.0935550935550935,0.2687830687830688,0.19285714285714284,14.0,0.0,3631.0,3885.0,0.0,not_computed,not_computed,0.0,0.0,0.0,0.0,0.0,0.0,0.0,,,,,,,,,
27.510468536347112,4907.302988063883,2414970.9240313005,0.29760935873708005,inf,-1000000.0,orbit_fail_full,16.0,inf,inf,inf,inf,0.0,0.0,0.0,incomplete_orbit_coverage,1.0,inf,inf,0.0,0.0,0.0,0.0,0.0,nonsingular_isothermal,1.0,0.01,2.0,0.3,1.0,0.0,severe_coverage_warn,0.0,multiple,multiple,1;2;3;4;5;6;7,shell_band coverage gap 0.102 exceeds 0.1 | Lfrac minimum coverage 0.708 is below 0.8 | Lfrac coverage gap 0.292 exceeds 0.1 | third_integral minimum coverage 0.783 is below 0.8 | third_integral coverage gap 0.217 exceeds 0.1 | 13 planned shell-band/Lfrac/third-integral cells have no successful orbit,0.9289575289575289,1.0,0.9289575289575289,0.8976833976833977,0.707936507936508,0.7833333333333333,0.10231660231660233,0.292063492063492,0.21666666666666667,13.0,0.0,3609.0,3885.0,0.0,not_computed,not_computed,0.0,0.0,0.0,0.0,0.0,0.0,0.0,,,,,,,,,
27.510468536347112,4907.302988063883,0.0,0.29760935873708005,587.1615785054823,-587.1615785054823,pass_halo_only,16.0,587.1615785054823,0.14683548704999794,0.21203077581709173,0.29985679880096644,1.0,1.0,269.0,none,0.0,251.18025055364419,335.98132795183807,32.0,32.0,185.0,14.151602138723959,0.20297883766476213,nonsingular_isothermal,1.0,0.01,2.0,0.3,1.0,0.0,strict_pass,1.0,none,none,,,1.0,1.0,1.0,1.0,1.0,1.0,0.0,0.0,0.0,0.0,0.0,3885.0,3885.0,1.0,inverse_phase_volume,geometric_mean,3885.0,3885.0,3885.0,0.0,420.0,0.0,0.0,1.990154395369607e+33,1.8890536605034236e+49,9491995520039000.0,4.8442120367357296e-09,45981238.950814076,2.1748000332694286e-08,206431921.72773874,9491995520038904.0,0.0
27.510468536347112,4907.302988063883,2500000.0,0.29760935873708005,inf,-1000000.0,orbit_fail_bh_up,16.0,inf,inf,inf,inf,0.0,0.0,0.0,incomplete_orbit_coverage,1.0,inf,inf,0.0,0.0,0.0,0.0,0.0,nonsingular_isothermal,1.0,0.01,2.0,0.3,1.0,0.0,severe_coverage_warn,0.0,multiple,multiple,1;2;3;4;5;6,shell_band coverage gap 0.1 exceeds 0.1 | Lfrac minimum coverage 0.692 is below 0.8 | Lfrac coverage gap 0.308 exceeds 0.1 | third_integral minimum coverage 0.783 is below 0.8 | third_integral coverage gap 0.217 exceeds 0.1 | 16 planned shell-band/Lfrac/third-integral cells have no successful orbit,0.9250965250965251,1.0,0.9250965250965251,0.8996138996138996,0.692063492063492,0.7833333333333333,0.10038610038610041,0.30793650793650795,0.21666666666666667,16.0,0.0,3594.0,3885.0,0.0,not_computed,not_computed,0.0,0.0,0.0,0.0,0.0,0.0,0.0,,,,,,,,,
27.510468536347112,4907.302988063883,1207485.4620156502,0.29760935873708005,inf,-1000000.0,orbit_fail_bh_down,16.0,inf,inf,inf,inf,0.0,0.0,0.0,incomplete_orbit_coverage,1.0,inf,inf,0.0,0.0,0.0,0.0,0.0,nonsingular_isothermal,1.0,0.01,2.0,0.3,1.0,0.0,severe_coverage_warn,0.0,multiple,multiple,1;2;3;4;5;6,Lfrac minimum coverage 0.737 is below 0.8 | Lfrac coverage gap 0.263 exceeds 0.1 | third_integral coverage gap 0.2 exceeds 0.1 | 12 planned shell-band/Lfrac/third-integral cells have no successful orbit,0.9359073359073359,1.0,0.9359073359073359,0.9111969111969112,0.7365079365079366,0.8,0.08880308880308885,0.26349206349206344,0.19999999999999996,12.0,0.0,3636.0,3885.0,0.0,not_computed,not_computed,0.0,0.0,0.0,0.0,0.0,0.0,0.0,,,,,,,,,
30.0,4907.302988063883,2414970.9240313005,0.29760935873708005,inf,-1000000.0,orbit_fail_halo_up,16.0,inf,inf,inf,inf,0.0,0.0,0.0,incomplete_orbit_coverage,1.0,inf,inf,0.0,0.0,0.0,0.0,0.0,nonsingular_isothermal,1.0,0.01,2.0,0.3,1.0,0.0,severe_coverage_warn,0.0,multiple,multiple,1;2;3;4;5;6,Lfrac minimum coverage 0.708 is below 0.8 | Lfrac coverage gap 0.292 exceeds 0.1 | third_integral minimum coverage 0.786 is below 0.8 | third_integral coverage gap 0.214 exceeds 0.1 | 13 planned shell-band/Lfrac/third-integral cells have no successful orbit,0.9289575289575289,1.0,0.9289575289575289,0.9015444015444015,0.707936507936508,0.7857142857142857,0.09845559845559848,0.292063492063492,0.2142857142857143,13.0,0.0,3609.0,3885.0,0.0,not_computed,not_computed,0.0,0.0,0.0,0.0,0.0,0.0,0.0,,,,,,,,,
13.755234268173556,4907.302988063883,2414970.9240313005,0.29760935873708005,inf,-1000000.0,orbit_fail_halo_down,16.0,inf,inf,inf,inf,0.0,0.0,0.0,incomplete_orbit_coverage,1.0,inf,inf,0.0,0.0,0.0,0.0,0.0,nonsingular_isothermal,1.0,0.01,2.0,0.3,1.0,0.0,severe_coverage_warn,0.0,multiple,multiple,1;2;3;4;5;6;7;8,Lfrac minimum coverage 0.629 is below 0.8 | Lfrac coverage gap 0.371 exceeds 0.1 | third_integral minimum coverage 0.75 is below 0.8 | third_integral coverage gap 0.25 exceeds 0.1 | 15 planned shell-band/Lfrac/third-integral cells have no successful orbit,0.9096525096525097,1.0,0.9096525096525097,0.893970893970894,0.6285714285714286,0.75,0.037422037422037424,0.37142857142857144,0.25,15.0,0.0,3534.0,3885.0,0.0,not_computed,not_computed,0.0,0.0,0.0,0.0,0.0,0.0,0.0,,,,,,,,,
27.510468536347112,4907.302988063883,2414970.9240313005,0.5952187174741601,inf,-1000000.0,orbit_fail_ml_up,16.0,inf,inf,inf,inf,0.0,0.0,0.0,incomplete_orbit_coverage,1.0,inf,inf,0.0,0.0,0.0,0.0,0.0,nonsingular_isothermal,1.0,0.01,2.0,0.3,1.0,0.0,severe_coverage_warn,0.0,multiple,multiple,1;2;3;4;5;6;7,shell_band coverage gap 0.104 exceeds 0.1 | Lfrac minimum coverage 0.696 is below 0.8 | Lfrac coverage gap 0.304 exceeds 0.1 | third_integral minimum coverage 0.781 is below 0.8 | third_integral coverage gap 0.219 exceeds 0.1 | 19 planned shell-band/Lfrac/third-integral cells have no successful orbit,0.9261261261261261,1.0,0.9261261261261261,0.8957528957528957,0.6962962962962963,0.780952380952381,0.10424710424710426,0.3037037037037037,0.21904761904761905,19.0,0.0,3598.0,3885.0,0.0,not_computed,not_computed,0.0,0.0,0.0,0.0,0.0,0.0,0.0,,,,,,,,,
27.510468536347112,4907.302988063883,2414970.9240313005,0.2,inf,-1000000.0,orbit_fail_ml_down,16.0,inf,inf,inf,inf,0.0,0.0,0.0,incomplete_orbit_coverage,1.0,inf,inf,0.0,0.0,0.0,0.0,0.0,nonsingular_isothermal,1.0,0.01,2.0,0.3,1.0,0.0,severe_coverage_warn,0.0,multiple,multiple,1;2;3;4;5;6;7,shell_band coverage gap 0.106 exceeds 0.1 | Lfrac minimum coverage 0.699 is below 0.8 | Lfrac coverage gap 0.301 exceeds 0.1 | third_integral minimum coverage 0.781 is below 0.8 | third_integral coverage gap 0.219 exceeds 0.1 | 15 planned shell-band/Lfrac/third-integral cells have no successful orbit,0.9268983268983269,1.0,0.9268983268983269,0.8938223938223938,0.6994708994708995,0.780952380952381,0.10617760617760619,0.30052910052910053,0.21904761904761905,15.0,0.0,3601.0,3885.0,0.0,not_computed,not_computed,0.0,0.0,0.0,0.0,0.0,0.0,0.0,,,,,,,,,
10.861459545146332,452.55447863088904,839343.7097862908,0.7700484328879404,inf,-1000000.0,orbit_fail_full,17.0,inf,inf,inf,inf,0.0,0.0,0.0,incomplete_orbit_coverage,1.0,inf,inf,0.0,0.0,0.0,0.0,0.0,nonsingular_isothermal,1.0,0.01,2.0,0.3,1.0,0.0,severe_coverage_warn,0.0,multiple,multiple,1;2;3;4;5,shell_band coverage gap 0.102 exceeds 0.1 | Lfrac minimum coverage 0.77 is below 0.8 | Lfrac coverage gap 0.23 exceeds 0.1 | third_integral coverage gap 0.162 exceeds 0.1 | 9 planned shell-band/Lfrac/third-integral cells have no successful orbit,0.9441441441441442,1.0,0.9441441441441442,0.8976833976833977,0.7703703703703704,0.8380952380952381,0.10231660231660233,0.22962962962962963,0.16190476190476188,9.0,0.0,3668.0,3885.0,0.0,not_computed,not_computed,0.0,0.0,0.0,0.0,0.0,0.0,0.0,,,,,,,,,
10.861459545146332,452.55447863088904,0.0,0.7700484328879404,156.33793812273728,-156.33793812273728,pass_halo_only,17.0,156.33793812273728,0.17507723908255457,0.24280465674265583,0.34337763857280174,1.0,1.0,28.0,none,0.0,46.2978634439065,110.04007467883082,32.0,32.0,48.0,10.278694194702224,0.18323481386018306,nonsingular_isothermal,1.0,0.01,2.0,0.3,1.0,0.0,strict_pass,1.0,none,none,,,1.0,1.0,1.0,1.0,1.0,1.0,0.0,0.0,0.0,0.0,0.0,3885.0,3885.0,1.0,inverse_phase_volume,geometric_mean,3885.0,3885.0,3885.0,0.0,420.0,0.0,0.0,1.39329176006251e+34,1.0128395937267395e+51,7.269400586143555e+16,8.021156096995904e-11,5830899.683305041,1.715001207897964e-07,12467030785.930243,7.269400586143485e+16,0.0
10.861459545146332,452.55447863088904,1678687.4195725815,0.7700484328879404,inf,-1000000.0,orbit_fail_bh_up,17.0,inf,inf,inf,inf,0.0,0.0,0.0,incomplete_orbit_coverage,1.0,inf,inf,0.0,0.0,0.0,0.0,0.0,nonsingular_isothermal,1.0,0.01,2.0,0.3,1.0,0.0,severe_coverage_warn,0.0,multiple,multiple,1;2;3;4;5,shell_band coverage gap 0.102 exceeds 0.1 | Lfrac minimum coverage 0.74 is below 0.8 | Lfrac coverage gap 0.26 exceeds 0.1 | third_integral coverage gap 0.171 exceeds 0.1 | 10 planned shell-band/Lfrac/third-integral cells have no successful orbit,0.9366795366795366,1.0,0.9366795366795366,0.8981288981288982,0.7396825396825397,0.8285714285714286,0.10187110187110182,0.2603174603174603,0.17142857142857137,10.0,0.0,3639.0,3885.0,0.0,not_computed,not_computed,0.0,0.0,0.0,0.0,0.0,0.0,0.0,,,,,,,,,
10.861459545146332,452.55447863088904,419671.8548931454,0.7700484328879404,inf,-1000000.0,orbit_fail_bh_down,17.0,inf,inf,inf,inf,0.0,0.0,0.0,incomplete_orbit_coverage,1.0,inf,inf,0.0,0.0,0.0,0.0,0.0,nonsingular_isothermal,1.0,0.01,2.0,0.3,1.0,0.0,severe_coverage_warn,0.0,multiple,multiple,1;2;3;4,Lfrac coverage gap 0.195 exceeds 0.1 | third_integral coverage gap 0.143 exceeds 0.1 | 7 planned shell-band/Lfrac/third-integral cells have no successful orbit,0.9526383526383526,1.0,0.9526383526383526,0.9085239085239085,0.8052910052910053,0.8571428571428571,0.09147609147609148,0.19470899470899472,0.1428571428571429,7.0,0.0,3701.0,3885.0,0.0,not_computed,not_computed,0.0,0.0,0.0,0.0,0.0,0.0,0.0,,,,,,,,,
21.722919090292663,452.55447863088904,839343.7097862908,0.7700484328879404,inf,-1000000.0,orbit_fail_halo_up,17.0,inf,inf,inf,inf,0.0,0.0,0.0,incomplete_orbit_coverage,1.0,inf,inf,0.0,0.0,0.0,0.0,0.0,nonsingular_isothermal,1.0,0.01,2.0,0.3,1.0,0.0,severe_coverage_warn,0.0,inner,multiple,1;2;3,Lfrac coverage gap 0.154 exceeds 0.1 | third_integral coverage gap 0.121 exceeds 0.1 | 5 planned shell-band/Lfrac/third-integral cells have no successful orbit,0.9624195624195624,1.0,0.9624195624195624,0.9111969111969112,0.8455026455026455,0.8785714285714286,0.08880308880308885,0.15449735449735447,0.12142857142857144,5.0,0.0,3739.0,3885.0,0.0,not_computed,not_computed,0.0,0.0,0.0,0.0,0.0,0.0,0.0,,,,,,,,,
5.430729772573166,452.55447863088904,839343.7097862908,0.7700484328879404,inf,-1000000.0,orbit_fail_halo_down,17.0,inf,inf,inf,inf,0.0,0.0,0.0,incomplete_orbit_coverage,1.0,inf,inf,0.0,0.0,0.0,0.0,0.0,nonsingular_isothermal,1.0,0.01,2.0,0.3,1.0,0.0,severe_coverage_warn,0.0,multiple,multiple,1;2;3;4;5,shell_band coverage gap 0.102 exceeds 0.1 | Lfrac minimum coverage 0.724 is below 0.8 | Lfrac coverage gap 0.276 exceeds 0.1 | third_integral coverage gap 0.176 exceeds 0.1 | 12 planned shell-band/Lfrac/third-integral cells have no successful orbit,0.9328185328185328,1.0,0.9328185328185328,0.8981288981288982,0.7238095238095238,0.8238095238095238,0.10187110187110182,0.2761904761904762,0.17619047619047623,12.0,0.0,3624.0,3885.0,0.0,not_computed,not_computed,0.0,0.0,0.0,0.0,0.0,0.0,0.0,,,,,,,,,
10.861459545146332,452.55447863088904,839343.7097862908,1.540096865775881,inf,-1000000.0,orbit_fail_ml_up,17.0,inf,inf,inf,inf,0.0,0.0,0.0,incomplete_orbit_coverage,1.0,inf,inf,0.0,0.0,0.0,0.0,0.0,nonsingular_isothermal,1.0,0.01,2.0,0.3,1.0,0.0,severe_coverage_warn,0.0,multiple,multiple,1;2;3;4;5,shell_band coverage gap 0.102 exceeds 0.1 | Lfrac minimum coverage 0.772 is below 0.8 | Lfrac coverage gap 0.228 exceeds 0.1 | third_integral coverage gap 0.164 exceeds 0.1 | 9 planned shell-band/Lfrac/third-integral cells have no successful orbit,0.9446589446589446,1.0,0.9446589446589446,0.8976833976833977,0.7724867724867724,0.8357142857142857,0.10231660231660233,0.22751322751322756,0.16428571428571426,9.0,0.0,3670.0,3885.0,0.0,not_computed,not_computed,0.0,0.0,0.0,0.0,0.0,0.0,0.0,,,,,,,,,
10.861459545146332,452.55447863088904,839343.7097862908,0.3850242164439702,inf,-1000000.0,orbit_fail_ml_down,17.0,inf,inf,inf,inf,0.0,0.0,0.0,incomplete_orbit_coverage,1.0,inf,inf,0.0,0.0,0.0,0.0,0.0,nonsingular_isothermal,1.0,0.01,2.0,0.3,1.0,0.0,severe_coverage_warn,0.0,multiple,multiple,1;2;3;4,shell_band coverage gap 0.1 exceeds 0.1 | Lfrac minimum coverage 0.767 is below 0.8 | Lfrac coverage gap 0.233 exceeds 0.1 | third_integral coverage gap 0.162 exceeds 0.1 | 9 planned shell-band/Lfrac/third-integral cells have no successful orbit,0.9433719433719434,1.0,0.9433719433719434,0.8996138996138996,0.7671957671957672,0.8380952380952381,0.10038610038610041,0.2328042328042328,0.16190476190476188,9.0,0.0,3665.0,3885.0,0.0,not_computed,not_computed,0.0,0.0,0.0,0.0,0.0,0.0,0.0,,,,,,,,,
6.993213758339705,2038.225482552937,2337005.500280442,1.0078655574650826,inf,-1000000.0,orbit_fail_full,18.0,inf,inf,inf,inf,0.0,0.0,0.0,incomplete_orbit_coverage,1.0,inf,inf,0.0,0.0,0.0,0.0,0.0,nonsingular_isothermal,1.0,0.01,2.0,0.3,1.0,0.0,severe_coverage_warn,0.0,multiple,multiple,1;2;3;4;5;6;7,Lfrac minimum coverage 0.616 is below 0.8 | Lfrac coverage gap 0.384 exceeds 0.1 | third_integral minimum coverage 0.76 is below 0.8 | third_integral coverage gap 0.24 exceeds 0.1 | 18 planned shell-band/Lfrac/third-integral cells have no successful orbit,0.9065637065637066,1.0,0.9065637065637066,0.8938223938223938,0.6158730158730159,0.7595238095238095,0.06251856251856258,0.3841269841269841,0.2404761904761905,18.0,0.0,3522.0,3885.0,0.0,not_computed,not_computed,0.0,0.0,0.0,0.0,0.0,0.0,0.0,,,,,,,,,
6.993213758339705,2038.225482552937,0.0,1.0078655574650826,903.3097538180335,-903.3097538180335,pass_halo_only,18.0,903.3097538180335,0.26015948142094203,0.20223869046475842,0.2860086988917842,1.0,1.0,27.0,none,0.0,458.9593894020158,444.35036441601756,32.0,32.0,786.0,21.471353907091263,0.08995798560314429,nonsingular_isothermal,1.0,0.01,2.0,0.3,1.0,0.0,strict_pass,1.0,none,none,,,1.0,1.0,1.0,1.0,1.0,1.0,0.0,0.0,0.0,0.0,0.0,3885.0,3885.0,1.0,inverse_phase_volume,geometric_mean,3885.0,3885.0,3885.0,0.0,420.0,0.0,0.0,7.465842859151897e+32,2.412440447206383e+48,3231303541634455.0,8.55837721930842e-10,2765471.4619395165,3.616019958125574e-07,1168445809.7312138,3231303541634482.0,0.0
6.993213758339705,2038.225482552937,2500000.0,1.0078655574650826,inf,-1000000.0,orbit_fail_bh_up,18.0,inf,inf,inf,inf,0.0,0.0,0.0,incomplete_orbit_coverage,1.0,inf,inf,0.0,0.0,0.0,0.0,0.0,nonsingular_isothermal,1.0,0.01,2.0,0.3,1.0,0.0,severe_coverage_warn,0.0,multiple,multiple,1;2;3;4;5;6;7,Lfrac minimum coverage 0.613 is below 0.8 | Lfrac coverage gap 0.387 exceeds 0.1 | third_integral minimum coverage 0.757 is below 0.8 | third_integral coverage gap 0.243 exceeds 0.1 | 22 planned shell-band/Lfrac/third-integral cells have no successful orbit,0.9057915057915058,1.0,0.9057915057915058,0.8918918918918919,0.6126984126984127,0.7571428571428571,0.05405405405405406,0.38730158730158726,0.24285714285714288,22.0,0.0,3519.0,3885.0,0.0,not_computed,not_computed,0.0,0.0,0.0,0.0,0.0,0.0,0.0,,,,,,,,,
6.993213758339705,2038.225482552937,1168502.750140221,1.0078655574650826,inf,-1000000.0,orbit_fail_bh_down,18.0,inf,inf,inf,inf,0.0,0.0,0.0,incomplete_orbit_coverage,1.0,inf,inf,0.0,0.0,0.0,0.0,0.0,nonsingular_isothermal,1.0,0.01,2.0,0.3,1.0,0.0,severe_coverage_warn,0.0,multiple,multiple,1;2;3;4;5;6,Lfrac minimum coverage 0.666 is below 0.8 | Lfrac coverage gap 0.334 exceeds 0.1 | third_integral minimum coverage 0.779 is below 0.8 | third_integral coverage gap 0.221 exceeds 0.1 | 16 planned shell-band/Lfrac/third-integral cells have no successful orbit,0.9186615186615187,1.0,0.9186615186615187,0.896049896049896,0.6656084656084656,0.7785714285714286,0.0997920997920998,0.33439153439153435,0.22142857142857142,16.0,0.0,3569.0,3885.0,0.0,not_computed,not_computed,0.0,0.0,0.0,0.0,0.0,0.0,0.0,,,,,,,,,
13.98642751667941,2038.225482552937,2337005.500280442,1.0078655574650826,inf,-1000000.0,orbit_fail_halo_up,18.0,inf,inf,inf,inf,0.0,0.0,0.0,incomplete_orbit_coverage,1.0,inf,inf,0.0,0.0,0.0,0.0,0.0,nonsingular_isothermal,1.0,0.01,2.0,0.3,1.0,0.0,severe_coverage_warn,0.0,multiple,multiple,1;2;3;4;5;6,shell_band coverage gap 0.106 exceeds 0.1 | Lfrac minimum coverage 0.695 is below 0.8 | Lfrac coverage gap 0.305 exceeds 0.1 | third_integral minimum coverage 0.798 is below 0.8 | third_integral coverage gap 0.202 exceeds 0.1 | 12 planned shell-band/Lfrac/third-integral cells have no successful orbit,0.9258687258687258,1.0,0.9258687258687258,0.893970893970894,0.6952380952380952,0.7976190476190477,0.10602910602910598,0.3047619047619048,0.20238095238095233,12.0,0.0,3597.0,3885.0,0.0,not_computed,not_computed,0.0,0.0,0.0,0.0,0.0,0.0,0.0,,,,,,,,,
3.4966068791698524,2038.225482552937,2337005.500280442,1.0078655574650826,inf,-1000000.0,orbit_fail_halo_down,18.0,inf,inf,inf,inf,0.0,0.0,0.0,incomplete_orbit_coverage,1.0,inf,inf,0.0,0.0,0.0,0.0,0.0,nonsingular_isothermal,1.0,0.01,2.0,0.3,1.0,0.0,severe_coverage_warn,0.0,multiple,multiple,1;2;3;4;5;6;7;8,Lfrac minimum coverage 0.566 is below 0.8 | Lfrac coverage gap 0.434 exceeds 0.1 | third_integral minimum coverage 0.75 is below 0.8 | third_integral coverage gap 0.25 exceeds 0.1 | 26 planned shell-band/Lfrac/third-integral cells have no successful orbit,0.8944658944658944,1.0,0.8944658944658944,0.8877338877338877,0.5661375661375662,0.75,0.01455301455301461,0.43386243386243384,0.25,26.0,0.0,3475.0,3885.0,0.0,not_computed,not_computed,0.0,0.0,0.0,0.0,0.0,0.0,0.0,,,,,,,,,
6.993213758339705,2038.225482552937,2337005.500280442,1.6,inf,-1000000.0,orbit_fail_ml_up,18.0,inf,inf,inf,inf,0.0,0.0,0.0,incomplete_orbit_coverage,1.0,inf,inf,0.0,0.0,0.0,0.0,0.0,nonsingular_isothermal,1.0,0.01,2.0,0.3,1.0,0.0,severe_coverage_warn,0.0,multiple,multiple,1;2;3;4;5;6;7,Lfrac minimum coverage 0.62 is below 0.8 | Lfrac coverage gap 0.38 exceeds 0.1 | third_integral minimum coverage 0.757 is below 0.8 | third_integral coverage gap 0.243 exceeds 0.1 | 18 planned shell-band/Lfrac/third-integral cells have no successful orbit,0.9075933075933076,1.0,0.9075933075933076,0.8938223938223938,0.6201058201058202,0.7571428571428571,0.06043956043956045,0.37989417989417984,0.24285714285714288,18.0,0.0,3526.0,3885.0,0.0,not_computed,not_computed,0.0,0.0,0.0,0.0,0.0,0.0,0.0,,,,,,,,,
6.993213758339705,2038.225482552937,2337005.500280442,0.5039327787325413,inf,-1000000.0,orbit_fail_ml_down,18.0,inf,inf,inf,inf,0.0,0.0,0.0,incomplete_orbit_coverage,1.0,inf,inf,0.0,0.0,0.0,0.0,0.0,nonsingular_isothermal,1.0,0.01,2.0,0.3,1.0,0.0,severe_coverage_warn,0.0,multiple,multiple,1;2;3;4;5;6;7,Lfrac minimum coverage 0.616 is below 0.8 | Lfrac coverage gap 0.384 exceeds 0.1 | third_integral minimum coverage 0.757 is below 0.8 | third_integral coverage gap 0.243 exceeds 0.1 | 21 planned shell-band/Lfrac/third-integral cells have no successful orbit,0.9065637065637066,1.0,0.9065637065637066,0.8918918918918919,0.6158730158730159,0.7571428571428571,0.058212058212058215,0.3841269841269841,0.24285714285714288,21.0,0.0,3522.0,3885.0,0.0,not_computed,not_computed,0.0,0.0,0.0,0.0,0.0,0.0,0.0,,,,,,,,,
18.72665145472716,8429.863766273142,441210.5715731507,1.3910847205242314,inf,-1000000.0,orbit_fail_full,19.0,inf,inf,inf,inf,0.0,0.0,0.0,incomplete_orbit_coverage,1.0,inf,inf,0.0,0.0,0.0,0.0,0.0,nonsingular_isothermal,1.0,0.01,2.0,0.3,1.0,0.0,severe_coverage_warn,0.0,multiple,multiple,1;2;3;4;5;6,Lfrac minimum coverage 0.705 is below 0.8 | Lfrac coverage gap 0.295 exceeds 0.1 | third_integral minimum coverage 0.779 is below 0.8 | third_integral coverage gap 0.221 exceeds 0.1 | 14 planned shell-band/Lfrac/third-integral cells have no successful orbit,0.9281853281853282,1.0,0.9281853281853282,0.8976833976833977,0.7047619047619048,0.7785714285714286,0.09815859815859818,0.2952380952380952,0.22142857142857142,14.0,0.0,3606.0,3885.0,0.0,not_computed,not_computed,0.0,0.0,0.0,0.0,0.0,0.0,0.0,,,,,,,,,
18.72665145472716,8429.863766273142,0.0,1.3910847205242314,890.3685921391573,-890.3685921391573,pass_halo_only,19.0,890.3685921391573,0.011373172332355352,0.20948392828625634,0.2962550124815632,1.0,1.0,26.0,none,0.0,431.53924950603476,458.8293426331222,32.0,32.0,88.0,28.63587134836605,0.09312803811228676,nonsingular_isothermal,1.0,0.01,2.0,0.3,1.0,0.0,strict_pass,1.0,none,none,,,1.0,1.0,1.0,1.0,1.0,1.0,0.0,0.0,0.0,0.0,0.0,3885.0,3885.0,1.0,inverse_phase_volume,geometric_mean,3885.0,3885.0,3885.0,0.0,420.0,0.0,0.0,1.2217906016229882e+32,3.738950050061027e+47,3060221649351634.5,2.080768335729714e-10,636761.2308285467,1.5704473695718112e-06,4805917039.531003,3060221649351646.5,0.0
18.72665145472716,8429.863766273142,882421.1431463014,1.3910847205242314,inf,-1000000.0,orbit_fail_bh_up,19.0,inf,inf,inf,inf,0.0,0.0,0.0,incomplete_orbit_coverage,1.0,inf,inf,0.0,0.0,0.0,0.0,0.0,nonsingular_isothermal,1.0,0.01,2.0,0.3,1.0,0.0,severe_coverage_warn,0.0,multiple,multiple,1;2;3;4;5;6;7,Lfrac minimum coverage 0.671 is below 0.8 | Lfrac coverage gap 0.329 exceeds 0.1 | third_integral minimum coverage 0.764 is below 0.8 | third_integral coverage gap 0.236 exceeds 0.1 | 13 planned shell-band/Lfrac/third-integral cells have no successful orbit,0.9199485199485199,1.0,0.9199485199485199,0.8938223938223938,0.6708994708994709,0.7642857142857142,0.07291357291357292,0.3291005291005291,0.23571428571428577,13.0,0.0,3574.0,3885.0,0.0,not_computed,not_computed,0.0,0.0,0.0,0.0,0.0,0.0,0.0,,,,,,,,,
18.72665145472716,8429.863766273142,220605.28578657535,1.3910847205242314,inf,-1000000.0,orbit_fail_bh_down,19.0,inf,inf,inf,inf,0.0,0.0,0.0,incomplete_orbit_coverage,1.0,inf,inf,0.0,0.0,0.0,0.0,0.0,nonsingular_isothermal,1.0,0.01,2.0,0.3,1.0,0.0,severe_coverage_warn,0.0,multiple,multiple,1;2;3;4;5;6,Lfrac minimum coverage 0.732 is below 0.8 | Lfrac coverage gap 0.268 exceeds 0.1 | third_integral minimum coverage 0.795 is below 0.8 | third_integral coverage gap 0.205 exceeds 0.1 | 12 planned shell-band/Lfrac/third-integral cells have no successful orbit,0.9348777348777348,1.0,0.9348777348777348,0.9111969111969112,0.7322751322751323,0.7952380952380952,0.08880308880308885,0.2677248677248677,0.2047619047619048,12.0,0.0,3632.0,3885.0,0.0,not_computed,not_computed,0.0,0.0,0.0,0.0,0.0,0.0,0.0,,,,,,,,,
30.0,8429.863766273142,441210.5715731507,1.3910847205242314,inf,-1000000.0,orbit_fail_halo_up,19.0,inf,inf,inf,inf,0.0,0.0,0.0,incomplete_orbit_coverage,1.0,inf,inf,0.0,0.0,0.0,0.0,0.0,nonsingular_isothermal,1.0,0.01,2.0,0.3,1.0,0.0,severe_coverage_warn,0.0,multiple,multiple,1;2;3;4;5;6,Lfrac minimum coverage 0.74 is below 0.8 | Lfrac coverage gap 0.26 exceeds 0.1 | third_integral coverage gap 0.2 exceeds 0.1 | 11 planned shell-band/Lfrac/third-integral cells have no successful orbit,0.9366795366795366,1.0,0.9366795366795366,0.9073359073359073,0.7396825396825397,0.8,0.0926640926640927,0.2603174603174603,0.19999999999999996,11.0,0.0,3639.0,3885.0,0.0,not_computed,not_computed,0.0,0.0,0.0,0.0,0.0,0.0,0.0,,,,,,,,,
9.36332572736358,8429.863766273142,441210.5715731507,1.3910847205242314,inf,-1000000.0,orbit_fail_halo_down,19.0,inf,inf,inf,inf,0.0,0.0,0.0,incomplete_orbit_coverage,1.0,inf,inf,0.0,0.0,0.0,0.0,0.0,nonsingular_isothermal,1.0,0.01,2.0,0.3,1.0,0.0,severe_coverage_warn,0.0,multiple,multiple,1;2;3;4;5;7;8,Lfrac minimum coverage 0.661 is below 0.8 | Lfrac coverage gap 0.339 exceeds 0.1 | third_integral minimum coverage 0.752 is below 0.8 | third_integral coverage gap 0.248 exceeds 0.1 | 15 planned shell-band/Lfrac/third-integral cells have no successful orbit,0.9176319176319176,1.0,0.9176319176319176,0.8976833976833977,0.6613756613756614,0.7523809523809524,0.0357885357885358,0.3386243386243386,0.24761904761904763,15.0,0.0,3565.0,3885.0,0.0,not_computed,not_computed,0.0,0.0,0.0,0.0,0.0,0.0,0.0,,,,,,,,,
18.72665145472716,8429.863766273142,441210.5715731507,1.6,inf,-1000000.0,orbit_fail_ml_up,19.0,inf,inf,inf,inf,0.0,0.0,0.0,incomplete_orbit_coverage,1.0,inf,inf,0.0,0.0,0.0,0.0,0.0,nonsingular_isothermal,1.0,0.01,2.0,0.3,1.0,0.0,severe_coverage_warn,0.0,multiple,multiple,1;2;3;4;5;6,Lfrac minimum coverage 0.716 is below 0.8 | Lfrac coverage gap 0.284 exceeds 0.1 | third_integral minimum coverage 0.788 is below 0.8 | third_integral coverage gap 0.212 exceeds 0.1 | 10 planned shell-band/Lfrac/third-integral cells have no successful orbit,0.931016731016731,1.0,0.931016731016731,0.9034749034749034,0.7164021164021164,0.7880952380952381,0.09652509652509655,0.2835978835978836,0.21190476190476193,10.0,0.0,3617.0,3885.0,0.0,not_computed,not_computed,0.0,0.0,0.0,0.0,0.0,0.0,0.0,,,,,,,,,
18.72665145472716,8429.863766273142,441210.5715731507,0.6955423602621157,inf,-1000000.0,orbit_fail_ml_down,19.0,inf,inf,inf,inf,0.0,0.0,0.0,incomplete_orbit_coverage,1.0,inf,inf,0.0,0.0,0.0,0.0,0.0,nonsingular_isothermal,1.0,0.01,2.0,0.3,1.0,0.0,severe_coverage_warn,0.0,multiple,multiple,1;2;3;4;5;6;7,Lfrac minimum coverage 0.703 is below 0.8 | Lfrac coverage gap 0.297 exceeds 0.1 | third_integral minimum coverage 0.779 is below 0.8 | third_integral coverage gap 0.221 exceeds 0.1 | 14 planned shell-band/Lfrac/third-integral cells have no successful orbit,0.9276705276705277,1.0,0.9276705276705277,0.9015444015444015,0.7026455026455026,0.7785714285714286,0.09637659637659646,0.29735449735449737,0.22142857142857142,14.0,0.0,3604.0,3885.0,0.0,not_computed,not_computed,0.0,0.0,0.0,0.0,0.0,0.0,0.0,,,,,,,,,
8.974059002590085,8344.37049055156,2394395.5632986724,0.36062163372922174,inf,-1000000.0,orbit_fail_full,20.0,inf,inf,inf,inf,0.0,0.0,0.0,incomplete_orbit_coverage,1.0,inf,inf,0.0,0.0,0.0,0.0,0.0,nonsingular_isothermal,1.0,0.01,2.0,0.3,1.0,0.0,severe_coverage_warn,0.0,multiple,multiple,1;2;3;4;5;6;7;8,Lfrac minimum coverage 0.602 is below 0.8 | Lfrac coverage gap 0.398 exceeds 0.1 | third_integral minimum coverage 0.75 is below 0.8 | third_integral coverage gap 0.25 exceeds 0.1 | 23 planned shell-band/Lfrac/third-integral cells have no successful orbit,0.9032175032175033,1.0,0.9032175032175033,0.88996138996139,0.6021164021164022,0.75,0.022720522720522718,0.39788359788359784,0.25,23.0,0.0,3509.0,3885.0,0.0,not_computed,not_computed,0.0,0.0,0.0,0.0,0.0,0.0,0.0,,,,,,,,,
8.974059002590085,8344.37049055156,0.0,0.36062163372922174,887.1446151028686,-887.1446151028686,pass_halo_only,20.0,887.1446151028686,0.09280101539638963,0.20659397071419558,0.2921679952884728,1.0,1.0,15.0,none,0.0,432.3842151302903,454.76039997257806,32.0,32.0,142.0,16.99610698954874,0.12063795815711541,nonsingular_isothermal,1.0,0.01,2.0,0.3,1.0,0.0,strict_pass,1.0,none,none,,,1.0,1.0,1.0,1.0,1.0,1.0,0.0,0.0,0.0,0.0,0.0,3885.0,3885.0,1.0,inverse_phase_volume,geometric_mean,3885.0,3885.0,3885.0,0.0,420.0,0.0,0.0,6.605768222075022e+31,2.013347673122914e+46,304786302733836.44,1.8071892141152267e-09,550806.5189106506,1.815519543918498e-06,553345489.3319432,304786302733838.2,0.0
8.974059002590085,8344.37049055156,2500000.0,0.36062163372922174,inf,-1000000.0,orbit_fail_bh_up,20.0,inf,inf,inf,inf,0.0,0.0,0.0,incomplete_orbit_coverage,1.0,inf,inf,0.0,0.0,0.0,0.0,0.0,nonsingular_isothermal,1.0,0.01,2.0,0.3,1.0,0.0,severe_coverage_warn,0.0,multiple,multiple,1;2;3;4;5;6;7;8,Lfrac minimum coverage 0.601 is below 0.8 | Lfrac coverage gap 0.399 exceeds 0.1 | third_integral minimum coverage 0.752 is below 0.8 | third_integral coverage gap 0.248 exceeds 0.1 | 21 planned shell-band/Lfrac/third-integral cells have no successful orbit,0.902960102960103,1.0,0.902960102960103,0.888030888030888,0.6010582010582011,0.7523809523809524,0.02673002673002678,0.39894179894179893,0.24761904761904763,21.0,0.0,3508.0,3885.0,0.0,not_computed,not_computed,0.0,0.0,0.0,0.0,0.0,0.0,0.0,,,,,,,,,
8.974059002590085,8344.37049055156,1197197.7816493362,0.36062163372922174,inf,-1000000.0,orbit_fail_bh_down,20.0,inf,inf,inf,inf,0.0,0.0,0.0,incomplete_orbit_coverage,1.0,inf,inf,0.0,0.0,0.0,0.0,0.0,nonsingular_isothermal,1.0,0.01,2.0,0.3,1.0,0.0,severe_coverage_warn,0.0,multiple,multiple,1;2;3;4;5;6;7;8,Lfrac minimum coverage 0.605 is below 0.8 | Lfrac coverage gap 0.395 exceeds 0.1 | third_integral minimum coverage 0.75 is below 0.8 | third_integral coverage gap 0.25 exceeds 0.1 | 23 planned shell-band/Lfrac/third-integral cells have no successful orbit,0.903989703989704,1.0,0.903989703989704,0.8861003861003861,0.6052910052910053,0.75,0.032818532818532864,0.3947089947089947,0.25,23.0,0.0,3512.0,3885.0,0.0,not_computed,not_computed,0.0,0.0,0.0,0.0,0.0,0.0,0.0,,,,,,,,,
17.94811800518017,8344.37049055156,2394395.5632986724,0.36062163372922174,inf,-1000000.0,orbit_fail_halo_up,20.0,inf,inf,inf,inf,0.0,0.0,0.0,incomplete_orbit_coverage,1.0,inf,inf,0.0,0.0,0.0,0.0,0.0,nonsingular_isothermal,1.0,0.01,2.0,0.3,1.0,0.0,severe_coverage_warn,0.0,multiple,multiple,1;2;3;4;5;6;7;8,Lfrac minimum coverage 0.628 is below 0.8 | Lfrac coverage gap 0.372 exceeds 0.1 | third_integral minimum coverage 0.75 is below 0.8 | third_integral coverage gap 0.25 exceeds 0.1 | 17 planned shell-band/Lfrac/third-integral cells have no successful orbit,0.9093951093951094,1.0,0.9093951093951094,0.888030888030888,0.6275132275132275,0.75,0.035046035046035096,0.37248677248677253,0.25,17.0,0.0,3533.0,3885.0,0.0,not_computed,not_computed,0.0,0.0,0.0,0.0,0.0,0.0,0.0,,,,,,,,,
4.4870295012950425,8344.37049055156,2394395.5632986724,0.36062163372922174,inf,-1000000.0,orbit_fail_halo_down,20.0,inf,inf,inf,inf,0.0,0.0,0.0,incomplete_orbit_coverage,1.0,inf,inf,0.0,0.0,0.0,0.0,0.0,nonsingular_isothermal,1.0,0.01,2.0,0.3,1.0,0.0,severe_coverage_warn,0.0,multiple,multiple,1;2;3;4;5;6;7;8,Lfrac minimum coverage 0.582 is below 0.8 | Lfrac coverage gap 0.418 exceeds 0.1 | third_integral minimum coverage 0.76 is below 0.8 | third_integral coverage gap 0.24 exceeds 0.1 | 20 planned shell-band/Lfrac/third-integral cells have no successful orbit,0.8983268983268984,1.0,0.8983268983268984,0.888030888030888,0.582010582010582,0.7595238095238095,0.024651024651024644,0.417989417989418,0.2404761904761905,20.0,0.0,3490.0,3885.0,0.0,not_computed,not_computed,0.0,0.0,0.0,0.0,0.0,0.0,0.0,,,,,,,,,
8.974059002590085,8344.37049055156,2394395.5632986724,0.7212432674584435,inf,-1000000.0,orbit_fail_ml_up,20.0,inf,inf,inf,inf,0.0,0.0,0.0,incomplete_orbit_coverage,1.0,inf,inf,0.0,0.0,0.0,0.0,0.0,nonsingular_isothermal,1.0,0.01,2.0,0.3,1.0,0.0,severe_coverage_warn,0.0,multiple,multiple,1;2;3;4;5;6;7;8,Lfrac minimum coverage 0.612 is below 0.8 | Lfrac coverage gap 0.388 exceeds 0.1 | third_integral minimum coverage 0.75 is below 0.8 | third_integral coverage gap 0.25 exceeds 0.1 | 18 planned shell-band/Lfrac/third-integral cells have no successful orbit,0.9055341055341055,1.0,0.9055341055341055,0.888030888030888,0.6116402116402117,0.75,0.030888030888030937,0.38835978835978835,0.25,18.0,0.0,3518.0,3885.0,0.0,not_computed,not_computed,0.0,0.0,0.0,0.0,0.0,0.0,0.0,,,,,,,,,
8.974059002590085,8344.37049055156,2394395.5632986724,0.2,inf,-1000000.0,orbit_fail_ml_down,20.0,inf,inf,inf,inf,0.0,0.0,0.0,incomplete_orbit_coverage,1.0,inf,inf,0.0,0.0,0.0,0.0,0.0,nonsingular_isothermal,1.0,0.01,2.0,0.3,1.0,0.0,severe_coverage_warn,0.0,multiple,multiple,1;2;3;4;5;6;7;8,Lfrac minimum coverage 0.606 is below 0.8 | Lfrac coverage gap 0.394 exceeds 0.1 | third_integral minimum coverage 0.75 is below 0.8 | third_integral coverage gap 0.25 exceeds 0.1 | 21 planned shell-band/Lfrac/third-integral cells have no successful orbit,0.9042471042471042,1.0,0.9042471042471042,0.8861003861003861,0.6063492063492063,0.75,0.03073953073953073,0.3936507936507937,0.25,21.0,0.0,3513.0,3885.0,0.0,not_computed,not_computed,0.0,0.0,0.0,0.0,0.0,0.0,0.0,,,,,,,,,
3.4976634296638665,458.4626841421221,1453439.2771284883,0.33723844736472036,inf,-1000000.0,orbit_fail_full,21.0,inf,inf,inf,inf,0.0,0.0,0.0,incomplete_orbit_coverage,1.0,inf,inf,0.0,0.0,0.0,0.0,0.0,nonsingular_isothermal,1.0,0.01,2.0,0.3,1.0,0.0,severe_coverage_warn,0.0,multiple,multiple,1;2;3;4;5;6,shell_band coverage gap 0.108 exceeds 0.1 | Lfrac minimum coverage 0.669 is below 0.8 | Lfrac coverage gap 0.331 exceeds 0.1 | third_integral coverage gap 0.19 exceeds 0.1 | 18 planned shell-band/Lfrac/third-integral cells have no successful orbit,0.9194337194337194,1.0,0.9194337194337194,0.8918918918918919,0.6687830687830688,0.8095238095238095,0.10810810810810811,0.3312169312169312,0.19047619047619047,18.0,0.0,3572.0,3885.0,0.0,not_computed,not_computed,0.0,0.0,0.0,0.0,0.0,0.0,0.0,,,,,,,,,
3.4976634296638665,458.4626841421221,0.0,0.33723844736472036,inf,-1000000.0,solver_failed_halo_only,21.0,inf,4.7039687468811735,0.2429761351046913,0.3436201455980458,1.0,0.0,1000.0,delta_chi2_not_converged,2.0,inf,inf,0.0,0.0,0.0,0.0,0.0,nonsingular_isothermal,1.0,0.01,2.0,0.3,1.0,0.0,strict_pass,1.0,none,none,,,1.0,1.0,1.0,1.0,1.0,1.0,0.0,0.0,0.0,0.0,0.0,3885.0,3885.0,1.0,inverse_phase_volume,geometric_mean,3885.0,3885.0,3885.0,0.0,420.0,0.0,0.0,1.3556936909515024e+33,1.0953732433955039e+49,8079798930293089.0,2.1114102244179276e-10,1705977.0072661685,5.861743714837645e-07,4736171059.679695,8079798930293005.0,0.0
3.4976634296638665,458.4626841421221,2500000.0,0.33723844736472036,inf,-1000000.0,orbit_fail_bh_up,21.0,inf,inf,inf,inf,0.0,0.0,0.0,incomplete_orbit_coverage,1.0,inf,inf,0.0,0.0,0.0,0.0,0.0,nonsingular_isothermal,1.0,0.01,2.0,0.3,1.0,0.0,severe_coverage_warn,0.0,multiple,multiple,1;2;3;4;5;6,shell_band coverage gap 0.108 exceeds 0.1 | Lfrac minimum coverage 0.649 is below 0.8 | Lfrac coverage gap 0.351 exceeds 0.1 | third_integral minimum coverage 0.793 is below 0.8 | third_integral coverage gap 0.207 exceeds 0.1 | 17 planned shell-band/Lfrac/third-integral cells have no successful orbit,0.9145431145431145,1.0,0.9145431145431145,0.8898128898128899,0.6486772486772486,0.7928571428571428,0.10810810810810811,0.35132275132275137,0.20714285714285718,17.0,0.0,3553.0,3885.0,0.0,not_computed,not_computed,0.0,0.0,0.0,0.0,0.0,0.0,0.0,,,,,,,,,
3.4976634296638665,458.4626841421221,726719.6385642441,0.33723844736472036,inf,-1000000.0,orbit_fail_bh_down,21.0,inf,inf,inf,inf,0.0,0.0,0.0,incomplete_orbit_coverage,1.0,inf,inf,0.0,0.0,0.0,0.0,0.0,nonsingular_isothermal,1.0,0.01,2.0,0.3,1.0,0.0,severe_coverage_warn,0.0,multiple,multiple,1;2;3;4;5;6,shell_band coverage gap 0.108 exceeds 0.1 | Lfrac minimum coverage 0.697 is below 0.8 | Lfrac coverage gap 0.303 exceeds 0.1 | third_integral coverage gap 0.186 exceeds 0.1 | 16 planned shell-band/Lfrac/third-integral cells have no successful orbit,0.9263835263835264,1.0,0.9263835263835264,0.8918918918918919,0.6973544973544974,0.8142857142857143,0.10810810810810811,0.3026455026455026,0.18571428571428572,16.0,0.0,3599.0,3885.0,0.0,not_computed,not_computed,0.0,0.0,0.0,0.0,0.0,0.0,0.0,,,,,,,,,
6.995326859327733,458.4626841421221,1453439.2771284883,0.33723844736472036,inf,-1000000.0,orbit_fail_halo_up,21.0,inf,inf,inf,inf,0.0,0.0,0.0,incomplete_orbit_coverage,1.0,inf,inf,0.0,0.0,0.0,0.0,0.0,nonsingular_isothermal,1.0,0.01,2.0,0.3,1.0,0.0,severe_coverage_warn,0.0,multiple,multiple,1;2;3;4;5,shell_band coverage gap 0.106 exceeds 0.1 | Lfrac minimum coverage 0.712 is below 0.8 | Lfrac coverage gap 0.288 exceeds 0.1 | third_integral coverage gap 0.179 exceeds 0.1 | 14 planned shell-band/Lfrac/third-integral cells have no successful orbit,0.92998712998713,1.0,0.92998712998713,0.893970893970894,0.7121693121693121,0.8214285714285714,0.10602910602910598,0.2878306878306879,0.1785714285714286,14.0,0.0,3613.0,3885.0,0.0,not_computed,not_computed,0.0,0.0,0.0,0.0,0.0,0.0,0.0,,,,,,,,,
1.7488317148319332,458.4626841421221,1453439.2771284883,0.33723844736472036,inf,-1000000.0,orbit_fail_halo_down,21.0,inf,inf,inf,inf,0.0,0.0,0.0,incomplete_orbit_coverage,1.0,inf,inf,0.0,0.0,0.0,0.0,0.0,nonsingular_isothermal,1.0,0.01,2.0,0.3,1.0,0.0,severe_coverage_warn,0.0,multiple,multiple,1;2;3;4;5;6;7,Lfrac minimum coverage 0.602 is below 0.8 | Lfrac coverage gap 0.398 exceeds 0.1 | third_integral minimum coverage 0.762 is below 0.8 | third_integral coverage gap 0.238 exceeds 0.1 | 20 planned shell-band/Lfrac/third-integral cells have no successful orbit,0.9032175032175033,1.0,0.9032175032175033,0.893970893970894,0.6021164021164022,0.7619047619047619,0.04573804573804574,0.39788359788359784,0.23809523809523814,20.0,0.0,3509.0,3885.0,0.0,not_computed,not_computed,0.0,0.0,0.0,0.0,0.0,0.0,0.0,,,,,,,,,
3.4976634296638665,458.4626841421221,1453439.2771284883,0.6744768947294407,inf,-1000000.0,orbit_fail_ml_up,21.0,inf,inf,inf,inf,0.0,0.0,0.0,incomplete_orbit_coverage,1.0,inf,inf,0.0,0.0,0.0,0.0,0.0,nonsingular_isothermal,1.0,0.01,2.0,0.3,1.0,0.0,severe_coverage_warn,0.0,multiple,multiple,1;2;3;4;5;6,shell_band coverage gap 0.112 exceeds 0.1 | Lfrac minimum coverage 0.665 is below 0.8 | Lfrac coverage gap 0.335 exceeds 0.1 | third_integral coverage gap 0.19 exceeds 0.1 | 19 planned shell-band/Lfrac/third-integral cells have no successful orbit,0.9184041184041184,1.0,0.9184041184041184,0.8877338877338877,0.6645502645502646,0.8095238095238095,0.11226611226611227,0.33544973544973544,0.19047619047619047,19.0,0.0,3568.0,3885.0,0.0,not_computed,not_computed,0.0,0.0,0.0,0.0,0.0,0.0,0.0,,,,,,,,,
3.4976634296638665,458.4626841421221,1453439.2771284883,0.2,inf,-1000000.0,orbit_fail_ml_down,21.0,inf,inf,inf,inf,0.0,0.0,0.0,incomplete_orbit_coverage,1.0,inf,inf,0.0,0.0,0.0,0.0,0.0,nonsingular_isothermal,1.0,0.01,2.0,0.3,1.0,0.0,severe_coverage_warn,0.0,multiple,multiple,1;2;3;4;5;6,shell_band coverage gap 0.108 exceeds 0.1 | Lfrac minimum coverage 0.663 is below 0.8 | Lfrac coverage gap 0.337 exceeds 0.1 | third_integral coverage gap 0.193 exceeds 0.1 | 18 planned shell-band/Lfrac/third-integral cells have no successful orbit,0.9181467181467181,1.0,0.9181467181467181,0.8918918918918919,0.6634920634920635,0.8071428571428572,0.10810810810810811,0.33650793650793653,0.19285714285714284,18.0,0.0,3567.0,3885.0,0.0,not_computed,not_computed,0.0,0.0,0.0,0.0,0.0,0.0,0.0,,,,,,,,,
6.397654082576077,1722.6939555408185,2432871.564752846,0.47753101766448,inf,-1000000.0,orbit_fail_full,22.0,inf,inf,inf,inf,0.0,0.0,0.0,incomplete_orbit_coverage,1.0,inf,inf,0.0,0.0,0.0,0.0,0.0,nonsingular_isothermal,1.0,0.01,2.0,0.3,1.0,0.0,severe_coverage_warn,0.0,multiple,multiple,1;2;3;4;5;6;7,Lfrac minimum coverage 0.629 is below 0.8 | Lfrac coverage gap 0.371 exceeds 0.1 | third_integral minimum coverage 0.764 is below 0.8 | third_integral coverage gap 0.236 exceeds 0.1 | 19 planned shell-band/Lfrac/third-integral cells have no successful orbit,0.9096525096525097,1.0,0.9096525096525097,0.8918918918918919,0.6285714285714286,0.7642857142857142,0.06029106029106035,0.37142857142857144,0.23571428571428577,19.0,0.0,3534.0,3885.0,0.0,not_computed,not_computed,0.0,0.0,0.0,0.0,0.0,0.0,0.0,,,,,,,,,
6.397654082576077,1722.6939555408185,0.0,0.47753101766448,892.641781923564,-892.641781923564,pass_halo_only,22.0,892.641781923564,0.19566093179196287,0.2118325422635304,0.29957645422100265,1.0,1.0,76.0,none,0.0,433.19756338870883,459.44421853485505,32.0,32.0,432.0,20.40278021842384,0.10335455611283516,nonsingular_isothermal,1.0,0.01,2.0,0.3,1.0,0.0,strict_pass,1.0,none,none,,,1.0,1.0,1.0,1.0,1.0,1.0,0.0,0.0,0.0,0.0,0.0,3885.0,3885.0,1.0,inverse_phase_volume,geometric_mean,3885.0,3885.0,3885.0,0.0,420.0,0.0,0.0,8.354714281390397e+31,3.2584004089845644e+48,3.900074017183864e+16,1.5761310407674478e-10,6147027.719774048,1.6268024898979273e-07,6344650121.940884,3.900074017183841e+16,0.0
6.397654082576077,1722.6939555408185,2500000.0,0.47753101766448,inf,-1000000.0,orbit_fail_bh_up,22.0,inf,inf,inf,inf,0.0,0.0,0.0,incomplete_orbit_coverage,1.0,inf,inf,0.0,0.0,0.0,0.0,0.0,nonsingular_isothermal,1.0,0.01,2.0,0.3,1.0,0.0,severe_coverage_warn,0.0,multiple,multiple,1;2;3;4;5;6;7,Lfrac minimum coverage 0.636 is below 0.8 | Lfrac coverage gap 0.364 exceeds 0.1 | third_integral minimum coverage 0.764 is below 0.8 | third_integral coverage gap 0.236 exceeds 0.1 | 18 planned shell-band/Lfrac/third-integral cells have no successful orbit,0.9114543114543114,1.0,0.9114543114543114,0.8918918918918919,0.635978835978836,0.7642857142857142,0.07068607068607069,0.364021164021164,0.23571428571428577,18.0,0.0,3541.0,3885.0,0.0,not_computed,not_computed,0.0,0.0,0.0,0.0,0.0,0.0,0.0,,,,,,,,,
6.397654082576077,1722.6939555408185,1216435.782376423,0.47753101766448,inf,-1000000.0,orbit_fail_bh_down,22.0,inf,inf,inf,inf,0.0,0.0,0.0,incomplete_orbit_coverage,1.0,inf,inf,0.0,0.0,0.0,0.0,0.0,nonsingular_isothermal,1.0,0.01,2.0,0.3,1.0,0.0,severe_coverage_warn,0.0,multiple,multiple,1;2;3;4;5;6;7,shell_band coverage gap 0.108 exceeds 0.1 | Lfrac minimum coverage 0.676 is below 0.8 | Lfrac coverage gap 0.324 exceeds 0.1 | third_integral minimum coverage 0.781 is below 0.8 | third_integral coverage gap 0.219 exceeds 0.1 | 17 planned shell-band/Lfrac/third-integral cells have no successful orbit,0.9212355212355212,1.0,0.9212355212355212,0.8918918918918919,0.6761904761904762,0.780952380952381,0.10810810810810811,0.32380952380952377,0.21904761904761905,17.0,0.0,3579.0,3885.0,0.0,not_computed,not_computed,0.0,0.0,0.0,0.0,0.0,0.0,0.0,,,,,,,,,
12.795308165152154,1722.6939555408185,2432871.564752846,0.47753101766448,inf,-1000000.0,orbit_fail_halo_up,22.0,inf,inf,inf,inf,0.0,0.0,0.0,incomplete_orbit_coverage,1.0,inf,inf,0.0,0.0,0.0,0.0,0.0,nonsingular_isothermal,1.0,0.01,2.0,0.3,1.0,0.0,severe_coverage_warn,0.0,multiple,multiple,1;2;3;4;5;6,shell_band coverage gap 0.102 exceeds 0.1 | Lfrac minimum coverage 0.69 is below 0.8 | Lfrac coverage gap 0.31 exceeds 0.1 | third_integral minimum coverage 0.795 is below 0.8 | third_integral coverage gap 0.205 exceeds 0.1 | 10 planned shell-band/Lfrac/third-integral cells have no successful orbit,0.9245817245817246,1.0,0.9245817245817246,0.8981288981288982,0.68994708994709,0.7952380952380952,0.10187110187110182,0.31005291005291,0.2047619047619048,10.0,0.0,3592.0,3885.0,0.0,not_computed,not_computed,0.0,0.0,0.0,0.0,0.0,0.0,0.0,,,,,,,,,
3.1988270412880384,1722.6939555408185,2432871.564752846,0.47753101766448,inf,-1000000.0,orbit_fail_halo_down,22.0,inf,inf,inf,inf,0.0,0.0,0.0,incomplete_orbit_coverage,1.0,inf,inf,0.0,0.0,0.0,0.0,0.0,nonsingular_isothermal,1.0,0.01,2.0,0.3,1.0,0.0,severe_coverage_warn,0.0,multiple,multiple,1;2;3;4;5;6;7;8,Lfrac minimum coverage 0.567 is below 0.8 | Lfrac coverage gap 0.433 exceeds 0.1 | third_integral minimum coverage 0.755 is below 0.8 | third_integral coverage gap 0.245 exceeds 0.1 | 24 planned shell-band/Lfrac/third-integral cells have no successful orbit,0.8947232947232947,1.0,0.8947232947232947,0.8861003861003861,0.5671957671957671,0.7547619047619047,0.014107514107514096,0.43280423280423286,0.24523809523809526,24.0,0.0,3476.0,3885.0,0.0,not_computed,not_computed,0.0,0.0,0.0,0.0,0.0,0.0,0.0,,,,,,,,,
6.397654082576077,1722.6939555408185,2432871.564752846,0.95506203532896,inf,-1000000.0,orbit_fail_ml_up,22.0,inf,inf,inf,inf,0.0,0.0,0.0,incomplete_orbit_coverage,1.0,inf,inf,0.0,0.0,0.0,0.0,0.0,nonsingular_isothermal,1.0,0.01,2.0,0.3,1.0,0.0,severe_coverage_warn,0.0,multiple,multiple,1;2;3;4;5;6;7,Lfrac minimum coverage 0.637 is below 0.8 | Lfrac coverage gap 0.363 exceeds 0.1 | third_integral minimum coverage 0.771 is below 0.8 | third_integral coverage gap 0.229 exceeds 0.1 | 19 planned shell-band/Lfrac/third-integral cells have no successful orbit,0.9117117117117117,1.0,0.9117117117117117,0.8918918918918919,0.6370370370370371,0.7714285714285715,0.06860706860706867,0.36296296296296293,0.22857142857142854,19.0,0.0,3542.0,3885.0,0.0,not_computed,not_computed,0.0,0.0,0.0,0.0,0.0,0.0,0.0,,,,,,,,,
6.397654082576077,1722.6939555408185,2432871.564752846,0.23876550883224,inf,-1000000.0,orbit_fail_ml_down,22.0,inf,inf,inf,inf,0.0,0.0,0.0,incomplete_orbit_coverage,1.0,inf,inf,0.0,0.0,0.0,0.0,0.0,nonsingular_isothermal,1.0,0.01,2.0,0.3,1.0,0.0,severe_coverage_warn,0.0,multiple,multiple,1;2;3;4;5;6;7,Lfrac minimum coverage 0.637 is below 0.8 | Lfrac coverage gap 0.363 exceeds 0.1 | third_integral minimum coverage 0.771 is below 0.8 | third_integral coverage gap 0.229 exceeds 0.1 | 17 planned shell-band/Lfrac/third-integral cells have no successful orbit,0.9117117117117117,1.0,0.9117117117117117,0.893970893970894,0.6370370370370371,0.7714285714285715,0.06652806652806653,0.36296296296296293,0.22857142857142854,17.0,0.0,3542.0,3885.0,0.0,not_computed,not_computed,0.0,0.0,0.0,0.0,0.0,0.0,0.0,,,,,,,,,
5.336620830829527,2720.617415162828,681420.1715940788,1.3274192929538322,inf,-1000000.0,orbit_fail_full,23.0,inf,inf,inf,inf,0.0,0.0,0.0,incomplete_orbit_coverage,1.0,inf,inf,0.0,0.0,0.0,0.0,0.0,nonsingular_isothermal,1.0,0.01,2.0,0.3,1.0,0.0,severe_coverage_warn,0.0,multiple,multiple,1;2;3;4;5;6;7,Lfrac minimum coverage 0.652 is below 0.8 | Lfrac coverage gap 0.348 exceeds 0.1 | third_integral minimum coverage 0.762 is below 0.8 | third_integral coverage gap 0.238 exceeds 0.1 | 17 planned shell-band/Lfrac/third-integral cells have no successful orbit,0.9153153153153153,1.0,0.9153153153153153,0.8957528957528957,0.6518518518518519,0.7619047619047619,0.07514107514107515,0.3481481481481481,0.23809523809523814,17.0,0.0,3556.0,3885.0,0.0,not_computed,not_computed,0.0,0.0,0.0,0.0,0.0,0.0,0.0,,,,,,,,,
5.336620830829527,2720.617415162828,0.0,1.3274192929538322,869.0266467445338,-869.0266467445338,pass_halo_only,23.0,869.0266467445338,0.12840089815665578,0.21238036170337588,0.30035118790256354,1.0,1.0,37.0,none,0.0,469.9694550784219,399.05719166611163,32.0,32.0,3352.0,23.18826931557001,0.11930200439986482,nonsingular_isothermal,1.0,0.01,2.0,0.3,1.0,0.0,strict_pass,1.0,none,none,,,1.0,1.0,1.0,1.0,1.0,1.0,0.0,0.0,0.0,0.0,0.0,3885.0,3885.0,1.0,inverse_phase_volume,geometric_mean,3885.0,3885.0,3885.0,0.0,420.0,0.0,0.0,2.0003850741951206e+31,1.9364713494009543e+47,9680492893000200.0,4.018334981471715e-11,388994.63229830767,2.5707295601784337e-06,24885929237.13269,9680492893000134.0,0.0
5.336620830829527,2720.617415162828,1362840.3431881575,1.3274192929538322,inf,-1000000.0,orbit_fail_bh_up,23.0,inf,inf,inf,inf,0.0,0.0,0.0,incomplete_orbit_coverage,1.0,inf,inf,0.0,0.0,0.0,0.0,0.0,nonsingular_isothermal,1.0,0.01,2.0,0.3,1.0,0.0,severe_coverage_warn,0.0,multiple,multiple,1;2;3;4;5;6;7;8,Lfrac minimum coverage 0.594 is below 0.8 | Lfrac coverage gap 0.406 exceeds 0.1 | third_integral minimum coverage 0.752 is below 0.8 | third_integral coverage gap 0.248 exceeds 0.1 | 23 planned shell-band/Lfrac/third-integral cells have no successful orbit,0.9011583011583012,1.0,0.9011583011583012,0.8918918918918919,0.5936507936507937,0.7523809523809524,0.022869022869022926,0.40634920634920635,0.24761904761904763,23.0,0.0,3501.0,3885.0,0.0,not_computed,not_computed,0.0,0.0,0.0,0.0,0.0,0.0,0.0,,,,,,,,,
5.336620830829527,2720.617415162828,340710.0857970394,1.3274192929538322,inf,-1000000.0,orbit_fail_bh_down,23.0,inf,inf,inf,inf,0.0,0.0,0.0,incomplete_orbit_coverage,1.0,inf,inf,0.0,0.0,0.0,0.0,0.0,nonsingular_isothermal,1.0,0.01,2.0,0.3,1.0,0.0,severe_coverage_warn,0.0,multiple,multiple,1;2;3;4;5;6;7,Lfrac minimum coverage 0.691 is below 0.8 | Lfrac coverage gap 0.309 exceeds 0.1 | third_integral minimum coverage 0.781 is below 0.8 | third_integral coverage gap 0.219 exceeds 0.1 | 12 planned shell-band/Lfrac/third-integral cells have no successful orbit,0.9248391248391249,1.0,0.9248391248391249,0.9034749034749034,0.691005291005291,0.780952380952381,0.09652509652509655,0.30899470899470904,0.21904761904761905,12.0,0.0,3593.0,3885.0,0.0,not_computed,not_computed,0.0,0.0,0.0,0.0,0.0,0.0,0.0,,,,,,,,,
10.673241661659054,2720.617415162828,681420.1715940788,1.3274192929538322,inf,-1000000.0,orbit_fail_halo_up,23.0,inf,inf,inf,inf,0.0,0.0,0.0,incomplete_orbit_coverage,1.0,inf,inf,0.0,0.0,0.0,0.0,0.0,nonsingular_isothermal,1.0,0.01,2.0,0.3,1.0,0.0,severe_coverage_warn,0.0,multiple,multiple,1;2;3;4;5;6,Lfrac minimum coverage 0.714 is below 0.8 | Lfrac coverage gap 0.286 exceeds 0.1 | third_integral minimum coverage 0.793 is below 0.8 | third_integral coverage gap 0.207 exceeds 0.1 | 13 planned shell-band/Lfrac/third-integral cells have no successful orbit,0.9305019305019305,1.0,0.9305019305019305,0.9043659043659044,0.7142857142857143,0.7928571428571428,0.09563409563409564,0.2857142857142857,0.20714285714285718,13.0,0.0,3615.0,3885.0,0.0,not_computed,not_computed,0.0,0.0,0.0,0.0,0.0,0.0,0.0,,,,,,,,,
2.6683104154147634,2720.617415162828,681420.1715940788,1.3274192929538322,inf,-1000000.0,orbit_fail_halo_down,23.0,inf,inf,inf,inf,0.0,0.0,0.0,incomplete_orbit_coverage,1.0,inf,inf,0.0,0.0,0.0,0.0,0.0,nonsingular_isothermal,1.0,0.01,2.0,0.3,1.0,0.0,severe_coverage_warn,0.0,multiple,multiple,1;2;3;4;5;6;7;8,Lfrac minimum coverage 0.575 is below 0.8 | Lfrac coverage gap 0.425 exceeds 0.1 | third_integral minimum coverage 0.762 is below 0.8 | third_integral coverage gap 0.238 exceeds 0.1 | 25 planned shell-band/Lfrac/third-integral cells have no successful orbit,0.8965250965250965,1.0,0.8965250965250965,0.8918918918918919,0.5746031746031746,0.7619047619047619,0.016632016632016633,0.42539682539682544,0.23809523809523814,25.0,0.0,3483.0,3885.0,0.0,not_computed,not_computed,0.0,0.0,0.0,0.0,0.0,0.0,0.0,,,,,,,,,
5.336620830829527,2720.617415162828,681420.1715940788,1.6,inf,-1000000.0,orbit_fail_ml_up,23.0,inf,inf,inf,inf,0.0,0.0,0.0,incomplete_orbit_coverage,1.0,inf,inf,0.0,0.0,0.0,0.0,0.0,nonsingular_isothermal,1.0,0.01,2.0,0.3,1.0,0.0,severe_coverage_warn,0.0,multiple,multiple,1;2;3;4;5;6;7,Lfrac minimum coverage 0.648 is below 0.8 | Lfrac coverage gap 0.352 exceeds 0.1 | third_integral minimum coverage 0.76 is below 0.8 | third_integral coverage gap 0.24 exceeds 0.1 | 17 planned shell-band/Lfrac/third-integral cells have no successful orbit,0.9142857142857143,1.0,0.9142857142857143,0.8996138996138996,0.6476190476190476,0.7595238095238095,0.06504306504306512,0.35238095238095235,0.2404761904761905,17.0,0.0,3552.0,3885.0,0.0,not_computed,not_computed,0.0,0.0,0.0,0.0,0.0,0.0,0.0,,,,,,,,,
5.336620830829527,2720.617415162828,681420.1715940788,0.6637096464769161,inf,-1000000.0,orbit_fail_ml_down,23.0,inf,inf,inf,inf,0.0,0.0,0.0,incomplete_orbit_coverage,1.0,inf,inf,0.0,0.0,0.0,0.0,0.0,nonsingular_isothermal,1.0,0.01,2.0,0.3,1.0,0.0,severe_coverage_warn,0.0,multiple,multiple,1;2;3;4;5;6;7,Lfrac minimum coverage 0.65 is below 0.8 | Lfrac coverage gap 0.35 exceeds 0.1 | third_integral minimum coverage 0.762 is below 0.8 | third_integral coverage gap 0.238 exceeds 0.1 | 17 planned shell-band/Lfrac/third-integral cells have no successful orbit,0.9148005148005148,1.0,0.9148005148005148,0.8976833976833977,0.6497354497354497,0.7619047619047619,0.07528957528957536,0.3502645502645503,0.23809523809523814,17.0,0.0,3554.0,3885.0,0.0,not_computed,not_computed,0.0,0.0,0.0,0.0,0.0,0.0,0.0,,,,,,,,,
5.199796426759768,3078.8846101830395,1163901.7958866777,1.3297540348119115,inf,-1000000.0,orbit_fail_full,24.0,inf,inf,inf,inf,0.0,0.0,0.0,incomplete_orbit_coverage,1.0,inf,inf,0.0,0.0,0.0,0.0,0.0,nonsingular_isothermal,1.0,0.01,2.0,0.3,1.0,0.0,severe_coverage_warn,0.0,multiple,multiple,1;2;3;4;5;6;7;8,Lfrac minimum coverage 0.593 is below 0.8 | Lfrac coverage gap 0.407 exceeds 0.1 | third_integral minimum coverage 0.752 is below 0.8 | third_integral coverage gap 0.248 exceeds 0.1 | 19 planned shell-band/Lfrac/third-integral cells have no successful orbit,0.9009009009009009,1.0,0.9009009009009009,0.893970893970894,0.5925925925925926,0.7523809523809524,0.018711018711018657,0.40740740740740744,0.24761904761904763,19.0,0.0,3500.0,3885.0,0.0,not_computed,not_computed,0.0,0.0,0.0,0.0,0.0,0.0,0.0,,,,,,,,,
5.199796426759768,3078.8846101830395,0.0,1.3297540348119115,892.4008187740441,-892.4008187740441,pass_halo_only,24.0,892.4008187740441,0.0913139736744597,0.2364155393336248,0.3343420620813019,1.0,1.0,6.0,none,0.0,434.5466541952597,457.8541645787842,32.0,32.0,944.0,17.467945674677583,0.10785695712443015,nonsingular_isothermal,1.0,0.01,2.0,0.3,1.0,0.0,strict_pass,1.0,none,none,,,1.0,1.0,1.0,1.0,1.0,1.0,0.0,0.0,0.0,0.0,0.0,3885.0,3885.0,1.0,inverse_phase_volume,geometric_mean,3885.0,3885.0,3885.0,0.0,420.0,0.0,0.0,1.4490254458974821e+31,9.20030749948246e+46,6349307063951572.0,3.754327733823718e-11,238373.79600756327,4.195091980530743e-06,26635927145.910545,6349307063951597.0,0.0
5.199796426759768,3078.8846101830395,2327803.5917733554,1.3297540348119115,inf,-1000000.0,orbit_fail_bh_up,24.0,inf,inf,inf,inf,0.0,0.0,0.0,incomplete_orbit_coverage,1.0,inf,inf,0.0,0.0,0.0,0.0,0.0,nonsingular_isothermal,1.0,0.01,2.0,0.3,1.0,0.0,severe_coverage_warn,0.0,multiple,multiple,1;2;3;4;5;6;7;8,Lfrac minimum coverage 0.583 is below 0.8 | Lfrac coverage gap 0.417 exceeds 0.1 | third_integral minimum coverage 0.76 is below 0.8 | third_integral coverage gap 0.24 exceeds 0.1 | 24 planned shell-band/Lfrac/third-integral cells have no successful orbit,0.8985842985842986,1.0,0.8985842985842986,0.8918918918918919,0.5830687830687831,0.7595238095238095,0.012474012474012475,0.41693121693121693,0.2404761904761905,24.0,0.0,3491.0,3885.0,0.0,not_computed,not_computed,0.0,0.0,0.0,0.0,0.0,0.0,0.0,,,,,,,,,
5.199796426759768,3078.8846101830395,581950.8979433388,1.3297540348119115,inf,-1000000.0,orbit_fail_bh_down,24.0,inf,inf,inf,inf,0.0,0.0,0.0,incomplete_orbit_coverage,1.0,inf,inf,0.0,0.0,0.0,0.0,0.0,nonsingular_isothermal,1.0,0.01,2.0,0.3,1.0,0.0,severe_coverage_warn,0.0,multiple,multiple,1;2;3;4;5;6;7,Lfrac minimum coverage 0.652 is below 0.8 | Lfrac coverage gap 0.348 exceeds 0.1 | third_integral minimum coverage 0.76 is below 0.8 | third_integral coverage gap 0.24 exceeds 0.1 | 20 planned shell-band/Lfrac/third-integral cells have no successful orbit,0.9153153153153153,1.0,0.9153153153153153,0.8918918918918919,0.6518518518518519,0.7595238095238095,0.07484407484407485,0.3481481481481481,0.2404761904761905,20.0,0.0,3556.0,3885.0,0.0,not_computed,not_computed,0.0,0.0,0.0,0.0,0.0,0.0,0.0,,,,,,,,,
10.399592853519536,3078.8846101830395,1163901.7958866777,1.3297540348119115,inf,-1000000.0,orbit_fail_halo_up,24.0,inf,inf,inf,inf,0.0,0.0,0.0,incomplete_orbit_coverage,1.0,inf,inf,0.0,0.0,0.0,0.0,0.0,nonsingular_isothermal,1.0,0.01,2.0,0.3,1.0,0.0,severe_coverage_warn,0.0,multiple,multiple,1;2;3;4;5;6;7,Lfrac minimum coverage 0.675 is below 0.8 | Lfrac coverage gap 0.325 exceeds 0.1 | third_integral minimum coverage 0.779 is below 0.8 | third_integral coverage gap 0.221 exceeds 0.1 | 14 planned shell-band/Lfrac/third-integral cells have no successful orbit,0.9209781209781209,1.0,0.9209781209781209,0.8981288981288982,0.6751322751322751,0.7785714285714286,0.0997920997920998,0.32486772486772486,0.22142857142857142,14.0,0.0,3578.0,3885.0,0.0,not_computed,not_computed,0.0,0.0,0.0,0.0,0.0,0.0,0.0,,,,,,,,,
2.599898213379884,3078.8846101830395,1163901.7958866777,1.3297540348119115,inf,-1000000.0,orbit_fail_halo_down,24.0,inf,inf,inf,inf,0.0,0.0,0.0,incomplete_orbit_coverage,1.0,inf,inf,0.0,0.0,0.0,0.0,0.0,nonsingular_isothermal,1.0,0.01,2.0,0.3,1.0,0.0,severe_coverage_warn,0.0,multiple,multiple,1;2;3;4;5;6;7;8,Lfrac minimum coverage 0.575 is below 0.8 | Lfrac coverage gap 0.425 exceeds 0.1 | third_integral minimum coverage 0.755 is below 0.8 | third_integral coverage gap 0.245 exceeds 0.1 | 23 planned shell-band/Lfrac/third-integral cells have no successful orbit,0.8965250965250965,1.0,0.8965250965250965,0.888030888030888,0.5746031746031746,0.7547619047619047,0.018414018414018463,0.42539682539682544,0.24523809523809526,23.0,0.0,3483.0,3885.0,0.0,not_computed,not_computed,0.0,0.0,0.0,0.0,0.0,0.0,0.0,,,,,,,,,
5.199796426759768,3078.8846101830395,1163901.7958866777,1.6,inf,-1000000.0,orbit_fail_ml_up,24.0,inf,inf,inf,inf,0.0,0.0,0.0,incomplete_orbit_coverage,1.0,inf,inf,0.0,0.0,0.0,0.0,0.0,nonsingular_isothermal,1.0,0.01,2.0,0.3,1.0,0.0,severe_coverage_warn,0.0,multiple,multiple,1;2;3;4;5;6;7;8,Lfrac minimum coverage 0.596 is below 0.8 | Lfrac coverage gap 0.404 exceeds 0.1 | third_integral minimum coverage 0.75 is below 0.8 | third_integral coverage gap 0.25 exceeds 0.1 | 20 planned shell-band/Lfrac/third-integral cells have no successful orbit,0.9016731016731017,1.0,0.9016731016731017,0.893970893970894,0.5957671957671957,0.75,0.02079002079002079,0.4042328042328043,0.25,20.0,0.0,3503.0,3885.0,0.0,not_computed,not_computed,0.0,0.0,0.0,0.0,0.0,0.0,0.0,,,,,,,,,
5.199796426759768,3078.8846101830395,1163901.7958866777,0.6648770174059557,inf,-1000000.0,orbit_fail_ml_down,24.0,inf,inf,inf,inf,0.0,0.0,0.0,incomplete_orbit_coverage,1.0,inf,inf,0.0,0.0,0.0,0.0,0.0,nonsingular_isothermal,1.0,0.01,2.0,0.3,1.0,0.0,severe_coverage_warn,0.0,multiple,multiple,1;2;3;4;5;6;7;8,Lfrac minimum coverage 0.604 is below 0.8 | Lfrac coverage gap 0.396 exceeds 0.1 | third_integral minimum coverage 0.75 is below 0.8 | third_integral coverage gap 0.25 exceeds 0.1 | 21 planned shell-band/Lfrac/third-integral cells have no successful orbit,0.9037323037323037,1.0,0.9037323037323037,0.8918918918918919,0.6042328042328042,0.75,0.033264033264033266,0.39576719576719577,0.25,21.0,0.0,3511.0,3885.0,0.0,not_computed,not_computed,0.0,0.0,0.0,0.0,0.0,0.0,0.0,,,,,,,,,
24.57463429295975,1987.2356015562511,381343.6871693932,1.1618285324878992,inf,-1000000.0,orbit_fail_full,25.0,inf,inf,inf,inf,0.0,0.0,0.0,incomplete_orbit_coverage,1.0,inf,inf,0.0,0.0,0.0,0.0,0.0,nonsingular_isothermal,1.0,0.01,2.0,0.3,1.0,0.0,severe_coverage_warn,0.0,multiple,multiple,1;2;3;4;5,Lfrac minimum coverage 0.779 is below 0.8 | Lfrac coverage gap 0.221 exceeds 0.1 | third_integral coverage gap 0.169 exceeds 0.1 | 10 planned shell-band/Lfrac/third-integral cells have no successful orbit,0.9462033462033462,1.0,0.9462033462033462,0.9126819126819127,0.7788359788359789,0.830952380952381,0.08731808731808732,0.22116402116402112,0.169047619047619,10.0,0.0,3676.0,3885.0,0.0,not_computed,not_computed,0.0,0.0,0.0,0.0,0.0,0.0,0.0,,,,,,,,,
24.57463429295975,1987.2356015562511,0.0,1.1618285324878992,188.36858155186982,-188.36858155186982,pass_halo_only,25.0,188.36858155186982,0.17818493455331463,0.21421088543895492,0.3029399393956648,1.0,1.0,16.0,none,0.0,90.9781733579733,97.39040819389658,32.0,32.0,123.0,21.31439442574378,0.08830093666776842,nonsingular_isothermal,1.0,0.01,2.0,0.3,1.0,0.0,strict_pass,1.0,none,none,,,1.0,1.0,1.0,1.0,1.0,1.0,0.0,0.0,0.0,0.0,0.0,3885.0,3885.0,1.0,inverse_phase_volume,geometric_mean,3885.0,3885.0,3885.0,0.0,420.0,0.0,0.0,2.4148778185988855e+34,4.149541326438305e+50,1.7183235087421e+16,1.5970056164586586e-09,27441722.943540882,3.6440860585081295e-08,626171874.2213871,1.7183235087421036e+16,0.0
24.57463429295975,1987.2356015562511,762687.3743387864,1.1618285324878992,inf,-1000000.0,orbit_fail_bh_up,25.0,inf,inf,inf,inf,0.0,0.0,0.0,incomplete_orbit_coverage,1.0,inf,inf,0.0,0.0,0.0,0.0,0.0,nonsingular_isothermal,1.0,0.01,2.0,0.3,1.0,0.0,severe_coverage_warn,0.0,multiple,multiple,1;2;3;4;5,Lfrac minimum coverage 0.767 is below 0.8 | Lfrac coverage gap 0.233 exceeds 0.1 | third_integral coverage gap 0.176 exceeds 0.1 | 10 planned shell-band/Lfrac/third-integral cells have no successful orbit,0.9433719433719434,1.0,0.9433719433719434,0.9131274131274131,0.7671957671957672,0.8238095238095238,0.08687258687258692,0.2328042328042328,0.17619047619047623,10.0,0.0,3665.0,3885.0,0.0,not_computed,not_computed,0.0,0.0,0.0,0.0,0.0,0.0,0.0,,,,,,,,,
24.57463429295975,1987.2356015562511,190671.8435846966,1.1618285324878992,inf,-1000000.0,orbit_fail_bh_down,25.0,inf,inf,inf,inf,0.0,0.0,0.0,incomplete_orbit_coverage,1.0,inf,inf,0.0,0.0,0.0,0.0,0.0,nonsingular_isothermal,1.0,0.01,2.0,0.3,1.0,0.0,severe_coverage_warn,0.0,multiple,multiple,1;2;3;4,Lfrac coverage gap 0.199 exceeds 0.1 | third_integral coverage gap 0.155 exceeds 0.1 | 9 planned shell-band/Lfrac/third-integral cells have no successful orbit,0.9516087516087516,1.0,0.9516087516087516,0.9111969111969112,0.801058201058201,0.8452380952380952,0.08880308880308885,0.19894179894179898,0.15476190476190477,9.0,0.0,3697.0,3885.0,0.0,not_computed,not_computed,0.0,0.0,0.0,0.0,0.0,0.0,0.0,,,,,,,,,
30.0,1987.2356015562511,381343.6871693932,1.1618285324878992,inf,-1000000.0,orbit_fail_halo_up,25.0,inf,inf,inf,inf,0.0,0.0,0.0,incomplete_orbit_coverage,1.0,inf,inf,0.0,0.0,0.0,0.0,0.0,nonsingular_isothermal,1.0,0.01,2.0,0.3,1.0,0.0,severe_coverage_warn,0.0,multiple,multiple,1;2;3;4;5,Lfrac minimum coverage 0.799 is below 0.8 | Lfrac coverage gap 0.201 exceeds 0.1 | third_integral coverage gap 0.162 exceeds 0.1 | 9 planned shell-band/Lfrac/third-integral cells have no successful orbit,0.9510939510939511,1.0,0.9510939510939511,0.918918918918919,0.798941798941799,0.8380952380952381,0.08108108108108103,0.20105820105820105,0.16190476190476188,9.0,0.0,3695.0,3885.0,0.0,not_computed,not_computed,0.0,0.0,0.0,0.0,0.0,0.0,0.0,,,,,,,,,
12.287317146479875,1987.2356015562511,381343.6871693932,1.1618285324878992,inf,-1000000.0,orbit_fail_halo_down,25.0,inf,inf,inf,inf,0.0,0.0,0.0,incomplete_orbit_coverage,1.0,inf,inf,0.0,0.0,0.0,0.0,0.0,nonsingular_isothermal,1.0,0.01,2.0,0.3,1.0,0.0,severe_coverage_warn,0.0,multiple,multiple,1;2;3;4;5,Lfrac minimum coverage 0.754 is below 0.8 | Lfrac coverage gap 0.246 exceeds 0.1 | third_integral coverage gap 0.186 exceeds 0.1 | 12 planned shell-band/Lfrac/third-integral cells have no successful orbit,0.9402831402831403,1.0,0.9402831402831403,0.9054054054054054,0.7544973544973544,0.8142857142857143,0.09459459459459463,0.24550264550264556,0.18571428571428572,12.0,0.0,3653.0,3885.0,0.0,not_computed,not_computed,0.0,0.0,0.0,0.0,0.0,0.0,0.0,,,,,,,,,
24.57463429295975,1987.2356015562511,381343.6871693932,1.6,inf,-1000000.0,orbit_fail_ml_up,25.0,inf,inf,inf,inf,0.0,0.0,0.0,incomplete_orbit_coverage,1.0,inf,inf,0.0,0.0,0.0,0.0,0.0,nonsingular_isothermal,1.0,0.01,2.0,0.3,1.0,0.0,severe_coverage_warn,0.0,multiple,multiple,1;2;3;4;5,Lfrac minimum coverage 0.783 is below 0.8 | Lfrac coverage gap 0.217 exceeds 0.1 | third_integral coverage gap 0.167 exceeds 0.1 | 9 planned shell-band/Lfrac/third-integral cells have no successful orbit,0.9472329472329473,1.0,0.9472329472329473,0.9147609147609148,0.783068783068783,0.8333333333333334,0.08523908523908519,0.21693121693121697,0.16666666666666663,9.0,0.0,3680.0,3885.0,0.0,not_computed,not_computed,0.0,0.0,0.0,0.0,0.0,0.0,0.0,,,,,,,,,
24.57463429295975,1987.2356015562511,381343.6871693932,0.5809142662439496,inf,-1000000.0,orbit_fail_ml_down,25.0,inf,inf,inf,inf,0.0,0.0,0.0,incomplete_orbit_coverage,1.0,inf,inf,0.0,0.0,0.0,0.0,0.0,nonsingular_isothermal,1.0,0.01,2.0,0.3,1.0,0.0,severe_coverage_warn,0.0,multiple,multiple,1;2;3;4;5,Lfrac minimum coverage 0.785 is below 0.8 | Lfrac coverage gap 0.215 exceeds 0.1 | third_integral coverage gap 0.169 exceeds 0.1 | 9 planned shell-band/Lfrac/third-integral cells have no successful orbit,0.9477477477477477,1.0,0.9477477477477477,0.916988416988417,0.7851851851851852,0.830952380952381,0.08301158301158296,0.2148148148148148,0.169047619047619,9.0,0.0,3682.0,3885.0,0.0,not_computed,not_computed,0.0,0.0,0.0,0.0,0.0,0.0,0.0,,,,,,,,,
21.37643610949431,1671.4740821958364,622349.1393956246,1.367835892845677,inf,-1000000.0,orbit_fail_full,26.0,inf,inf,inf,inf,0.0,0.0,0.0,incomplete_orbit_coverage,1.0,inf,inf,0.0,0.0,0.0,0.0,0.0,nonsingular_isothermal,1.0,0.01,2.0,0.3,1.0,0.0,severe_coverage_warn,0.0,multiple,multiple,1;2;3;4;5,Lfrac minimum coverage 0.769 is below 0.8 | Lfrac coverage gap 0.231 exceeds 0.1 | third_integral coverage gap 0.176 exceeds 0.1 | 10 planned shell-band/Lfrac/third-integral cells have no successful orbit,0.9438867438867439,1.0,0.9438867438867439,0.9147609147609148,0.7693121693121693,0.8238095238095238,0.08523908523908519,0.23068783068783072,0.17619047619047623,10.0,0.0,3667.0,3885.0,0.0,not_computed,not_computed,0.0,0.0,0.0,0.0,0.0,0.0,0.0,,,,,,,,,
21.37643610949431,1671.4740821958364,0.0,1.367835892845677,193.37693649196237,-193.37693649196237,pass_halo_only,26.0,193.37693649196237,0.13152703276483635,0.2215665418735708,0.3133424084856537,1.0,1.0,15.0,none,0.0,94.53033357925631,98.84660291270605,32.0,32.0,188.0,19.347267163356825,0.11947440792346506,nonsingular_isothermal,1.0,0.01,2.0,0.3,1.0,0.0,strict_pass,1.0,none,none,,,1.0,1.0,1.0,1.0,1.0,1.0,0.0,0.0,0.0,0.0,0.0,3885.0,3885.0,1.0,inverse_phase_volume,geometric_mean,3885.0,3885.0,3885.0,0.0,420.0,0.0,0.0,1.3004726203329486e+34,4.673819740013569e+50,3.5939393624580668e+16,5.632985074825985e-10,20244606.788555857,4.939587172250209e-08,1775257677.2642915,3.5939393624580576e+16,0.0
21.37643610949431,1671.4740821958364,1244698.2787912493,1.367835892845677,inf,-1000000.0,orbit_fail_bh_up,26.0,inf,inf,inf,inf,0.0,0.0,0.0,incomplete_orbit_coverage,1.0,inf,inf,0.0,0.0,0.0,0.0,0.0,nonsingular_isothermal,1.0,0.01,2.0,0.3,1.0,0.0,severe_coverage_warn,0.0,multiple,multiple,1;2;3;4;5,Lfrac minimum coverage 0.752 is below 0.8 | Lfrac coverage gap 0.248 exceeds 0.1 | third_integral coverage gap 0.183 exceeds 0.1 | 12 planned shell-band/Lfrac/third-integral cells have no successful orbit,0.9397683397683397,1.0,0.9397683397683397,0.9054054054054054,0.7523809523809524,0.8166666666666667,0.09459459459459463,0.24761904761904763,0.18333333333333335,12.0,0.0,3651.0,3885.0,0.0,not_computed,not_computed,0.0,0.0,0.0,0.0,0.0,0.0,0.0,,,,,,,,,
21.37643610949431,1671.4740821958364,311174.5696978123,1.367835892845677,inf,-1000000.0,orbit_fail_bh_down,26.0,inf,inf,inf,inf,0.0,0.0,0.0,incomplete_orbit_coverage,1.0,inf,inf,0.0,0.0,0.0,0.0,0.0,nonsingular_isothermal,1.0,0.01,2.0,0.3,1.0,0.0,severe_coverage_warn,0.0,multiple,multiple,1;2;3;4,Lfrac minimum coverage 0.796 is below 0.8 | Lfrac coverage gap 0.204 exceeds 0.1 | third_integral coverage gap 0.167 exceeds 0.1 | 8 planned shell-band/Lfrac/third-integral cells have no successful orbit,0.9503217503217504,1.0,0.9503217503217504,0.9168399168399168,0.7957671957671958,0.8333333333333334,0.08316008316008316,0.2042328042328042,0.16666666666666663,8.0,0.0,3692.0,3885.0,0.0,not_computed,not_computed,0.0,0.0,0.0,0.0,0.0,0.0,0.0,,,,,,,,,
30.0,1671.4740821958364,622349.1393956246,1.367835892845677,inf,-1000000.0,orbit_fail_halo_up,26.0,inf,inf,inf,inf,0.0,0.0,0.0,incomplete_orbit_coverage,1.0,inf,inf,0.0,0.0,0.0,0.0,0.0,nonsingular_isothermal,1.0,0.01,2.0,0.3,1.0,0.0,severe_coverage_warn,0.0,multiple,multiple,1;2;3;4;5,Lfrac minimum coverage 0.789 is below 0.8 | Lfrac coverage gap 0.211 exceeds 0.1 | third_integral coverage gap 0.164 exceeds 0.1 | 8 planned shell-band/Lfrac/third-integral cells have no successful orbit,0.9487773487773488,1.0,0.9487773487773488,0.916988416988417,0.7894179894179895,0.8357142857142857,0.08301158301158296,0.21058201058201054,0.16428571428571426,8.0,0.0,3686.0,3885.0,0.0,not_computed,not_computed,0.0,0.0,0.0,0.0,0.0,0.0,0.0,,,,,,,,,
10.688218054747155,1671.4740821958364,622349.1393956246,1.367835892845677,inf,-1000000.0,orbit_fail_halo_down,26.0,inf,inf,inf,inf,0.0,0.0,0.0,incomplete_orbit_coverage,1.0,inf,inf,0.0,0.0,0.0,0.0,0.0,nonsingular_isothermal,1.0,0.01,2.0,0.3,1.0,0.0,severe_coverage_warn,0.0,multiple,multiple,1;2;3;4;5;6,Lfrac minimum coverage 0.735 is below 0.8 | Lfrac coverage gap 0.265 exceeds 0.1 | third_integral coverage gap 0.19 exceeds 0.1 | 10 planned shell-band/Lfrac/third-integral cells have no successful orbit,0.9356499356499357,1.0,0.9356499356499357,0.9034749034749034,0.7354497354497355,0.8095238095238095,0.09652509652509655,0.26455026455026454,0.19047619047619047,10.0,0.0,3635.0,3885.0,0.0,not_computed,not_computed,0.0,0.0,0.0,0.0,0.0,0.0,0.0,,,,,,,,,
21.37643610949431,1671.4740821958364,622349.1393956246,1.6,inf,-1000000.0,orbit_fail_ml_up,26.0,inf,inf,inf,inf,0.0,0.0,0.0,incomplete_orbit_coverage,1.0,inf,inf,0.0,0.0,0.0,0.0,0.0,nonsingular_isothermal,1.0,0.01,2.0,0.3,1.0,0.0,severe_coverage_warn,0.0,multiple,multiple,1;2;3;4;5,Lfrac minimum coverage 0.768 is below 0.8 | Lfrac coverage gap 0.232 exceeds 0.1 | third_integral coverage gap 0.176 exceeds 0.1 | 11 planned shell-band/Lfrac/third-integral cells have no successful orbit,0.9436293436293436,1.0,0.9436293436293436,0.9111969111969112,0.7682539682539683,0.8238095238095238,0.08880308880308885,0.2317460317460317,0.17619047619047623,11.0,0.0,3666.0,3885.0,0.0,not_computed,not_computed,0.0,0.0,0.0,0.0,0.0,0.0,0.0,,,,,,,,,
21.37643610949431,1671.4740821958364,622349.1393956246,0.6839179464228385,inf,-1000000.0,orbit_fail_ml_down,26.0,inf,inf,inf,inf,0.0,0.0,0.0,incomplete_orbit_coverage,1.0,inf,inf,0.0,0.0,0.0,0.0,0.0,nonsingular_isothermal,1.0,0.01,2.0,0.3,1.0,0.0,severe_coverage_warn,0.0,multiple,multiple,1;2;3;4;5,Lfrac minimum coverage 0.776 is below 0.8 | Lfrac coverage gap 0.224 exceeds 0.1 | third_integral coverage gap 0.174 exceeds 0.1 | 10 planned shell-band/Lfrac/third-integral cells have no successful orbit,0.9454311454311455,1.0,0.9454311454311455,0.9092664092664092,0.7756613756613756,0.8261904761904761,0.09073359073359077,0.2243386243386244,0.17380952380952386,10.0,0.0,3673.0,3885.0,0.0,not_computed,not_computed,0.0,0.0,0.0,0.0,0.0,0.0,0.0,,,,,,,,,
24.39283406019505,4661.988462162228,1369943.4130414797,1.1567780520094884,inf,-1000000.0,orbit_fail_full,27.0,inf,inf,inf,inf,0.0,0.0,0.0,incomplete_orbit_coverage,1.0,inf,inf,0.0,0.0,0.0,0.0,0.0,nonsingular_isothermal,1.0,0.01,2.0,0.3,1.0,0.0,severe_coverage_warn,0.0,multiple,multiple,1;2;3;4;5;6,Lfrac minimum coverage 0.719 is below 0.8 | Lfrac coverage gap 0.281 exceeds 0.1 | third_integral minimum coverage 0.793 is below 0.8 | third_integral coverage gap 0.207 exceeds 0.1 | 14 planned shell-band/Lfrac/third-integral cells have no successful orbit,0.9315315315315316,1.0,0.9315315315315316,0.9054054054054054,0.7185185185185186,0.7928571428571428,0.09459459459459463,0.28148148148148144,0.20714285714285718,14.0,0.0,3619.0,3885.0,0.0,not_computed,not_computed,0.0,0.0,0.0,0.0,0.0,0.0,0.0,,,,,,,,,
24.39283406019505,4661.988462162228,0.0,1.1567780520094884,413.3243445393805,-413.3243445393805,pass_halo_only,27.0,413.3243445393805,0.11568415399432297,0.21490371286138604,0.30391974533285077,1.0,1.0,8.0,none,0.0,186.9149412817096,226.40940325767096,32.0,32.0,1058.0,13.449438265141751,0.22205187550830502,nonsingular_isothermal,1.0,0.01,2.0,0.3,1.0,0.0,strict_pass,1.0,none,none,,,1.0,1.0,1.0,1.0,1.0,1.0,0.0,0.0,0.0,0.0,0.0,3885.0,3885.0,1.0,inverse_phase_volume,geometric_mean,3885.0,3885.0,3885.0,0.0,420.0,0.0,0.0,2.7178373984697984e+34,1.40190089841722e+49,515814853091108.7,1.7667254770133715e-08,9113032.423779754,1.0973295753788577e-07,56601889.371657684,515814853091111.1,0.0
24.39283406019505,4661.988462162228,2500000.0,1.1567780520094884,inf,-1000000.0,orbit_fail_bh_up,27.0,inf,inf,inf,inf,0.0,0.0,0.0,incomplete_orbit_coverage,1.0,inf,inf,0.0,0.0,0.0,0.0,0.0,nonsingular_isothermal,1.0,0.01,2.0,0.3,1.0,0.0,severe_coverage_warn,0.0,multiple,multiple,1;2;3;4;5;6;7,Lfrac minimum coverage 0.687 is below 0.8 | Lfrac coverage gap 0.313 exceeds 0.1 | third_integral minimum coverage 0.779 is below 0.8 | third_integral coverage gap 0.221 exceeds 0.1 | 14 planned shell-band/Lfrac/third-integral cells have no successful orbit,0.9238095238095239,1.0,0.9238095238095239,0.8976833976833977,0.6867724867724868,0.7785714285714286,0.09815859815859818,0.3132275132275132,0.22142857142857142,14.0,0.0,3589.0,3885.0,0.0,not_computed,not_computed,0.0,0.0,0.0,0.0,0.0,0.0,0.0,,,,,,,,,
24.39283406019505,4661.988462162228,684971.7065207398,1.1567780520094884,inf,-1000000.0,orbit_fail_bh_down,27.0,inf,inf,inf,inf,0.0,0.0,0.0,incomplete_orbit_coverage,1.0,inf,inf,0.0,0.0,0.0,0.0,0.0,nonsingular_isothermal,1.0,0.01,2.0,0.3,1.0,0.0,severe_coverage_warn,0.0,multiple,multiple,1;2;3;4;5;6,Lfrac minimum coverage 0.744 is below 0.8 | Lfrac coverage gap 0.256 exceeds 0.1 | third_integral coverage gap 0.195 exceeds 0.1 | 10 planned shell-band/Lfrac/third-integral cells have no successful orbit,0.9377091377091377,1.0,0.9377091377091377,0.9111969111969112,0.7439153439153439,0.8047619047619048,0.08880308880308885,0.25608465608465614,0.1952380952380952,10.0,0.0,3643.0,3885.0,0.0,not_computed,not_computed,0.0,0.0,0.0,0.0,0.0,0.0,0.0,,,,,,,,,
30.0,4661.988462162228,1369943.4130414797,1.1567780520094884,inf,-1000000.0,orbit_fail_halo_up,27.0,inf,inf,inf,inf,0.0,0.0,0.0,incomplete_orbit_coverage,1.0,inf,inf,0.0,0.0,0.0,0.0,0.0,nonsingular_isothermal,1.0,0.01,2.0,0.3,1.0,0.0,severe_coverage_warn,0.0,multiple,multiple,1;2;3;4;5;6,Lfrac minimum coverage 0.739 is below 0.8 | Lfrac coverage gap 0.261 exceeds 0.1 | third_integral minimum coverage 0.798 is below 0.8 | third_integral coverage gap 0.202 exceeds 0.1 | 11 planned shell-band/Lfrac/third-integral cells have no successful orbit,0.9364221364221365,1.0,0.9364221364221365,0.9092664092664092,0.7386243386243386,0.7976190476190477,0.09073359073359077,0.2613756613756614,0.20238095238095233,11.0,0.0,3638.0,3885.0,0.0,not_computed,not_computed,0.0,0.0,0.0,0.0,0.0,0.0,0.0,,,,,,,,,
12.196417030097525,4661.988462162228,1369943.4130414797,1.1567780520094884,inf,-1000000.0,orbit_fail_halo_down,27.0,inf,inf,inf,inf,0.0,0.0,0.0,incomplete_orbit_coverage,1.0,inf,inf,0.0,0.0,0.0,0.0,0.0,nonsingular_isothermal,1.0,0.01,2.0,0.3,1.0,0.0,severe_coverage_warn,0.0,multiple,multiple,1;2;3;4;5;6;7,Lfrac minimum coverage 0.659 is below 0.8 | Lfrac coverage gap 0.341 exceeds 0.1 | third_integral minimum coverage 0.757 is below 0.8 | third_integral coverage gap 0.243 exceeds 0.1 | 15 planned shell-band/Lfrac/third-integral cells have no successful orbit,0.9171171171171171,1.0,0.9171171171171171,0.8996138996138996,0.6592592592592592,0.7571428571428571,0.06296406296406298,0.3407407407407408,0.24285714285714288,15.0,0.0,3563.0,3885.0,0.0,not_computed,not_computed,0.0,0.0,0.0,0.0,0.0,0.0,0.0,,,,,,,,,
24.39283406019505,4661.988462162228,1369943.4130414797,1.6,inf,-1000000.0,orbit_fail_ml_up,27.0,inf,inf,inf,inf,0.0,0.0,0.0,incomplete_orbit_coverage,1.0,inf,inf,0.0,0.0,0.0,0.0,0.0,nonsingular_isothermal,1.0,0.01,2.0,0.3,1.0,0.0,severe_coverage_warn,0.0,multiple,multiple,1;2;3;4;5;6,Lfrac minimum coverage 0.715 is below 0.8 | Lfrac coverage gap 0.285 exceeds 0.1 | third_integral minimum coverage 0.79 is below 0.8 | third_integral coverage gap 0.21 exceeds 0.1 | 14 planned shell-band/Lfrac/third-integral cells have no successful orbit,0.9307593307593307,1.0,0.9307593307593307,0.9054054054054054,0.7153439153439154,0.7904761904761904,0.09459459459459463,0.2846560846560846,0.20952380952380956,14.0,0.0,3616.0,3885.0,0.0,not_computed,not_computed,0.0,0.0,0.0,0.0,0.0,0.0,0.0,,,,,,,,,
24.39283406019505,4661.988462162228,1369943.4130414797,0.5783890260047442,inf,-1000000.0,orbit_fail_ml_down,27.0,inf,inf,inf,inf,0.0,0.0,0.0,incomplete_orbit_coverage,1.0,inf,inf,0.0,0.0,0.0,0.0,0.0,nonsingular_isothermal,1.0,0.01,2.0,0.3,1.0,0.0,severe_coverage_warn,0.0,multiple,multiple,1;2;3;4;5;6,shell_band coverage gap 0.1 exceeds 0.1 | Lfrac minimum coverage 0.714 is below 0.8 | Lfrac coverage gap 0.286 exceeds 0.1 | third_integral minimum coverage 0.79 is below 0.8 | third_integral coverage gap 0.21 exceeds 0.1 | 14 planned shell-band/Lfrac/third-integral cells have no successful orbit,0.9305019305019305,1.0,0.9305019305019305,0.8996138996138996,0.7142857142857143,0.7904761904761904,0.10038610038610041,0.2857142857142857,0.20952380952380956,14.0,0.0,3615.0,3885.0,0.0,not_computed,not_computed,0.0,0.0,0.0,0.0,0.0,0.0,0.0,,,,,,,,,
14.791699803742178,7086.904770894575,1759024.6786888815,0.8129159512850037,inf,-1000000.0,orbit_fail_full,28.0,inf,inf,inf,inf,0.0,0.0,0.0,incomplete_orbit_coverage,1.0,inf,inf,0.0,0.0,0.0,0.0,0.0,nonsingular_isothermal,1.0,0.01,2.0,0.3,1.0,0.0,severe_coverage_warn,0.0,multiple,multiple,1;2;3;4;5;6;7;8,Lfrac minimum coverage 0.619 is below 0.8 | Lfrac coverage gap 0.381 exceeds 0.1 | third_integral minimum coverage 0.75 is below 0.8 | third_integral coverage gap 0.25 exceeds 0.1 | 20 planned shell-band/Lfrac/third-integral cells have no successful orbit,0.9073359073359073,1.0,0.9073359073359073,0.8861003861003861,0.6190476190476191,0.75,0.032818532818532864,0.38095238095238093,0.25,20.0,0.0,3525.0,3885.0,0.0,not_computed,not_computed,0.0,0.0,0.0,0.0,0.0,0.0,0.0,,,,,,,,,
14.791699803742178,7086.904770894575,0.0,0.8129159512850037,891.6247115354163,-891.6247115354163,pass_halo_only,28.0,891.6247115354163,0.21536708980636377,0.21641186301432078,0.3060525917331629,1.0,1.0,15.0,none,0.0,430.51857789903227,461.1061336363838,32.0,32.0,124.0,21.16061046070463,0.0881288685218464,nonsingular_isothermal,1.0,0.01,2.0,0.3,1.0,0.0,strict_pass,1.0,none,none,,,1.0,1.0,1.0,1.0,1.0,1.0,0.0,0.0,0.0,0.0,0.0,3885.0,3885.0,1.0,inverse_phase_volume,geometric_mean,3885.0,3885.0,3885.0,0.0,420.0,0.0,0.0,2.1984855363228464e+32,3.4960721618015545e+47,1590218404460841.5,8.608481639767554e-10,1368936.5938021622,7.30494023264104e-07,1161645040.1432254,1590218404460843.0,0.0
14.791699803742178,7086.904770894575,2500000.0,0.8129159512850037,inf,-1000000.0,orbit_fail_bh_up,28.0,inf,inf,inf,inf,0.0,0.0,0.0,incomplete_orbit_coverage,1.0,inf,inf,0.0,0.0,0.0,0.0,0.0,nonsingular_isothermal,1.0,0.01,2.0,0.3,1.0,0.0,severe_coverage_warn,0.0,multiple,multiple,1;2;3;4;5;6;7;8,Lfrac minimum coverage 0.628 is below 0.8 | Lfrac coverage gap 0.372 exceeds 0.1 | third_integral minimum coverage 0.75 is below 0.8 | third_integral coverage gap 0.25 exceeds 0.1 | 19 planned shell-band/Lfrac/third-integral cells have no successful orbit,0.9093951093951094,1.0,0.9093951093951094,0.8918918918918919,0.6275132275132275,0.75,0.031185031185031242,0.37248677248677253,0.25,19.0,0.0,3533.0,3885.0,0.0,not_computed,not_computed,0.0,0.0,0.0,0.0,0.0,0.0,0.0,,,,,,,,,
14.791699803742178,7086.904770894575,879512.3393444407,0.8129159512850037,inf,-1000000.0,orbit_fail_bh_down,28.0,inf,inf,inf,inf,0.0,0.0,0.0,incomplete_orbit_coverage,1.0,inf,inf,0.0,0.0,0.0,0.0,0.0,nonsingular_isothermal,1.0,0.01,2.0,0.3,1.0,0.0,severe_coverage_warn,0.0,multiple,multiple,1;2;3;4;5;6;7,Lfrac minimum coverage 0.662 is below 0.8 | Lfrac coverage gap 0.338 exceeds 0.1 | third_integral minimum coverage 0.755 is below 0.8 | third_integral coverage gap 0.245 exceeds 0.1 | 16 planned shell-band/Lfrac/third-integral cells have no successful orbit,0.9178893178893179,1.0,0.9178893178893179,0.8957528957528957,0.6624338624338625,0.7547619047619047,0.06890406890406897,0.3375661375661375,0.24523809523809526,16.0,0.0,3566.0,3885.0,0.0,not_computed,not_computed,0.0,0.0,0.0,0.0,0.0,0.0,0.0,,,,,,,,,
29.583399607484356,7086.904770894575,1759024.6786888815,0.8129159512850037,inf,-1000000.0,orbit_fail_halo_up,28.0,inf,inf,inf,inf,0.0,0.0,0.0,incomplete_orbit_coverage,1.0,inf,inf,0.0,0.0,0.0,0.0,0.0,nonsingular_isothermal,1.0,0.01,2.0,0.3,1.0,0.0,severe_coverage_warn,0.0,multiple,multiple,1;2;3;4;5;6;7,Lfrac minimum coverage 0.705 is below 0.8 | Lfrac coverage gap 0.295 exceeds 0.1 | third_integral minimum coverage 0.781 is below 0.8 | third_integral coverage gap 0.219 exceeds 0.1 | 14 planned shell-band/Lfrac/third-integral cells have no successful orbit,0.9281853281853282,1.0,0.9281853281853282,0.9054054054054054,0.7047619047619048,0.780952380952381,0.09043659043659047,0.2952380952380952,0.21904761904761905,14.0,0.0,3606.0,3885.0,0.0,not_computed,not_computed,0.0,0.0,0.0,0.0,0.0,0.0,0.0,,,,,,,,,
7.395849901871089,7086.904770894575,1759024.6786888815,0.8129159512850037,inf,-1000000.0,orbit_fail_halo_down,28.0,inf,inf,inf,inf,0.0,0.0,0.0,incomplete_orbit_coverage,1.0,inf,inf,0.0,0.0,0.0,0.0,0.0,nonsingular_isothermal,1.0,0.01,2.0,0.3,1.0,0.0,severe_coverage_warn,0.0,multiple,multiple,1;2;3;4;5;6;7;8,Lfrac minimum coverage 0.604 is below 0.8 | Lfrac coverage gap 0.396 exceeds 0.1 | third_integral minimum coverage 0.75 is below 0.8 | third_integral coverage gap 0.25 exceeds 0.1 | 20 planned shell-band/Lfrac/third-integral cells have no successful orbit,0.9037323037323037,1.0,0.9037323037323037,0.88996138996139,0.6042328042328042,0.75,0.02895752895752901,0.39576719576719577,0.25,20.0,0.0,3511.0,3885.0,0.0,not_computed,not_computed,0.0,0.0,0.0,0.0,0.0,0.0,0.0,,,,,,,,,
14.791699803742178,7086.904770894575,1759024.6786888815,1.6,inf,-1000000.0,orbit_fail_ml_up,28.0,inf,inf,inf,inf,0.0,0.0,0.0,incomplete_orbit_coverage,1.0,inf,inf,0.0,0.0,0.0,0.0,0.0,nonsingular_isothermal,1.0,0.01,2.0,0.3,1.0,0.0,severe_coverage_warn,0.0,multiple,multiple,1;2;3;4;5;6;7;8,Lfrac minimum coverage 0.625 is below 0.8 | Lfrac coverage gap 0.375 exceeds 0.1 | third_integral minimum coverage 0.75 is below 0.8 | third_integral coverage gap 0.25 exceeds 0.1 | 20 planned shell-band/Lfrac/third-integral cells have no successful orbit,0.9088803088803089,1.0,0.9088803088803089,0.8822393822393823,0.6253968253968254,0.75,0.040837540837540875,0.3746031746031746,0.25,20.0,0.0,3531.0,3885.0,0.0,not_computed,not_computed,0.0,0.0,0.0,0.0,0.0,0.0,0.0,,,,,,,,,
14.791699803742178,7086.904770894575,1759024.6786888815,0.40645797564250186,inf,-1000000.0,orbit_fail_ml_down,28.0,inf,inf,inf,inf,0.0,0.0,0.0,incomplete_orbit_coverage,1.0,inf,inf,0.0,0.0,0.0,0.0,0.0,nonsingular_isothermal,1.0,0.01,2.0,0.3,1.0,0.0,severe_coverage_warn,0.0,multiple,multiple,1;2;3;4;5;6;7;8,Lfrac minimum coverage 0.632 is below 0.8 | Lfrac coverage gap 0.368 exceeds 0.1 | third_integral minimum coverage 0.75 is below 0.8 | third_integral coverage gap 0.25 exceeds 0.1 | 19 planned shell-band/Lfrac/third-integral cells have no successful orbit,0.9104247104247104,1.0,0.9104247104247104,0.8861003861003861,0.6317460317460317,0.75,0.04529254529254534,0.3682539682539683,0.25,19.0,0.0,3537.0,3885.0,0.0,not_computed,not_computed,0.0,0.0,0.0,0.0,0.0,0.0,0.0,,,,,,,,,
6.099329461861034,4233.935561789943,2009431.1122848133,1.385723430704974,inf,-1000000.0,orbit_fail_full,29.0,inf,inf,inf,inf,0.0,0.0,0.0,incomplete_orbit_coverage,1.0,inf,inf,0.0,0.0,0.0,0.0,0.0,nonsingular_isothermal,1.0,0.01,2.0,0.3,1.0,0.0,severe_coverage_warn,0.0,multiple,multiple,1;2;3;4;5;6;7;8,Lfrac minimum coverage 0.594 is below 0.8 | Lfrac coverage gap 0.406 exceeds 0.1 | third_integral minimum coverage 0.752 is below 0.8 | third_integral coverage gap 0.248 exceeds 0.1 | 22 planned shell-band/Lfrac/third-integral cells have no successful orbit,0.9011583011583012,1.0,0.9011583011583012,0.8918918918918919,0.5936507936507937,0.7523809523809524,0.018711018711018768,0.40634920634920635,0.24761904761904763,22.0,0.0,3501.0,3885.0,0.0,not_computed,not_computed,0.0,0.0,0.0,0.0,0.0,0.0,0.0,,,,,,,,,
6.099329461861034,4233.935561789943,0.0,1.385723430704974,893.2591148674261,-893.2591148674261,pass_halo_only,29.0,893.2591148674261,0.16021766755454792,0.22378177517491651,0.31647522146429374,1.0,1.0,37.0,none,0.0,435.15164600705253,458.10746886037333,32.0,32.0,178.0,19.146302525674713,0.11958743971097203,nonsingular_isothermal,1.0,0.01,2.0,0.3,1.0,0.0,strict_pass,1.0,none,none,,,1.0,1.0,1.0,1.0,1.0,1.0,0.0,0.0,0.0,0.0,0.0,3885.0,3885.0,1.0,inverse_phase_volume,geometric_mean,3885.0,3885.0,3885.0,0.0,420.0,0.0,0.0,1.6123880432435597e+30,3.3477415150585225e+46,2.0762629250983776e+16,5.061604006099201e-12,105092.20739393185,9.515453379445726e-06,197565830672.45212,2.0762629250983764e+16,0.0
6.099329461861034,4233.935561789943,2500000.0,1.385723430704974,inf,-1000000.0,orbit_fail_bh_up,29.0,inf,inf,inf,inf,0.0,0.0,0.0,incomplete_orbit_coverage,1.0,inf,inf,0.0,0.0,0.0,0.0,0.0,nonsingular_isothermal,1.0,0.01,2.0,0.3,1.0,0.0,severe_coverage_warn,0.0,multiple,multiple,1;2;3;4;5;6;7;8,Lfrac minimum coverage 0.598 is below 0.8 | Lfrac coverage gap 0.402 exceeds 0.1 | third_integral minimum coverage 0.76 is below 0.8 | third_integral coverage gap 0.24 exceeds 0.1 | 23 planned shell-band/Lfrac/third-integral cells have no successful orbit,0.9021879021879022,1.0,0.9021879021879022,0.893970893970894,0.5978835978835979,0.7595238095238095,0.02079002079002079,0.4021164021164021,0.2404761904761905,23.0,0.0,3505.0,3885.0,0.0,not_computed,not_computed,0.0,0.0,0.0,0.0,0.0,0.0,0.0,,,,,,,,,
6.099329461861034,4233.935561789943,1004715.5561424067,1.385723430704974,inf,-1000000.0,orbit_fail_bh_down,29.0,inf,inf,inf,inf,0.0,0.0,0.0,incomplete_orbit_coverage,1.0,inf,inf,0.0,0.0,0.0,0.0,0.0,nonsingular_isothermal,1.0,0.01,2.0,0.3,1.0,0.0,severe_coverage_warn,0.0,multiple,multiple,1;2;3;4;5;6;7;8,Lfrac minimum coverage 0.625 is below 0.8 | Lfrac coverage gap 0.375 exceeds 0.1 | third_integral minimum coverage 0.752 is below 0.8 | third_integral coverage gap 0.248 exceeds 0.1 | 20 planned shell-band/Lfrac/third-integral cells have no successful orbit,0.9088803088803089,1.0,0.9088803088803089,0.8976833976833977,0.6253968253968254,0.7523809523809524,0.027472527472527486,0.3746031746031746,0.24761904761904763,20.0,0.0,3531.0,3885.0,0.0,not_computed,not_computed,0.0,0.0,0.0,0.0,0.0,0.0,0.0,,,,,,,,,
12.198658923722068,4233.935561789943,2009431.1122848133,1.385723430704974,inf,-1000000.0,orbit_fail_halo_up,29.0,inf,inf,inf,inf,0.0,0.0,0.0,incomplete_orbit_coverage,1.0,inf,inf,0.0,0.0,0.0,0.0,0.0,nonsingular_isothermal,1.0,0.01,2.0,0.3,1.0,0.0,severe_coverage_warn,0.0,multiple,multiple,1;2;3;4;5;6;7,Lfrac minimum coverage 0.642 is below 0.8 | Lfrac coverage gap 0.358 exceeds 0.1 | third_integral minimum coverage 0.752 is below 0.8 | third_integral coverage gap 0.248 exceeds 0.1 | 15 planned shell-band/Lfrac/third-integral cells have no successful orbit,0.912998712998713,1.0,0.912998712998713,0.8981288981288982,0.6423280423280423,0.7523809523809524,0.04158004158004158,0.3576719576719577,0.24761904761904763,15.0,0.0,3547.0,3885.0,0.0,not_computed,not_computed,0.0,0.0,0.0,0.0,0.0,0.0,0.0,,,,,,,,,
3.049664730930517,4233.935561789943,2009431.1122848133,1.385723430704974,inf,-1000000.0,orbit_fail_halo_down,29.0,inf,inf,inf,inf,0.0,0.0,0.0,incomplete_orbit_coverage,1.0,inf,inf,0.0,0.0,0.0,0.0,0.0,nonsingular_isothermal,1.0,0.01,2.0,0.3,1.0,0.0,severe_coverage_warn,0.0,multiple,multiple,1;2;3;4;5;6;7;8,Lfrac minimum coverage 0.572 is below 0.8 | Lfrac coverage gap 0.428 exceeds 0.1 | third_integral minimum coverage 0.755 is below 0.8 | third_integral coverage gap 0.245 exceeds 0.1 | 22 planned shell-band/Lfrac/third-integral cells have no successful orbit,0.896010296010296,1.0,0.896010296010296,0.8822393822393823,0.5724867724867725,0.7547619047619047,0.024205524205524243,0.4275132275132275,0.24523809523809526,22.0,0.0,3481.0,3885.0,0.0,not_computed,not_computed,0.0,0.0,0.0,0.0,0.0,0.0,0.0,,,,,,,,,
6.099329461861034,4233.935561789943,2009431.1122848133,1.6,inf,-1000000.0,orbit_fail_ml_up,29.0,inf,inf,inf,inf,0.0,0.0,0.0,incomplete_orbit_coverage,1.0,inf,inf,0.0,0.0,0.0,0.0,0.0,nonsingular_isothermal,1.0,0.01,2.0,0.3,1.0,0.0,severe_coverage_warn,0.0,multiple,multiple,1;2;3;4;5;6;7;8,Lfrac minimum coverage 0.59 is below 0.8 | Lfrac coverage gap 0.41 exceeds 0.1 | third_integral minimum coverage 0.75 is below 0.8 | third_integral coverage gap 0.25 exceeds 0.1 | 23 planned shell-band/Lfrac/third-integral cells have no successful orbit,0.9003861003861003,1.0,0.9003861003861003,0.8918918918918919,0.5904761904761905,0.75,0.016632016632016633,0.4095238095238095,0.25,23.0,0.0,3498.0,3885.0,0.0,not_computed,not_computed,0.0,0.0,0.0,0.0,0.0,0.0,0.0,,,,,,,,,
6.099329461861034,4233.935561789943,2009431.1122848133,0.692861715352487,inf,-1000000.0,orbit_fail_ml_down,29.0,inf,inf,inf,inf,0.0,0.0,0.0,incomplete_orbit_coverage,1.0,inf,inf,0.0,0.0,0.0,0.0,0.0,nonsingular_isothermal,1.0,0.01,2.0,0.3,1.0,0.0,severe_coverage_warn,0.0,multiple,multiple,1;2;3;4;5;6;7;8,Lfrac minimum coverage 0.592 is below 0.8 | Lfrac coverage gap 0.408 exceeds 0.1 | third_integral minimum coverage 0.752 is below 0.8 | third_integral coverage gap 0.248 exceeds 0.1 | 22 planned shell-band/Lfrac/third-integral cells have no successful orbit,0.9006435006435006,1.0,0.9006435006435006,0.8918918918918919,0.5915343915343916,0.7523809523809524,0.016632016632016633,0.4084656084656084,0.24761904761904763,22.0,0.0,3499.0,3885.0,0.0,not_computed,not_computed,0.0,0.0,0.0,0.0,0.0,0.0,0.0,,,,,,,,,
3.824125920881074,4314.759431953323,2233758.675992484,0.9701510035273158,inf,-1000000.0,orbit_fail_full,30.0,inf,inf,inf,inf,0.0,0.0,0.0,incomplete_orbit_coverage,1.0,inf,inf,0.0,0.0,0.0,0.0,0.0,nonsingular_isothermal,1.0,0.01,2.0,0.3,1.0,0.0,severe_coverage_warn,0.0,multiple,multiple,1;2;3;4;5;6;7;8,Lfrac minimum coverage 0.589 is below 0.8 | Lfrac coverage gap 0.411 exceeds 0.1 | third_integral minimum coverage 0.757 is below 0.8 | third_integral coverage gap 0.243 exceeds 0.1 | 22 planned shell-band/Lfrac/third-integral cells have no successful orbit,0.9001287001287002,1.0,0.9001287001287002,0.8918918918918919,0.5894179894179894,0.7571428571428571,0.01455301455301461,0.4105820105820106,0.24285714285714288,22.0,0.0,3497.0,3885.0,0.0,not_computed,not_computed,0.0,0.0,0.0,0.0,0.0,0.0,0.0,,,,,,,,,
3.824125920881074,4314.759431953323,0.0,0.9701510035273158,893.0431667237175,-893.0431667237175,pass_halo_only,30.0,893.0431667237175,0.05793315256948972,0.22244783624150347,0.38529095440413824,1.0,1.0,7.0,none,0.0,437.56435988935493,455.4788068343624,32.0,32.0,7770.0,25.49235757657942,0.08227763466602153,nonsingular_isothermal,1.0,0.01,2.0,0.3,1.0,0.0,strict_pass,1.0,none,none,,,1.0,1.0,1.0,1.0,1.0,1.0,0.0,0.0,0.0,0.0,0.0,3885.0,3885.0,1.0,inverse_phase_volume,geometric_mean,3885.0,3885.0,3885.0,0.0,420.0,0.0,0.0,4.767256020271477e+29,3.8272752392250963e+45,8028256135081974.0,4.926700263505429e-12,39552.81161619761,2.5282652715148108e-05,202975611771.53558,8028256135082008.0,0.0
3.824125920881074,4314.759431953323,2500000.0,0.9701510035273158,inf,-1000000.0,orbit_fail_bh_up,30.0,inf,inf,inf,inf,0.0,0.0,0.0,incomplete_orbit_coverage,1.0,inf,inf,0.0,0.0,0.0,0.0,0.0,nonsingular_isothermal,1.0,0.01,2.0,0.3,1.0,0.0,severe_coverage_warn,0.0,multiple,multiple,1;2;3;4;5;6;7;8,Lfrac minimum coverage 0.582 is below 0.8 | Lfrac coverage gap 0.418 exceeds 0.1 | third_integral minimum coverage 0.752 is below 0.8 | third_integral coverage gap 0.248 exceeds 0.1 | 22 planned shell-band/Lfrac/third-integral cells have no successful orbit,0.8983268983268984,1.0,0.8983268983268984,0.8938223938223938,0.582010582010582,0.7523809523809524,0.012622512622512683,0.417989417989418,0.24761904761904763,22.0,0.0,3490.0,3885.0,0.0,not_computed,not_computed,0.0,0.0,0.0,0.0,0.0,0.0,0.0,,,,,,,,,
3.824125920881074,4314.759431953323,1116879.337996242,0.9701510035273158,inf,-1000000.0,orbit_fail_bh_down,30.0,inf,inf,inf,inf,0.0,0.0,0.0,incomplete_orbit_coverage,1.0,inf,inf,0.0,0.0,0.0,0.0,0.0,nonsingular_isothermal,1.0,0.01,2.0,0.3,1.0,0.0,severe_coverage_warn,0.0,multiple,multiple,1;2;3;4;5;6;7;8,Lfrac minimum coverage 0.586 is below 0.8 | Lfrac coverage gap 0.414 exceeds 0.1 | third_integral minimum coverage 0.76 is below 0.8 | third_integral coverage gap 0.24 exceeds 0.1 | 23 planned shell-band/Lfrac/third-integral cells have no successful orbit,0.8993564993564993,1.0,0.8993564993564993,0.893970893970894,0.5862433862433862,0.7595238095238095,0.014553014553014498,0.41375661375661377,0.2404761904761905,23.0,0.0,3494.0,3885.0,0.0,not_computed,not_computed,0.0,0.0,0.0,0.0,0.0,0.0,0.0,,,,,,,,,
7.648251841762148,4314.759431953323,2233758.675992484,0.9701510035273158,inf,-1000000.0,orbit_fail_halo_up,30.0,inf,inf,inf,inf,0.0,0.0,0.0,incomplete_orbit_coverage,1.0,inf,inf,0.0,0.0,0.0,0.0,0.0,nonsingular_isothermal,1.0,0.01,2.0,0.3,1.0,0.0,severe_coverage_warn,0.0,multiple,multiple,1;2;3;4;5;6;7;8,Lfrac minimum coverage 0.601 is below 0.8 | Lfrac coverage gap 0.399 exceeds 0.1 | third_integral minimum coverage 0.75 is below 0.8 | third_integral coverage gap 0.25 exceeds 0.1 | 20 planned shell-band/Lfrac/third-integral cells have no successful orbit,0.902960102960103,1.0,0.902960102960103,0.8918918918918919,0.6010582010582011,0.75,0.037422037422037424,0.39894179894179893,0.25,20.0,0.0,3508.0,3885.0,0.0,not_computed,not_computed,0.0,0.0,0.0,0.0,0.0,0.0,0.0,,,,,,,,,
1.912062960440537,4314.759431953323,2233758.675992484,0.9701510035273158,inf,-1000000.0,orbit_fail_halo_down,30.0,inf,inf,inf,inf,0.0,0.0,0.0,incomplete_orbit_coverage,1.0,inf,inf,0.0,0.0,0.0,0.0,0.0,nonsingular_isothermal,1.0,0.01,2.0,0.3,1.0,0.0,severe_coverage_warn,0.0,multiple,multiple,1;2;3;4;5;6;7;8,Lfrac minimum coverage 0.574 is below 0.8 | Lfrac coverage gap 0.426 exceeds 0.1 | third_integral minimum coverage 0.75 is below 0.8 | third_integral coverage gap 0.25 exceeds 0.1 | 25 planned shell-band/Lfrac/third-integral cells have no successful orbit,0.8962676962676963,1.0,0.8962676962676963,0.8898128898128899,0.5735449735449736,0.75,0.014553014553014498,0.4264550264550264,0.25,25.0,0.0,3482.0,3885.0,0.0,not_computed,not_computed,0.0,0.0,0.0,0.0,0.0,0.0,0.0,,,,,,,,,
3.824125920881074,4314.759431953323,2233758.675992484,1.6,inf,-1000000.0,orbit_fail_ml_up,30.0,inf,inf,inf,inf,0.0,0.0,0.0,incomplete_orbit_coverage,1.0,inf,inf,0.0,0.0,0.0,0.0,0.0,nonsingular_isothermal,1.0,0.01,2.0,0.3,1.0,0.0,severe_coverage_warn,0.0,multiple,multiple,1;2;3;4;5;6;7;8,Lfrac minimum coverage 0.579 is below 0.8 | Lfrac coverage gap 0.421 exceeds 0.1 | third_integral minimum coverage 0.752 is below 0.8 | third_integral coverage gap 0.248 exceeds 0.1 | 24 planned shell-band/Lfrac/third-integral cells have no successful orbit,0.8975546975546975,1.0,0.8975546975546975,0.8918918918918919,0.5788359788359788,0.7523809523809524,0.010395010395010451,0.4211640211640212,0.24761904761904763,24.0,0.0,3487.0,3885.0,0.0,not_computed,not_computed,0.0,0.0,0.0,0.0,0.0,0.0,0.0,,,,,,,,,
3.824125920881074,4314.759431953323,2233758.675992484,0.4850755017636579,inf,-1000000.0,orbit_fail_ml_down,30.0,inf,inf,inf,inf,0.0,0.0,0.0,incomplete_orbit_coverage,1.0,inf,inf,0.0,0.0,0.0,0.0,0.0,nonsingular_isothermal,1.0,0.01,2.0,0.3,1.0,0.0,severe_coverage_warn,0.0,multiple,multiple,1;2;3;4;5;6;7;8,Lfrac minimum coverage 0.589 is below 0.8 | Lfrac coverage gap 0.411 exceeds 0.1 | third_integral minimum coverage 0.76 is below 0.8 | third_integral coverage gap 0.24 exceeds 0.1 | 23 planned shell-band/Lfrac/third-integral cells have no successful orbit,0.9001287001287002,1.0,0.9001287001287002,0.8918918918918919,0.5894179894179894,0.7595238095238095,0.016632016632016633,0.4105820105820106,0.2404761904761905,23.0,0.0,3497.0,3885.0,0.0,not_computed,not_computed,0.0,0.0,0.0,0.0,0.0,0.0,0.0,,,,,,,,,
7.429374191147882,4215.1220983975145,91641.62686904565,1.2135757761803005,inf,-1000000.0,orbit_fail_full,31.0,inf,inf,inf,inf,0.0,0.0,0.0,incomplete_orbit_coverage,1.0,inf,inf,0.0,0.0,0.0,0.0,0.0,nonsingular_isothermal,1.0,0.01,2.0,0.3,1.0,0.0,severe_coverage_warn,0.0,multiple,multiple,1;2;3;4;5;6,Lfrac minimum coverage 0.741 is below 0.8 | Lfrac coverage gap 0.259 exceeds 0.1 | third_integral coverage gap 0.198 exceeds 0.1 | 14 planned shell-band/Lfrac/third-integral cells have no successful orbit,0.9369369369369369,1.0,0.9369369369369369,0.9073359073359073,0.7407407407407407,0.8023809523809524,0.0926640926640927,0.2592592592592593,0.19761904761904758,14.0,0.0,3640.0,3885.0,0.0,not_computed,not_computed,0.0,0.0,0.0,0.0,0.0,0.0,0.0,,,,,,,,,
7.429374191147882,4215.1220983975145,0.0,1.2135757761803005,892.4657990728144,-892.4657990728144,pass_halo_only,31.0,892.4657990728144,0.11920923736306577,0.22647424942735467,0.3202829550683745,1.0,1.0,19.0,none,0.0,437.5186660276716,454.9471330451426,32.0,32.0,178.0,18.30561540867347,0.11803285779873876,nonsingular_isothermal,1.0,0.01,2.0,0.3,1.0,0.0,strict_pass,1.0,none,none,,,1.0,1.0,1.0,1.0,1.0,1.0,0.0,0.0,0.0,0.0,0.0,3885.0,3885.0,1.0,inverse_phase_volume,geometric_mean,3885.0,3885.0,3885.0,0.0,420.0,0.0,0.0,1.7912519923316754e+32,1.2442376803978558e+47,694619007110345.0,5.057552713550639e-10,351307.224429477,2.84651134523066e-06,1977240884.3524504,694619007110343.9,0.0
7.429374191147882,4215.1220983975145,183283.2537380913,1.2135757761803005,inf,-1000000.0,orbit_fail_bh_up,31.0,inf,inf,inf,inf,0.0,0.0,0.0,incomplete_orbit_coverage,1.0,inf,inf,0.0,0.0,0.0,0.0,0.0,nonsingular_isothermal,1.0,0.01,2.0,0.3,1.0,0.0,severe_coverage_warn,0.0,multiple,multiple,1;2;3;4;5;6,Lfrac minimum coverage 0.729 is below 0.8 | Lfrac coverage gap 0.271 exceeds 0.1 | third_integral minimum coverage 0.793 is below 0.8 | third_integral coverage gap 0.207 exceeds 0.1 | 11 planned shell-band/Lfrac/third-integral cells have no successful orbit,0.9341055341055341,1.0,0.9341055341055341,0.9073359073359073,0.7291005291005291,0.7928571428571428,0.0926640926640927,0.27089947089947086,0.20714285714285718,11.0,0.0,3629.0,3885.0,0.0,not_computed,not_computed,0.0,0.0,0.0,0.0,0.0,0.0,0.0,,,,,,,,,
7.429374191147882,4215.1220983975145,45820.813434522825,1.2135757761803005,inf,-1000000.0,orbit_fail_bh_down,31.0,inf,inf,inf,inf,0.0,0.0,0.0,incomplete_orbit_coverage,1.0,inf,inf,0.0,0.0,0.0,0.0,0.0,nonsingular_isothermal,1.0,0.01,2.0,0.3,1.0,0.0,severe_coverage_warn,0.0,multiple,multiple,1;2;3;4;5;6,Lfrac minimum coverage 0.763 is below 0.8 | Lfrac coverage gap 0.237 exceeds 0.1 | third_integral coverage gap 0.183 exceeds 0.1 | 9 planned shell-band/Lfrac/third-integral cells have no successful orbit,0.9423423423423424,1.0,0.9423423423423424,0.916988416988417,0.762962962962963,0.8166666666666667,0.08301158301158296,0.23703703703703705,0.18333333333333335,9.0,0.0,3661.0,3885.0,0.0,not_computed,not_computed,0.0,0.0,0.0,0.0,0.0,0.0,0.0,,,,,,,,,
14.858748382295763,4215.1220983975145,91641.62686904565,1.2135757761803005,inf,-1000000.0,orbit_fail_halo_up,31.0,inf,inf,inf,inf,0.0,0.0,0.0,incomplete_orbit_coverage,1.0,inf,inf,0.0,0.0,0.0,0.0,0.0,nonsingular_isothermal,1.0,0.01,2.0,0.3,1.0,0.0,severe_coverage_warn,0.0,multiple,multiple,1;2;3;4;5,Lfrac minimum coverage 0.77 is below 0.8 | Lfrac coverage gap 0.23 exceeds 0.1 | third_integral coverage gap 0.179 exceeds 0.1 | 10 planned shell-band/Lfrac/third-integral cells have no successful orbit,0.9441441441441442,1.0,0.9441441441441442,0.9147609147609148,0.7703703703703704,0.8214285714285714,0.08523908523908519,0.22962962962962963,0.1785714285714286,10.0,0.0,3668.0,3885.0,0.0,not_computed,not_computed,0.0,0.0,0.0,0.0,0.0,0.0,0.0,,,,,,,,,
3.714687095573941,4215.1220983975145,91641.62686904565,1.2135757761803005,inf,-1000000.0,orbit_fail_halo_down,31.0,inf,inf,inf,inf,0.0,0.0,0.0,incomplete_orbit_coverage,1.0,inf,inf,0.0,0.0,0.0,0.0,0.0,nonsingular_isothermal,1.0,0.01,2.0,0.3,1.0,0.0,severe_coverage_warn,0.0,multiple,multiple,1;2;3;4;5;6;7,Lfrac minimum coverage 0.701 is below 0.8 | Lfrac coverage gap 0.299 exceeds 0.1 | third_integral minimum coverage 0.776 is below 0.8 | third_integral coverage gap 0.224 exceeds 0.1 | 12 planned shell-band/Lfrac/third-integral cells have no successful orbit,0.9271557271557271,1.0,0.9271557271557271,0.9054054054054054,0.7005291005291006,0.7761904761904762,0.08627858627858631,0.29947089947089944,0.2238095238095238,12.0,0.0,3602.0,3885.0,0.0,not_computed,not_computed,0.0,0.0,0.0,0.0,0.0,0.0,0.0,,,,,,,,,
7.429374191147882,4215.1220983975145,91641.62686904565,1.6,inf,-1000000.0,orbit_fail_ml_up,31.0,inf,inf,inf,inf,0.0,0.0,0.0,incomplete_orbit_coverage,1.0,inf,inf,0.0,0.0,0.0,0.0,0.0,nonsingular_isothermal,1.0,0.01,2.0,0.3,1.0,0.0,severe_coverage_warn,0.0,multiple,multiple,1;2;3;4;5;6,Lfrac minimum coverage 0.753 is below 0.8 | Lfrac coverage gap 0.247 exceeds 0.1 | third_integral coverage gap 0.195 exceeds 0.1 | 12 planned shell-band/Lfrac/third-integral cells have no successful orbit,0.94002574002574,1.0,0.94002574002574,0.9111969111969112,0.7534391534391535,0.8047619047619048,0.08880308880308885,0.24656084656084654,0.1952380952380952,12.0,0.0,3652.0,3885.0,0.0,not_computed,not_computed,0.0,0.0,0.0,0.0,0.0,0.0,0.0,,,,,,,,,
7.429374191147882,4215.1220983975145,91641.62686904565,0.6067878880901503,inf,-1000000.0,orbit_fail_ml_down,31.0,inf,inf,inf,inf,0.0,0.0,0.0,incomplete_orbit_coverage,1.0,inf,inf,0.0,0.0,0.0,0.0,0.0,nonsingular_isothermal,1.0,0.01,2.0,0.3,1.0,0.0,severe_coverage_warn,0.0,multiple,multiple,1;2;3;4;5;6,Lfrac minimum coverage 0.738 is below 0.8 | Lfrac coverage gap 0.262 exceeds 0.1 | third_integral coverage gap 0.198 exceeds 0.1 | 12 planned shell-band/Lfrac/third-integral cells have no successful orbit,0.9361647361647362,1.0,0.9361647361647362,0.9034749034749034,0.7375661375661375,0.8023809523809524,0.09652509652509655,0.26243386243386246,0.19761904761904758,12.0,0.0,3637.0,3885.0,0.0,not_computed,not_computed,0.0,0.0,0.0,0.0,0.0,0.0,0.0,,,,,,,,,
15.99639408542812,3134.5501016307544,1977705.8691090907,0.6718484378895455,inf,-1000000.0,orbit_fail_full,32.0,inf,inf,inf,inf,0.0,0.0,0.0,incomplete_orbit_coverage,1.0,inf,inf,0.0,0.0,0.0,0.0,0.0,nonsingular_isothermal,1.0,0.01,2.0,0.3,1.0,0.0,severe_coverage_warn,0.0,multiple,multiple,1;2;3;4;5;6,shell_band coverage gap 0.104 exceeds 0.1 | Lfrac minimum coverage 0.692 is below 0.8 | Lfrac coverage gap 0.308 exceeds 0.1 | third_integral minimum coverage 0.783 is below 0.8 | third_integral coverage gap 0.217 exceeds 0.1 | 14 planned shell-band/Lfrac/third-integral cells have no successful orbit,0.9250965250965251,1.0,0.9250965250965251,0.8957528957528957,0.692063492063492,0.7833333333333333,0.10424710424710426,0.30793650793650795,0.21666666666666667,14.0,0.0,3594.0,3885.0,0.0,not_computed,not_computed,0.0,0.0,0.0,0.0,0.0,0.0,0.0,,,,,,,,,
15.99639408542812,3134.5501016307544,0.0,0.6718484378895455,527.9399551613049,-527.9399551613049,pass_halo_only,32.0,527.9399551613049,0.01427732984677732,0.21123581221239174,0.2987325504896069,1.0,1.0,25.0,none,0.0,200.37066908768443,327.56928607362045,32.0,32.0,2094.0,14.866359634252655,0.20195008459325026,nonsingular_isothermal,1.0,0.01,2.0,0.3,1.0,0.0,strict_pass,1.0,none,none,,,1.0,1.0,1.0,1.0,1.0,1.0,0.0,0.0,0.0,0.0,0.0,3885.0,3885.0,1.0,inverse_phase_volume,geometric_mean,3885.0,3885.0,3885.0,0.0,420.0,0.0,0.0,5.622459643103275e+31,1.2643239830111377e+49,2.248702637753934e+17,5.77817872071575e-11,12993405.730687037,7.696211607078971e-08,17306491341.550766,2.2487026377539133e+17,0.0
15.99639408542812,3134.5501016307544,2500000.0,0.6718484378895455,inf,-1000000.0,orbit_fail_bh_up,32.0,inf,inf,inf,inf,0.0,0.0,0.0,incomplete_orbit_coverage,1.0,inf,inf,0.0,0.0,0.0,0.0,0.0,nonsingular_isothermal,1.0,0.01,2.0,0.3,1.0,0.0,severe_coverage_warn,0.0,multiple,multiple,1;2;3;4;5;6;7,Lfrac minimum coverage 0.683 is below 0.8 | Lfrac coverage gap 0.317 exceeds 0.1 | third_integral minimum coverage 0.776 is below 0.8 | third_integral coverage gap 0.224 exceeds 0.1 | 14 planned shell-band/Lfrac/third-integral cells have no successful orbit,0.9227799227799228,1.0,0.9227799227799228,0.9022869022869023,0.6825396825396826,0.7761904761904762,0.0935550935550935,0.31746031746031744,0.2238095238095238,14.0,0.0,3585.0,3885.0,0.0,not_computed,not_computed,0.0,0.0,0.0,0.0,0.0,0.0,0.0,,,,,,,,,
15.99639408542812,3134.5501016307544,988852.9345545453,0.6718484378895455,inf,-1000000.0,orbit_fail_bh_down,32.0,inf,inf,inf,inf,0.0,0.0,0.0,incomplete_orbit_coverage,1.0,inf,inf,0.0,0.0,0.0,0.0,0.0,nonsingular_isothermal,1.0,0.01,2.0,0.3,1.0,0.0,severe_coverage_warn,0.0,multiple,multiple,1;2;3;4;5;6,Lfrac minimum coverage 0.722 is below 0.8 | Lfrac coverage gap 0.278 exceeds 0.1 | third_integral minimum coverage 0.795 is below 0.8 | third_integral coverage gap 0.205 exceeds 0.1 | 11 planned shell-band/Lfrac/third-integral cells have no successful orbit,0.9323037323037323,1.0,0.9323037323037323,0.9034749034749034,0.7216931216931217,0.7952380952380952,0.09652509652509655,0.2783068783068783,0.2047619047619048,11.0,0.0,3622.0,3885.0,0.0,not_computed,not_computed,0.0,0.0,0.0,0.0,0.0,0.0,0.0,,,,,,,,,
30.0,3134.5501016307544,1977705.8691090907,0.6718484378895455,inf,-1000000.0,orbit_fail_halo_up,32.0,inf,inf,inf,inf,0.0,0.0,0.0,incomplete_orbit_coverage,1.0,inf,inf,0.0,0.0,0.0,0.0,0.0,nonsingular_isothermal,1.0,0.01,2.0,0.3,1.0,0.0,severe_coverage_warn,0.0,multiple,multiple,1;2;3;4;5;6,Lfrac minimum coverage 0.741 is below 0.8 | Lfrac coverage gap 0.259 exceeds 0.1 | third_integral coverage gap 0.198 exceeds 0.1 | 11 planned shell-band/Lfrac/third-integral cells have no successful orbit,0.9369369369369369,1.0,0.9369369369369369,0.9126819126819127,0.7407407407407407,0.8023809523809524,0.08731808731808732,0.2592592592592593,0.19761904761904758,11.0,0.0,3640.0,3885.0,0.0,not_computed,not_computed,0.0,0.0,0.0,0.0,0.0,0.0,0.0,,,,,,,,,
7.99819704271406,3134.5501016307544,1977705.8691090907,0.6718484378895455,inf,-1000000.0,orbit_fail_halo_down,32.0,inf,inf,inf,inf,0.0,0.0,0.0,incomplete_orbit_coverage,1.0,inf,inf,0.0,0.0,0.0,0.0,0.0,nonsingular_isothermal,1.0,0.01,2.0,0.3,1.0,0.0,severe_coverage_warn,0.0,multiple,multiple,1;2;3;4;5;6;7;8,Lfrac minimum coverage 0.625 is below 0.8 | Lfrac coverage gap 0.375 exceeds 0.1 | third_integral minimum coverage 0.75 is below 0.8 | third_integral coverage gap 0.25 exceeds 0.1 | 19 planned shell-band/Lfrac/third-integral cells have no successful orbit,0.9088803088803089,1.0,0.9088803088803089,0.8918918918918919,0.6253968253968254,0.75,0.04365904365904372,0.3746031746031746,0.25,19.0,0.0,3531.0,3885.0,0.0,not_computed,not_computed,0.0,0.0,0.0,0.0,0.0,0.0,0.0,,,,,,,,,
15.99639408542812,3134.5501016307544,1977705.8691090907,1.343696875779091,inf,-1000000.0,orbit_fail_ml_up,32.0,inf,inf,inf,inf,0.0,0.0,0.0,incomplete_orbit_coverage,1.0,inf,inf,0.0,0.0,0.0,0.0,0.0,nonsingular_isothermal,1.0,0.01,2.0,0.3,1.0,0.0,severe_coverage_warn,0.0,multiple,multiple,1;2;3;4;5;6,shell_band coverage gap 0.102 exceeds 0.1 | Lfrac minimum coverage 0.69 is below 0.8 | Lfrac coverage gap 0.31 exceeds 0.1 | third_integral minimum coverage 0.786 is below 0.8 | third_integral coverage gap 0.214 exceeds 0.1 | 15 planned shell-band/Lfrac/third-integral cells have no successful orbit,0.9245817245817246,1.0,0.9245817245817246,0.8976833976833977,0.68994708994709,0.7857142857142857,0.10231660231660233,0.31005291005291,0.2142857142857143,15.0,0.0,3592.0,3885.0,0.0,not_computed,not_computed,0.0,0.0,0.0,0.0,0.0,0.0,0.0,,,,,,,,,
15.99639408542812,3134.5501016307544,1977705.8691090907,0.33592421894477276,inf,-1000000.0,orbit_fail_ml_down,32.0,inf,inf,inf,inf,0.0,0.0,0.0,incomplete_orbit_coverage,1.0,inf,inf,0.0,0.0,0.0,0.0,0.0,nonsingular_isothermal,1.0,0.01,2.0,0.3,1.0,0.0,severe_coverage_warn,0.0,multiple,multiple,1;2;3;4;5;6,shell_band coverage gap 0.102 exceeds 0.1 | Lfrac minimum coverage 0.691 is below 0.8 | Lfrac coverage gap 0.309 exceeds 0.1 | third_integral minimum coverage 0.783 is below 0.8 | third_integral coverage gap 0.217 exceeds 0.1 | 13 planned shell-band/Lfrac/third-integral cells have no successful orbit,0.9248391248391249,1.0,0.9248391248391249,0.8976833976833977,0.691005291005291,0.7833333333333333,0.10231660231660233,0.30899470899470904,0.21666666666666667,13.0,0.0,3593.0,3885.0,0.0,not_computed,not_computed,0.0,0.0,0.0,0.0,0.0,0.0,0.0,,,,,,,,,
24.997521038223212,6815.704796426122,397812.73982653103,0.4247136433050236,inf,-1000000.0,orbit_fail_full,33.0,inf,inf,inf,inf,0.0,0.0,0.0,incomplete_orbit_coverage,1.0,inf,inf,0.0,0.0,0.0,0.0,0.0,nonsingular_isothermal,1.0,0.01,2.0,0.3,1.0,0.0,severe_coverage_warn,0.0,multiple,multiple,1;2;3;4;5;6,Lfrac minimum coverage 0.726 is below 0.8 | Lfrac coverage gap 0.274 exceeds 0.1 | third_integral coverage gap 0.198 exceeds 0.1 | 16 planned shell-band/Lfrac/third-integral cells have no successful orbit,0.9333333333333333,1.0,0.9333333333333333,0.9034749034749034,0.725925925925926,0.8023809523809524,0.09652509652509655,0.274074074074074,0.19761904761904758,16.0,0.0,3626.0,3885.0,0.0,not_computed,not_computed,0.0,0.0,0.0,0.0,0.0,0.0,0.0,,,,,,,,,
24.997521038223212,6815.704796426122,0.0,0.4247136433050236,869.2893538231027,-869.2893538231027,pass_halo_only,33.0,869.2893538231027,0.22963267939758225,0.1982887602624279,0.2804226540292223,1.0,1.0,9.0,none,0.0,455.6060357830734,413.683318040029,32.0,32.0,3062.0,32.78470958765608,0.08860612110342019,nonsingular_isothermal,1.0,0.01,2.0,0.3,1.0,0.0,strict_pass,1.0,none,none,,,1.0,1.0,1.0,1.0,1.0,1.0,0.0,0.0,0.0,0.0,0.0,3885.0,3885.0,1.0,inverse_phase_volume,geometric_mean,3885.0,3885.0,3885.0,0.0,420.0,0.0,0.0,6.035283569346361e+33,3.415819691669055e+48,565975012179750.6,2.4425471506919242e-08,13824206.53362465,7.233688223390598e-08,40940867.803379774,565975012179745.8,0.0
24.997521038223212,6815.704796426122,795625.4796530621,0.4247136433050236,inf,-1000000.0,orbit_fail_bh_up,33.0,inf,inf,inf,inf,0.0,0.0,0.0,incomplete_orbit_coverage,1.0,inf,inf,0.0,0.0,0.0,0.0,0.0,nonsingular_isothermal,1.0,0.01,2.0,0.3,1.0,0.0,severe_coverage_warn,0.0,multiple,multiple,1;2;3;4;5;6,Lfrac minimum coverage 0.716 is below 0.8 | Lfrac coverage gap 0.284 exceeds 0.1 | third_integral minimum coverage 0.793 is below 0.8 | third_integral coverage gap 0.207 exceeds 0.1 | 11 planned shell-band/Lfrac/third-integral cells have no successful orbit,0.931016731016731,1.0,0.931016731016731,0.9054054054054054,0.7164021164021164,0.7928571428571428,0.09459459459459463,0.2835978835978836,0.20714285714285718,11.0,0.0,3617.0,3885.0,0.0,not_computed,not_computed,0.0,0.0,0.0,0.0,0.0,0.0,0.0,,,,,,,,,
24.997521038223212,6815.704796426122,198906.36991326552,0.4247136433050236,inf,-1000000.0,orbit_fail_bh_down,33.0,inf,inf,inf,inf,0.0,0.0,0.0,incomplete_orbit_coverage,1.0,inf,inf,0.0,0.0,0.0,0.0,0.0,nonsingular_isothermal,1.0,0.01,2.0,0.3,1.0,0.0,severe_coverage_warn,0.0,multiple,multiple,1;2;3;4;5;6,Lfrac minimum coverage 0.746 is below 0.8 | Lfrac coverage gap 0.254 exceeds 0.1 | third_integral coverage gap 0.19 exceeds 0.1 | 10 planned shell-band/Lfrac/third-integral cells have no successful orbit,0.9382239382239382,1.0,0.9382239382239382,0.9092664092664092,0.746031746031746,0.8095238095238095,0.09073359073359077,0.25396825396825395,0.19047619047619047,10.0,0.0,3645.0,3885.0,0.0,not_computed,not_computed,0.0,0.0,0.0,0.0,0.0,0.0,0.0,,,,,,,,,
30.0,6815.704796426122,397812.73982653103,0.4247136433050236,inf,-1000000.0,orbit_fail_halo_up,33.0,inf,inf,inf,inf,0.0,0.0,0.0,incomplete_orbit_coverage,1.0,inf,inf,0.0,0.0,0.0,0.0,0.0,nonsingular_isothermal,1.0,0.01,2.0,0.3,1.0,0.0,severe_coverage_warn,0.0,multiple,multiple,1;2;3;4;5;6,Lfrac minimum coverage 0.737 is below 0.8 | Lfrac coverage gap 0.263 exceeds 0.1 | third_integral coverage gap 0.193 exceeds 0.1 | 11 planned shell-band/Lfrac/third-integral cells have no successful orbit,0.9359073359073359,1.0,0.9359073359073359,0.9054054054054054,0.7365079365079366,0.8071428571428572,0.09459459459459463,0.26349206349206344,0.19285714285714284,11.0,0.0,3636.0,3885.0,0.0,not_computed,not_computed,0.0,0.0,0.0,0.0,0.0,0.0,0.0,,,,,,,,,
12.498760519111606,6815.704796426122,397812.73982653103,0.4247136433050236,inf,-1000000.0,orbit_fail_halo_down,33.0,inf,inf,inf,inf,0.0,0.0,0.0,incomplete_orbit_coverage,1.0,inf,inf,0.0,0.0,0.0,0.0,0.0,nonsingular_isothermal,1.0,0.01,2.0,0.3,1.0,0.0,severe_coverage_warn,0.0,multiple,multiple,1;2;3;4;5;6;7,Lfrac minimum coverage 0.679 is below 0.8 | Lfrac coverage gap 0.321 exceeds 0.1 | third_integral minimum coverage 0.774 is below 0.8 | third_integral coverage gap 0.226 exceeds 0.1 | 17 planned shell-band/Lfrac/third-integral cells have no successful orbit,0.922007722007722,1.0,0.922007722007722,0.8957528957528957,0.6793650793650794,0.7738095238095238,0.09385209385209392,0.3206349206349206,0.22619047619047616,17.0,0.0,3582.0,3885.0,0.0,not_computed,not_computed,0.0,0.0,0.0,0.0,0.0,0.0,0.0,,,,,,,,,
24.997521038223212,6815.704796426122,397812.73982653103,0.8494272866100472,inf,-1000000.0,orbit_fail_ml_up,33.0,inf,inf,inf,inf,0.0,0.0,0.0,incomplete_orbit_coverage,1.0,inf,inf,0.0,0.0,0.0,0.0,0.0,nonsingular_isothermal,1.0,0.01,2.0,0.3,1.0,0.0,severe_coverage_warn,0.0,multiple,multiple,1;2;3;4;5;6,Lfrac minimum coverage 0.735 is below 0.8 | Lfrac coverage gap 0.265 exceeds 0.1 | third_integral coverage gap 0.198 exceeds 0.1 | 10 planned shell-band/Lfrac/third-integral cells have no successful orbit,0.9356499356499357,1.0,0.9356499356499357,0.9111969111969112,0.7354497354497355,0.8023809523809524,0.08880308880308885,0.26455026455026454,0.19761904761904758,10.0,0.0,3635.0,3885.0,0.0,not_computed,not_computed,0.0,0.0,0.0,0.0,0.0,0.0,0.0,,,,,,,,,
24.997521038223212,6815.704796426122,397812.73982653103,0.2123568216525118,inf,-1000000.0,orbit_fail_ml_down,33.0,inf,inf,inf,inf,0.0,0.0,0.0,incomplete_orbit_coverage,1.0,inf,inf,0.0,0.0,0.0,0.0,0.0,nonsingular_isothermal,1.0,0.01,2.0,0.3,1.0,0.0,severe_coverage_warn,0.0,multiple,multiple,1;2;3;4;5;6,Lfrac minimum coverage 0.731 is below 0.8 | Lfrac coverage gap 0.269 exceeds 0.1 | third_integral coverage gap 0.198 exceeds 0.1 | 13 planned shell-band/Lfrac/third-integral cells have no successful orbit,0.9346203346203347,1.0,0.9346203346203347,0.9092664092664092,0.7312169312169312,0.8023809523809524,0.09073359073359077,0.2687830687830688,0.19761904761904758,13.0,0.0,3631.0,3885.0,0.0,not_computed,not_computed,0.0,0.0,0.0,0.0,0.0,0.0,0.0,,,,,,,,,
14.4687659522567,6408.857017797132,1275835.080500753,0.6568225155601256,inf,-1000000.0,orbit_fail_full,34.0,inf,inf,inf,inf,0.0,0.0,0.0,incomplete_orbit_coverage,1.0,inf,inf,0.0,0.0,0.0,0.0,0.0,nonsingular_isothermal,1.0,0.01,2.0,0.3,1.0,0.0,severe_coverage_warn,0.0,multiple,multiple,1;2;3;4;5;6;7;8,Lfrac minimum coverage 0.644 is below 0.8 | Lfrac coverage gap 0.356 exceeds 0.1 | third_integral minimum coverage 0.75 is below 0.8 | third_integral coverage gap 0.25 exceeds 0.1 | 18 planned shell-band/Lfrac/third-integral cells have no successful orbit,0.9135135135135135,1.0,0.9135135135135135,0.8957528957528957,0.6444444444444445,0.75,0.04395604395604402,0.3555555555555555,0.25,18.0,0.0,3549.0,3885.0,0.0,not_computed,not_computed,0.0,0.0,0.0,0.0,0.0,0.0,0.0,,,,,,,,,
14.4687659522567,6408.857017797132,0.0,0.6568225155601256,886.0810551660724,-886.0810551660724,pass_halo_only,34.0,886.0810551660724,0.19388230962340458,0.22430808986074846,0.3172195428310163,1.0,1.0,9.0,none,0.0,430.0646441139202,456.01641105215185,32.0,32.0,154.0,24.146664388660906,0.0883381291703294,nonsingular_isothermal,1.0,0.01,2.0,0.3,1.0,0.0,strict_pass,1.0,none,none,,,1.0,1.0,1.0,1.0,1.0,1.0,0.0,0.0,0.0,0.0,0.0,3885.0,3885.0,1.0,inverse_phase_volume,geometric_mean,3885.0,3885.0,3885.0,0.0,420.0,0.0,0.0,1.2702886042828378e+32,4.80664682100297e+47,3783901394373793.5,5.92288674787016e-10,2241161.9423983963,4.4619711814749203e-07,1688365897.5238636,3783901394373794.0,0.0
14.4687659522567,6408.857017797132,2500000.0,0.6568225155601256,inf,-1000000.0,orbit_fail_bh_up,34.0,inf,inf,inf,inf,0.0,0.0,0.0,incomplete_orbit_coverage,1.0,inf,inf,0.0,0.0,0.0,0.0,0.0,nonsingular_isothermal,1.0,0.01,2.0,0.3,1.0,0.0,severe_coverage_warn,0.0,multiple,multiple,1;2;3;4;5;6;7;8,Lfrac minimum coverage 0.622 is below 0.8 | Lfrac coverage gap 0.378 exceeds 0.1 | third_integral minimum coverage 0.75 is below 0.8 | third_integral coverage gap 0.25 exceeds 0.1 | 19 planned shell-band/Lfrac/third-integral cells have no successful orbit,0.9081081081081082,1.0,0.9081081081081082,0.88996138996139,0.6222222222222222,0.75,0.03519453519453519,0.37777777777777777,0.25,19.0,0.0,3528.0,3885.0,0.0,not_computed,not_computed,0.0,0.0,0.0,0.0,0.0,0.0,0.0,,,,,,,,,
14.4687659522567,6408.857017797132,637917.5402503764,0.6568225155601256,inf,-1000000.0,orbit_fail_bh_down,34.0,inf,inf,inf,inf,0.0,0.0,0.0,incomplete_orbit_coverage,1.0,inf,inf,0.0,0.0,0.0,0.0,0.0,nonsingular_isothermal,1.0,0.01,2.0,0.3,1.0,0.0,severe_coverage_warn,0.0,multiple,multiple,1;2;3;4;5;6;7,Lfrac minimum coverage 0.688 is below 0.8 | Lfrac coverage gap 0.312 exceeds 0.1 | third_integral minimum coverage 0.774 is below 0.8 | third_integral coverage gap 0.226 exceeds 0.1 | 13 planned shell-band/Lfrac/third-integral cells have no successful orbit,0.924066924066924,1.0,0.924066924066924,0.8938223938223938,0.6878306878306878,0.7738095238095238,0.09578259578259585,0.3121693121693122,0.22619047619047616,13.0,0.0,3590.0,3885.0,0.0,not_computed,not_computed,0.0,0.0,0.0,0.0,0.0,0.0,0.0,,,,,,,,,
28.9375319045134,6408.857017797132,1275835.080500753,0.6568225155601256,inf,-1000000.0,orbit_fail_halo_up,34.0,inf,inf,inf,inf,0.0,0.0,0.0,incomplete_orbit_coverage,1.0,inf,inf,0.0,0.0,0.0,0.0,0.0,nonsingular_isothermal,1.0,0.01,2.0,0.3,1.0,0.0,severe_coverage_warn,0.0,multiple,multiple,1;2;3;4;5;6,shell_band coverage gap 0.1 exceeds 0.1 | Lfrac minimum coverage 0.712 is below 0.8 | Lfrac coverage gap 0.288 exceeds 0.1 | third_integral minimum coverage 0.786 is below 0.8 | third_integral coverage gap 0.214 exceeds 0.1 | 13 planned shell-band/Lfrac/third-integral cells have no successful orbit,0.92998712998713,1.0,0.92998712998713,0.8996138996138996,0.7121693121693121,0.7857142857142857,0.10038610038610041,0.2878306878306879,0.2142857142857143,13.0,0.0,3613.0,3885.0,0.0,not_computed,not_computed,0.0,0.0,0.0,0.0,0.0,0.0,0.0,,,,,,,,,
7.23438297612835,6408.857017797132,1275835.080500753,0.6568225155601256,inf,-1000000.0,orbit_fail_halo_down,34.0,inf,inf,inf,inf,0.0,0.0,0.0,incomplete_orbit_coverage,1.0,inf,inf,0.0,0.0,0.0,0.0,0.0,nonsingular_isothermal,1.0,0.01,2.0,0.3,1.0,0.0,severe_coverage_warn,0.0,multiple,multiple,1;2;3;4;5;6;7;8,Lfrac minimum coverage 0.614 is below 0.8 | Lfrac coverage gap 0.386 exceeds 0.1 | third_integral minimum coverage 0.75 is below 0.8 | third_integral coverage gap 0.25 exceeds 0.1 | 19 planned shell-band/Lfrac/third-integral cells have no successful orbit,0.9060489060489061,1.0,0.9060489060489061,0.8861003861003861,0.6137566137566137,0.75,0.03697653697653702,0.3862433862433863,0.25,19.0,0.0,3520.0,3885.0,0.0,not_computed,not_computed,0.0,0.0,0.0,0.0,0.0,0.0,0.0,,,,,,,,,
14.4687659522567,6408.857017797132,1275835.080500753,1.3136450311202512,inf,-1000000.0,orbit_fail_ml_up,34.0,inf,inf,inf,inf,0.0,0.0,0.0,incomplete_orbit_coverage,1.0,inf,inf,0.0,0.0,0.0,0.0,0.0,nonsingular_isothermal,1.0,0.01,2.0,0.3,1.0,0.0,severe_coverage_warn,0.0,multiple,multiple,1;2;3;4;5;6;7,Lfrac minimum coverage 0.661 is below 0.8 | Lfrac coverage gap 0.339 exceeds 0.1 | third_integral minimum coverage 0.752 is below 0.8 | third_integral coverage gap 0.248 exceeds 0.1 | 15 planned shell-band/Lfrac/third-integral cells have no successful orbit,0.9176319176319176,1.0,0.9176319176319176,0.9015444015444015,0.6613756613756614,0.7523809523809524,0.044401544401544424,0.3386243386243386,0.24761904761904763,15.0,0.0,3565.0,3885.0,0.0,not_computed,not_computed,0.0,0.0,0.0,0.0,0.0,0.0,0.0,,,,,,,,,
14.4687659522567,6408.857017797132,1275835.080500753,0.3284112577800628,inf,-1000000.0,orbit_fail_ml_down,34.0,inf,inf,inf,inf,0.0,0.0,0.0,incomplete_orbit_coverage,1.0,inf,inf,0.0,0.0,0.0,0.0,0.0,nonsingular_isothermal,1.0,0.01,2.0,0.3,1.0,0.0,severe_coverage_warn,0.0,multiple,multiple,1;2;3;4;5;6;7;8,Lfrac minimum coverage 0.643 is below 0.8 | Lfrac coverage gap 0.357 exceeds 0.1 | third_integral minimum coverage 0.75 is below 0.8 | third_integral coverage gap 0.25 exceeds 0.1 | 17 planned shell-band/Lfrac/third-integral cells have no successful orbit,0.9132561132561132,1.0,0.9132561132561132,0.8938223938223938,0.6433862433862434,0.75,0.04796554796554797,0.3566137566137566,0.25,17.0,0.0,3548.0,3885.0,0.0,not_computed,not_computed,0.0,0.0,0.0,0.0,0.0,0.0,0.0,,,,,,,,,
5.1841645254086055,6526.820778814299,1811379.2221230615,1.1342663257507828,inf,-1000000.0,orbit_fail_full,35.0,inf,inf,inf,inf,0.0,0.0,0.0,incomplete_orbit_coverage,1.0,inf,inf,0.0,0.0,0.0,0.0,0.0,nonsingular_isothermal,1.0,0.01,2.0,0.3,1.0,0.0,severe_coverage_warn,0.0,multiple,multiple,1;2;3;4;5;6;7;8,Lfrac minimum coverage 0.592 is below 0.8 | Lfrac coverage gap 0.408 exceeds 0.1 | third_integral minimum coverage 0.752 is below 0.8 | third_integral coverage gap 0.248 exceeds 0.1 | 21 planned shell-band/Lfrac/third-integral cells have no successful orbit,0.9006435006435006,1.0,0.9006435006435006,0.8803088803088803,0.5915343915343916,0.7523809523809524,0.03237303237303235,0.4084656084656084,0.24761904761904763,21.0,0.0,3499.0,3885.0,0.0,not_computed,not_computed,0.0,0.0,0.0,0.0,0.0,0.0,0.0,,,,,,,,,
5.1841645254086055,6526.820778814299,0.0,1.1342663257507828,889.7117008080107,-889.7117008080107,pass_halo_only,35.0,889.7117008080107,0.09205663269688102,0.21390759116522728,0.3025110165203692,1.0,1.0,2.0,none,0.0,432.58532753218617,457.12637327582433,32.0,32.0,1121.0,13.107278760516701,0.11737498886723813,nonsingular_isothermal,1.0,0.01,2.0,0.3,1.0,0.0,strict_pass,1.0,none,none,,,1.0,1.0,1.0,1.0,1.0,1.0,0.0,0.0,0.0,0.0,0.0,3885.0,3885.0,1.0,inverse_phase_volume,geometric_mean,3885.0,3885.0,3885.0,0.0,420.0,0.0,0.0,9.299693499301193e+29,2.5127058370178423e+45,2701923280812055.5,9.245184458518488e-12,24979.779123872773,4.0032379591551956e-05,108164418404.71909,2701923280812042.0,0.0
5.1841645254086055,6526.820778814299,2500000.0,1.1342663257507828,inf,-1000000.0,orbit_fail_bh_up,35.0,inf,inf,inf,inf,0.0,0.0,0.0,incomplete_orbit_coverage,1.0,inf,inf,0.0,0.0,0.0,0.0,0.0,nonsingular_isothermal,1.0,0.01,2.0,0.3,1.0,0.0,severe_coverage_warn,0.0,multiple,multiple,1;2;3;4;5;6;7;8,Lfrac minimum coverage 0.589 is below 0.8 | Lfrac coverage gap 0.411 exceeds 0.1 | third_integral minimum coverage 0.757 is below 0.8 | third_integral coverage gap 0.243 exceeds 0.1 | 22 planned shell-band/Lfrac/third-integral cells have no successful orbit,0.9001287001287002,1.0,0.9001287001287002,0.8822393822393823,0.5894179894179894,0.7571428571428571,0.0283635283635284,0.4105820105820106,0.24285714285714288,22.0,0.0,3497.0,3885.0,0.0,not_computed,not_computed,0.0,0.0,0.0,0.0,0.0,0.0,0.0,,,,,,,,,
5.1841645254086055,6526.820778814299,905689.6110615308,1.1342663257507828,inf,-1000000.0,orbit_fail_bh_down,35.0,inf,inf,inf,inf,0.0,0.0,0.0,incomplete_orbit_coverage,1.0,inf,inf,0.0,0.0,0.0,0.0,0.0,nonsingular_isothermal,1.0,0.01,2.0,0.3,1.0,0.0,severe_coverage_warn,0.0,multiple,multiple,1;2;3;4;5;6;7;8,Lfrac minimum coverage 0.599 is below 0.8 | Lfrac coverage gap 0.401 exceeds 0.1 | third_integral minimum coverage 0.75 is below 0.8 | third_integral coverage gap 0.25 exceeds 0.1 | 21 planned shell-band/Lfrac/third-integral cells have no successful orbit,0.9024453024453024,1.0,0.9024453024453024,0.8861003861003861,0.5989417989417989,0.75,0.032818532818532864,0.4010582010582011,0.25,21.0,0.0,3506.0,3885.0,0.0,not_computed,not_computed,0.0,0.0,0.0,0.0,0.0,0.0,0.0,,,,,,,,,
10.368329050817211,6526.820778814299,1811379.2221230615,1.1342663257507828,inf,-1000000.0,orbit_fail_halo_up,35.0,inf,inf,inf,inf,0.0,0.0,0.0,incomplete_orbit_coverage,1.0,inf,inf,0.0,0.0,0.0,0.0,0.0,nonsingular_isothermal,1.0,0.01,2.0,0.3,1.0,0.0,severe_coverage_warn,0.0,multiple,multiple,1;2;3;4;5;6;7;8,Lfrac minimum coverage 0.61 is below 0.8 | Lfrac coverage gap 0.39 exceeds 0.1 | third_integral minimum coverage 0.75 is below 0.8 | third_integral coverage gap 0.25 exceeds 0.1 | 19 planned shell-band/Lfrac/third-integral cells have no successful orbit,0.905019305019305,1.0,0.905019305019305,0.8861003861003861,0.6095238095238096,0.75,0.03489753489753489,0.3904761904761904,0.25,19.0,0.0,3516.0,3885.0,0.0,not_computed,not_computed,0.0,0.0,0.0,0.0,0.0,0.0,0.0,,,,,,,,,
2.5920822627043028,6526.820778814299,1811379.2221230615,1.1342663257507828,inf,-1000000.0,orbit_fail_halo_down,35.0,inf,inf,inf,inf,0.0,0.0,0.0,incomplete_orbit_coverage,1.0,inf,inf,0.0,0.0,0.0,0.0,0.0,nonsingular_isothermal,1.0,0.01,2.0,0.3,1.0,0.0,severe_coverage_warn,0.0,multiple,multiple,1;2;3;4;5;6;7;8,Lfrac minimum coverage 0.557 is below 0.8 | Lfrac coverage gap 0.443 exceeds 0.1 | third_integral minimum coverage 0.755 is below 0.8 | third_integral coverage gap 0.245 exceeds 0.1 | 25 planned shell-band/Lfrac/third-integral cells have no successful orbit,0.8921492921492922,1.0,0.8921492921492922,0.8725868725868726,0.5566137566137566,0.7547619047619047,0.027621027621027583,0.44338624338624344,0.24523809523809526,25.0,0.0,3466.0,3885.0,0.0,not_computed,not_computed,0.0,0.0,0.0,0.0,0.0,0.0,0.0,,,,,,,,,
5.1841645254086055,6526.820778814299,1811379.2221230615,1.6,inf,-1000000.0,orbit_fail_ml_up,35.0,inf,inf,inf,inf,0.0,0.0,0.0,incomplete_orbit_coverage,1.0,inf,inf,0.0,0.0,0.0,0.0,0.0,nonsingular_isothermal,1.0,0.01,2.0,0.3,1.0,0.0,severe_coverage_warn,0.0,multiple,multiple,1;2;3;4;5;6;7;8,Lfrac minimum coverage 0.587 is below 0.8 | Lfrac coverage gap 0.413 exceeds 0.1 | third_integral minimum coverage 0.752 is below 0.8 | third_integral coverage gap 0.248 exceeds 0.1 | 20 planned shell-band/Lfrac/third-integral cells have no successful orbit,0.8996138996138996,1.0,0.8996138996138996,0.8803088803088803,0.5873015873015873,0.7523809523809524,0.02613602613602617,0.4126984126984127,0.24761904761904763,20.0,0.0,3495.0,3885.0,0.0,not_computed,not_computed,0.0,0.0,0.0,0.0,0.0,0.0,0.0,,,,,,,,,
5.1841645254086055,6526.820778814299,1811379.2221230615,0.5671331628753914,inf,-1000000.0,orbit_fail_ml_down,35.0,inf,inf,inf,inf,0.0,0.0,0.0,incomplete_orbit_coverage,1.0,inf,inf,0.0,0.0,0.0,0.0,0.0,nonsingular_isothermal,1.0,0.01,2.0,0.3,1.0,0.0,severe_coverage_warn,0.0,multiple,multiple,1;2;3;4;5;6;7;8,Lfrac minimum coverage 0.582 is below 0.8 | Lfrac coverage gap 0.418 exceeds 0.1 | third_integral minimum coverage 0.75 is below 0.8 | third_integral coverage gap 0.25 exceeds 0.1 | 23 planned shell-band/Lfrac/third-integral cells have no successful orbit,0.8983268983268984,1.0,0.8983268983268984,0.8803088803088803,0.582010582010582,0.75,0.028215028215028193,0.417989417989418,0.25,23.0,0.0,3490.0,3885.0,0.0,not_computed,not_computed,0.0,0.0,0.0,0.0,0.0,0.0,0.0,,,,,,,,,
17.498235822264895,2632.05832871845,430842.0440583774,0.8989988394363786,inf,-1000000.0,orbit_fail_full,36.0,inf,inf,inf,inf,0.0,0.0,0.0,incomplete_orbit_coverage,1.0,inf,inf,0.0,0.0,0.0,0.0,0.0,nonsingular_isothermal,1.0,0.01,2.0,0.3,1.0,0.0,severe_coverage_warn,0.0,multiple,multiple,1;2;3;4;5,Lfrac minimum coverage 0.754 is below 0.8 | Lfrac coverage gap 0.246 exceeds 0.1 | third_integral coverage gap 0.181 exceeds 0.1 | 12 planned shell-band/Lfrac/third-integral cells have no successful orbit,0.9402831402831403,1.0,0.9402831402831403,0.9092664092664092,0.7544973544973544,0.819047619047619,0.09073359073359077,0.24550264550264556,0.18095238095238098,12.0,0.0,3653.0,3885.0,0.0,not_computed,not_computed,0.0,0.0,0.0,0.0,0.0,0.0,0.0,,,,,,,,,
17.498235822264895,2632.05832871845,0.0,0.8989988394363786,414.20745475141223,-414.20745475141223,pass_halo_only,36.0,414.20745475141223,0.18693796960229747,0.20998036193564434,0.29695707568134594,1.0,1.0,32.0,none,0.0,165.91789879303562,248.2895559583766,32.0,32.0,1461.0,15.464770971260279,0.18894448952268209,nonsingular_isothermal,1.0,0.01,2.0,0.3,1.0,0.0,strict_pass,1.0,none,none,,,1.0,1.0,1.0,1.0,1.0,1.0,0.0,0.0,0.0,0.0,0.0,3885.0,3885.0,1.0,inverse_phase_volume,geometric_mean,3885.0,3885.0,3885.0,0.0,420.0,0.0,0.0,3.776575469096138e+34,3.646229397267998e+49,965485643569215.9,1.512920164940844e-08,14607026.991167568,6.846020073795099e-08,66097340.96835841,965485643569217.2,0.0
17.498235822264895,2632.05832871845,861684.0881167548,0.8989988394363786,inf,-1000000.0,orbit_fail_bh_up,36.0,inf,inf,inf,inf,0.0,0.0,0.0,incomplete_orbit_coverage,1.0,inf,inf,0.0,0.0,0.0,0.0,0.0,nonsingular_isothermal,1.0,0.01,2.0,0.3,1.0,0.0,severe_coverage_warn,0.0,multiple,multiple,1;2;3;4;5;6,shell_band coverage gap 0.102 exceeds 0.1 | Lfrac minimum coverage 0.731 is below 0.8 | Lfrac coverage gap 0.269 exceeds 0.1 | third_integral coverage gap 0.19 exceeds 0.1 | 11 planned shell-band/Lfrac/third-integral cells have no successful orbit,0.9346203346203347,1.0,0.9346203346203347,0.8976833976833977,0.7312169312169312,0.8095238095238095,0.10231660231660233,0.2687830687830688,0.19047619047619047,11.0,0.0,3631.0,3885.0,0.0,not_computed,not_computed,0.0,0.0,0.0,0.0,0.0,0.0,0.0,,,,,,,,,
17.498235822264895,2632.05832871845,215421.0220291887,0.8989988394363786,inf,-1000000.0,orbit_fail_bh_down,36.0,inf,inf,inf,inf,0.0,0.0,0.0,incomplete_orbit_coverage,1.0,inf,inf,0.0,0.0,0.0,0.0,0.0,nonsingular_isothermal,1.0,0.01,2.0,0.3,1.0,0.0,severe_coverage_warn,0.0,multiple,multiple,1;2;3;4;5,Lfrac minimum coverage 0.766 is below 0.8 | Lfrac coverage gap 0.234 exceeds 0.1 | third_integral coverage gap 0.179 exceeds 0.1 | 10 planned shell-band/Lfrac/third-integral cells have no successful orbit,0.9431145431145431,1.0,0.9431145431145431,0.9147609147609148,0.7661375661375661,0.8214285714285714,0.08523908523908519,0.23386243386243388,0.1785714285714286,10.0,0.0,3664.0,3885.0,0.0,not_computed,not_computed,0.0,0.0,0.0,0.0,0.0,0.0,0.0,,,,,,,,,
30.0,2632.05832871845,430842.0440583774,0.8989988394363786,inf,-1000000.0,orbit_fail_halo_up,36.0,inf,inf,inf,inf,0.0,0.0,0.0,incomplete_orbit_coverage,1.0,inf,inf,0.0,0.0,0.0,0.0,0.0,nonsingular_isothermal,1.0,0.01,2.0,0.3,1.0,0.0,severe_coverage_warn,0.0,multiple,multiple,1;2;3;4;5,Lfrac minimum coverage 0.776 is below 0.8 | Lfrac coverage gap 0.224 exceeds 0.1 | third_integral coverage gap 0.176 exceeds 0.1 | 10 planned shell-band/Lfrac/third-integral cells have no successful orbit,0.9454311454311455,1.0,0.9454311454311455,0.9131274131274131,0.7756613756613756,0.8238095238095238,0.08687258687258692,0.2243386243386244,0.17619047619047623,10.0,0.0,3673.0,3885.0,0.0,not_computed,not_computed,0.0,0.0,0.0,0.0,0.0,0.0,0.0,,,,,,,,,
8.749117911132448,2632.05832871845,430842.0440583774,0.8989988394363786,inf,-1000000.0,orbit_fail_halo_down,36.0,inf,inf,inf,inf,0.0,0.0,0.0,incomplete_orbit_coverage,1.0,inf,inf,0.0,0.0,0.0,0.0,0.0,nonsingular_isothermal,1.0,0.01,2.0,0.3,1.0,0.0,severe_coverage_warn,0.0,multiple,multiple,1;2;3;4;5;6,Lfrac minimum coverage 0.714 is below 0.8 | Lfrac coverage gap 0.286 exceeds 0.1 | third_integral minimum coverage 0.795 is below 0.8 | third_integral coverage gap 0.205 exceeds 0.1 | 12 planned shell-band/Lfrac/third-integral cells have no successful orbit,0.9305019305019305,1.0,0.9305019305019305,0.9054054054054054,0.7142857142857143,0.7952380952380952,0.09459459459459463,0.2857142857142857,0.2047619047619048,12.0,0.0,3615.0,3885.0,0.0,not_computed,not_computed,0.0,0.0,0.0,0.0,0.0,0.0,0.0,,,,,,,,,
17.498235822264895,2632.05832871845,430842.0440583774,1.6,inf,-1000000.0,orbit_fail_ml_up,36.0,inf,inf,inf,inf,0.0,0.0,0.0,incomplete_orbit_coverage,1.0,inf,inf,0.0,0.0,0.0,0.0,0.0,nonsingular_isothermal,1.0,0.01,2.0,0.3,1.0,0.0,severe_coverage_warn,0.0,multiple,multiple,1;2;3;4;5,Lfrac minimum coverage 0.758 is below 0.8 | Lfrac coverage gap 0.242 exceeds 0.1 | third_integral coverage gap 0.186 exceeds 0.1 | 11 planned shell-band/Lfrac/third-integral cells have no successful orbit,0.941055341055341,1.0,0.941055341055341,0.9034749034749034,0.7576719576719577,0.8142857142857143,0.09652509652509655,0.24232804232804228,0.18571428571428572,11.0,0.0,3656.0,3885.0,0.0,not_computed,not_computed,0.0,0.0,0.0,0.0,0.0,0.0,0.0,,,,,,,,,
17.498235822264895,2632.05832871845,430842.0440583774,0.4494994197181893,inf,-1000000.0,orbit_fail_ml_down,36.0,inf,inf,inf,inf,0.0,0.0,0.0,incomplete_orbit_coverage,1.0,inf,inf,0.0,0.0,0.0,0.0,0.0,nonsingular_isothermal,1.0,0.01,2.0,0.3,1.0,0.0,severe_coverage_warn,0.0,multiple,multiple,1;2;3;4;5,Lfrac minimum coverage 0.758 is below 0.8 | Lfrac coverage gap 0.242 exceeds 0.1 | third_integral coverage gap 0.183 exceeds 0.1 | 11 planned shell-band/Lfrac/third-integral cells have no successful orbit,0.941055341055341,1.0,0.941055341055341,0.9111969111969112,0.7576719576719577,0.8166666666666667,0.08880308880308885,0.24232804232804228,0.18333333333333335,11.0,0.0,3656.0,3885.0,0.0,not_computed,not_computed,0.0,0.0,0.0,0.0,0.0,0.0,0.0,,,,,,,,,
0.13501770580855776,7452.210239680752,375547.9959917701,0.9174832985767687,inf,-1000000.0,orbit_fail_full,37.0,inf,inf,inf,inf,0.0,0.0,0.0,incomplete_orbit_coverage,1.0,inf,inf,0.0,0.0,0.0,0.0,0.0,nonsingular_isothermal,1.0,0.01,2.0,0.3,1.0,0.0,severe_coverage_warn,0.0,multiple,multiple,1;2;3;4;5;6;7;8,Lfrac minimum coverage 0.588 is below 0.8 | Lfrac coverage gap 0.412 exceeds 0.1 | third_integral minimum coverage 0.75 is below 0.8 | third_integral coverage gap 0.25 exceeds 0.1 | 24 planned shell-band/Lfrac/third-integral cells have no successful orbit,0.8998712998712999,1.0,0.8998712998712999,0.8822393822393823,0.5883597883597883,0.75,0.026284526284526266,0.4116402116402117,0.25,24.0,0.0,3496.0,3885.0,0.0,not_computed,not_computed,0.0,0.0,0.0,0.0,0.0,0.0,0.0,,,,,,,,,
0.13501770580855776,7452.210239680752,0.0,0.9174832985767687,inf,-1000000.0,orbit_fail_halo_only,37.0,inf,inf,inf,inf,0.0,0.0,0.0,incomplete_orbit_coverage,1.0,inf,inf,0.0,0.0,0.0,0.0,0.0,nonsingular_isothermal,1.0,0.01,2.0,0.3,1.0,0.0,severe_coverage_warn,0.0,multiple,multiple,2;3;4;5;6;7;8,total orbit coverage 0.735 is below 0.85 | shell_band minimum coverage 0.445 is below 0.8 | shell_band coverage gap 0.441 exceeds 0.1 | Lfrac minimum coverage 0.414 is below 0.8 | Lfrac coverage gap 0.586 exceeds 0.1 | third_integral minimum coverage 0.567 is below 0.8 | third_integral coverage gap 0.433 exceeds 0.1 | 56 planned shell-band/Lfrac/third-integral cells have no successful orbit,0.7353925353925354,1.0,0.7353925353925354,0.44490644490644493,0.41375661375661377,0.5666666666666667,0.4407484407484408,0.5862433862433862,0.43333333333333335,56.0,0.0,2857.0,3885.0,0.0,not_computed,not_computed,0.0,0.0,0.0,0.0,0.0,0.0,0.0,,,,,,,,,
0.13501770580855776,7452.210239680752,751095.9919835402,0.9174832985767687,inf,-1000000.0,orbit_fail_bh_up,37.0,inf,inf,inf,inf,0.0,0.0,0.0,incomplete_orbit_coverage,1.0,inf,inf,0.0,0.0,0.0,0.0,0.0,nonsingular_isothermal,1.0,0.01,2.0,0.3,1.0,0.0,severe_coverage_warn,0.0,multiple,multiple,1;2;3;4;5;6;7;8,Lfrac minimum coverage 0.578 is below 0.8 | Lfrac coverage gap 0.422 exceeds 0.1 | third_integral minimum coverage 0.75 is below 0.8 | third_integral coverage gap 0.25 exceeds 0.1 | 24 planned shell-band/Lfrac/third-integral cells have no successful orbit,0.8972972972972973,1.0,0.8972972972972973,0.8861003861003861,0.5777777777777777,0.75,0.02034452034452039,0.4222222222222223,0.25,24.0,0.0,3486.0,3885.0,0.0,not_computed,not_computed,0.0,0.0,0.0,0.0,0.0,0.0,0.0,,,,,,,,,
0.13501770580855776,7452.210239680752,187773.99799588506,0.9174832985767687,inf,-1000000.0,orbit_fail_bh_down,37.0,inf,inf,inf,inf,0.0,0.0,0.0,incomplete_orbit_coverage,1.0,inf,inf,0.0,0.0,0.0,0.0,0.0,nonsingular_isothermal,1.0,0.01,2.0,0.3,1.0,0.0,severe_coverage_warn,0.0,multiple,multiple,1;2;3;4;5;6;7;8,Lfrac minimum coverage 0.608 is below 0.8 | Lfrac coverage gap 0.392 exceeds 0.1 | third_integral minimum coverage 0.75 is below 0.8 | third_integral coverage gap 0.25 exceeds 0.1 | 24 planned shell-band/Lfrac/third-integral cells have no successful orbit,0.9047619047619048,1.0,0.9047619047619048,0.8861003861003861,0.6084656084656085,0.75,0.02658152658152657,0.3915343915343915,0.25,24.0,0.0,3515.0,3885.0,0.0,not_computed,not_computed,0.0,0.0,0.0,0.0,0.0,0.0,0.0,,,,,,,,,
0.27003541161711553,7452.210239680752,375547.9959917701,0.9174832985767687,inf,-1000000.0,orbit_fail_halo_up,37.0,inf,inf,inf,inf,0.0,0.0,0.0,incomplete_orbit_coverage,1.0,inf,inf,0.0,0.0,0.0,0.0,0.0,nonsingular_isothermal,1.0,0.01,2.0,0.3,1.0,0.0,severe_coverage_warn,0.0,multiple,multiple,1;2;3;4;5;6;7;8,Lfrac minimum coverage 0.611 is below 0.8 | Lfrac coverage gap 0.389 exceeds 0.1 | third_integral minimum coverage 0.75 is below 0.8 | third_integral coverage gap 0.25 exceeds 0.1 | 24 planned shell-band/Lfrac/third-integral cells have no successful orbit,0.9052767052767052,1.0,0.9052767052767052,0.88996138996139,0.6105820105820106,0.75,0.024799524799524852,0.38941798941798944,0.25,24.0,0.0,3517.0,3885.0,0.0,not_computed,not_computed,0.0,0.0,0.0,0.0,0.0,0.0,0.0,,,,,,,,,
0.06750885290427888,7452.210239680752,375547.9959917701,0.9174832985767687,inf,-1000000.0,orbit_fail_halo_down,37.0,inf,inf,inf,inf,0.0,0.0,0.0,incomplete_orbit_coverage,1.0,inf,inf,0.0,0.0,0.0,0.0,0.0,nonsingular_isothermal,1.0,0.01,2.0,0.3,1.0,0.0,severe_coverage_warn,0.0,multiple,multiple,1;2;3;4;5;6;7;8,Lfrac minimum coverage 0.582 is below 0.8 | Lfrac coverage gap 0.418 exceeds 0.1 | third_integral minimum coverage 0.75 is below 0.8 | third_integral coverage gap 0.25 exceeds 0.1 | 24 planned shell-band/Lfrac/third-integral cells have no successful orbit,0.8983268983268984,1.0,0.8983268983268984,0.888030888030888,0.582010582010582,0.75,0.016335016335016328,0.417989417989418,0.25,24.0,0.0,3490.0,3885.0,0.0,not_computed,not_computed,0.0,0.0,0.0,0.0,0.0,0.0,0.0,,,,,,,,,
0.13501770580855776,7452.210239680752,375547.9959917701,1.6,inf,-1000000.0,orbit_fail_ml_up,37.0,inf,inf,inf,inf,0.0,0.0,0.0,incomplete_orbit_coverage,1.0,inf,inf,0.0,0.0,0.0,0.0,0.0,nonsingular_isothermal,1.0,0.01,2.0,0.3,1.0,0.0,severe_coverage_warn,0.0,multiple,multiple,1;2;3;4;5;6;7;8,Lfrac minimum coverage 0.608 is below 0.8 | Lfrac coverage gap 0.392 exceeds 0.1 | third_integral minimum coverage 0.75 is below 0.8 | third_integral coverage gap 0.25 exceeds 0.1 | 24 planned shell-band/Lfrac/third-integral cells have no successful orbit,0.9047619047619048,1.0,0.9047619047619048,0.8861003861003861,0.6084656084656085,0.75,0.02658152658152657,0.3915343915343915,0.25,24.0,0.0,3515.0,3885.0,0.0,not_computed,not_computed,0.0,0.0,0.0,0.0,0.0,0.0,0.0,,,,,,,,,
0.13501770580855776,7452.210239680752,375547.9959917701,0.45874164928838435,inf,-1000000.0,orbit_fail_ml_down,37.0,inf,inf,inf,inf,0.0,0.0,0.0,incomplete_orbit_coverage,1.0,inf,inf,0.0,0.0,0.0,0.0,0.0,nonsingular_isothermal,1.0,0.01,2.0,0.3,1.0,0.0,severe_coverage_warn,0.0,multiple,multiple,1;2;3;4;5;6;7;8,Lfrac minimum coverage 0.584 is below 0.8 | Lfrac coverage gap 0.416 exceeds 0.1 | third_integral minimum coverage 0.75 is below 0.8 | third_integral coverage gap 0.25 exceeds 0.1 | 24 planned shell-band/Lfrac/third-integral cells have no successful orbit,0.8988416988416988,1.0,0.8988416988416988,0.8841698841698842,0.5841269841269842,0.75,0.022275022275022316,0.41587301587301584,0.25,24.0,0.0,3492.0,3885.0,0.0,not_computed,not_computed,0.0,0.0,0.0,0.0,0.0,0.0,0.0,,,,,,,,,
27.506894574789865,5191.263928067958,1592241.367229362,0.6155314537470353,inf,-1000000.0,orbit_fail_full,38.0,inf,inf,inf,inf,0.0,0.0,0.0,incomplete_orbit_coverage,1.0,inf,inf,0.0,0.0,0.0,0.0,0.0,nonsingular_isothermal,1.0,0.01,2.0,0.3,1.0,0.0,severe_coverage_warn,0.0,multiple,multiple,1;2;3;4;6,Lfrac minimum coverage 0.72 is below 0.8 | Lfrac coverage gap 0.28 exceeds 0.1 | third_integral minimum coverage 0.79 is below 0.8 | third_integral coverage gap 0.21 exceeds 0.1 | 11 planned shell-band/Lfrac/third-integral cells have no successful orbit,0.9317889317889317,1.0,0.9317889317889317,0.9054054054054054,0.7195767195767195,0.7904761904761904,0.09459459459459463,0.28042328042328046,0.20952380952380956,11.0,0.0,3620.0,3885.0,0.0,not_computed,not_computed,0.0,0.0,0.0,0.0,0.0,0.0,0.0,,,,,,,,,
27.506894574789865,5191.263928067958,0.0,0.6155314537470353,597.9026207479166,-597.9026207479166,pass_halo_only,38.0,597.9026207479166,0.09155778671515691,0.1962064041597445,0.2774777577871176,1.0,1.0,20.0,none,0.0,258.372654804606,339.5299659433104,32.0,32.0,147.0,13.670912202609713,0.20724573087962622,nonsingular_isothermal,1.0,0.01,2.0,0.3,1.0,0.0,strict_pass,1.0,none,none,,,1.0,1.0,1.0,1.0,1.0,1.0,0.0,0.0,0.0,0.0,0.0,3885.0,3885.0,1.0,inverse_phase_volume,geometric_mean,3885.0,3885.0,3885.0,0.0,420.0,0.0,0.0,3.266885424121807e+32,1.4921853015759806e+49,4.5676083114457704e+16,4.202806777532057e-10,19196775.168456234,5.209208271830888e-08,2379362299.8467064,4.567608311445817e+16,0.0
27.506894574789865,5191.263928067958,2500000.0,0.6155314537470353,inf,-1000000.0,orbit_fail_bh_up,38.0,inf,inf,inf,inf,0.0,0.0,0.0,incomplete_orbit_coverage,1.0,inf,inf,0.0,0.0,0.0,0.0,0.0,nonsingular_isothermal,1.0,0.01,2.0,0.3,1.0,0.0,severe_coverage_warn,0.0,multiple,multiple,1;2;3;4;5;6;7,Lfrac minimum coverage 0.705 is below 0.8 | Lfrac coverage gap 0.295 exceeds 0.1 | third_integral minimum coverage 0.781 is below 0.8 | third_integral coverage gap 0.219 exceeds 0.1 | 16 planned shell-band/Lfrac/third-integral cells have no successful orbit,0.9281853281853282,1.0,0.9281853281853282,0.9034749034749034,0.7047619047619048,0.780952380952381,0.09652509652509655,0.2952380952380952,0.21904761904761905,16.0,0.0,3606.0,3885.0,0.0,not_computed,not_computed,0.0,0.0,0.0,0.0,0.0,0.0,0.0,,,,,,,,,
27.506894574789865,5191.263928067958,796120.683614681,0.6155314537470353,inf,-1000000.0,orbit_fail_bh_down,38.0,inf,inf,inf,inf,0.0,0.0,0.0,incomplete_orbit_coverage,1.0,inf,inf,0.0,0.0,0.0,0.0,0.0,nonsingular_isothermal,1.0,0.01,2.0,0.3,1.0,0.0,severe_coverage_warn,0.0,multiple,multiple,1;2;3;4;5;6,Lfrac minimum coverage 0.733 is below 0.8 | Lfrac coverage gap 0.267 exceeds 0.1 | third_integral coverage gap 0.198 exceeds 0.1 | 14 planned shell-band/Lfrac/third-integral cells have no successful orbit,0.9351351351351351,1.0,0.9351351351351351,0.9092664092664092,0.7333333333333333,0.8023809523809524,0.09073359073359077,0.2666666666666667,0.19761904761904758,14.0,0.0,3633.0,3885.0,0.0,not_computed,not_computed,0.0,0.0,0.0,0.0,0.0,0.0,0.0,,,,,,,,,
30.0,5191.263928067958,1592241.367229362,0.6155314537470353,inf,-1000000.0,orbit_fail_halo_up,38.0,inf,inf,inf,inf,0.0,0.0,0.0,incomplete_orbit_coverage,1.0,inf,inf,0.0,0.0,0.0,0.0,0.0,nonsingular_isothermal,1.0,0.01,2.0,0.3,1.0,0.0,severe_coverage_warn,0.0,multiple,multiple,1;2;3;4;5;6,Lfrac minimum coverage 0.723 is below 0.8 | Lfrac coverage gap 0.277 exceeds 0.1 | third_integral minimum coverage 0.793 is below 0.8 | third_integral coverage gap 0.207 exceeds 0.1 | 11 planned shell-band/Lfrac/third-integral cells have no successful orbit,0.9325611325611326,1.0,0.9325611325611326,0.9034749034749034,0.7227513227513227,0.7928571428571428,0.09652509652509655,0.2772486772486773,0.20714285714285718,11.0,0.0,3623.0,3885.0,0.0,not_computed,not_computed,0.0,0.0,0.0,0.0,0.0,0.0,0.0,,,,,,,,,
13.753447287394932,5191.263928067958,1592241.367229362,0.6155314537470353,inf,-1000000.0,orbit_fail_halo_down,38.0,inf,inf,inf,inf,0.0,0.0,0.0,incomplete_orbit_coverage,1.0,inf,inf,0.0,0.0,0.0,0.0,0.0,nonsingular_isothermal,1.0,0.01,2.0,0.3,1.0,0.0,severe_coverage_warn,0.0,multiple,multiple,1;2;3;4;5;6;7,Lfrac minimum coverage 0.649 is below 0.8 | Lfrac coverage gap 0.351 exceeds 0.1 | third_integral minimum coverage 0.752 is below 0.8 | third_integral coverage gap 0.248 exceeds 0.1 | 17 planned shell-band/Lfrac/third-integral cells have no successful orbit,0.9145431145431145,1.0,0.9145431145431145,0.8976833976833977,0.6486772486772486,0.7523809523809524,0.05034155034155041,0.35132275132275137,0.24761904761904763,17.0,0.0,3553.0,3885.0,0.0,not_computed,not_computed,0.0,0.0,0.0,0.0,0.0,0.0,0.0,,,,,,,,,
27.506894574789865,5191.263928067958,1592241.367229362,1.2310629074940707,inf,-1000000.0,orbit_fail_ml_up,38.0,inf,inf,inf,inf,0.0,0.0,0.0,incomplete_orbit_coverage,1.0,inf,inf,0.0,0.0,0.0,0.0,0.0,nonsingular_isothermal,1.0,0.01,2.0,0.3,1.0,0.0,severe_coverage_warn,0.0,multiple,multiple,1;2;3;4;5;6,Lfrac minimum coverage 0.714 is below 0.8 | Lfrac coverage gap 0.286 exceeds 0.1 | third_integral minimum coverage 0.79 is below 0.8 | third_integral coverage gap 0.21 exceeds 0.1 | 13 planned shell-band/Lfrac/third-integral cells have no successful orbit,0.9305019305019305,1.0,0.9305019305019305,0.9073359073359073,0.7142857142857143,0.7904761904761904,0.0926640926640927,0.2857142857142857,0.20952380952380956,13.0,0.0,3615.0,3885.0,0.0,not_computed,not_computed,0.0,0.0,0.0,0.0,0.0,0.0,0.0,,,,,,,,,
27.506894574789865,5191.263928067958,1592241.367229362,0.30776572687351766,inf,-1000000.0,orbit_fail_ml_down,38.0,inf,inf,inf,inf,0.0,0.0,0.0,incomplete_orbit_coverage,1.0,inf,inf,0.0,0.0,0.0,0.0,0.0,nonsingular_isothermal,1.0,0.01,2.0,0.3,1.0,0.0,severe_coverage_warn,0.0,multiple,multiple,1;2;3;4;5;6,Lfrac minimum coverage 0.714 is below 0.8 | Lfrac coverage gap 0.286 exceeds 0.1 | third_integral minimum coverage 0.79 is below 0.8 | third_integral coverage gap 0.21 exceeds 0.1 | 13 planned shell-band/Lfrac/third-integral cells have no successful orbit,0.9305019305019305,1.0,0.9305019305019305,0.9034749034749034,0.7142857142857143,0.7904761904761904,0.09652509652509655,0.2857142857142857,0.20952380952380956,13.0,0.0,3615.0,3885.0,0.0,not_computed,not_computed,0.0,0.0,0.0,0.0,0.0,0.0,0.0,,,,,,,,,
28.108616395112573,593.7127228295126,1063828.3553384563,1.5317619748141191,inf,-1000000.0,orbit_fail_full,39.0,inf,inf,inf,inf,0.0,0.0,0.0,incomplete_orbit_coverage,1.0,inf,inf,0.0,0.0,0.0,0.0,0.0,nonsingular_isothermal,1.0,0.01,2.0,0.3,1.0,0.0,severe_coverage_warn,0.0,inner,multiple,1;2;3,Lfrac coverage gap 0.167 exceeds 0.1 | third_integral coverage gap 0.131 exceeds 0.1 | 5 planned shell-band/Lfrac/third-integral cells have no successful orbit,0.9593307593307593,1.0,0.9593307593307593,0.9147609147609148,0.8328042328042328,0.8690476190476191,0.08523908523908519,0.16719576719576723,0.13095238095238093,5.0,0.0,3727.0,3885.0,0.0,not_computed,not_computed,0.0,0.0,0.0,0.0,0.0,0.0,0.0,,,,,,,,,
28.108616395112573,593.7127228295126,0.0,1.5317619748141191,32.29709685478608,-32.29709685478608,pass_halo_only,39.0,32.29709685478608,0.14251698832578086,0.24207694599565302,0.34234850016490576,1.0,1.0,82.0,none,0.0,15.920011081031028,16.377085773755063,32.0,32.0,370.0,16.37676848930167,0.12832534270750093,nonsingular_isothermal,1.0,0.01,2.0,0.3,1.0,0.0,strict_pass,1.0,none,none,,,1.0,1.0,1.0,1.0,1.0,1.0,0.0,0.0,0.0,0.0,0.0,3885.0,3885.0,1.0,inverse_phase_volume,geometric_mean,3885.0,3885.0,3885.0,0.0,420.0,0.0,0.0,1.1771759520082035e+33,3.49079221725096e+52,2.965395454516245e+19,1.218751458833399e-12,36140800.36209617,2.76695587806844e-08,820511838367.1187,2.9653954545162555e+19,0.0
28.108616395112573,593.7127228295126,2127656.7106769127,1.5317619748141191,inf,-1000000.0,orbit_fail_bh_up,39.0,inf,inf,inf,inf,0.0,0.0,0.0,incomplete_orbit_coverage,1.0,inf,inf,0.0,0.0,0.0,0.0,0.0,nonsingular_isothermal,1.0,0.01,2.0,0.3,1.0,0.0,severe_coverage_warn,0.0,multiple,multiple,1;2;3;4,shell_band coverage gap 0.102 exceeds 0.1 | Lfrac coverage gap 0.198 exceeds 0.1 | third_integral coverage gap 0.145 exceeds 0.1 | 8 planned shell-band/Lfrac/third-integral cells have no successful orbit,0.9518661518661519,1.0,0.9518661518661519,0.8976833976833977,0.8021164021164021,0.8547619047619047,0.10231660231660233,0.19788359788359788,0.14523809523809528,8.0,0.0,3698.0,3885.0,0.0,not_computed,not_computed,0.0,0.0,0.0,0.0,0.0,0.0,0.0,,,,,,,,,
28.108616395112573,593.7127228295126,531914.1776692282,1.5317619748141191,inf,-1000000.0,orbit_fail_bh_down,39.0,inf,inf,inf,inf,0.0,0.0,0.0,incomplete_orbit_coverage,1.0,inf,inf,0.0,0.0,0.0,0.0,0.0,nonsingular_isothermal,1.0,0.01,2.0,0.3,1.0,0.0,severe_coverage_warn,0.0,inner,multiple,1;2;3,Lfrac coverage gap 0.135 exceeds 0.1 | third_integral coverage gap 0.107 exceeds 0.1 | 4 planned shell-band/Lfrac/third-integral cells have no successful orbit,0.9670527670527671,1.0,0.9670527670527671,0.9168399168399168,0.8645502645502645,0.8928571428571429,0.08316008316008316,0.1354497354497355,0.1071428571428571,4.0,0.0,3757.0,3885.0,0.0,not_computed,not_computed,0.0,0.0,0.0,0.0,0.0,0.0,0.0,,,,,,,,,
30.0,593.7127228295126,1063828.3553384563,1.5317619748141191,inf,-1000000.0,orbit_fail_halo_up,39.0,inf,inf,inf,inf,0.0,0.0,0.0,incomplete_orbit_coverage,1.0,inf,inf,0.0,0.0,0.0,0.0,0.0,nonsingular_isothermal,1.0,0.01,2.0,0.3,1.0,0.0,severe_coverage_warn,0.0,multiple,multiple,1;2;3;4,Lfrac coverage gap 0.157 exceeds 0.1 | third_integral coverage gap 0.129 exceeds 0.1 | 7 planned shell-band/Lfrac/third-integral cells have no successful orbit,0.9619047619047619,1.0,0.9619047619047619,0.915057915057915,0.8433862433862434,0.8714285714285714,0.084942084942085,0.15661375661375665,0.12857142857142856,7.0,0.0,3737.0,3885.0,0.0,not_computed,not_computed,0.0,0.0,0.0,0.0,0.0,0.0,0.0,,,,,,,,,
14.054308197556287,593.7127228295126,1063828.3553384563,1.5317619748141191,inf,-1000000.0,orbit_fail_halo_down,39.0,inf,inf,inf,inf,0.0,0.0,0.0,incomplete_orbit_coverage,1.0,inf,inf,0.0,0.0,0.0,0.0,0.0,nonsingular_isothermal,1.0,0.01,2.0,0.3,1.0,0.0,severe_coverage_warn,0.0,multiple,multiple,1;2;3;4;5,Lfrac minimum coverage 0.772 is below 0.8 | Lfrac coverage gap 0.228 exceeds 0.1 | third_integral coverage gap 0.167 exceeds 0.1 | 10 planned shell-band/Lfrac/third-integral cells have no successful orbit,0.9446589446589446,1.0,0.9446589446589446,0.9015444015444015,0.7724867724867724,0.8333333333333334,0.09845559845559848,0.22751322751322756,0.16666666666666663,10.0,0.0,3670.0,3885.0,0.0,not_computed,not_computed,0.0,0.0,0.0,0.0,0.0,0.0,0.0,,,,,,,,,
28.108616395112573,593.7127228295126,1063828.3553384563,1.6,inf,-1000000.0,orbit_fail_ml_up,39.0,inf,inf,inf,inf,0.0,0.0,0.0,incomplete_orbit_coverage,1.0,inf,inf,0.0,0.0,0.0,0.0,0.0,nonsingular_isothermal,1.0,0.01,2.0,0.3,1.0,0.0,severe_coverage_warn,0.0,multiple,multiple,1;2;3;4,Lfrac coverage gap 0.168 exceeds 0.1 | third_integral coverage gap 0.136 exceeds 0.1 | 8 planned shell-band/Lfrac/third-integral cells have no successful orbit,0.9590733590733591,1.0,0.9590733590733591,0.9126819126819127,0.8317460317460318,0.8642857142857143,0.08731808731808732,0.1682539682539682,0.13571428571428568,8.0,0.0,3726.0,3885.0,0.0,not_computed,not_computed,0.0,0.0,0.0,0.0,0.0,0.0,0.0,,,,,,,,,
28.108616395112573,593.7127228295126,1063828.3553384563,0.7658809874070596,inf,-1000000.0,orbit_fail_ml_down,39.0,inf,inf,inf,inf,0.0,0.0,0.0,incomplete_orbit_coverage,1.0,inf,inf,0.0,0.0,0.0,0.0,0.0,nonsingular_isothermal,1.0,0.01,2.0,0.3,1.0,0.0,severe_coverage_warn,0.0,inner,multiple,1;2;3,Lfrac coverage gap 0.172 exceeds 0.1 | third_integral coverage gap 0.133 exceeds 0.1 | 7 planned shell-band/Lfrac/third-integral cells have no successful orbit,0.9580437580437581,1.0,0.9580437580437581,0.9073359073359073,0.8275132275132275,0.8666666666666667,0.0926640926640927,0.17248677248677247,0.1333333333333333,7.0,0.0,3722.0,3885.0,0.0,not_computed,not_computed,0.0,0.0,0.0,0.0,0.0,0.0,0.0,,,,,,,,,
11.404894226961755,2843.909115627244,670031.4603218333,0.29268624104751434,inf,-1000000.0,orbit_fail_full,40.0,inf,inf,inf,inf,0.0,0.0,0.0,incomplete_orbit_coverage,1.0,inf,inf,0.0,0.0,0.0,0.0,0.0,nonsingular_isothermal,1.0,0.01,2.0,0.3,1.0,0.0,severe_coverage_warn,0.0,multiple,multiple,1;2;3;4;5;6,Lfrac minimum coverage 0.711 is below 0.8 | Lfrac coverage gap 0.289 exceeds 0.1 | third_integral minimum coverage 0.793 is below 0.8 | third_integral coverage gap 0.207 exceeds 0.1 | 14 planned shell-band/Lfrac/third-integral cells have no successful orbit,0.9297297297297298,1.0,0.9297297297297298,0.9022869022869023,0.7111111111111111,0.7928571428571428,0.09771309771309766,0.28888888888888886,0.20714285714285718,14.0,0.0,3612.0,3885.0,0.0,not_computed,not_computed,0.0,0.0,0.0,0.0,0.0,0.0,0.0,,,,,,,,,
11.404894226961755,2843.909115627244,0.0,0.29268624104751434,884.1471762394283,-884.1471762394283,pass_halo_only,40.0,884.1471762394283,0.030013176403599573,0.21430507279431377,0.30307314043101735,1.0,1.0,32.0,none,0.0,463.31226966169334,420.8349065777349,32.0,32.0,3570.0,22.379188506769136,0.08842070776996404,nonsingular_isothermal,1.0,0.01,2.0,0.3,1.0,0.0,strict_pass,1.0,none,none,,,1.0,1.0,1.0,1.0,1.0,1.0,0.0,0.0,0.0,0.0,0.0,3885.0,3885.0,1.0,inverse_phase_volume,geometric_mean,3885.0,3885.0,3885.0,0.0,420.0,0.0,0.0,2.6615636400686575e+33,4.863671715300809e+48,1827373819690197.5,9.456994227095062e-09,17281463.6635548,5.7865469005899e-08,105741843.12547408,1827373819690192.2,0.0
11.404894226961755,2843.909115627244,1340062.9206436665,0.29268624104751434,inf,-1000000.0,orbit_fail_bh_up,40.0,inf,inf,inf,inf,0.0,0.0,0.0,incomplete_orbit_coverage,1.0,inf,inf,0.0,0.0,0.0,0.0,0.0,nonsingular_isothermal,1.0,0.01,2.0,0.3,1.0,0.0,severe_coverage_warn,0.0,multiple,multiple,1;2;3;4;5;6,shell_band coverage gap 0.102 exceeds 0.1 | Lfrac minimum coverage 0.68 is below 0.8 | Lfrac coverage gap 0.32 exceeds 0.1 | third_integral minimum coverage 0.783 is below 0.8 | third_integral coverage gap 0.217 exceeds 0.1 | 13 planned shell-band/Lfrac/third-integral cells have no successful orbit,0.9222651222651223,1.0,0.9222651222651223,0.8981288981288982,0.6804232804232804,0.7833333333333333,0.10187110187110182,0.3195767195767196,0.21666666666666667,13.0,0.0,3583.0,3885.0,0.0,not_computed,not_computed,0.0,0.0,0.0,0.0,0.0,0.0,0.0,,,,,,,,,
11.404894226961755,2843.909115627244,335015.73016091663,0.29268624104751434,inf,-1000000.0,orbit_fail_bh_down,40.0,inf,inf,inf,inf,0.0,0.0,0.0,incomplete_orbit_coverage,1.0,inf,inf,0.0,0.0,0.0,0.0,0.0,nonsingular_isothermal,1.0,0.01,2.0,0.3,1.0,0.0,severe_coverage_warn,0.0,multiple,multiple,1;2;3;4;5;6,Lfrac minimum coverage 0.737 is below 0.8 | Lfrac coverage gap 0.263 exceeds 0.1 | third_integral coverage gap 0.195 exceeds 0.1 | 14 planned shell-band/Lfrac/third-integral cells have no successful orbit,0.9359073359073359,1.0,0.9359073359073359,0.9111969111969112,0.7365079365079366,0.8047619047619048,0.08880308880308885,0.26349206349206344,0.1952380952380952,14.0,0.0,3636.0,3885.0,0.0,not_computed,not_computed,0.0,0.0,0.0,0.0,0.0,0.0,0.0,,,,,,,,,
22.80978845392351,2843.909115627244,670031.4603218333,0.29268624104751434,inf,-1000000.0,orbit_fail_halo_up,40.0,inf,inf,inf,inf,0.0,0.0,0.0,incomplete_orbit_coverage,1.0,inf,inf,0.0,0.0,0.0,0.0,0.0,nonsingular_isothermal,1.0,0.01,2.0,0.3,1.0,0.0,severe_coverage_warn,0.0,multiple,multiple,1;2;3;4;5,Lfrac minimum coverage 0.746 is below 0.8 | Lfrac coverage gap 0.254 exceeds 0.1 | third_integral coverage gap 0.186 exceeds 0.1 | 11 planned shell-band/Lfrac/third-integral cells have no successful orbit,0.9382239382239382,1.0,0.9382239382239382,0.9085239085239085,0.746031746031746,0.8142857142857143,0.09147609147609148,0.25396825396825395,0.18571428571428572,11.0,0.0,3645.0,3885.0,0.0,not_computed,not_computed,0.0,0.0,0.0,0.0,0.0,0.0,0.0,,,,,,,,,
5.702447113480877,2843.909115627244,670031.4603218333,0.29268624104751434,inf,-1000000.0,orbit_fail_halo_down,40.0,inf,inf,inf,inf,0.0,0.0,0.0,incomplete_orbit_coverage,1.0,inf,inf,0.0,0.0,0.0,0.0,0.0,nonsingular_isothermal,1.0,0.01,2.0,0.3,1.0,0.0,severe_coverage_warn,0.0,multiple,multiple,1;2;3;4;5;6;7,Lfrac minimum coverage 0.655 is below 0.8 | Lfrac coverage gap 0.345 exceeds 0.1 | third_integral minimum coverage 0.764 is below 0.8 | third_integral coverage gap 0.236 exceeds 0.1 | 17 planned shell-band/Lfrac/third-integral cells have no successful orbit,0.916087516087516,1.0,0.916087516087516,0.8918918918918919,0.6550264550264551,0.7642857142857142,0.08731808731808732,0.34497354497354493,0.23571428571428577,17.0,0.0,3559.0,3885.0,0.0,not_computed,not_computed,0.0,0.0,0.0,0.0,0.0,0.0,0.0,,,,,,,,,
11.404894226961755,2843.909115627244,670031.4603218333,0.5853724820950287,inf,-1000000.0,orbit_fail_ml_up,40.0,inf,inf,inf,inf,0.0,0.0,0.0,incomplete_orbit_coverage,1.0,inf,inf,0.0,0.0,0.0,0.0,0.0,nonsingular_isothermal,1.0,0.01,2.0,0.3,1.0,0.0,severe_coverage_warn,0.0,multiple,multiple,1;2;3;4;5;6,shell_band coverage gap 0.102 exceeds 0.1 | Lfrac minimum coverage 0.708 is below 0.8 | Lfrac coverage gap 0.292 exceeds 0.1 | third_integral minimum coverage 0.798 is below 0.8 | third_integral coverage gap 0.202 exceeds 0.1 | 12 planned shell-band/Lfrac/third-integral cells have no successful orbit,0.9289575289575289,1.0,0.9289575289575289,0.8981288981288982,0.707936507936508,0.7976190476190477,0.10187110187110182,0.292063492063492,0.20238095238095233,12.0,0.0,3609.0,3885.0,0.0,not_computed,not_computed,0.0,0.0,0.0,0.0,0.0,0.0,0.0,,,,,,,,,
11.404894226961755,2843.909115627244,670031.4603218333,0.2,inf,-1000000.0,orbit_fail_ml_down,40.0,inf,inf,inf,inf,0.0,0.0,0.0,incomplete_orbit_coverage,1.0,inf,inf,0.0,0.0,0.0,0.0,0.0,nonsingular_isothermal,1.0,0.01,2.0,0.3,1.0,0.0,severe_coverage_warn,0.0,multiple,multiple,1;2;3;4;5;6,Lfrac minimum coverage 0.71 is below 0.8 | Lfrac coverage gap 0.29 exceeds 0.1 | third_integral minimum coverage 0.795 is below 0.8 | third_integral coverage gap 0.205 exceeds 0.1 | 11 planned shell-band/Lfrac/third-integral cells have no successful orbit,0.9294723294723295,1.0,0.9294723294723295,0.9043659043659044,0.71005291005291,0.7952380952380952,0.09563409563409564,0.28994708994708995,0.2047619047619048,11.0,0.0,3611.0,3885.0,0.0,not_computed,not_computed,0.0,0.0,0.0,0.0,0.0,0.0,0.0,,,,,,,,,
19.247687056023302,7259.633408398612,1788502.5440819291,1.418013930273731,inf,-1000000.0,orbit_fail_full,41.0,inf,inf,inf,inf,0.0,0.0,0.0,incomplete_orbit_coverage,1.0,inf,inf,0.0,0.0,0.0,0.0,0.0,nonsingular_isothermal,1.0,0.01,2.0,0.3,1.0,0.0,severe_coverage_warn,0.0,multiple,multiple,1;2;3;4;5;6;7,Lfrac minimum coverage 0.666 is below 0.8 | Lfrac coverage gap 0.334 exceeds 0.1 | third_integral minimum coverage 0.757 is below 0.8 | third_integral coverage gap 0.243 exceeds 0.1 | 15 planned shell-band/Lfrac/third-integral cells have no successful orbit,0.9186615186615187,1.0,0.9186615186615187,0.88996138996139,0.6656084656084656,0.7571428571428571,0.06222156222156228,0.33439153439153435,0.24285714285714288,15.0,0.0,3569.0,3885.0,0.0,not_computed,not_computed,0.0,0.0,0.0,0.0,0.0,0.0,0.0,,,,,,,,,
19.247687056023302,7259.633408398612,0.0,1.418013930273731,900.5230206966359,-900.5230206966359,pass_halo_only,41.0,900.5230206966359,0.07020171962176391,0.21741091459285736,0.30746546402510216,1.0,1.0,14.0,none,0.0,451.15799710529603,449.36502359133954,32.0,32.0,2968.0,24.15190678097474,0.08846663991990328,nonsingular_isothermal,1.0,0.01,2.0,0.3,1.0,0.0,strict_pass,1.0,none,none,,,1.0,1.0,1.0,1.0,1.0,1.0,0.0,0.0,0.0,0.0,0.0,3885.0,3885.0,1.0,inverse_phase_volume,geometric_mean,3885.0,3885.0,3885.0,0.0,420.0,0.0,0.0,3.960688923628092e+32,8.844549604028989e+47,2233083631300980.0,5.325924661981231e-10,1189323.5184212476,8.408141136630657e-07,1877608234.1878312,2233083631300977.0,0.0
19.247687056023302,7259.633408398612,2500000.0,1.418013930273731,inf,-1000000.0,orbit_fail_bh_up,41.0,inf,inf,inf,inf,0.0,0.0,0.0,incomplete_orbit_coverage,1.0,inf,inf,0.0,0.0,0.0,0.0,0.0,nonsingular_isothermal,1.0,0.01,2.0,0.3,1.0,0.0,severe_coverage_warn,0.0,multiple,multiple,1;2;3;4;5;6;7;8,Lfrac minimum coverage 0.643 is below 0.8 | Lfrac coverage gap 0.357 exceeds 0.1 | third_integral minimum coverage 0.75 is below 0.8 | third_integral coverage gap 0.25 exceeds 0.1 | 18 planned shell-band/Lfrac/third-integral cells have no successful orbit,0.9132561132561132,1.0,0.9132561132561132,0.8918918918918919,0.6433862433862434,0.75,0.04158004158004158,0.3566137566137566,0.25,18.0,0.0,3548.0,3885.0,0.0,not_computed,not_computed,0.0,0.0,0.0,0.0,0.0,0.0,0.0,,,,,,,,,
19.247687056023302,7259.633408398612,894251.2720409646,1.418013930273731,inf,-1000000.0,orbit_fail_bh_down,41.0,inf,inf,inf,inf,0.0,0.0,0.0,incomplete_orbit_coverage,1.0,inf,inf,0.0,0.0,0.0,0.0,0.0,nonsingular_isothermal,1.0,0.01,2.0,0.3,1.0,0.0,severe_coverage_warn,0.0,multiple,multiple,1;2;3;4;5;6;7,Lfrac minimum coverage 0.687 is below 0.8 | Lfrac coverage gap 0.313 exceeds 0.1 | third_integral minimum coverage 0.776 is below 0.8 | third_integral coverage gap 0.224 exceeds 0.1 | 14 planned shell-band/Lfrac/third-integral cells have no successful orbit,0.9238095238095239,1.0,0.9238095238095239,0.8957528957528957,0.6867724867724868,0.7761904761904762,0.09177309177309179,0.3132275132275132,0.2238095238095238,14.0,0.0,3589.0,3885.0,0.0,not_computed,not_computed,0.0,0.0,0.0,0.0,0.0,0.0,0.0,,,,,,,,,
30.0,7259.633408398612,1788502.5440819291,1.418013930273731,inf,-1000000.0,orbit_fail_halo_up,41.0,inf,inf,inf,inf,0.0,0.0,0.0,incomplete_orbit_coverage,1.0,inf,inf,0.0,0.0,0.0,0.0,0.0,nonsingular_isothermal,1.0,0.01,2.0,0.3,1.0,0.0,severe_coverage_warn,0.0,multiple,multiple,1;2;3;4;5;6;7,Lfrac minimum coverage 0.702 is below 0.8 | Lfrac coverage gap 0.298 exceeds 0.1 | third_integral minimum coverage 0.774 is below 0.8 | third_integral coverage gap 0.226 exceeds 0.1 | 16 planned shell-band/Lfrac/third-integral cells have no successful orbit,0.9274131274131274,1.0,0.9274131274131274,0.8976833976833977,0.7015873015873015,0.7738095238095238,0.09400059400059402,0.29841269841269846,0.22619047619047616,16.0,0.0,3603.0,3885.0,0.0,not_computed,not_computed,0.0,0.0,0.0,0.0,0.0,0.0,0.0,,,,,,,,,
9.623843528011651,7259.633408398612,1788502.5440819291,1.418013930273731,inf,-1000000.0,orbit_fail_halo_down,41.0,inf,inf,inf,inf,0.0,0.0,0.0,incomplete_orbit_coverage,1.0,inf,inf,0.0,0.0,0.0,0.0,0.0,nonsingular_isothermal,1.0,0.01,2.0,0.3,1.0,0.0,severe_coverage_warn,0.0,multiple,multiple,1;2;3;4;5;6;7;8,Lfrac minimum coverage 0.608 is below 0.8 | Lfrac coverage gap 0.392 exceeds 0.1 | third_integral minimum coverage 0.752 is below 0.8 | third_integral coverage gap 0.248 exceeds 0.1 | 20 planned shell-band/Lfrac/third-integral cells have no successful orbit,0.9047619047619048,1.0,0.9047619047619048,0.8822393822393823,0.6084656084656085,0.7523809523809524,0.040837540837540875,0.3915343915343915,0.24761904761904763,20.0,0.0,3515.0,3885.0,0.0,not_computed,not_computed,0.0,0.0,0.0,0.0,0.0,0.0,0.0,,,,,,,,,
19.247687056023302,7259.633408398612,1788502.5440819291,1.6,inf,-1000000.0,orbit_fail_ml_up,41.0,inf,inf,inf,inf,0.0,0.0,0.0,incomplete_orbit_coverage,1.0,inf,inf,0.0,0.0,0.0,0.0,0.0,nonsingular_isothermal,1.0,0.01,2.0,0.3,1.0,0.0,severe_coverage_warn,0.0,multiple,multiple,1;2;3;4;5;6;7;8,Lfrac minimum coverage 0.654 is below 0.8 | Lfrac coverage gap 0.346 exceeds 0.1 | third_integral minimum coverage 0.75 is below 0.8 | third_integral coverage gap 0.25 exceeds 0.1 | 15 planned shell-band/Lfrac/third-integral cells have no successful orbit,0.9158301158301159,1.0,0.9158301158301159,0.8938223938223938,0.653968253968254,0.75,0.054202554202554265,0.346031746031746,0.25,15.0,0.0,3558.0,3885.0,0.0,not_computed,not_computed,0.0,0.0,0.0,0.0,0.0,0.0,0.0,,,,,,,,,
19.247687056023302,7259.633408398612,1788502.5440819291,0.7090069651368655,inf,-1000000.0,orbit_fail_ml_down,41.0,inf,inf,inf,inf,0.0,0.0,0.0,incomplete_orbit_coverage,1.0,inf,inf,0.0,0.0,0.0,0.0,0.0,nonsingular_isothermal,1.0,0.01,2.0,0.3,1.0,0.0,severe_coverage_warn,0.0,multiple,multiple,1;2;3;4;5;6;7,Lfrac minimum coverage 0.653 is below 0.8 | Lfrac coverage gap 0.347 exceeds 0.1 | third_integral minimum coverage 0.752 is below 0.8 | third_integral coverage gap 0.248 exceeds 0.1 | 15 planned shell-band/Lfrac/third-integral cells have no successful orbit,0.9155727155727156,1.0,0.9155727155727156,0.8938223938223938,0.6529100529100529,0.7523809523809524,0.05004455004455011,0.3470899470899471,0.24761904761904763,15.0,0.0,3557.0,3885.0,0.0,not_computed,not_computed,0.0,0.0,0.0,0.0,0.0,0.0,0.0,,,,,,,,,
10.281249507145457,9735.02624479845,2148122.7998733376,0.4611721110927711,inf,-1000000.0,orbit_fail_full,42.0,inf,inf,inf,inf,0.0,0.0,0.0,incomplete_orbit_coverage,1.0,inf,inf,0.0,0.0,0.0,0.0,0.0,nonsingular_isothermal,1.0,0.01,2.0,0.3,1.0,0.0,severe_coverage_warn,0.0,multiple,multiple,1;2;3;4;5;6;7;8,Lfrac minimum coverage 0.599 is below 0.8 | Lfrac coverage gap 0.401 exceeds 0.1 | third_integral minimum coverage 0.75 is below 0.8 | third_integral coverage gap 0.25 exceeds 0.1 | 22 planned shell-band/Lfrac/third-integral cells have no successful orbit,0.9024453024453024,1.0,0.9024453024453024,0.8803088803088803,0.5989417989417989,0.75,0.034452034452034486,0.4010582010582011,0.25,22.0,0.0,3506.0,3885.0,0.0,not_computed,not_computed,0.0,0.0,0.0,0.0,0.0,0.0,0.0,,,,,,,,,
10.281249507145457,9735.02624479845,0.0,0.4611721110927711,896.7409744729906,-896.7409744729906,pass_halo_only,42.0,896.7409744729906,0.17088727913574076,0.2736216577212941,0.4175941395561468,1.0,1.0,7.0,none,0.0,444.99474342961395,451.7462310433765,32.0,32.0,7770.0,18.412592571134056,0.10616402590064651,nonsingular_isothermal,1.0,0.01,2.0,0.3,1.0,0.0,strict_pass,1.0,none,none,,,1.0,1.0,1.0,1.0,1.0,1.0,0.0,0.0,0.0,0.0,0.0,3885.0,3885.0,1.0,inverse_phase_volume,geometric_mean,3885.0,3885.0,3885.0,0.0,420.0,0.0,0.0,7.239559588265545e+29,1.5808818837437903e+46,2.183671346950731e+16,1.502367996106254e-11,328067.79456730123,3.048150463287416e-06,66561588278.75323,2.18367134695073e+16,0.0
10.281249507145457,9735.02624479845,2500000.0,0.4611721110927711,inf,-1000000.0,orbit_fail_bh_up,42.0,inf,inf,inf,inf,0.0,0.0,0.0,incomplete_orbit_coverage,1.0,inf,inf,0.0,0.0,0.0,0.0,0.0,nonsingular_isothermal,1.0,0.01,2.0,0.3,1.0,0.0,severe_coverage_warn,0.0,multiple,multiple,1;2;3;4;5;6;7;8,Lfrac minimum coverage 0.607 is below 0.8 | Lfrac coverage gap 0.393 exceeds 0.1 | third_integral minimum coverage 0.75 is below 0.8 | third_integral coverage gap 0.25 exceeds 0.1 | 21 planned shell-band/Lfrac/third-integral cells have no successful orbit,0.9045045045045045,1.0,0.9045045045045045,0.8841698841698842,0.6074074074074074,0.75,0.036828036828036814,0.3925925925925926,0.25,21.0,0.0,3514.0,3885.0,0.0,not_computed,not_computed,0.0,0.0,0.0,0.0,0.0,0.0,0.0,,,,,,,,,
10.281249507145457,9735.02624479845,1074061.3999366688,0.4611721110927711,inf,-1000000.0,orbit_fail_bh_down,42.0,inf,inf,inf,inf,0.0,0.0,0.0,incomplete_orbit_coverage,1.0,inf,inf,0.0,0.0,0.0,0.0,0.0,nonsingular_isothermal,1.0,0.01,2.0,0.3,1.0,0.0,severe_coverage_warn,0.0,multiple,multiple,1;2;3;4;5;6;7;8,Lfrac minimum coverage 0.631 is below 0.8 | Lfrac coverage gap 0.369 exceeds 0.1 | third_integral minimum coverage 0.75 is below 0.8 | third_integral coverage gap 0.25 exceeds 0.1 | 19 planned shell-band/Lfrac/third-integral cells have no successful orbit,0.9101673101673101,1.0,0.9101673101673101,0.8841698841698842,0.6306878306878307,0.75,0.04098604098604097,0.36931216931216926,0.25,19.0,0.0,3536.0,3885.0,0.0,not_computed,not_computed,0.0,0.0,0.0,0.0,0.0,0.0,0.0,,,,,,,,,
20.562499014290914,9735.02624479845,2148122.7998733376,0.4611721110927711,inf,-1000000.0,orbit_fail_halo_up,42.0,inf,inf,inf,inf,0.0,0.0,0.0,incomplete_orbit_coverage,1.0,inf,inf,0.0,0.0,0.0,0.0,0.0,nonsingular_isothermal,1.0,0.01,2.0,0.3,1.0,0.0,severe_coverage_warn,0.0,multiple,multiple,1;2;3;4;5;6;7;8,Lfrac minimum coverage 0.637 is below 0.8 | Lfrac coverage gap 0.363 exceeds 0.1 | third_integral minimum coverage 0.752 is below 0.8 | third_integral coverage gap 0.248 exceeds 0.1 | 15 planned shell-band/Lfrac/third-integral cells have no successful orbit,0.9117117117117117,1.0,0.9117117117117117,0.8918918918918919,0.6370370370370371,0.7523809523809524,0.033264033264033266,0.36296296296296293,0.24761904761904763,15.0,0.0,3542.0,3885.0,0.0,not_computed,not_computed,0.0,0.0,0.0,0.0,0.0,0.0,0.0,,,,,,,,,
5.1406247535727285,9735.02624479845,2148122.7998733376,0.4611721110927711,inf,-1000000.0,orbit_fail_halo_down,42.0,inf,inf,inf,inf,0.0,0.0,0.0,incomplete_orbit_coverage,1.0,inf,inf,0.0,0.0,0.0,0.0,0.0,nonsingular_isothermal,1.0,0.01,2.0,0.3,1.0,0.0,severe_coverage_warn,0.0,multiple,multiple,1;2;3;4;5;6;7;8,Lfrac minimum coverage 0.583 is below 0.8 | Lfrac coverage gap 0.417 exceeds 0.1 | third_integral minimum coverage 0.75 is below 0.8 | third_integral coverage gap 0.25 exceeds 0.1 | 23 planned shell-band/Lfrac/third-integral cells have no successful orbit,0.8985842985842986,1.0,0.8985842985842986,0.8725868725868726,0.5830687830687831,0.75,0.04009504009504006,0.41693121693121693,0.25,23.0,0.0,3491.0,3885.0,0.0,not_computed,not_computed,0.0,0.0,0.0,0.0,0.0,0.0,0.0,,,,,,,,,
10.281249507145457,9735.02624479845,2148122.7998733376,0.9223442221855422,inf,-1000000.0,orbit_fail_ml_up,42.0,inf,inf,inf,inf,0.0,0.0,0.0,incomplete_orbit_coverage,1.0,inf,inf,0.0,0.0,0.0,0.0,0.0,nonsingular_isothermal,1.0,0.01,2.0,0.3,1.0,0.0,severe_coverage_warn,0.0,multiple,multiple,1;2;3;4;5;6;7;8,Lfrac minimum coverage 0.61 is below 0.8 | Lfrac coverage gap 0.39 exceeds 0.1 | third_integral minimum coverage 0.75 is below 0.8 | third_integral coverage gap 0.25 exceeds 0.1 | 19 planned shell-band/Lfrac/third-integral cells have no successful orbit,0.905019305019305,1.0,0.905019305019305,0.8822393822393823,0.6095238095238096,0.75,0.040837540837540875,0.3904761904761904,0.25,19.0,0.0,3516.0,3885.0,0.0,not_computed,not_computed,0.0,0.0,0.0,0.0,0.0,0.0,0.0,,,,,,,,,
10.281249507145457,9735.02624479845,2148122.7998733376,0.23058605554638556,inf,-1000000.0,orbit_fail_ml_down,42.0,inf,inf,inf,inf,0.0,0.0,0.0,incomplete_orbit_coverage,1.0,inf,inf,0.0,0.0,0.0,0.0,0.0,nonsingular_isothermal,1.0,0.01,2.0,0.3,1.0,0.0,severe_coverage_warn,0.0,multiple,multiple,1;2;3;4;5;6;7;8,Lfrac minimum coverage 0.606 is below 0.8 | Lfrac coverage gap 0.394 exceeds 0.1 | third_integral minimum coverage 0.75 is below 0.8 | third_integral coverage gap 0.25 exceeds 0.1 | 20 planned shell-band/Lfrac/third-integral cells have no successful orbit,0.9042471042471042,1.0,0.9042471042471042,0.8822393822393823,0.6063492063492063,0.75,0.0429165429165429,0.3936507936507937,0.25,20.0,0.0,3513.0,3885.0,0.0,not_computed,not_computed,0.0,0.0,0.0,0.0,0.0,0.0,0.0,,,,,,,,,
13.46493502687643,249.32742858984338,1080039.3317544821,0.6021864295148343,inf,-1000000.0,orbit_fail_full,43.0,inf,inf,inf,inf,0.0,0.0,0.0,incomplete_orbit_coverage,1.0,inf,inf,0.0,0.0,0.0,0.0,0.0,nonsingular_isothermal,1.0,0.01,2.0,0.3,1.0,0.0,severe_coverage_warn,0.0,inner,multiple,1;2;3,Lfrac coverage gap 0.161 exceeds 0.1 | third_integral coverage gap 0.126 exceeds 0.1 | 6 planned shell-band/Lfrac/third-integral cells have no successful orbit,0.9608751608751609,1.0,0.9608751608751609,0.9085239085239085,0.8391534391534392,0.8738095238095238,0.09147609147609148,0.1608465608465608,0.1261904761904762,6.0,0.0,3733.0,3885.0,0.0,not_computed,not_computed,0.0,0.0,0.0,0.0,0.0,0.0,0.0,,,,,,,,,
13.46493502687643,249.32742858984338,0.0,0.6021864295148343,170.7182721320402,-170.7182721320402,pass_halo_only,43.0,170.7182721320402,0.12554745965607594,0.21360606462322124,0.3020845935952979,1.0,1.0,150.0,none,0.0,78.6320279140626,92.08624421797762,32.0,32.0,1309.0,13.815553792823668,0.1504909562538476,nonsingular_isothermal,1.0,0.01,2.0,0.3,1.0,0.0,strict_pass,1.0,none,none,,,1.0,1.0,1.0,1.0,1.0,1.0,0.0,0.0,0.0,0.0,0.0,3885.0,3885.0,1.0,inverse_phase_volume,geometric_mean,3885.0,3885.0,3885.0,0.0,420.0,0.0,0.0,7.075924116180267e+33,7.1910989210865e+51,1.0162769983136008e+18,4.844123929666775e-12,4922971.726700879,2.0312934047056741e-07,206435676402.85156,1.0162769983136101e+18,0.0
13.46493502687643,249.32742858984338,2160078.6635089642,0.6021864295148343,inf,-1000000.0,orbit_fail_bh_up,43.0,inf,inf,inf,inf,0.0,0.0,0.0,incomplete_orbit_coverage,1.0,inf,inf,0.0,0.0,0.0,0.0,0.0,nonsingular_isothermal,1.0,0.01,2.0,0.3,1.0,0.0,severe_coverage_warn,0.0,multiple,multiple,1;2;3;4,shell_band coverage gap 0.102 exceeds 0.1 | Lfrac minimum coverage 0.792 is below 0.8 | Lfrac coverage gap 0.208 exceeds 0.1 | third_integral coverage gap 0.145 exceeds 0.1 | 9 planned shell-band/Lfrac/third-integral cells have no successful orbit,0.9492921492921493,1.0,0.9492921492921493,0.8976833976833977,0.7915343915343915,0.8547619047619047,0.10231660231660233,0.20846560846560847,0.14523809523809528,9.0,0.0,3688.0,3885.0,0.0,not_computed,not_computed,0.0,0.0,0.0,0.0,0.0,0.0,0.0,,,,,,,,,
13.46493502687643,249.32742858984338,540019.6658772411,0.6021864295148343,inf,-1000000.0,orbit_fail_bh_down,43.0,inf,inf,inf,inf,0.0,0.0,0.0,incomplete_orbit_coverage,1.0,inf,inf,0.0,0.0,0.0,0.0,0.0,nonsingular_isothermal,1.0,0.01,2.0,0.3,1.0,0.0,severe_coverage_warn,0.0,inner,multiple,1;2;3,Lfrac coverage gap 0.142 exceeds 0.1 | third_integral coverage gap 0.102 exceeds 0.1 | 7 planned shell-band/Lfrac/third-integral cells have no successful orbit,0.9655083655083655,1.0,0.9655083655083655,0.9054054054054054,0.8582010582010582,0.8976190476190476,0.09459459459459463,0.1417989417989418,0.10238095238095235,7.0,0.0,3751.0,3885.0,0.0,not_computed,not_computed,0.0,0.0,0.0,0.0,0.0,0.0,0.0,,,,,,,,,
26.92987005375286,249.32742858984338,1080039.3317544821,0.6021864295148343,inf,-1000000.0,orbit_fail_halo_up,43.0,inf,inf,inf,inf,0.0,0.0,0.0,incomplete_orbit_coverage,1.0,inf,inf,0.0,0.0,0.0,0.0,0.0,nonsingular_isothermal,1.0,0.01,2.0,0.3,1.0,0.0,severe_coverage_warn,0.0,inner,multiple,1,Lfrac coverage gap 0.111 exceeds 0.1 | 3 planned shell-band/Lfrac/third-integral cells have no successful orbit,0.972972972972973,1.0,0.972972972972973,0.9131274131274131,0.8888888888888888,0.9119047619047619,0.08687258687258692,0.11111111111111116,0.08809523809523812,3.0,0.0,3780.0,3885.0,0.0,not_computed,not_computed,0.0,0.0,0.0,0.0,0.0,0.0,0.0,,,,,,,,,
6.732467513438215,249.32742858984338,1080039.3317544821,0.6021864295148343,inf,-1000000.0,orbit_fail_halo_down,43.0,inf,inf,inf,inf,0.0,0.0,0.0,incomplete_orbit_coverage,1.0,inf,inf,0.0,0.0,0.0,0.0,0.0,nonsingular_isothermal,1.0,0.01,2.0,0.3,1.0,0.0,severe_coverage_warn,0.0,multiple,multiple,1;2;3;4;5,shell_band coverage gap 0.106 exceeds 0.1 | Lfrac minimum coverage 0.754 is below 0.8 | Lfrac coverage gap 0.246 exceeds 0.1 | third_integral coverage gap 0.162 exceeds 0.1 | 11 planned shell-band/Lfrac/third-integral cells have no successful orbit,0.9402831402831403,1.0,0.9402831402831403,0.8938223938223938,0.7544973544973544,0.8380952380952381,0.10617760617760619,0.24550264550264556,0.16190476190476188,11.0,0.0,3653.0,3885.0,0.0,not_computed,not_computed,0.0,0.0,0.0,0.0,0.0,0.0,0.0,,,,,,,,,
13.46493502687643,249.32742858984338,1080039.3317544821,1.2043728590296685,inf,-1000000.0,orbit_fail_ml_up,43.0,inf,inf,inf,inf,0.0,0.0,0.0,incomplete_orbit_coverage,1.0,inf,inf,0.0,0.0,0.0,0.0,0.0,nonsingular_isothermal,1.0,0.01,2.0,0.3,1.0,0.0,severe_coverage_warn,0.0,inner,multiple,1;2;3,Lfrac coverage gap 0.167 exceeds 0.1 | third_integral coverage gap 0.121 exceeds 0.1 | 7 planned shell-band/Lfrac/third-integral cells have no successful orbit,0.9593307593307593,1.0,0.9593307593307593,0.9064449064449065,0.8328042328042328,0.8785714285714286,0.0935550935550935,0.16719576719576723,0.12142857142857144,7.0,0.0,3727.0,3885.0,0.0,not_computed,not_computed,0.0,0.0,0.0,0.0,0.0,0.0,0.0,,,,,,,,,
13.46493502687643,249.32742858984338,1080039.3317544821,0.3010932147574171,inf,-1000000.0,orbit_fail_ml_down,43.0,inf,inf,inf,inf,0.0,0.0,0.0,incomplete_orbit_coverage,1.0,inf,inf,0.0,0.0,0.0,0.0,0.0,nonsingular_isothermal,1.0,0.01,2.0,0.3,1.0,0.0,severe_coverage_warn,0.0,inner,multiple,1;2;3,Lfrac coverage gap 0.171 exceeds 0.1 | third_integral coverage gap 0.121 exceeds 0.1 | 6 planned shell-band/Lfrac/third-integral cells have no successful orbit,0.9583011583011583,1.0,0.9583011583011583,0.9064449064449065,0.8285714285714286,0.8785714285714286,0.0935550935550935,0.17142857142857137,0.12142857142857144,6.0,0.0,3723.0,3885.0,0.0,not_computed,not_computed,0.0,0.0,0.0,0.0,0.0,0.0,0.0,,,,,,,,,
6.071317242622446,534.3795442415477,782197.4193317796,0.5153326180018677,inf,-1000000.0,orbit_fail_full,44.0,inf,inf,inf,inf,0.0,0.0,0.0,incomplete_orbit_coverage,1.0,inf,inf,0.0,0.0,0.0,0.0,0.0,nonsingular_isothermal,1.0,0.01,2.0,0.3,1.0,0.0,severe_coverage_warn,0.0,multiple,multiple,1;2;3;4;5,shell_band coverage gap 0.108 exceeds 0.1 | Lfrac minimum coverage 0.715 is below 0.8 | Lfrac coverage gap 0.285 exceeds 0.1 | third_integral coverage gap 0.181 exceeds 0.1 | 13 planned shell-band/Lfrac/third-integral cells have no successful orbit,0.9307593307593307,1.0,0.9307593307593307,0.8918918918918919,0.7153439153439154,0.819047619047619,0.10810810810810811,0.2846560846560846,0.18095238095238098,13.0,0.0,3616.0,3885.0,0.0,not_computed,not_computed,0.0,0.0,0.0,0.0,0.0,0.0,0.0,,,,,,,,,
6.071317242622446,534.3795442415477,0.0,0.5153326180018677,326.63193782862055,-326.63193782862055,pass_halo_only,44.0,326.63193782862055,0.24098429259095155,0.2429193353030459,0.3435398185482188,1.0,1.0,149.0,none,0.0,151.8810513877311,174.75088644088947,32.0,32.0,1256.0,13.323006654459737,0.21144030458626276,nonsingular_isothermal,1.0,0.01,2.0,0.3,1.0,0.0,strict_pass,1.0,none,none,,,1.0,1.0,1.0,1.0,1.0,1.0,0.0,0.0,0.0,0.0,0.0,3885.0,3885.0,1.0,inverse_phase_volume,geometric_mean,3885.0,3885.0,3885.0,0.0,420.0,0.0,0.0,2.2070185362400512e+33,8.122945519390542e+49,3.680506251310901e+16,1.0105933426778446e-10,3719495.1152589484,2.6885369358265197e-07,9895176999.189657,3.680506251310862e+16,0.0
6.071317242622446,534.3795442415477,1564394.8386635592,0.5153326180018677,inf,-1000000.0,orbit_fail_bh_up,44.0,inf,inf,inf,inf,0.0,0.0,0.0,incomplete_orbit_coverage,1.0,inf,inf,0.0,0.0,0.0,0.0,0.0,nonsingular_isothermal,1.0,0.01,2.0,0.3,1.0,0.0,severe_coverage_warn,0.0,multiple,multiple,1;2;3;4;5;6,shell_band coverage gap 0.108 exceeds 0.1 | Lfrac minimum coverage 0.691 is below 0.8 | Lfrac coverage gap 0.309 exceeds 0.1 | third_integral coverage gap 0.188 exceeds 0.1 | 16 planned shell-band/Lfrac/third-integral cells have no successful orbit,0.9248391248391249,1.0,0.9248391248391249,0.8918918918918919,0.691005291005291,0.8119047619047619,0.10810810810810811,0.30899470899470904,0.1880952380952381,16.0,0.0,3593.0,3885.0,0.0,not_computed,not_computed,0.0,0.0,0.0,0.0,0.0,0.0,0.0,,,,,,,,,
6.071317242622446,534.3795442415477,391098.7096658898,0.5153326180018677,inf,-1000000.0,orbit_fail_bh_down,44.0,inf,inf,inf,inf,0.0,0.0,0.0,incomplete_orbit_coverage,1.0,inf,inf,0.0,0.0,0.0,0.0,0.0,nonsingular_isothermal,1.0,0.01,2.0,0.3,1.0,0.0,severe_coverage_warn,0.0,multiple,multiple,1;2;3;4;5,Lfrac minimum coverage 0.752 is below 0.8 | Lfrac coverage gap 0.248 exceeds 0.1 | third_integral coverage gap 0.174 exceeds 0.1 | 9 planned shell-band/Lfrac/third-integral cells have no successful orbit,0.9397683397683397,1.0,0.9397683397683397,0.9002079002079002,0.7523809523809524,0.8261904761904761,0.0997920997920998,0.24761904761904763,0.17380952380952386,9.0,0.0,3651.0,3885.0,0.0,not_computed,not_computed,0.0,0.0,0.0,0.0,0.0,0.0,0.0,,,,,,,,,
12.142634485244892,534.3795442415477,782197.4193317796,0.5153326180018677,inf,-1000000.0,orbit_fail_halo_up,44.0,inf,inf,inf,inf,0.0,0.0,0.0,incomplete_orbit_coverage,1.0,inf,inf,0.0,0.0,0.0,0.0,0.0,nonsingular_isothermal,1.0,0.01,2.0,0.3,1.0,0.0,severe_coverage_warn,0.0,multiple,multiple,1;2;3;4;5,shell_band coverage gap 0.1 exceeds 0.1 | Lfrac minimum coverage 0.775 is below 0.8 | Lfrac coverage gap 0.225 exceeds 0.1 | third_integral coverage gap 0.164 exceeds 0.1 | 10 planned shell-band/Lfrac/third-integral cells have no successful orbit,0.9451737451737452,1.0,0.9451737451737452,0.8996138996138996,0.7746031746031746,0.8357142857142857,0.10038610038610041,0.22539682539682537,0.16428571428571426,10.0,0.0,3672.0,3885.0,0.0,not_computed,not_computed,0.0,0.0,0.0,0.0,0.0,0.0,0.0,,,,,,,,,
3.035658621311223,534.3795442415477,782197.4193317796,0.5153326180018677,inf,-1000000.0,orbit_fail_halo_down,44.0,inf,inf,inf,inf,0.0,0.0,0.0,incomplete_orbit_coverage,1.0,inf,inf,0.0,0.0,0.0,0.0,0.0,nonsingular_isothermal,1.0,0.01,2.0,0.3,1.0,0.0,severe_coverage_warn,0.0,multiple,multiple,1;2;3;4;5;6,shell_band coverage gap 0.112 exceeds 0.1 | Lfrac minimum coverage 0.681 is below 0.8 | Lfrac coverage gap 0.319 exceeds 0.1 | third_integral coverage gap 0.181 exceeds 0.1 | 18 planned shell-band/Lfrac/third-integral cells have no successful orbit,0.9225225225225225,1.0,0.9225225225225225,0.8877338877338877,0.6814814814814815,0.819047619047619,0.11226611226611227,0.31851851851851853,0.18095238095238098,18.0,0.0,3584.0,3885.0,0.0,not_computed,not_computed,0.0,0.0,0.0,0.0,0.0,0.0,0.0,,,,,,,,,
6.071317242622446,534.3795442415477,782197.4193317796,1.0306652360037354,inf,-1000000.0,orbit_fail_ml_up,44.0,inf,inf,inf,inf,0.0,0.0,0.0,incomplete_orbit_coverage,1.0,inf,inf,0.0,0.0,0.0,0.0,0.0,nonsingular_isothermal,1.0,0.01,2.0,0.3,1.0,0.0,severe_coverage_warn,0.0,multiple,multiple,1;2;3;4;5,shell_band coverage gap 0.108 exceeds 0.1 | Lfrac minimum coverage 0.719 is below 0.8 | Lfrac coverage gap 0.281 exceeds 0.1 | third_integral coverage gap 0.181 exceeds 0.1 | 15 planned shell-band/Lfrac/third-integral cells have no successful orbit,0.9315315315315316,1.0,0.9315315315315316,0.8918918918918919,0.7185185185185186,0.819047619047619,0.10810810810810811,0.28148148148148144,0.18095238095238098,15.0,0.0,3619.0,3885.0,0.0,not_computed,not_computed,0.0,0.0,0.0,0.0,0.0,0.0,0.0,,,,,,,,,
6.071317242622446,534.3795442415477,782197.4193317796,0.25766630900093385,inf,-1000000.0,orbit_fail_ml_down,44.0,inf,inf,inf,inf,0.0,0.0,0.0,incomplete_orbit_coverage,1.0,inf,inf,0.0,0.0,0.0,0.0,0.0,nonsingular_isothermal,1.0,0.01,2.0,0.3,1.0,0.0,severe_coverage_warn,0.0,multiple,multiple,1;2;3;4;5,shell_band coverage gap 0.106 exceeds 0.1 | Lfrac minimum coverage 0.72 is below 0.8 | Lfrac coverage gap 0.28 exceeds 0.1 | third_integral coverage gap 0.179 exceeds 0.1 | 13 planned shell-band/Lfrac/third-integral cells have no successful orbit,0.9317889317889317,1.0,0.9317889317889317,0.8938223938223938,0.7195767195767195,0.8214285714285714,0.10617760617760619,0.28042328042328046,0.1785714285714286,13.0,0.0,3620.0,3885.0,0.0,not_computed,not_computed,0.0,0.0,0.0,0.0,0.0,0.0,0.0,,,,,,,,,
12.644162666410944,2453.2599224808187,1918013.7719092676,0.7010446833671842,inf,-1000000.0,orbit_fail_full,45.0,inf,inf,inf,inf,0.0,0.0,0.0,incomplete_orbit_coverage,1.0,inf,inf,0.0,0.0,0.0,0.0,0.0,nonsingular_isothermal,1.0,0.01,2.0,0.3,1.0,0.0,severe_coverage_warn,0.0,multiple,multiple,1;2;3;4;5;6,Lfrac minimum coverage 0.69 is below 0.8 | Lfrac coverage gap 0.31 exceeds 0.1 | third_integral minimum coverage 0.783 is below 0.8 | third_integral coverage gap 0.217 exceeds 0.1 | 13 planned shell-band/Lfrac/third-integral cells have no successful orbit,0.9245817245817246,1.0,0.9245817245817246,0.9022869022869023,0.68994708994709,0.7833333333333333,0.09771309771309766,0.31005291005291,0.21666666666666667,13.0,0.0,3592.0,3885.0,0.0,not_computed,not_computed,0.0,0.0,0.0,0.0,0.0,0.0,0.0,,,,,,,,,
12.644162666410944,2453.2599224808187,0.0,0.7010446833671842,526.7015770331559,-526.7015770331559,pass_halo_only,45.0,526.7015770331559,0.25744764395903985,0.21333016552836934,0.301694413353463,1.0,1.0,41.0,none,0.0,205.23670844047584,321.46486859268003,32.0,32.0,1475.0,18.704139968366448,0.14918631243848252,nonsingular_isothermal,1.0,0.01,2.0,0.3,1.0,0.0,strict_pass,1.0,none,none,,,1.0,1.0,1.0,1.0,1.0,1.0,0.0,0.0,0.0,0.0,0.0,3885.0,3885.0,1.0,inverse_phase_volume,geometric_mean,3885.0,3885.0,3885.0,0.0,420.0,0.0,0.0,4.9034655424613004e+33,1.3077753895259982e+49,2667043090649636.5,4.073474509450116e-09,10864132.04536642,9.204600936588419e-08,245490673.30115473,2667043090649653.5,0.0
12.644162666410944,2453.2599224808187,2500000.0,0.7010446833671842,inf,-1000000.0,orbit_fail_bh_up,45.0,inf,inf,inf,inf,0.0,0.0,0.0,incomplete_orbit_coverage,1.0,inf,inf,0.0,0.0,0.0,0.0,0.0,nonsingular_isothermal,1.0,0.01,2.0,0.3,1.0,0.0,severe_coverage_warn,0.0,multiple,multiple,1;2;3;4;5;6;7,Lfrac minimum coverage 0.683 is below 0.8 | Lfrac coverage gap 0.317 exceeds 0.1 | third_integral minimum coverage 0.781 is below 0.8 | third_integral coverage gap 0.219 exceeds 0.1 | 13 planned shell-band/Lfrac/third-integral cells have no successful orbit,0.9227799227799228,1.0,0.9227799227799228,0.8981288981288982,0.6825396825396826,0.780952380952381,0.0997920997920998,0.31746031746031744,0.21904761904761905,13.0,0.0,3585.0,3885.0,0.0,not_computed,not_computed,0.0,0.0,0.0,0.0,0.0,0.0,0.0,,,,,,,,,
12.644162666410944,2453.2599224808187,959006.8859546338,0.7010446833671842,inf,-1000000.0,orbit_fail_bh_down,45.0,inf,inf,inf,inf,0.0,0.0,0.0,incomplete_orbit_coverage,1.0,inf,inf,0.0,0.0,0.0,0.0,0.0,nonsingular_isothermal,1.0,0.01,2.0,0.3,1.0,0.0,severe_coverage_warn,0.0,multiple,multiple,1;2;3;4;5;6,Lfrac minimum coverage 0.725 is below 0.8 | Lfrac coverage gap 0.275 exceeds 0.1 | third_integral coverage gap 0.2 exceeds 0.1 | 14 planned shell-band/Lfrac/third-integral cells have no successful orbit,0.9330759330759331,1.0,0.9330759330759331,0.9043659043659044,0.7248677248677249,0.8,0.09563409563409564,0.2751322751322751,0.19999999999999996,14.0,0.0,3625.0,3885.0,0.0,not_computed,not_computed,0.0,0.0,0.0,0.0,0.0,0.0,0.0,,,,,,,,,
25.288325332821888,2453.2599224808187,1918013.7719092676,0.7010446833671842,inf,-1000000.0,orbit_fail_halo_up,45.0,inf,inf,inf,inf,0.0,0.0,0.0,incomplete_orbit_coverage,1.0,inf,inf,0.0,0.0,0.0,0.0,0.0,nonsingular_isothermal,1.0,0.01,2.0,0.3,1.0,0.0,severe_coverage_warn,0.0,multiple,multiple,1;2;3;4;5;6,Lfrac minimum coverage 0.742 is below 0.8 | Lfrac coverage gap 0.258 exceeds 0.1 | third_integral coverage gap 0.19 exceeds 0.1 | 11 planned shell-band/Lfrac/third-integral cells have no successful orbit,0.9371943371943372,1.0,0.9371943371943372,0.9034749034749034,0.7417989417989418,0.8095238095238095,0.09652509652509655,0.2582010582010582,0.19047619047619047,11.0,0.0,3641.0,3885.0,0.0,not_computed,not_computed,0.0,0.0,0.0,0.0,0.0,0.0,0.0,,,,,,,,,
6.322081333205472,2453.2599224808187,1918013.7719092676,0.7010446833671842,inf,-1000000.0,orbit_fail_halo_down,45.0,inf,inf,inf,inf,0.0,0.0,0.0,incomplete_orbit_coverage,1.0,inf,inf,0.0,0.0,0.0,0.0,0.0,nonsingular_isothermal,1.0,0.01,2.0,0.3,1.0,0.0,severe_coverage_warn,0.0,multiple,multiple,1;2;3;4;5;6;7;8,Lfrac minimum coverage 0.602 is below 0.8 | Lfrac coverage gap 0.398 exceeds 0.1 | third_integral minimum coverage 0.755 is below 0.8 | third_integral coverage gap 0.245 exceeds 0.1 | 20 planned shell-band/Lfrac/third-integral cells have no successful orbit,0.9032175032175033,1.0,0.9032175032175033,0.8918918918918919,0.6021164021164022,0.7547619047619047,0.037422037422037424,0.39788359788359784,0.24523809523809526,20.0,0.0,3509.0,3885.0,0.0,not_computed,not_computed,0.0,0.0,0.0,0.0,0.0,0.0,0.0,,,,,,,,,
12.644162666410944,2453.2599224808187,1918013.7719092676,1.4020893667343683,inf,-1000000.0,orbit_fail_ml_up,45.0,inf,inf,inf,inf,0.0,0.0,0.0,incomplete_orbit_coverage,1.0,inf,inf,0.0,0.0,0.0,0.0,0.0,nonsingular_isothermal,1.0,0.01,2.0,0.3,1.0,0.0,severe_coverage_warn,0.0,multiple,multiple,1;2;3;4;5;6,shell_band coverage gap 0.102 exceeds 0.1 | Lfrac minimum coverage 0.68 is below 0.8 | Lfrac coverage gap 0.32 exceeds 0.1 | third_integral minimum coverage 0.788 is below 0.8 | third_integral coverage gap 0.212 exceeds 0.1 | 15 planned shell-band/Lfrac/third-integral cells have no successful orbit,0.9222651222651223,1.0,0.9222651222651223,0.8976833976833977,0.6804232804232804,0.7880952380952381,0.10231660231660233,0.3195767195767196,0.21190476190476193,15.0,0.0,3583.0,3885.0,0.0,not_computed,not_computed,0.0,0.0,0.0,0.0,0.0,0.0,0.0,,,,,,,,,
12.644162666410944,2453.2599224808187,1918013.7719092676,0.3505223416835921,inf,-1000000.0,orbit_fail_ml_down,45.0,inf,inf,inf,inf,0.0,0.0,0.0,incomplete_orbit_coverage,1.0,inf,inf,0.0,0.0,0.0,0.0,0.0,nonsingular_isothermal,1.0,0.01,2.0,0.3,1.0,0.0,severe_coverage_warn,0.0,multiple,multiple,1;2;3;4;5;6,shell_band coverage gap 0.104 exceeds 0.1 | Lfrac minimum coverage 0.68 is below 0.8 | Lfrac coverage gap 0.32 exceeds 0.1 | third_integral minimum coverage 0.786 is below 0.8 | third_integral coverage gap 0.214 exceeds 0.1 | 14 planned shell-band/Lfrac/third-integral cells have no successful orbit,0.9222651222651223,1.0,0.9222651222651223,0.8957528957528957,0.6804232804232804,0.7857142857142857,0.10424710424710426,0.3195767195767196,0.2142857142857143,14.0,0.0,3583.0,3885.0,0.0,not_computed,not_computed,0.0,0.0,0.0,0.0,0.0,0.0,0.0,,,,,,,,,
11.207987544760941,7028.422364858657,767294.843894174,0.6450099613784495,inf,-1000000.0,orbit_fail_full,46.0,inf,inf,inf,inf,0.0,0.0,0.0,incomplete_orbit_coverage,1.0,inf,inf,0.0,0.0,0.0,0.0,0.0,nonsingular_isothermal,1.0,0.01,2.0,0.3,1.0,0.0,severe_coverage_warn,0.0,multiple,multiple,1;2;3;4;5;6;7;8,Lfrac minimum coverage 0.644 is below 0.8 | Lfrac coverage gap 0.356 exceeds 0.1 | third_integral minimum coverage 0.75 is below 0.8 | third_integral coverage gap 0.25 exceeds 0.1 | 18 planned shell-band/Lfrac/third-integral cells have no successful orbit,0.9135135135135135,1.0,0.9135135135135135,0.8938223938223938,0.6444444444444445,0.75,0.04172854172854179,0.3555555555555555,0.25,18.0,0.0,3549.0,3885.0,0.0,not_computed,not_computed,0.0,0.0,0.0,0.0,0.0,0.0,0.0,,,,,,,,,
11.207987544760941,7028.422364858657,0.0,0.6450099613784495,883.4602294913506,-883.4602294913506,pass_halo_only,46.0,883.4602294913506,0.24054435519531125,0.2420105511112647,0.34225460361893156,1.0,1.0,5.0,none,0.0,426.9931382079029,456.46709128344753,32.0,32.0,66.0,23.95809070492896,0.08823058712528241,nonsingular_isothermal,1.0,0.01,2.0,0.3,1.0,0.0,strict_pass,1.0,none,none,,,1.0,1.0,1.0,1.0,1.0,1.0,0.0,0.0,0.0,0.0,0.0,3885.0,3885.0,1.0,inverse_phase_volume,geometric_mean,3885.0,3885.0,3885.0,0.0,420.0,0.0,0.0,1.8748476542089788e+31,9.891564602865036e+46,5275929796567075.0,1.378184373889395e-10,727120.4003366199,1.375288053446239e-06,7255923220.039746,5275929796567077.0,0.0
11.207987544760941,7028.422364858657,1534589.687788348,0.6450099613784495,inf,-1000000.0,orbit_fail_bh_up,46.0,inf,inf,inf,inf,0.0,0.0,0.0,incomplete_orbit_coverage,1.0,inf,inf,0.0,0.0,0.0,0.0,0.0,nonsingular_isothermal,1.0,0.01,2.0,0.3,1.0,0.0,severe_coverage_warn,0.0,multiple,multiple,1;2;3;4;5;6;7;8,Lfrac minimum coverage 0.624 is below 0.8 | Lfrac coverage gap 0.376 exceeds 0.1 | third_integral minimum coverage 0.75 is below 0.8 | third_integral coverage gap 0.25 exceeds 0.1 | 16 planned shell-band/Lfrac/third-integral cells have no successful orbit,0.9086229086229086,1.0,0.9086229086229086,0.888030888030888,0.6243386243386243,0.75,0.039204039204039254,0.3756613756613757,0.25,16.0,0.0,3530.0,3885.0,0.0,not_computed,not_computed,0.0,0.0,0.0,0.0,0.0,0.0,0.0,,,,,,,,,
11.207987544760941,7028.422364858657,383647.421947087,0.6450099613784495,inf,-1000000.0,orbit_fail_bh_down,46.0,inf,inf,inf,inf,0.0,0.0,0.0,incomplete_orbit_coverage,1.0,inf,inf,0.0,0.0,0.0,0.0,0.0,nonsingular_isothermal,1.0,0.01,2.0,0.3,1.0,0.0,severe_coverage_warn,0.0,multiple,multiple,1;2;3;4;5;6;7,Lfrac minimum coverage 0.68 is below 0.8 | Lfrac coverage gap 0.32 exceeds 0.1 | third_integral minimum coverage 0.764 is below 0.8 | third_integral coverage gap 0.236 exceeds 0.1 | 14 planned shell-band/Lfrac/third-integral cells have no successful orbit,0.9222651222651223,1.0,0.9222651222651223,0.888030888030888,0.6804232804232804,0.7642857142857142,0.08910008910008915,0.3195767195767196,0.23571428571428577,14.0,0.0,3583.0,3885.0,0.0,not_computed,not_computed,0.0,0.0,0.0,0.0,0.0,0.0,0.0,,,,,,,,,
22.415975089521883,7028.422364858657,767294.843894174,0.6450099613784495,inf,-1000000.0,orbit_fail_halo_up,46.0,inf,inf,inf,inf,0.0,0.0,0.0,incomplete_orbit_coverage,1.0,inf,inf,0.0,0.0,0.0,0.0,0.0,nonsingular_isothermal,1.0,0.01,2.0,0.3,1.0,0.0,severe_coverage_warn,0.0,multiple,multiple,1;2;3;4;5;6,shell_band coverage gap 0.102 exceeds 0.1 | Lfrac minimum coverage 0.704 is below 0.8 | Lfrac coverage gap 0.296 exceeds 0.1 | third_integral minimum coverage 0.783 is below 0.8 | third_integral coverage gap 0.217 exceeds 0.1 | 13 planned shell-band/Lfrac/third-integral cells have no successful orbit,0.9279279279279279,1.0,0.9279279279279279,0.8976833976833977,0.7037037037037037,0.7833333333333333,0.10231660231660233,0.2962962962962963,0.21666666666666667,13.0,0.0,3605.0,3885.0,0.0,not_computed,not_computed,0.0,0.0,0.0,0.0,0.0,0.0,0.0,,,,,,,,,
5.603993772380471,7028.422364858657,767294.843894174,0.6450099613784495,inf,-1000000.0,orbit_fail_halo_down,46.0,inf,inf,inf,inf,0.0,0.0,0.0,incomplete_orbit_coverage,1.0,inf,inf,0.0,0.0,0.0,0.0,0.0,nonsingular_isothermal,1.0,0.01,2.0,0.3,1.0,0.0,severe_coverage_warn,0.0,multiple,multiple,1;2;3;4;5;6;7;8,Lfrac minimum coverage 0.607 is below 0.8 | Lfrac coverage gap 0.393 exceeds 0.1 | third_integral minimum coverage 0.75 is below 0.8 | third_integral coverage gap 0.25 exceeds 0.1 | 20 planned shell-band/Lfrac/third-integral cells have no successful orbit,0.9045045045045045,1.0,0.9045045045045045,0.888030888030888,0.6074074074074074,0.75,0.035046035046035096,0.3925925925925926,0.25,20.0,0.0,3514.0,3885.0,0.0,not_computed,not_computed,0.0,0.0,0.0,0.0,0.0,0.0,0.0,,,,,,,,,
11.207987544760941,7028.422364858657,767294.843894174,1.290019922756899,inf,-1000000.0,orbit_fail_ml_up,46.0,inf,inf,inf,inf,0.0,0.0,0.0,incomplete_orbit_coverage,1.0,inf,inf,0.0,0.0,0.0,0.0,0.0,nonsingular_isothermal,1.0,0.01,2.0,0.3,1.0,0.0,severe_coverage_warn,0.0,multiple,multiple,1;2;3;4;5;6;7,Lfrac minimum coverage 0.651 is below 0.8 | Lfrac coverage gap 0.349 exceeds 0.1 | third_integral minimum coverage 0.752 is below 0.8 | third_integral coverage gap 0.248 exceeds 0.1 | 15 planned shell-band/Lfrac/third-integral cells have no successful orbit,0.915057915057915,1.0,0.915057915057915,0.8976833976833977,0.6507936507936508,0.7523809523809524,0.042025542025542095,0.3492063492063492,0.24761904761904763,15.0,0.0,3555.0,3885.0,0.0,not_computed,not_computed,0.0,0.0,0.0,0.0,0.0,0.0,0.0,,,,,,,,,
11.207987544760941,7028.422364858657,767294.843894174,0.32250498068922473,inf,-1000000.0,orbit_fail_ml_down,46.0,inf,inf,inf,inf,0.0,0.0,0.0,incomplete_orbit_coverage,1.0,inf,inf,0.0,0.0,0.0,0.0,0.0,nonsingular_isothermal,1.0,0.01,2.0,0.3,1.0,0.0,severe_coverage_warn,0.0,multiple,multiple,1;2;3;4;5;6;7;8,Lfrac minimum coverage 0.642 is below 0.8 | Lfrac coverage gap 0.358 exceeds 0.1 | third_integral minimum coverage 0.752 is below 0.8 | third_integral coverage gap 0.248 exceeds 0.1 | 15 planned shell-band/Lfrac/third-integral cells have no successful orbit,0.912998712998713,1.0,0.912998712998713,0.8976833976833977,0.6423280423280423,0.7523809523809524,0.0357885357885358,0.3576719576719577,0.24761904761904763,15.0,0.0,3547.0,3885.0,0.0,not_computed,not_computed,0.0,0.0,0.0,0.0,0.0,0.0,0.0,,,,,,,,,
10.765309548161191,843.703372135153,2154260.688922485,0.34518967453941984,inf,-1000000.0,orbit_fail_full,47.0,inf,inf,inf,inf,0.0,0.0,0.0,incomplete_orbit_coverage,1.0,inf,inf,0.0,0.0,0.0,0.0,0.0,nonsingular_isothermal,1.0,0.01,2.0,0.3,1.0,0.0,severe_coverage_warn,0.0,multiple,multiple,1;2;3;4;5,shell_band coverage gap 0.104 exceeds 0.1 | Lfrac minimum coverage 0.71 is below 0.8 | Lfrac coverage gap 0.29 exceeds 0.1 | third_integral coverage gap 0.186 exceeds 0.1 | 12 planned shell-band/Lfrac/third-integral cells have no successful orbit,0.9294723294723295,1.0,0.9294723294723295,0.8957528957528957,0.71005291005291,0.8142857142857143,0.10424710424710426,0.28994708994708995,0.18571428571428572,12.0,0.0,3611.0,3885.0,0.0,not_computed,not_computed,0.0,0.0,0.0,0.0,0.0,0.0,0.0,,,,,,,,,
10.765309548161191,843.703372135153,0.0,0.34518967453941984,239.1564225825323,-239.1564225825323,pass_halo_only,47.0,239.1564225825323,0.2840312853091973,0.21888001633946014,0.30954308763965344,1.0,1.0,192.0,none,0.0,105.04955762659164,134.10686495594075,32.0,32.0,1515.0,16.245828939822783,0.14297691195614515,nonsingular_isothermal,1.0,0.01,2.0,0.3,1.0,0.0,strict_pass,1.0,none,none,,,1.0,1.0,1.0,1.0,1.0,1.0,0.0,0.0,0.0,0.0,0.0,3885.0,3885.0,1.0,inverse_phase_volume,geometric_mean,3885.0,3885.0,3885.0,0.0,420.0,0.0,0.0,7.922858354857912e+32,2.6012748456211026e+50,3.283252999248847e+17,6.399697041439694e-11,21011824.505590644,4.759224977031046e-08,15625739679.937054,3.283252999248815e+17,0.0
10.765309548161191,843.703372135153,2500000.0,0.34518967453941984,inf,-1000000.0,orbit_fail_bh_up,47.0,inf,inf,inf,inf,0.0,0.0,0.0,incomplete_orbit_coverage,1.0,inf,inf,0.0,0.0,0.0,0.0,0.0,nonsingular_isothermal,1.0,0.01,2.0,0.3,1.0,0.0,severe_coverage_warn,0.0,multiple,multiple,1;2;3;4;5;6,shell_band coverage gap 0.11 exceeds 0.1 | Lfrac minimum coverage 0.706 is below 0.8 | Lfrac coverage gap 0.294 exceeds 0.1 | third_integral coverage gap 0.19 exceeds 0.1 | 16 planned shell-band/Lfrac/third-integral cells have no successful orbit,0.9284427284427285,1.0,0.9284427284427285,0.88996138996139,0.7058201058201058,0.8095238095238095,0.11003861003861004,0.2941798941798942,0.19047619047619047,16.0,0.0,3607.0,3885.0,0.0,not_computed,not_computed,0.0,0.0,0.0,0.0,0.0,0.0,0.0,,,,,,,,,
10.765309548161191,843.703372135153,1077130.3444612424,0.34518967453941984,inf,-1000000.0,orbit_fail_bh_down,47.0,inf,inf,inf,inf,0.0,0.0,0.0,incomplete_orbit_coverage,1.0,inf,inf,0.0,0.0,0.0,0.0,0.0,nonsingular_isothermal,1.0,0.01,2.0,0.3,1.0,0.0,severe_coverage_warn,0.0,multiple,multiple,1;2;3;4;5,shell_band coverage gap 0.102 exceeds 0.1 | Lfrac minimum coverage 0.731 is below 0.8 | Lfrac coverage gap 0.269 exceeds 0.1 | third_integral coverage gap 0.181 exceeds 0.1 | 12 planned shell-band/Lfrac/third-integral cells have no successful orbit,0.9346203346203347,1.0,0.9346203346203347,0.8976833976833977,0.7312169312169312,0.819047619047619,0.10231660231660233,0.2687830687830688,0.18095238095238098,12.0,0.0,3631.0,3885.0,0.0,not_computed,not_computed,0.0,0.0,0.0,0.0,0.0,0.0,0.0,,,,,,,,,
21.530619096322383,843.703372135153,2154260.688922485,0.34518967453941984,inf,-1000000.0,orbit_fail_halo_up,47.0,inf,inf,inf,inf,0.0,0.0,0.0,incomplete_orbit_coverage,1.0,inf,inf,0.0,0.0,0.0,0.0,0.0,nonsingular_isothermal,1.0,0.01,2.0,0.3,1.0,0.0,severe_coverage_warn,0.0,multiple,multiple,1;2;3;4;5,Lfrac minimum coverage 0.769 is below 0.8 | Lfrac coverage gap 0.231 exceeds 0.1 | third_integral coverage gap 0.169 exceeds 0.1 | 8 planned shell-band/Lfrac/third-integral cells have no successful orbit,0.9438867438867439,1.0,0.9438867438867439,0.9054054054054054,0.7693121693121693,0.830952380952381,0.09459459459459463,0.23068783068783072,0.169047619047619,8.0,0.0,3667.0,3885.0,0.0,not_computed,not_computed,0.0,0.0,0.0,0.0,0.0,0.0,0.0,,,,,,,,,
5.382654774080596,843.703372135153,2154260.688922485,0.34518967453941984,inf,-1000000.0,orbit_fail_halo_down,47.0,inf,inf,inf,inf,0.0,0.0,0.0,incomplete_orbit_coverage,1.0,inf,inf,0.0,0.0,0.0,0.0,0.0,nonsingular_isothermal,1.0,0.01,2.0,0.3,1.0,0.0,severe_coverage_warn,0.0,multiple,multiple,1;2;3;4;5;6,shell_band coverage gap 0.106 exceeds 0.1 | Lfrac minimum coverage 0.667 is below 0.8 | Lfrac coverage gap 0.333 exceeds 0.1 | third_integral coverage gap 0.2 exceeds 0.1 | 17 planned shell-band/Lfrac/third-integral cells have no successful orbit,0.918918918918919,1.0,0.918918918918919,0.893970893970894,0.6666666666666666,0.8,0.10602910602910598,0.33333333333333337,0.19999999999999996,17.0,0.0,3570.0,3885.0,0.0,not_computed,not_computed,0.0,0.0,0.0,0.0,0.0,0.0,0.0,,,,,,,,,
10.765309548161191,843.703372135153,2154260.688922485,0.6903793490788397,inf,-1000000.0,orbit_fail_ml_up,47.0,inf,inf,inf,inf,0.0,0.0,0.0,incomplete_orbit_coverage,1.0,inf,inf,0.0,0.0,0.0,0.0,0.0,nonsingular_isothermal,1.0,0.01,2.0,0.3,1.0,0.0,severe_coverage_warn,0.0,multiple,multiple,1;2;3;4;5,shell_band coverage gap 0.102 exceeds 0.1 | Lfrac minimum coverage 0.715 is below 0.8 | Lfrac coverage gap 0.285 exceeds 0.1 | third_integral coverage gap 0.186 exceeds 0.1 | 11 planned shell-band/Lfrac/third-integral cells have no successful orbit,0.9307593307593307,1.0,0.9307593307593307,0.8976833976833977,0.7153439153439154,0.8142857142857143,0.10231660231660233,0.2846560846560846,0.18571428571428572,11.0,0.0,3616.0,3885.0,0.0,not_computed,not_computed,0.0,0.0,0.0,0.0,0.0,0.0,0.0,,,,,,,,,
10.765309548161191,843.703372135153,2154260.688922485,0.2,inf,-1000000.0,orbit_fail_ml_down,47.0,inf,inf,inf,inf,0.0,0.0,0.0,incomplete_orbit_coverage,1.0,inf,inf,0.0,0.0,0.0,0.0,0.0,nonsingular_isothermal,1.0,0.01,2.0,0.3,1.0,0.0,severe_coverage_warn,0.0,multiple,multiple,1;2;3;4;5;6,shell_band coverage gap 0.108 exceeds 0.1 | Lfrac minimum coverage 0.711 is below 0.8 | Lfrac coverage gap 0.289 exceeds 0.1 | third_integral coverage gap 0.188 exceeds 0.1 | 13 planned shell-band/Lfrac/third-integral cells have no successful orbit,0.9297297297297298,1.0,0.9297297297297298,0.8918918918918919,0.7111111111111111,0.8119047619047619,0.10810810810810811,0.28888888888888886,0.1880952380952381,13.0,0.0,3612.0,3885.0,0.0,not_computed,not_computed,0.0,0.0,0.0,0.0,0.0,0.0,0.0,,,,,,,,,
14.266049349931679,923.0695230692237,1816446.6413196826,0.2928515837159685,inf,-1000000.0,orbit_fail_full,48.0,inf,inf,inf,inf,0.0,0.0,0.0,incomplete_orbit_coverage,1.0,inf,inf,0.0,0.0,0.0,0.0,0.0,nonsingular_isothermal,1.0,0.01,2.0,0.3,1.0,0.0,severe_coverage_warn,0.0,multiple,multiple,1;2;3;4;5,shell_band coverage gap 0.1 exceeds 0.1 | Lfrac minimum coverage 0.729 is below 0.8 | Lfrac coverage gap 0.271 exceeds 0.1 | third_integral coverage gap 0.183 exceeds 0.1 | 13 planned shell-band/Lfrac/third-integral cells have no successful orbit,0.9341055341055341,1.0,0.9341055341055341,0.8996138996138996,0.7291005291005291,0.8166666666666667,0.10038610038610041,0.27089947089947086,0.18333333333333335,13.0,0.0,3629.0,3885.0,0.0,not_computed,not_computed,0.0,0.0,0.0,0.0,0.0,0.0,0.0,,,,,,,,,
14.266049349931679,923.0695230692237,0.0,0.2928515837159685,144.1686876164515,-144.1686876164515,pass_halo_only,48.0,144.1686876164515,0.13280377780694153,0.20773345886527936,0.2937794748858986,1.0,1.0,48.0,none,0.0,53.34750077098743,90.8211868454641,32.0,32.0,1566.0,18.90506734587595,0.09524770962864043,nonsingular_isothermal,1.0,0.01,2.0,0.3,1.0,0.0,strict_pass,1.0,none,none,,,1.0,1.0,1.0,1.0,1.0,1.0,0.0,0.0,0.0,0.0,0.0,3885.0,3885.0,1.0,inverse_phase_volume,geometric_mean,3885.0,3885.0,3885.0,0.0,420.0,0.0,0.0,1.1848733354357961e+31,6.4847959808549955e+50,5.472986678757429e+19,9.412290625575687e-13,51513341.21036927,1.941244688276417e-08,1062440631914.547,5.47298667875744e+19,0.0
14.266049349931679,923.0695230692237,2500000.0,0.2928515837159685,inf,-1000000.0,orbit_fail_bh_up,48.0,inf,inf,inf,inf,0.0,0.0,0.0,incomplete_orbit_coverage,1.0,inf,inf,0.0,0.0,0.0,0.0,0.0,nonsingular_isothermal,1.0,0.01,2.0,0.3,1.0,0.0,severe_coverage_warn,0.0,multiple,multiple,1;2;3;4;5,Lfrac minimum coverage 0.728 is below 0.8 | Lfrac coverage gap 0.272 exceeds 0.1 | third_integral coverage gap 0.186 exceeds 0.1 | 11 planned shell-band/Lfrac/third-integral cells have no successful orbit,0.9338481338481338,1.0,0.9338481338481338,0.9002079002079002,0.728042328042328,0.8142857142857143,0.0997920997920998,0.27195767195767195,0.18571428571428572,11.0,0.0,3628.0,3885.0,0.0,not_computed,not_computed,0.0,0.0,0.0,0.0,0.0,0.0,0.0,,,,,,,,,
14.266049349931679,923.0695230692237,908223.3206598413,0.2928515837159685,inf,-1000000.0,orbit_fail_bh_down,48.0,inf,inf,inf,inf,0.0,0.0,0.0,incomplete_orbit_coverage,1.0,inf,inf,0.0,0.0,0.0,0.0,0.0,nonsingular_isothermal,1.0,0.01,2.0,0.3,1.0,0.0,severe_coverage_warn,0.0,multiple,multiple,1;2;3;4;5,Lfrac minimum coverage 0.757 is below 0.8 | Lfrac coverage gap 0.243 exceeds 0.1 | third_integral coverage gap 0.176 exceeds 0.1 | 10 planned shell-band/Lfrac/third-integral cells have no successful orbit,0.9407979407979408,1.0,0.9407979407979408,0.9015444015444015,0.7566137566137566,0.8238095238095238,0.09845559845559848,0.24338624338624337,0.17619047619047623,10.0,0.0,3655.0,3885.0,0.0,not_computed,not_computed,0.0,0.0,0.0,0.0,0.0,0.0,0.0,,,,,,,,,
28.532098699863358,923.0695230692237,1816446.6413196826,0.2928515837159685,inf,-1000000.0,orbit_fail_halo_up,48.0,inf,inf,inf,inf,0.0,0.0,0.0,incomplete_orbit_coverage,1.0,inf,inf,0.0,0.0,0.0,0.0,0.0,nonsingular_isothermal,1.0,0.01,2.0,0.3,1.0,0.0,severe_coverage_warn,0.0,multiple,multiple,1;2;3;4;5,Lfrac minimum coverage 0.785 is below 0.8 | Lfrac coverage gap 0.215 exceeds 0.1 | third_integral coverage gap 0.169 exceeds 0.1 | 12 planned shell-band/Lfrac/third-integral cells have no successful orbit,0.9477477477477477,1.0,0.9477477477477477,0.9054054054054054,0.7851851851851852,0.830952380952381,0.09459459459459463,0.2148148148148148,0.169047619047619,12.0,0.0,3682.0,3885.0,0.0,not_computed,not_computed,0.0,0.0,0.0,0.0,0.0,0.0,0.0,,,,,,,,,
7.1330246749658395,923.0695230692237,1816446.6413196826,0.2928515837159685,inf,-1000000.0,orbit_fail_halo_down,48.0,inf,inf,inf,inf,0.0,0.0,0.0,incomplete_orbit_coverage,1.0,inf,inf,0.0,0.0,0.0,0.0,0.0,nonsingular_isothermal,1.0,0.01,2.0,0.3,1.0,0.0,severe_coverage_warn,0.0,multiple,multiple,1;2;3;4;5;6,shell_band coverage gap 0.108 exceeds 0.1 | Lfrac minimum coverage 0.68 is below 0.8 | Lfrac coverage gap 0.32 exceeds 0.1 | third_integral coverage gap 0.2 exceeds 0.1 | 16 planned shell-band/Lfrac/third-integral cells have no successful orbit,0.9222651222651223,1.0,0.9222651222651223,0.8918918918918919,0.6804232804232804,0.8,0.10810810810810811,0.3195767195767196,0.19999999999999996,16.0,0.0,3583.0,3885.0,0.0,not_computed,not_computed,0.0,0.0,0.0,0.0,0.0,0.0,0.0,,,,,,,,,
14.266049349931679,923.0695230692237,1816446.6413196826,0.585703167431937,inf,-1000000.0,orbit_fail_ml_up,48.0,inf,inf,inf,inf,0.0,0.0,0.0,incomplete_orbit_coverage,1.0,inf,inf,0.0,0.0,0.0,0.0,0.0,nonsingular_isothermal,1.0,0.01,2.0,0.3,1.0,0.0,severe_coverage_warn,0.0,multiple,multiple,1;2;3;4;5,shell_band coverage gap 0.102 exceeds 0.1 | Lfrac minimum coverage 0.731 is below 0.8 | Lfrac coverage gap 0.269 exceeds 0.1 | third_integral coverage gap 0.181 exceeds 0.1 | 12 planned shell-band/Lfrac/third-integral cells have no successful orbit,0.9346203346203347,1.0,0.9346203346203347,0.8976833976833977,0.7312169312169312,0.819047619047619,0.10231660231660233,0.2687830687830688,0.18095238095238098,12.0,0.0,3631.0,3885.0,0.0,not_computed,not_computed,0.0,0.0,0.0,0.0,0.0,0.0,0.0,,,,,,,,,
14.266049349931679,923.0695230692237,1816446.6413196826,0.2,inf,-1000000.0,orbit_fail_ml_down,48.0,inf,inf,inf,inf,0.0,0.0,0.0,incomplete_orbit_coverage,1.0,inf,inf,0.0,0.0,0.0,0.0,0.0,nonsingular_isothermal,1.0,0.01,2.0,0.3,1.0,0.0,severe_coverage_warn,0.0,multiple,multiple,1;2;3;4;5,shell_band coverage gap 0.102 exceeds 0.1 | Lfrac minimum coverage 0.729 is below 0.8 | Lfrac coverage gap 0.271 exceeds 0.1 | third_integral coverage gap 0.181 exceeds 0.1 | 12 planned shell-band/Lfrac/third-integral cells have no successful orbit,0.9341055341055341,1.0,0.9341055341055341,0.8976833976833977,0.7291005291005291,0.819047619047619,0.10231660231660233,0.27089947089947086,0.18095238095238098,12.0,0.0,3629.0,3885.0,0.0,not_computed,not_computed,0.0,0.0,0.0,0.0,0.0,0.0,0.0,,,,,,,,,
0.13014068199464268,3803.1245287944503,327391.9920900434,1.131351730935647,inf,-1000000.0,orbit_fail_full,49.0,inf,inf,inf,inf,0.0,0.0,0.0,incomplete_orbit_coverage,1.0,inf,inf,0.0,0.0,0.0,0.0,0.0,nonsingular_isothermal,1.0,0.01,2.0,0.3,1.0,0.0,severe_coverage_warn,0.0,multiple,multiple,1;2;3;4;5;6;7;8,Lfrac minimum coverage 0.624 is below 0.8 | Lfrac coverage gap 0.376 exceeds 0.1 | third_integral minimum coverage 0.75 is below 0.8 | third_integral coverage gap 0.25 exceeds 0.1 | 24 planned shell-band/Lfrac/third-integral cells have no successful orbit,0.9086229086229086,1.0,0.9086229086229086,0.8996138996138996,0.6243386243386243,0.75,0.01514701514701522,0.3756613756613757,0.25,24.0,0.0,3530.0,3885.0,0.0,not_computed,not_computed,0.0,0.0,0.0,0.0,0.0,0.0,0.0,,,,,,,,,
0.13014068199464268,3803.1245287944503,0.0,1.131351730935647,inf,-1000000.0,orbit_fail_halo_only,49.0,inf,inf,inf,inf,0.0,0.0,0.0,incomplete_orbit_coverage,1.0,inf,inf,0.0,0.0,0.0,0.0,0.0,nonsingular_isothermal,1.0,0.01,2.0,0.3,1.0,0.0,severe_coverage_warn,0.0,multiple,multiple,2;3;4;5;6;7;8,total orbit coverage 0.712 is below 0.85 | shell_band minimum coverage 0.412 is below 0.8 | shell_band coverage gap 0.468 exceeds 0.1 | Lfrac minimum coverage 0.395 is below 0.8 | Lfrac coverage gap 0.605 exceeds 0.1 | third_integral minimum coverage 0.55 is below 0.8 | third_integral coverage gap 0.45 exceeds 0.1 | 60 planned shell-band/Lfrac/third-integral cells have no successful orbit,0.7122265122265122,1.0,0.7122265122265122,0.41164241164241167,0.39470899470899473,0.55,0.46777546777546775,0.6052910052910052,0.44999999999999996,60.0,0.0,2767.0,3885.0,0.0,not_computed,not_computed,0.0,0.0,0.0,0.0,0.0,0.0,0.0,,,,,,,,,
0.13014068199464268,3803.1245287944503,654783.9841800868,1.131351730935647,inf,-1000000.0,orbit_fail_bh_up,49.0,inf,inf,inf,inf,0.0,0.0,0.0,incomplete_orbit_coverage,1.0,inf,inf,0.0,0.0,0.0,0.0,0.0,nonsingular_isothermal,1.0,0.01,2.0,0.3,1.0,0.0,severe_coverage_warn,0.0,multiple,multiple,1;2;3;4;5;6;7;8,Lfrac minimum coverage 0.603 is below 0.8 | Lfrac coverage gap 0.397 exceeds 0.1 | third_integral minimum coverage 0.75 is below 0.8 | third_integral coverage gap 0.25 exceeds 0.1 | 24 planned shell-band/Lfrac/third-integral cells have no successful orbit,0.9034749034749034,1.0,0.9034749034749034,0.8938223938223938,0.6031746031746031,0.75,0.014701514701514706,0.39682539682539686,0.25,24.0,0.0,3510.0,3885.0,0.0,not_computed,not_computed,0.0,0.0,0.0,0.0,0.0,0.0,0.0,,,,,,,,,
0.13014068199464268,3803.1245287944503,163695.9960450217,1.131351730935647,inf,-1000000.0,orbit_fail_bh_down,49.0,inf,inf,inf,inf,0.0,0.0,0.0,incomplete_orbit_coverage,1.0,inf,inf,0.0,0.0,0.0,0.0,0.0,nonsingular_isothermal,1.0,0.01,2.0,0.3,1.0,0.0,severe_coverage_warn,0.0,multiple,multiple,1;2;3;4;5;6;7;8,Lfrac minimum coverage 0.624 is below 0.8 | Lfrac coverage gap 0.376 exceeds 0.1 | third_integral minimum coverage 0.75 is below 0.8 | third_integral coverage gap 0.25 exceeds 0.1 | 25 planned shell-band/Lfrac/third-integral cells have no successful orbit,0.9086229086229086,1.0,0.9086229086229086,0.8898128898128899,0.6243386243386243,0.75,0.029106029106029108,0.3756613756613757,0.25,25.0,0.0,3530.0,3885.0,0.0,not_computed,not_computed,0.0,0.0,0.0,0.0,0.0,0.0,0.0,,,,,,,,,
0.26028136398928536,3803.1245287944503,327391.9920900434,1.131351730935647,inf,-1000000.0,orbit_fail_halo_up,49.0,inf,inf,inf,inf,0.0,0.0,0.0,incomplete_orbit_coverage,1.0,inf,inf,0.0,0.0,0.0,0.0,0.0,nonsingular_isothermal,1.0,0.01,2.0,0.3,1.0,0.0,severe_coverage_warn,0.0,multiple,multiple,1;2;3;4;5;6;7;8,Lfrac minimum coverage 0.612 is below 0.8 | Lfrac coverage gap 0.388 exceeds 0.1 | third_integral minimum coverage 0.75 is below 0.8 | third_integral coverage gap 0.25 exceeds 0.1 | 24 planned shell-band/Lfrac/third-integral cells have no successful orbit,0.9055341055341055,1.0,0.9055341055341055,0.8918918918918919,0.6116402116402117,0.75,0.022869022869022926,0.38835978835978835,0.25,24.0,0.0,3518.0,3885.0,0.0,not_computed,not_computed,0.0,0.0,0.0,0.0,0.0,0.0,0.0,,,,,,,,,
0.06507034099732134,3803.1245287944503,327391.9920900434,1.131351730935647,inf,-1000000.0,orbit_fail_halo_down,49.0,inf,inf,inf,inf,0.0,0.0,0.0,incomplete_orbit_coverage,1.0,inf,inf,0.0,0.0,0.0,0.0,0.0,nonsingular_isothermal,1.0,0.01,2.0,0.3,1.0,0.0,severe_coverage_warn,0.0,multiple,multiple,1;2;3;4;5;6;7;8,Lfrac minimum coverage 0.611 is below 0.8 | Lfrac coverage gap 0.389 exceeds 0.1 | third_integral minimum coverage 0.75 is below 0.8 | third_integral coverage gap 0.25 exceeds 0.1 | 24 planned shell-band/Lfrac/third-integral cells have no successful orbit,0.9052767052767052,1.0,0.9052767052767052,0.8957528957528957,0.6105820105820106,0.75,0.019008019008019073,0.38941798941798944,0.25,24.0,0.0,3517.0,3885.0,0.0,not_computed,not_computed,0.0,0.0,0.0,0.0,0.0,0.0,0.0,,,,,,,,,
0.13014068199464268,3803.1245287944503,327391.9920900434,1.6,inf,-1000000.0,orbit_fail_ml_up,49.0,inf,inf,inf,inf,0.0,0.0,0.0,incomplete_orbit_coverage,1.0,inf,inf,0.0,0.0,0.0,0.0,0.0,nonsingular_isothermal,1.0,0.01,2.0,0.3,1.0,0.0,severe_coverage_warn,0.0,multiple,multiple,1;2;3;4;5;6;7;8,Lfrac minimum coverage 0.607 is below 0.8 | Lfrac coverage gap 0.393 exceeds 0.1 | third_integral minimum coverage 0.75 is below 0.8 | third_integral coverage gap 0.25 exceeds 0.1 | 24 planned shell-band/Lfrac/third-integral cells have no successful orbit,0.9045045045045045,1.0,0.9045045045045045,0.8981288981288982,0.6074074074074074,0.75,0.012474012474012475,0.3925925925925926,0.25,24.0,0.0,3514.0,3885.0,0.0,not_computed,not_computed,0.0,0.0,0.0,0.0,0.0,0.0,0.0,,,,,,,,,
0.13014068199464268,3803.1245287944503,327391.9920900434,0.5656758654678234,inf,-1000000.0,orbit_fail_ml_down,49.0,inf,inf,inf,inf,0.0,0.0,0.0,incomplete_orbit_coverage,1.0,inf,inf,0.0,0.0,0.0,0.0,0.0,nonsingular_isothermal,1.0,0.01,2.0,0.3,1.0,0.0,severe_coverage_warn,0.0,multiple,multiple,1;2;3;4;5;6;7;8,Lfrac minimum coverage 0.618 is below 0.8 | Lfrac coverage gap 0.382 exceeds 0.1 | third_integral minimum coverage 0.75 is below 0.8 | third_integral coverage gap 0.25 exceeds 0.1 | 24 planned shell-band/Lfrac/third-integral cells have no successful orbit,0.9070785070785071,1.0,0.9070785070785071,0.9022869022869023,0.617989417989418,0.75,0.012474012474012475,0.382010582010582,0.25,24.0,0.0,3524.0,3885.0,0.0,not_computed,not_computed,0.0,0.0,0.0,0.0,0.0,0.0,0.0,,,,,,,,,
12.527349937323507,1893.1336429371377,671755.6657439772,0.4656872391804307,inf,-1000000.0,orbit_fail_full,50.0,inf,inf,inf,inf,0.0,0.0,0.0,incomplete_orbit_coverage,1.0,inf,inf,0.0,0.0,0.0,0.0,0.0,nonsingular_isothermal,1.0,0.01,2.0,0.3,1.0,0.0,severe_coverage_warn,0.0,multiple,multiple,1;2;3;4;5;6,shell_band coverage gap 0.104 exceeds 0.1 | Lfrac minimum coverage 0.735 is below 0.8 | Lfrac coverage gap 0.265 exceeds 0.1 | third_integral coverage gap 0.19 exceeds 0.1 | 13 planned shell-band/Lfrac/third-integral cells have no successful orbit,0.9356499356499357,1.0,0.9356499356499357,0.8957528957528957,0.7354497354497355,0.8095238095238095,0.10424710424710426,0.26455026455026454,0.19047619047619047,13.0,0.0,3635.0,3885.0,0.0,not_computed,not_computed,0.0,0.0,0.0,0.0,0.0,0.0,0.0,,,,,,,,,
12.527349937323507,1893.1336429371377,0.0,0.4656872391804307,426.3815997316263,-426.3815997316263,pass_halo_only,50.0,426.3815997316263,0.06283824623409373,0.1875899437686077,0.2652922426423235,1.0,1.0,70.0,none,0.0,174.5926162407446,251.7889834908816,32.0,32.0,1410.0,16.96573729885651,0.15278374744641748,nonsingular_isothermal,1.0,0.01,2.0,0.3,1.0,0.0,strict_pass,1.0,none,none,,,1.0,1.0,1.0,1.0,1.0,1.0,0.0,0.0,0.0,0.0,0.0,3885.0,3885.0,1.0,inverse_phase_volume,geometric_mean,3885.0,3885.0,3885.0,0.0,420.0,0.0,0.0,6.188188169087104e+33,3.300370588816685e+49,5333339094799316.0,3.436544664876498e-09,18328258.012209993,5.456055885582885e-08,290989961.57989347,5333339094799361.0,0.0
12.527349937323507,1893.1336429371377,1343511.3314879544,0.4656872391804307,inf,-1000000.0,orbit_fail_bh_up,50.0,inf,inf,inf,inf,0.0,0.0,0.0,incomplete_orbit_coverage,1.0,inf,inf,0.0,0.0,0.0,0.0,0.0,nonsingular_isothermal,1.0,0.01,2.0,0.3,1.0,0.0,severe_coverage_warn,0.0,multiple,multiple,1;2;3;4;5;6,shell_band coverage gap 0.102 exceeds 0.1 | Lfrac minimum coverage 0.722 is below 0.8 | Lfrac coverage gap 0.278 exceeds 0.1 | third_integral coverage gap 0.2 exceeds 0.1 | 13 planned shell-band/Lfrac/third-integral cells have no successful orbit,0.9323037323037323,1.0,0.9323037323037323,0.8976833976833977,0.7216931216931217,0.8,0.10231660231660233,0.2783068783068783,0.19999999999999996,13.0,0.0,3622.0,3885.0,0.0,not_computed,not_computed,0.0,0.0,0.0,0.0,0.0,0.0,0.0,,,,,,,,,
12.527349937323507,1893.1336429371377,335877.8328719886,0.4656872391804307,inf,-1000000.0,orbit_fail_bh_down,50.0,inf,inf,inf,inf,0.0,0.0,0.0,incomplete_orbit_coverage,1.0,inf,inf,0.0,0.0,0.0,0.0,0.0,nonsingular_isothermal,1.0,0.01,2.0,0.3,1.0,0.0,severe_coverage_warn,0.0,multiple,multiple,1;2;3;4;5,Lfrac minimum coverage 0.745 is below 0.8 | Lfrac coverage gap 0.255 exceeds 0.1 | third_integral coverage gap 0.181 exceeds 0.1 | 12 planned shell-band/Lfrac/third-integral cells have no successful orbit,0.937966537966538,1.0,0.937966537966538,0.9054054054054054,0.744973544973545,0.819047619047619,0.09459459459459463,0.25502645502645505,0.18095238095238098,12.0,0.0,3644.0,3885.0,0.0,not_computed,not_computed,0.0,0.0,0.0,0.0,0.0,0.0,0.0,,,,,,,,,
25.054699874647014,1893.1336429371377,671755.6657439772,0.4656872391804307,inf,-1000000.0,orbit_fail_halo_up,50.0,inf,inf,inf,inf,0.0,0.0,0.0,incomplete_orbit_coverage,1.0,inf,inf,0.0,0.0,0.0,0.0,0.0,nonsingular_isothermal,1.0,0.01,2.0,0.3,1.0,0.0,severe_coverage_warn,0.0,multiple,multiple,1;2;3;4;5,Lfrac minimum coverage 0.772 is below 0.8 | Lfrac coverage gap 0.228 exceeds 0.1 | third_integral coverage gap 0.174 exceeds 0.1 | 9 planned shell-band/Lfrac/third-integral cells have no successful orbit,0.9446589446589446,1.0,0.9446589446589446,0.915057915057915,0.7724867724867724,0.8261904761904761,0.084942084942085,0.22751322751322756,0.17380952380952386,9.0,0.0,3670.0,3885.0,0.0,not_computed,not_computed,0.0,0.0,0.0,0.0,0.0,0.0,0.0,,,,,,,,,
6.263674968661753,1893.1336429371377,671755.6657439772,0.4656872391804307,inf,-1000000.0,orbit_fail_halo_down,50.0,inf,inf,inf,inf,0.0,0.0,0.0,incomplete_orbit_coverage,1.0,inf,inf,0.0,0.0,0.0,0.0,0.0,nonsingular_isothermal,1.0,0.01,2.0,0.3,1.0,0.0,severe_coverage_warn,0.0,multiple,multiple,1;2;3;4;5;6,shell_band coverage gap 0.104 exceeds 0.1 | Lfrac minimum coverage 0.668 is below 0.8 | Lfrac coverage gap 0.332 exceeds 0.1 | third_integral minimum coverage 0.79 is below 0.8 | third_integral coverage gap 0.21 exceeds 0.1 | 12 planned shell-band/Lfrac/third-integral cells have no successful orbit,0.9191763191763191,1.0,0.9191763191763191,0.896049896049896,0.6677248677248677,0.7904761904761904,0.10395010395010396,0.3322751322751323,0.20952380952380956,12.0,0.0,3571.0,3885.0,0.0,not_computed,not_computed,0.0,0.0,0.0,0.0,0.0,0.0,0.0,,,,,,,,,
12.527349937323507,1893.1336429371377,671755.6657439772,0.9313744783608614,inf,-1000000.0,orbit_fail_ml_up,50.0,inf,inf,inf,inf,0.0,0.0,0.0,incomplete_orbit_coverage,1.0,inf,inf,0.0,0.0,0.0,0.0,0.0,nonsingular_isothermal,1.0,0.01,2.0,0.3,1.0,0.0,severe_coverage_warn,0.0,multiple,multiple,1;2;3;4;5;6,Lfrac minimum coverage 0.738 is below 0.8 | Lfrac coverage gap 0.262 exceeds 0.1 | third_integral coverage gap 0.19 exceeds 0.1 | 13 planned shell-band/Lfrac/third-integral cells have no successful orbit,0.9361647361647362,1.0,0.9361647361647362,0.9034749034749034,0.7375661375661375,0.8095238095238095,0.09652509652509655,0.26243386243386246,0.19047619047619047,13.0,0.0,3637.0,3885.0,0.0,not_computed,not_computed,0.0,0.0,0.0,0.0,0.0,0.0,0.0,,,,,,,,,
12.527349937323507,1893.1336429371377,671755.6657439772,0.23284361959021535,inf,-1000000.0,orbit_fail_ml_down,50.0,inf,inf,inf,inf,0.0,0.0,0.0,incomplete_orbit_coverage,1.0,inf,inf,0.0,0.0,0.0,0.0,0.0,nonsingular_isothermal,1.0,0.01,2.0,0.3,1.0,0.0,severe_coverage_warn,0.0,multiple,multiple,1;2;3;4;5;6,shell_band coverage gap 0.102 exceeds 0.1 | Lfrac minimum coverage 0.735 is below 0.8 | Lfrac coverage gap 0.265 exceeds 0.1 | third_integral coverage gap 0.193 exceeds 0.1 | 14 planned shell-band/Lfrac/third-integral cells have no successful orbit,0.9356499356499357,1.0,0.9356499356499357,0.8976833976833977,0.7354497354497355,0.8071428571428572,0.10231660231660233,0.26455026455026454,0.19285714285714284,14.0,0.0,3635.0,3885.0,0.0,not_computed,not_computed,0.0,0.0,0.0,0.0,0.0,0.0,0.0,,,,,,,,,
21.30819833003975,6479.442253042927,250961.9224118842,0.5217486882645667,inf,-1000000.0,orbit_fail_full,51.0,inf,inf,inf,inf,0.0,0.0,0.0,incomplete_orbit_coverage,1.0,inf,inf,0.0,0.0,0.0,0.0,0.0,nonsingular_isothermal,1.0,0.01,2.0,0.3,1.0,0.0,severe_coverage_warn,0.0,multiple,multiple,1;2;3;4;5;6,Lfrac minimum coverage 0.744 is below 0.8 | Lfrac coverage gap 0.256 exceeds 0.1 | third_integral coverage gap 0.195 exceeds 0.1 | 13 planned shell-band/Lfrac/third-integral cells have no successful orbit,0.9377091377091377,1.0,0.9377091377091377,0.9092664092664092,0.7439153439153439,0.8047619047619048,0.09073359073359077,0.25608465608465614,0.1952380952380952,13.0,0.0,3643.0,3885.0,0.0,not_computed,not_computed,0.0,0.0,0.0,0.0,0.0,0.0,0.0,,,,,,,,,
21.30819833003975,6479.442253042927,0.0,0.5217486882645667,871.6693312263832,-871.6693312263832,pass_halo_only,51.0,871.6693312263832,0.17186791255846856,0.19320766524345032,0.2732369005416791,1.0,1.0,34.0,none,0.0,434.0245131212993,437.64481810508363,32.0,32.0,82.0,20.897812670129866,0.08814642769005998,nonsingular_isothermal,1.0,0.01,2.0,0.3,1.0,0.0,strict_pass,1.0,none,none,,,1.0,1.0,1.0,1.0,1.0,1.0,0.0,0.0,0.0,0.0,0.0,3885.0,3885.0,1.0,inverse_phase_volume,geometric_mean,3885.0,3885.0,3885.0,0.0,420.0,0.0,0.0,5.766953732030679e+33,2.194825783932959e+48,380586681620577.06,2.1214767537274855e-08,8074057.97836341,1.2385345791171758e-07,47136976.55385458,380586681620578.5,0.0
21.30819833003975,6479.442253042927,501923.8448237684,0.5217486882645667,inf,-1000000.0,orbit_fail_bh_up,51.0,inf,inf,inf,inf,0.0,0.0,0.0,incomplete_orbit_coverage,1.0,inf,inf,0.0,0.0,0.0,0.0,0.0,nonsingular_isothermal,1.0,0.01,2.0,0.3,1.0,0.0,severe_coverage_warn,0.0,multiple,multiple,1;2;3;4;5;6,shell_band coverage gap 0.1 exceeds 0.1 | Lfrac minimum coverage 0.72 is below 0.8 | Lfrac coverage gap 0.28 exceeds 0.1 | third_integral minimum coverage 0.793 is below 0.8 | third_integral coverage gap 0.207 exceeds 0.1 | 13 planned shell-band/Lfrac/third-integral cells have no successful orbit,0.9317889317889317,1.0,0.9317889317889317,0.8996138996138996,0.7195767195767195,0.7928571428571428,0.10038610038610041,0.28042328042328046,0.20714285714285718,13.0,0.0,3620.0,3885.0,0.0,not_computed,not_computed,0.0,0.0,0.0,0.0,0.0,0.0,0.0,,,,,,,,,
21.30819833003975,6479.442253042927,125480.9612059421,0.5217486882645667,inf,-1000000.0,orbit_fail_bh_down,51.0,inf,inf,inf,inf,0.0,0.0,0.0,incomplete_orbit_coverage,1.0,inf,inf,0.0,0.0,0.0,0.0,0.0,nonsingular_isothermal,1.0,0.01,2.0,0.3,1.0,0.0,severe_coverage_warn,0.0,multiple,multiple,1;2;3;4;5,Lfrac minimum coverage 0.76 is below 0.8 | Lfrac coverage gap 0.24 exceeds 0.1 | third_integral coverage gap 0.183 exceeds 0.1 | 9 planned shell-band/Lfrac/third-integral cells have no successful orbit,0.9415701415701415,1.0,0.9415701415701415,0.9054054054054054,0.7597883597883598,0.8166666666666667,0.09459459459459463,0.2402116402116402,0.18333333333333335,9.0,0.0,3658.0,3885.0,0.0,not_computed,not_computed,0.0,0.0,0.0,0.0,0.0,0.0,0.0,,,,,,,,,
30.0,6479.442253042927,250961.9224118842,0.5217486882645667,inf,-1000000.0,orbit_fail_halo_up,51.0,inf,inf,inf,inf,0.0,0.0,0.0,incomplete_orbit_coverage,1.0,inf,inf,0.0,0.0,0.0,0.0,0.0,nonsingular_isothermal,1.0,0.01,2.0,0.3,1.0,0.0,severe_coverage_warn,0.0,multiple,multiple,1;2;3;4;5,Lfrac minimum coverage 0.756 is below 0.8 | Lfrac coverage gap 0.244 exceeds 0.1 | third_integral coverage gap 0.186 exceeds 0.1 | 9 planned shell-band/Lfrac/third-integral cells have no successful orbit,0.9405405405405406,1.0,0.9405405405405406,0.9092664092664092,0.7555555555555555,0.8142857142857143,0.09073359073359077,0.24444444444444446,0.18571428571428572,9.0,0.0,3654.0,3885.0,0.0,not_computed,not_computed,0.0,0.0,0.0,0.0,0.0,0.0,0.0,,,,,,,,,
10.654099165019876,6479.442253042927,250961.9224118842,0.5217486882645667,inf,-1000000.0,orbit_fail_halo_down,51.0,inf,inf,inf,inf,0.0,0.0,0.0,incomplete_orbit_coverage,1.0,inf,inf,0.0,0.0,0.0,0.0,0.0,nonsingular_isothermal,1.0,0.01,2.0,0.3,1.0,0.0,severe_coverage_warn,0.0,multiple,multiple,1;2;3;4;5;6;7,shell_band coverage gap 0.102 exceeds 0.1 | Lfrac minimum coverage 0.695 is below 0.8 | Lfrac coverage gap 0.305 exceeds 0.1 | third_integral minimum coverage 0.779 is below 0.8 | third_integral coverage gap 0.221 exceeds 0.1 | 15 planned shell-band/Lfrac/third-integral cells have no successful orbit,0.9258687258687258,1.0,0.9258687258687258,0.8957528957528957,0.6952380952380952,0.7785714285714286,0.10216810216810224,0.3047619047619048,0.22142857142857142,15.0,0.0,3597.0,3885.0,0.0,not_computed,not_computed,0.0,0.0,0.0,0.0,0.0,0.0,0.0,,,,,,,,,
21.30819833003975,6479.442253042927,250961.9224118842,1.0434973765291333,inf,-1000000.0,orbit_fail_ml_up,51.0,inf,inf,inf,inf,0.0,0.0,0.0,incomplete_orbit_coverage,1.0,inf,inf,0.0,0.0,0.0,0.0,0.0,nonsingular_isothermal,1.0,0.01,2.0,0.3,1.0,0.0,severe_coverage_warn,0.0,multiple,multiple,1;2;3;4;5;6,Lfrac minimum coverage 0.745 is below 0.8 | Lfrac coverage gap 0.255 exceeds 0.1 | third_integral coverage gap 0.19 exceeds 0.1 | 10 planned shell-band/Lfrac/third-integral cells have no successful orbit,0.937966537966538,1.0,0.937966537966538,0.9092664092664092,0.744973544973545,0.8095238095238095,0.09073359073359077,0.25502645502645505,0.19047619047619047,10.0,0.0,3644.0,3885.0,0.0,not_computed,not_computed,0.0,0.0,0.0,0.0,0.0,0.0,0.0,,,,,,,,,
21.30819833003975,6479.442253042927,250961.9224118842,0.26087434413228333,inf,-1000000.0,orbit_fail_ml_down,51.0,inf,inf,inf,inf,0.0,0.0,0.0,incomplete_orbit_coverage,1.0,inf,inf,0.0,0.0,0.0,0.0,0.0,nonsingular_isothermal,1.0,0.01,2.0,0.3,1.0,0.0,severe_coverage_warn,0.0,multiple,multiple,1;2;3;4;5;6,Lfrac minimum coverage 0.732 is below 0.8 | Lfrac coverage gap 0.268 exceeds 0.1 | third_integral coverage gap 0.198 exceeds 0.1 | 12 planned shell-band/Lfrac/third-integral cells have no successful orbit,0.9348777348777348,1.0,0.9348777348777348,0.9054054054054054,0.7322751322751323,0.8023809523809524,0.09459459459459463,0.2677248677248677,0.19761904761904758,12.0,0.0,3632.0,3885.0,0.0,not_computed,not_computed,0.0,0.0,0.0,0.0,0.0,0.0,0.0,,,,,,,,,
24.92537811813493,3001.1989276936292,1518937.4416285825,1.5811126453537523,inf,-1000000.0,orbit_fail_full,52.0,inf,inf,inf,inf,0.0,0.0,0.0,incomplete_orbit_coverage,1.0,inf,inf,0.0,0.0,0.0,0.0,0.0,nonsingular_isothermal,1.0,0.01,2.0,0.3,1.0,0.0,severe_coverage_warn,0.0,multiple,multiple,1;2;3;4;5;6,Lfrac minimum coverage 0.731 is below 0.8 | Lfrac coverage gap 0.269 exceeds 0.1 | third_integral coverage gap 0.195 exceeds 0.1 | 13 planned shell-band/Lfrac/third-integral cells have no successful orbit,0.9346203346203347,1.0,0.9346203346203347,0.9015444015444015,0.7312169312169312,0.8047619047619048,0.09845559845559848,0.2687830687830688,0.1952380952380952,13.0,0.0,3631.0,3885.0,0.0,not_computed,not_computed,0.0,0.0,0.0,0.0,0.0,0.0,0.0,,,,,,,,,
24.92537811813493,3001.1989276936292,0.0,1.5811126453537523,278.3477511254065,-278.3477511254065,pass_halo_only,52.0,278.3477511254065,0.008677008548431786,0.19422723913877138,0.2746787957722835,1.0,1.0,59.0,none,0.0,115.39615661359045,162.9515945118161,32.0,32.0,1406.0,10.86822622282188,0.25089602953012347,nonsingular_isothermal,1.0,0.01,2.0,0.3,1.0,0.0,strict_pass,1.0,none,none,,,1.0,1.0,1.0,1.0,1.0,1.0,0.0,0.0,0.0,0.0,0.0,3885.0,3885.0,1.0,inverse_phase_volume,geometric_mean,3885.0,3885.0,3885.0,0.0,420.0,0.0,0.0,6.585726276921692e+33,8.63038941749682e+49,1.3104688920552658e+16,1.0510703468633732e-09,13773949.929261742,7.260081568000866e-08,951411104.8648852,1.3104688920552522e+16,0.0
24.92537811813493,3001.1989276936292,2500000.0,1.5811126453537523,inf,-1000000.0,orbit_fail_bh_up,52.0,inf,inf,inf,inf,0.0,0.0,0.0,incomplete_orbit_coverage,1.0,inf,inf,0.0,0.0,0.0,0.0,0.0,nonsingular_isothermal,1.0,0.01,2.0,0.3,1.0,0.0,severe_coverage_warn,0.0,multiple,multiple,1;2;3;4;5;6,Lfrac minimum coverage 0.713 is below 0.8 | Lfrac coverage gap 0.287 exceeds 0.1 | third_integral coverage gap 0.2 exceeds 0.1 | 15 planned shell-band/Lfrac/third-integral cells have no successful orbit,0.9302445302445302,1.0,0.9302445302445302,0.9015444015444015,0.7132275132275132,0.8,0.09845559845559848,0.2867724867724868,0.19999999999999996,15.0,0.0,3614.0,3885.0,0.0,not_computed,not_computed,0.0,0.0,0.0,0.0,0.0,0.0,0.0,,,,,,,,,
24.92537811813493,3001.1989276936292,759468.7208142913,1.5811126453537523,inf,-1000000.0,orbit_fail_bh_down,52.0,inf,inf,inf,inf,0.0,0.0,0.0,incomplete_orbit_coverage,1.0,inf,inf,0.0,0.0,0.0,0.0,0.0,nonsingular_isothermal,1.0,0.01,2.0,0.3,1.0,0.0,severe_coverage_warn,0.0,multiple,multiple,1;2;3;4;5;6,Lfrac minimum coverage 0.754 is below 0.8 | Lfrac coverage gap 0.246 exceeds 0.1 | third_integral coverage gap 0.188 exceeds 0.1 | 12 planned shell-band/Lfrac/third-integral cells have no successful orbit,0.9402831402831403,1.0,0.9402831402831403,0.9131274131274131,0.7544973544973544,0.8119047619047619,0.08687258687258692,0.24550264550264556,0.1880952380952381,12.0,0.0,3653.0,3885.0,0.0,not_computed,not_computed,0.0,0.0,0.0,0.0,0.0,0.0,0.0,,,,,,,,,
30.0,3001.1989276936292,1518937.4416285825,1.5811126453537523,inf,-1000000.0,orbit_fail_halo_up,52.0,inf,inf,inf,inf,0.0,0.0,0.0,incomplete_orbit_coverage,1.0,inf,inf,0.0,0.0,0.0,0.0,0.0,nonsingular_isothermal,1.0,0.01,2.0,0.3,1.0,0.0,severe_coverage_warn,0.0,multiple,multiple,1;2;3;4;5;6,Lfrac minimum coverage 0.747 is below 0.8 | Lfrac coverage gap 0.253 exceeds 0.1 | third_integral coverage gap 0.19 exceeds 0.1 | 11 planned shell-band/Lfrac/third-integral cells have no successful orbit,0.9384813384813385,1.0,0.9384813384813385,0.9034749034749034,0.7470899470899471,0.8095238095238095,0.09652509652509655,0.25291005291005286,0.19047619047619047,11.0,0.0,3646.0,3885.0,0.0,not_computed,not_computed,0.0,0.0,0.0,0.0,0.0,0.0,0.0,,,,,,,,,
12.462689059067465,3001.1989276936292,1518937.4416285825,1.5811126453537523,inf,-1000000.0,orbit_fail_halo_down,52.0,inf,inf,inf,inf,0.0,0.0,0.0,incomplete_orbit_coverage,1.0,inf,inf,0.0,0.0,0.0,0.0,0.0,nonsingular_isothermal,1.0,0.01,2.0,0.3,1.0,0.0,severe_coverage_warn,0.0,multiple,multiple,1;2;3;4;5;6;7,Lfrac minimum coverage 0.689 is below 0.8 | Lfrac coverage gap 0.311 exceeds 0.1 | third_integral minimum coverage 0.779 is below 0.8 | third_integral coverage gap 0.221 exceeds 0.1 | 16 planned shell-band/Lfrac/third-integral cells have no successful orbit,0.9243243243243243,1.0,0.9243243243243243,0.9022869022869023,0.6888888888888889,0.7785714285714286,0.09563409563409564,0.3111111111111111,0.22142857142857142,16.0,0.0,3591.0,3885.0,0.0,not_computed,not_computed,0.0,0.0,0.0,0.0,0.0,0.0,0.0,,,,,,,,,
24.92537811813493,3001.1989276936292,1518937.4416285825,1.6,inf,-1000000.0,orbit_fail_ml_up,52.0,inf,inf,inf,inf,0.0,0.0,0.0,incomplete_orbit_coverage,1.0,inf,inf,0.0,0.0,0.0,0.0,0.0,nonsingular_isothermal,1.0,0.01,2.0,0.3,1.0,0.0,severe_coverage_warn,0.0,multiple,multiple,1;2;3;4;5;6,Lfrac minimum coverage 0.731 is below 0.8 | Lfrac coverage gap 0.269 exceeds 0.1 | third_integral coverage gap 0.193 exceeds 0.1 | 12 planned shell-band/Lfrac/third-integral cells have no successful orbit,0.9346203346203347,1.0,0.9346203346203347,0.9015444015444015,0.7312169312169312,0.8071428571428572,0.09845559845559848,0.2687830687830688,0.19285714285714284,12.0,0.0,3631.0,3885.0,0.0,not_computed,not_computed,0.0,0.0,0.0,0.0,0.0,0.0,0.0,,,,,,,,,
24.92537811813493,3001.1989276936292,1518937.4416285825,0.7905563226768761,inf,-1000000.0,orbit_fail_ml_down,52.0,inf,inf,inf,inf,0.0,0.0,0.0,incomplete_orbit_coverage,1.0,inf,inf,0.0,0.0,0.0,0.0,0.0,nonsingular_isothermal,1.0,0.01,2.0,0.3,1.0,0.0,severe_coverage_warn,0.0,multiple,multiple,1;2;3;4;5;6,Lfrac minimum coverage 0.73 is below 0.8 | Lfrac coverage gap 0.27 exceeds 0.1 | third_integral coverage gap 0.198 exceeds 0.1 | 12 planned shell-band/Lfrac/third-integral cells have no successful orbit,0.9343629343629344,1.0,0.9343629343629344,0.9054054054054054,0.7301587301587301,0.8023809523809524,0.09459459459459463,0.2698412698412699,0.19761904761904758,12.0,0.0,3630.0,3885.0,0.0,not_computed,not_computed,0.0,0.0,0.0,0.0,0.0,0.0,0.0,,,,,,,,,
24.79081494083364,1820.001843062397,483193.17189827486,1.3133063239596148,inf,-1000000.0,orbit_fail_full,53.0,inf,inf,inf,inf,0.0,0.0,0.0,incomplete_orbit_coverage,1.0,inf,inf,0.0,0.0,0.0,0.0,0.0,nonsingular_isothermal,1.0,0.01,2.0,0.3,1.0,0.0,severe_coverage_warn,0.0,multiple,multiple,1;2;3;4;5,Lfrac minimum coverage 0.783 is below 0.8 | Lfrac coverage gap 0.217 exceeds 0.1 | third_integral coverage gap 0.169 exceeds 0.1 | 9 planned shell-band/Lfrac/third-integral cells have no successful orbit,0.9472329472329473,1.0,0.9472329472329473,0.916988416988417,0.783068783068783,0.830952380952381,0.08301158301158296,0.21693121693121697,0.169047619047619,9.0,0.0,3680.0,3885.0,0.0,not_computed,not_computed,0.0,0.0,0.0,0.0,0.0,0.0,0.0,,,,,,,,,
24.79081494083364,1820.001843062397,0.0,1.3133063239596148,166.35849360544447,-166.35849360544447,pass_halo_only,53.0,166.35849360544447,0.08052941394458912,0.20733109314095416,0.293210443821524,1.0,1.0,114.0,none,0.0,77.73117477076305,88.62731883468143,32.0,32.0,153.0,19.983963210535087,0.0936149676175535,nonsingular_isothermal,1.0,0.01,2.0,0.3,1.0,0.0,strict_pass,1.0,none,none,,,1.0,1.0,1.0,1.0,1.0,1.0,0.0,0.0,0.0,0.0,0.0,3885.0,3885.0,1.0,inverse_phase_volume,geometric_mean,3885.0,3885.0,3885.0,0.0,420.0,0.0,0.0,2.9301017794437195e+34,6.079700201390976e+50,2.074910927682931e+16,1.2524256939633975e-09,25986717.585155327,3.8481197047034554e-08,798450562.6321216,2.0749109276829316e+16,0.0
24.79081494083364,1820.001843062397,966386.3437965497,1.3133063239596148,inf,-1000000.0,orbit_fail_bh_up,53.0,inf,inf,inf,inf,0.0,0.0,0.0,incomplete_orbit_coverage,1.0,inf,inf,0.0,0.0,0.0,0.0,0.0,nonsingular_isothermal,1.0,0.01,2.0,0.3,1.0,0.0,severe_coverage_warn,0.0,multiple,multiple,1;2;3;4;5,Lfrac minimum coverage 0.766 is below 0.8 | Lfrac coverage gap 0.234 exceeds 0.1 | third_integral coverage gap 0.179 exceeds 0.1 | 9 planned shell-band/Lfrac/third-integral cells have no successful orbit,0.9431145431145431,1.0,0.9431145431145431,0.915057915057915,0.7661375661375661,0.8214285714285714,0.084942084942085,0.23386243386243388,0.1785714285714286,9.0,0.0,3664.0,3885.0,0.0,not_computed,not_computed,0.0,0.0,0.0,0.0,0.0,0.0,0.0,,,,,,,,,
24.79081494083364,1820.001843062397,241596.58594913743,1.3133063239596148,inf,-1000000.0,orbit_fail_bh_down,53.0,inf,inf,inf,inf,0.0,0.0,0.0,incomplete_orbit_coverage,1.0,inf,inf,0.0,0.0,0.0,0.0,0.0,nonsingular_isothermal,1.0,0.01,2.0,0.3,1.0,0.0,severe_coverage_warn,0.0,multiple,multiple,1;2;3;4,Lfrac coverage gap 0.197 exceeds 0.1 | third_integral coverage gap 0.155 exceeds 0.1 | 8 planned shell-band/Lfrac/third-integral cells have no successful orbit,0.9521235521235522,1.0,0.9521235521235522,0.9126819126819127,0.8031746031746032,0.8452380952380952,0.08731808731808732,0.1968253968253968,0.15476190476190477,8.0,0.0,3699.0,3885.0,0.0,not_computed,not_computed,0.0,0.0,0.0,0.0,0.0,0.0,0.0,,,,,,,,,
30.0,1820.001843062397,483193.17189827486,1.3133063239596148,inf,-1000000.0,orbit_fail_halo_up,53.0,inf,inf,inf,inf,0.0,0.0,0.0,incomplete_orbit_coverage,1.0,inf,inf,0.0,0.0,0.0,0.0,0.0,nonsingular_isothermal,1.0,0.01,2.0,0.3,1.0,0.0,severe_coverage_warn,0.0,multiple,multiple,1;2;3;4;5,Lfrac minimum coverage 0.792 is below 0.8 | Lfrac coverage gap 0.208 exceeds 0.1 | third_integral coverage gap 0.169 exceeds 0.1 | 10 planned shell-band/Lfrac/third-integral cells have no successful orbit,0.9492921492921493,1.0,0.9492921492921493,0.9126819126819127,0.7915343915343915,0.830952380952381,0.08731808731808732,0.20846560846560847,0.169047619047619,10.0,0.0,3688.0,3885.0,0.0,not_computed,not_computed,0.0,0.0,0.0,0.0,0.0,0.0,0.0,,,,,,,,,
12.39540747041682,1820.001843062397,483193.17189827486,1.3133063239596148,inf,-1000000.0,orbit_fail_halo_down,53.0,inf,inf,inf,inf,0.0,0.0,0.0,incomplete_orbit_coverage,1.0,inf,inf,0.0,0.0,0.0,0.0,0.0,nonsingular_isothermal,1.0,0.01,2.0,0.3,1.0,0.0,severe_coverage_warn,0.0,multiple,multiple,1;2;3;4;5,shell_band coverage gap 0.1 exceeds 0.1 | Lfrac minimum coverage 0.753 is below 0.8 | Lfrac coverage gap 0.247 exceeds 0.1 | third_integral coverage gap 0.183 exceeds 0.1 | 10 planned shell-band/Lfrac/third-integral cells have no successful orbit,0.94002574002574,1.0,0.94002574002574,0.8996138996138996,0.7534391534391535,0.8166666666666667,0.10038610038610041,0.24656084656084654,0.18333333333333335,10.0,0.0,3652.0,3885.0,0.0,not_computed,not_computed,0.0,0.0,0.0,0.0,0.0,0.0,0.0,,,,,,,,,
24.79081494083364,1820.001843062397,483193.17189827486,1.6,inf,-1000000.0,orbit_fail_ml_up,53.0,inf,inf,inf,inf,0.0,0.0,0.0,incomplete_orbit_coverage,1.0,inf,inf,0.0,0.0,0.0,0.0,0.0,nonsingular_isothermal,1.0,0.01,2.0,0.3,1.0,0.0,severe_coverage_warn,0.0,multiple,multiple,1;2;3;4;5,Lfrac minimum coverage 0.778 is below 0.8 | Lfrac coverage gap 0.222 exceeds 0.1 | third_integral coverage gap 0.169 exceeds 0.1 | 10 planned shell-band/Lfrac/third-integral cells have no successful orbit,0.9459459459459459,1.0,0.9459459459459459,0.9147609147609148,0.7777777777777778,0.830952380952381,0.08523908523908519,0.2222222222222222,0.169047619047619,10.0,0.0,3675.0,3885.0,0.0,not_computed,not_computed,0.0,0.0,0.0,0.0,0.0,0.0,0.0,,,,,,,,,
24.79081494083364,1820.001843062397,483193.17189827486,0.6566531619798074,inf,-1000000.0,orbit_fail_ml_down,53.0,inf,inf,inf,inf,0.0,0.0,0.0,incomplete_orbit_coverage,1.0,inf,inf,0.0,0.0,0.0,0.0,0.0,nonsingular_isothermal,1.0,0.01,2.0,0.3,1.0,0.0,severe_coverage_warn,0.0,multiple,multiple,1;2;3;4;5,Lfrac minimum coverage 0.781 is below 0.8 | Lfrac coverage gap 0.219 exceeds 0.1 | third_integral coverage gap 0.169 exceeds 0.1 | 10 planned shell-band/Lfrac/third-integral cells have no successful orbit,0.9467181467181467,1.0,0.9467181467181467,0.9126819126819127,0.780952380952381,0.830952380952381,0.08731808731808732,0.21904761904761905,0.169047619047619,10.0,0.0,3678.0,3885.0,0.0,not_computed,not_computed,0.0,0.0,0.0,0.0,0.0,0.0,0.0,,,,,,,,,
2.5172684786878374,2283.641031216012,573178.3558884863,0.8966198243808592,inf,-1000000.0,orbit_fail_full,54.0,inf,inf,inf,inf,0.0,0.0,0.0,incomplete_orbit_coverage,1.0,inf,inf,0.0,0.0,0.0,0.0,0.0,nonsingular_isothermal,1.0,0.01,2.0,0.3,1.0,0.0,severe_coverage_warn,0.0,multiple,multiple,1;2;3;4;5;6;7;8,Lfrac minimum coverage 0.581 is below 0.8 | Lfrac coverage gap 0.419 exceeds 0.1 | third_integral minimum coverage 0.762 is below 0.8 | third_integral coverage gap 0.238 exceeds 0.1 | 23 planned shell-band/Lfrac/third-integral cells have no successful orbit,0.8980694980694981,1.0,0.8980694980694981,0.8918918918918919,0.580952380952381,0.7619047619047619,0.01455301455301461,0.419047619047619,0.23809523809523814,23.0,0.0,3489.0,3885.0,0.0,not_computed,not_computed,0.0,0.0,0.0,0.0,0.0,0.0,0.0,,,,,,,,,
2.5172684786878374,2283.641031216012,0.0,0.8966198243808592,870.4861693167618,-870.4861693167618,pass_halo_only,54.0,870.4861693167618,0.25009287581531225,0.1906042120483369,0.28391935101180843,1.0,1.0,14.0,none,0.0,460.19175709726323,410.29441221949844,32.0,32.0,202.0,17.42020466879902,0.1067181497044006,nonsingular_isothermal,1.0,0.01,2.0,0.3,1.0,0.0,strict_pass,1.0,none,none,,,1.0,1.0,1.0,1.0,1.0,1.0,0.0,0.0,0.0,0.0,0.0,3885.0,3885.0,1.0,inverse_phase_volume,geometric_mean,3885.0,3885.0,3885.0,0.0,420.0,0.0,0.0,4.3390972140667794e+29,9.001821100140079e+45,2.0745838721836804e+16,3.622474025611687e-12,75151.2619093826,1.3306496452525308e-05,276054429356.7822,2.07458387218367e+16,0.0
2.5172684786878374,2283.641031216012,1146356.7117769725,0.8966198243808592,inf,-1000000.0,orbit_fail_bh_up,54.0,inf,inf,inf,inf,0.0,0.0,0.0,incomplete_orbit_coverage,1.0,inf,inf,0.0,0.0,0.0,0.0,0.0,nonsingular_isothermal,1.0,0.01,2.0,0.3,1.0,0.0,severe_coverage_warn,0.0,multiple,multiple,1;2;3;4;5;6;7;8,Lfrac minimum coverage 0.572 is below 0.8 | Lfrac coverage gap 0.428 exceeds 0.1 | third_integral minimum coverage 0.752 is below 0.8 | third_integral coverage gap 0.248 exceeds 0.1 | 23 planned shell-band/Lfrac/third-integral cells have no successful orbit,0.896010296010296,1.0,0.896010296010296,0.8918918918918919,0.5724867724867725,0.7523809523809524,0.012474012474012475,0.4275132275132275,0.24761904761904763,23.0,0.0,3481.0,3885.0,0.0,not_computed,not_computed,0.0,0.0,0.0,0.0,0.0,0.0,0.0,,,,,,,,,
2.5172684786878374,2283.641031216012,286589.1779442431,0.8966198243808592,inf,-1000000.0,orbit_fail_bh_down,54.0,inf,inf,inf,inf,0.0,0.0,0.0,incomplete_orbit_coverage,1.0,inf,inf,0.0,0.0,0.0,0.0,0.0,nonsingular_isothermal,1.0,0.01,2.0,0.3,1.0,0.0,severe_coverage_warn,0.0,multiple,multiple,1;2;3;4;5;6;7,Lfrac minimum coverage 0.597 is below 0.8 | Lfrac coverage gap 0.403 exceeds 0.1 | third_integral minimum coverage 0.752 is below 0.8 | third_integral coverage gap 0.248 exceeds 0.1 | 19 planned shell-band/Lfrac/third-integral cells have no successful orbit,0.901930501930502,1.0,0.901930501930502,0.8938223938223938,0.5968253968253968,0.7523809523809524,0.03133353133353134,0.4031746031746032,0.24761904761904763,19.0,0.0,3504.0,3885.0,0.0,not_computed,not_computed,0.0,0.0,0.0,0.0,0.0,0.0,0.0,,,,,,,,,
5.034536957375675,2283.641031216012,573178.3558884863,0.8966198243808592,inf,-1000000.0,orbit_fail_halo_up,54.0,inf,inf,inf,inf,0.0,0.0,0.0,incomplete_orbit_coverage,1.0,inf,inf,0.0,0.0,0.0,0.0,0.0,nonsingular_isothermal,1.0,0.01,2.0,0.3,1.0,0.0,severe_coverage_warn,0.0,multiple,multiple,1;2;3;4;5;6;7,Lfrac minimum coverage 0.66 is below 0.8 | Lfrac coverage gap 0.34 exceeds 0.1 | third_integral minimum coverage 0.774 is below 0.8 | third_integral coverage gap 0.226 exceeds 0.1 | 17 planned shell-band/Lfrac/third-integral cells have no successful orbit,0.9173745173745174,1.0,0.9173745173745174,0.8918918918918919,0.6603174603174603,0.7738095238095238,0.09771309771309777,0.3396825396825397,0.22619047619047616,17.0,0.0,3564.0,3885.0,0.0,not_computed,not_computed,0.0,0.0,0.0,0.0,0.0,0.0,0.0,,,,,,,,,
1.2586342393439187,2283.641031216012,573178.3558884863,0.8966198243808592,inf,-1000000.0,orbit_fail_halo_down,54.0,inf,inf,inf,inf,0.0,0.0,0.0,incomplete_orbit_coverage,1.0,inf,inf,0.0,0.0,0.0,0.0,0.0,nonsingular_isothermal,1.0,0.01,2.0,0.3,1.0,0.0,severe_coverage_warn,0.0,multiple,multiple,1;2;3;4;5;6;7;8,Lfrac minimum coverage 0.576 is below 0.8 | Lfrac coverage gap 0.424 exceeds 0.1 | third_integral minimum coverage 0.755 is below 0.8 | third_integral coverage gap 0.245 exceeds 0.1 | 25 planned shell-band/Lfrac/third-integral cells have no successful orbit,0.8967824967824968,1.0,0.8967824967824968,0.8918918918918919,0.5756613756613757,0.7547619047619047,0.012474012474012475,0.42433862433862435,0.24523809523809526,25.0,0.0,3484.0,3885.0,0.0,not_computed,not_computed,0.0,0.0,0.0,0.0,0.0,0.0,0.0,,,,,,,,,
2.5172684786878374,2283.641031216012,573178.3558884863,1.6,inf,-1000000.0,orbit_fail_ml_up,54.0,inf,inf,inf,inf,0.0,0.0,0.0,incomplete_orbit_coverage,1.0,inf,inf,0.0,0.0,0.0,0.0,0.0,nonsingular_isothermal,1.0,0.01,2.0,0.3,1.0,0.0,severe_coverage_warn,0.0,multiple,multiple,1;2;3;4;5;6;7;8,Lfrac minimum coverage 0.577 is below 0.8 | Lfrac coverage gap 0.423 exceeds 0.1 | third_integral minimum coverage 0.755 is below 0.8 | third_integral coverage gap 0.245 exceeds 0.1 | 26 planned shell-band/Lfrac/third-integral cells have no successful orbit,0.8970398970398971,1.0,0.8970398970398971,0.8877338877338877,0.5767195767195767,0.7547619047619047,0.018711018711018768,0.42328042328042326,0.24523809523809526,26.0,0.0,3485.0,3885.0,0.0,not_computed,not_computed,0.0,0.0,0.0,0.0,0.0,0.0,0.0,,,,,,,,,
2.5172684786878374,2283.641031216012,573178.3558884863,0.4483099121904296,inf,-1000000.0,orbit_fail_ml_down,54.0,inf,inf,inf,inf,0.0,0.0,0.0,incomplete_orbit_coverage,1.0,inf,inf,0.0,0.0,0.0,0.0,0.0,nonsingular_isothermal,1.0,0.01,2.0,0.3,1.0,0.0,severe_coverage_warn,0.0,multiple,multiple,1;2;3;4;5;6;7;8,Lfrac minimum coverage 0.584 is below 0.8 | Lfrac coverage gap 0.416 exceeds 0.1 | third_integral minimum coverage 0.76 is below 0.8 | third_integral coverage gap 0.24 exceeds 0.1 | 24 planned shell-band/Lfrac/third-integral cells have no successful orbit,0.8988416988416988,1.0,0.8988416988416988,0.8918918918918919,0.5841269841269842,0.7595238095238095,0.016632016632016633,0.41587301587301584,0.2404761904761905,24.0,0.0,3492.0,3885.0,0.0,not_computed,not_computed,0.0,0.0,0.0,0.0,0.0,0.0,0.0,,,,,,,,,
18.3389276687285,2168.986329975987,164948.36006514024,1.1549863640916394,inf,-1000000.0,orbit_fail_full,55.0,inf,inf,inf,inf,0.0,0.0,0.0,incomplete_orbit_coverage,1.0,inf,inf,0.0,0.0,0.0,0.0,0.0,nonsingular_isothermal,1.0,0.01,2.0,0.3,1.0,0.0,severe_coverage_warn,0.0,multiple,multiple,1;2;3;4;5,Lfrac minimum coverage 0.786 is below 0.8 | Lfrac coverage gap 0.214 exceeds 0.1 | third_integral coverage gap 0.167 exceeds 0.1 | 9 planned shell-band/Lfrac/third-integral cells have no successful orbit,0.948005148005148,1.0,0.948005148005148,0.9131274131274131,0.7862433862433862,0.8333333333333334,0.08687258687258692,0.2137566137566138,0.16666666666666663,9.0,0.0,3683.0,3885.0,0.0,not_computed,not_computed,0.0,0.0,0.0,0.0,0.0,0.0,0.0,,,,,,,,,
18.3389276687285,2168.986329975987,0.0,1.1549863640916394,268.5663315582247,-268.5663315582247,pass_halo_only,55.0,268.5663315582247,0.2777830746763357,0.2156717870052715,0.30500596620404147,1.0,1.0,56.0,none,0.0,105.55349026772687,163.01284129049785,32.0,32.0,1416.0,12.005447518293376,0.2345759292390672,nonsingular_isothermal,1.0,0.01,2.0,0.3,1.0,0.0,strict_pass,1.0,none,none,,,1.0,1.0,1.0,1.0,1.0,1.0,0.0,0.0,0.0,0.0,0.0,3885.0,3885.0,1.0,inverse_phase_volume,geometric_mean,3885.0,3885.0,3885.0,0.0,420.0,0.0,0.0,4.304988570481268e+34,9.087656851234262e+49,2110959576884155.2,6.877311258439551e-09,14517726.064216118,6.888131072157648e-08,145405662.53604436,2110959576884144.2,0.0
18.3389276687285,2168.986329975987,329896.7201302805,1.1549863640916394,inf,-1000000.0,orbit_fail_bh_up,55.0,inf,inf,inf,inf,0.0,0.0,0.0,incomplete_orbit_coverage,1.0,inf,inf,0.0,0.0,0.0,0.0,0.0,nonsingular_isothermal,1.0,0.01,2.0,0.3,1.0,0.0,severe_coverage_warn,0.0,multiple,multiple,1;2;3;4;5,Lfrac minimum coverage 0.77 is below 0.8 | Lfrac coverage gap 0.23 exceeds 0.1 | third_integral coverage gap 0.176 exceeds 0.1 | 9 planned shell-band/Lfrac/third-integral cells have no successful orbit,0.9441441441441442,1.0,0.9441441441441442,0.9131274131274131,0.7703703703703704,0.8238095238095238,0.08687258687258692,0.22962962962962963,0.17619047619047623,9.0,0.0,3668.0,3885.0,0.0,not_computed,not_computed,0.0,0.0,0.0,0.0,0.0,0.0,0.0,,,,,,,,,
18.3389276687285,2168.986329975987,82474.18003257012,1.1549863640916394,inf,-1000000.0,orbit_fail_bh_down,55.0,inf,inf,inf,inf,0.0,0.0,0.0,incomplete_orbit_coverage,1.0,inf,inf,0.0,0.0,0.0,0.0,0.0,nonsingular_isothermal,1.0,0.01,2.0,0.3,1.0,0.0,severe_coverage_warn,0.0,multiple,multiple,1;2;3;4,Lfrac coverage gap 0.193 exceeds 0.1 | third_integral coverage gap 0.152 exceeds 0.1 | 8 planned shell-band/Lfrac/third-integral cells have no successful orbit,0.9531531531531532,1.0,0.9531531531531532,0.9126819126819127,0.8074074074074075,0.8476190476190476,0.08731808731808732,0.19259259259259254,0.1523809523809524,8.0,0.0,3703.0,3885.0,0.0,not_computed,not_computed,0.0,0.0,0.0,0.0,0.0,0.0,0.0,,,,,,,,,
30.0,2168.986329975987,164948.36006514024,1.1549863640916394,inf,-1000000.0,orbit_fail_halo_up,55.0,inf,inf,inf,inf,0.0,0.0,0.0,incomplete_orbit_coverage,1.0,inf,inf,0.0,0.0,0.0,0.0,0.0,nonsingular_isothermal,1.0,0.01,2.0,0.3,1.0,0.0,severe_coverage_warn,0.0,multiple,multiple,1;2;3;4,Lfrac coverage gap 0.176 exceeds 0.1 | third_integral coverage gap 0.145 exceeds 0.1 | 6 planned shell-band/Lfrac/third-integral cells have no successful orbit,0.9572715572715572,1.0,0.9572715572715572,0.9168399168399168,0.8243386243386244,0.8547619047619047,0.08316008316008316,0.17566137566137563,0.14523809523809528,6.0,0.0,3719.0,3885.0,0.0,not_computed,not_computed,0.0,0.0,0.0,0.0,0.0,0.0,0.0,,,,,,,,,
9.16946383436425,2168.986329975987,164948.36006514024,1.1549863640916394,inf,-1000000.0,orbit_fail_halo_down,55.0,inf,inf,inf,inf,0.0,0.0,0.0,incomplete_orbit_coverage,1.0,inf,inf,0.0,0.0,0.0,0.0,0.0,nonsingular_isothermal,1.0,0.01,2.0,0.3,1.0,0.0,severe_coverage_warn,0.0,multiple,multiple,1;2;3;4;5,Lfrac minimum coverage 0.757 is below 0.8 | Lfrac coverage gap 0.243 exceeds 0.1 | third_integral coverage gap 0.181 exceeds 0.1 | 10 planned shell-band/Lfrac/third-integral cells have no successful orbit,0.9407979407979408,1.0,0.9407979407979408,0.9092664092664092,0.7566137566137566,0.819047619047619,0.09073359073359077,0.24338624338624337,0.18095238095238098,10.0,0.0,3655.0,3885.0,0.0,not_computed,not_computed,0.0,0.0,0.0,0.0,0.0,0.0,0.0,,,,,,,,,
18.3389276687285,2168.986329975987,164948.36006514024,1.6,inf,-1000000.0,orbit_fail_ml_up,55.0,inf,inf,inf,inf,0.0,0.0,0.0,incomplete_orbit_coverage,1.0,inf,inf,0.0,0.0,0.0,0.0,0.0,nonsingular_isothermal,1.0,0.01,2.0,0.3,1.0,0.0,severe_coverage_warn,0.0,multiple,multiple,1;2;3;4;5,Lfrac minimum coverage 0.789 is below 0.8 | Lfrac coverage gap 0.211 exceeds 0.1 | third_integral coverage gap 0.169 exceeds 0.1 | 10 planned shell-band/Lfrac/third-integral cells have no successful orbit,0.9487773487773488,1.0,0.9487773487773488,0.916988416988417,0.7894179894179895,0.830952380952381,0.08301158301158296,0.21058201058201054,0.169047619047619,10.0,0.0,3686.0,3885.0,0.0,not_computed,not_computed,0.0,0.0,0.0,0.0,0.0,0.0,0.0,,,,,,,,,
18.3389276687285,2168.986329975987,164948.36006514024,0.5774931820458197,inf,-1000000.0,orbit_fail_ml_down,55.0,inf,inf,inf,inf,0.0,0.0,0.0,incomplete_orbit_coverage,1.0,inf,inf,0.0,0.0,0.0,0.0,0.0,nonsingular_isothermal,1.0,0.01,2.0,0.3,1.0,0.0,severe_coverage_warn,0.0,multiple,multiple,1;2;3;4;5,Lfrac minimum coverage 0.782 is below 0.8 | Lfrac coverage gap 0.218 exceeds 0.1 | third_integral coverage gap 0.169 exceeds 0.1 | 10 planned shell-band/Lfrac/third-integral cells have no successful orbit,0.946975546975547,1.0,0.946975546975547,0.9147609147609148,0.782010582010582,0.830952380952381,0.08523908523908519,0.21798941798941796,0.169047619047619,10.0,0.0,3679.0,3885.0,0.0,not_computed,not_computed,0.0,0.0,0.0,0.0,0.0,0.0,0.0,,,,,,,,,
17.589359868167765,2389.6639899314946,1991398.4550629274,0.22441153396158608,inf,-1000000.0,orbit_fail_full,56.0,inf,inf,inf,inf,0.0,0.0,0.0,incomplete_orbit_coverage,1.0,inf,inf,0.0,0.0,0.0,0.0,0.0,nonsingular_isothermal,1.0,0.01,2.0,0.3,1.0,0.0,severe_coverage_warn,0.0,multiple,multiple,1;2;3;4;5;6,Lfrac minimum coverage 0.709 is below 0.8 | Lfrac coverage gap 0.291 exceeds 0.1 | third_integral minimum coverage 0.795 is below 0.8 | third_integral coverage gap 0.205 exceeds 0.1 | 13 planned shell-band/Lfrac/third-integral cells have no successful orbit,0.9292149292149292,1.0,0.9292149292149292,0.9015444015444015,0.708994708994709,0.7952380952380952,0.09845559845559848,0.29100529100529104,0.2047619047619048,13.0,0.0,3610.0,3885.0,0.0,not_computed,not_computed,0.0,0.0,0.0,0.0,0.0,0.0,0.0,,,,,,,,,
17.589359868167765,2389.6639899314946,0.0,0.22441153396158608,347.1953123608291,-347.1953123608291,pass_halo_only,56.0,347.1953123608291,0.03078716315587826,0.18644625924986047,0.2636748284848353,1.0,1.0,36.0,none,0.0,144.08015153076806,203.115160830061,32.0,32.0,647.0,14.520200213776931,0.1995966896781035,nonsingular_isothermal,1.0,0.01,2.0,0.3,1.0,0.0,strict_pass,1.0,none,none,,,1.0,1.0,1.0,1.0,1.0,1.0,0.0,0.0,0.0,0.0,0.0,3885.0,3885.0,1.0,inverse_phase_volume,geometric_mean,3885.0,3885.0,3885.0,0.0,420.0,0.0,0.0,1.0442130584310031e+32,5.236759741640987e+49,5.015029930299429e+17,1.2060973336219034e-10,60486142.269682445,1.6532712493738113e-08,8291204798.513282,5.0150299302994816e+17,0.0
17.589359868167765,2389.6639899314946,2500000.0,0.22441153396158608,inf,-1000000.0,orbit_fail_bh_up,56.0,inf,inf,inf,inf,0.0,0.0,0.0,incomplete_orbit_coverage,1.0,inf,inf,0.0,0.0,0.0,0.0,0.0,nonsingular_isothermal,1.0,0.01,2.0,0.3,1.0,0.0,severe_coverage_warn,0.0,multiple,multiple,1;2;3;4;5;6,shell_band coverage gap 0.102 exceeds 0.1 | Lfrac minimum coverage 0.704 is below 0.8 | Lfrac coverage gap 0.296 exceeds 0.1 | third_integral minimum coverage 0.793 is below 0.8 | third_integral coverage gap 0.207 exceeds 0.1 | 14 planned shell-band/Lfrac/third-integral cells have no successful orbit,0.9279279279279279,1.0,0.9279279279279279,0.8976833976833977,0.7037037037037037,0.7928571428571428,0.10231660231660233,0.2962962962962963,0.20714285714285718,14.0,0.0,3605.0,3885.0,0.0,not_computed,not_computed,0.0,0.0,0.0,0.0,0.0,0.0,0.0,,,,,,,,,
17.589359868167765,2389.6639899314946,995699.2275314637,0.22441153396158608,inf,-1000000.0,orbit_fail_bh_down,56.0,inf,inf,inf,inf,0.0,0.0,0.0,incomplete_orbit_coverage,1.0,inf,inf,0.0,0.0,0.0,0.0,0.0,nonsingular_isothermal,1.0,0.01,2.0,0.3,1.0,0.0,severe_coverage_warn,0.0,multiple,multiple,1;2;3;4;5;6,shell_band coverage gap 0.102 exceeds 0.1 | Lfrac minimum coverage 0.733 is below 0.8 | Lfrac coverage gap 0.267 exceeds 0.1 | third_integral coverage gap 0.193 exceeds 0.1 | 12 planned shell-band/Lfrac/third-integral cells have no successful orbit,0.9351351351351351,1.0,0.9351351351351351,0.8976833976833977,0.7333333333333333,0.8071428571428572,0.10231660231660233,0.2666666666666667,0.19285714285714284,12.0,0.0,3633.0,3885.0,0.0,not_computed,not_computed,0.0,0.0,0.0,0.0,0.0,0.0,0.0,,,,,,,,,
30.0,2389.6639899314946,1991398.4550629274,0.22441153396158608,inf,-1000000.0,orbit_fail_halo_up,56.0,inf,inf,inf,inf,0.0,0.0,0.0,incomplete_orbit_coverage,1.0,inf,inf,0.0,0.0,0.0,0.0,0.0,nonsingular_isothermal,1.0,0.01,2.0,0.3,1.0,0.0,severe_coverage_warn,0.0,multiple,multiple,1;2;3;4;5,Lfrac minimum coverage 0.748 is below 0.8 | Lfrac coverage gap 0.252 exceeds 0.1 | third_integral coverage gap 0.186 exceeds 0.1 | 8 planned shell-band/Lfrac/third-integral cells have no successful orbit,0.9387387387387387,1.0,0.9387387387387387,0.9126819126819127,0.7481481481481481,0.8142857142857143,0.08731808731808732,0.2518518518518519,0.18571428571428572,8.0,0.0,3647.0,3885.0,0.0,not_computed,not_computed,0.0,0.0,0.0,0.0,0.0,0.0,0.0,,,,,,,,,
8.794679934083883,2389.6639899314946,1991398.4550629274,0.22441153396158608,inf,-1000000.0,orbit_fail_halo_down,56.0,inf,inf,inf,inf,0.0,0.0,0.0,incomplete_orbit_coverage,1.0,inf,inf,0.0,0.0,0.0,0.0,0.0,nonsingular_isothermal,1.0,0.01,2.0,0.3,1.0,0.0,severe_coverage_warn,0.0,multiple,multiple,1;2;3;4;5;6;7,Lfrac minimum coverage 0.659 is below 0.8 | Lfrac coverage gap 0.341 exceeds 0.1 | third_integral minimum coverage 0.767 is below 0.8 | third_integral coverage gap 0.233 exceeds 0.1 | 16 planned shell-band/Lfrac/third-integral cells have no successful orbit,0.9171171171171171,1.0,0.9171171171171171,0.8976833976833977,0.6592592592592592,0.7666666666666667,0.0856845856845857,0.3407407407407408,0.23333333333333328,16.0,0.0,3563.0,3885.0,0.0,not_computed,not_computed,0.0,0.0,0.0,0.0,0.0,0.0,0.0,,,,,,,,,
17.589359868167765,2389.6639899314946,1991398.4550629274,0.44882306792317217,inf,-1000000.0,orbit_fail_ml_up,56.0,inf,inf,inf,inf,0.0,0.0,0.0,incomplete_orbit_coverage,1.0,inf,inf,0.0,0.0,0.0,0.0,0.0,nonsingular_isothermal,1.0,0.01,2.0,0.3,1.0,0.0,severe_coverage_warn,0.0,multiple,multiple,1;2;3;4;5;6,Lfrac minimum coverage 0.707 is below 0.8 | Lfrac coverage gap 0.293 exceeds 0.1 | third_integral minimum coverage 0.798 is below 0.8 | third_integral coverage gap 0.202 exceeds 0.1 | 12 planned shell-band/Lfrac/third-integral cells have no successful orbit,0.9287001287001287,1.0,0.9287001287001287,0.9022869022869023,0.7068783068783069,0.7976190476190477,0.09771309771309766,0.2931216931216931,0.20238095238095233,12.0,0.0,3608.0,3885.0,0.0,not_computed,not_computed,0.0,0.0,0.0,0.0,0.0,0.0,0.0,,,,,,,,,
17.589359868167765,2389.6639899314946,1991398.4550629274,0.2,inf,-1000000.0,orbit_fail_ml_down,56.0,inf,inf,inf,inf,0.0,0.0,0.0,incomplete_orbit_coverage,1.0,inf,inf,0.0,0.0,0.0,0.0,0.0,nonsingular_isothermal,1.0,0.01,2.0,0.3,1.0,0.0,severe_coverage_warn,0.0,multiple,multiple,1;2;3;4;5;6,shell_band coverage gap 0.1 exceeds 0.1 | Lfrac minimum coverage 0.705 is below 0.8 | Lfrac coverage gap 0.295 exceeds 0.1 | third_integral minimum coverage 0.795 is below 0.8 | third_integral coverage gap 0.205 exceeds 0.1 | 13 planned shell-band/Lfrac/third-integral cells have no successful orbit,0.9281853281853282,1.0,0.9281853281853282,0.8996138996138996,0.7047619047619048,0.7952380952380952,0.10038610038610041,0.2952380952380952,0.2047619047619048,13.0,0.0,3606.0,3885.0,0.0,not_computed,not_computed,0.0,0.0,0.0,0.0,0.0,0.0,0.0,,,,,,,,,
24.167002664866178,1231.96416795775,49997.71947127585,1.3217288228437092,inf,-1000000.0,orbit_fail_full,57.0,inf,inf,inf,inf,0.0,0.0,0.0,incomplete_orbit_coverage,1.0,inf,inf,0.0,0.0,0.0,0.0,0.0,nonsingular_isothermal,1.0,0.01,2.0,0.3,1.0,0.0,severe_coverage_warn,0.0,inner,multiple,2,Lfrac coverage gap 0.103 exceeds 0.1 | 1 planned shell-band/Lfrac/third-integral cells have no successful orbit,0.975032175032175,1.0,0.975032175032175,0.9266409266409267,0.8973544973544973,0.9142857142857143,0.07335907335907332,0.10264550264550265,0.08571428571428574,1.0,0.0,3788.0,3885.0,0.0,not_computed,not_computed,0.0,0.0,0.0,0.0,0.0,0.0,0.0,,,,,,,,,
24.167002664866178,1231.96416795775,0.0,1.3217288228437092,110.87223693014678,-110.87223693014678,pass_halo_only,57.0,110.87223693014678,0.11717687816270939,0.23615850872487246,0.3339785659084594,1.0,1.0,166.0,none,0.0,41.56389782764291,69.3083391025039,32.0,32.0,381.0,13.307527139997905,0.1772891492500929,nonsingular_isothermal,1.0,0.01,2.0,0.3,1.0,0.0,strict_pass,1.0,none,none,,,1.0,1.0,1.0,1.0,1.0,1.0,0.0,0.0,0.0,0.0,0.0,3885.0,3885.0,1.0,inverse_phase_volume,geometric_mean,3885.0,3885.0,3885.0,0.0,420.0,0.0,0.0,3.1815201981556816e+34,2.3197644089307525e+51,7.291370993890008e+16,4.1738457541584553e-10,30433057.864842016,3.285900498205461e-08,2395871958.1424093,7.291370993890029e+16,0.0
24.167002664866178,1231.96416795775,99995.4389425517,1.3217288228437092,inf,-1000000.0,orbit_fail_bh_up,57.0,inf,inf,inf,inf,0.0,0.0,0.0,incomplete_orbit_coverage,1.0,inf,inf,0.0,0.0,0.0,0.0,0.0,nonsingular_isothermal,1.0,0.01,2.0,0.3,1.0,0.0,severe_coverage_warn,0.0,inner,multiple,1;2;3,Lfrac coverage gap 0.132 exceeds 0.1 | third_integral coverage gap 0.102 exceeds 0.1 | 6 planned shell-band/Lfrac/third-integral cells have no successful orbit,0.9678249678249679,1.0,0.9678249678249679,0.915057915057915,0.8677248677248677,0.8976190476190476,0.084942084942085,0.13227513227513232,0.10238095238095235,6.0,0.0,3760.0,3885.0,0.0,not_computed,not_computed,0.0,0.0,0.0,0.0,0.0,0.0,0.0,,,,,,,,,
24.167002664866178,1231.96416795775,24998.859735637925,1.3217288228437092,225.68033848997482,-225.68033848997482,pass_bh_down,57.0,225.68033848997482,0.03508777222546655,0.21663680016810363,0.30637070090678703,1.0,1.0,24.0,none,0.0,89.572039466174,136.1082990238009,32.0,32.0,140.0,11.587801854347406,0.2223798305659805,nonsingular_isothermal,1.0,0.01,2.0,0.3,1.0,0.0,strict_pass,1.0,none,none,,,0.9879021879021879,1.0,0.9879021879021879,0.9517374517374517,0.9502645502645503,0.9476190476190476,0.04826254826254828,0.049735449735449744,0.05238095238095242,0.0,0.0,3838.0,3885.0,1.0,inverse_phase_volume,geometric_mean,3838.0,3838.0,3838.0,0.0,420.0,0.0,0.0,1.682606235040843e+40,6.784551291058067e+50,40321681625.60851,4.903666126537963e-07,19772.406435254357,5.057553329558268e-05,2039290.5515898368,40321681625.6083,0.0
30.0,1231.96416795775,49997.71947127585,1.3217288228437092,inf,-1000000.0,orbit_fail_halo_up,57.0,inf,inf,inf,inf,0.0,0.0,0.0,incomplete_orbit_coverage,1.0,inf,inf,0.0,0.0,0.0,0.0,0.0,nonsingular_isothermal,1.0,0.01,2.0,0.3,1.0,0.0,severe_coverage_warn,0.0,inner,joint,1;2,3 planned shell-band/Lfrac/third-integral cells have no successful orbit,0.9765765765765766,1.0,0.9765765765765766,0.920997920997921,0.9037037037037037,0.919047619047619,0.079002079002079,0.09629629629629632,0.080952380952381,3.0,0.0,3794.0,3885.0,0.0,not_computed,not_computed,0.0,0.0,0.0,0.0,0.0,0.0,0.0,,,,,,,,,
12.083501332433089,1231.96416795775,49997.71947127585,1.3217288228437092,inf,-1000000.0,orbit_fail_halo_down,57.0,inf,inf,inf,inf,0.0,0.0,0.0,incomplete_orbit_coverage,1.0,inf,inf,0.0,0.0,0.0,0.0,0.0,nonsingular_isothermal,1.0,0.01,2.0,0.3,1.0,0.0,severe_coverage_warn,0.0,inner,multiple,1;2;3,Lfrac coverage gap 0.138 exceeds 0.1 | third_integral coverage gap 0.117 exceeds 0.1 | 5 planned shell-band/Lfrac/third-integral cells have no successful orbit,0.9665379665379665,1.0,0.9665379665379665,0.9168399168399168,0.8624338624338624,0.8833333333333333,0.08316008316008316,0.13756613756613756,0.1166666666666667,5.0,0.0,3755.0,3885.0,0.0,not_computed,not_computed,0.0,0.0,0.0,0.0,0.0,0.0,0.0,,,,,,,,,
24.167002664866178,1231.96416795775,49997.71947127585,1.6,inf,-1000000.0,orbit_fail_ml_up,57.0,inf,inf,inf,inf,0.0,0.0,0.0,incomplete_orbit_coverage,1.0,inf,inf,0.0,0.0,0.0,0.0,0.0,nonsingular_isothermal,1.0,0.01,2.0,0.3,1.0,0.0,severe_coverage_warn,0.0,inner,joint,2,1 planned shell-band/Lfrac/third-integral cells have no successful orbit,0.9788931788931788,1.0,0.9788931788931788,0.9285714285714286,0.9132275132275133,0.9333333333333333,0.0714285714285714,0.08677248677248672,0.06666666666666665,1.0,0.0,3803.0,3885.0,0.0,not_computed,not_computed,0.0,0.0,0.0,0.0,0.0,0.0,0.0,,,,,,,,,
24.167002664866178,1231.96416795775,49997.71947127585,0.6608644114218546,inf,-1000000.0,orbit_fail_ml_down,57.0,inf,inf,inf,inf,0.0,0.0,0.0,incomplete_orbit_coverage,1.0,inf,inf,0.0,0.0,0.0,0.0,0.0,nonsingular_isothermal,1.0,0.01,2.0,0.3,1.0,0.0,severe_coverage_warn,0.0,inner,multiple,1;2,Lfrac coverage gap 0.112 exceeds 0.1 | 4 planned shell-band/Lfrac/third-integral cells have no successful orbit,0.9727155727155727,1.0,0.9727155727155727,0.9208494208494209,0.8878306878306879,0.9095238095238095,0.0791505791505791,0.11216931216931214,0.09047619047619049,4.0,0.0,3779.0,3885.0,0.0,not_computed,not_computed,0.0,0.0,0.0,0.0,0.0,0.0,0.0,,,,,,,,,
9.06222200950687,4631.62950846921,2125533.6569932266,1.2977164372405012,inf,-1000000.0,orbit_fail_full,58.0,inf,inf,inf,inf,0.0,0.0,0.0,incomplete_orbit_coverage,1.0,inf,inf,0.0,0.0,0.0,0.0,0.0,nonsingular_isothermal,1.0,0.01,2.0,0.3,1.0,0.0,severe_coverage_warn,0.0,multiple,multiple,1;2;3;4;5;6;7;8,Lfrac minimum coverage 0.622 is below 0.8 | Lfrac coverage gap 0.378 exceeds 0.1 | third_integral minimum coverage 0.75 is below 0.8 | third_integral coverage gap 0.25 exceeds 0.1 | 17 planned shell-band/Lfrac/third-integral cells have no successful orbit,0.9081081081081082,1.0,0.9081081081081082,0.8957528957528957,0.6222222222222222,0.75,0.03148203148203155,0.37777777777777777,0.25,17.0,0.0,3528.0,3885.0,0.0,not_computed,not_computed,0.0,0.0,0.0,0.0,0.0,0.0,0.0,,,,,,,,,
9.06222200950687,4631.62950846921,0.0,1.2977164372405012,889.726912106043,-889.726912106043,pass_halo_only,58.0,889.726912106043,0.28841010231406017,0.21249083872806238,0.3005074260092058,1.0,1.0,5.0,none,0.0,433.5750123854834,456.1518997205593,32.0,32.0,203.0,16.3954176066464,0.11853132193237635,nonsingular_isothermal,1.0,0.01,2.0,0.3,1.0,0.0,strict_pass,1.0,none,none,,,1.0,1.0,1.0,1.0,1.0,1.0,0.0,0.0,0.0,0.0,0.0,3885.0,3885.0,1.0,inverse_phase_volume,geometric_mean,3885.0,3885.0,3885.0,0.0,420.0,0.0,0.0,6.254872423936986e+32,2.056084267715857e+47,328717218891205.1,1.347397062735133e-09,442912.61520447436,2.257781706078391e-06,742171723.2855337,328717218891207.2,0.0
9.06222200950687,4631.62950846921,2500000.0,1.2977164372405012,inf,-1000000.0,orbit_fail_bh_up,58.0,inf,inf,inf,inf,0.0,0.0,0.0,incomplete_orbit_coverage,1.0,inf,inf,0.0,0.0,0.0,0.0,0.0,nonsingular_isothermal,1.0,0.01,2.0,0.3,1.0,0.0,severe_coverage_warn,0.0,multiple,multiple,1;2;3;4;5;6;7;8,Lfrac minimum coverage 0.616 is below 0.8 | Lfrac coverage gap 0.384 exceeds 0.1 | third_integral minimum coverage 0.75 is below 0.8 | third_integral coverage gap 0.25 exceeds 0.1 | 21 planned shell-band/Lfrac/third-integral cells have no successful orbit,0.9065637065637066,1.0,0.9065637065637066,0.8918918918918919,0.6158730158730159,0.75,0.031185031185031242,0.3841269841269841,0.25,21.0,0.0,3522.0,3885.0,0.0,not_computed,not_computed,0.0,0.0,0.0,0.0,0.0,0.0,0.0,,,,,,,,,
9.06222200950687,4631.62950846921,1062766.8284966133,1.2977164372405012,inf,-1000000.0,orbit_fail_bh_down,58.0,inf,inf,inf,inf,0.0,0.0,0.0,incomplete_orbit_coverage,1.0,inf,inf,0.0,0.0,0.0,0.0,0.0,nonsingular_isothermal,1.0,0.01,2.0,0.3,1.0,0.0,severe_coverage_warn,0.0,multiple,multiple,1;2;3;4;5;6;7;8,Lfrac minimum coverage 0.626 is below 0.8 | Lfrac coverage gap 0.374 exceeds 0.1 | third_integral minimum coverage 0.75 is below 0.8 | third_integral coverage gap 0.25 exceeds 0.1 | 20 planned shell-band/Lfrac/third-integral cells have no successful orbit,0.9091377091377091,1.0,0.9091377091377091,0.8918918918918919,0.6264550264550265,0.75,0.047817047817047875,0.3735449735449735,0.25,20.0,0.0,3532.0,3885.0,0.0,not_computed,not_computed,0.0,0.0,0.0,0.0,0.0,0.0,0.0,,,,,,,,,
18.12444401901374,4631.62950846921,2125533.6569932266,1.2977164372405012,inf,-1000000.0,orbit_fail_halo_up,58.0,inf,inf,inf,inf,0.0,0.0,0.0,incomplete_orbit_coverage,1.0,inf,inf,0.0,0.0,0.0,0.0,0.0,nonsingular_isothermal,1.0,0.01,2.0,0.3,1.0,0.0,severe_coverage_warn,0.0,multiple,multiple,1;2;3;4;5;6;7,Lfrac minimum coverage 0.673 is below 0.8 | Lfrac coverage gap 0.327 exceeds 0.1 | third_integral minimum coverage 0.769 is below 0.8 | third_integral coverage gap 0.231 exceeds 0.1 | 15 planned shell-band/Lfrac/third-integral cells have no successful orbit,0.9204633204633205,1.0,0.9204633204633205,0.8976833976833977,0.6730158730158731,0.7690476190476191,0.08360558360558368,0.32698412698412693,0.2309523809523809,15.0,0.0,3576.0,3885.0,0.0,not_computed,not_computed,0.0,0.0,0.0,0.0,0.0,0.0,0.0,,,,,,,,,
4.531111004753435,4631.62950846921,2125533.6569932266,1.2977164372405012,inf,-1000000.0,orbit_fail_halo_down,58.0,inf,inf,inf,inf,0.0,0.0,0.0,incomplete_orbit_coverage,1.0,inf,inf,0.0,0.0,0.0,0.0,0.0,nonsingular_isothermal,1.0,0.01,2.0,0.3,1.0,0.0,severe_coverage_warn,0.0,multiple,multiple,1;2;3;4;5;6;7;8,Lfrac minimum coverage 0.579 is below 0.8 | Lfrac coverage gap 0.421 exceeds 0.1 | third_integral minimum coverage 0.755 is below 0.8 | third_integral coverage gap 0.245 exceeds 0.1 | 25 planned shell-band/Lfrac/third-integral cells have no successful orbit,0.8975546975546975,1.0,0.8975546975546975,0.8898128898128899,0.5788359788359788,0.7547619047619047,0.016632016632016633,0.4211640211640212,0.24523809523809526,25.0,0.0,3487.0,3885.0,0.0,not_computed,not_computed,0.0,0.0,0.0,0.0,0.0,0.0,0.0,,,,,,,,,
9.06222200950687,4631.62950846921,2125533.6569932266,1.6,inf,-1000000.0,orbit_fail_ml_up,58.0,inf,inf,inf,inf,0.0,0.0,0.0,incomplete_orbit_coverage,1.0,inf,inf,0.0,0.0,0.0,0.0,0.0,nonsingular_isothermal,1.0,0.01,2.0,0.3,1.0,0.0,severe_coverage_warn,0.0,multiple,multiple,1;2;3;4;5;6;7;8,Lfrac minimum coverage 0.625 is below 0.8 | Lfrac coverage gap 0.375 exceeds 0.1 | third_integral minimum coverage 0.75 is below 0.8 | third_integral coverage gap 0.25 exceeds 0.1 | 19 planned shell-band/Lfrac/third-integral cells have no successful orbit,0.9088803088803089,1.0,0.9088803088803089,0.8996138996138996,0.6253968253968254,0.75,0.0213840213840214,0.3746031746031746,0.25,19.0,0.0,3531.0,3885.0,0.0,not_computed,not_computed,0.0,0.0,0.0,0.0,0.0,0.0,0.0,,,,,,,,,
9.06222200950687,4631.62950846921,2125533.6569932266,0.6488582186202506,inf,-1000000.0,orbit_fail_ml_down,58.0,inf,inf,inf,inf,0.0,0.0,0.0,incomplete_orbit_coverage,1.0,inf,inf,0.0,0.0,0.0,0.0,0.0,nonsingular_isothermal,1.0,0.01,2.0,0.3,1.0,0.0,severe_coverage_warn,0.0,multiple,multiple,1;2;3;4;5;6;7;8,Lfrac minimum coverage 0.626 is below 0.8 | Lfrac coverage gap 0.374 exceeds 0.1 | third_integral minimum coverage 0.752 is below 0.8 | third_integral coverage gap 0.248 exceeds 0.1 | 19 planned shell-band/Lfrac/third-integral cells have no successful orbit,0.9091377091377091,1.0,0.9091377091377091,0.8976833976833977,0.6264550264550265,0.7523809523809524,0.023314523314523328,0.3735449735449735,0.24761904761904763,19.0,0.0,3532.0,3885.0,0.0,not_computed,not_computed,0.0,0.0,0.0,0.0,0.0,0.0,0.0,,,,,,,,,
24.678246340934866,6911.399907716068,1335096.8658418367,0.447954213291498,inf,-1000000.0,orbit_fail_full,59.0,inf,inf,inf,inf,0.0,0.0,0.0,incomplete_orbit_coverage,1.0,inf,inf,0.0,0.0,0.0,0.0,0.0,nonsingular_isothermal,1.0,0.01,2.0,0.3,1.0,0.0,severe_coverage_warn,0.0,multiple,multiple,1;2;3;4;5;6;7,Lfrac minimum coverage 0.704 is below 0.8 | Lfrac coverage gap 0.296 exceeds 0.1 | third_integral minimum coverage 0.779 is below 0.8 | third_integral coverage gap 0.221 exceeds 0.1 | 15 planned shell-band/Lfrac/third-integral cells have no successful orbit,0.9279279279279279,1.0,0.9279279279279279,0.9054054054054054,0.7037037037037037,0.7785714285714286,0.08835758835758845,0.2962962962962963,0.22142857142857142,15.0,0.0,3605.0,3885.0,0.0,not_computed,not_computed,0.0,0.0,0.0,0.0,0.0,0.0,0.0,,,,,,,,,
24.678246340934866,6911.399907716068,0.0,0.447954213291498,881.7908817219678,-881.7908817219678,pass_halo_only,59.0,881.7908817219678,0.0439535026134763,0.20377434745609832,0.28818044583608976,1.0,1.0,16.0,none,0.0,423.2044460194255,458.5864357025421,32.0,32.0,1814.0,21.809919084017025,0.09575799883120234,nonsingular_isothermal,1.0,0.01,2.0,0.3,1.0,0.0,strict_pass,1.0,none,none,,,1.0,1.0,1.0,1.0,1.0,1.0,0.0,0.0,0.0,0.0,0.0,3885.0,3885.0,1.0,inverse_phase_volume,geometric_mean,3885.0,3885.0,3885.0,0.0,420.0,0.0,0.0,5.492992027968913e+33,3.0250823709094e+48,550716686917886.06,2.192305697573271e-08,12073393.3047876,8.282675588837635e-08,45614076.591003254,550716686917887.5,0.0
24.678246340934866,6911.399907716068,2500000.0,0.447954213291498,inf,-1000000.0,orbit_fail_bh_up,59.0,inf,inf,inf,inf,0.0,0.0,0.0,incomplete_orbit_coverage,1.0,inf,inf,0.0,0.0,0.0,0.0,0.0,nonsingular_isothermal,1.0,0.01,2.0,0.3,1.0,0.0,severe_coverage_warn,0.0,multiple,multiple,1;2;3;4;5;6;7,Lfrac minimum coverage 0.668 is below 0.8 | Lfrac coverage gap 0.332 exceeds 0.1 | third_integral minimum coverage 0.755 is below 0.8 | third_integral coverage gap 0.245 exceeds 0.1 | 14 planned shell-band/Lfrac/third-integral cells have no successful orbit,0.9191763191763191,1.0,0.9191763191763191,0.8861003861003861,0.6677248677248677,0.7547619047619047,0.07231957231957231,0.3322751322751323,0.24523809523809526,14.0,0.0,3571.0,3885.0,0.0,not_computed,not_computed,0.0,0.0,0.0,0.0,0.0,0.0,0.0,,,,,,,,,
24.678246340934866,6911.399907716068,667548.4329209183,0.447954213291498,inf,-1000000.0,orbit_fail_bh_down,59.0,inf,inf,inf,inf,0.0,0.0,0.0,incomplete_orbit_coverage,1.0,inf,inf,0.0,0.0,0.0,0.0,0.0,nonsingular_isothermal,1.0,0.01,2.0,0.3,1.0,0.0,severe_coverage_warn,0.0,multiple,multiple,1;2;3;4;5;6,Lfrac minimum coverage 0.721 is below 0.8 | Lfrac coverage gap 0.279 exceeds 0.1 | third_integral minimum coverage 0.79 is below 0.8 | third_integral coverage gap 0.21 exceeds 0.1 | 12 planned shell-band/Lfrac/third-integral cells have no successful orbit,0.932046332046332,1.0,0.932046332046332,0.9092664092664092,0.7206349206349206,0.7904761904761904,0.09073359073359077,0.27936507936507937,0.20952380952380956,12.0,0.0,3621.0,3885.0,0.0,not_computed,not_computed,0.0,0.0,0.0,0.0,0.0,0.0,0.0,,,,,,,,,
30.0,6911.399907716068,1335096.8658418367,0.447954213291498,inf,-1000000.0,orbit_fail_halo_up,59.0,inf,inf,inf,inf,0.0,0.0,0.0,incomplete_orbit_coverage,1.0,inf,inf,0.0,0.0,0.0,0.0,0.0,nonsingular_isothermal,1.0,0.01,2.0,0.3,1.0,0.0,severe_coverage_warn,0.0,multiple,multiple,1;2;3;4;5;6,shell_band coverage gap 0.1 exceeds 0.1 | Lfrac minimum coverage 0.712 is below 0.8 | Lfrac coverage gap 0.288 exceeds 0.1 | third_integral minimum coverage 0.783 is below 0.8 | third_integral coverage gap 0.217 exceeds 0.1 | 14 planned shell-band/Lfrac/third-integral cells have no successful orbit,0.92998712998713,1.0,0.92998712998713,0.8996138996138996,0.7121693121693121,0.7833333333333333,0.10038610038610041,0.2878306878306879,0.21666666666666667,14.0,0.0,3613.0,3885.0,0.0,not_computed,not_computed,0.0,0.0,0.0,0.0,0.0,0.0,0.0,,,,,,,,,
12.339123170467433,6911.399907716068,1335096.8658418367,0.447954213291498,inf,-1000000.0,orbit_fail_halo_down,59.0,inf,inf,inf,inf,0.0,0.0,0.0,incomplete_orbit_coverage,1.0,inf,inf,0.0,0.0,0.0,0.0,0.0,nonsingular_isothermal,1.0,0.01,2.0,0.3,1.0,0.0,severe_coverage_warn,0.0,multiple,multiple,1;2;3;4;5;6;7;8,Lfrac minimum coverage 0.62 is below 0.8 | Lfrac coverage gap 0.38 exceeds 0.1 | third_integral minimum coverage 0.75 is below 0.8 | third_integral coverage gap 0.25 exceeds 0.1 | 21 planned shell-band/Lfrac/third-integral cells have no successful orbit,0.9075933075933076,1.0,0.9075933075933076,0.8861003861003861,0.6201058201058202,0.75,0.043213543213543204,0.37989417989417984,0.25,21.0,0.0,3526.0,3885.0,0.0,not_computed,not_computed,0.0,0.0,0.0,0.0,0.0,0.0,0.0,,,,,,,,,
24.678246340934866,6911.399907716068,1335096.8658418367,0.895908426582996,inf,-1000000.0,orbit_fail_ml_up,59.0,inf,inf,inf,inf,0.0,0.0,0.0,incomplete_orbit_coverage,1.0,inf,inf,0.0,0.0,0.0,0.0,0.0,nonsingular_isothermal,1.0,0.01,2.0,0.3,1.0,0.0,severe_coverage_warn,0.0,multiple,multiple,1;2;3;4;5;6;7,Lfrac minimum coverage 0.701 is below 0.8 | Lfrac coverage gap 0.299 exceeds 0.1 | third_integral minimum coverage 0.776 is below 0.8 | third_integral coverage gap 0.224 exceeds 0.1 | 12 planned shell-band/Lfrac/third-integral cells have no successful orbit,0.9271557271557271,1.0,0.9271557271557271,0.8996138996138996,0.7005291005291006,0.7761904761904762,0.09414909414909423,0.29947089947089944,0.2238095238095238,12.0,0.0,3602.0,3885.0,0.0,not_computed,not_computed,0.0,0.0,0.0,0.0,0.0,0.0,0.0,,,,,,,,,
24.678246340934866,6911.399907716068,1335096.8658418367,0.223977106645749,inf,-1000000.0,orbit_fail_ml_down,59.0,inf,inf,inf,inf,0.0,0.0,0.0,incomplete_orbit_coverage,1.0,inf,inf,0.0,0.0,0.0,0.0,0.0,nonsingular_isothermal,1.0,0.01,2.0,0.3,1.0,0.0,severe_coverage_warn,0.0,multiple,multiple,1;2;3;4;5;6,Lfrac minimum coverage 0.699 is below 0.8 | Lfrac coverage gap 0.301 exceeds 0.1 | third_integral minimum coverage 0.779 is below 0.8 | third_integral coverage gap 0.221 exceeds 0.1 | 15 planned shell-band/Lfrac/third-integral cells have no successful orbit,0.9268983268983269,1.0,0.9268983268983269,0.8996138996138996,0.6994708994708995,0.7785714285714286,0.09207009207009209,0.30052910052910053,0.22142857142857142,15.0,0.0,3601.0,3885.0,0.0,not_computed,not_computed,0.0,0.0,0.0,0.0,0.0,0.0,0.0,,,,,,,,,
12.963404854091532,1753.7103683572045,568318.4337890809,1.139718837997787,inf,-1000000.0,orbit_fail_full,60.0,inf,inf,inf,inf,0.0,0.0,0.0,incomplete_orbit_coverage,1.0,inf,inf,0.0,0.0,0.0,0.0,0.0,nonsingular_isothermal,1.0,0.01,2.0,0.3,1.0,0.0,severe_coverage_warn,0.0,multiple,multiple,1;2;3;4;5,Lfrac minimum coverage 0.742 is below 0.8 | Lfrac coverage gap 0.258 exceeds 0.1 | third_integral coverage gap 0.186 exceeds 0.1 | 12 planned shell-band/Lfrac/third-integral cells have no successful orbit,0.9371943371943372,1.0,0.9371943371943372,0.9034749034749034,0.7417989417989418,0.8142857142857143,0.09652509652509655,0.2582010582010582,0.18571428571428572,12.0,0.0,3641.0,3885.0,0.0,not_computed,not_computed,0.0,0.0,0.0,0.0,0.0,0.0,0.0,,,,,,,,,
12.963404854091532,1753.7103683572045,0.0,1.139718837997787,416.2977366798142,-416.2977366798142,pass_halo_only,60.0,416.2977366798142,0.2842739323764363,0.18918289694366344,0.26754501862671226,1.0,1.0,165.0,none,0.0,157.04091766225795,259.2568190175562,32.0,32.0,1423.0,12.09476661354316,0.23437194607425102,nonsingular_isothermal,1.0,0.01,2.0,0.3,1.0,0.0,strict_pass,1.0,none,none,,,1.0,1.0,1.0,1.0,1.0,1.0,0.0,0.0,0.0,0.0,0.0,3885.0,3885.0,1.0,inverse_phase_volume,geometric_mean,3885.0,3885.0,3885.0,0.0,420.0,0.0,0.0,1.8814486092813065e+34,5.067886883031614e+49,2693608987261944.5,3.4876335248749693e-09,9394321.006879354,1.0644728866170439e-07,286727373.40883595,2693608987261968.0,0.0
12.963404854091532,1753.7103683572045,1136636.8675781619,1.139718837997787,inf,-1000000.0,orbit_fail_bh_up,60.0,inf,inf,inf,inf,0.0,0.0,0.0,incomplete_orbit_coverage,1.0,inf,inf,0.0,0.0,0.0,0.0,0.0,nonsingular_isothermal,1.0,0.01,2.0,0.3,1.0,0.0,severe_coverage_warn,0.0,multiple,multiple,1;2;3;4;5;6,shell_band coverage gap 0.106 exceeds 0.1 | Lfrac minimum coverage 0.714 is below 0.8 | Lfrac coverage gap 0.286 exceeds 0.1 | third_integral coverage gap 0.193 exceeds 0.1 | 15 planned shell-band/Lfrac/third-integral cells have no successful orbit,0.9305019305019305,1.0,0.9305019305019305,0.8938223938223938,0.7142857142857143,0.8071428571428572,0.10617760617760619,0.2857142857142857,0.19285714285714284,15.0,0.0,3615.0,3885.0,0.0,not_computed,not_computed,0.0,0.0,0.0,0.0,0.0,0.0,0.0,,,,,,,,,
12.963404854091532,1753.7103683572045,284159.21689454047,1.139718837997787,inf,-1000000.0,orbit_fail_bh_down,60.0,inf,inf,inf,inf,0.0,0.0,0.0,incomplete_orbit_coverage,1.0,inf,inf,0.0,0.0,0.0,0.0,0.0,nonsingular_isothermal,1.0,0.01,2.0,0.3,1.0,0.0,severe_coverage_warn,0.0,multiple,multiple,1;2;3;4;5,Lfrac minimum coverage 0.76 is below 0.8 | Lfrac coverage gap 0.24 exceeds 0.1 | third_integral coverage gap 0.179 exceeds 0.1 | 12 planned shell-band/Lfrac/third-integral cells have no successful orbit,0.9415701415701415,1.0,0.9415701415701415,0.9054054054054054,0.7597883597883598,0.8214285714285714,0.09459459459459463,0.2402116402116402,0.1785714285714286,12.0,0.0,3658.0,3885.0,0.0,not_computed,not_computed,0.0,0.0,0.0,0.0,0.0,0.0,0.0,,,,,,,,,
25.926809708183065,1753.7103683572045,568318.4337890809,1.139718837997787,inf,-1000000.0,orbit_fail_halo_up,60.0,inf,inf,inf,inf,0.0,0.0,0.0,incomplete_orbit_coverage,1.0,inf,inf,0.0,0.0,0.0,0.0,0.0,nonsingular_isothermal,1.0,0.01,2.0,0.3,1.0,0.0,severe_coverage_warn,0.0,multiple,multiple,1;2;3;4;5,Lfrac minimum coverage 0.781 is below 0.8 | Lfrac coverage gap 0.219 exceeds 0.1 | third_integral coverage gap 0.167 exceeds 0.1 | 8 planned shell-band/Lfrac/third-integral cells have no successful orbit,0.9467181467181467,1.0,0.9467181467181467,0.9147609147609148,0.780952380952381,0.8333333333333334,0.08523908523908519,0.21904761904761905,0.16666666666666663,8.0,0.0,3678.0,3885.0,0.0,not_computed,not_computed,0.0,0.0,0.0,0.0,0.0,0.0,0.0,,,,,,,,,
6.481702427045766,1753.7103683572045,568318.4337890809,1.139718837997787,inf,-1000000.0,orbit_fail_halo_down,60.0,inf,inf,inf,inf,0.0,0.0,0.0,incomplete_orbit_coverage,1.0,inf,inf,0.0,0.0,0.0,0.0,0.0,nonsingular_isothermal,1.0,0.01,2.0,0.3,1.0,0.0,severe_coverage_warn,0.0,multiple,multiple,1;2;3;4;5;6,shell_band coverage gap 0.106 exceeds 0.1 | Lfrac minimum coverage 0.702 is below 0.8 | Lfrac coverage gap 0.298 exceeds 0.1 | third_integral minimum coverage 0.795 is below 0.8 | third_integral coverage gap 0.205 exceeds 0.1 | 13 planned shell-band/Lfrac/third-integral cells have no successful orbit,0.9274131274131274,1.0,0.9274131274131274,0.893970893970894,0.7015873015873015,0.7952380952380952,0.10602910602910598,0.29841269841269846,0.2047619047619048,13.0,0.0,3603.0,3885.0,0.0,not_computed,not_computed,0.0,0.0,0.0,0.0,0.0,0.0,0.0,,,,,,,,,
12.963404854091532,1753.7103683572045,568318.4337890809,1.6,inf,-1000000.0,orbit_fail_ml_up,60.0,inf,inf,inf,inf,0.0,0.0,0.0,incomplete_orbit_coverage,1.0,inf,inf,0.0,0.0,0.0,0.0,0.0,nonsingular_isothermal,1.0,0.01,2.0,0.3,1.0,0.0,severe_coverage_warn,0.0,multiple,multiple,1;2;3;4;5,Lfrac minimum coverage 0.752 is below 0.8 | Lfrac coverage gap 0.248 exceeds 0.1 | third_integral coverage gap 0.183 exceeds 0.1 | 9 planned shell-band/Lfrac/third-integral cells have no successful orbit,0.9397683397683397,1.0,0.9397683397683397,0.9034749034749034,0.7523809523809524,0.8166666666666667,0.09652509652509655,0.24761904761904763,0.18333333333333335,9.0,0.0,3651.0,3885.0,0.0,not_computed,not_computed,0.0,0.0,0.0,0.0,0.0,0.0,0.0,,,,,,,,,
12.963404854091532,1753.7103683572045,568318.4337890809,0.5698594189988935,inf,-1000000.0,orbit_fail_ml_down,60.0,inf,inf,inf,inf,0.0,0.0,0.0,incomplete_orbit_coverage,1.0,inf,inf,0.0,0.0,0.0,0.0,0.0,nonsingular_isothermal,1.0,0.01,2.0,0.3,1.0,0.0,severe_coverage_warn,0.0,multiple,multiple,1;2;3;4;5,shell_band coverage gap 0.1 exceeds 0.1 | Lfrac minimum coverage 0.732 is below 0.8 | Lfrac coverage gap 0.268 exceeds 0.1 | third_integral coverage gap 0.183 exceeds 0.1 | 14 planned shell-band/Lfrac/third-integral cells have no successful orbit,0.9348777348777348,1.0,0.9348777348777348,0.8996138996138996,0.7322751322751323,0.8166666666666667,0.10038610038610041,0.2677248677248677,0.18333333333333335,14.0,0.0,3632.0,3885.0,0.0,not_computed,not_computed,0.0,0.0,0.0,0.0,0.0,0.0,0.0,,,,,,,,,
18.15618561776478,6940.667659133007,783380.2237494581,1.0268212609074654,inf,-1000000.0,orbit_fail_full,61.0,inf,inf,inf,inf,0.0,0.0,0.0,incomplete_orbit_coverage,1.0,inf,inf,0.0,0.0,0.0,0.0,0.0,nonsingular_isothermal,1.0,0.01,2.0,0.3,1.0,0.0,severe_coverage_warn,0.0,multiple,multiple,1;2;3;4;5;6;7,Lfrac minimum coverage 0.694 is below 0.8 | Lfrac coverage gap 0.306 exceeds 0.1 | third_integral minimum coverage 0.771 is below 0.8 | third_integral coverage gap 0.229 exceeds 0.1 | 16 planned shell-band/Lfrac/third-integral cells have no successful orbit,0.9256113256113256,1.0,0.9256113256113256,0.8938223938223938,0.6941798941798942,0.7714285714285715,0.09578259578259585,0.30582010582010577,0.22857142857142854,16.0,0.0,3596.0,3885.0,0.0,not_computed,not_computed,0.0,0.0,0.0,0.0,0.0,0.0,0.0,,,,,,,,,
18.15618561776478,6940.667659133007,0.0,1.0268212609074654,887.9288438101372,-887.9288438101372,pass_halo_only,61.0,887.9288438101372,0.0415143983618691,0.20206550168365683,0.2857637729686995,1.0,1.0,93.0,none,0.0,455.10832373227294,432.8205200778641,32.0,32.0,78.0,28.101845486255304,0.08828369348656068,nonsingular_isothermal,1.0,0.01,2.0,0.3,1.0,0.0,strict_pass,1.0,none,none,,,1.0,1.0,1.0,1.0,1.0,1.0,0.0,0.0,0.0,0.0,0.0,3885.0,3885.0,1.0,inverse_phase_volume,geometric_mean,3885.0,3885.0,3885.0,0.0,420.0,0.0,0.0,1.0018724544579928e+32,8.577997341205893e+47,8561965450828309.0,2.0904485316714088e-10,1789834.810490535,5.587107783013409e-07,4783662380.821471,8561965450828300.0,0.0
18.15618561776478,6940.667659133007,1566760.4474989162,1.0268212609074654,inf,-1000000.0,orbit_fail_bh_up,61.0,inf,inf,inf,inf,0.0,0.0,0.0,incomplete_orbit_coverage,1.0,inf,inf,0.0,0.0,0.0,0.0,0.0,nonsingular_isothermal,1.0,0.01,2.0,0.3,1.0,0.0,severe_coverage_warn,0.0,multiple,multiple,1;2;3;4;5;6;7,Lfrac minimum coverage 0.654 is below 0.8 | Lfrac coverage gap 0.346 exceeds 0.1 | third_integral minimum coverage 0.755 is below 0.8 | third_integral coverage gap 0.245 exceeds 0.1 | 17 planned shell-band/Lfrac/third-integral cells have no successful orbit,0.9158301158301159,1.0,0.9158301158301159,0.8938223938223938,0.653968253968254,0.7547619047619047,0.06043956043956045,0.346031746031746,0.24523809523809526,17.0,0.0,3558.0,3885.0,0.0,not_computed,not_computed,0.0,0.0,0.0,0.0,0.0,0.0,0.0,,,,,,,,,
18.15618561776478,6940.667659133007,391690.11187472905,1.0268212609074654,inf,-1000000.0,orbit_fail_bh_down,61.0,inf,inf,inf,inf,0.0,0.0,0.0,incomplete_orbit_coverage,1.0,inf,inf,0.0,0.0,0.0,0.0,0.0,nonsingular_isothermal,1.0,0.01,2.0,0.3,1.0,0.0,severe_coverage_warn,0.0,multiple,multiple,1;2;3;4;5;6,Lfrac minimum coverage 0.715 is below 0.8 | Lfrac coverage gap 0.285 exceeds 0.1 | third_integral minimum coverage 0.79 is below 0.8 | third_integral coverage gap 0.21 exceeds 0.1 | 13 planned shell-band/Lfrac/third-integral cells have no successful orbit,0.9307593307593307,1.0,0.9307593307593307,0.9034749034749034,0.7153439153439154,0.7904761904761904,0.09652509652509655,0.2846560846560846,0.20952380952380956,13.0,0.0,3616.0,3885.0,0.0,not_computed,not_computed,0.0,0.0,0.0,0.0,0.0,0.0,0.0,,,,,,,,,
30.0,6940.667659133007,783380.2237494581,1.0268212609074654,inf,-1000000.0,orbit_fail_halo_up,61.0,inf,inf,inf,inf,0.0,0.0,0.0,incomplete_orbit_coverage,1.0,inf,inf,0.0,0.0,0.0,0.0,0.0,nonsingular_isothermal,1.0,0.01,2.0,0.3,1.0,0.0,severe_coverage_warn,0.0,multiple,multiple,1;2;3;4;5;6,shell_band coverage gap 0.106 exceeds 0.1 | Lfrac minimum coverage 0.716 is below 0.8 | Lfrac coverage gap 0.284 exceeds 0.1 | third_integral minimum coverage 0.795 is below 0.8 | third_integral coverage gap 0.205 exceeds 0.1 | 12 planned shell-band/Lfrac/third-integral cells have no successful orbit,0.931016731016731,1.0,0.931016731016731,0.8938223938223938,0.7164021164021164,0.7952380952380952,0.10617760617760619,0.2835978835978836,0.2047619047619048,12.0,0.0,3617.0,3885.0,0.0,not_computed,not_computed,0.0,0.0,0.0,0.0,0.0,0.0,0.0,,,,,,,,,
9.07809280888239,6940.667659133007,783380.2237494581,1.0268212609074654,inf,-1000000.0,orbit_fail_halo_down,61.0,inf,inf,inf,inf,0.0,0.0,0.0,incomplete_orbit_coverage,1.0,inf,inf,0.0,0.0,0.0,0.0,0.0,nonsingular_isothermal,1.0,0.01,2.0,0.3,1.0,0.0,severe_coverage_warn,0.0,multiple,multiple,1;2;3;4;5;6;7;8,Lfrac minimum coverage 0.63 is below 0.8 | Lfrac coverage gap 0.37 exceeds 0.1 | third_integral minimum coverage 0.75 is below 0.8 | third_integral coverage gap 0.25 exceeds 0.1 | 22 planned shell-band/Lfrac/third-integral cells have no successful orbit,0.9099099099099099,1.0,0.9099099099099099,0.8861003861003861,0.6296296296296297,0.75,0.04529254529254534,0.37037037037037035,0.25,22.0,0.0,3535.0,3885.0,0.0,not_computed,not_computed,0.0,0.0,0.0,0.0,0.0,0.0,0.0,,,,,,,,,
18.15618561776478,6940.667659133007,783380.2237494581,1.6,inf,-1000000.0,orbit_fail_ml_up,61.0,inf,inf,inf,inf,0.0,0.0,0.0,incomplete_orbit_coverage,1.0,inf,inf,0.0,0.0,0.0,0.0,0.0,nonsingular_isothermal,1.0,0.01,2.0,0.3,1.0,0.0,severe_coverage_warn,0.0,multiple,multiple,1;2;3;4;5;6,Lfrac minimum coverage 0.704 is below 0.8 | Lfrac coverage gap 0.296 exceeds 0.1 | third_integral minimum coverage 0.776 is below 0.8 | third_integral coverage gap 0.224 exceeds 0.1 | 12 planned shell-band/Lfrac/third-integral cells have no successful orbit,0.9279279279279279,1.0,0.9279279279279279,0.8976833976833977,0.7037037037037037,0.7761904761904762,0.09607959607959615,0.2962962962962963,0.2238095238095238,12.0,0.0,3605.0,3885.0,0.0,not_computed,not_computed,0.0,0.0,0.0,0.0,0.0,0.0,0.0,,,,,,,,,
18.15618561776478,6940.667659133007,783380.2237494581,0.5134106304537327,inf,-1000000.0,orbit_fail_ml_down,61.0,inf,inf,inf,inf,0.0,0.0,0.0,incomplete_orbit_coverage,1.0,inf,inf,0.0,0.0,0.0,0.0,0.0,nonsingular_isothermal,1.0,0.01,2.0,0.3,1.0,0.0,severe_coverage_warn,0.0,multiple,multiple,1;2;3;4;5;6,Lfrac minimum coverage 0.698 is below 0.8 | Lfrac coverage gap 0.302 exceeds 0.1 | third_integral minimum coverage 0.776 is below 0.8 | third_integral coverage gap 0.224 exceeds 0.1 | 13 planned shell-band/Lfrac/third-integral cells have no successful orbit,0.9266409266409267,1.0,0.9266409266409267,0.8957528957528957,0.6984126984126984,0.7761904761904762,0.09593109593109594,0.3015873015873016,0.2238095238095238,13.0,0.0,3600.0,3885.0,0.0,not_computed,not_computed,0.0,0.0,0.0,0.0,0.0,0.0,0.0,,,,,,,,,
18.6120209057439,3168.6323801307544,2048214.6113363286,0.8301349601314385,inf,-1000000.0,orbit_fail_full,62.0,inf,inf,inf,inf,0.0,0.0,0.0,incomplete_orbit_coverage,1.0,inf,inf,0.0,0.0,0.0,0.0,0.0,nonsingular_isothermal,1.0,0.01,2.0,0.3,1.0,0.0,severe_coverage_warn,0.0,multiple,multiple,1;2;3;4;5;6,Lfrac minimum coverage 0.705 is below 0.8 | Lfrac coverage gap 0.295 exceeds 0.1 | third_integral minimum coverage 0.788 is below 0.8 | third_integral coverage gap 0.212 exceeds 0.1 | 15 planned shell-band/Lfrac/third-integral cells have no successful orbit,0.9281853281853282,1.0,0.9281853281853282,0.9022869022869023,0.7047619047619048,0.7880952380952381,0.09771309771309766,0.2952380952380952,0.21190476190476193,15.0,0.0,3606.0,3885.0,0.0,not_computed,not_computed,0.0,0.0,0.0,0.0,0.0,0.0,0.0,,,,,,,,,
18.6120209057439,3168.6323801307544,0.0,0.8301349601314385,446.8231169426678,-446.8231169426678,pass_halo_only,62.0,446.8231169426678,0.27377120995635096,0.2154624955771767,0.3047099834279414,1.0,1.0,38.0,none,0.0,186.0770703317871,260.7460466108807,32.0,32.0,2756.0,10.795724872760625,0.2498683495290624,nonsingular_isothermal,1.0,0.01,2.0,0.3,1.0,0.0,strict_pass,1.0,none,none,,,1.0,1.0,1.0,1.0,1.0,1.0,0.0,0.0,0.0,0.0,0.0,3885.0,3885.0,1.0,inverse_phase_volume,geometric_mean,3885.0,3885.0,3885.0,0.0,420.0,0.0,0.0,2.7487372318727364e+33,2.197404210790044e+49,7994231625017628.0,1.7075047328193158e-09,13650188.334971374,7.325906247300852e-08,585649914.0408635,7994231625017582.0,0.0
18.6120209057439,3168.6323801307544,2500000.0,0.8301349601314385,inf,-1000000.0,orbit_fail_bh_up,62.0,inf,inf,inf,inf,0.0,0.0,0.0,incomplete_orbit_coverage,1.0,inf,inf,0.0,0.0,0.0,0.0,0.0,nonsingular_isothermal,1.0,0.01,2.0,0.3,1.0,0.0,severe_coverage_warn,0.0,multiple,multiple,1;2;3;4;5;6,shell_band coverage gap 0.108 exceeds 0.1 | Lfrac minimum coverage 0.69 is below 0.8 | Lfrac coverage gap 0.31 exceeds 0.1 | third_integral minimum coverage 0.786 is below 0.8 | third_integral coverage gap 0.214 exceeds 0.1 | 17 planned shell-band/Lfrac/third-integral cells have no successful orbit,0.9245817245817246,1.0,0.9245817245817246,0.8918918918918919,0.68994708994709,0.7857142857142857,0.10810810810810811,0.31005291005291,0.2142857142857143,17.0,0.0,3592.0,3885.0,0.0,not_computed,not_computed,0.0,0.0,0.0,0.0,0.0,0.0,0.0,,,,,,,,,
18.6120209057439,3168.6323801307544,1024107.3056681643,0.8301349601314385,inf,-1000000.0,orbit_fail_bh_down,62.0,inf,inf,inf,inf,0.0,0.0,0.0,incomplete_orbit_coverage,1.0,inf,inf,0.0,0.0,0.0,0.0,0.0,nonsingular_isothermal,1.0,0.01,2.0,0.3,1.0,0.0,severe_coverage_warn,0.0,multiple,multiple,1;2;3;4;5;6,Lfrac minimum coverage 0.724 is below 0.8 | Lfrac coverage gap 0.276 exceeds 0.1 | third_integral minimum coverage 0.798 is below 0.8 | third_integral coverage gap 0.202 exceeds 0.1 | 11 planned shell-band/Lfrac/third-integral cells have no successful orbit,0.9328185328185328,1.0,0.9328185328185328,0.9015444015444015,0.7238095238095238,0.7976190476190477,0.09845559845559848,0.2761904761904762,0.20238095238095233,11.0,0.0,3624.0,3885.0,0.0,not_computed,not_computed,0.0,0.0,0.0,0.0,0.0,0.0,0.0,,,,,,,,,
30.0,3168.6323801307544,2048214.6113363286,0.8301349601314385,inf,-1000000.0,orbit_fail_halo_up,62.0,inf,inf,inf,inf,0.0,0.0,0.0,incomplete_orbit_coverage,1.0,inf,inf,0.0,0.0,0.0,0.0,0.0,nonsingular_isothermal,1.0,0.01,2.0,0.3,1.0,0.0,severe_coverage_warn,0.0,multiple,multiple,1;2;3;4;5;6,Lfrac minimum coverage 0.737 is below 0.8 | Lfrac coverage gap 0.263 exceeds 0.1 | third_integral coverage gap 0.195 exceeds 0.1 | 10 planned shell-band/Lfrac/third-integral cells have no successful orbit,0.9359073359073359,1.0,0.9359073359073359,0.9054054054054054,0.7365079365079366,0.8047619047619048,0.09459459459459463,0.26349206349206344,0.1952380952380952,10.0,0.0,3636.0,3885.0,0.0,not_computed,not_computed,0.0,0.0,0.0,0.0,0.0,0.0,0.0,,,,,,,,,
9.30601045287195,3168.6323801307544,2048214.6113363286,0.8301349601314385,inf,-1000000.0,orbit_fail_halo_down,62.0,inf,inf,inf,inf,0.0,0.0,0.0,incomplete_orbit_coverage,1.0,inf,inf,0.0,0.0,0.0,0.0,0.0,nonsingular_isothermal,1.0,0.01,2.0,0.3,1.0,0.0,severe_coverage_warn,0.0,multiple,multiple,1;2;3;4;5;6;7,Lfrac minimum coverage 0.636 is below 0.8 | Lfrac coverage gap 0.364 exceeds 0.1 | third_integral minimum coverage 0.755 is below 0.8 | third_integral coverage gap 0.245 exceeds 0.1 | 18 planned shell-band/Lfrac/third-integral cells have no successful orbit,0.9114543114543114,1.0,0.9114543114543114,0.893970893970894,0.635978835978836,0.7547619047619047,0.05405405405405406,0.364021164021164,0.24523809523809526,18.0,0.0,3541.0,3885.0,0.0,not_computed,not_computed,0.0,0.0,0.0,0.0,0.0,0.0,0.0,,,,,,,,,
18.6120209057439,3168.6323801307544,2048214.6113363286,1.6,inf,-1000000.0,orbit_fail_ml_up,62.0,inf,inf,inf,inf,0.0,0.0,0.0,incomplete_orbit_coverage,1.0,inf,inf,0.0,0.0,0.0,0.0,0.0,nonsingular_isothermal,1.0,0.01,2.0,0.3,1.0,0.0,severe_coverage_warn,0.0,multiple,multiple,1;2;3;4;5;6,Lfrac minimum coverage 0.703 is below 0.8 | Lfrac coverage gap 0.297 exceeds 0.1 | third_integral minimum coverage 0.79 is below 0.8 | third_integral coverage gap 0.21 exceeds 0.1 | 15 planned shell-band/Lfrac/third-integral cells have no successful orbit,0.9276705276705277,1.0,0.9276705276705277,0.9022869022869023,0.7026455026455026,0.7904761904761904,0.09771309771309766,0.29735449735449737,0.20952380952380956,15.0,0.0,3604.0,3885.0,0.0,not_computed,not_computed,0.0,0.0,0.0,0.0,0.0,0.0,0.0,,,,,,,,,
18.6120209057439,3168.6323801307544,2048214.6113363286,0.41506748006571925,inf,-1000000.0,orbit_fail_ml_down,62.0,inf,inf,inf,inf,0.0,0.0,0.0,incomplete_orbit_coverage,1.0,inf,inf,0.0,0.0,0.0,0.0,0.0,nonsingular_isothermal,1.0,0.01,2.0,0.3,1.0,0.0,severe_coverage_warn,0.0,multiple,multiple,1;2;3;4;5;6,Lfrac minimum coverage 0.701 is below 0.8 | Lfrac coverage gap 0.299 exceeds 0.1 | third_integral minimum coverage 0.786 is below 0.8 | third_integral coverage gap 0.214 exceeds 0.1 | 14 planned shell-band/Lfrac/third-integral cells have no successful orbit,0.9271557271557271,1.0,0.9271557271557271,0.9002079002079002,0.7005291005291006,0.7857142857142857,0.0997920997920998,0.29947089947089944,0.2142857142857143,14.0,0.0,3602.0,3885.0,0.0,not_computed,not_computed,0.0,0.0,0.0,0.0,0.0,0.0,0.0,,,,,,,,,
11.142740858174223,2039.0500645580012,457497.0843434342,1.5056847043008381,inf,-1000000.0,orbit_fail_full,63.0,inf,inf,inf,inf,0.0,0.0,0.0,incomplete_orbit_coverage,1.0,inf,inf,0.0,0.0,0.0,0.0,0.0,nonsingular_isothermal,1.0,0.01,2.0,0.3,1.0,0.0,severe_coverage_warn,0.0,multiple,multiple,1;2;3;4;5;6,shell_band coverage gap 0.102 exceeds 0.1 | Lfrac minimum coverage 0.725 is below 0.8 | Lfrac coverage gap 0.275 exceeds 0.1 | third_integral coverage gap 0.193 exceeds 0.1 | 15 planned shell-band/Lfrac/third-integral cells have no successful orbit,0.9330759330759331,1.0,0.9330759330759331,0.8976833976833977,0.7248677248677249,0.8071428571428572,0.10231660231660233,0.2751322751322751,0.19285714285714284,15.0,0.0,3625.0,3885.0,0.0,not_computed,not_computed,0.0,0.0,0.0,0.0,0.0,0.0,0.0,,,,,,,,,
11.142740858174223,2039.0500645580012,0.0,1.5056847043008381,478.2519914663223,-478.2519914663223,pass_halo_only,63.0,478.2519914663223,0.2669142442703105,0.20276870225322313,0.2867582487512485,1.0,1.0,28.0,none,0.0,227.15524522656014,251.09674623976213,32.0,32.0,2391.0,14.000271550629238,0.1960335325245611,nonsingular_isothermal,1.0,0.01,2.0,0.3,1.0,0.0,strict_pass,1.0,none,none,,,1.0,1.0,1.0,1.0,1.0,1.0,0.0,0.0,0.0,0.0,0.0,3885.0,3885.0,1.0,inverse_phase_volume,geometric_mean,3885.0,3885.0,3885.0,0.0,420.0,0.0,0.0,1.4195867367314734e+33,1.5505006497814975e+49,1.0922197352670728e+16,4.383451948831142e-10,4787692.727108292,2.0886887630401205e-07,2281307087.8229938,1.0922197352670746e+16,0.0
11.142740858174223,2039.0500645580012,914994.1686868684,1.5056847043008381,inf,-1000000.0,orbit_fail_bh_up,63.0,inf,inf,inf,inf,0.0,0.0,0.0,incomplete_orbit_coverage,1.0,inf,inf,0.0,0.0,0.0,0.0,0.0,nonsingular_isothermal,1.0,0.01,2.0,0.3,1.0,0.0,severe_coverage_warn,0.0,multiple,multiple,1;2;3;4;5;6,shell_band coverage gap 0.102 exceeds 0.1 | Lfrac minimum coverage 0.711 is below 0.8 | Lfrac coverage gap 0.289 exceeds 0.1 | third_integral coverage gap 0.2 exceeds 0.1 | 14 planned shell-band/Lfrac/third-integral cells have no successful orbit,0.9297297297297298,1.0,0.9297297297297298,0.8976833976833977,0.7111111111111111,0.8,0.10231660231660233,0.28888888888888886,0.19999999999999996,14.0,0.0,3612.0,3885.0,0.0,not_computed,not_computed,0.0,0.0,0.0,0.0,0.0,0.0,0.0,,,,,,,,,
11.142740858174223,2039.0500645580012,228748.5421717171,1.5056847043008381,inf,-1000000.0,orbit_fail_bh_down,63.0,inf,inf,inf,inf,0.0,0.0,0.0,incomplete_orbit_coverage,1.0,inf,inf,0.0,0.0,0.0,0.0,0.0,nonsingular_isothermal,1.0,0.01,2.0,0.3,1.0,0.0,severe_coverage_warn,0.0,multiple,multiple,1;2;3;4;5,Lfrac minimum coverage 0.761 is below 0.8 | Lfrac coverage gap 0.239 exceeds 0.1 | third_integral coverage gap 0.181 exceeds 0.1 | 10 planned shell-band/Lfrac/third-integral cells have no successful orbit,0.9418275418275418,1.0,0.9418275418275418,0.9131274131274131,0.7608465608465609,0.819047619047619,0.08687258687258692,0.23915343915343912,0.18095238095238098,10.0,0.0,3659.0,3885.0,0.0,not_computed,not_computed,0.0,0.0,0.0,0.0,0.0,0.0,0.0,,,,,,,,,
22.285481716348446,2039.0500645580012,457497.0843434342,1.5056847043008381,inf,-1000000.0,orbit_fail_halo_up,63.0,inf,inf,inf,inf,0.0,0.0,0.0,incomplete_orbit_coverage,1.0,inf,inf,0.0,0.0,0.0,0.0,0.0,nonsingular_isothermal,1.0,0.01,2.0,0.3,1.0,0.0,severe_coverage_warn,0.0,multiple,multiple,1;2;3;4;5,Lfrac minimum coverage 0.777 is below 0.8 | Lfrac coverage gap 0.223 exceeds 0.1 | third_integral coverage gap 0.171 exceeds 0.1 | 8 planned shell-band/Lfrac/third-integral cells have no successful orbit,0.9456885456885457,1.0,0.9456885456885457,0.915057915057915,0.7767195767195767,0.8285714285714286,0.084942084942085,0.2232804232804233,0.17142857142857137,8.0,0.0,3674.0,3885.0,0.0,not_computed,not_computed,0.0,0.0,0.0,0.0,0.0,0.0,0.0,,,,,,,,,
5.5713704290871116,2039.0500645580012,457497.0843434342,1.5056847043008381,inf,-1000000.0,orbit_fail_halo_down,63.0,inf,inf,inf,inf,0.0,0.0,0.0,incomplete_orbit_coverage,1.0,inf,inf,0.0,0.0,0.0,0.0,0.0,nonsingular_isothermal,1.0,0.01,2.0,0.3,1.0,0.0,severe_coverage_warn,0.0,multiple,multiple,1;2;3;4;5;6,Lfrac minimum coverage 0.693 is below 0.8 | Lfrac coverage gap 0.307 exceeds 0.1 | third_integral minimum coverage 0.788 is below 0.8 | third_integral coverage gap 0.212 exceeds 0.1 | 12 planned shell-band/Lfrac/third-integral cells have no successful orbit,0.9253539253539254,1.0,0.9253539253539254,0.9022869022869023,0.6931216931216931,0.7880952380952381,0.09771309771309766,0.30687830687830686,0.21190476190476193,12.0,0.0,3595.0,3885.0,0.0,not_computed,not_computed,0.0,0.0,0.0,0.0,0.0,0.0,0.0,,,,,,,,,
11.142740858174223,2039.0500645580012,457497.0843434342,1.6,inf,-1000000.0,orbit_fail_ml_up,63.0,inf,inf,inf,inf,0.0,0.0,0.0,incomplete_orbit_coverage,1.0,inf,inf,0.0,0.0,0.0,0.0,0.0,nonsingular_isothermal,1.0,0.01,2.0,0.3,1.0,0.0,severe_coverage_warn,0.0,multiple,multiple,1;2;3;4;5;6,shell_band coverage gap 0.1 exceeds 0.1 | Lfrac minimum coverage 0.742 is below 0.8 | Lfrac coverage gap 0.258 exceeds 0.1 | third_integral coverage gap 0.188 exceeds 0.1 | 14 planned shell-band/Lfrac/third-integral cells have no successful orbit,0.9371943371943372,1.0,0.9371943371943372,0.8996138996138996,0.7417989417989418,0.8119047619047619,0.10038610038610041,0.2582010582010582,0.1880952380952381,14.0,0.0,3641.0,3885.0,0.0,not_computed,not_computed,0.0,0.0,0.0,0.0,0.0,0.0,0.0,,,,,,,,,
11.142740858174223,2039.0500645580012,457497.0843434342,0.7528423521504191,inf,-1000000.0,orbit_fail_ml_down,63.0,inf,inf,inf,inf,0.0,0.0,0.0,incomplete_orbit_coverage,1.0,inf,inf,0.0,0.0,0.0,0.0,0.0,nonsingular_isothermal,1.0,0.01,2.0,0.3,1.0,0.0,severe_coverage_warn,0.0,multiple,multiple,1;2;3;4;5;6,Lfrac minimum coverage 0.737 is below 0.8 | Lfrac coverage gap 0.263 exceeds 0.1 | third_integral coverage gap 0.193 exceeds 0.1 | 12 planned shell-band/Lfrac/third-integral cells have no successful orbit,0.9359073359073359,1.0,0.9359073359073359,0.9034749034749034,0.7365079365079366,0.8071428571428572,0.09652509652509655,0.26349206349206344,0.19285714285714284,12.0,0.0,3636.0,3885.0,0.0,not_computed,not_computed,0.0,0.0,0.0,0.0,0.0,0.0,0.0,,,,,,,,,
10.556766988774832,6401.876694323773,150138.5401243613,1.3176679395855213,inf,-1000000.0,orbit_fail_full,64.0,inf,inf,inf,inf,0.0,0.0,0.0,incomplete_orbit_coverage,1.0,inf,inf,0.0,0.0,0.0,0.0,0.0,nonsingular_isothermal,1.0,0.01,2.0,0.3,1.0,0.0,severe_coverage_warn,0.0,multiple,multiple,1;2;3;4;5;6,Lfrac minimum coverage 0.722 is below 0.8 | Lfrac coverage gap 0.278 exceeds 0.1 | third_integral minimum coverage 0.79 is below 0.8 | third_integral coverage gap 0.21 exceeds 0.1 | 13 planned shell-band/Lfrac/third-integral cells have no successful orbit,0.9323037323037323,1.0,0.9323037323037323,0.9015444015444015,0.7216931216931217,0.7904761904761904,0.09845559845559848,0.2783068783068783,0.20952380952380956,13.0,0.0,3622.0,3885.0,0.0,not_computed,not_computed,0.0,0.0,0.0,0.0,0.0,0.0,0.0,,,,,,,,,
10.556766988774832,6401.876694323773,0.0,1.3176679395855213,883.9866376629458,-883.9866376629458,pass_halo_only,64.0,883.9866376629458,0.016830552035457913,0.19587716218776854,0.2770121393250468,1.0,1.0,20.0,none,0.0,419.296751269932,464.6898863930136,32.0,32.0,688.0,23.465016720081803,0.08313437361310046,nonsingular_isothermal,1.0,0.01,2.0,0.3,1.0,0.0,strict_pass,1.0,none,none,,,1.0,1.0,1.0,1.0,1.0,1.0,0.0,0.0,0.0,0.0,0.0,3885.0,3885.0,1.0,inverse_phase_volume,geometric_mean,3885.0,3885.0,3885.0,0.0,420.0,0.0,0.0,1.8438586293316047e+32,8.897517464303738e+46,482548787784726.8,5.061100585446898e-10,244222.79523639558,4.094621876029424e-06,1975854822.7148094,482548787784723.6,0.0
10.556766988774832,6401.876694323773,300277.0802487226,1.3176679395855213,inf,-1000000.0,orbit_fail_bh_up,64.0,inf,inf,inf,inf,0.0,0.0,0.0,incomplete_orbit_coverage,1.0,inf,inf,0.0,0.0,0.0,0.0,0.0,nonsingular_isothermal,1.0,0.01,2.0,0.3,1.0,0.0,severe_coverage_warn,0.0,multiple,multiple,1;2;3;4;5;6;7,Lfrac minimum coverage 0.699 is below 0.8 | Lfrac coverage gap 0.301 exceeds 0.1 | third_integral minimum coverage 0.776 is below 0.8 | third_integral coverage gap 0.224 exceeds 0.1 | 14 planned shell-band/Lfrac/third-integral cells have no successful orbit,0.9268983268983269,1.0,0.9268983268983269,0.8996138996138996,0.6994708994708995,0.7761904761904762,0.09622809622809625,0.30052910052910053,0.2238095238095238,14.0,0.0,3601.0,3885.0,0.0,not_computed,not_computed,0.0,0.0,0.0,0.0,0.0,0.0,0.0,,,,,,,,,
10.556766988774832,6401.876694323773,75069.27006218064,1.3176679395855213,inf,-1000000.0,orbit_fail_bh_down,64.0,inf,inf,inf,inf,0.0,0.0,0.0,incomplete_orbit_coverage,1.0,inf,inf,0.0,0.0,0.0,0.0,0.0,nonsingular_isothermal,1.0,0.01,2.0,0.3,1.0,0.0,severe_coverage_warn,0.0,multiple,multiple,1;2;3;4;5;6,Lfrac minimum coverage 0.747 is below 0.8 | Lfrac coverage gap 0.253 exceeds 0.1 | third_integral coverage gap 0.193 exceeds 0.1 | 11 planned shell-band/Lfrac/third-integral cells have no successful orbit,0.9384813384813385,1.0,0.9384813384813385,0.916988416988417,0.7470899470899471,0.8071428571428572,0.08301158301158296,0.25291005291005286,0.19285714285714284,11.0,0.0,3646.0,3885.0,0.0,not_computed,not_computed,0.0,0.0,0.0,0.0,0.0,0.0,0.0,,,,,,,,,
21.113533977549665,6401.876694323773,150138.5401243613,1.3176679395855213,inf,-1000000.0,orbit_fail_halo_up,64.0,inf,inf,inf,inf,0.0,0.0,0.0,incomplete_orbit_coverage,1.0,inf,inf,0.0,0.0,0.0,0.0,0.0,nonsingular_isothermal,1.0,0.01,2.0,0.3,1.0,0.0,severe_coverage_warn,0.0,multiple,multiple,1;2;3;4;5;6,Lfrac minimum coverage 0.748 is below 0.8 | Lfrac coverage gap 0.252 exceeds 0.1 | third_integral coverage gap 0.19 exceeds 0.1 | 12 planned shell-band/Lfrac/third-integral cells have no successful orbit,0.9387387387387387,1.0,0.9387387387387387,0.9111969111969112,0.7481481481481481,0.8095238095238095,0.08880308880308885,0.2518518518518519,0.19047619047619047,12.0,0.0,3647.0,3885.0,0.0,not_computed,not_computed,0.0,0.0,0.0,0.0,0.0,0.0,0.0,,,,,,,,,
5.278383494387416,6401.876694323773,150138.5401243613,1.3176679395855213,inf,-1000000.0,orbit_fail_halo_down,64.0,inf,inf,inf,inf,0.0,0.0,0.0,incomplete_orbit_coverage,1.0,inf,inf,0.0,0.0,0.0,0.0,0.0,nonsingular_isothermal,1.0,0.01,2.0,0.3,1.0,0.0,severe_coverage_warn,0.0,multiple,multiple,1;2;3;4;5;6;7,Lfrac minimum coverage 0.67 is below 0.8 | Lfrac coverage gap 0.33 exceeds 0.1 | third_integral minimum coverage 0.76 is below 0.8 | third_integral coverage gap 0.24 exceeds 0.1 | 14 planned shell-band/Lfrac/third-integral cells have no successful orbit,0.9196911196911197,1.0,0.9196911196911197,0.8996138996138996,0.6698412698412698,0.7595238095238095,0.058806058806058825,0.3301587301587302,0.2404761904761905,14.0,0.0,3573.0,3885.0,0.0,not_computed,not_computed,0.0,0.0,0.0,0.0,0.0,0.0,0.0,,,,,,,,,
10.556766988774832,6401.876694323773,150138.5401243613,1.6,inf,-1000000.0,orbit_fail_ml_up,64.0,inf,inf,inf,inf,0.0,0.0,0.0,incomplete_orbit_coverage,1.0,inf,inf,0.0,0.0,0.0,0.0,0.0,nonsingular_isothermal,1.0,0.01,2.0,0.3,1.0,0.0,severe_coverage_warn,0.0,multiple,multiple,1;2;3;4;5;6,Lfrac minimum coverage 0.725 is below 0.8 | Lfrac coverage gap 0.275 exceeds 0.1 | third_integral minimum coverage 0.79 is below 0.8 | third_integral coverage gap 0.21 exceeds 0.1 | 12 planned shell-band/Lfrac/third-integral cells have no successful orbit,0.9330759330759331,1.0,0.9330759330759331,0.9034749034749034,0.7248677248677249,0.7904761904761904,0.09652509652509655,0.2751322751322751,0.20952380952380956,12.0,0.0,3625.0,3885.0,0.0,not_computed,not_computed,0.0,0.0,0.0,0.0,0.0,0.0,0.0,,,,,,,,,
10.556766988774832,6401.876694323773,150138.5401243613,0.6588339697927607,inf,-1000000.0,orbit_fail_ml_down,64.0,inf,inf,inf,inf,0.0,0.0,0.0,incomplete_orbit_coverage,1.0,inf,inf,0.0,0.0,0.0,0.0,0.0,nonsingular_isothermal,1.0,0.01,2.0,0.3,1.0,0.0,severe_coverage_warn,0.0,multiple,multiple,1;3;4;5;6,Lfrac minimum coverage 0.735 is below 0.8 | Lfrac coverage gap 0.265 exceeds 0.1 | third_integral minimum coverage 0.795 is below 0.8 | third_integral coverage gap 0.205 exceeds 0.1 | 10 planned shell-band/Lfrac/third-integral cells have no successful orbit,0.9356499356499357,1.0,0.9356499356499357,0.9111969111969112,0.7354497354497355,0.7952380952380952,0.08880308880308885,0.26455026455026454,0.2047619047619048,10.0,0.0,3635.0,3885.0,0.0,not_computed,not_computed,0.0,0.0,0.0,0.0,0.0,0.0,0.0,,,,,,,,,
10.600606947890016,900.8956206428978,1828809.2348862833,1.1183566647801941,inf,-1000000.0,orbit_fail_full,65.0,inf,inf,inf,inf,0.0,0.0,0.0,incomplete_orbit_coverage,1.0,inf,inf,0.0,0.0,0.0,0.0,0.0,nonsingular_isothermal,1.0,0.01,2.0,0.3,1.0,0.0,severe_coverage_warn,0.0,multiple,multiple,1;2;3;4;5;6,shell_band coverage gap 0.102 exceeds 0.1 | Lfrac minimum coverage 0.713 is below 0.8 | Lfrac coverage gap 0.287 exceeds 0.1 | third_integral coverage gap 0.19 exceeds 0.1 | 11 planned shell-band/Lfrac/third-integral cells have no successful orbit,0.9302445302445302,1.0,0.9302445302445302,0.8981288981288982,0.7132275132275132,0.8095238095238095,0.10187110187110182,0.2867724867724868,0.19047619047619047,11.0,0.0,3614.0,3885.0,0.0,not_computed,not_computed,0.0,0.0,0.0,0.0,0.0,0.0,0.0,,,,,,,,,
10.600606947890016,900.8956206428978,0.0,1.1183566647801941,229.6791327637155,-229.6791327637155,pass_halo_only,65.0,229.6791327637155,0.06278150261280757,0.22890236335691608,0.3237168267185466,1.0,1.0,186.0,none,0.0,115.24122352546071,114.43790923825487,32.0,32.0,80.0,15.03107051356357,0.13954443805444874,nonsingular_isothermal,1.0,0.01,2.0,0.3,1.0,0.0,strict_pass,1.0,none,none,,,1.0,1.0,1.0,1.0,1.0,1.0,0.0,0.0,0.0,0.0,0.0,3885.0,3885.0,1.0,inverse_phase_volume,geometric_mean,3885.0,3885.0,3885.0,0.0,420.0,0.0,0.0,1.5311119684765118e+33,2.1177715877106324e+50,1.3831591884281717e+17,4.985379604078728e-11,6895573.60718398,1.4502056782602902e-07,20058653089.964546,1.3831591884281891e+17,0.0
10.600606947890016,900.8956206428978,2500000.0,1.1183566647801941,inf,-1000000.0,orbit_fail_bh_up,65.0,inf,inf,inf,inf,0.0,0.0,0.0,incomplete_orbit_coverage,1.0,inf,inf,0.0,0.0,0.0,0.0,0.0,nonsingular_isothermal,1.0,0.01,2.0,0.3,1.0,0.0,severe_coverage_warn,0.0,multiple,multiple,1;2;3;4;5,shell_band coverage gap 0.108 exceeds 0.1 | Lfrac minimum coverage 0.711 is below 0.8 | Lfrac coverage gap 0.289 exceeds 0.1 | third_integral coverage gap 0.188 exceeds 0.1 | 12 planned shell-band/Lfrac/third-integral cells have no successful orbit,0.9297297297297298,1.0,0.9297297297297298,0.8918918918918919,0.7111111111111111,0.8119047619047619,0.10810810810810811,0.28888888888888886,0.1880952380952381,12.0,0.0,3612.0,3885.0,0.0,not_computed,not_computed,0.0,0.0,0.0,0.0,0.0,0.0,0.0,,,,,,,,,
10.600606947890016,900.8956206428978,914404.6174431416,1.1183566647801941,inf,-1000000.0,orbit_fail_bh_down,65.0,inf,inf,inf,inf,0.0,0.0,0.0,incomplete_orbit_coverage,1.0,inf,inf,0.0,0.0,0.0,0.0,0.0,nonsingular_isothermal,1.0,0.01,2.0,0.3,1.0,0.0,severe_coverage_warn,0.0,multiple,multiple,1;2;3;4;5,shell_band coverage gap 0.102 exceeds 0.1 | Lfrac minimum coverage 0.735 is below 0.8 | Lfrac coverage gap 0.265 exceeds 0.1 | third_integral coverage gap 0.179 exceeds 0.1 | 11 planned shell-band/Lfrac/third-integral cells have no successful orbit,0.9356499356499357,1.0,0.9356499356499357,0.8976833976833977,0.7354497354497355,0.8214285714285714,0.10231660231660233,0.26455026455026454,0.1785714285714286,11.0,0.0,3635.0,3885.0,0.0,not_computed,not_computed,0.0,0.0,0.0,0.0,0.0,0.0,0.0,,,,,,,,,
21.201213895780032,900.8956206428978,1828809.2348862833,1.1183566647801941,inf,-1000000.0,orbit_fail_halo_up,65.0,inf,inf,inf,inf,0.0,0.0,0.0,incomplete_orbit_coverage,1.0,inf,inf,0.0,0.0,0.0,0.0,0.0,nonsingular_isothermal,1.0,0.01,2.0,0.3,1.0,0.0,severe_coverage_warn,0.0,multiple,multiple,1;2;3;4;5,Lfrac minimum coverage 0.768 is below 0.8 | Lfrac coverage gap 0.232 exceeds 0.1 | third_integral coverage gap 0.174 exceeds 0.1 | 11 planned shell-band/Lfrac/third-integral cells have no successful orbit,0.9436293436293436,1.0,0.9436293436293436,0.9054054054054054,0.7682539682539683,0.8261904761904761,0.09459459459459463,0.2317460317460317,0.17380952380952386,11.0,0.0,3666.0,3885.0,0.0,not_computed,not_computed,0.0,0.0,0.0,0.0,0.0,0.0,0.0,,,,,,,,,
5.300303473945008,900.8956206428978,1828809.2348862833,1.1183566647801941,inf,-1000000.0,orbit_fail_halo_down,65.0,inf,inf,inf,inf,0.0,0.0,0.0,incomplete_orbit_coverage,1.0,inf,inf,0.0,0.0,0.0,0.0,0.0,nonsingular_isothermal,1.0,0.01,2.0,0.3,1.0,0.0,severe_coverage_warn,0.0,multiple,multiple,1;2;3;4;5;6,shell_band coverage gap 0.104 exceeds 0.1 | Lfrac minimum coverage 0.661 is below 0.8 | Lfrac coverage gap 0.339 exceeds 0.1 | third_integral coverage gap 0.2 exceeds 0.1 | 16 planned shell-band/Lfrac/third-integral cells have no successful orbit,0.9176319176319176,1.0,0.9176319176319176,0.8957528957528957,0.6613756613756614,0.8,0.10424710424710426,0.3386243386243386,0.19999999999999996,16.0,0.0,3565.0,3885.0,0.0,not_computed,not_computed,0.0,0.0,0.0,0.0,0.0,0.0,0.0,,,,,,,,,
10.600606947890016,900.8956206428978,1828809.2348862833,1.6,inf,-1000000.0,orbit_fail_ml_up,65.0,inf,inf,inf,inf,0.0,0.0,0.0,incomplete_orbit_coverage,1.0,inf,inf,0.0,0.0,0.0,0.0,0.0,nonsingular_isothermal,1.0,0.01,2.0,0.3,1.0,0.0,severe_coverage_warn,0.0,multiple,multiple,1;2;3;4;5;6,shell_band coverage gap 0.102 exceeds 0.1 | Lfrac minimum coverage 0.713 is below 0.8 | Lfrac coverage gap 0.287 exceeds 0.1 | third_integral coverage gap 0.19 exceeds 0.1 | 11 planned shell-band/Lfrac/third-integral cells have no successful orbit,0.9302445302445302,1.0,0.9302445302445302,0.8981288981288982,0.7132275132275132,0.8095238095238095,0.10187110187110182,0.2867724867724868,0.19047619047619047,11.0,0.0,3614.0,3885.0,0.0,not_computed,not_computed,0.0,0.0,0.0,0.0,0.0,0.0,0.0,,,,,,,,,
10.600606947890016,900.8956206428978,1828809.2348862833,0.5591783323900971,inf,-1000000.0,orbit_fail_ml_down,65.0,inf,inf,inf,inf,0.0,0.0,0.0,incomplete_orbit_coverage,1.0,inf,inf,0.0,0.0,0.0,0.0,0.0,nonsingular_isothermal,1.0,0.01,2.0,0.3,1.0,0.0,severe_coverage_warn,0.0,multiple,multiple,1;2;3;4;5;6,shell_band coverage gap 0.104 exceeds 0.1 | Lfrac minimum coverage 0.704 is below 0.8 | Lfrac coverage gap 0.296 exceeds 0.1 | third_integral coverage gap 0.19 exceeds 0.1 | 13 planned shell-band/Lfrac/third-integral cells have no successful orbit,0.9279279279279279,1.0,0.9279279279279279,0.896049896049896,0.7037037037037037,0.8095238095238095,0.10395010395010396,0.2962962962962963,0.19047619047619047,13.0,0.0,3605.0,3885.0,0.0,not_computed,not_computed,0.0,0.0,0.0,0.0,0.0,0.0,0.0,,,,,,,,,
11.636144626569479,1143.1992420762629,1094871.2571473673,0.6474582194731947,inf,-1000000.0,orbit_fail_full,66.0,inf,inf,inf,inf,0.0,0.0,0.0,incomplete_orbit_coverage,1.0,inf,inf,0.0,0.0,0.0,0.0,0.0,nonsingular_isothermal,1.0,0.01,2.0,0.3,1.0,0.0,severe_coverage_warn,0.0,multiple,multiple,1;2;3;4;5,shell_band coverage gap 0.104 exceeds 0.1 | Lfrac minimum coverage 0.729 is below 0.8 | Lfrac coverage gap 0.271 exceeds 0.1 | third_integral coverage gap 0.183 exceeds 0.1 | 12 planned shell-band/Lfrac/third-integral cells have no successful orbit,0.9341055341055341,1.0,0.9341055341055341,0.8957528957528957,0.7291005291005291,0.8166666666666667,0.10424710424710426,0.27089947089947086,0.18333333333333335,12.0,0.0,3629.0,3885.0,0.0,not_computed,not_computed,0.0,0.0,0.0,0.0,0.0,0.0,0.0,,,,,,,,,
11.636144626569479,1143.1992420762629,0.0,0.6474582194731947,277.84319147626064,-277.84319147626064,pass_halo_only,66.0,277.84319147626064,0.18841656164374854,0.23621489537369142,0.3340583086719559,1.0,1.0,69.0,none,0.0,126.97627794976631,150.86691352649436,32.0,32.0,2376.0,13.750589150437175,0.16340689580188303,nonsingular_isothermal,1.0,0.01,2.0,0.3,1.0,0.0,strict_pass,1.0,none,none,,,1.0,1.0,1.0,1.0,1.0,1.0,0.0,0.0,0.0,0.0,0.0,3885.0,3885.0,1.0,inverse_phase_volume,geometric_mean,3885.0,3885.0,3885.0,0.0,420.0,0.0,0.0,1.0114710124589951e+34,1.60013307796938e+50,1.581986095755017e+16,9.130032588455069e-10,14443584.60872603,6.923489058220728e-08,1095286342.4217134,1.5819860957550088e+16,0.0
11.636144626569479,1143.1992420762629,2189742.5142947347,0.6474582194731947,inf,-1000000.0,orbit_fail_bh_up,66.0,inf,inf,inf,inf,0.0,0.0,0.0,incomplete_orbit_coverage,1.0,inf,inf,0.0,0.0,0.0,0.0,0.0,nonsingular_isothermal,1.0,0.01,2.0,0.3,1.0,0.0,severe_coverage_warn,0.0,multiple,multiple,1;2;3;4;5;6,shell_band coverage gap 0.102 exceeds 0.1 | Lfrac minimum coverage 0.708 is below 0.8 | Lfrac coverage gap 0.292 exceeds 0.1 | third_integral coverage gap 0.195 exceeds 0.1 | 13 planned shell-band/Lfrac/third-integral cells have no successful orbit,0.9289575289575289,1.0,0.9289575289575289,0.8981288981288982,0.707936507936508,0.8047619047619048,0.10187110187110182,0.292063492063492,0.1952380952380952,13.0,0.0,3609.0,3885.0,0.0,not_computed,not_computed,0.0,0.0,0.0,0.0,0.0,0.0,0.0,,,,,,,,,
11.636144626569479,1143.1992420762629,547435.6285736837,0.6474582194731947,inf,-1000000.0,orbit_fail_bh_down,66.0,inf,inf,inf,inf,0.0,0.0,0.0,incomplete_orbit_coverage,1.0,inf,inf,0.0,0.0,0.0,0.0,0.0,nonsingular_isothermal,1.0,0.01,2.0,0.3,1.0,0.0,severe_coverage_warn,0.0,multiple,multiple,1;2;3;4;5,Lfrac minimum coverage 0.754 is below 0.8 | Lfrac coverage gap 0.246 exceeds 0.1 | third_integral coverage gap 0.176 exceeds 0.1 | 10 planned shell-band/Lfrac/third-integral cells have no successful orbit,0.9402831402831403,1.0,0.9402831402831403,0.9054054054054054,0.7544973544973544,0.8238095238095238,0.09459459459459463,0.24550264550264556,0.17619047619047623,10.0,0.0,3653.0,3885.0,0.0,not_computed,not_computed,0.0,0.0,0.0,0.0,0.0,0.0,0.0,,,,,,,,,
23.272289253138958,1143.1992420762629,1094871.2571473673,0.6474582194731947,inf,-1000000.0,orbit_fail_halo_up,66.0,inf,inf,inf,inf,0.0,0.0,0.0,incomplete_orbit_coverage,1.0,inf,inf,0.0,0.0,0.0,0.0,0.0,nonsingular_isothermal,1.0,0.01,2.0,0.3,1.0,0.0,severe_coverage_warn,0.0,multiple,multiple,1;2;3;4;5,Lfrac minimum coverage 0.779 is below 0.8 | Lfrac coverage gap 0.221 exceeds 0.1 | third_integral coverage gap 0.171 exceeds 0.1 | 8 planned shell-band/Lfrac/third-integral cells have no successful orbit,0.9462033462033462,1.0,0.9462033462033462,0.9054054054054054,0.7788359788359789,0.8285714285714286,0.09459459459459463,0.22116402116402112,0.17142857142857137,8.0,0.0,3676.0,3885.0,0.0,not_computed,not_computed,0.0,0.0,0.0,0.0,0.0,0.0,0.0,,,,,,,,,
5.818072313284739,1143.1992420762629,1094871.2571473673,0.6474582194731947,inf,-1000000.0,orbit_fail_halo_down,66.0,inf,inf,inf,inf,0.0,0.0,0.0,incomplete_orbit_coverage,1.0,inf,inf,0.0,0.0,0.0,0.0,0.0,nonsingular_isothermal,1.0,0.01,2.0,0.3,1.0,0.0,severe_coverage_warn,0.0,multiple,multiple,1;2;3;4;5;6,shell_band coverage gap 0.108 exceeds 0.1 | Lfrac minimum coverage 0.674 is below 0.8 | Lfrac coverage gap 0.326 exceeds 0.1 | third_integral minimum coverage 0.795 is below 0.8 | third_integral coverage gap 0.205 exceeds 0.1 | 16 planned shell-band/Lfrac/third-integral cells have no successful orbit,0.9207207207207208,1.0,0.9207207207207208,0.8918918918918919,0.674074074074074,0.7952380952380952,0.10810810810810811,0.32592592592592595,0.2047619047619048,16.0,0.0,3577.0,3885.0,0.0,not_computed,not_computed,0.0,0.0,0.0,0.0,0.0,0.0,0.0,,,,,,,,,
11.636144626569479,1143.1992420762629,1094871.2571473673,1.2949164389463894,inf,-1000000.0,orbit_fail_ml_up,66.0,inf,inf,inf,inf,0.0,0.0,0.0,incomplete_orbit_coverage,1.0,inf,inf,0.0,0.0,0.0,0.0,0.0,nonsingular_isothermal,1.0,0.01,2.0,0.3,1.0,0.0,severe_coverage_warn,0.0,multiple,multiple,1;2;3;4;5,shell_band coverage gap 0.104 exceeds 0.1 | Lfrac minimum coverage 0.728 is below 0.8 | Lfrac coverage gap 0.272 exceeds 0.1 | third_integral coverage gap 0.186 exceeds 0.1 | 11 planned shell-band/Lfrac/third-integral cells have no successful orbit,0.9338481338481338,1.0,0.9338481338481338,0.8957528957528957,0.728042328042328,0.8142857142857143,0.10424710424710426,0.27195767195767195,0.18571428571428572,11.0,0.0,3628.0,3885.0,0.0,not_computed,not_computed,0.0,0.0,0.0,0.0,0.0,0.0,0.0,,,,,,,,,
11.636144626569479,1143.1992420762629,1094871.2571473673,0.32372910973659735,inf,-1000000.0,orbit_fail_ml_down,66.0,inf,inf,inf,inf,0.0,0.0,0.0,incomplete_orbit_coverage,1.0,inf,inf,0.0,0.0,0.0,0.0,0.0,nonsingular_isothermal,1.0,0.01,2.0,0.3,1.0,0.0,severe_coverage_warn,0.0,multiple,multiple,1;2;3;4;5,shell_band coverage gap 0.102 exceeds 0.1 | Lfrac minimum coverage 0.739 is below 0.8 | Lfrac coverage gap 0.261 exceeds 0.1 | third_integral coverage gap 0.186 exceeds 0.1 | 11 planned shell-band/Lfrac/third-integral cells have no successful orbit,0.9364221364221365,1.0,0.9364221364221365,0.8976833976833977,0.7386243386243386,0.8142857142857143,0.10231660231660233,0.2613756613756614,0.18571428571428572,11.0,0.0,3638.0,3885.0,0.0,not_computed,not_computed,0.0,0.0,0.0,0.0,0.0,0.0,0.0,,,,,,,,,
23.81601725517583,7194.21215879883,867659.5090877349,1.4768332233972672,inf,-1000000.0,orbit_fail_full,67.0,inf,inf,inf,inf,0.0,0.0,0.0,incomplete_orbit_coverage,1.0,inf,inf,0.0,0.0,0.0,0.0,0.0,nonsingular_isothermal,1.0,0.01,2.0,0.3,1.0,0.0,severe_coverage_warn,0.0,multiple,multiple,1;2;3;4;5;6,Lfrac minimum coverage 0.714 is below 0.8 | Lfrac coverage gap 0.286 exceeds 0.1 | third_integral minimum coverage 0.781 is below 0.8 | third_integral coverage gap 0.219 exceeds 0.1 | 10 planned shell-band/Lfrac/third-integral cells have no successful orbit,0.9305019305019305,1.0,0.9305019305019305,0.9073359073359073,0.7142857142857143,0.780952380952381,0.09058509058509068,0.2857142857142857,0.21904761904761905,10.0,0.0,3615.0,3885.0,0.0,not_computed,not_computed,0.0,0.0,0.0,0.0,0.0,0.0,0.0,,,,,,,,,
23.81601725517583,7194.21215879883,0.0,1.4768332233972672,873.0332300348601,-873.0332300348601,pass_halo_only,67.0,873.0332300348601,0.08410285297384235,0.2158794238744971,0.305299609080549,1.0,1.0,26.0,none,0.0,454.02073325524407,419.01249677961584,32.0,32.0,1148.0,23.775100979555635,0.08851193082477736,nonsingular_isothermal,1.0,0.01,2.0,0.3,1.0,0.0,strict_pass,1.0,none,none,,,1.0,1.0,1.0,1.0,1.0,1.0,0.0,0.0,0.0,0.0,0.0,3885.0,3885.0,1.0,inverse_phase_volume,geometric_mean,3885.0,3885.0,3885.0,0.0,420.0,0.0,0.0,2.027726374466405e+29,2.3050560810220696e+48,1.136768801771217e+19,1.9713484079836462e-13,2240967.367617171,4.462358597676966e-07,5072670036154.744,1.1367688017712196e+19,0.0
23.81601725517583,7194.21215879883,1735319.0181754697,1.4768332233972672,inf,-1000000.0,orbit_fail_bh_up,67.0,inf,inf,inf,inf,0.0,0.0,0.0,incomplete_orbit_coverage,1.0,inf,inf,0.0,0.0,0.0,0.0,0.0,nonsingular_isothermal,1.0,0.01,2.0,0.3,1.0,0.0,severe_coverage_warn,0.0,multiple,multiple,1;2;3;4;5;6;7,Lfrac minimum coverage 0.676 is below 0.8 | Lfrac coverage gap 0.324 exceeds 0.1 | third_integral minimum coverage 0.764 is below 0.8 | third_integral coverage gap 0.236 exceeds 0.1 | 14 planned shell-band/Lfrac/third-integral cells have no successful orbit,0.9212355212355212,1.0,0.9212355212355212,0.8957528957528957,0.6761904761904762,0.7642857142857142,0.07722007722007729,0.32380952380952377,0.23571428571428577,14.0,0.0,3579.0,3885.0,0.0,not_computed,not_computed,0.0,0.0,0.0,0.0,0.0,0.0,0.0,,,,,,,,,
23.81601725517583,7194.21215879883,433829.7545438674,1.4768332233972672,inf,-1000000.0,orbit_fail_bh_down,67.0,inf,inf,inf,inf,0.0,0.0,0.0,incomplete_orbit_coverage,1.0,inf,inf,0.0,0.0,0.0,0.0,0.0,nonsingular_isothermal,1.0,0.01,2.0,0.3,1.0,0.0,severe_coverage_warn,0.0,multiple,multiple,1;2;3;4;5;6,Lfrac minimum coverage 0.728 is below 0.8 | Lfrac coverage gap 0.272 exceeds 0.1 | third_integral minimum coverage 0.798 is below 0.8 | third_integral coverage gap 0.202 exceeds 0.1 | 11 planned shell-band/Lfrac/third-integral cells have no successful orbit,0.9338481338481338,1.0,0.9338481338481338,0.9073359073359073,0.728042328042328,0.7976190476190477,0.0926640926640927,0.27195767195767195,0.20238095238095233,11.0,0.0,3628.0,3885.0,0.0,not_computed,not_computed,0.0,0.0,0.0,0.0,0.0,0.0,0.0,,,,,,,,,
30.0,7194.21215879883,867659.5090877349,1.4768332233972672,inf,-1000000.0,orbit_fail_halo_up,67.0,inf,inf,inf,inf,0.0,0.0,0.0,incomplete_orbit_coverage,1.0,inf,inf,0.0,0.0,0.0,0.0,0.0,nonsingular_isothermal,1.0,0.01,2.0,0.3,1.0,0.0,severe_coverage_warn,0.0,multiple,multiple,1;2;3;4;5;6,Lfrac minimum coverage 0.715 is below 0.8 | Lfrac coverage gap 0.285 exceeds 0.1 | third_integral minimum coverage 0.793 is below 0.8 | third_integral coverage gap 0.207 exceeds 0.1 | 14 planned shell-band/Lfrac/third-integral cells have no successful orbit,0.9307593307593307,1.0,0.9307593307593307,0.9054054054054054,0.7153439153439154,0.7928571428571428,0.09459459459459463,0.2846560846560846,0.20714285714285718,14.0,0.0,3616.0,3885.0,0.0,not_computed,not_computed,0.0,0.0,0.0,0.0,0.0,0.0,0.0,,,,,,,,,
11.908008627587915,7194.21215879883,867659.5090877349,1.4768332233972672,inf,-1000000.0,orbit_fail_halo_down,67.0,inf,inf,inf,inf,0.0,0.0,0.0,incomplete_orbit_coverage,1.0,inf,inf,0.0,0.0,0.0,0.0,0.0,nonsingular_isothermal,1.0,0.01,2.0,0.3,1.0,0.0,severe_coverage_warn,0.0,multiple,multiple,1;2;3;4;5;6;7;8,Lfrac minimum coverage 0.648 is below 0.8 | Lfrac coverage gap 0.352 exceeds 0.1 | third_integral minimum coverage 0.75 is below 0.8 | third_integral coverage gap 0.25 exceeds 0.1 | 16 planned shell-band/Lfrac/third-integral cells have no successful orbit,0.9142857142857143,1.0,0.9142857142857143,0.8976833976833977,0.6476190476190476,0.75,0.03994653994653996,0.35238095238095235,0.25,16.0,0.0,3552.0,3885.0,0.0,not_computed,not_computed,0.0,0.0,0.0,0.0,0.0,0.0,0.0,,,,,,,,,
23.81601725517583,7194.21215879883,867659.5090877349,1.6,inf,-1000000.0,orbit_fail_ml_up,67.0,inf,inf,inf,inf,0.0,0.0,0.0,incomplete_orbit_coverage,1.0,inf,inf,0.0,0.0,0.0,0.0,0.0,nonsingular_isothermal,1.0,0.01,2.0,0.3,1.0,0.0,severe_coverage_warn,0.0,multiple,multiple,1;2;3;4;5;6,shell_band coverage gap 0.106 exceeds 0.1 | Lfrac minimum coverage 0.708 is below 0.8 | Lfrac coverage gap 0.292 exceeds 0.1 | third_integral minimum coverage 0.783 is below 0.8 | third_integral coverage gap 0.217 exceeds 0.1 | 13 planned shell-band/Lfrac/third-integral cells have no successful orbit,0.9289575289575289,1.0,0.9289575289575289,0.8938223938223938,0.707936507936508,0.7833333333333333,0.10617760617760619,0.292063492063492,0.21666666666666667,13.0,0.0,3609.0,3885.0,0.0,not_computed,not_computed,0.0,0.0,0.0,0.0,0.0,0.0,0.0,,,,,,,,,
23.81601725517583,7194.21215879883,867659.5090877349,0.7384166116986336,inf,-1000000.0,orbit_fail_ml_down,67.0,inf,inf,inf,inf,0.0,0.0,0.0,incomplete_orbit_coverage,1.0,inf,inf,0.0,0.0,0.0,0.0,0.0,nonsingular_isothermal,1.0,0.01,2.0,0.3,1.0,0.0,severe_coverage_warn,0.0,multiple,multiple,1;2;3;4;5;6,shell_band coverage gap 0.1 exceeds 0.1 | Lfrac minimum coverage 0.71 is below 0.8 | Lfrac coverage gap 0.29 exceeds 0.1 | third_integral minimum coverage 0.786 is below 0.8 | third_integral coverage gap 0.214 exceeds 0.1 | 12 planned shell-band/Lfrac/third-integral cells have no successful orbit,0.9294723294723295,1.0,0.9294723294723295,0.8996138996138996,0.71005291005291,0.7857142857142857,0.10038610038610041,0.28994708994708995,0.2142857142857143,12.0,0.0,3611.0,3885.0,0.0,not_computed,not_computed,0.0,0.0,0.0,0.0,0.0,0.0,0.0,,,,,,,,,
9.01781129630041,1854.4244182790017,18506.174092345063,0.365805414675514,inf,-1000000.0,orbit_fail_full,68.0,inf,inf,inf,inf,0.0,0.0,0.0,incomplete_orbit_coverage,1.0,inf,inf,0.0,0.0,0.0,0.0,0.0,nonsingular_isothermal,1.0,0.01,2.0,0.3,1.0,0.0,severe_coverage_warn,0.0,multiple,multiple,2;3;4,Lfrac coverage gap 0.161 exceeds 0.1 | third_integral coverage gap 0.136 exceeds 0.1 | 5 planned shell-band/Lfrac/third-integral cells have no successful orbit,0.9608751608751609,1.0,0.9608751608751609,0.9168399168399168,0.8391534391534392,0.8642857142857143,0.08316008316008316,0.1608465608465608,0.13571428571428568,5.0,0.0,3733.0,3885.0,0.0,not_computed,not_computed,0.0,0.0,0.0,0.0,0.0,0.0,0.0,,,,,,,,,
9.01781129630041,1854.4244182790017,0.0,0.365805414675514,604.5825754148418,-604.5825754148418,pass_halo_only,68.0,604.5825754148418,0.0755944096051735,0.21318479543830474,0.3014888290005302,1.0,1.0,30.0,none,0.0,230.57961215979057,374.0029632550512,32.0,32.0,2575.0,17.538151937274726,0.17640825186969347,nonsingular_isothermal,1.0,0.01,2.0,0.3,1.0,0.0,strict_pass,1.0,none,none,,,1.0,1.0,1.0,1.0,1.0,1.0,0.0,0.0,0.0,0.0,0.0,3885.0,3885.0,1.0,inverse_phase_volume,geometric_mean,3885.0,3885.0,3885.0,0.0,420.0,0.0,0.0,4.249038623845993e+33,9.746625559018926e+48,2293842542244726.5,5.610567973561031e-09,12869759.503909955,7.770152967475348e-08,178235074.36543885,2293842542244704.5,0.0
9.01781129630041,1854.4244182790017,37012.34818469013,0.365805414675514,inf,-1000000.0,orbit_fail_bh_up,68.0,inf,inf,inf,inf,0.0,0.0,0.0,incomplete_orbit_coverage,1.0,inf,inf,0.0,0.0,0.0,0.0,0.0,nonsingular_isothermal,1.0,0.01,2.0,0.3,1.0,0.0,severe_coverage_warn,0.0,multiple,multiple,1;2;3;4,Lfrac minimum coverage 0.799 is below 0.8 | Lfrac coverage gap 0.201 exceeds 0.1 | third_integral coverage gap 0.16 exceeds 0.1 | 7 planned shell-band/Lfrac/third-integral cells have no successful orbit,0.9510939510939511,1.0,0.9510939510939511,0.915057915057915,0.798941798941799,0.8404761904761905,0.084942084942085,0.20105820105820105,0.1595238095238095,7.0,0.0,3695.0,3885.0,0.0,not_computed,not_computed,0.0,0.0,0.0,0.0,0.0,0.0,0.0,,,,,,,,,
9.01781129630041,1854.4244182790017,9253.087046172532,0.365805414675514,inf,-1000000.0,orbit_fail_bh_down,68.0,inf,inf,inf,inf,0.0,0.0,0.0,incomplete_orbit_coverage,1.0,inf,inf,0.0,0.0,0.0,0.0,0.0,nonsingular_isothermal,1.0,0.01,2.0,0.3,1.0,0.0,severe_coverage_warn,0.0,inner,multiple,2;3,Lfrac coverage gap 0.117 exceeds 0.1 | 2 planned shell-band/Lfrac/third-integral cells have no successful orbit,0.9714285714285714,1.0,0.9714285714285714,0.9272349272349273,0.8825396825396825,0.9047619047619048,0.07276507276507271,0.11746031746031749,0.09523809523809523,2.0,0.0,3774.0,3885.0,0.0,not_computed,not_computed,0.0,0.0,0.0,0.0,0.0,0.0,0.0,,,,,,,,,
18.03562259260082,1854.4244182790017,18506.174092345063,0.365805414675514,inf,-1000000.0,orbit_fail_halo_up,68.0,inf,inf,inf,inf,0.0,0.0,0.0,incomplete_orbit_coverage,1.0,inf,inf,0.0,0.0,0.0,0.0,0.0,nonsingular_isothermal,1.0,0.01,2.0,0.3,1.0,0.0,severe_coverage_warn,0.0,inner,multiple,1;2,Lfrac coverage gap 0.122 exceeds 0.1 | 3 planned shell-band/Lfrac/third-integral cells have no successful orbit,0.9703989703989704,1.0,0.9703989703989704,0.915057915057915,0.8783068783068783,0.9095238095238095,0.084942084942085,0.12169312169312174,0.09047619047619049,3.0,0.0,3770.0,3885.0,0.0,not_computed,not_computed,0.0,0.0,0.0,0.0,0.0,0.0,0.0,,,,,,,,,
4.508905648150205,1854.4244182790017,18506.174092345063,0.365805414675514,inf,-1000000.0,orbit_fail_halo_down,68.0,inf,inf,inf,inf,0.0,0.0,0.0,incomplete_orbit_coverage,1.0,inf,inf,0.0,0.0,0.0,0.0,0.0,nonsingular_isothermal,1.0,0.01,2.0,0.3,1.0,0.0,severe_coverage_warn,0.0,multiple,multiple,1;2;3;4;5,Lfrac minimum coverage 0.786 is below 0.8 | Lfrac coverage gap 0.214 exceeds 0.1 | third_integral coverage gap 0.169 exceeds 0.1 | 9 planned shell-band/Lfrac/third-integral cells have no successful orbit,0.948005148005148,1.0,0.948005148005148,0.915057915057915,0.7862433862433862,0.830952380952381,0.084942084942085,0.2137566137566138,0.169047619047619,9.0,0.0,3683.0,3885.0,0.0,not_computed,not_computed,0.0,0.0,0.0,0.0,0.0,0.0,0.0,,,,,,,,,
9.01781129630041,1854.4244182790017,18506.174092345063,0.731610829351028,inf,-1000000.0,orbit_fail_ml_up,68.0,inf,inf,inf,inf,0.0,0.0,0.0,incomplete_orbit_coverage,1.0,inf,inf,0.0,0.0,0.0,0.0,0.0,nonsingular_isothermal,1.0,0.01,2.0,0.3,1.0,0.0,severe_coverage_warn,0.0,inner,multiple,3,Lfrac coverage gap 0.135 exceeds 0.1 | third_integral coverage gap 0.114 exceeds 0.1 | 1 planned shell-band/Lfrac/third-integral cells have no successful orbit,0.9670527670527671,1.0,0.9670527670527671,0.9272349272349273,0.8645502645502645,0.8857142857142857,0.07276507276507271,0.1354497354497355,0.11428571428571432,1.0,0.0,3757.0,3885.0,0.0,not_computed,not_computed,0.0,0.0,0.0,0.0,0.0,0.0,0.0,,,,,,,,,
9.01781129630041,1854.4244182790017,18506.174092345063,0.2,inf,-1000000.0,orbit_fail_ml_down,68.0,inf,inf,inf,inf,0.0,0.0,0.0,incomplete_orbit_coverage,1.0,inf,inf,0.0,0.0,0.0,0.0,0.0,nonsingular_isothermal,1.0,0.01,2.0,0.3,1.0,0.0,severe_coverage_warn,0.0,multiple,multiple,1;2;3;4,Lfrac coverage gap 0.177 exceeds 0.1 | third_integral coverage gap 0.133 exceeds 0.1 | 6 planned shell-band/Lfrac/third-integral cells have no successful orbit,0.957014157014157,1.0,0.957014157014157,0.9147609147609148,0.8232804232804233,0.8666666666666667,0.08523908523908519,0.17671957671957672,0.1333333333333333,6.0,0.0,3718.0,3885.0,0.0,not_computed,not_computed,0.0,0.0,0.0,0.0,0.0,0.0,0.0,,,,,,,,,
11.047925360703326,922.5849026340074,393445.7766635208,0.36775136483915283,inf,-1000000.0,orbit_fail_full,69.0,inf,inf,inf,inf,0.0,0.0,0.0,incomplete_orbit_coverage,1.0,inf,inf,0.0,0.0,0.0,0.0,0.0,nonsingular_isothermal,1.0,0.01,2.0,0.3,1.0,0.0,severe_coverage_warn,0.0,multiple,multiple,1;2;3;4;5,Lfrac minimum coverage 0.763 is below 0.8 | Lfrac coverage gap 0.237 exceeds 0.1 | third_integral coverage gap 0.174 exceeds 0.1 | 12 planned shell-band/Lfrac/third-integral cells have no successful orbit,0.9423423423423424,1.0,0.9423423423423424,0.9054054054054054,0.762962962962963,0.8261904761904761,0.09459459459459463,0.23703703703703705,0.17380952380952386,12.0,0.0,3661.0,3885.0,0.0,not_computed,not_computed,0.0,0.0,0.0,0.0,0.0,0.0,0.0,,,,,,,,,
11.047925360703326,922.5849026340074,0.0,0.36775136483915283,213.24368697096256,-213.24368697096256,pass_halo_only,69.0,213.24368697096256,0.14030610737700044,0.20678891048173248,0.2924436817515693,1.0,1.0,30.0,none,0.0,102.5185103594614,110.72517661150117,32.0,32.0,436.0,14.873105224423469,0.16371964273156225,nonsingular_isothermal,1.0,0.01,2.0,0.3,1.0,0.0,strict_pass,1.0,none,none,,,1.0,1.0,1.0,1.0,1.0,1.0,0.0,0.0,0.0,0.0,0.0,3885.0,3885.0,1.0,inverse_phase_volume,geometric_mean,3885.0,3885.0,3885.0,0.0,420.0,0.0,0.0,1.8779532801790971e+31,2.338012801766045e+50,1.2449792156400572e+19,1.8216879498744512e-12,22679636.349756423,4.409241773449952e-08,548941436467.7106,1.2449792156400595e+19,0.0
11.047925360703326,922.5849026340074,786891.5533270416,0.36775136483915283,inf,-1000000.0,orbit_fail_bh_up,69.0,inf,inf,inf,inf,0.0,0.0,0.0,incomplete_orbit_coverage,1.0,inf,inf,0.0,0.0,0.0,0.0,0.0,nonsingular_isothermal,1.0,0.01,2.0,0.3,1.0,0.0,severe_coverage_warn,0.0,multiple,multiple,1;2;3;4;5,shell_band coverage gap 0.1 exceeds 0.1 | Lfrac minimum coverage 0.751 is below 0.8 | Lfrac coverage gap 0.249 exceeds 0.1 | third_integral coverage gap 0.181 exceeds 0.1 | 11 planned shell-band/Lfrac/third-integral cells have no successful orbit,0.9395109395109396,1.0,0.9395109395109396,0.8996138996138996,0.7513227513227513,0.819047619047619,0.10038610038610041,0.24867724867724872,0.18095238095238098,11.0,0.0,3650.0,3885.0,0.0,not_computed,not_computed,0.0,0.0,0.0,0.0,0.0,0.0,0.0,,,,,,,,,
11.047925360703326,922.5849026340074,196722.8883317604,0.36775136483915283,inf,-1000000.0,orbit_fail_bh_down,69.0,inf,inf,inf,inf,0.0,0.0,0.0,incomplete_orbit_coverage,1.0,inf,inf,0.0,0.0,0.0,0.0,0.0,nonsingular_isothermal,1.0,0.01,2.0,0.3,1.0,0.0,severe_coverage_warn,0.0,multiple,multiple,1;2;3;4;5,Lfrac minimum coverage 0.795 is below 0.8 | Lfrac coverage gap 0.205 exceeds 0.1 | third_integral coverage gap 0.162 exceeds 0.1 | 9 planned shell-band/Lfrac/third-integral cells have no successful orbit,0.9500643500643501,1.0,0.9500643500643501,0.9131274131274131,0.7947089947089947,0.8380952380952381,0.08687258687258692,0.2052910052910053,0.16190476190476188,9.0,0.0,3691.0,3885.0,0.0,not_computed,not_computed,0.0,0.0,0.0,0.0,0.0,0.0,0.0,,,,,,,,,
22.095850721406652,922.5849026340074,393445.7766635208,0.36775136483915283,inf,-1000000.0,orbit_fail_halo_up,69.0,inf,inf,inf,inf,0.0,0.0,0.0,incomplete_orbit_coverage,1.0,inf,inf,0.0,0.0,0.0,0.0,0.0,nonsingular_isothermal,1.0,0.01,2.0,0.3,1.0,0.0,severe_coverage_warn,0.0,multiple,multiple,1;2;3;4,Lfrac coverage gap 0.177 exceeds 0.1 | third_integral coverage gap 0.138 exceeds 0.1 | 7 planned shell-band/Lfrac/third-integral cells have no successful orbit,0.957014157014157,1.0,0.957014157014157,0.9111969111969112,0.8232804232804233,0.861904761904762,0.08880308880308885,0.17671957671957672,0.13809523809523805,7.0,0.0,3718.0,3885.0,0.0,not_computed,not_computed,0.0,0.0,0.0,0.0,0.0,0.0,0.0,,,,,,,,,
5.523962680351663,922.5849026340074,393445.7766635208,0.36775136483915283,inf,-1000000.0,orbit_fail_halo_down,69.0,inf,inf,inf,inf,0.0,0.0,0.0,incomplete_orbit_coverage,1.0,inf,inf,0.0,0.0,0.0,0.0,0.0,nonsingular_isothermal,1.0,0.01,2.0,0.3,1.0,0.0,severe_coverage_warn,0.0,multiple,multiple,1;2;3;4;5,shell_band coverage gap 0.104 exceeds 0.1 | Lfrac minimum coverage 0.71 is below 0.8 | Lfrac coverage gap 0.29 exceeds 0.1 | third_integral coverage gap 0.186 exceeds 0.1 | 13 planned shell-band/Lfrac/third-integral cells have no successful orbit,0.9294723294723295,1.0,0.9294723294723295,0.8957528957528957,0.71005291005291,0.8142857142857143,0.10424710424710426,0.28994708994708995,0.18571428571428572,13.0,0.0,3611.0,3885.0,0.0,not_computed,not_computed,0.0,0.0,0.0,0.0,0.0,0.0,0.0,,,,,,,,,
11.047925360703326,922.5849026340074,393445.7766635208,0.7355027296783057,inf,-1000000.0,orbit_fail_ml_up,69.0,inf,inf,inf,inf,0.0,0.0,0.0,incomplete_orbit_coverage,1.0,inf,inf,0.0,0.0,0.0,0.0,0.0,nonsingular_isothermal,1.0,0.01,2.0,0.3,1.0,0.0,severe_coverage_warn,0.0,multiple,multiple,1;2;3;4;5,Lfrac minimum coverage 0.759 is below 0.8 | Lfrac coverage gap 0.241 exceeds 0.1 | third_integral coverage gap 0.174 exceeds 0.1 | 13 planned shell-band/Lfrac/third-integral cells have no successful orbit,0.9413127413127413,1.0,0.9413127413127413,0.9015444015444015,0.7587301587301587,0.8261904761904761,0.09845559845559848,0.2412698412698413,0.17380952380952386,13.0,0.0,3657.0,3885.0,0.0,not_computed,not_computed,0.0,0.0,0.0,0.0,0.0,0.0,0.0,,,,,,,,,
11.047925360703326,922.5849026340074,393445.7766635208,0.2,inf,-1000000.0,orbit_fail_ml_down,69.0,inf,inf,inf,inf,0.0,0.0,0.0,incomplete_orbit_coverage,1.0,inf,inf,0.0,0.0,0.0,0.0,0.0,nonsingular_isothermal,1.0,0.01,2.0,0.3,1.0,0.0,severe_coverage_warn,0.0,multiple,multiple,1;2;3;4;5,Lfrac minimum coverage 0.758 is below 0.8 | Lfrac coverage gap 0.242 exceeds 0.1 | third_integral coverage gap 0.171 exceeds 0.1 | 12 planned shell-band/Lfrac/third-integral cells have no successful orbit,0.941055341055341,1.0,0.941055341055341,0.9015444015444015,0.7576719576719577,0.8285714285714286,0.09845559845559848,0.24232804232804228,0.17142857142857137,12.0,0.0,3656.0,3885.0,0.0,not_computed,not_computed,0.0,0.0,0.0,0.0,0.0,0.0,0.0,,,,,,,,,
6.430101177902671,5395.4322867392775,1565120.8321341209,0.5559587465083724,inf,-1000000.0,orbit_fail_full,70.0,inf,inf,inf,inf,0.0,0.0,0.0,incomplete_orbit_coverage,1.0,inf,inf,0.0,0.0,0.0,0.0,0.0,nonsingular_isothermal,1.0,0.01,2.0,0.3,1.0,0.0,severe_coverage_warn,0.0,multiple,multiple,1;2;3;4;5;6;7;8,Lfrac minimum coverage 0.601 is below 0.8 | Lfrac coverage gap 0.399 exceeds 0.1 | third_integral minimum coverage 0.752 is below 0.8 | third_integral coverage gap 0.248 exceeds 0.1 | 19 planned shell-band/Lfrac/third-integral cells have no successful orbit,0.902960102960103,1.0,0.902960102960103,0.8918918918918919,0.6010582010582011,0.7523809523809524,0.02494802494802495,0.39894179894179893,0.24761904761904763,19.0,0.0,3508.0,3885.0,0.0,not_computed,not_computed,0.0,0.0,0.0,0.0,0.0,0.0,0.0,,,,,,,,,
6.430101177902671,5395.4322867392775,0.0,0.5559587465083724,880.8010437992806,-880.8010437992806,pass_halo_only,70.0,880.8010437992806,0.2864737699987927,0.21710467675430994,0.30703237832051666,1.0,1.0,24.0,none,0.0,420.803301474587,459.9977423246933,32.0,32.0,2902.0,20.435275362886163,0.11612581809995068,nonsingular_isothermal,1.0,0.01,2.0,0.3,1.0,0.0,strict_pass,1.0,none,none,,,1.0,1.0,1.0,1.0,1.0,1.0,0.0,0.0,0.0,0.0,0.0,3885.0,3885.0,1.0,inverse_phase_volume,geometric_mean,3885.0,3885.0,3885.0,0.0,420.0,0.0,0.0,1.2827221729902035e+31,2.617412882958346e+46,2040514257936926.0,1.747832362325311e-10,356647.68558083405,2.803887535037292e-06,5721372492.89516,2040514257936905.8,0.0
6.430101177902671,5395.4322867392775,2500000.0,0.5559587465083724,inf,-1000000.0,orbit_fail_bh_up,70.0,inf,inf,inf,inf,0.0,0.0,0.0,incomplete_orbit_coverage,1.0,inf,inf,0.0,0.0,0.0,0.0,0.0,nonsingular_isothermal,1.0,0.01,2.0,0.3,1.0,0.0,severe_coverage_warn,0.0,multiple,multiple,1;2;3;4;5;6;7;8,Lfrac minimum coverage 0.598 is below 0.8 | Lfrac coverage gap 0.402 exceeds 0.1 | third_integral minimum coverage 0.75 is below 0.8 | third_integral coverage gap 0.25 exceeds 0.1 | 22 planned shell-band/Lfrac/third-integral cells have no successful orbit,0.9021879021879022,1.0,0.9021879021879022,0.888030888030888,0.5978835978835979,0.75,0.024651024651024644,0.4021164021164021,0.25,22.0,0.0,3505.0,3885.0,0.0,not_computed,not_computed,0.0,0.0,0.0,0.0,0.0,0.0,0.0,,,,,,,,,
6.430101177902671,5395.4322867392775,782560.4160670604,0.5559587465083724,inf,-1000000.0,orbit_fail_bh_down,70.0,inf,inf,inf,inf,0.0,0.0,0.0,incomplete_orbit_coverage,1.0,inf,inf,0.0,0.0,0.0,0.0,0.0,nonsingular_isothermal,1.0,0.01,2.0,0.3,1.0,0.0,severe_coverage_warn,0.0,multiple,multiple,1;2;3;4;5;6;7;8,Lfrac minimum coverage 0.625 is below 0.8 | Lfrac coverage gap 0.375 exceeds 0.1 | third_integral minimum coverage 0.75 is below 0.8 | third_integral coverage gap 0.25 exceeds 0.1 | 19 planned shell-band/Lfrac/third-integral cells have no successful orbit,0.9088803088803089,1.0,0.9088803088803089,0.8918918918918919,0.6253968253968254,0.75,0.0353430353430354,0.3746031746031746,0.25,19.0,0.0,3531.0,3885.0,0.0,not_computed,not_computed,0.0,0.0,0.0,0.0,0.0,0.0,0.0,,,,,,,,,
12.860202355805342,5395.4322867392775,1565120.8321341209,0.5559587465083724,inf,-1000000.0,orbit_fail_halo_up,70.0,inf,inf,inf,inf,0.0,0.0,0.0,incomplete_orbit_coverage,1.0,inf,inf,0.0,0.0,0.0,0.0,0.0,nonsingular_isothermal,1.0,0.01,2.0,0.3,1.0,0.0,severe_coverage_warn,0.0,multiple,multiple,1;2;3;4;5;6;7,Lfrac minimum coverage 0.648 is below 0.8 | Lfrac coverage gap 0.352 exceeds 0.1 | third_integral minimum coverage 0.757 is below 0.8 | third_integral coverage gap 0.243 exceeds 0.1 | 12 planned shell-band/Lfrac/third-integral cells have no successful orbit,0.9142857142857143,1.0,0.9142857142857143,0.8996138996138996,0.6476190476190476,0.7571428571428571,0.04425304425304433,0.35238095238095235,0.24285714285714288,12.0,0.0,3552.0,3885.0,0.0,not_computed,not_computed,0.0,0.0,0.0,0.0,0.0,0.0,0.0,,,,,,,,,
3.2150505889513354,5395.4322867392775,1565120.8321341209,0.5559587465083724,inf,-1000000.0,orbit_fail_halo_down,70.0,inf,inf,inf,inf,0.0,0.0,0.0,incomplete_orbit_coverage,1.0,inf,inf,0.0,0.0,0.0,0.0,0.0,nonsingular_isothermal,1.0,0.01,2.0,0.3,1.0,0.0,severe_coverage_warn,0.0,multiple,multiple,1;2;3;4;5;6;7;8,Lfrac minimum coverage 0.587 is below 0.8 | Lfrac coverage gap 0.413 exceeds 0.1 | third_integral minimum coverage 0.762 is below 0.8 | third_integral coverage gap 0.238 exceeds 0.1 | 23 planned shell-band/Lfrac/third-integral cells have no successful orbit,0.8996138996138996,1.0,0.8996138996138996,0.8918918918918919,0.5873015873015873,0.7619047619047619,0.018711018711018768,0.4126984126984127,0.23809523809523814,23.0,0.0,3495.0,3885.0,0.0,not_computed,not_computed,0.0,0.0,0.0,0.0,0.0,0.0,0.0,,,,,,,,,
6.430101177902671,5395.4322867392775,1565120.8321341209,1.1119174930167448,inf,-1000000.0,orbit_fail_ml_up,70.0,inf,inf,inf,inf,0.0,0.0,0.0,incomplete_orbit_coverage,1.0,inf,inf,0.0,0.0,0.0,0.0,0.0,nonsingular_isothermal,1.0,0.01,2.0,0.3,1.0,0.0,severe_coverage_warn,0.0,multiple,multiple,1;2;3;4;5;6;7;8,Lfrac minimum coverage 0.593 is below 0.8 | Lfrac coverage gap 0.407 exceeds 0.1 | third_integral minimum coverage 0.75 is below 0.8 | third_integral coverage gap 0.25 exceeds 0.1 | 22 planned shell-band/Lfrac/third-integral cells have no successful orbit,0.9009009009009009,1.0,0.9009009009009009,0.8918918918918919,0.5925925925925926,0.75,0.022869022869022926,0.40740740740740744,0.25,22.0,0.0,3500.0,3885.0,0.0,not_computed,not_computed,0.0,0.0,0.0,0.0,0.0,0.0,0.0,,,,,,,,,
6.430101177902671,5395.4322867392775,1565120.8321341209,0.2779793732541862,inf,-1000000.0,orbit_fail_ml_down,70.0,inf,inf,inf,inf,0.0,0.0,0.0,incomplete_orbit_coverage,1.0,inf,inf,0.0,0.0,0.0,0.0,0.0,nonsingular_isothermal,1.0,0.01,2.0,0.3,1.0,0.0,severe_coverage_warn,0.0,multiple,multiple,1;2;3;4;5;6;7;8,Lfrac minimum coverage 0.597 is below 0.8 | Lfrac coverage gap 0.403 exceeds 0.1 | third_integral minimum coverage 0.75 is below 0.8 | third_integral coverage gap 0.25 exceeds 0.1 | 21 planned shell-band/Lfrac/third-integral cells have no successful orbit,0.901930501930502,1.0,0.901930501930502,0.8918918918918919,0.5968253968253968,0.75,0.02494802494802495,0.4031746031746032,0.25,21.0,0.0,3504.0,3885.0,0.0,not_computed,not_computed,0.0,0.0,0.0,0.0,0.0,0.0,0.0,,,,,,,,,
5.4835999985927755,8369.132590237039,864414.7279855527,0.6036184554912052,inf,-1000000.0,orbit_fail_full,71.0,inf,inf,inf,inf,0.0,0.0,0.0,incomplete_orbit_coverage,1.0,inf,inf,0.0,0.0,0.0,0.0,0.0,nonsingular_isothermal,1.0,0.01,2.0,0.3,1.0,0.0,severe_coverage_warn,0.0,multiple,multiple,1;2;3;4;5;6;7;8,Lfrac minimum coverage 0.601 is below 0.8 | Lfrac coverage gap 0.399 exceeds 0.1 | third_integral minimum coverage 0.752 is below 0.8 | third_integral coverage gap 0.248 exceeds 0.1 | 18 planned shell-band/Lfrac/third-integral cells have no successful orbit,0.902960102960103,1.0,0.902960102960103,0.888030888030888,0.6010582010582011,0.7523809523809524,0.02673002673002678,0.39894179894179893,0.24761904761904763,18.0,0.0,3508.0,3885.0,0.0,not_computed,not_computed,0.0,0.0,0.0,0.0,0.0,0.0,0.0,,,,,,,,,
5.4835999985927755,8369.132590237039,0.0,0.6036184554912052,882.2859923870368,-882.2859923870368,pass_halo_only,71.0,882.2859923870368,0.17798497341243547,0.2472129680995926,0.3496119322808882,1.0,1.0,6.0,none,0.0,425.6680576486221,456.61793473841453,32.0,32.0,1210.0,22.870698131604517,0.09164342867813832,nonsingular_isothermal,1.0,0.01,2.0,0.3,1.0,0.0,strict_pass,1.0,none,none,,,1.0,1.0,1.0,1.0,1.0,1.0,0.0,0.0,0.0,0.0,0.0,3885.0,3885.0,1.0,inverse_phase_volume,geometric_mean,3885.0,3885.0,3885.0,0.0,420.0,0.0,0.0,1.2565943963913146e+28,1.3839798297485993e+45,1.1013735487943525e+17,3.6526355330260753e-13,40229.16159461251,2.485758987664113e-05,2737749197691.0615,1.1013735487943446e+17,0.0
5.4835999985927755,8369.132590237039,1728829.4559711055,0.6036184554912052,inf,-1000000.0,orbit_fail_bh_up,71.0,inf,inf,inf,inf,0.0,0.0,0.0,incomplete_orbit_coverage,1.0,inf,inf,0.0,0.0,0.0,0.0,0.0,nonsingular_isothermal,1.0,0.01,2.0,0.3,1.0,0.0,severe_coverage_warn,0.0,multiple,multiple,1;2;3;4;5;6;7;8,Lfrac minimum coverage 0.598 is below 0.8 | Lfrac coverage gap 0.402 exceeds 0.1 | third_integral minimum coverage 0.75 is below 0.8 | third_integral coverage gap 0.25 exceeds 0.1 | 21 planned shell-band/Lfrac/third-integral cells have no successful orbit,0.9021879021879022,1.0,0.9021879021879022,0.8803088803088803,0.5978835978835979,0.75,0.038610038610038644,0.4021164021164021,0.25,21.0,0.0,3505.0,3885.0,0.0,not_computed,not_computed,0.0,0.0,0.0,0.0,0.0,0.0,0.0,,,,,,,,,
5.4835999985927755,8369.132590237039,432207.3639927764,0.6036184554912052,inf,-1000000.0,orbit_fail_bh_down,71.0,inf,inf,inf,inf,0.0,0.0,0.0,incomplete_orbit_coverage,1.0,inf,inf,0.0,0.0,0.0,0.0,0.0,nonsingular_isothermal,1.0,0.01,2.0,0.3,1.0,0.0,severe_coverage_warn,0.0,multiple,multiple,1;2;3;4;5;6;7;8,Lfrac minimum coverage 0.613 is below 0.8 | Lfrac coverage gap 0.387 exceeds 0.1 | third_integral minimum coverage 0.75 is below 0.8 | third_integral coverage gap 0.25 exceeds 0.1 | 18 planned shell-band/Lfrac/third-integral cells have no successful orbit,0.9057915057915058,1.0,0.9057915057915058,0.888030888030888,0.6126984126984127,0.75,0.03296703296703296,0.38730158730158726,0.25,18.0,0.0,3519.0,3885.0,0.0,not_computed,not_computed,0.0,0.0,0.0,0.0,0.0,0.0,0.0,,,,,,,,,
10.967199997185551,8369.132590237039,864414.7279855527,0.6036184554912052,inf,-1000000.0,orbit_fail_halo_up,71.0,inf,inf,inf,inf,0.0,0.0,0.0,incomplete_orbit_coverage,1.0,inf,inf,0.0,0.0,0.0,0.0,0.0,nonsingular_isothermal,1.0,0.01,2.0,0.3,1.0,0.0,severe_coverage_warn,0.0,multiple,multiple,1;2;3;4;5;6;7;8,Lfrac minimum coverage 0.628 is below 0.8 | Lfrac coverage gap 0.372 exceeds 0.1 | third_integral minimum coverage 0.75 is below 0.8 | third_integral coverage gap 0.25 exceeds 0.1 | 21 planned shell-band/Lfrac/third-integral cells have no successful orbit,0.9093951093951094,1.0,0.9093951093951094,0.8861003861003861,0.6275132275132275,0.75,0.039055539055539046,0.37248677248677253,0.25,21.0,0.0,3533.0,3885.0,0.0,not_computed,not_computed,0.0,0.0,0.0,0.0,0.0,0.0,0.0,,,,,,,,,
2.7417999992963877,8369.132590237039,864414.7279855527,0.6036184554912052,inf,-1000000.0,orbit_fail_halo_down,71.0,inf,inf,inf,inf,0.0,0.0,0.0,incomplete_orbit_coverage,1.0,inf,inf,0.0,0.0,0.0,0.0,0.0,nonsingular_isothermal,1.0,0.01,2.0,0.3,1.0,0.0,severe_coverage_warn,0.0,multiple,multiple,1;2;3;4;5;6;7;8,Lfrac minimum coverage 0.575 is below 0.8 | Lfrac coverage gap 0.425 exceeds 0.1 | third_integral minimum coverage 0.76 is below 0.8 | third_integral coverage gap 0.24 exceeds 0.1 | 22 planned shell-band/Lfrac/third-integral cells have no successful orbit,0.8965250965250965,1.0,0.8965250965250965,0.8861003861003861,0.5746031746031746,0.7595238095238095,0.018265518265518255,0.42539682539682544,0.2404761904761905,22.0,0.0,3483.0,3885.0,0.0,not_computed,not_computed,0.0,0.0,0.0,0.0,0.0,0.0,0.0,,,,,,,,,
5.4835999985927755,8369.132590237039,864414.7279855527,1.2072369109824104,inf,-1000000.0,orbit_fail_ml_up,71.0,inf,inf,inf,inf,0.0,0.0,0.0,incomplete_orbit_coverage,1.0,inf,inf,0.0,0.0,0.0,0.0,0.0,nonsingular_isothermal,1.0,0.01,2.0,0.3,1.0,0.0,severe_coverage_warn,0.0,multiple,multiple,1;2;3;4;5;6;7;8,Lfrac minimum coverage 0.607 is below 0.8 | Lfrac coverage gap 0.393 exceeds 0.1 | third_integral minimum coverage 0.75 is below 0.8 | third_integral coverage gap 0.25 exceeds 0.1 | 21 planned shell-band/Lfrac/third-integral cells have no successful orbit,0.9045045045045045,1.0,0.9045045045045045,0.88996138996139,0.6074074074074074,0.75,0.02895752895752901,0.3925925925925926,0.25,21.0,0.0,3514.0,3885.0,0.0,not_computed,not_computed,0.0,0.0,0.0,0.0,0.0,0.0,0.0,,,,,,,,,
5.4835999985927755,8369.132590237039,864414.7279855527,0.3018092277456026,inf,-1000000.0,orbit_fail_ml_down,71.0,inf,inf,inf,inf,0.0,0.0,0.0,incomplete_orbit_coverage,1.0,inf,inf,0.0,0.0,0.0,0.0,0.0,nonsingular_isothermal,1.0,0.01,2.0,0.3,1.0,0.0,severe_coverage_warn,0.0,multiple,multiple,1;2;3;4;5;6;7;8,Lfrac minimum coverage 0.61 is below 0.8 | Lfrac coverage gap 0.39 exceeds 0.1 | third_integral minimum coverage 0.75 is below 0.8 | third_integral coverage gap 0.25 exceeds 0.1 | 21 planned shell-band/Lfrac/third-integral cells have no successful orbit,0.905019305019305,1.0,0.905019305019305,0.88996138996139,0.6095238095238096,0.75,0.03311553311553317,0.3904761904761904,0.25,21.0,0.0,3516.0,3885.0,0.0,not_computed,not_computed,0.0,0.0,0.0,0.0,0.0,0.0,0.0,,,,,,,,,
29.630398118132092,5773.815471867339,2331758.6524998057,0.6156525603706886,inf,-1000000.0,orbit_fail_full,72.0,inf,inf,inf,inf,0.0,0.0,0.0,incomplete_orbit_coverage,1.0,inf,inf,0.0,0.0,0.0,0.0,0.0,nonsingular_isothermal,1.0,0.01,2.0,0.3,1.0,0.0,severe_coverage_warn,0.0,multiple,multiple,1;2;3;4;5;6;7,shell_band coverage gap 0.102 exceeds 0.1 | Lfrac minimum coverage 0.699 is below 0.8 | Lfrac coverage gap 0.301 exceeds 0.1 | third_integral minimum coverage 0.781 is below 0.8 | third_integral coverage gap 0.219 exceeds 0.1 | 17 planned shell-band/Lfrac/third-integral cells have no successful orbit,0.9268983268983269,1.0,0.9268983268983269,0.8976833976833977,0.6994708994708995,0.780952380952381,0.10231660231660233,0.30052910052910053,0.21904761904761905,17.0,0.0,3601.0,3885.0,0.0,not_computed,not_computed,0.0,0.0,0.0,0.0,0.0,0.0,0.0,,,,,,,,,
29.630398118132092,5773.815471867339,0.0,0.6156525603706886,617.7415212087324,-617.7415212087324,pass_halo_only,72.0,617.7415212087324,0.0732940670637845,0.21256090139470918,0.3006065095825937,1.0,1.0,61.0,none,0.0,226.66771913308608,391.0738020756463,32.0,32.0,454.0,16.193077098513424,0.19239645554264703,nonsingular_isothermal,1.0,0.01,2.0,0.3,1.0,0.0,strict_pass,1.0,none,none,,,1.0,1.0,1.0,1.0,1.0,1.0,0.0,0.0,0.0,0.0,0.0,3885.0,3885.0,1.0,inverse_phase_volume,geometric_mean,3885.0,3885.0,3885.0,0.0,420.0,0.0,0.0,6.692801182060478e+31,1.3214954538523217e+49,1.9745027797844726e+17,9.417861906179723e-11,18595594.513378326,5.377617796949513e-08,10618121288.695362,1.9745027797844906e+17,0.0
29.630398118132092,5773.815471867339,2500000.0,0.6156525603706886,inf,-1000000.0,orbit_fail_bh_up,72.0,inf,inf,inf,inf,0.0,0.0,0.0,incomplete_orbit_coverage,1.0,inf,inf,0.0,0.0,0.0,0.0,0.0,nonsingular_isothermal,1.0,0.01,2.0,0.3,1.0,0.0,severe_coverage_warn,0.0,multiple,multiple,1;2;3;4;5;6;7,Lfrac minimum coverage 0.702 is below 0.8 | Lfrac coverage gap 0.298 exceeds 0.1 | third_integral minimum coverage 0.779 is below 0.8 | third_integral coverage gap 0.221 exceeds 0.1 | 15 planned shell-band/Lfrac/third-integral cells have no successful orbit,0.9274131274131274,1.0,0.9274131274131274,0.9015444015444015,0.7015873015873015,0.7785714285714286,0.09429759429759432,0.29841269841269846,0.22142857142857142,15.0,0.0,3603.0,3885.0,0.0,not_computed,not_computed,0.0,0.0,0.0,0.0,0.0,0.0,0.0,,,,,,,,,
29.630398118132092,5773.815471867339,1165879.3262499028,0.6156525603706886,inf,-1000000.0,orbit_fail_bh_down,72.0,inf,inf,inf,inf,0.0,0.0,0.0,incomplete_orbit_coverage,1.0,inf,inf,0.0,0.0,0.0,0.0,0.0,nonsingular_isothermal,1.0,0.01,2.0,0.3,1.0,0.0,severe_coverage_warn,0.0,multiple,multiple,1;2;3;4;5;6,Lfrac minimum coverage 0.726 is below 0.8 | Lfrac coverage gap 0.274 exceeds 0.1 | third_integral minimum coverage 0.795 is below 0.8 | third_integral coverage gap 0.205 exceeds 0.1 | 13 planned shell-band/Lfrac/third-integral cells have no successful orbit,0.9333333333333333,1.0,0.9333333333333333,0.9054054054054054,0.725925925925926,0.7952380952380952,0.09459459459459463,0.274074074074074,0.2047619047619048,13.0,0.0,3626.0,3885.0,0.0,not_computed,not_computed,0.0,0.0,0.0,0.0,0.0,0.0,0.0,,,,,,,,,
30.0,5773.815471867339,2331758.6524998057,0.6156525603706886,inf,-1000000.0,orbit_fail_halo_up,72.0,inf,inf,inf,inf,0.0,0.0,0.0,incomplete_orbit_coverage,1.0,inf,inf,0.0,0.0,0.0,0.0,0.0,nonsingular_isothermal,1.0,0.01,2.0,0.3,1.0,0.0,severe_coverage_warn,0.0,multiple,multiple,1;2;3;4;5;6,shell_band coverage gap 0.102 exceeds 0.1 | Lfrac minimum coverage 0.708 is below 0.8 | Lfrac coverage gap 0.292 exceeds 0.1 | third_integral minimum coverage 0.783 is below 0.8 | third_integral coverage gap 0.217 exceeds 0.1 | 14 planned shell-band/Lfrac/third-integral cells have no successful orbit,0.9289575289575289,1.0,0.9289575289575289,0.8976833976833977,0.707936507936508,0.7833333333333333,0.10231660231660233,0.292063492063492,0.21666666666666667,14.0,0.0,3609.0,3885.0,0.0,not_computed,not_computed,0.0,0.0,0.0,0.0,0.0,0.0,0.0,,,,,,,,,
14.815199059066046,5773.815471867339,2331758.6524998057,0.6156525603706886,inf,-1000000.0,orbit_fail_halo_down,72.0,inf,inf,inf,inf,0.0,0.0,0.0,incomplete_orbit_coverage,1.0,inf,inf,0.0,0.0,0.0,0.0,0.0,nonsingular_isothermal,1.0,0.01,2.0,0.3,1.0,0.0,severe_coverage_warn,0.0,multiple,multiple,1;2;3;4;5;6;7,Lfrac minimum coverage 0.633 is below 0.8 | Lfrac coverage gap 0.367 exceeds 0.1 | third_integral minimum coverage 0.752 is below 0.8 | third_integral coverage gap 0.248 exceeds 0.1 | 16 planned shell-band/Lfrac/third-integral cells have no successful orbit,0.9106821106821107,1.0,0.9106821106821107,0.893970893970894,0.6328042328042328,0.7523809523809524,0.043659043659043606,0.3671957671957672,0.24761904761904763,16.0,0.0,3538.0,3885.0,0.0,not_computed,not_computed,0.0,0.0,0.0,0.0,0.0,0.0,0.0,,,,,,,,,
29.630398118132092,5773.815471867339,2331758.6524998057,1.2313051207413772,inf,-1000000.0,orbit_fail_ml_up,72.0,inf,inf,inf,inf,0.0,0.0,0.0,incomplete_orbit_coverage,1.0,inf,inf,0.0,0.0,0.0,0.0,0.0,nonsingular_isothermal,1.0,0.01,2.0,0.3,1.0,0.0,severe_coverage_warn,0.0,multiple,multiple,1;2;3;4;5;6,shell_band coverage gap 0.102 exceeds 0.1 | Lfrac minimum coverage 0.704 is below 0.8 | Lfrac coverage gap 0.296 exceeds 0.1 | third_integral minimum coverage 0.783 is below 0.8 | third_integral coverage gap 0.217 exceeds 0.1 | 16 planned shell-band/Lfrac/third-integral cells have no successful orbit,0.9279279279279279,1.0,0.9279279279279279,0.8976833976833977,0.7037037037037037,0.7833333333333333,0.10231660231660233,0.2962962962962963,0.21666666666666667,16.0,0.0,3605.0,3885.0,0.0,not_computed,not_computed,0.0,0.0,0.0,0.0,0.0,0.0,0.0,,,,,,,,,
29.630398118132092,5773.815471867339,2331758.6524998057,0.3078262801853443,inf,-1000000.0,orbit_fail_ml_down,72.0,inf,inf,inf,inf,0.0,0.0,0.0,incomplete_orbit_coverage,1.0,inf,inf,0.0,0.0,0.0,0.0,0.0,nonsingular_isothermal,1.0,0.01,2.0,0.3,1.0,0.0,severe_coverage_warn,0.0,multiple,multiple,1;2;3;4;5;6;7,Lfrac minimum coverage 0.702 is below 0.8 | Lfrac coverage gap 0.298 exceeds 0.1 | third_integral minimum coverage 0.776 is below 0.8 | third_integral coverage gap 0.224 exceeds 0.1 | 14 planned shell-band/Lfrac/third-integral cells have no successful orbit,0.9274131274131274,1.0,0.9274131274131274,0.8996138996138996,0.7015873015873015,0.7761904761904762,0.09622809622809625,0.29841269841269846,0.2238095238095238,14.0,0.0,3603.0,3885.0,0.0,not_computed,not_computed,0.0,0.0,0.0,0.0,0.0,0.0,0.0,,,,,,,,,
5.5913581102082475,8219.426933930143,1506012.0706548116,0.5861289779469321,inf,-1000000.0,orbit_fail_full,73.0,inf,inf,inf,inf,0.0,0.0,0.0,incomplete_orbit_coverage,1.0,inf,inf,0.0,0.0,0.0,0.0,0.0,nonsingular_isothermal,1.0,0.01,2.0,0.3,1.0,0.0,severe_coverage_warn,0.0,multiple,multiple,1;2;3;4;5;6;7;8,Lfrac minimum coverage 0.59 is below 0.8 | Lfrac coverage gap 0.41 exceeds 0.1 | third_integral minimum coverage 0.75 is below 0.8 | third_integral coverage gap 0.25 exceeds 0.1 | 22 planned shell-band/Lfrac/third-integral cells have no successful orbit,0.9003861003861003,1.0,0.9003861003861003,0.8841698841698842,0.5904761904761905,0.75,0.03474903474903479,0.4095238095238095,0.25,22.0,0.0,3498.0,3885.0,0.0,not_computed,not_computed,0.0,0.0,0.0,0.0,0.0,0.0,0.0,,,,,,,,,
5.5913581102082475,8219.426933930143,0.0,0.5861289779469321,896.5012448574682,-896.5012448574682,pass_halo_only,73.0,896.5012448574682,0.0014413909059385333,0.2635291496131477,0.37268649746349486,1.0,1.0,4.0,none,0.0,442.577512552245,453.923732305223,32.0,32.0,159.0,13.852925629632718,0.17729283658786785,nonsingular_isothermal,1.0,0.01,2.0,0.3,1.0,0.0,strict_pass,1.0,none,none,,,1.0,1.0,1.0,1.0,1.0,1.0,0.0,0.0,0.0,0.0,0.0,3885.0,3885.0,1.0,inverse_phase_volume,geometric_mean,3885.0,3885.0,3885.0,0.0,420.0,0.0,0.0,5.683768662114036e+28,1.6331472713824105e+45,2.873352820054737e+16,1.6349888688063327e-12,46978.99876942802,2.1286107115819557e-05,611624959092.2761,2.8733528200547504e+16,0.0
5.5913581102082475,8219.426933930143,2500000.0,0.5861289779469321,inf,-1000000.0,orbit_fail_bh_up,73.0,inf,inf,inf,inf,0.0,0.0,0.0,incomplete_orbit_coverage,1.0,inf,inf,0.0,0.0,0.0,0.0,0.0,nonsingular_isothermal,1.0,0.01,2.0,0.3,1.0,0.0,severe_coverage_warn,0.0,multiple,multiple,1;2;3;4;5;6;7;8,Lfrac minimum coverage 0.579 is below 0.8 | Lfrac coverage gap 0.421 exceeds 0.1 | third_integral minimum coverage 0.75 is below 0.8 | third_integral coverage gap 0.25 exceeds 0.1 | 25 planned shell-band/Lfrac/third-integral cells have no successful orbit,0.8975546975546975,1.0,0.8975546975546975,0.8725868725868726,0.5788359788359788,0.75,0.0359370359370359,0.4211640211640212,0.25,25.0,0.0,3487.0,3885.0,0.0,not_computed,not_computed,0.0,0.0,0.0,0.0,0.0,0.0,0.0,,,,,,,,,
5.5913581102082475,8219.426933930143,753006.0353274058,0.5861289779469321,inf,-1000000.0,orbit_fail_bh_down,73.0,inf,inf,inf,inf,0.0,0.0,0.0,incomplete_orbit_coverage,1.0,inf,inf,0.0,0.0,0.0,0.0,0.0,nonsingular_isothermal,1.0,0.01,2.0,0.3,1.0,0.0,severe_coverage_warn,0.0,multiple,multiple,1;2;3;4;5;6;7;8,Lfrac minimum coverage 0.614 is below 0.8 | Lfrac coverage gap 0.386 exceeds 0.1 | third_integral minimum coverage 0.755 is below 0.8 | third_integral coverage gap 0.245 exceeds 0.1 | 17 planned shell-band/Lfrac/third-integral cells have no successful orbit,0.9060489060489061,1.0,0.9060489060489061,0.8861003861003861,0.6137566137566137,0.7547619047619047,0.032818532818532864,0.3862433862433863,0.24523809523809526,17.0,0.0,3520.0,3885.0,0.0,not_computed,not_computed,0.0,0.0,0.0,0.0,0.0,0.0,0.0,,,,,,,,,
11.182716220416495,8219.426933930143,1506012.0706548116,0.5861289779469321,inf,-1000000.0,orbit_fail_halo_up,73.0,inf,inf,inf,inf,0.0,0.0,0.0,incomplete_orbit_coverage,1.0,inf,inf,0.0,0.0,0.0,0.0,0.0,nonsingular_isothermal,1.0,0.01,2.0,0.3,1.0,0.0,severe_coverage_warn,0.0,multiple,multiple,1;2;3;4;5;6;7;8,Lfrac minimum coverage 0.62 is below 0.8 | Lfrac coverage gap 0.38 exceeds 0.1 | third_integral minimum coverage 0.75 is below 0.8 | third_integral coverage gap 0.25 exceeds 0.1 | 17 planned shell-band/Lfrac/third-integral cells have no successful orbit,0.9075933075933076,1.0,0.9075933075933076,0.888030888030888,0.6201058201058202,0.75,0.035046035046035096,0.37989417989417984,0.25,17.0,0.0,3526.0,3885.0,0.0,not_computed,not_computed,0.0,0.0,0.0,0.0,0.0,0.0,0.0,,,,,,,,,
2.7956790551041237,8219.426933930143,1506012.0706548116,0.5861289779469321,inf,-1000000.0,orbit_fail_halo_down,73.0,inf,inf,inf,inf,0.0,0.0,0.0,incomplete_orbit_coverage,1.0,inf,inf,0.0,0.0,0.0,0.0,0.0,nonsingular_isothermal,1.0,0.01,2.0,0.3,1.0,0.0,severe_coverage_warn,0.0,multiple,multiple,1;2;3;4;5;6;7;8,Lfrac minimum coverage 0.574 is below 0.8 | Lfrac coverage gap 0.426 exceeds 0.1 | third_integral minimum coverage 0.755 is below 0.8 | third_integral coverage gap 0.245 exceeds 0.1 | 23 planned shell-band/Lfrac/third-integral cells have no successful orbit,0.8962676962676963,1.0,0.8962676962676963,0.8783783783783784,0.5735449735449736,0.7547619047619047,0.03014553014553012,0.4264550264550264,0.24523809523809526,23.0,0.0,3482.0,3885.0,0.0,not_computed,not_computed,0.0,0.0,0.0,0.0,0.0,0.0,0.0,,,,,,,,,
5.5913581102082475,8219.426933930143,1506012.0706548116,1.1722579558938642,inf,-1000000.0,orbit_fail_ml_up,73.0,inf,inf,inf,inf,0.0,0.0,0.0,incomplete_orbit_coverage,1.0,inf,inf,0.0,0.0,0.0,0.0,0.0,nonsingular_isothermal,1.0,0.01,2.0,0.3,1.0,0.0,severe_coverage_warn,0.0,multiple,multiple,1;2;3;4;5;6;7;8,Lfrac minimum coverage 0.588 is below 0.8 | Lfrac coverage gap 0.412 exceeds 0.1 | third_integral minimum coverage 0.75 is below 0.8 | third_integral coverage gap 0.25 exceeds 0.1 | 23 planned shell-band/Lfrac/third-integral cells have no successful orbit,0.8998712998712999,1.0,0.8998712998712999,0.8822393822393823,0.5883597883597883,0.75,0.030442530442530424,0.4116402116402117,0.25,23.0,0.0,3496.0,3885.0,0.0,not_computed,not_computed,0.0,0.0,0.0,0.0,0.0,0.0,0.0,,,,,,,,,
5.5913581102082475,8219.426933930143,1506012.0706548116,0.29306448897346604,inf,-1000000.0,orbit_fail_ml_down,73.0,inf,inf,inf,inf,0.0,0.0,0.0,incomplete_orbit_coverage,1.0,inf,inf,0.0,0.0,0.0,0.0,0.0,nonsingular_isothermal,1.0,0.01,2.0,0.3,1.0,0.0,severe_coverage_warn,0.0,multiple,multiple,1;2;3;4;5;6;7;8,Lfrac minimum coverage 0.594 is below 0.8 | Lfrac coverage gap 0.406 exceeds 0.1 | third_integral minimum coverage 0.75 is below 0.8 | third_integral coverage gap 0.25 exceeds 0.1 | 22 planned shell-band/Lfrac/third-integral cells have no successful orbit,0.9011583011583012,1.0,0.9011583011583012,0.8822393822393823,0.5936507936507937,0.75,0.03460053460053458,0.40634920634920635,0.25,22.0,0.0,3501.0,3885.0,0.0,not_computed,not_computed,0.0,0.0,0.0,0.0,0.0,0.0,0.0,,,,,,,,,
26.494735294067183,6210.457994163343,276785.2222114325,1.0151025232044848,inf,-1000000.0,orbit_fail_full,74.0,inf,inf,inf,inf,0.0,0.0,0.0,incomplete_orbit_coverage,1.0,inf,inf,0.0,0.0,0.0,0.0,0.0,nonsingular_isothermal,1.0,0.01,2.0,0.3,1.0,0.0,severe_coverage_warn,0.0,multiple,multiple,1;2;3;4;5;6,Lfrac minimum coverage 0.748 is below 0.8 | Lfrac coverage gap 0.252 exceeds 0.1 | third_integral coverage gap 0.188 exceeds 0.1 | 10 planned shell-band/Lfrac/third-integral cells have no successful orbit,0.9387387387387387,1.0,0.9387387387387387,0.9092664092664092,0.7481481481481481,0.8119047619047619,0.09073359073359077,0.2518518518518519,0.1880952380952381,10.0,0.0,3647.0,3885.0,0.0,not_computed,not_computed,0.0,0.0,0.0,0.0,0.0,0.0,0.0,,,,,,,,,
26.494735294067183,6210.457994163343,0.0,1.0151025232044848,658.8947262516108,-658.8947262516108,pass_halo_only,74.0,658.8947262516108,0.18706358260783418,0.2104289982834952,0.2975915432890501,1.0,1.0,33.0,none,0.0,294.93588107975086,363.95884517185993,32.0,32.0,1725.0,14.511138840147375,0.19471968167846404,nonsingular_isothermal,1.0,0.01,2.0,0.3,1.0,0.0,strict_pass,1.0,none,none,,,1.0,1.0,1.0,1.0,1.0,1.0,0.0,0.0,0.0,0.0,0.0,3885.0,3885.0,1.0,inverse_phase_volume,geometric_mean,3885.0,3885.0,3885.0,0.0,420.0,0.0,0.0,4.400717414778958e+33,6.351039778593139e+48,1443182822251754.0,4.72747360740713e-09,6822608.702858521,1.4657150124717286e-07,211529472.83157197,1443182822251757.8,0.0
26.494735294067183,6210.457994163343,553570.444422865,1.0151025232044848,inf,-1000000.0,orbit_fail_bh_up,74.0,inf,inf,inf,inf,0.0,0.0,0.0,incomplete_orbit_coverage,1.0,inf,inf,0.0,0.0,0.0,0.0,0.0,nonsingular_isothermal,1.0,0.01,2.0,0.3,1.0,0.0,severe_coverage_warn,0.0,multiple,multiple,1;2;3;4;5;6,Lfrac minimum coverage 0.733 is below 0.8 | Lfrac coverage gap 0.267 exceeds 0.1 | third_integral coverage gap 0.2 exceeds 0.1 | 14 planned shell-band/Lfrac/third-integral cells have no successful orbit,0.9351351351351351,1.0,0.9351351351351351,0.9054054054054054,0.7333333333333333,0.8,0.09459459459459463,0.2666666666666667,0.19999999999999996,14.0,0.0,3633.0,3885.0,0.0,not_computed,not_computed,0.0,0.0,0.0,0.0,0.0,0.0,0.0,,,,,,,,,
26.494735294067183,6210.457994163343,138392.61110571626,1.0151025232044848,inf,-1000000.0,orbit_fail_bh_down,74.0,inf,inf,inf,inf,0.0,0.0,0.0,incomplete_orbit_coverage,1.0,inf,inf,0.0,0.0,0.0,0.0,0.0,nonsingular_isothermal,1.0,0.01,2.0,0.3,1.0,0.0,severe_coverage_warn,0.0,multiple,multiple,1;2;3;4;5,Lfrac minimum coverage 0.757 is below 0.8 | Lfrac coverage gap 0.243 exceeds 0.1 | third_integral coverage gap 0.181 exceeds 0.1 | 9 planned shell-band/Lfrac/third-integral cells have no successful orbit,0.9407979407979408,1.0,0.9407979407979408,0.9054054054054054,0.7566137566137566,0.819047619047619,0.09459459459459463,0.24338624338624337,0.18095238095238098,9.0,0.0,3655.0,3885.0,0.0,not_computed,not_computed,0.0,0.0,0.0,0.0,0.0,0.0,0.0,,,,,,,,,
30.0,6210.457994163343,276785.2222114325,1.0151025232044848,inf,-1000000.0,orbit_fail_halo_up,74.0,inf,inf,inf,inf,0.0,0.0,0.0,incomplete_orbit_coverage,1.0,inf,inf,0.0,0.0,0.0,0.0,0.0,nonsingular_isothermal,1.0,0.01,2.0,0.3,1.0,0.0,severe_coverage_warn,0.0,multiple,multiple,1;2;3;4;5,Lfrac minimum coverage 0.756 is below 0.8 | Lfrac coverage gap 0.244 exceeds 0.1 | third_integral coverage gap 0.186 exceeds 0.1 | 11 planned shell-band/Lfrac/third-integral cells have no successful orbit,0.9405405405405406,1.0,0.9405405405405406,0.9111969111969112,0.7555555555555555,0.8142857142857143,0.08880308880308885,0.24444444444444446,0.18571428571428572,11.0,0.0,3654.0,3885.0,0.0,not_computed,not_computed,0.0,0.0,0.0,0.0,0.0,0.0,0.0,,,,,,,,,
13.247367647033592,6210.457994163343,276785.2222114325,1.0151025232044848,inf,-1000000.0,orbit_fail_halo_down,74.0,inf,inf,inf,inf,0.0,0.0,0.0,incomplete_orbit_coverage,1.0,inf,inf,0.0,0.0,0.0,0.0,0.0,nonsingular_isothermal,1.0,0.01,2.0,0.3,1.0,0.0,severe_coverage_warn,0.0,multiple,multiple,1;2;3;4;5;6,Lfrac minimum coverage 0.725 is below 0.8 | Lfrac coverage gap 0.275 exceeds 0.1 | third_integral minimum coverage 0.788 is below 0.8 | third_integral coverage gap 0.212 exceeds 0.1 | 12 planned shell-band/Lfrac/third-integral cells have no successful orbit,0.9330759330759331,1.0,0.9330759330759331,0.9034749034749034,0.7248677248677249,0.7880952380952381,0.09652509652509655,0.2751322751322751,0.21190476190476193,12.0,0.0,3625.0,3885.0,0.0,not_computed,not_computed,0.0,0.0,0.0,0.0,0.0,0.0,0.0,,,,,,,,,
26.494735294067183,6210.457994163343,276785.2222114325,1.6,inf,-1000000.0,orbit_fail_ml_up,74.0,inf,inf,inf,inf,0.0,0.0,0.0,incomplete_orbit_coverage,1.0,inf,inf,0.0,0.0,0.0,0.0,0.0,nonsingular_isothermal,1.0,0.01,2.0,0.3,1.0,0.0,severe_coverage_warn,0.0,multiple,multiple,1;2;3;4;5;6,Lfrac minimum coverage 0.758 is below 0.8 | Lfrac coverage gap 0.242 exceeds 0.1 | third_integral coverage gap 0.188 exceeds 0.1 | 9 planned shell-band/Lfrac/third-integral cells have no successful orbit,0.941055341055341,1.0,0.941055341055341,0.9111969111969112,0.7576719576719577,0.8119047619047619,0.08880308880308885,0.24232804232804228,0.1880952380952381,9.0,0.0,3656.0,3885.0,0.0,not_computed,not_computed,0.0,0.0,0.0,0.0,0.0,0.0,0.0,,,,,,,,,
26.494735294067183,6210.457994163343,276785.2222114325,0.5075512616022424,inf,-1000000.0,orbit_fail_ml_down,74.0,inf,inf,inf,inf,0.0,0.0,0.0,incomplete_orbit_coverage,1.0,inf,inf,0.0,0.0,0.0,0.0,0.0,nonsingular_isothermal,1.0,0.01,2.0,0.3,1.0,0.0,severe_coverage_warn,0.0,multiple,multiple,1;2;3;4;5;6,Lfrac minimum coverage 0.748 is below 0.8 | Lfrac coverage gap 0.252 exceeds 0.1 | third_integral coverage gap 0.188 exceeds 0.1 | 11 planned shell-band/Lfrac/third-integral cells have no successful orbit,0.9387387387387387,1.0,0.9387387387387387,0.9092664092664092,0.7481481481481481,0.8119047619047619,0.09073359073359077,0.2518518518518519,0.1880952380952381,11.0,0.0,3647.0,3885.0,0.0,not_computed,not_computed,0.0,0.0,0.0,0.0,0.0,0.0,0.0,,,,,,,,,
22.136815622720775,7295.015161194127,2314731.839751435,1.4539977748368969,inf,-1000000.0,orbit_fail_full,75.0,inf,inf,inf,inf,0.0,0.0,0.0,incomplete_orbit_coverage,1.0,inf,inf,0.0,0.0,0.0,0.0,0.0,nonsingular_isothermal,1.0,0.01,2.0,0.3,1.0,0.0,severe_coverage_warn,0.0,multiple,multiple,1;2;3;4;5;6;7,Lfrac minimum coverage 0.667 is below 0.8 | Lfrac coverage gap 0.333 exceeds 0.1 | third_integral minimum coverage 0.755 is below 0.8 | third_integral coverage gap 0.245 exceeds 0.1 | 13 planned shell-band/Lfrac/third-integral cells have no successful orbit,0.918918918918919,1.0,0.918918918918919,0.8996138996138996,0.6666666666666666,0.7547619047619047,0.048411048411048485,0.33333333333333337,0.24523809523809526,13.0,0.0,3570.0,3885.0,0.0,not_computed,not_computed,0.0,0.0,0.0,0.0,0.0,0.0,0.0,,,,,,,,,
22.136815622720775,7295.015161194127,0.0,1.4539977748368969,887.1692860941235,-887.1692860941235,pass_halo_only,75.0,887.1692860941235,0.0031475650071115524,0.20627914798771296,0.2917227687189379,1.0,1.0,4.0,none,0.0,432.3191878325922,454.8500982615311,32.0,32.0,2368.0,24.772995787821788,0.08833858811463305,nonsingular_isothermal,1.0,0.01,2.0,0.3,1.0,0.0,strict_pass,1.0,none,none,,,1.0,1.0,1.0,1.0,1.0,1.0,0.0,0.0,0.0,0.0,0.0,3885.0,3885.0,1.0,inverse_phase_volume,geometric_mean,3885.0,3885.0,3885.0,0.0,420.0,0.0,0.0,6.255502753059122e+32,1.589007495931773e+48,2540175520112596.0,6.720479197377518e-10,1707119.6740604432,5.857820135254288e-07,1487989130.8795695,2540175520112612.5,0.0
22.136815622720775,7295.015161194127,2500000.0,1.4539977748368969,inf,-1000000.0,orbit_fail_bh_up,75.0,inf,inf,inf,inf,0.0,0.0,0.0,incomplete_orbit_coverage,1.0,inf,inf,0.0,0.0,0.0,0.0,0.0,nonsingular_isothermal,1.0,0.01,2.0,0.3,1.0,0.0,severe_coverage_warn,0.0,multiple,multiple,1;2;3;4;5;6;7;8,Lfrac minimum coverage 0.65 is below 0.8 | Lfrac coverage gap 0.35 exceeds 0.1 | third_integral minimum coverage 0.75 is below 0.8 | third_integral coverage gap 0.25 exceeds 0.1 | 16 planned shell-band/Lfrac/third-integral cells have no successful orbit,0.9148005148005148,1.0,0.9148005148005148,0.8918918918918919,0.6497354497354497,0.75,0.05197505197505203,0.3502645502645503,0.25,16.0,0.0,3554.0,3885.0,0.0,not_computed,not_computed,0.0,0.0,0.0,0.0,0.0,0.0,0.0,,,,,,,,,
22.136815622720775,7295.015161194127,1157365.9198757175,1.4539977748368969,inf,-1000000.0,orbit_fail_bh_down,75.0,inf,inf,inf,inf,0.0,0.0,0.0,incomplete_orbit_coverage,1.0,inf,inf,0.0,0.0,0.0,0.0,0.0,nonsingular_isothermal,1.0,0.01,2.0,0.3,1.0,0.0,severe_coverage_warn,0.0,multiple,multiple,1;2;3;4;5;6;7,Lfrac minimum coverage 0.69 is below 0.8 | Lfrac coverage gap 0.31 exceeds 0.1 | third_integral minimum coverage 0.774 is below 0.8 | third_integral coverage gap 0.226 exceeds 0.1 | 16 planned shell-band/Lfrac/third-integral cells have no successful orbit,0.9245817245817246,1.0,0.9245817245817246,0.8976833976833977,0.68994708994709,0.7738095238095238,0.091921591921592,0.31005291005291,0.22619047619047616,16.0,0.0,3592.0,3885.0,0.0,not_computed,not_computed,0.0,0.0,0.0,0.0,0.0,0.0,0.0,,,,,,,,,
30.0,7295.015161194127,2314731.839751435,1.4539977748368969,inf,-1000000.0,orbit_fail_halo_up,75.0,inf,inf,inf,inf,0.0,0.0,0.0,incomplete_orbit_coverage,1.0,inf,inf,0.0,0.0,0.0,0.0,0.0,nonsingular_isothermal,1.0,0.01,2.0,0.3,1.0,0.0,severe_coverage_warn,0.0,multiple,multiple,1;2;3;4;5;6;7,Lfrac minimum coverage 0.688 is below 0.8 | Lfrac coverage gap 0.312 exceeds 0.1 | third_integral minimum coverage 0.769 is below 0.8 | third_integral coverage gap 0.231 exceeds 0.1 | 16 planned shell-band/Lfrac/third-integral cells have no successful orbit,0.924066924066924,1.0,0.924066924066924,0.8976833976833977,0.6878306878306878,0.7690476190476191,0.08360558360558368,0.3121693121693122,0.2309523809523809,16.0,0.0,3590.0,3885.0,0.0,not_computed,not_computed,0.0,0.0,0.0,0.0,0.0,0.0,0.0,,,,,,,,,
11.068407811360387,7295.015161194127,2314731.839751435,1.4539977748368969,inf,-1000000.0,orbit_fail_halo_down,75.0,inf,inf,inf,inf,0.0,0.0,0.0,incomplete_orbit_coverage,1.0,inf,inf,0.0,0.0,0.0,0.0,0.0,nonsingular_isothermal,1.0,0.01,2.0,0.3,1.0,0.0,severe_coverage_warn,0.0,multiple,multiple,1;2;3;4;5;6;7;8,Lfrac minimum coverage 0.611 is below 0.8 | Lfrac coverage gap 0.389 exceeds 0.1 | third_integral minimum coverage 0.75 is below 0.8 | third_integral coverage gap 0.25 exceeds 0.1 | 23 planned shell-band/Lfrac/third-integral cells have no successful orbit,0.9052767052767052,1.0,0.9052767052767052,0.8822393822393823,0.6105820105820106,0.75,0.0429165429165429,0.38941798941798944,0.25,23.0,0.0,3517.0,3885.0,0.0,not_computed,not_computed,0.0,0.0,0.0,0.0,0.0,0.0,0.0,,,,,,,,,
22.136815622720775,7295.015161194127,2314731.839751435,1.6,inf,-1000000.0,orbit_fail_ml_up,75.0,inf,inf,inf,inf,0.0,0.0,0.0,incomplete_orbit_coverage,1.0,inf,inf,0.0,0.0,0.0,0.0,0.0,nonsingular_isothermal,1.0,0.01,2.0,0.3,1.0,0.0,severe_coverage_warn,0.0,multiple,multiple,1;2;3;4;5;6;7;8,Lfrac minimum coverage 0.655 is below 0.8 | Lfrac coverage gap 0.345 exceeds 0.1 | third_integral minimum coverage 0.75 is below 0.8 | third_integral coverage gap 0.25 exceeds 0.1 | 17 planned shell-band/Lfrac/third-integral cells have no successful orbit,0.916087516087516,1.0,0.916087516087516,0.8957528957528957,0.6550264550264551,0.75,0.05435105435105436,0.34497354497354493,0.25,17.0,0.0,3559.0,3885.0,0.0,not_computed,not_computed,0.0,0.0,0.0,0.0,0.0,0.0,0.0,,,,,,,,,
22.136815622720775,7295.015161194127,2314731.839751435,0.7269988874184484,inf,-1000000.0,orbit_fail_ml_down,75.0,inf,inf,inf,inf,0.0,0.0,0.0,incomplete_orbit_coverage,1.0,inf,inf,0.0,0.0,0.0,0.0,0.0,nonsingular_isothermal,1.0,0.01,2.0,0.3,1.0,0.0,severe_coverage_warn,0.0,multiple,multiple,1;2;3;4;5;6;7,Lfrac minimum coverage 0.659 is below 0.8 | Lfrac coverage gap 0.341 exceeds 0.1 | third_integral minimum coverage 0.755 is below 0.8 | third_integral coverage gap 0.245 exceeds 0.1 | 15 planned shell-band/Lfrac/third-integral cells have no successful orbit,0.9171171171171171,1.0,0.9171171171171171,0.8938223938223938,0.6592592592592592,0.7547619047619047,0.05004455004455011,0.3407407407407408,0.24523809523809526,15.0,0.0,3563.0,3885.0,0.0,not_computed,not_computed,0.0,0.0,0.0,0.0,0.0,0.0,0.0,,,,,,,,,
27.31996450233919,9241.552671300546,1995788.113418416,0.7665316409146772,inf,-1000000.0,orbit_fail_full,76.0,inf,inf,inf,inf,0.0,0.0,0.0,incomplete_orbit_coverage,1.0,inf,inf,0.0,0.0,0.0,0.0,0.0,nonsingular_isothermal,1.0,0.01,2.0,0.3,1.0,0.0,severe_coverage_warn,0.0,multiple,multiple,1;2;3;4;5;6,Lfrac minimum coverage 0.662 is below 0.8 | Lfrac coverage gap 0.338 exceeds 0.1 | third_integral minimum coverage 0.755 is below 0.8 | third_integral coverage gap 0.245 exceeds 0.1 | 16 planned shell-band/Lfrac/third-integral cells have no successful orbit,0.9178893178893179,1.0,0.9178893178893179,0.8918918918918919,0.6624338624338625,0.7547619047619047,0.05613305613305619,0.3375661375661375,0.24523809523809526,16.0,0.0,3566.0,3885.0,0.0,not_computed,not_computed,0.0,0.0,0.0,0.0,0.0,0.0,0.0,,,,,,,,,
27.31996450233919,9241.552671300546,0.0,0.7665316409146772,881.3539183316267,-881.3539183316267,pass_halo_only,76.0,881.3539183316267,0.23851848319543478,0.20309721446625043,0.2872228351783168,1.0,1.0,12.0,none,0.0,435.876772809884,445.4771455217424,32.0,32.0,1484.0,19.44383665550121,0.09975048013873125,nonsingular_isothermal,1.0,0.01,2.0,0.3,1.0,0.0,strict_pass,1.0,none,none,,,1.0,1.0,1.0,1.0,1.0,1.0,0.0,0.0,0.0,0.0,0.0,3885.0,3885.0,1.0,inverse_phase_volume,geometric_mean,3885.0,3885.0,3885.0,0.0,420.0,0.0,0.0,3.138249737188253e+33,1.4510409902604482e+48,462372695539687.4,8.591911773166246e-09,3972665.4063980835,2.517201671173901e-07,116388532.19176915,462372695539691.0,0.0
27.31996450233919,9241.552671300546,2500000.0,0.7665316409146772,inf,-1000000.0,orbit_fail_bh_up,76.0,inf,inf,inf,inf,0.0,0.0,0.0,incomplete_orbit_coverage,1.0,inf,inf,0.0,0.0,0.0,0.0,0.0,nonsingular_isothermal,1.0,0.01,2.0,0.3,1.0,0.0,severe_coverage_warn,0.0,multiple,multiple,1;2;3;4;5;6;7;8,Lfrac minimum coverage 0.654 is below 0.8 | Lfrac coverage gap 0.346 exceeds 0.1 | third_integral minimum coverage 0.752 is below 0.8 | third_integral coverage gap 0.248 exceeds 0.1 | 19 planned shell-band/Lfrac/third-integral cells have no successful orbit,0.9158301158301159,1.0,0.9158301158301159,0.8938223938223938,0.653968253968254,0.7523809523809524,0.04588654588654595,0.346031746031746,0.24761904761904763,19.0,0.0,3558.0,3885.0,0.0,not_computed,not_computed,0.0,0.0,0.0,0.0,0.0,0.0,0.0,,,,,,,,,
27.31996450233919,9241.552671300546,997894.056709208,0.7665316409146772,inf,-1000000.0,orbit_fail_bh_down,76.0,inf,inf,inf,inf,0.0,0.0,0.0,incomplete_orbit_coverage,1.0,inf,inf,0.0,0.0,0.0,0.0,0.0,nonsingular_isothermal,1.0,0.01,2.0,0.3,1.0,0.0,severe_coverage_warn,0.0,multiple,multiple,1;2;3;4;5;6;7,Lfrac minimum coverage 0.694 is below 0.8 | Lfrac coverage gap 0.306 exceeds 0.1 | third_integral minimum coverage 0.774 is below 0.8 | third_integral coverage gap 0.226 exceeds 0.1 | 15 planned shell-band/Lfrac/third-integral cells have no successful orbit,0.9256113256113256,1.0,0.9256113256113256,0.9015444015444015,0.6941798941798942,0.7738095238095238,0.085981585981586,0.30582010582010577,0.22619047619047616,15.0,0.0,3596.0,3885.0,0.0,not_computed,not_computed,0.0,0.0,0.0,0.0,0.0,0.0,0.0,,,,,,,,,
30.0,9241.552671300546,1995788.113418416,0.7665316409146772,inf,-1000000.0,orbit_fail_halo_up,76.0,inf,inf,inf,inf,0.0,0.0,0.0,incomplete_orbit_coverage,1.0,inf,inf,0.0,0.0,0.0,0.0,0.0,nonsingular_isothermal,1.0,0.01,2.0,0.3,1.0,0.0,severe_coverage_warn,0.0,multiple,multiple,1;2;3;4;5;6;7,Lfrac minimum coverage 0.679 is below 0.8 | Lfrac coverage gap 0.321 exceeds 0.1 | third_integral minimum coverage 0.757 is below 0.8 | third_integral coverage gap 0.243 exceeds 0.1 | 14 planned shell-band/Lfrac/third-integral cells have no successful orbit,0.922007722007722,1.0,0.922007722007722,0.8996138996138996,0.6793650793650794,0.7571428571428571,0.058806058806058825,0.3206349206349206,0.24285714285714288,14.0,0.0,3582.0,3885.0,0.0,not_computed,not_computed,0.0,0.0,0.0,0.0,0.0,0.0,0.0,,,,,,,,,
13.659982251169595,9241.552671300546,1995788.113418416,0.7665316409146772,inf,-1000000.0,orbit_fail_halo_down,76.0,inf,inf,inf,inf,0.0,0.0,0.0,incomplete_orbit_coverage,1.0,inf,inf,0.0,0.0,0.0,0.0,0.0,nonsingular_isothermal,1.0,0.01,2.0,0.3,1.0,0.0,severe_coverage_warn,0.0,multiple,multiple,1;2;3;4;5;6;7;8,Lfrac minimum coverage 0.613 is below 0.8 | Lfrac coverage gap 0.387 exceeds 0.1 | third_integral minimum coverage 0.75 is below 0.8 | third_integral coverage gap 0.25 exceeds 0.1 | 21 planned shell-band/Lfrac/third-integral cells have no successful orbit,0.9057915057915058,1.0,0.9057915057915058,0.8918918918918919,0.6126984126984127,0.75,0.031185031185031242,0.38730158730158726,0.25,21.0,0.0,3519.0,3885.0,0.0,not_computed,not_computed,0.0,0.0,0.0,0.0,0.0,0.0,0.0,,,,,,,,,
27.31996450233919,9241.552671300546,1995788.113418416,1.5330632818293544,inf,-1000000.0,orbit_fail_ml_up,76.0,inf,inf,inf,inf,0.0,0.0,0.0,incomplete_orbit_coverage,1.0,inf,inf,0.0,0.0,0.0,0.0,0.0,nonsingular_isothermal,1.0,0.01,2.0,0.3,1.0,0.0,severe_coverage_warn,0.0,multiple,multiple,1;2;3;4;5;6;7,Lfrac minimum coverage 0.671 is below 0.8 | Lfrac coverage gap 0.329 exceeds 0.1 | third_integral minimum coverage 0.755 is below 0.8 | third_integral coverage gap 0.245 exceeds 0.1 | 14 planned shell-band/Lfrac/third-integral cells have no successful orbit,0.9199485199485199,1.0,0.9199485199485199,0.8918918918918919,0.6708994708994709,0.7547619047619047,0.062370062370062374,0.3291005291005291,0.24523809523809526,14.0,0.0,3574.0,3885.0,0.0,not_computed,not_computed,0.0,0.0,0.0,0.0,0.0,0.0,0.0,,,,,,,,,
27.31996450233919,9241.552671300546,1995788.113418416,0.3832658204573386,inf,-1000000.0,orbit_fail_ml_down,76.0,inf,inf,inf,inf,0.0,0.0,0.0,incomplete_orbit_coverage,1.0,inf,inf,0.0,0.0,0.0,0.0,0.0,nonsingular_isothermal,1.0,0.01,2.0,0.3,1.0,0.0,severe_coverage_warn,0.0,multiple,multiple,1;2;3;4;5;6;7,Lfrac minimum coverage 0.666 is below 0.8 | Lfrac coverage gap 0.334 exceeds 0.1 | third_integral minimum coverage 0.755 is below 0.8 | third_integral coverage gap 0.245 exceeds 0.1 | 15 planned shell-band/Lfrac/third-integral cells have no successful orbit,0.9186615186615187,1.0,0.9186615186615187,0.8976833976833977,0.6656084656084656,0.7547619047619047,0.05034155034155041,0.33439153439153435,0.24523809523809526,15.0,0.0,3569.0,3885.0,0.0,not_computed,not_computed,0.0,0.0,0.0,0.0,0.0,0.0,0.0,,,,,,,,,
5.997292457601872,5336.981558968006,1490950.295395902,0.8881040498499557,inf,-1000000.0,orbit_fail_full,77.0,inf,inf,inf,inf,0.0,0.0,0.0,incomplete_orbit_coverage,1.0,inf,inf,0.0,0.0,0.0,0.0,0.0,nonsingular_isothermal,1.0,0.01,2.0,0.3,1.0,0.0,severe_coverage_warn,0.0,multiple,multiple,1;2;3;4;5;6;7;8,Lfrac minimum coverage 0.6 is below 0.8 | Lfrac coverage gap 0.4 exceeds 0.1 | third_integral minimum coverage 0.755 is below 0.8 | third_integral coverage gap 0.245 exceeds 0.1 | 18 planned shell-band/Lfrac/third-integral cells have no successful orbit,0.9027027027027027,1.0,0.9027027027027027,0.8918918918918919,0.6,0.7547619047619047,0.02079002079002079,0.4,0.24523809523809526,18.0,0.0,3507.0,3885.0,0.0,not_computed,not_computed,0.0,0.0,0.0,0.0,0.0,0.0,0.0,,,,,,,,,
5.997292457601872,5336.981558968006,0.0,0.8881040498499557,889.0913512860388,-889.0913512860388,pass_halo_only,77.0,889.0913512860388,0.1611955327865644,0.2355192241151378,0.33307448094321634,1.0,1.0,9.0,none,0.0,434.9081369594868,454.1832143265518,32.0,32.0,384.0,16.825900950218998,0.1185202809799712,nonsingular_isothermal,1.0,0.01,2.0,0.3,1.0,0.0,strict_pass,1.0,none,none,,,1.0,1.0,1.0,1.0,1.0,1.0,0.0,0.0,0.0,0.0,0.0,3885.0,3885.0,1.0,inverse_phase_volume,geometric_mean,3885.0,3885.0,3885.0,0.0,420.0,0.0,0.0,1.5886726374142674e+29,1.15604359236831e+46,7.276789221031043e+16,1.2795804130464727e-12,93112.36957098963,1.073971164741535e-05,781506179528.9307,7.276789221030997e+16,0.0
5.997292457601872,5336.981558968006,2500000.0,0.8881040498499557,inf,-1000000.0,orbit_fail_bh_up,77.0,inf,inf,inf,inf,0.0,0.0,0.0,incomplete_orbit_coverage,1.0,inf,inf,0.0,0.0,0.0,0.0,0.0,nonsingular_isothermal,1.0,0.01,2.0,0.3,1.0,0.0,severe_coverage_warn,0.0,multiple,multiple,1;2;3;4;5;6;7;8,Lfrac minimum coverage 0.597 is below 0.8 | Lfrac coverage gap 0.403 exceeds 0.1 | third_integral minimum coverage 0.767 is below 0.8 | third_integral coverage gap 0.233 exceeds 0.1 | 21 planned shell-band/Lfrac/third-integral cells have no successful orbit,0.901930501930502,1.0,0.901930501930502,0.893970893970894,0.5968253968253968,0.7666666666666667,0.018711018711018657,0.4031746031746032,0.23333333333333328,21.0,0.0,3504.0,3885.0,0.0,not_computed,not_computed,0.0,0.0,0.0,0.0,0.0,0.0,0.0,,,,,,,,,
5.997292457601872,5336.981558968006,745475.147697951,0.8881040498499557,inf,-1000000.0,orbit_fail_bh_down,77.0,inf,inf,inf,inf,0.0,0.0,0.0,incomplete_orbit_coverage,1.0,inf,inf,0.0,0.0,0.0,0.0,0.0,nonsingular_isothermal,1.0,0.01,2.0,0.3,1.0,0.0,severe_coverage_warn,0.0,multiple,multiple,1;2;3;4;5;6;7;8,Lfrac minimum coverage 0.611 is below 0.8 | Lfrac coverage gap 0.389 exceeds 0.1 | third_integral minimum coverage 0.75 is below 0.8 | third_integral coverage gap 0.25 exceeds 0.1 | 20 planned shell-band/Lfrac/third-integral cells have no successful orbit,0.9052767052767052,1.0,0.9052767052767052,0.88996138996139,0.6105820105820106,0.75,0.031036531036531034,0.38941798941798944,0.25,20.0,0.0,3517.0,3885.0,0.0,not_computed,not_computed,0.0,0.0,0.0,0.0,0.0,0.0,0.0,,,,,,,,,
11.994584915203744,5336.981558968006,1490950.295395902,0.8881040498499557,inf,-1000000.0,orbit_fail_halo_up,77.0,inf,inf,inf,inf,0.0,0.0,0.0,incomplete_orbit_coverage,1.0,inf,inf,0.0,0.0,0.0,0.0,0.0,nonsingular_isothermal,1.0,0.01,2.0,0.3,1.0,0.0,severe_coverage_warn,0.0,multiple,multiple,1;2;3;4;5;6;7;8,Lfrac minimum coverage 0.643 is below 0.8 | Lfrac coverage gap 0.357 exceeds 0.1 | third_integral minimum coverage 0.75 is below 0.8 | third_integral coverage gap 0.25 exceeds 0.1 | 17 planned shell-band/Lfrac/third-integral cells have no successful orbit,0.9132561132561132,1.0,0.9132561132561132,0.9022869022869023,0.6433862433862434,0.75,0.033264033264033266,0.3566137566137566,0.25,17.0,0.0,3548.0,3885.0,0.0,not_computed,not_computed,0.0,0.0,0.0,0.0,0.0,0.0,0.0,,,,,,,,,
2.998646228800936,5336.981558968006,1490950.295395902,0.8881040498499557,inf,-1000000.0,orbit_fail_halo_down,77.0,inf,inf,inf,inf,0.0,0.0,0.0,incomplete_orbit_coverage,1.0,inf,inf,0.0,0.0,0.0,0.0,0.0,nonsingular_isothermal,1.0,0.01,2.0,0.3,1.0,0.0,severe_coverage_warn,0.0,multiple,multiple,1;2;3;4;5;6;7;8,Lfrac minimum coverage 0.576 is below 0.8 | Lfrac coverage gap 0.424 exceeds 0.1 | third_integral minimum coverage 0.76 is below 0.8 | third_integral coverage gap 0.24 exceeds 0.1 | 23 planned shell-band/Lfrac/third-integral cells have no successful orbit,0.8967824967824968,1.0,0.8967824967824968,0.8898128898128899,0.5756613756613757,0.7595238095238095,0.014553014553014498,0.42433862433862435,0.2404761904761905,23.0,0.0,3484.0,3885.0,0.0,not_computed,not_computed,0.0,0.0,0.0,0.0,0.0,0.0,0.0,,,,,,,,,
5.997292457601872,5336.981558968006,1490950.295395902,1.6,inf,-1000000.0,orbit_fail_ml_up,77.0,inf,inf,inf,inf,0.0,0.0,0.0,incomplete_orbit_coverage,1.0,inf,inf,0.0,0.0,0.0,0.0,0.0,nonsingular_isothermal,1.0,0.01,2.0,0.3,1.0,0.0,severe_coverage_warn,0.0,multiple,multiple,1;2;3;4;5;6;7;8,Lfrac minimum coverage 0.585 is below 0.8 | Lfrac coverage gap 0.415 exceeds 0.1 | third_integral minimum coverage 0.75 is below 0.8 | third_integral coverage gap 0.25 exceeds 0.1 | 21 planned shell-band/Lfrac/third-integral cells have no successful orbit,0.8990990990990991,1.0,0.8990990990990991,0.8918918918918919,0.5851851851851851,0.75,0.012474012474012475,0.41481481481481486,0.25,21.0,0.0,3493.0,3885.0,0.0,not_computed,not_computed,0.0,0.0,0.0,0.0,0.0,0.0,0.0,,,,,,,,,
5.997292457601872,5336.981558968006,1490950.295395902,0.44405202492497786,inf,-1000000.0,orbit_fail_ml_down,77.0,inf,inf,inf,inf,0.0,0.0,0.0,incomplete_orbit_coverage,1.0,inf,inf,0.0,0.0,0.0,0.0,0.0,nonsingular_isothermal,1.0,0.01,2.0,0.3,1.0,0.0,severe_coverage_warn,0.0,multiple,multiple,1;2;3;4;5;6;7;8,Lfrac minimum coverage 0.592 is below 0.8 | Lfrac coverage gap 0.408 exceeds 0.1 | third_integral minimum coverage 0.752 is below 0.8 | third_integral coverage gap 0.248 exceeds 0.1 | 22 planned shell-band/Lfrac/third-integral cells have no successful orbit,0.9006435006435006,1.0,0.9006435006435006,0.8918918918918919,0.5915343915343916,0.7523809523809524,0.02079002079002079,0.4084656084656084,0.24761904761904763,22.0,0.0,3499.0,3885.0,0.0,not_computed,not_computed,0.0,0.0,0.0,0.0,0.0,0.0,0.0,,,,,,,,,
8.04070797798438,2701.8208394092917,978424.1311732575,1.0271703449968073,inf,-1000000.0,orbit_fail_full,78.0,inf,inf,inf,inf,0.0,0.0,0.0,incomplete_orbit_coverage,1.0,inf,inf,0.0,0.0,0.0,0.0,0.0,nonsingular_isothermal,1.0,0.01,2.0,0.3,1.0,0.0,severe_coverage_warn,0.0,multiple,multiple,1;2;3;4;5;6;7,Lfrac minimum coverage 0.663 is below 0.8 | Lfrac coverage gap 0.337 exceeds 0.1 | third_integral minimum coverage 0.776 is below 0.8 | third_integral coverage gap 0.224 exceeds 0.1 | 16 planned shell-band/Lfrac/third-integral cells have no successful orbit,0.9181467181467181,1.0,0.9181467181467181,0.896049896049896,0.6634920634920635,0.7761904761904762,0.09771309771309777,0.33650793650793653,0.2238095238095238,16.0,0.0,3567.0,3885.0,0.0,not_computed,not_computed,0.0,0.0,0.0,0.0,0.0,0.0,0.0,,,,,,,,,
8.04070797798438,2701.8208394092917,0.0,1.0271703449968073,892.5339891642894,-892.5339891642894,pass_halo_only,78.0,892.5339891642894,0.005456032717120252,0.20731253998045512,0.2931842056903214,1.0,1.0,6.0,none,0.0,436.2789888595299,456.2550003047593,32.0,32.0,1470.0,22.286124343484452,0.0882756580139567,nonsingular_isothermal,1.0,0.01,2.0,0.3,1.0,0.0,strict_pass,1.0,none,none,,,1.0,1.0,1.0,1.0,1.0,1.0,0.0,0.0,0.0,0.0,0.0,3885.0,3885.0,1.0,inverse_phase_volume,geometric_mean,3885.0,3885.0,3885.0,0.0,420.0,0.0,0.0,3.954378924038657e+32,1.4402512258324288e+48,3642167969986756.5,6.063007007485368e-10,2208248.992446851,4.528474838754255e-07,1649346601.0601726,3642167969986764.5,0.0
8.04070797798438,2701.8208394092917,1956848.262346515,1.0271703449968073,inf,-1000000.0,orbit_fail_bh_up,78.0,inf,inf,inf,inf,0.0,0.0,0.0,incomplete_orbit_coverage,1.0,inf,inf,0.0,0.0,0.0,0.0,0.0,nonsingular_isothermal,1.0,0.01,2.0,0.3,1.0,0.0,severe_coverage_warn,0.0,multiple,multiple,1;2;3;4;5;6;7;8,Lfrac minimum coverage 0.632 is below 0.8 | Lfrac coverage gap 0.368 exceeds 0.1 | third_integral minimum coverage 0.75 is below 0.8 | third_integral coverage gap 0.25 exceeds 0.1 | 20 planned shell-band/Lfrac/third-integral cells have no successful orbit,0.9104247104247104,1.0,0.9104247104247104,0.8918918918918919,0.6317460317460317,0.75,0.058212058212058215,0.3682539682539683,0.25,20.0,0.0,3537.0,3885.0,0.0,not_computed,not_computed,0.0,0.0,0.0,0.0,0.0,0.0,0.0,,,,,,,,,
8.04070797798438,2701.8208394092917,489212.06558662874,1.0271703449968073,inf,-1000000.0,orbit_fail_bh_down,78.0,inf,inf,inf,inf,0.0,0.0,0.0,incomplete_orbit_coverage,1.0,inf,inf,0.0,0.0,0.0,0.0,0.0,nonsingular_isothermal,1.0,0.01,2.0,0.3,1.0,0.0,severe_coverage_warn,0.0,multiple,multiple,1;2;3;4;5;6,shell_band coverage gap 0.102 exceeds 0.1 | Lfrac minimum coverage 0.699 is below 0.8 | Lfrac coverage gap 0.301 exceeds 0.1 | third_integral minimum coverage 0.788 is below 0.8 | third_integral coverage gap 0.212 exceeds 0.1 | 14 planned shell-band/Lfrac/third-integral cells have no successful orbit,0.9268983268983269,1.0,0.9268983268983269,0.8976833976833977,0.6994708994708995,0.7880952380952381,0.10231660231660233,0.30052910052910053,0.21190476190476193,14.0,0.0,3601.0,3885.0,0.0,not_computed,not_computed,0.0,0.0,0.0,0.0,0.0,0.0,0.0,,,,,,,,,
16.08141595596876,2701.8208394092917,978424.1311732575,1.0271703449968073,inf,-1000000.0,orbit_fail_halo_up,78.0,inf,inf,inf,inf,0.0,0.0,0.0,incomplete_orbit_coverage,1.0,inf,inf,0.0,0.0,0.0,0.0,0.0,nonsingular_isothermal,1.0,0.01,2.0,0.3,1.0,0.0,severe_coverage_warn,0.0,multiple,multiple,1;2;3;4;5;6,Lfrac minimum coverage 0.725 is below 0.8 | Lfrac coverage gap 0.275 exceeds 0.1 | third_integral coverage gap 0.198 exceeds 0.1 | 15 planned shell-band/Lfrac/third-integral cells have no successful orbit,0.9330759330759331,1.0,0.9330759330759331,0.9015444015444015,0.7248677248677249,0.8023809523809524,0.09845559845559848,0.2751322751322751,0.19761904761904758,15.0,0.0,3625.0,3885.0,0.0,not_computed,not_computed,0.0,0.0,0.0,0.0,0.0,0.0,0.0,,,,,,,,,
4.02035398899219,2701.8208394092917,978424.1311732575,1.0271703449968073,inf,-1000000.0,orbit_fail_halo_down,78.0,inf,inf,inf,inf,0.0,0.0,0.0,incomplete_orbit_coverage,1.0,inf,inf,0.0,0.0,0.0,0.0,0.0,nonsingular_isothermal,1.0,0.01,2.0,0.3,1.0,0.0,severe_coverage_warn,0.0,multiple,multiple,1;2;3;4;5;6;7;8,Lfrac minimum coverage 0.601 is below 0.8 | Lfrac coverage gap 0.399 exceeds 0.1 | third_integral minimum coverage 0.757 is below 0.8 | third_integral coverage gap 0.243 exceeds 0.1 | 20 planned shell-band/Lfrac/third-integral cells have no successful orbit,0.902960102960103,1.0,0.902960102960103,0.8918918918918919,0.6010582010582011,0.7571428571428571,0.02079002079002079,0.39894179894179893,0.24285714285714288,20.0,0.0,3508.0,3885.0,0.0,not_computed,not_computed,0.0,0.0,0.0,0.0,0.0,0.0,0.0,,,,,,,,,
8.04070797798438,2701.8208394092917,978424.1311732575,1.6,inf,-1000000.0,orbit_fail_ml_up,78.0,inf,inf,inf,inf,0.0,0.0,0.0,incomplete_orbit_coverage,1.0,inf,inf,0.0,0.0,0.0,0.0,0.0,nonsingular_isothermal,1.0,0.01,2.0,0.3,1.0,0.0,severe_coverage_warn,0.0,multiple,multiple,1;2;3;4;5;6;7,Lfrac minimum coverage 0.679 is below 0.8 | Lfrac coverage gap 0.321 exceeds 0.1 | third_integral minimum coverage 0.774 is below 0.8 | third_integral coverage gap 0.226 exceeds 0.1 | 14 planned shell-band/Lfrac/third-integral cells have no successful orbit,0.922007722007722,1.0,0.922007722007722,0.8981288981288982,0.6793650793650794,0.7738095238095238,0.0935550935550935,0.3206349206349206,0.22619047619047616,14.0,0.0,3582.0,3885.0,0.0,not_computed,not_computed,0.0,0.0,0.0,0.0,0.0,0.0,0.0,,,,,,,,,
8.04070797798438,2701.8208394092917,978424.1311732575,0.5135851724984036,inf,-1000000.0,orbit_fail_ml_down,78.0,inf,inf,inf,inf,0.0,0.0,0.0,incomplete_orbit_coverage,1.0,inf,inf,0.0,0.0,0.0,0.0,0.0,nonsingular_isothermal,1.0,0.01,2.0,0.3,1.0,0.0,severe_coverage_warn,0.0,multiple,multiple,1;2;3;4;5;6;7,Lfrac minimum coverage 0.669 is below 0.8 | Lfrac coverage gap 0.331 exceeds 0.1 | third_integral minimum coverage 0.774 is below 0.8 | third_integral coverage gap 0.226 exceeds 0.1 | 17 planned shell-band/Lfrac/third-integral cells have no successful orbit,0.9194337194337194,1.0,0.9194337194337194,0.8981288981288982,0.6687830687830688,0.7738095238095238,0.09563409563409564,0.3312169312169312,0.22619047619047616,17.0,0.0,3572.0,3885.0,0.0,not_computed,not_computed,0.0,0.0,0.0,0.0,0.0,0.0,0.0,,,,,,,,,
23.610320613250167,8114.315438779893,400731.9629318917,0.44377566659386825,inf,-1000000.0,orbit_fail_full,79.0,inf,inf,inf,inf,0.0,0.0,0.0,incomplete_orbit_coverage,1.0,inf,inf,0.0,0.0,0.0,0.0,0.0,nonsingular_isothermal,1.0,0.01,2.0,0.3,1.0,0.0,severe_coverage_warn,0.0,multiple,multiple,1;2;3;4;5;6,Lfrac minimum coverage 0.73 is below 0.8 | Lfrac coverage gap 0.27 exceeds 0.1 | third_integral minimum coverage 0.795 is below 0.8 | third_integral coverage gap 0.205 exceeds 0.1 | 14 planned shell-band/Lfrac/third-integral cells have no successful orbit,0.9343629343629344,1.0,0.9343629343629344,0.9054054054054054,0.7301587301587301,0.7952380952380952,0.09459459459459463,0.2698412698412699,0.2047619047619048,14.0,0.0,3630.0,3885.0,0.0,not_computed,not_computed,0.0,0.0,0.0,0.0,0.0,0.0,0.0,,,,,,,,,
23.610320613250167,8114.315438779893,0.0,0.44377566659386825,889.44006435533,-889.44006435533,pass_halo_only,79.0,889.44006435533,0.040551259694211694,0.2026646010421634,0.2866110274067084,1.0,1.0,6.0,none,0.0,436.23900275619013,453.20106159913973,32.0,32.0,184.0,21.886607758075822,0.08824021348027541,nonsingular_isothermal,1.0,0.01,2.0,0.3,1.0,0.0,strict_pass,1.0,none,none,,,1.0,1.0,1.0,1.0,1.0,1.0,0.0,0.0,0.0,0.0,0.0,3885.0,3885.0,1.0,inverse_phase_volume,geometric_mean,3885.0,3885.0,3885.0,0.0,420.0,0.0,0.0,1.396128623696089e+33,1.3379132421319201e+48,958302279191117.6,7.699741210096219e-09,7378679.550816982,1.355256036141694e-07,129874494.83221056,958302279191117.9,0.0
23.610320613250167,8114.315438779893,801463.9258637835,0.44377566659386825,inf,-1000000.0,orbit_fail_bh_up,79.0,inf,inf,inf,inf,0.0,0.0,0.0,incomplete_orbit_coverage,1.0,inf,inf,0.0,0.0,0.0,0.0,0.0,nonsingular_isothermal,1.0,0.01,2.0,0.3,1.0,0.0,severe_coverage_warn,0.0,multiple,multiple,1;2;3;4;5;6;7,Lfrac minimum coverage 0.704 is below 0.8 | Lfrac coverage gap 0.296 exceeds 0.1 | third_integral minimum coverage 0.776 is below 0.8 | third_integral coverage gap 0.224 exceeds 0.1 | 12 planned shell-band/Lfrac/third-integral cells have no successful orbit,0.9279279279279279,1.0,0.9279279279279279,0.9054054054054054,0.7037037037037037,0.7761904761904762,0.08835758835758845,0.2962962962962963,0.2238095238095238,12.0,0.0,3605.0,3885.0,0.0,not_computed,not_computed,0.0,0.0,0.0,0.0,0.0,0.0,0.0,,,,,,,,,
23.610320613250167,8114.315438779893,200365.98146594586,0.44377566659386825,inf,-1000000.0,orbit_fail_bh_down,79.0,inf,inf,inf,inf,0.0,0.0,0.0,incomplete_orbit_coverage,1.0,inf,inf,0.0,0.0,0.0,0.0,0.0,nonsingular_isothermal,1.0,0.01,2.0,0.3,1.0,0.0,severe_coverage_warn,0.0,multiple,multiple,1;2;3;4;5;6,Lfrac minimum coverage 0.734 is below 0.8 | Lfrac coverage gap 0.266 exceeds 0.1 | third_integral coverage gap 0.198 exceeds 0.1 | 12 planned shell-band/Lfrac/third-integral cells have no successful orbit,0.9353925353925354,1.0,0.9353925353925354,0.9054054054054054,0.7343915343915344,0.8023809523809524,0.09459459459459463,0.2656084656084656,0.19761904761904758,12.0,0.0,3634.0,3885.0,0.0,not_computed,not_computed,0.0,0.0,0.0,0.0,0.0,0.0,0.0,,,,,,,,,
30.0,8114.315438779893,400731.9629318917,0.44377566659386825,inf,-1000000.0,orbit_fail_halo_up,79.0,inf,inf,inf,inf,0.0,0.0,0.0,incomplete_orbit_coverage,1.0,inf,inf,0.0,0.0,0.0,0.0,0.0,nonsingular_isothermal,1.0,0.01,2.0,0.3,1.0,0.0,severe_coverage_warn,0.0,multiple,multiple,1;2;3;4;5;6,Lfrac minimum coverage 0.733 is below 0.8 | Lfrac coverage gap 0.267 exceeds 0.1 | third_integral coverage gap 0.2 exceeds 0.1 | 11 planned shell-band/Lfrac/third-integral cells have no successful orbit,0.9351351351351351,1.0,0.9351351351351351,0.9073359073359073,0.7333333333333333,0.8,0.0926640926640927,0.2666666666666667,0.19999999999999996,11.0,0.0,3633.0,3885.0,0.0,not_computed,not_computed,0.0,0.0,0.0,0.0,0.0,0.0,0.0,,,,,,,,,
11.805160306625083,8114.315438779893,400731.9629318917,0.44377566659386825,inf,-1000000.0,orbit_fail_halo_down,79.0,inf,inf,inf,inf,0.0,0.0,0.0,incomplete_orbit_coverage,1.0,inf,inf,0.0,0.0,0.0,0.0,0.0,nonsingular_isothermal,1.0,0.01,2.0,0.3,1.0,0.0,severe_coverage_warn,0.0,multiple,multiple,1;2;3;4;5;6;7,Lfrac minimum coverage 0.678 is below 0.8 | Lfrac coverage gap 0.322 exceeds 0.1 | third_integral minimum coverage 0.757 is below 0.8 | third_integral coverage gap 0.243 exceeds 0.1 | 16 planned shell-band/Lfrac/third-integral cells have no successful orbit,0.9217503217503218,1.0,0.9217503217503218,0.9015444015444015,0.6783068783068783,0.7571428571428571,0.06311256311256319,0.3216931216931217,0.24285714285714288,16.0,0.0,3581.0,3885.0,0.0,not_computed,not_computed,0.0,0.0,0.0,0.0,0.0,0.0,0.0,,,,,,,,,
23.610320613250167,8114.315438779893,400731.9629318917,0.8875513331877365,inf,-1000000.0,orbit_fail_ml_up,79.0,inf,inf,inf,inf,0.0,0.0,0.0,incomplete_orbit_coverage,1.0,inf,inf,0.0,0.0,0.0,0.0,0.0,nonsingular_isothermal,1.0,0.01,2.0,0.3,1.0,0.0,severe_coverage_warn,0.0,multiple,multiple,1;2;3;4;5;6,Lfrac minimum coverage 0.722 is below 0.8 | Lfrac coverage gap 0.278 exceeds 0.1 | third_integral minimum coverage 0.795 is below 0.8 | third_integral coverage gap 0.205 exceeds 0.1 | 11 planned shell-band/Lfrac/third-integral cells have no successful orbit,0.9323037323037323,1.0,0.9323037323037323,0.9034749034749034,0.7216931216931217,0.7952380952380952,0.09652509652509655,0.2783068783068783,0.2047619047619048,11.0,0.0,3622.0,3885.0,0.0,not_computed,not_computed,0.0,0.0,0.0,0.0,0.0,0.0,0.0,,,,,,,,,
23.610320613250167,8114.315438779893,400731.9629318917,0.22188783329693412,inf,-1000000.0,orbit_fail_ml_down,79.0,inf,inf,inf,inf,0.0,0.0,0.0,incomplete_orbit_coverage,1.0,inf,inf,0.0,0.0,0.0,0.0,0.0,nonsingular_isothermal,1.0,0.01,2.0,0.3,1.0,0.0,severe_coverage_warn,0.0,multiple,multiple,1;2;3;4;5;6,shell_band coverage gap 0.102 exceeds 0.1 | Lfrac minimum coverage 0.721 is below 0.8 | Lfrac coverage gap 0.279 exceeds 0.1 | third_integral minimum coverage 0.795 is below 0.8 | third_integral coverage gap 0.205 exceeds 0.1 | 13 planned shell-band/Lfrac/third-integral cells have no successful orbit,0.932046332046332,1.0,0.932046332046332,0.8976833976833977,0.7206349206349206,0.7952380952380952,0.10231660231660233,0.27936507936507937,0.2047619047619048,13.0,0.0,3621.0,3885.0,0.0,not_computed,not_computed,0.0,0.0,0.0,0.0,0.0,0.0,0.0,,,,,,,,,
9.09384616104884,1857.0386393471686,1855993.7349446532,0.9581442274207221,inf,-1000000.0,orbit_fail_full,80.0,inf,inf,inf,inf,0.0,0.0,0.0,incomplete_orbit_coverage,1.0,inf,inf,0.0,0.0,0.0,0.0,0.0,nonsingular_isothermal,1.0,0.01,2.0,0.3,1.0,0.0,severe_coverage_warn,0.0,multiple,multiple,1;2;3;4;6,shell_band coverage gap 0.11 exceeds 0.1 | Lfrac minimum coverage 0.683 is below 0.8 | Lfrac coverage gap 0.317 exceeds 0.1 | third_integral minimum coverage 0.786 is below 0.8 | third_integral coverage gap 0.214 exceeds 0.1 | 13 planned shell-band/Lfrac/third-integral cells have no successful orbit,0.9227799227799228,1.0,0.9227799227799228,0.88996138996139,0.6825396825396826,0.7857142857142857,0.11003861003861004,0.31746031746031744,0.2142857142857143,13.0,0.0,3585.0,3885.0,0.0,not_computed,not_computed,0.0,0.0,0.0,0.0,0.0,0.0,0.0,,,,,,,,,
9.09384616104884,1857.0386393471686,0.0,0.9581442274207221,870.8243991771794,-870.8243991771794,pass_halo_only,80.0,870.8243991771794,0.22286128860923782,0.21427899027749384,0.3030362541819898,1.0,1.0,146.0,none,0.0,429.9782825262458,440.84611665093365,32.0,32.0,216.0,24.687498855330322,0.08856264408522693,nonsingular_isothermal,1.0,0.01,2.0,0.3,1.0,0.0,strict_pass,1.0,none,none,,,1.0,1.0,1.0,1.0,1.0,1.0,0.0,0.0,0.0,0.0,0.0,3885.0,3885.0,1.0,inverse_phase_volume,geometric_mean,3885.0,3885.0,3885.0,0.0,420.0,0.0,0.0,2.5950738043210368e+33,1.0010454709757022e+49,3857483626511390.0,1.50100086261706e-09,5790086.250924818,1.727089989100379e-07,666222135.446649,3857483626511414.5,0.0
9.09384616104884,1857.0386393471686,2500000.0,0.9581442274207221,inf,-1000000.0,orbit_fail_bh_up,80.0,inf,inf,inf,inf,0.0,0.0,0.0,incomplete_orbit_coverage,1.0,inf,inf,0.0,0.0,0.0,0.0,0.0,nonsingular_isothermal,1.0,0.01,2.0,0.3,1.0,0.0,severe_coverage_warn,0.0,multiple,multiple,1;2;3;4;5;6;7,Lfrac minimum coverage 0.665 is below 0.8 | Lfrac coverage gap 0.335 exceeds 0.1 | third_integral minimum coverage 0.774 is below 0.8 | third_integral coverage gap 0.226 exceeds 0.1 | 17 planned shell-band/Lfrac/third-integral cells have no successful orbit,0.9184041184041184,1.0,0.9184041184041184,0.893970893970894,0.6645502645502646,0.7738095238095238,0.09771309771309766,0.33544973544973544,0.22619047619047616,17.0,0.0,3568.0,3885.0,0.0,not_computed,not_computed,0.0,0.0,0.0,0.0,0.0,0.0,0.0,,,,,,,,,
9.09384616104884,1857.0386393471686,927996.8674723266,0.9581442274207221,inf,-1000000.0,orbit_fail_bh_down,80.0,inf,inf,inf,inf,0.0,0.0,0.0,incomplete_orbit_coverage,1.0,inf,inf,0.0,0.0,0.0,0.0,0.0,nonsingular_isothermal,1.0,0.01,2.0,0.3,1.0,0.0,severe_coverage_warn,0.0,multiple,multiple,1;2;3;4;5;6,Lfrac minimum coverage 0.705 is below 0.8 | Lfrac coverage gap 0.295 exceeds 0.1 | third_integral minimum coverage 0.795 is below 0.8 | third_integral coverage gap 0.205 exceeds 0.1 | 14 planned shell-band/Lfrac/third-integral cells have no successful orbit,0.9281853281853282,1.0,0.9281853281853282,0.9002079002079002,0.7047619047619048,0.7952380952380952,0.0997920997920998,0.2952380952380952,0.2047619047619048,14.0,0.0,3606.0,3885.0,0.0,not_computed,not_computed,0.0,0.0,0.0,0.0,0.0,0.0,0.0,,,,,,,,,
18.18769232209768,1857.0386393471686,1855993.7349446532,0.9581442274207221,inf,-1000000.0,orbit_fail_halo_up,80.0,inf,inf,inf,inf,0.0,0.0,0.0,incomplete_orbit_coverage,1.0,inf,inf,0.0,0.0,0.0,0.0,0.0,nonsingular_isothermal,1.0,0.01,2.0,0.3,1.0,0.0,severe_coverage_warn,0.0,multiple,multiple,1;2;3;4;5;6,Lfrac minimum coverage 0.731 is below 0.8 | Lfrac coverage gap 0.269 exceeds 0.1 | third_integral coverage gap 0.195 exceeds 0.1 | 13 planned shell-band/Lfrac/third-integral cells have no successful orbit,0.9346203346203347,1.0,0.9346203346203347,0.9015444015444015,0.7312169312169312,0.8047619047619048,0.09845559845559848,0.2687830687830688,0.1952380952380952,13.0,0.0,3631.0,3885.0,0.0,not_computed,not_computed,0.0,0.0,0.0,0.0,0.0,0.0,0.0,,,,,,,,,
4.54692308052442,1857.0386393471686,1855993.7349446532,0.9581442274207221,inf,-1000000.0,orbit_fail_halo_down,80.0,inf,inf,inf,inf,0.0,0.0,0.0,incomplete_orbit_coverage,1.0,inf,inf,0.0,0.0,0.0,0.0,0.0,nonsingular_isothermal,1.0,0.01,2.0,0.3,1.0,0.0,severe_coverage_warn,0.0,multiple,multiple,1;2;3;4;5;6;7;8,Lfrac minimum coverage 0.59 is below 0.8 | Lfrac coverage gap 0.41 exceeds 0.1 | third_integral minimum coverage 0.764 is below 0.8 | third_integral coverage gap 0.236 exceeds 0.1 | 22 planned shell-band/Lfrac/third-integral cells have no successful orbit,0.9003861003861003,1.0,0.9003861003861003,0.8918918918918919,0.5904761904761905,0.7642857142857142,0.016632016632016633,0.4095238095238095,0.23571428571428577,22.0,0.0,3498.0,3885.0,0.0,not_computed,not_computed,0.0,0.0,0.0,0.0,0.0,0.0,0.0,,,,,,,,,
9.09384616104884,1857.0386393471686,1855993.7349446532,1.6,inf,-1000000.0,orbit_fail_ml_up,80.0,inf,inf,inf,inf,0.0,0.0,0.0,incomplete_orbit_coverage,1.0,inf,inf,0.0,0.0,0.0,0.0,0.0,nonsingular_isothermal,1.0,0.01,2.0,0.3,1.0,0.0,severe_coverage_warn,0.0,multiple,multiple,1;2;3;4;5;6,shell_band coverage gap 0.106 exceeds 0.1 | Lfrac minimum coverage 0.672 is below 0.8 | Lfrac coverage gap 0.328 exceeds 0.1 | third_integral minimum coverage 0.783 is below 0.8 | third_integral coverage gap 0.217 exceeds 0.1 | 15 planned shell-band/Lfrac/third-integral cells have no successful orbit,0.9202059202059202,1.0,0.9202059202059202,0.8938223938223938,0.671957671957672,0.7833333333333333,0.10617760617760619,0.328042328042328,0.21666666666666667,15.0,0.0,3575.0,3885.0,0.0,not_computed,not_computed,0.0,0.0,0.0,0.0,0.0,0.0,0.0,,,,,,,,,
9.09384616104884,1857.0386393471686,1855993.7349446532,0.47907211371036107,inf,-1000000.0,orbit_fail_ml_down,80.0,inf,inf,inf,inf,0.0,0.0,0.0,incomplete_orbit_coverage,1.0,inf,inf,0.0,0.0,0.0,0.0,0.0,nonsingular_isothermal,1.0,0.01,2.0,0.3,1.0,0.0,severe_coverage_warn,0.0,multiple,multiple,1;2;3;4;5;6;7,shell_band coverage gap 0.108 exceeds 0.1 | Lfrac minimum coverage 0.67 is below 0.8 | Lfrac coverage gap 0.33 exceeds 0.1 | third_integral minimum coverage 0.781 is below 0.8 | third_integral coverage gap 0.219 exceeds 0.1 | 18 planned shell-band/Lfrac/third-integral cells have no successful orbit,0.9196911196911197,1.0,0.9196911196911197,0.8918918918918919,0.6698412698412698,0.780952380952381,0.10810810810810811,0.3301587301587302,0.21904761904761905,18.0,0.0,3573.0,3885.0,0.0,not_computed,not_computed,0.0,0.0,0.0,0.0,0.0,0.0,0.0,,,,,,,,,
4.659677252268689,5754.253737351539,874458.9908321613,1.3409923167079203,inf,-1000000.0,orbit_fail_full,81.0,inf,inf,inf,inf,0.0,0.0,0.0,incomplete_orbit_coverage,1.0,inf,inf,0.0,0.0,0.0,0.0,0.0,nonsingular_isothermal,1.0,0.01,2.0,0.3,1.0,0.0,severe_coverage_warn,0.0,multiple,multiple,1;2;3;4;5;6;7;8,Lfrac minimum coverage 0.583 is below 0.8 | Lfrac coverage gap 0.417 exceeds 0.1 | third_integral minimum coverage 0.75 is below 0.8 | third_integral coverage gap 0.25 exceeds 0.1 | 22 planned shell-band/Lfrac/third-integral cells have no successful orbit,0.8985842985842986,1.0,0.8985842985842986,0.888030888030888,0.5830687830687831,0.75,0.02257202257202262,0.41693121693121693,0.25,22.0,0.0,3491.0,3885.0,0.0,not_computed,not_computed,0.0,0.0,0.0,0.0,0.0,0.0,0.0,,,,,,,,,
4.659677252268689,5754.253737351539,0.0,1.3409923167079203,896.4182776012677,-896.4182776012677,pass_halo_only,81.0,896.4182776012677,0.03908244010540329,0.21712939809760556,0.3070673395794854,1.0,1.0,5.0,none,0.0,448.14921484255984,448.2690627587076,32.0,32.0,212.0,18.464150259177927,0.11912177065564686,nonsingular_isothermal,1.0,0.01,2.0,0.3,1.0,0.0,strict_pass,1.0,none,none,,,1.0,1.0,1.0,1.0,1.0,1.0,0.0,0.0,0.0,0.0,0.0,3885.0,3885.0,1.0,inverse_phase_volume,geometric_mean,3885.0,3885.0,3885.0,0.0,420.0,0.0,0.0,2.981571328862101e+29,3.088564751086836e+45,1.0358849111503794e+16,2.303353160371329e-12,23860.087838792046,4.191099407329871e-05,434149663718.43195,1.0358849111503814e+16,0.0
4.659677252268689,5754.253737351539,1748917.9816643225,1.3409923167079203,inf,-1000000.0,orbit_fail_bh_up,81.0,inf,inf,inf,inf,0.0,0.0,0.0,incomplete_orbit_coverage,1.0,inf,inf,0.0,0.0,0.0,0.0,0.0,nonsingular_isothermal,1.0,0.01,2.0,0.3,1.0,0.0,severe_coverage_warn,0.0,multiple,multiple,1;2;3;4;5;6;7;8,Lfrac minimum coverage 0.583 is below 0.8 | Lfrac coverage gap 0.417 exceeds 0.1 | third_integral minimum coverage 0.757 is below 0.8 | third_integral coverage gap 0.243 exceeds 0.1 | 23 planned shell-band/Lfrac/third-integral cells have no successful orbit,0.8985842985842986,1.0,0.8985842985842986,0.8861003861003861,0.5830687830687831,0.7571428571428571,0.02034452034452039,0.41693121693121693,0.24285714285714288,23.0,0.0,3491.0,3885.0,0.0,not_computed,not_computed,0.0,0.0,0.0,0.0,0.0,0.0,0.0,,,,,,,,,
4.659677252268689,5754.253737351539,437229.49541608064,1.3409923167079203,inf,-1000000.0,orbit_fail_bh_down,81.0,inf,inf,inf,inf,0.0,0.0,0.0,incomplete_orbit_coverage,1.0,inf,inf,0.0,0.0,0.0,0.0,0.0,nonsingular_isothermal,1.0,0.01,2.0,0.3,1.0,0.0,severe_coverage_warn,0.0,multiple,multiple,1;2;3;4;5;6;7;8,Lfrac minimum coverage 0.626 is below 0.8 | Lfrac coverage gap 0.374 exceeds 0.1 | third_integral minimum coverage 0.75 is below 0.8 | third_integral coverage gap 0.25 exceeds 0.1 | 19 planned shell-band/Lfrac/third-integral cells have no successful orbit,0.9091377091377091,1.0,0.9091377091377091,0.8861003861003861,0.6264550264550265,0.75,0.04113454113454118,0.3735449735449735,0.25,19.0,0.0,3532.0,3885.0,0.0,not_computed,not_computed,0.0,0.0,0.0,0.0,0.0,0.0,0.0,,,,,,,,,
9.319354504537378,5754.253737351539,874458.9908321613,1.3409923167079203,inf,-1000000.0,orbit_fail_halo_up,81.0,inf,inf,inf,inf,0.0,0.0,0.0,incomplete_orbit_coverage,1.0,inf,inf,0.0,0.0,0.0,0.0,0.0,nonsingular_isothermal,1.0,0.01,2.0,0.3,1.0,0.0,severe_coverage_warn,0.0,multiple,multiple,1;2;3;4;5;6;7;8,Lfrac minimum coverage 0.629 is below 0.8 | Lfrac coverage gap 0.371 exceeds 0.1 | third_integral minimum coverage 0.75 is below 0.8 | third_integral coverage gap 0.25 exceeds 0.1 | 19 planned shell-band/Lfrac/third-integral cells have no successful orbit,0.9096525096525097,1.0,0.9096525096525097,0.8957528957528957,0.6285714285714286,0.75,0.03771903771903773,0.37142857142857144,0.25,19.0,0.0,3534.0,3885.0,0.0,not_computed,not_computed,0.0,0.0,0.0,0.0,0.0,0.0,0.0,,,,,,,,,
2.3298386261343444,5754.253737351539,874458.9908321613,1.3409923167079203,inf,-1000000.0,orbit_fail_halo_down,81.0,inf,inf,inf,inf,0.0,0.0,0.0,incomplete_orbit_coverage,1.0,inf,inf,0.0,0.0,0.0,0.0,0.0,nonsingular_isothermal,1.0,0.01,2.0,0.3,1.0,0.0,severe_coverage_warn,0.0,multiple,multiple,1;2;3;4;5;6;7;8,Lfrac minimum coverage 0.58 is below 0.8 | Lfrac coverage gap 0.42 exceeds 0.1 | third_integral minimum coverage 0.757 is below 0.8 | third_integral coverage gap 0.243 exceeds 0.1 | 22 planned shell-band/Lfrac/third-integral cells have no successful orbit,0.8978120978120978,1.0,0.8978120978120978,0.888030888030888,0.5798941798941799,0.7571428571428571,0.01217701217701217,0.4201058201058201,0.24285714285714288,22.0,0.0,3488.0,3885.0,0.0,not_computed,not_computed,0.0,0.0,0.0,0.0,0.0,0.0,0.0,,,,,,,,,
4.659677252268689,5754.253737351539,874458.9908321613,1.6,inf,-1000000.0,orbit_fail_ml_up,81.0,inf,inf,inf,inf,0.0,0.0,0.0,incomplete_orbit_coverage,1.0,inf,inf,0.0,0.0,0.0,0.0,0.0,nonsingular_isothermal,1.0,0.01,2.0,0.3,1.0,0.0,severe_coverage_warn,0.0,multiple,multiple,1;2;3;4;5;6;7;8,Lfrac minimum coverage 0.599 is below 0.8 | Lfrac coverage gap 0.401 exceeds 0.1 | third_integral minimum coverage 0.755 is below 0.8 | third_integral coverage gap 0.245 exceeds 0.1 | 20 planned shell-band/Lfrac/third-integral cells have no successful orbit,0.9024453024453024,1.0,0.9024453024453024,0.8918918918918919,0.5989417989417989,0.7547619047619047,0.02079002079002079,0.4010582010582011,0.24523809523809526,20.0,0.0,3506.0,3885.0,0.0,not_computed,not_computed,0.0,0.0,0.0,0.0,0.0,0.0,0.0,,,,,,,,,
4.659677252268689,5754.253737351539,874458.9908321613,0.6704961583539601,inf,-1000000.0,orbit_fail_ml_down,81.0,inf,inf,inf,inf,0.0,0.0,0.0,incomplete_orbit_coverage,1.0,inf,inf,0.0,0.0,0.0,0.0,0.0,nonsingular_isothermal,1.0,0.01,2.0,0.3,1.0,0.0,severe_coverage_warn,0.0,multiple,multiple,1;2;3;4;5;6;7;8,Lfrac minimum coverage 0.596 is below 0.8 | Lfrac coverage gap 0.404 exceeds 0.1 | third_integral minimum coverage 0.752 is below 0.8 | third_integral coverage gap 0.248 exceeds 0.1 | 22 planned shell-band/Lfrac/third-integral cells have no successful orbit,0.9016731016731017,1.0,0.9016731016731017,0.8918918918918919,0.5957671957671957,0.7523809523809524,0.02079002079002079,0.4042328042328043,0.24761904761904763,22.0,0.0,3503.0,3885.0,0.0,not_computed,not_computed,0.0,0.0,0.0,0.0,0.0,0.0,0.0,,,,,,,,,
7.84016887195354,2783.216925704158,2359198.2703115824,0.5298195513389476,inf,-1000000.0,orbit_fail_full,82.0,inf,inf,inf,inf,0.0,0.0,0.0,incomplete_orbit_coverage,1.0,inf,inf,0.0,0.0,0.0,0.0,0.0,nonsingular_isothermal,1.0,0.01,2.0,0.3,1.0,0.0,severe_coverage_warn,0.0,multiple,multiple,1;2;3;4;5;6;7;8,Lfrac minimum coverage 0.606 is below 0.8 | Lfrac coverage gap 0.394 exceeds 0.1 | third_integral minimum coverage 0.75 is below 0.8 | third_integral coverage gap 0.25 exceeds 0.1 | 19 planned shell-band/Lfrac/third-integral cells have no successful orbit,0.9042471042471042,1.0,0.9042471042471042,0.8918918918918919,0.6063492063492063,0.75,0.037422037422037424,0.3936507936507937,0.25,19.0,0.0,3513.0,3885.0,0.0,not_computed,not_computed,0.0,0.0,0.0,0.0,0.0,0.0,0.0,,,,,,,,,
7.84016887195354,2783.216925704158,0.0,0.5298195513389476,893.0133037931506,-893.0133037931506,pass_halo_only,82.0,893.0133037931506,0.0430126027906681,0.21070952625078432,0.29798826974501524,1.0,1.0,19.0,none,0.0,441.1940222315914,451.819281561559,32.0,32.0,94.0,21.148970889775924,0.08834328504316179,nonsingular_isothermal,1.0,0.01,2.0,0.3,1.0,0.0,strict_pass,1.0,none,none,,,1.0,1.0,1.0,1.0,1.0,1.0,0.0,0.0,0.0,0.0,0.0,3885.0,3885.0,1.0,inverse_phase_volume,geometric_mean,3885.0,3885.0,3885.0,0.0,420.0,0.0,0.0,5.531631418920196e+32,1.1414775107285295e+48,2063545858865904.0,2.1133190834431653e-09,4360930.843101439,2.293088416162116e-07,473189310.5184717,2063545858865907.5,0.0
7.84016887195354,2783.216925704158,2500000.0,0.5298195513389476,inf,-1000000.0,orbit_fail_bh_up,82.0,inf,inf,inf,inf,0.0,0.0,0.0,incomplete_orbit_coverage,1.0,inf,inf,0.0,0.0,0.0,0.0,0.0,nonsingular_isothermal,1.0,0.01,2.0,0.3,1.0,0.0,severe_coverage_warn,0.0,multiple,multiple,1;2;3;4;5;6;7;8,Lfrac minimum coverage 0.602 is below 0.8 | Lfrac coverage gap 0.398 exceeds 0.1 | third_integral minimum coverage 0.752 is below 0.8 | third_integral coverage gap 0.248 exceeds 0.1 | 20 planned shell-band/Lfrac/third-integral cells have no successful orbit,0.9032175032175033,1.0,0.9032175032175033,0.8918918918918919,0.6021164021164022,0.7523809523809524,0.0353430353430354,0.39788359788359784,0.24761904761904763,20.0,0.0,3509.0,3885.0,0.0,not_computed,not_computed,0.0,0.0,0.0,0.0,0.0,0.0,0.0,,,,,,,,,
7.84016887195354,2783.216925704158,1179599.1351557912,0.5298195513389476,inf,-1000000.0,orbit_fail_bh_down,82.0,inf,inf,inf,inf,0.0,0.0,0.0,incomplete_orbit_coverage,1.0,inf,inf,0.0,0.0,0.0,0.0,0.0,nonsingular_isothermal,1.0,0.01,2.0,0.3,1.0,0.0,severe_coverage_warn,0.0,multiple,multiple,1;2;3;4;5;6;7,Lfrac minimum coverage 0.65 is below 0.8 | Lfrac coverage gap 0.35 exceeds 0.1 | third_integral minimum coverage 0.769 is below 0.8 | third_integral coverage gap 0.231 exceeds 0.1 | 18 planned shell-band/Lfrac/third-integral cells have no successful orbit,0.9148005148005148,1.0,0.9148005148005148,0.8938223938223938,0.6497354497354497,0.7690476190476191,0.08330858330858337,0.3502645502645503,0.2309523809523809,18.0,0.0,3554.0,3885.0,0.0,not_computed,not_computed,0.0,0.0,0.0,0.0,0.0,0.0,0.0,,,,,,,,,
15.68033774390708,2783.216925704158,2359198.2703115824,0.5298195513389476,inf,-1000000.0,orbit_fail_halo_up,82.0,inf,inf,inf,inf,0.0,0.0,0.0,incomplete_orbit_coverage,1.0,inf,inf,0.0,0.0,0.0,0.0,0.0,nonsingular_isothermal,1.0,0.01,2.0,0.3,1.0,0.0,severe_coverage_warn,0.0,multiple,multiple,1;2;3;4;5;6,shell_band coverage gap 0.102 exceeds 0.1 | Lfrac minimum coverage 0.693 is below 0.8 | Lfrac coverage gap 0.307 exceeds 0.1 | third_integral minimum coverage 0.786 is below 0.8 | third_integral coverage gap 0.214 exceeds 0.1 | 13 planned shell-band/Lfrac/third-integral cells have no successful orbit,0.9253539253539254,1.0,0.9253539253539254,0.8976833976833977,0.6931216931216931,0.7857142857142857,0.10231660231660233,0.30687830687830686,0.2142857142857143,13.0,0.0,3595.0,3885.0,0.0,not_computed,not_computed,0.0,0.0,0.0,0.0,0.0,0.0,0.0,,,,,,,,,
3.92008443597677,2783.216925704158,2359198.2703115824,0.5298195513389476,inf,-1000000.0,orbit_fail_halo_down,82.0,inf,inf,inf,inf,0.0,0.0,0.0,incomplete_orbit_coverage,1.0,inf,inf,0.0,0.0,0.0,0.0,0.0,nonsingular_isothermal,1.0,0.01,2.0,0.3,1.0,0.0,severe_coverage_warn,0.0,multiple,multiple,1;2;3;4;5;6;7;8,Lfrac minimum coverage 0.584 is below 0.8 | Lfrac coverage gap 0.416 exceeds 0.1 | third_integral minimum coverage 0.755 is below 0.8 | third_integral coverage gap 0.245 exceeds 0.1 | 22 planned shell-band/Lfrac/third-integral cells have no successful orbit,0.8988416988416988,1.0,0.8988416988416988,0.896049896049896,0.5841269841269842,0.7547619047619047,0.008316008316008316,0.41587301587301584,0.24523809523809526,22.0,0.0,3492.0,3885.0,0.0,not_computed,not_computed,0.0,0.0,0.0,0.0,0.0,0.0,0.0,,,,,,,,,
7.84016887195354,2783.216925704158,2359198.2703115824,1.0596391026778953,inf,-1000000.0,orbit_fail_ml_up,82.0,inf,inf,inf,inf,0.0,0.0,0.0,incomplete_orbit_coverage,1.0,inf,inf,0.0,0.0,0.0,0.0,0.0,nonsingular_isothermal,1.0,0.01,2.0,0.3,1.0,0.0,severe_coverage_warn,0.0,multiple,multiple,1;2;3;4;5;6;7,Lfrac minimum coverage 0.606 is below 0.8 | Lfrac coverage gap 0.394 exceeds 0.1 | third_integral minimum coverage 0.752 is below 0.8 | third_integral coverage gap 0.248 exceeds 0.1 | 21 planned shell-band/Lfrac/third-integral cells have no successful orbit,0.9042471042471042,1.0,0.9042471042471042,0.8918918918918919,0.6063492063492063,0.7523809523809524,0.04365904365904372,0.3936507936507937,0.24761904761904763,21.0,0.0,3513.0,3885.0,0.0,not_computed,not_computed,0.0,0.0,0.0,0.0,0.0,0.0,0.0,,,,,,,,,
7.84016887195354,2783.216925704158,2359198.2703115824,0.2649097756694738,inf,-1000000.0,orbit_fail_ml_down,82.0,inf,inf,inf,inf,0.0,0.0,0.0,incomplete_orbit_coverage,1.0,inf,inf,0.0,0.0,0.0,0.0,0.0,nonsingular_isothermal,1.0,0.01,2.0,0.3,1.0,0.0,severe_coverage_warn,0.0,multiple,multiple,1;2;3;4;5;6;7;8,Lfrac minimum coverage 0.619 is below 0.8 | Lfrac coverage gap 0.381 exceeds 0.1 | third_integral minimum coverage 0.75 is below 0.8 | third_integral coverage gap 0.25 exceeds 0.1 | 20 planned shell-band/Lfrac/third-integral cells have no successful orbit,0.9073359073359073,1.0,0.9073359073359073,0.8918918918918919,0.6190476190476191,0.75,0.05197505197505203,0.38095238095238093,0.25,20.0,0.0,3525.0,3885.0,0.0,not_computed,not_computed,0.0,0.0,0.0,0.0,0.0,0.0,0.0,,,,,,,,,
10.43968331640237,2206.6715761056344,457147.77168994356,1.25878538689565,inf,-1000000.0,orbit_fail_full,83.0,inf,inf,inf,inf,0.0,0.0,0.0,incomplete_orbit_coverage,1.0,inf,inf,0.0,0.0,0.0,0.0,0.0,nonsingular_isothermal,1.0,0.01,2.0,0.3,1.0,0.0,severe_coverage_warn,0.0,multiple,multiple,1;2;3;4;5;6,shell_band coverage gap 0.1 exceeds 0.1 | Lfrac minimum coverage 0.728 is below 0.8 | Lfrac coverage gap 0.272 exceeds 0.1 | third_integral coverage gap 0.19 exceeds 0.1 | 14 planned shell-band/Lfrac/third-integral cells have no successful orbit,0.9338481338481338,1.0,0.9338481338481338,0.8996138996138996,0.728042328042328,0.8095238095238095,0.10038610038610041,0.27195767195767195,0.19047619047619047,14.0,0.0,3628.0,3885.0,0.0,not_computed,not_computed,0.0,0.0,0.0,0.0,0.0,0.0,0.0,,,,,,,,,
10.43968331640237,2206.6715761056344,0.0,1.25878538689565,873.045845087709,-873.045845087709,pass_halo_only,83.0,873.045845087709,0.058523809557868844,0.20247546608606207,0.28634355018667107,1.0,1.0,30.0,none,0.0,459.2709923723089,413.7748527154001,32.0,32.0,494.0,24.14654092244131,0.09202998339769924,nonsingular_isothermal,1.0,0.01,2.0,0.3,1.0,0.0,strict_pass,1.0,none,none,,,1.0,1.0,1.0,1.0,1.0,1.0,0.0,0.0,0.0,0.0,0.0,3885.0,3885.0,1.0,inverse_phase_volume,geometric_mean,3885.0,3885.0,3885.0,0.0,420.0,0.0,0.0,1.7148440942434198e+33,8.836461676807843e+48,5152924225864651.0,8.700404672418009e-10,4483252.601132869,2.230523436817526e-07,1149371825.3935893,5152924225864643.0,0.0
10.43968331640237,2206.6715761056344,914295.5433798871,1.25878538689565,inf,-1000000.0,orbit_fail_bh_up,83.0,inf,inf,inf,inf,0.0,0.0,0.0,incomplete_orbit_coverage,1.0,inf,inf,0.0,0.0,0.0,0.0,0.0,nonsingular_isothermal,1.0,0.01,2.0,0.3,1.0,0.0,severe_coverage_warn,0.0,multiple,multiple,1;2;3;4;5;6,shell_band coverage gap 0.102 exceeds 0.1 | Lfrac minimum coverage 0.706 is below 0.8 | Lfrac coverage gap 0.294 exceeds 0.1 | third_integral minimum coverage 0.793 is below 0.8 | third_integral coverage gap 0.207 exceeds 0.1 | 15 planned shell-band/Lfrac/third-integral cells have no successful orbit,0.9284427284427285,1.0,0.9284427284427285,0.8976833976833977,0.7058201058201058,0.7928571428571428,0.10231660231660233,0.2941798941798942,0.20714285714285718,15.0,0.0,3607.0,3885.0,0.0,not_computed,not_computed,0.0,0.0,0.0,0.0,0.0,0.0,0.0,,,,,,,,,
10.43968331640237,2206.6715761056344,228573.88584497178,1.25878538689565,inf,-1000000.0,orbit_fail_bh_down,83.0,inf,inf,inf,inf,0.0,0.0,0.0,incomplete_orbit_coverage,1.0,inf,inf,0.0,0.0,0.0,0.0,0.0,nonsingular_isothermal,1.0,0.01,2.0,0.3,1.0,0.0,severe_coverage_warn,0.0,multiple,multiple,1;2;3;4;5,Lfrac minimum coverage 0.761 is below 0.8 | Lfrac coverage gap 0.239 exceeds 0.1 | third_integral coverage gap 0.186 exceeds 0.1 | 8 planned shell-band/Lfrac/third-integral cells have no successful orbit,0.9418275418275418,1.0,0.9418275418275418,0.915057915057915,0.7608465608465609,0.8142857142857143,0.084942084942085,0.23915343915343912,0.18571428571428572,8.0,0.0,3659.0,3885.0,0.0,not_computed,not_computed,0.0,0.0,0.0,0.0,0.0,0.0,0.0,,,,,,,,,
20.87936663280474,2206.6715761056344,457147.77168994356,1.25878538689565,inf,-1000000.0,orbit_fail_halo_up,83.0,inf,inf,inf,inf,0.0,0.0,0.0,incomplete_orbit_coverage,1.0,inf,inf,0.0,0.0,0.0,0.0,0.0,nonsingular_isothermal,1.0,0.01,2.0,0.3,1.0,0.0,severe_coverage_warn,0.0,multiple,multiple,1;2;3;4;5,Lfrac minimum coverage 0.769 is below 0.8 | Lfrac coverage gap 0.231 exceeds 0.1 | third_integral coverage gap 0.176 exceeds 0.1 | 10 planned shell-band/Lfrac/third-integral cells have no successful orbit,0.9438867438867439,1.0,0.9438867438867439,0.9131274131274131,0.7693121693121693,0.8238095238095238,0.08687258687258692,0.23068783068783072,0.17619047619047623,10.0,0.0,3667.0,3885.0,0.0,not_computed,not_computed,0.0,0.0,0.0,0.0,0.0,0.0,0.0,,,,,,,,,
5.219841658201185,2206.6715761056344,457147.77168994356,1.25878538689565,inf,-1000000.0,orbit_fail_halo_down,83.0,inf,inf,inf,inf,0.0,0.0,0.0,incomplete_orbit_coverage,1.0,inf,inf,0.0,0.0,0.0,0.0,0.0,nonsingular_isothermal,1.0,0.01,2.0,0.3,1.0,0.0,severe_coverage_warn,0.0,multiple,multiple,1;2;3;4;5;6,shell_band coverage gap 0.104 exceeds 0.1 | Lfrac minimum coverage 0.681 is below 0.8 | Lfrac coverage gap 0.319 exceeds 0.1 | third_integral minimum coverage 0.786 is below 0.8 | third_integral coverage gap 0.214 exceeds 0.1 | 14 planned shell-band/Lfrac/third-integral cells have no successful orbit,0.9225225225225225,1.0,0.9225225225225225,0.8957528957528957,0.6814814814814815,0.7857142857142857,0.10424710424710426,0.31851851851851853,0.2142857142857143,14.0,0.0,3584.0,3885.0,0.0,not_computed,not_computed,0.0,0.0,0.0,0.0,0.0,0.0,0.0,,,,,,,,,
10.43968331640237,2206.6715761056344,457147.77168994356,1.6,inf,-1000000.0,orbit_fail_ml_up,83.0,inf,inf,inf,inf,0.0,0.0,0.0,incomplete_orbit_coverage,1.0,inf,inf,0.0,0.0,0.0,0.0,0.0,nonsingular_isothermal,1.0,0.01,2.0,0.3,1.0,0.0,severe_coverage_warn,0.0,multiple,multiple,1;2;3;4;5;6,Lfrac minimum coverage 0.74 is below 0.8 | Lfrac coverage gap 0.26 exceeds 0.1 | third_integral coverage gap 0.193 exceeds 0.1 | 12 planned shell-band/Lfrac/third-integral cells have no successful orbit,0.9366795366795366,1.0,0.9366795366795366,0.9015444015444015,0.7396825396825397,0.8071428571428572,0.09845559845559848,0.2603174603174603,0.19285714285714284,12.0,0.0,3639.0,3885.0,0.0,not_computed,not_computed,0.0,0.0,0.0,0.0,0.0,0.0,0.0,,,,,,,,,
10.43968331640237,2206.6715761056344,457147.77168994356,0.629392693447825,inf,-1000000.0,orbit_fail_ml_down,83.0,inf,inf,inf,inf,0.0,0.0,0.0,incomplete_orbit_coverage,1.0,inf,inf,0.0,0.0,0.0,0.0,0.0,nonsingular_isothermal,1.0,0.01,2.0,0.3,1.0,0.0,severe_coverage_warn,0.0,multiple,multiple,1;2;3;4;5;6,shell_band coverage gap 0.102 exceeds 0.1 | Lfrac minimum coverage 0.733 is below 0.8 | Lfrac coverage gap 0.267 exceeds 0.1 | third_integral coverage gap 0.193 exceeds 0.1 | 12 planned shell-band/Lfrac/third-integral cells have no successful orbit,0.9351351351351351,1.0,0.9351351351351351,0.8976833976833977,0.7333333333333333,0.8071428571428572,0.10231660231660233,0.2666666666666667,0.19285714285714284,12.0,0.0,3633.0,3885.0,0.0,not_computed,not_computed,0.0,0.0,0.0,0.0,0.0,0.0,0.0,,,,,,,,,
14.221842104816634,3458.9918981446017,2424159.0260744276,0.4779556094269782,inf,-1000000.0,orbit_fail_full,84.0,inf,inf,inf,inf,0.0,0.0,0.0,incomplete_orbit_coverage,1.0,inf,inf,0.0,0.0,0.0,0.0,0.0,nonsingular_isothermal,1.0,0.01,2.0,0.3,1.0,0.0,severe_coverage_warn,0.0,multiple,multiple,1;2;3;4;5;6;7,Lfrac minimum coverage 0.669 is below 0.8 | Lfrac coverage gap 0.331 exceeds 0.1 | third_integral minimum coverage 0.769 is below 0.8 | third_integral coverage gap 0.231 exceeds 0.1 | 14 planned shell-band/Lfrac/third-integral cells have no successful orbit,0.9194337194337194,1.0,0.9194337194337194,0.8996138996138996,0.6687830687830688,0.7690476190476191,0.08167508167508175,0.3312169312169312,0.2309523809523809,14.0,0.0,3572.0,3885.0,0.0,not_computed,not_computed,0.0,0.0,0.0,0.0,0.0,0.0,0.0,,,,,,,,,
14.221842104816634,3458.9918981446017,0.0,0.4779556094269782,708.3032289555483,-708.3032289555483,pass_halo_only,84.0,708.3032289555483,0.1017976035331003,0.21173223989679302,0.29943460525362453,1.0,1.0,36.0,none,0.0,315.0107335641655,393.2924953913828,32.0,32.0,1798.0,14.962293543348933,0.19946316109645545,nonsingular_isothermal,1.0,0.01,2.0,0.3,1.0,0.0,strict_pass,1.0,none,none,,,1.0,1.0,1.0,1.0,1.0,1.0,0.0,0.0,0.0,0.0,0.0,3885.0,3885.0,1.0,inverse_phase_volume,geometric_mean,3885.0,3885.0,3885.0,0.0,420.0,0.0,0.0,3.384170408577328e+32,5.2408962143597055e+48,1.5486502101302064e+16,7.977011769320908e-10,12353600.952769881,8.094805747920679e-08,1253602262.2480485,1.548650210130197e+16,0.0
14.221842104816634,3458.9918981446017,2500000.0,0.4779556094269782,inf,-1000000.0,orbit_fail_bh_up,84.0,inf,inf,inf,inf,0.0,0.0,0.0,incomplete_orbit_coverage,1.0,inf,inf,0.0,0.0,0.0,0.0,0.0,nonsingular_isothermal,1.0,0.01,2.0,0.3,1.0,0.0,severe_coverage_warn,0.0,multiple,multiple,1;2;3;4;5;6;7,Lfrac minimum coverage 0.658 is below 0.8 | Lfrac coverage gap 0.342 exceeds 0.1 | third_integral minimum coverage 0.767 is below 0.8 | third_integral coverage gap 0.233 exceeds 0.1 | 16 planned shell-band/Lfrac/third-integral cells have no successful orbit,0.9168597168597169,1.0,0.9168597168597169,0.896049896049896,0.6582010582010582,0.7666666666666667,0.08316008316008316,0.34179894179894177,0.23333333333333328,16.0,0.0,3562.0,3885.0,0.0,not_computed,not_computed,0.0,0.0,0.0,0.0,0.0,0.0,0.0,,,,,,,,,
14.221842104816634,3458.9918981446017,1212079.5130372138,0.4779556094269782,inf,-1000000.0,orbit_fail_bh_down,84.0,inf,inf,inf,inf,0.0,0.0,0.0,incomplete_orbit_coverage,1.0,inf,inf,0.0,0.0,0.0,0.0,0.0,nonsingular_isothermal,1.0,0.01,2.0,0.3,1.0,0.0,severe_coverage_warn,0.0,multiple,multiple,1;2;3;4;5;6;7,Lfrac minimum coverage 0.696 is below 0.8 | Lfrac coverage gap 0.304 exceeds 0.1 | third_integral minimum coverage 0.781 is below 0.8 | third_integral coverage gap 0.219 exceeds 0.1 | 15 planned shell-band/Lfrac/third-integral cells have no successful orbit,0.9261261261261261,1.0,0.9261261261261261,0.9043659043659044,0.6962962962962963,0.780952380952381,0.09563409563409564,0.3037037037037037,0.21904761904761905,15.0,0.0,3598.0,3885.0,0.0,not_computed,not_computed,0.0,0.0,0.0,0.0,0.0,0.0,0.0,,,,,,,,,
28.44368420963327,3458.9918981446017,2424159.0260744276,0.4779556094269782,inf,-1000000.0,orbit_fail_halo_up,84.0,inf,inf,inf,inf,0.0,0.0,0.0,incomplete_orbit_coverage,1.0,inf,inf,0.0,0.0,0.0,0.0,0.0,nonsingular_isothermal,1.0,0.01,2.0,0.3,1.0,0.0,severe_coverage_warn,0.0,multiple,multiple,1;2;3;4;5;6,shell_band coverage gap 0.1 exceeds 0.1 | Lfrac minimum coverage 0.719 is below 0.8 | Lfrac coverage gap 0.281 exceeds 0.1 | third_integral coverage gap 0.2 exceeds 0.1 | 14 planned shell-band/Lfrac/third-integral cells have no successful orbit,0.9315315315315316,1.0,0.9315315315315316,0.8996138996138996,0.7185185185185186,0.8,0.10038610038610041,0.28148148148148144,0.19999999999999996,14.0,0.0,3619.0,3885.0,0.0,not_computed,not_computed,0.0,0.0,0.0,0.0,0.0,0.0,0.0,,,,,,,,,
7.110921052408317,3458.9918981446017,2424159.0260744276,0.4779556094269782,inf,-1000000.0,orbit_fail_halo_down,84.0,inf,inf,inf,inf,0.0,0.0,0.0,incomplete_orbit_coverage,1.0,inf,inf,0.0,0.0,0.0,0.0,0.0,nonsingular_isothermal,1.0,0.01,2.0,0.3,1.0,0.0,severe_coverage_warn,0.0,multiple,multiple,1;2;3;4;5;6;7;8,Lfrac minimum coverage 0.597 is below 0.8 | Lfrac coverage gap 0.403 exceeds 0.1 | third_integral minimum coverage 0.75 is below 0.8 | third_integral coverage gap 0.25 exceeds 0.1 | 22 planned shell-band/Lfrac/third-integral cells have no successful orbit,0.901930501930502,1.0,0.901930501930502,0.8918918918918919,0.5968253968253968,0.75,0.022869022869022926,0.4031746031746032,0.25,22.0,0.0,3504.0,3885.0,0.0,not_computed,not_computed,0.0,0.0,0.0,0.0,0.0,0.0,0.0,,,,,,,,,
14.221842104816634,3458.9918981446017,2424159.0260744276,0.9559112188539564,inf,-1000000.0,orbit_fail_ml_up,84.0,inf,inf,inf,inf,0.0,0.0,0.0,incomplete_orbit_coverage,1.0,inf,inf,0.0,0.0,0.0,0.0,0.0,nonsingular_isothermal,1.0,0.01,2.0,0.3,1.0,0.0,severe_coverage_warn,0.0,multiple,multiple,1;2;3;4;5;6;7,Lfrac minimum coverage 0.674 is below 0.8 | Lfrac coverage gap 0.326 exceeds 0.1 | third_integral minimum coverage 0.774 is below 0.8 | third_integral coverage gap 0.226 exceeds 0.1 | 13 planned shell-band/Lfrac/third-integral cells have no successful orbit,0.9207207207207208,1.0,0.9207207207207208,0.9043659043659044,0.674074074074074,0.7738095238095238,0.07692307692307698,0.32592592592592595,0.22619047619047616,13.0,0.0,3577.0,3885.0,0.0,not_computed,not_computed,0.0,0.0,0.0,0.0,0.0,0.0,0.0,,,,,,,,,
14.221842104816634,3458.9918981446017,2424159.0260744276,0.2389778047134891,inf,-1000000.0,orbit_fail_ml_down,84.0,inf,inf,inf,inf,0.0,0.0,0.0,incomplete_orbit_coverage,1.0,inf,inf,0.0,0.0,0.0,0.0,0.0,nonsingular_isothermal,1.0,0.01,2.0,0.3,1.0,0.0,severe_coverage_warn,0.0,multiple,multiple,1;2;3;4;5;6;7,Lfrac minimum coverage 0.675 is below 0.8 | Lfrac coverage gap 0.325 exceeds 0.1 | third_integral minimum coverage 0.767 is below 0.8 | third_integral coverage gap 0.233 exceeds 0.1 | 14 planned shell-band/Lfrac/third-integral cells have no successful orbit,0.9209781209781209,1.0,0.9209781209781209,0.9034749034749034,0.6751322751322751,0.7666666666666667,0.07365607365607374,0.32486772486772486,0.23333333333333328,14.0,0.0,3578.0,3885.0,0.0,not_computed,not_computed,0.0,0.0,0.0,0.0,0.0,0.0,0.0,,,,,,,,,
23.192188862159007,3672.5868550535897,829691.0023941554,0.7606613446335087,inf,-1000000.0,orbit_fail_full,85.0,inf,inf,inf,inf,0.0,0.0,0.0,incomplete_orbit_coverage,1.0,inf,inf,0.0,0.0,0.0,0.0,0.0,nonsingular_isothermal,1.0,0.01,2.0,0.3,1.0,0.0,severe_coverage_warn,0.0,multiple,multiple,1;2;3;4;5;6,Lfrac minimum coverage 0.73 is below 0.8 | Lfrac coverage gap 0.27 exceeds 0.1 | third_integral coverage gap 0.193 exceeds 0.1 | 15 planned shell-band/Lfrac/third-integral cells have no successful orbit,0.9343629343629344,1.0,0.9343629343629344,0.9034749034749034,0.7301587301587301,0.8071428571428572,0.09652509652509655,0.2698412698412699,0.19285714285714284,15.0,0.0,3630.0,3885.0,0.0,not_computed,not_computed,0.0,0.0,0.0,0.0,0.0,0.0,0.0,,,,,,,,,
23.192188862159007,3672.5868550535897,0.0,0.7606613446335087,365.3925395115467,-365.3925395115467,pass_halo_only,85.0,365.3925395115467,0.06639912549303517,0.2040281609800767,0.2885393923640136,1.0,1.0,30.0,none,0.0,160.19005019584492,205.20248931570174,32.0,32.0,7770.0,10.57816293546982,0.2478268371075134,nonsingular_isothermal,1.0,0.01,2.0,0.3,1.0,0.0,strict_pass,1.0,none,none,,,1.0,1.0,1.0,1.0,1.0,1.0,0.0,0.0,0.0,0.0,0.0,3885.0,3885.0,1.0,inverse_phase_volume,geometric_mean,3885.0,3885.0,3885.0,0.0,420.0,0.0,0.0,2.9558292320021155e+33,2.9716425603409386e+49,1.0053498788656718e+16,1.876190998048267e-09,18862283.926166814,5.3015849189542956e-08,532994775.60667515,1.0053498788656676e+16,0.0
23.192188862159007,3672.5868550535897,1659382.0047883107,0.7606613446335087,inf,-1000000.0,orbit_fail_bh_up,85.0,inf,inf,inf,inf,0.0,0.0,0.0,incomplete_orbit_coverage,1.0,inf,inf,0.0,0.0,0.0,0.0,0.0,nonsingular_isothermal,1.0,0.01,2.0,0.3,1.0,0.0,severe_coverage_warn,0.0,multiple,multiple,1;2;3;4;5;6,Lfrac minimum coverage 0.722 is below 0.8 | Lfrac coverage gap 0.278 exceeds 0.1 | third_integral minimum coverage 0.798 is below 0.8 | third_integral coverage gap 0.202 exceeds 0.1 | 12 planned shell-band/Lfrac/third-integral cells have no successful orbit,0.9323037323037323,1.0,0.9323037323037323,0.9015444015444015,0.7216931216931217,0.7976190476190477,0.09845559845559848,0.2783068783068783,0.20238095238095233,12.0,0.0,3622.0,3885.0,0.0,not_computed,not_computed,0.0,0.0,0.0,0.0,0.0,0.0,0.0,,,,,,,,,
23.192188862159007,3672.5868550535897,414845.5011970777,0.7606613446335087,inf,-1000000.0,orbit_fail_bh_down,85.0,inf,inf,inf,inf,0.0,0.0,0.0,incomplete_orbit_coverage,1.0,inf,inf,0.0,0.0,0.0,0.0,0.0,nonsingular_isothermal,1.0,0.01,2.0,0.3,1.0,0.0,severe_coverage_warn,0.0,multiple,multiple,1;2;3;4;5,Lfrac minimum coverage 0.761 is below 0.8 | Lfrac coverage gap 0.239 exceeds 0.1 | third_integral coverage gap 0.183 exceeds 0.1 | 9 planned shell-band/Lfrac/third-integral cells have no successful orbit,0.9418275418275418,1.0,0.9418275418275418,0.918918918918919,0.7608465608465609,0.8166666666666667,0.08108108108108103,0.23915343915343912,0.18333333333333335,9.0,0.0,3659.0,3885.0,0.0,not_computed,not_computed,0.0,0.0,0.0,0.0,0.0,0.0,0.0,,,,,,,,,
30.0,3672.5868550535897,829691.0023941554,0.7606613446335087,inf,-1000000.0,orbit_fail_halo_up,85.0,inf,inf,inf,inf,0.0,0.0,0.0,incomplete_orbit_coverage,1.0,inf,inf,0.0,0.0,0.0,0.0,0.0,nonsingular_isothermal,1.0,0.01,2.0,0.3,1.0,0.0,severe_coverage_warn,0.0,multiple,multiple,1;2;3;4;5;6,Lfrac minimum coverage 0.752 is below 0.8 | Lfrac coverage gap 0.248 exceeds 0.1 | third_integral coverage gap 0.188 exceeds 0.1 | 12 planned shell-band/Lfrac/third-integral cells have no successful orbit,0.9397683397683397,1.0,0.9397683397683397,0.9073359073359073,0.7523809523809524,0.8119047619047619,0.0926640926640927,0.24761904761904763,0.1880952380952381,12.0,0.0,3651.0,3885.0,0.0,not_computed,not_computed,0.0,0.0,0.0,0.0,0.0,0.0,0.0,,,,,,,,,
11.596094431079504,3672.5868550535897,829691.0023941554,0.7606613446335087,inf,-1000000.0,orbit_fail_halo_down,85.0,inf,inf,inf,inf,0.0,0.0,0.0,incomplete_orbit_coverage,1.0,inf,inf,0.0,0.0,0.0,0.0,0.0,nonsingular_isothermal,1.0,0.01,2.0,0.3,1.0,0.0,severe_coverage_warn,0.0,multiple,multiple,1;2;3;4;5;6;7,shell_band coverage gap 0.102 exceeds 0.1 | Lfrac minimum coverage 0.687 is below 0.8 | Lfrac coverage gap 0.313 exceeds 0.1 | third_integral minimum coverage 0.783 is below 0.8 | third_integral coverage gap 0.217 exceeds 0.1 | 12 planned shell-band/Lfrac/third-integral cells have no successful orbit,0.9238095238095239,1.0,0.9238095238095239,0.8976833976833977,0.6867724867724868,0.7833333333333333,0.10231660231660233,0.3132275132275132,0.21666666666666667,12.0,0.0,3589.0,3885.0,0.0,not_computed,not_computed,0.0,0.0,0.0,0.0,0.0,0.0,0.0,,,,,,,,,
23.192188862159007,3672.5868550535897,829691.0023941554,1.5213226892670173,inf,-1000000.0,orbit_fail_ml_up,85.0,inf,inf,inf,inf,0.0,0.0,0.0,incomplete_orbit_coverage,1.0,inf,inf,0.0,0.0,0.0,0.0,0.0,nonsingular_isothermal,1.0,0.01,2.0,0.3,1.0,0.0,severe_coverage_warn,0.0,multiple,multiple,1;2;3;4;5;6,Lfrac minimum coverage 0.747 is below 0.8 | Lfrac coverage gap 0.253 exceeds 0.1 | third_integral coverage gap 0.193 exceeds 0.1 | 11 planned shell-band/Lfrac/third-integral cells have no successful orbit,0.9384813384813385,1.0,0.9384813384813385,0.9111969111969112,0.7470899470899471,0.8071428571428572,0.08880308880308885,0.25291005291005286,0.19285714285714284,11.0,0.0,3646.0,3885.0,0.0,not_computed,not_computed,0.0,0.0,0.0,0.0,0.0,0.0,0.0,,,,,,,,,
23.192188862159007,3672.5868550535897,829691.0023941554,0.3803306723167543,inf,-1000000.0,orbit_fail_ml_down,85.0,inf,inf,inf,inf,0.0,0.0,0.0,incomplete_orbit_coverage,1.0,inf,inf,0.0,0.0,0.0,0.0,0.0,nonsingular_isothermal,1.0,0.01,2.0,0.3,1.0,0.0,severe_coverage_warn,0.0,multiple,multiple,1;2;3;4;5;6,Lfrac minimum coverage 0.733 is below 0.8 | Lfrac coverage gap 0.267 exceeds 0.1 | third_integral coverage gap 0.195 exceeds 0.1 | 15 planned shell-band/Lfrac/third-integral cells have no successful orbit,0.9351351351351351,1.0,0.9351351351351351,0.9054054054054054,0.7333333333333333,0.8047619047619048,0.09459459459459463,0.2666666666666667,0.1952380952380952,15.0,0.0,3633.0,3885.0,0.0,not_computed,not_computed,0.0,0.0,0.0,0.0,0.0,0.0,0.0,,,,,,,,,
17.654271893974123,7389.96469342181,501438.19030050497,0.648675908469776,inf,-1000000.0,orbit_fail_full,86.0,inf,inf,inf,inf,0.0,0.0,0.0,incomplete_orbit_coverage,1.0,inf,inf,0.0,0.0,0.0,0.0,0.0,nonsingular_isothermal,1.0,0.01,2.0,0.3,1.0,0.0,severe_coverage_warn,0.0,multiple,multiple,1;2;3;4;5;6;7,Lfrac minimum coverage 0.704 is below 0.8 | Lfrac coverage gap 0.296 exceeds 0.1 | third_integral minimum coverage 0.779 is below 0.8 | third_integral coverage gap 0.221 exceeds 0.1 | 14 planned shell-band/Lfrac/third-integral cells have no successful orbit,0.9279279279279279,1.0,0.9279279279279279,0.9034749034749034,0.7037037037037037,0.7785714285714286,0.09444609444609453,0.2962962962962963,0.22142857142857142,14.0,0.0,3605.0,3885.0,0.0,not_computed,not_computed,0.0,0.0,0.0,0.0,0.0,0.0,0.0,,,,,,,,,
17.654271893974123,7389.96469342181,0.0,0.648675908469776,899.6903293617564,-899.6903293617564,pass_halo_only,86.0,899.6903293617564,0.08535534855172955,0.21279545363388133,0.30093821654031594,1.0,1.0,3.0,none,0.0,430.70766235427715,468.98266700747905,32.0,32.0,78.0,17.79011002468348,0.13640188499587677,nonsingular_isothermal,1.0,0.01,2.0,0.3,1.0,0.0,strict_pass,1.0,none,none,,,1.0,1.0,1.0,1.0,1.0,1.0,0.0,0.0,0.0,0.0,0.0,3885.0,3885.0,1.0,inverse_phase_volume,geometric_mean,3885.0,3885.0,3885.0,0.0,420.0,0.0,0.0,2.6145793960254375e+30,6.1240684743981304e+47,2.3422767286040944e+17,1.1739578257378052e-11,2749734.0955883116,3.636715279504318e-07,85181935677.41867,2.3422767286040858e+17,0.0
17.654271893974123,7389.96469342181,1002876.3806010099,0.648675908469776,inf,-1000000.0,orbit_fail_bh_up,86.0,inf,inf,inf,inf,0.0,0.0,0.0,incomplete_orbit_coverage,1.0,inf,inf,0.0,0.0,0.0,0.0,0.0,nonsingular_isothermal,1.0,0.01,2.0,0.3,1.0,0.0,severe_coverage_warn,0.0,multiple,multiple,1;2;3;4;5;6;7,Lfrac minimum coverage 0.674 is below 0.8 | Lfrac coverage gap 0.326 exceeds 0.1 | third_integral minimum coverage 0.764 is below 0.8 | third_integral coverage gap 0.236 exceeds 0.1 | 13 planned shell-band/Lfrac/third-integral cells have no successful orbit,0.9207207207207208,1.0,0.9207207207207208,0.8938223938223938,0.674074074074074,0.7642857142857142,0.07707157707157708,0.32592592592592595,0.23571428571428577,13.0,0.0,3577.0,3885.0,0.0,not_computed,not_computed,0.0,0.0,0.0,0.0,0.0,0.0,0.0,,,,,,,,,
17.654271893974123,7389.96469342181,250719.09515025248,0.648675908469776,inf,-1000000.0,orbit_fail_bh_down,86.0,inf,inf,inf,inf,0.0,0.0,0.0,incomplete_orbit_coverage,1.0,inf,inf,0.0,0.0,0.0,0.0,0.0,nonsingular_isothermal,1.0,0.01,2.0,0.3,1.0,0.0,severe_coverage_warn,0.0,multiple,multiple,1;2;3;4;5;6,Lfrac minimum coverage 0.726 is below 0.8 | Lfrac coverage gap 0.274 exceeds 0.1 | third_integral minimum coverage 0.798 is below 0.8 | third_integral coverage gap 0.202 exceeds 0.1 | 12 planned shell-band/Lfrac/third-integral cells have no successful orbit,0.9333333333333333,1.0,0.9333333333333333,0.9034749034749034,0.725925925925926,0.7976190476190477,0.09652509652509655,0.274074074074074,0.20238095238095233,12.0,0.0,3626.0,3885.0,0.0,not_computed,not_computed,0.0,0.0,0.0,0.0,0.0,0.0,0.0,,,,,,,,,
30.0,7389.96469342181,501438.19030050497,0.648675908469776,inf,-1000000.0,orbit_fail_halo_up,86.0,inf,inf,inf,inf,0.0,0.0,0.0,incomplete_orbit_coverage,1.0,inf,inf,0.0,0.0,0.0,0.0,0.0,nonsingular_isothermal,1.0,0.01,2.0,0.3,1.0,0.0,severe_coverage_warn,0.0,multiple,multiple,1;2;3;4;5;6,Lfrac minimum coverage 0.724 is below 0.8 | Lfrac coverage gap 0.276 exceeds 0.1 | third_integral coverage gap 0.2 exceeds 0.1 | 14 planned shell-band/Lfrac/third-integral cells have no successful orbit,0.9328185328185328,1.0,0.9328185328185328,0.9034749034749034,0.7238095238095238,0.8,0.09652509652509655,0.2761904761904762,0.19999999999999996,14.0,0.0,3624.0,3885.0,0.0,not_computed,not_computed,0.0,0.0,0.0,0.0,0.0,0.0,0.0,,,,,,,,,
8.827135946987061,7389.96469342181,501438.19030050497,0.648675908469776,inf,-1000000.0,orbit_fail_halo_down,86.0,inf,inf,inf,inf,0.0,0.0,0.0,incomplete_orbit_coverage,1.0,inf,inf,0.0,0.0,0.0,0.0,0.0,nonsingular_isothermal,1.0,0.01,2.0,0.3,1.0,0.0,severe_coverage_warn,0.0,multiple,multiple,1;2;3;4;5;6;7;8,Lfrac minimum coverage 0.635 is below 0.8 | Lfrac coverage gap 0.365 exceeds 0.1 | third_integral minimum coverage 0.75 is below 0.8 | third_integral coverage gap 0.25 exceeds 0.1 | 17 planned shell-band/Lfrac/third-integral cells have no successful orbit,0.9111969111969112,1.0,0.9111969111969112,0.8918918918918919,0.6349206349206349,0.75,0.037422037422037424,0.3650793650793651,0.25,17.0,0.0,3540.0,3885.0,0.0,not_computed,not_computed,0.0,0.0,0.0,0.0,0.0,0.0,0.0,,,,,,,,,
17.654271893974123,7389.96469342181,501438.19030050497,1.297351816939552,inf,-1000000.0,orbit_fail_ml_up,86.0,inf,inf,inf,inf,0.0,0.0,0.0,incomplete_orbit_coverage,1.0,inf,inf,0.0,0.0,0.0,0.0,0.0,nonsingular_isothermal,1.0,0.01,2.0,0.3,1.0,0.0,severe_coverage_warn,0.0,multiple,multiple,1;2;3;4;5;6;7,Lfrac minimum coverage 0.717 is below 0.8 | Lfrac coverage gap 0.283 exceeds 0.1 | third_integral minimum coverage 0.781 is below 0.8 | third_integral coverage gap 0.219 exceeds 0.1 | 14 planned shell-band/Lfrac/third-integral cells have no successful orbit,0.9312741312741313,1.0,0.9312741312741313,0.9073359073359073,0.7174603174603175,0.780952380952381,0.09058509058509068,0.28253968253968254,0.21904761904761905,14.0,0.0,3618.0,3885.0,0.0,not_computed,not_computed,0.0,0.0,0.0,0.0,0.0,0.0,0.0,,,,,,,,,
17.654271893974123,7389.96469342181,501438.19030050497,0.324337954234888,inf,-1000000.0,orbit_fail_ml_down,86.0,inf,inf,inf,inf,0.0,0.0,0.0,incomplete_orbit_coverage,1.0,inf,inf,0.0,0.0,0.0,0.0,0.0,nonsingular_isothermal,1.0,0.01,2.0,0.3,1.0,0.0,severe_coverage_warn,0.0,multiple,multiple,1;2;3;4;5;6;7,Lfrac minimum coverage 0.698 is below 0.8 | Lfrac coverage gap 0.302 exceeds 0.1 | third_integral minimum coverage 0.781 is below 0.8 | third_integral coverage gap 0.219 exceeds 0.1 | 16 planned shell-band/Lfrac/third-integral cells have no successful orbit,0.9266409266409267,1.0,0.9266409266409267,0.9015444015444015,0.6984126984126984,0.780952380952381,0.09845559845559848,0.3015873015873016,0.21904761904761905,16.0,0.0,3600.0,3885.0,0.0,not_computed,not_computed,0.0,0.0,0.0,0.0,0.0,0.0,0.0,,,,,,,,,
7.374334151907664,1658.8602339744918,559883.4504332017,1.2407708832322322,inf,-1000000.0,orbit_fail_full,87.0,inf,inf,inf,inf,0.0,0.0,0.0,incomplete_orbit_coverage,1.0,inf,inf,0.0,0.0,0.0,0.0,0.0,nonsingular_isothermal,1.0,0.01,2.0,0.3,1.0,0.0,severe_coverage_warn,0.0,multiple,multiple,1;2;3;4;5;6,shell_band coverage gap 0.102 exceeds 0.1 | Lfrac minimum coverage 0.715 is below 0.8 | Lfrac coverage gap 0.285 exceeds 0.1 | third_integral coverage gap 0.198 exceeds 0.1 | 10 planned shell-band/Lfrac/third-integral cells have no successful orbit,0.9307593307593307,1.0,0.9307593307593307,0.8981288981288982,0.7153439153439154,0.8023809523809524,0.10187110187110182,0.2846560846560846,0.19761904761904758,10.0,0.0,3616.0,3885.0,0.0,not_computed,not_computed,0.0,0.0,0.0,0.0,0.0,0.0,0.0,,,,,,,,,
7.374334151907664,1658.8602339744918,0.0,1.2407708832322322,693.2911478500449,-693.2911478500449,pass_halo_only,87.0,693.2911478500449,0.20635141372451926,0.2021045419968279,0.2858189843090653,1.0,1.0,61.0,none,0.0,287.8523170076964,405.43883084234835,32.0,32.0,3453.0,15.04504858684384,0.2000713992551596,nonsingular_isothermal,1.0,0.01,2.0,0.3,1.0,0.0,strict_pass,1.0,none,none,,,1.0,1.0,1.0,1.0,1.0,1.0,0.0,0.0,0.0,0.0,0.0,3885.0,3885.0,1.0,inverse_phase_volume,geometric_mean,3885.0,3885.0,3885.0,0.0,420.0,0.0,0.0,3.6680143676011553e+33,6.776160482792272e+48,1847364760248693.5,1.8264575593819474e-09,3374133.3312920253,2.9637240198124577e-07,547507931.3304102,1847364760248682.5,0.0
7.374334151907664,1658.8602339744918,1119766.9008664035,1.2407708832322322,inf,-1000000.0,orbit_fail_bh_up,87.0,inf,inf,inf,inf,0.0,0.0,0.0,incomplete_orbit_coverage,1.0,inf,inf,0.0,0.0,0.0,0.0,0.0,nonsingular_isothermal,1.0,0.01,2.0,0.3,1.0,0.0,severe_coverage_warn,0.0,multiple,multiple,1;2;3;4;5;6,shell_band coverage gap 0.106 exceeds 0.1 | Lfrac minimum coverage 0.685 is below 0.8 | Lfrac coverage gap 0.315 exceeds 0.1 | third_integral minimum coverage 0.79 is below 0.8 | third_integral coverage gap 0.21 exceeds 0.1 | 14 planned shell-band/Lfrac/third-integral cells have no successful orbit,0.9232947232947233,1.0,0.9232947232947233,0.8938223938223938,0.6846560846560846,0.7904761904761904,0.10617760617760619,0.31534391534391537,0.20952380952380956,14.0,0.0,3587.0,3885.0,0.0,not_computed,not_computed,0.0,0.0,0.0,0.0,0.0,0.0,0.0,,,,,,,,,
7.374334151907664,1658.8602339744918,279941.72521660087,1.2407708832322322,inf,-1000000.0,orbit_fail_bh_down,87.0,inf,inf,inf,inf,0.0,0.0,0.0,incomplete_orbit_coverage,1.0,inf,inf,0.0,0.0,0.0,0.0,0.0,nonsingular_isothermal,1.0,0.01,2.0,0.3,1.0,0.0,severe_coverage_warn,0.0,multiple,multiple,1;2;3;4;5,Lfrac minimum coverage 0.742 is below 0.8 | Lfrac coverage gap 0.258 exceeds 0.1 | third_integral coverage gap 0.186 exceeds 0.1 | 9 planned shell-band/Lfrac/third-integral cells have no successful orbit,0.9371943371943372,1.0,0.9371943371943372,0.9085239085239085,0.7417989417989418,0.8142857142857143,0.09147609147609148,0.2582010582010582,0.18571428571428572,9.0,0.0,3641.0,3885.0,0.0,not_computed,not_computed,0.0,0.0,0.0,0.0,0.0,0.0,0.0,,,,,,,,,
14.748668303815329,1658.8602339744918,559883.4504332017,1.2407708832322322,inf,-1000000.0,orbit_fail_halo_up,87.0,inf,inf,inf,inf,0.0,0.0,0.0,incomplete_orbit_coverage,1.0,inf,inf,0.0,0.0,0.0,0.0,0.0,nonsingular_isothermal,1.0,0.01,2.0,0.3,1.0,0.0,severe_coverage_warn,0.0,multiple,multiple,1;2;3;4;5,Lfrac minimum coverage 0.754 is below 0.8 | Lfrac coverage gap 0.246 exceeds 0.1 | third_integral coverage gap 0.179 exceeds 0.1 | 10 planned shell-band/Lfrac/third-integral cells have no successful orbit,0.9402831402831403,1.0,0.9402831402831403,0.9054054054054054,0.7544973544973544,0.8214285714285714,0.09459459459459463,0.24550264550264556,0.1785714285714286,10.0,0.0,3653.0,3885.0,0.0,not_computed,not_computed,0.0,0.0,0.0,0.0,0.0,0.0,0.0,,,,,,,,,
3.687167075953832,1658.8602339744918,559883.4504332017,1.2407708832322322,inf,-1000000.0,orbit_fail_halo_down,87.0,inf,inf,inf,inf,0.0,0.0,0.0,incomplete_orbit_coverage,1.0,inf,inf,0.0,0.0,0.0,0.0,0.0,nonsingular_isothermal,1.0,0.01,2.0,0.3,1.0,0.0,severe_coverage_warn,0.0,multiple,multiple,1;2;3;4;5;6;7,Lfrac minimum coverage 0.633 is below 0.8 | Lfrac coverage gap 0.367 exceeds 0.1 | third_integral minimum coverage 0.774 is below 0.8 | third_integral coverage gap 0.226 exceeds 0.1 | 17 planned shell-band/Lfrac/third-integral cells have no successful orbit,0.9106821106821107,1.0,0.9106821106821107,0.8918918918918919,0.6328042328042328,0.7738095238095238,0.09771309771309777,0.3671957671957672,0.22619047619047616,17.0,0.0,3538.0,3885.0,0.0,not_computed,not_computed,0.0,0.0,0.0,0.0,0.0,0.0,0.0,,,,,,,,,
7.374334151907664,1658.8602339744918,559883.4504332017,1.6,inf,-1000000.0,orbit_fail_ml_up,87.0,inf,inf,inf,inf,0.0,0.0,0.0,incomplete_orbit_coverage,1.0,inf,inf,0.0,0.0,0.0,0.0,0.0,nonsingular_isothermal,1.0,0.01,2.0,0.3,1.0,0.0,severe_coverage_warn,0.0,multiple,multiple,1;2;3;4;5;6,Lfrac minimum coverage 0.716 is below 0.8 | Lfrac coverage gap 0.284 exceeds 0.1 | third_integral coverage gap 0.195 exceeds 0.1 | 12 planned shell-band/Lfrac/third-integral cells have no successful orbit,0.931016731016731,1.0,0.931016731016731,0.9015444015444015,0.7164021164021164,0.8047619047619048,0.09845559845559848,0.2835978835978836,0.1952380952380952,12.0,0.0,3617.0,3885.0,0.0,not_computed,not_computed,0.0,0.0,0.0,0.0,0.0,0.0,0.0,,,,,,,,,
7.374334151907664,1658.8602339744918,559883.4504332017,0.6203854416161161,inf,-1000000.0,orbit_fail_ml_down,87.0,inf,inf,inf,inf,0.0,0.0,0.0,incomplete_orbit_coverage,1.0,inf,inf,0.0,0.0,0.0,0.0,0.0,nonsingular_isothermal,1.0,0.01,2.0,0.3,1.0,0.0,severe_coverage_warn,0.0,multiple,multiple,1;2;3;4;5;6,Lfrac minimum coverage 0.706 is below 0.8 | Lfrac coverage gap 0.294 exceeds 0.1 | third_integral coverage gap 0.198 exceeds 0.1 | 12 planned shell-band/Lfrac/third-integral cells have no successful orbit,0.9284427284427285,1.0,0.9284427284427285,0.9002079002079002,0.7058201058201058,0.8023809523809524,0.0997920997920998,0.2941798941798942,0.19761904761904758,12.0,0.0,3607.0,3885.0,0.0,not_computed,not_computed,0.0,0.0,0.0,0.0,0.0,0.0,0.0,,,,,,,,,
5.966957233088603,9282.389254132197,221923.65509529188,1.3416138800123485,inf,-1000000.0,orbit_fail_full,88.0,inf,inf,inf,inf,0.0,0.0,0.0,incomplete_orbit_coverage,1.0,inf,inf,0.0,0.0,0.0,0.0,0.0,nonsingular_isothermal,1.0,0.01,2.0,0.3,1.0,0.0,severe_coverage_warn,0.0,multiple,multiple,1;2;3;4;5;6;7;8,Lfrac minimum coverage 0.65 is below 0.8 | Lfrac coverage gap 0.35 exceeds 0.1 | third_integral minimum coverage 0.75 is below 0.8 | third_integral coverage gap 0.25 exceeds 0.1 | 16 planned shell-band/Lfrac/third-integral cells have no successful orbit,0.9148005148005148,1.0,0.9148005148005148,0.8976833976833977,0.6497354497354497,0.75,0.02955152955152962,0.3502645502645503,0.25,16.0,0.0,3554.0,3885.0,0.0,not_computed,not_computed,0.0,0.0,0.0,0.0,0.0,0.0,0.0,,,,,,,,,
5.966957233088603,9282.389254132197,0.0,1.3416138800123485,877.8342291315395,-877.8342291315395,pass_halo_only,88.0,877.8342291315395,0.27935717393722825,0.21939051105270677,0.31026503618664647,1.0,1.0,86.0,none,0.0,426.2136521421509,451.62057698938827,32.0,32.0,76.0,24.42000551432845,0.09209931531571174,nonsingular_isothermal,1.0,0.01,2.0,0.3,1.0,0.0,strict_pass,1.0,none,none,,,1.0,1.0,1.0,1.0,1.0,1.0,0.0,0.0,0.0,0.0,0.0,3885.0,3885.0,1.0,inverse_phase_volume,geometric_mean,3885.0,3885.0,3885.0,0.0,420.0,0.0,0.0,1.4545326584185567e+30,1.4151529156943428e+45,972926188699654.5,1.499286399017111e-11,14586.950019649465,6.855442698116757e-05,66698397361.276085,972926188699654.0,0.0
5.966957233088603,9282.389254132197,443847.31019058375,1.3416138800123485,inf,-1000000.0,orbit_fail_bh_up,88.0,inf,inf,inf,inf,0.0,0.0,0.0,incomplete_orbit_coverage,1.0,inf,inf,0.0,0.0,0.0,0.0,0.0,nonsingular_isothermal,1.0,0.01,2.0,0.3,1.0,0.0,severe_coverage_warn,0.0,multiple,multiple,1;2;3;4;5;6;7;8,Lfrac minimum coverage 0.621 is below 0.8 | Lfrac coverage gap 0.379 exceeds 0.1 | third_integral minimum coverage 0.75 is below 0.8 | third_integral coverage gap 0.25 exceeds 0.1 | 20 planned shell-band/Lfrac/third-integral cells have no successful orbit,0.9078507078507079,1.0,0.9078507078507079,0.8918918918918919,0.6211640211640211,0.75,0.029106029106029108,0.37883597883597886,0.25,20.0,0.0,3527.0,3885.0,0.0,not_computed,not_computed,0.0,0.0,0.0,0.0,0.0,0.0,0.0,,,,,,,,,
5.966957233088603,9282.389254132197,110961.82754764594,1.3416138800123485,inf,-1000000.0,orbit_fail_bh_down,88.0,inf,inf,inf,inf,0.0,0.0,0.0,incomplete_orbit_coverage,1.0,inf,inf,0.0,0.0,0.0,0.0,0.0,nonsingular_isothermal,1.0,0.01,2.0,0.3,1.0,0.0,severe_coverage_warn,0.0,multiple,multiple,1;2;3;4;5;6;7,Lfrac minimum coverage 0.661 is below 0.8 | Lfrac coverage gap 0.339 exceeds 0.1 | third_integral minimum coverage 0.752 is below 0.8 | third_integral coverage gap 0.248 exceeds 0.1 | 15 planned shell-band/Lfrac/third-integral cells have no successful orbit,0.9176319176319176,1.0,0.9176319176319176,0.888030888030888,0.6613756613756614,0.7523809523809524,0.059994059994060045,0.3386243386243386,0.24761904761904763,15.0,0.0,3565.0,3885.0,0.0,not_computed,not_computed,0.0,0.0,0.0,0.0,0.0,0.0,0.0,,,,,,,,,
11.933914466177207,9282.389254132197,221923.65509529188,1.3416138800123485,inf,-1000000.0,orbit_fail_halo_up,88.0,inf,inf,inf,inf,0.0,0.0,0.0,incomplete_orbit_coverage,1.0,inf,inf,0.0,0.0,0.0,0.0,0.0,nonsingular_isothermal,1.0,0.01,2.0,0.3,1.0,0.0,severe_coverage_warn,0.0,multiple,multiple,1;2;3;4;5;6;7,Lfrac minimum coverage 0.696 is below 0.8 | Lfrac coverage gap 0.304 exceeds 0.1 | third_integral minimum coverage 0.771 is below 0.8 | third_integral coverage gap 0.229 exceeds 0.1 | 13 planned shell-band/Lfrac/third-integral cells have no successful orbit,0.9261261261261261,1.0,0.9261261261261261,0.9034749034749034,0.6962962962962963,0.7714285714285715,0.08405108405108408,0.3037037037037037,0.22857142857142854,13.0,0.0,3598.0,3885.0,0.0,not_computed,not_computed,0.0,0.0,0.0,0.0,0.0,0.0,0.0,,,,,,,,,
2.9834786165443017,9282.389254132197,221923.65509529188,1.3416138800123485,inf,-1000000.0,orbit_fail_halo_down,88.0,inf,inf,inf,inf,0.0,0.0,0.0,incomplete_orbit_coverage,1.0,inf,inf,0.0,0.0,0.0,0.0,0.0,nonsingular_isothermal,1.0,0.01,2.0,0.3,1.0,0.0,severe_coverage_warn,0.0,multiple,multiple,1;2;3;4;5;6;7;8,Lfrac minimum coverage 0.618 is below 0.8 | Lfrac coverage gap 0.382 exceeds 0.1 | third_integral minimum coverage 0.75 is below 0.8 | third_integral coverage gap 0.25 exceeds 0.1 | 19 planned shell-band/Lfrac/third-integral cells have no successful orbit,0.9070785070785071,1.0,0.9070785070785071,0.88996138996139,0.617989417989418,0.75,0.026878526878526876,0.382010582010582,0.25,19.0,0.0,3524.0,3885.0,0.0,not_computed,not_computed,0.0,0.0,0.0,0.0,0.0,0.0,0.0,,,,,,,,,
5.966957233088603,9282.389254132197,221923.65509529188,1.6,inf,-1000000.0,orbit_fail_ml_up,88.0,inf,inf,inf,inf,0.0,0.0,0.0,incomplete_orbit_coverage,1.0,inf,inf,0.0,0.0,0.0,0.0,0.0,nonsingular_isothermal,1.0,0.01,2.0,0.3,1.0,0.0,severe_coverage_warn,0.0,multiple,multiple,1;2;3;4;5;6;7;8,Lfrac minimum coverage 0.65 is below 0.8 | Lfrac coverage gap 0.35 exceeds 0.1 | third_integral minimum coverage 0.75 is below 0.8 | third_integral coverage gap 0.25 exceeds 0.1 | 15 planned shell-band/Lfrac/third-integral cells have no successful orbit,0.9148005148005148,1.0,0.9148005148005148,0.8938223938223938,0.6497354497354497,0.75,0.029254529254529316,0.3502645502645503,0.25,15.0,0.0,3554.0,3885.0,0.0,not_computed,not_computed,0.0,0.0,0.0,0.0,0.0,0.0,0.0,,,,,,,,,
5.966957233088603,9282.389254132197,221923.65509529188,0.6708069400061742,inf,-1000000.0,orbit_fail_ml_down,88.0,inf,inf,inf,inf,0.0,0.0,0.0,incomplete_orbit_coverage,1.0,inf,inf,0.0,0.0,0.0,0.0,0.0,nonsingular_isothermal,1.0,0.01,2.0,0.3,1.0,0.0,severe_coverage_warn,0.0,multiple,multiple,1;2;3;4;5;6;7;8,Lfrac minimum coverage 0.646 is below 0.8 | Lfrac coverage gap 0.354 exceeds 0.1 | third_integral minimum coverage 0.75 is below 0.8 | third_integral coverage gap 0.25 exceeds 0.1 | 18 planned shell-band/Lfrac/third-integral cells have no successful orbit,0.9137709137709138,1.0,0.9137709137709138,0.8976833976833977,0.6455026455026455,0.75,0.027472527472527486,0.35449735449735453,0.25,18.0,0.0,3550.0,3885.0,0.0,not_computed,not_computed,0.0,0.0,0.0,0.0,0.0,0.0,0.0,,,,,,,,,
15.707797673760766,6114.143959588125,439639.9842121254,1.3301488931518624,inf,-1000000.0,orbit_fail_full,89.0,inf,inf,inf,inf,0.0,0.0,0.0,incomplete_orbit_coverage,1.0,inf,inf,0.0,0.0,0.0,0.0,0.0,nonsingular_isothermal,1.0,0.01,2.0,0.3,1.0,0.0,severe_coverage_warn,0.0,multiple,multiple,1;2;3;4;5;6,shell_band coverage gap 0.102 exceeds 0.1 | Lfrac minimum coverage 0.711 is below 0.8 | Lfrac coverage gap 0.289 exceeds 0.1 | third_integral minimum coverage 0.786 is below 0.8 | third_integral coverage gap 0.214 exceeds 0.1 | 14 planned shell-band/Lfrac/third-integral cells have no successful orbit,0.9297297297297298,1.0,0.9297297297297298,0.8976833976833977,0.7111111111111111,0.7857142857142857,0.10231660231660233,0.28888888888888886,0.2142857142857143,14.0,0.0,3612.0,3885.0,0.0,not_computed,not_computed,0.0,0.0,0.0,0.0,0.0,0.0,0.0,,,,,,,,,
15.707797673760766,6114.143959588125,0.0,1.3301488931518624,903.2935022486387,-903.2935022486387,pass_halo_only,89.0,903.2935022486387,0.09300660643248193,0.24646160782666363,0.3485493483926839,1.0,1.0,2.0,none,0.0,446.61609016124856,456.6774120873898,32.0,32.0,1034.0,21.23220246702094,0.09628745510466298,nonsingular_isothermal,1.0,0.01,2.0,0.3,1.0,0.0,strict_pass,1.0,none,none,,,1.0,1.0,1.0,1.0,1.0,1.0,0.0,0.0,0.0,0.0,0.0,3885.0,3885.0,1.0,inverse_phase_volume,geometric_mean,3885.0,3885.0,3885.0,0.0,420.0,0.0,0.0,5.067960310607493e+32,7.883998648093305e+47,1555655167936438.8,7.683810898966748e-10,1195336.0134423794,8.365848504138661e-07,1301437545.963646,1555655167936418.0,0.0
15.707797673760766,6114.143959588125,879279.9684242508,1.3301488931518624,inf,-1000000.0,orbit_fail_bh_up,89.0,inf,inf,inf,inf,0.0,0.0,0.0,incomplete_orbit_coverage,1.0,inf,inf,0.0,0.0,0.0,0.0,0.0,nonsingular_isothermal,1.0,0.01,2.0,0.3,1.0,0.0,severe_coverage_warn,0.0,multiple,multiple,1;2;3;4;5;6;7,Lfrac minimum coverage 0.678 is below 0.8 | Lfrac coverage gap 0.322 exceeds 0.1 | third_integral minimum coverage 0.774 is below 0.8 | third_integral coverage gap 0.226 exceeds 0.1 | 17 planned shell-band/Lfrac/third-integral cells have no successful orbit,0.9217503217503218,1.0,0.9217503217503218,0.88996138996139,0.6783068783068783,0.7738095238095238,0.0996435996435997,0.3216931216931217,0.22619047619047616,17.0,0.0,3581.0,3885.0,0.0,not_computed,not_computed,0.0,0.0,0.0,0.0,0.0,0.0,0.0,,,,,,,,,
15.707797673760766,6114.143959588125,219819.9921060627,1.3301488931518624,inf,-1000000.0,orbit_fail_bh_down,89.0,inf,inf,inf,inf,0.0,0.0,0.0,incomplete_orbit_coverage,1.0,inf,inf,0.0,0.0,0.0,0.0,0.0,nonsingular_isothermal,1.0,0.01,2.0,0.3,1.0,0.0,severe_coverage_warn,0.0,multiple,multiple,1;2;3;4;5;6,Lfrac minimum coverage 0.733 is below 0.8 | Lfrac coverage gap 0.267 exceeds 0.1 | third_integral coverage gap 0.2 exceeds 0.1 | 13 planned shell-band/Lfrac/third-integral cells have no successful orbit,0.9351351351351351,1.0,0.9351351351351351,0.9092664092664092,0.7333333333333333,0.8,0.09073359073359077,0.2666666666666667,0.19999999999999996,13.0,0.0,3633.0,3885.0,0.0,not_computed,not_computed,0.0,0.0,0.0,0.0,0.0,0.0,0.0,,,,,,,,,
30.0,6114.143959588125,439639.9842121254,1.3301488931518624,inf,-1000000.0,orbit_fail_halo_up,89.0,inf,inf,inf,inf,0.0,0.0,0.0,incomplete_orbit_coverage,1.0,inf,inf,0.0,0.0,0.0,0.0,0.0,nonsingular_isothermal,1.0,0.01,2.0,0.3,1.0,0.0,severe_coverage_warn,0.0,multiple,multiple,1;2;3;4;5;6,Lfrac minimum coverage 0.745 is below 0.8 | Lfrac coverage gap 0.255 exceeds 0.1 | third_integral coverage gap 0.195 exceeds 0.1 | 11 planned shell-band/Lfrac/third-integral cells have no successful orbit,0.937966537966538,1.0,0.937966537966538,0.9147609147609148,0.744973544973545,0.8047619047619048,0.08523908523908519,0.25502645502645505,0.1952380952380952,11.0,0.0,3644.0,3885.0,0.0,not_computed,not_computed,0.0,0.0,0.0,0.0,0.0,0.0,0.0,,,,,,,,,
7.853898836880383,6114.143959588125,439639.9842121254,1.3301488931518624,inf,-1000000.0,orbit_fail_halo_down,89.0,inf,inf,inf,inf,0.0,0.0,0.0,incomplete_orbit_coverage,1.0,inf,inf,0.0,0.0,0.0,0.0,0.0,nonsingular_isothermal,1.0,0.01,2.0,0.3,1.0,0.0,severe_coverage_warn,0.0,multiple,multiple,1;2;3;4;5;6;7,Lfrac minimum coverage 0.648 is below 0.8 | Lfrac coverage gap 0.352 exceeds 0.1 | third_integral minimum coverage 0.752 is below 0.8 | third_integral coverage gap 0.248 exceeds 0.1 | 16 planned shell-band/Lfrac/third-integral cells have no successful orbit,0.9142857142857143,1.0,0.9142857142857143,0.888030888030888,0.6476190476190476,0.7523809523809524,0.05583605583605589,0.35238095238095235,0.24761904761904763,16.0,0.0,3552.0,3885.0,0.0,not_computed,not_computed,0.0,0.0,0.0,0.0,0.0,0.0,0.0,,,,,,,,,
15.707797673760766,6114.143959588125,439639.9842121254,1.6,inf,-1000000.0,orbit_fail_ml_up,89.0,inf,inf,inf,inf,0.0,0.0,0.0,incomplete_orbit_coverage,1.0,inf,inf,0.0,0.0,0.0,0.0,0.0,nonsingular_isothermal,1.0,0.01,2.0,0.3,1.0,0.0,severe_coverage_warn,0.0,multiple,multiple,1;2;3;4;5;6,Lfrac minimum coverage 0.719 is below 0.8 | Lfrac coverage gap 0.281 exceeds 0.1 | third_integral minimum coverage 0.786 is below 0.8 | third_integral coverage gap 0.214 exceeds 0.1 | 11 planned shell-band/Lfrac/third-integral cells have no successful orbit,0.9315315315315316,1.0,0.9315315315315316,0.9034749034749034,0.7185185185185186,0.7857142857142857,0.09652509652509655,0.28148148148148144,0.2142857142857143,11.0,0.0,3619.0,3885.0,0.0,not_computed,not_computed,0.0,0.0,0.0,0.0,0.0,0.0,0.0,,,,,,,,,
15.707797673760766,6114.143959588125,439639.9842121254,0.6650744465759312,inf,-1000000.0,orbit_fail_ml_down,89.0,inf,inf,inf,inf,0.0,0.0,0.0,incomplete_orbit_coverage,1.0,inf,inf,0.0,0.0,0.0,0.0,0.0,nonsingular_isothermal,1.0,0.01,2.0,0.3,1.0,0.0,severe_coverage_warn,0.0,multiple,multiple,1;2;3;4;5;6,shell_band coverage gap 0.108 exceeds 0.1 | Lfrac minimum coverage 0.708 is below 0.8 | Lfrac coverage gap 0.292 exceeds 0.1 | third_integral minimum coverage 0.783 is below 0.8 | third_integral coverage gap 0.217 exceeds 0.1 | 14 planned shell-band/Lfrac/third-integral cells have no successful orbit,0.9289575289575289,1.0,0.9289575289575289,0.8918918918918919,0.707936507936508,0.7833333333333333,0.10810810810810811,0.292063492063492,0.21666666666666667,14.0,0.0,3609.0,3885.0,0.0,not_computed,not_computed,0.0,0.0,0.0,0.0,0.0,0.0,0.0,,,,,,,,,
24.02873334677185,1976.611013589373,824078.9096289052,1.1691374127163423,inf,-1000000.0,orbit_fail_full,90.0,inf,inf,inf,inf,0.0,0.0,0.0,incomplete_orbit_coverage,1.0,inf,inf,0.0,0.0,0.0,0.0,0.0,nonsingular_isothermal,1.0,0.01,2.0,0.3,1.0,0.0,severe_coverage_warn,0.0,multiple,multiple,1;2;3;4;5,Lfrac minimum coverage 0.757 is below 0.8 | Lfrac coverage gap 0.243 exceeds 0.1 | third_integral coverage gap 0.179 exceeds 0.1 | 9 planned shell-band/Lfrac/third-integral cells have no successful orbit,0.9407979407979408,1.0,0.9407979407979408,0.9092664092664092,0.7566137566137566,0.8214285714285714,0.09073359073359077,0.24338624338624337,0.1785714285714286,9.0,0.0,3655.0,3885.0,0.0,not_computed,not_computed,0.0,0.0,0.0,0.0,0.0,0.0,0.0,,,,,,,,,
24.02873334677185,1976.611013589373,0.0,1.1691374127163423,215.10190274737727,-215.10190274737727,pass_halo_only,90.0,215.10190274737727,0.006716075840159874,0.2200293540152538,0.3111684965685069,1.0,1.0,29.0,none,0.0,103.67988886921276,111.42201387816456,32.0,32.0,266.0,15.61061476230335,0.14555567771584177,nonsingular_isothermal,1.0,0.01,2.0,0.3,1.0,0.0,strict_pass,1.0,none,none,,,1.0,1.0,1.0,1.0,1.0,1.0,0.0,0.0,0.0,0.0,0.0,3885.0,3885.0,1.0,inverse_phase_volume,geometric_mean,3885.0,3885.0,3885.0,0.0,420.0,0.0,0.0,3.1917547934236336e+34,3.892743072077845e+50,1.219624728095825e+16,2.144365366357011e-09,26153210.268812537,3.823622376456365e-08,466338440.1226671,1.2196247280958156e+16,0.0
24.02873334677185,1976.611013589373,1648157.8192578105,1.1691374127163423,inf,-1000000.0,orbit_fail_bh_up,90.0,inf,inf,inf,inf,0.0,0.0,0.0,incomplete_orbit_coverage,1.0,inf,inf,0.0,0.0,0.0,0.0,0.0,nonsingular_isothermal,1.0,0.01,2.0,0.3,1.0,0.0,severe_coverage_warn,0.0,multiple,multiple,1;2;3;4;5;6,Lfrac minimum coverage 0.75 is below 0.8 | Lfrac coverage gap 0.25 exceeds 0.1 | third_integral coverage gap 0.186 exceeds 0.1 | 11 planned shell-band/Lfrac/third-integral cells have no successful orbit,0.9392535392535393,1.0,0.9392535392535393,0.9054054054054054,0.7502645502645503,0.8142857142857143,0.09459459459459463,0.2497354497354497,0.18571428571428572,11.0,0.0,3649.0,3885.0,0.0,not_computed,not_computed,0.0,0.0,0.0,0.0,0.0,0.0,0.0,,,,,,,,,
24.02873334677185,1976.611013589373,412039.4548144526,1.1691374127163423,inf,-1000000.0,orbit_fail_bh_down,90.0,inf,inf,inf,inf,0.0,0.0,0.0,incomplete_orbit_coverage,1.0,inf,inf,0.0,0.0,0.0,0.0,0.0,nonsingular_isothermal,1.0,0.01,2.0,0.3,1.0,0.0,severe_coverage_warn,0.0,multiple,multiple,1;2;3;4;5,Lfrac minimum coverage 0.785 is below 0.8 | Lfrac coverage gap 0.215 exceeds 0.1 | third_integral coverage gap 0.167 exceeds 0.1 | 9 planned shell-band/Lfrac/third-integral cells have no successful orbit,0.9477477477477477,1.0,0.9477477477477477,0.916988416988417,0.7851851851851852,0.8333333333333334,0.08301158301158296,0.2148148148148148,0.16666666666666663,9.0,0.0,3682.0,3885.0,0.0,not_computed,not_computed,0.0,0.0,0.0,0.0,0.0,0.0,0.0,,,,,,,,,
30.0,1976.611013589373,824078.9096289052,1.1691374127163423,inf,-1000000.0,orbit_fail_halo_up,90.0,inf,inf,inf,inf,0.0,0.0,0.0,incomplete_orbit_coverage,1.0,inf,inf,0.0,0.0,0.0,0.0,0.0,nonsingular_isothermal,1.0,0.01,2.0,0.3,1.0,0.0,severe_coverage_warn,0.0,multiple,multiple,1;2;3;4;5,Lfrac minimum coverage 0.779 is below 0.8 | Lfrac coverage gap 0.221 exceeds 0.1 | third_integral coverage gap 0.174 exceeds 0.1 | 9 planned shell-band/Lfrac/third-integral cells have no successful orbit,0.9462033462033462,1.0,0.9462033462033462,0.9092664092664092,0.7788359788359789,0.8261904761904761,0.09073359073359077,0.22116402116402112,0.17380952380952386,9.0,0.0,3676.0,3885.0,0.0,not_computed,not_computed,0.0,0.0,0.0,0.0,0.0,0.0,0.0,,,,,,,,,
12.014366673385926,1976.611013589373,824078.9096289052,1.1691374127163423,inf,-1000000.0,orbit_fail_halo_down,90.0,inf,inf,inf,inf,0.0,0.0,0.0,incomplete_orbit_coverage,1.0,inf,inf,0.0,0.0,0.0,0.0,0.0,nonsingular_isothermal,1.0,0.01,2.0,0.3,1.0,0.0,severe_coverage_warn,0.0,multiple,multiple,1;2;3;4;5;6,Lfrac minimum coverage 0.724 is below 0.8 | Lfrac coverage gap 0.276 exceeds 0.1 | third_integral coverage gap 0.195 exceeds 0.1 | 11 planned shell-band/Lfrac/third-integral cells have no successful orbit,0.9328185328185328,1.0,0.9328185328185328,0.9022869022869023,0.7238095238095238,0.8047619047619048,0.09771309771309766,0.2761904761904762,0.1952380952380952,11.0,0.0,3624.0,3885.0,0.0,not_computed,not_computed,0.0,0.0,0.0,0.0,0.0,0.0,0.0,,,,,,,,,
24.02873334677185,1976.611013589373,824078.9096289052,1.6,inf,-1000000.0,orbit_fail_ml_up,90.0,inf,inf,inf,inf,0.0,0.0,0.0,incomplete_orbit_coverage,1.0,inf,inf,0.0,0.0,0.0,0.0,0.0,nonsingular_isothermal,1.0,0.01,2.0,0.3,1.0,0.0,severe_coverage_warn,0.0,multiple,multiple,1;2;3;4;5,Lfrac minimum coverage 0.758 is below 0.8 | Lfrac coverage gap 0.242 exceeds 0.1 | third_integral coverage gap 0.179 exceeds 0.1 | 13 planned shell-band/Lfrac/third-integral cells have no successful orbit,0.941055341055341,1.0,0.941055341055341,0.9092664092664092,0.7576719576719577,0.8214285714285714,0.09073359073359077,0.24232804232804228,0.1785714285714286,13.0,0.0,3656.0,3885.0,0.0,not_computed,not_computed,0.0,0.0,0.0,0.0,0.0,0.0,0.0,,,,,,,,,
24.02873334677185,1976.611013589373,824078.9096289052,0.5845687063581712,inf,-1000000.0,orbit_fail_ml_down,90.0,inf,inf,inf,inf,0.0,0.0,0.0,incomplete_orbit_coverage,1.0,inf,inf,0.0,0.0,0.0,0.0,0.0,nonsingular_isothermal,1.0,0.01,2.0,0.3,1.0,0.0,severe_coverage_warn,0.0,multiple,multiple,1;2;3;4;5,Lfrac minimum coverage 0.769 is below 0.8 | Lfrac coverage gap 0.231 exceeds 0.1 | third_integral coverage gap 0.176 exceeds 0.1 | 8 planned shell-band/Lfrac/third-integral cells have no successful orbit,0.9438867438867439,1.0,0.9438867438867439,0.9092664092664092,0.7693121693121693,0.8238095238095238,0.09073359073359077,0.23068783068783072,0.17619047619047623,8.0,0.0,3667.0,3885.0,0.0,not_computed,not_computed,0.0,0.0,0.0,0.0,0.0,0.0,0.0,,,,,,,,,
9.228219097212328,14.235036918620452,450363.46289512893,0.41487213058217076,14.262725984036324,-14.262725984036324,pass_full,91.0,14.262725984036324,0.13836779169802327,0.22697654096978806,0.32099330257988307,1.0,1.0,9.0,none,0.0,3.4930176165323807,10.769708367503943,32.0,32.0,3655.0,16.81546524564485,0.18000363369690703,nonsingular_isothermal,1.0,0.01,2.0,0.3,1.0,0.0,strict_pass,1.0,none,none,,,0.9948519948519948,1.0,0.9948519948519948,0.9613899613899614,0.9788359788359788,0.9833333333333333,0.038610038610038644,0.021164021164021163,0.01666666666666672,0.0,0.0,3865.0,3885.0,1.0,inverse_phase_volume,geometric_mean,3865.0,3865.0,3865.0,0.0,420.0,0.0,0.0,2.8948638925320324e+42,6.563433320345042e+51,2267268363.5582757,1.9152143629659404e-07,434.23049345851126,0.0023029244032018803,5221347.643045969,2267268363.5582857,0.0
9.228219097212328,14.235036918620452,0.0,0.41487213058217076,40.693763906425524,-40.693763906425524,pass_halo_only,91.0,40.693763906425524,0.06782884780057685,0.22276376460197359,0.3319909897775649,1.0,1.0,7.0,none,0.0,19.446427204684543,21.247336701740988,32.0,32.0,367.0,16.116344000891413,0.12406861414393089,nonsingular_isothermal,1.0,0.01,2.0,0.3,1.0,0.0,strict_pass,1.0,none,none,,,1.0,1.0,1.0,1.0,1.0,1.0,0.0,0.0,0.0,0.0,0.0,3885.0,3885.0,1.0,inverse_phase_volume,geometric_mean,3885.0,3885.0,3885.0,0.0,420.0,0.0,0.0,5.064231943076131e+38,4.386125254726747e+51,8660988090649.168,1.8736458644427112e-10,1622.7624518032505,0.0006162331392920617,5337187880.471935,8660988090649.231,0.0
9.228219097212328,14.235036918620452,900726.9257902579,0.41487213058217076,33.43975113254658,-33.43975113254658,pass_bh_up,91.0,33.43975113254658,0.13410203286696287,0.20697020489452259,0.292700070768967,1.0,1.0,13.0,none,0.0,13.842237048586243,19.597514083960345,32.0,32.0,101.0,8.557513265970398,0.23590550195141066,nonsingular_isothermal,1.0,0.01,2.0,0.3,1.0,0.0,strict_pass,1.0,none,none,,,0.9912483912483913,1.0,0.9912483912483913,0.9343629343629344,0.964021164021164,0.9761904761904762,0.06563706563706562,0.035978835978836,0.023809523809523836,0.0,0.0,3851.0,3885.0,1.0,inverse_phase_volume,geometric_mean,3851.0,3851.0,3851.0,0.0,420.0,0.0,0.0,4.847750363636333e+41,4.020338822779539e+51,8293205138.89633,1.743588886104311e-08,144.59940310362848,0.006915657869509606,57352969.382266104,8293205138.896358,0.0
9.228219097212328,14.235036918620452,225181.73144756447,0.41487213058217076,20.738459518423983,-20.738459518423983,pass_bh_down,91.0,20.738459518423983,0.09253419342933711,0.23020635196009623,0.32556094508627675,1.0,1.0,22.0,none,0.0,5.0138713332746985,15.724588185149283,32.0,32.0,1558.0,16.870621532882918,0.16126238240194493,nonsingular_isothermal,1.0,0.01,2.0,0.3,1.0,0.0,strict_pass,1.0,none,none,,,0.9969111969111969,1.0,0.9969111969111969,0.9768339768339769,0.9873015873015873,0.9880952380952381,0.02316602316602312,0.012698412698412653,0.011904761904761862,0.0,0.0,3873.0,3885.0,1.0,inverse_phase_volume,geometric_mean,3873.0,3873.0,3873.0,0.0,420.0,0.0,0.0,5.8732425007671846e+41,4.431674328829573e+51,7545532690.418778,6.230253991839248e-08,470.10585165034803,0.0021271804987949244,16050709.992078312,7545532690.418725,0.0
18.456438194424656,14.235036918620452,450363.46289512893,0.41487213058217076,44.86385504554801,-44.86385504554801,pass_halo_up,91.0,44.86385504554801,0.21809906443206017,0.23363796354251884,0.33041397672693357,1.0,1.0,122.0,none,0.0,13.883864757961232,30.979990287586755,32.0,32.0,68.0,14.616968803252659,0.1432056393844174,nonsingular_isothermal,1.0,0.01,2.0,0.3,1.0,0.0,strict_pass,1.0,none,none,,,0.9992277992277993,1.0,0.9992277992277993,0.9942084942084942,0.9968253968253968,0.9952380952380953,0.00579150579150578,0.0031746031746031633,0.004761904761904745,0.0,0.0,3882.0,3885.0,1.0,inverse_phase_volume,geometric_mean,3882.0,3882.0,3882.0,0.0,420.0,0.0,0.0,2.6678475987228312e+45,6.351683493330099e+52,23808269.619189706,2.207620590920299e-05,525.5962624550564,0.001902601048434034,45297.638738870715,23808269.61918982,0.0
4.614109548606164,14.235036918620452,450363.46289512893,0.41487213058217076,inf,-1000000.0,orbit_fail_halo_down,91.0,inf,inf,inf,inf,0.0,0.0,0.0,incomplete_orbit_coverage,1.0,inf,inf,0.0,0.0,0.0,0.0,0.0,nonsingular_isothermal,1.0,0.01,2.0,0.3,1.0,0.0,severe_coverage_warn,0.0,inner,joint,1,1 planned shell-band/Lfrac/third-integral cells have no successful orbit,0.9863577863577864,1.0,0.9863577863577864,0.9034749034749034,0.9439153439153439,0.9619047619047619,0.09652509652509655,0.05608465608465607,0.03809523809523807,1.0,0.0,3832.0,3885.0,0.0,not_computed,not_computed,0.0,0.0,0.0,0.0,0.0,0.0,0.0,,,,,,,,,
9.228219097212328,14.235036918620452,450363.46289512893,0.8297442611643415,26.7027843812004,-26.7027843812004,pass_ml_up,91.0,26.7027843812004,0.10351247043321266,0.22482322347191833,0.31794805177030155,1.0,1.0,77.0,none,0.0,13.202680996158977,13.500103385041415,32.0,32.0,649.0,12.904095687615147,0.1606226459735954,nonsingular_isothermal,1.0,0.01,2.0,0.3,1.0,0.0,strict_pass,1.0,none,none,,,0.9953667953667954,1.0,0.9953667953667954,0.9652509652509652,0.9809523809523809,0.9833333333333333,0.03474903474903479,0.01904761904761909,0.01666666666666672,0.0,0.0,3867.0,3885.0,1.0,inverse_phase_volume,geometric_mean,3867.0,3867.0,3867.0,0.0,420.0,0.0,0.0,2.977374239031546e+42,6.567218632976888e+51,2205708152.802791,1.9636284113527408e-07,433.1191195995942,0.0023088336551027122,5092613.216525531,2205708152.802796,0.0
9.228219097212328,14.235036918620452,450363.46289512893,0.20743606529108538,40.439521250722066,-40.439521250722066,pass_ml_down,91.0,40.439521250722066,0.16427953038333953,0.2686387484458504,0.37991256143090946,1.0,1.0,3.0,none,0.0,19.271508646303698,21.168012604418376,32.0,32.0,358.0,15.049492013331845,0.1283842851238763,nonsingular_isothermal,1.0,0.01,2.0,0.3,1.0,0.0,strict_pass,1.0,none,none,,,0.9948519948519948,1.0,0.9948519948519948,0.9613899613899614,0.9788359788359788,0.9857142857142858,0.038610038610038644,0.021164021164021163,0.014285714285714235,0.0,0.0,3865.0,3885.0,1.0,inverse_phase_volume,geometric_mean,3865.0,3865.0,3865.0,0.0,420.0,0.0,0.0,2.854042375633358e+42,6.56190860192461e+51,2299162989.9918413,1.879176546061285e-07,432.05331663648036,0.0023145291599309184,5321479.783770073,2299162989.9918404,0.0
16.13302863659443,3730.7942684909135,2444240.239871402,0.5891665373626092,inf,-1000000.0,orbit_fail_full,92.0,inf,inf,inf,inf,0.0,0.0,0.0,incomplete_orbit_coverage,1.0,inf,inf,0.0,0.0,0.0,0.0,0.0,nonsingular_isothermal,1.0,0.01,2.0,0.3,1.0,0.0,severe_coverage_warn,0.0,multiple,multiple,1;2;3;4;5;6;7,Lfrac minimum coverage 0.668 is below 0.8 | Lfrac coverage gap 0.332 exceeds 0.1 | third_integral minimum coverage 0.769 is below 0.8 | third_integral coverage gap 0.231 exceeds 0.1 | 17 planned shell-band/Lfrac/third-integral cells have no successful orbit,0.9191763191763191,1.0,0.9191763191763191,0.8981288981288982,0.6677248677248677,0.7690476190476191,0.08523908523908519,0.3322751322751323,0.2309523809523809,17.0,0.0,3571.0,3885.0,0.0,not_computed,not_computed,0.0,0.0,0.0,0.0,0.0,0.0,0.0,,,,,,,,,
16.13302863659443,3730.7942684909135,0.0,0.5891665373626092,619.8413871167876,-619.8413871167876,pass_halo_only,92.0,619.8413871167876,0.10897469566043583,0.21486159545311542,0.30386018232286244,1.0,1.0,35.0,none,0.0,255.68444270079058,364.1569444159968,32.0,32.0,1533.0,14.153250198828285,0.2100238406739379,nonsingular_isothermal,1.0,0.01,2.0,0.3,1.0,0.0,strict_pass,1.0,none,none,,,1.0,1.0,1.0,1.0,1.0,1.0,0.0,0.0,0.0,0.0,0.0,3885.0,3885.0,1.0,inverse_phase_volume,geometric_mean,3885.0,3885.0,3885.0,0.0,420.0,0.0,0.0,3.708769434117757e+33,6.442256366158062e+48,1737033396278123.8,6.622486749977724e-09,11503480.651120758,8.69302109794545e-08,151000679.6168167,1737033396278135.5,0.0
16.13302863659443,3730.7942684909135,2500000.0,0.5891665373626092,inf,-1000000.0,orbit_fail_bh_up,92.0,inf,inf,inf,inf,0.0,0.0,0.0,incomplete_orbit_coverage,1.0,inf,inf,0.0,0.0,0.0,0.0,0.0,nonsingular_isothermal,1.0,0.01,2.0,0.3,1.0,0.0,severe_coverage_warn,0.0,multiple,multiple,1;2;3;4;5;6;7,Lfrac minimum coverage 0.675 is below 0.8 | Lfrac coverage gap 0.325 exceeds 0.1 | third_integral minimum coverage 0.769 is below 0.8 | third_integral coverage gap 0.231 exceeds 0.1 | 16 planned shell-band/Lfrac/third-integral cells have no successful orbit,0.9209781209781209,1.0,0.9209781209781209,0.8957528957528957,0.6751322751322751,0.7690476190476191,0.08969408969408976,0.32486772486772486,0.2309523809523809,16.0,0.0,3578.0,3885.0,0.0,not_computed,not_computed,0.0,0.0,0.0,0.0,0.0,0.0,0.0,,,,,,,,,
16.13302863659443,3730.7942684909135,1222120.119935701,0.5891665373626092,inf,-1000000.0,orbit_fail_bh_down,92.0,inf,inf,inf,inf,0.0,0.0,0.0,incomplete_orbit_coverage,1.0,inf,inf,0.0,0.0,0.0,0.0,0.0,nonsingular_isothermal,1.0,0.01,2.0,0.3,1.0,0.0,severe_coverage_warn,0.0,multiple,multiple,1;2;3;4;5;6,Lfrac minimum coverage 0.706 is below 0.8 | Lfrac coverage gap 0.294 exceeds 0.1 | third_integral minimum coverage 0.786 is below 0.8 | third_integral coverage gap 0.214 exceeds 0.1 | 14 planned shell-band/Lfrac/third-integral cells have no successful orbit,0.9284427284427285,1.0,0.9284427284427285,0.9002079002079002,0.7058201058201058,0.7857142857142857,0.0997920997920998,0.2941798941798942,0.2142857142857143,14.0,0.0,3607.0,3885.0,0.0,not_computed,not_computed,0.0,0.0,0.0,0.0,0.0,0.0,0.0,,,,,,,,,
30.0,3730.7942684909135,2444240.239871402,0.5891665373626092,inf,-1000000.0,orbit_fail_halo_up,92.0,inf,inf,inf,inf,0.0,0.0,0.0,incomplete_orbit_coverage,1.0,inf,inf,0.0,0.0,0.0,0.0,0.0,nonsingular_isothermal,1.0,0.01,2.0,0.3,1.0,0.0,severe_coverage_warn,0.0,multiple,multiple,1;2;3;4;5;6,Lfrac minimum coverage 0.715 is below 0.8 | Lfrac coverage gap 0.285 exceeds 0.1 | third_integral minimum coverage 0.795 is below 0.8 | third_integral coverage gap 0.205 exceeds 0.1 | 12 planned shell-band/Lfrac/third-integral cells have no successful orbit,0.9307593307593307,1.0,0.9307593307593307,0.9002079002079002,0.7153439153439154,0.7952380952380952,0.0997920997920998,0.2846560846560846,0.2047619047619048,12.0,0.0,3616.0,3885.0,0.0,not_computed,not_computed,0.0,0.0,0.0,0.0,0.0,0.0,0.0,,,,,,,,,
8.066514318297216,3730.7942684909135,2444240.239871402,0.5891665373626092,inf,-1000000.0,orbit_fail_halo_down,92.0,inf,inf,inf,inf,0.0,0.0,0.0,incomplete_orbit_coverage,1.0,inf,inf,0.0,0.0,0.0,0.0,0.0,nonsingular_isothermal,1.0,0.01,2.0,0.3,1.0,0.0,severe_coverage_warn,0.0,multiple,multiple,1;2;3;4;5;6;7;8,Lfrac minimum coverage 0.604 is below 0.8 | Lfrac coverage gap 0.396 exceeds 0.1 | third_integral minimum coverage 0.755 is below 0.8 | third_integral coverage gap 0.245 exceeds 0.1 | 18 planned shell-band/Lfrac/third-integral cells have no successful orbit,0.9037323037323037,1.0,0.9037323037323037,0.8918918918918919,0.6042328042328042,0.7547619047619047,0.033264033264033266,0.39576719576719577,0.24523809523809526,18.0,0.0,3511.0,3885.0,0.0,not_computed,not_computed,0.0,0.0,0.0,0.0,0.0,0.0,0.0,,,,,,,,,
16.13302863659443,3730.7942684909135,2444240.239871402,1.1783330747252183,inf,-1000000.0,orbit_fail_ml_up,92.0,inf,inf,inf,inf,0.0,0.0,0.0,incomplete_orbit_coverage,1.0,inf,inf,0.0,0.0,0.0,0.0,0.0,nonsingular_isothermal,1.0,0.01,2.0,0.3,1.0,0.0,severe_coverage_warn,0.0,multiple,multiple,1;2;3;4;5;6;7,Lfrac minimum coverage 0.665 is below 0.8 | Lfrac coverage gap 0.335 exceeds 0.1 | third_integral minimum coverage 0.771 is below 0.8 | third_integral coverage gap 0.229 exceeds 0.1 | 17 planned shell-band/Lfrac/third-integral cells have no successful orbit,0.9184041184041184,1.0,0.9184041184041184,0.8976833976833977,0.6645502645502646,0.7714285714285715,0.08776358776358784,0.33544973544973544,0.22857142857142854,17.0,0.0,3568.0,3885.0,0.0,not_computed,not_computed,0.0,0.0,0.0,0.0,0.0,0.0,0.0,,,,,,,,,
16.13302863659443,3730.7942684909135,2444240.239871402,0.2945832686813046,inf,-1000000.0,orbit_fail_ml_down,92.0,inf,inf,inf,inf,0.0,0.0,0.0,incomplete_orbit_coverage,1.0,inf,inf,0.0,0.0,0.0,0.0,0.0,nonsingular_isothermal,1.0,0.01,2.0,0.3,1.0,0.0,severe_coverage_warn,0.0,multiple,multiple,1;2;3;4;5;6;7,Lfrac minimum coverage 0.668 is below 0.8 | Lfrac coverage gap 0.332 exceeds 0.1 | third_integral minimum coverage 0.771 is below 0.8 | third_integral coverage gap 0.229 exceeds 0.1 | 17 planned shell-band/Lfrac/third-integral cells have no successful orbit,0.9191763191763191,1.0,0.9191763191763191,0.8976833976833977,0.6677248677248677,0.7714285714285715,0.08776358776358784,0.3322751322751323,0.22857142857142854,17.0,0.0,3571.0,3885.0,0.0,not_computed,not_computed,0.0,0.0,0.0,0.0,0.0,0.0,0.0,,,,,,,,,
24.53187074016673,8312.792498078259,930489.8910563441,0.3715629365548787,inf,-1000000.0,orbit_fail_full,93.0,inf,inf,inf,inf,0.0,0.0,0.0,incomplete_orbit_coverage,1.0,inf,inf,0.0,0.0,0.0,0.0,0.0,nonsingular_isothermal,1.0,0.01,2.0,0.3,1.0,0.0,severe_coverage_warn,0.0,multiple,multiple,1;2;3;4;5;6,shell_band coverage gap 0.1 exceeds 0.1 | Lfrac minimum coverage 0.692 is below 0.8 | Lfrac coverage gap 0.308 exceeds 0.1 | third_integral minimum coverage 0.779 is below 0.8 | third_integral coverage gap 0.221 exceeds 0.1 | 14 planned shell-band/Lfrac/third-integral cells have no successful orbit,0.9250965250965251,1.0,0.9250965250965251,0.8957528957528957,0.692063492063492,0.7785714285714286,0.1000891000891001,0.30793650793650795,0.22142857142857142,14.0,0.0,3594.0,3885.0,0.0,not_computed,not_computed,0.0,0.0,0.0,0.0,0.0,0.0,0.0,,,,,,,,,
24.53187074016673,8312.792498078259,0.0,0.3715629365548787,865.0521812477231,-865.0521812477231,pass_halo_only,93.0,865.0521812477231,0.22769387858977552,0.21495631035809848,0.30399412942604837,1.0,1.0,27.0,none,0.0,465.55908066030037,399.49310058742253,32.0,32.0,3208.0,21.126469955405856,0.09567410419836728,nonsingular_isothermal,1.0,0.01,2.0,0.3,1.0,0.0,strict_pass,1.0,none,none,,,1.0,1.0,1.0,1.0,1.0,1.0,0.0,0.0,0.0,0.0,0.0,3885.0,3885.0,1.0,inverse_phase_volume,geometric_mean,3885.0,3885.0,3885.0,0.0,420.0,0.0,0.0,2.1077936852282602e+33,1.4761910917644684e+48,700348948813084.0,1.4870469791619995e-08,10414517.88691779,9.60198072400597e-08,67247371.0658108,700348948813084.4,0.0
24.53187074016673,8312.792498078259,1860979.7821126883,0.3715629365548787,inf,-1000000.0,orbit_fail_bh_up,93.0,inf,inf,inf,inf,0.0,0.0,0.0,incomplete_orbit_coverage,1.0,inf,inf,0.0,0.0,0.0,0.0,0.0,nonsingular_isothermal,1.0,0.01,2.0,0.3,1.0,0.0,severe_coverage_warn,0.0,multiple,multiple,1;2;3;4;5;6;7,Lfrac minimum coverage 0.666 is below 0.8 | Lfrac coverage gap 0.334 exceeds 0.1 | third_integral minimum coverage 0.755 is below 0.8 | third_integral coverage gap 0.245 exceeds 0.1 | 18 planned shell-band/Lfrac/third-integral cells have no successful orbit,0.9186615186615187,1.0,0.9186615186615187,0.8861003861003861,0.6656084656084656,0.7547619047619047,0.07231957231957231,0.33439153439153435,0.24523809523809526,18.0,0.0,3569.0,3885.0,0.0,not_computed,not_computed,0.0,0.0,0.0,0.0,0.0,0.0,0.0,,,,,,,,,
24.53187074016673,8312.792498078259,465244.9455281721,0.3715629365548787,inf,-1000000.0,orbit_fail_bh_down,93.0,inf,inf,inf,inf,0.0,0.0,0.0,incomplete_orbit_coverage,1.0,inf,inf,0.0,0.0,0.0,0.0,0.0,nonsingular_isothermal,1.0,0.01,2.0,0.3,1.0,0.0,severe_coverage_warn,0.0,multiple,multiple,1;2;3;4;5;6,shell_band coverage gap 0.1 exceeds 0.1 | Lfrac minimum coverage 0.722 is below 0.8 | Lfrac coverage gap 0.278 exceeds 0.1 | third_integral minimum coverage 0.795 is below 0.8 | third_integral coverage gap 0.205 exceeds 0.1 | 11 planned shell-band/Lfrac/third-integral cells have no successful orbit,0.9323037323037323,1.0,0.9323037323037323,0.8996138996138996,0.7216931216931217,0.7952380952380952,0.10038610038610041,0.2783068783068783,0.2047619047619048,11.0,0.0,3622.0,3885.0,0.0,not_computed,not_computed,0.0,0.0,0.0,0.0,0.0,0.0,0.0,,,,,,,,,
30.0,8312.792498078259,930489.8910563441,0.3715629365548787,inf,-1000000.0,orbit_fail_halo_up,93.0,inf,inf,inf,inf,0.0,0.0,0.0,incomplete_orbit_coverage,1.0,inf,inf,0.0,0.0,0.0,0.0,0.0,nonsingular_isothermal,1.0,0.01,2.0,0.3,1.0,0.0,severe_coverage_warn,0.0,multiple,multiple,1;2;3;4;5;6;7,Lfrac minimum coverage 0.708 is below 0.8 | Lfrac coverage gap 0.292 exceeds 0.1 | third_integral minimum coverage 0.781 is below 0.8 | third_integral coverage gap 0.219 exceeds 0.1 | 15 planned shell-band/Lfrac/third-integral cells have no successful orbit,0.9289575289575289,1.0,0.9289575289575289,0.9092664092664092,0.707936507936508,0.780952380952381,0.09073359073359077,0.292063492063492,0.21904761904761905,15.0,0.0,3609.0,3885.0,0.0,not_computed,not_computed,0.0,0.0,0.0,0.0,0.0,0.0,0.0,,,,,,,,,
12.265935370083366,8312.792498078259,930489.8910563441,0.3715629365548787,inf,-1000000.0,orbit_fail_halo_down,93.0,inf,inf,inf,inf,0.0,0.0,0.0,incomplete_orbit_coverage,1.0,inf,inf,0.0,0.0,0.0,0.0,0.0,nonsingular_isothermal,1.0,0.01,2.0,0.3,1.0,0.0,severe_coverage_warn,0.0,multiple,multiple,1;2;3;4;5;6;7,Lfrac minimum coverage 0.633 is below 0.8 | Lfrac coverage gap 0.367 exceeds 0.1 | third_integral minimum coverage 0.752 is below 0.8 | third_integral coverage gap 0.248 exceeds 0.1 | 17 planned shell-band/Lfrac/third-integral cells have no successful orbit,0.9106821106821107,1.0,0.9106821106821107,0.8918918918918919,0.6328042328042328,0.7523809523809524,0.031185031185031242,0.3671957671957672,0.24761904761904763,17.0,0.0,3538.0,3885.0,0.0,not_computed,not_computed,0.0,0.0,0.0,0.0,0.0,0.0,0.0,,,,,,,,,
24.53187074016673,8312.792498078259,930489.8910563441,0.7431258731097574,inf,-1000000.0,orbit_fail_ml_up,93.0,inf,inf,inf,inf,0.0,0.0,0.0,incomplete_orbit_coverage,1.0,inf,inf,0.0,0.0,0.0,0.0,0.0,nonsingular_isothermal,1.0,0.01,2.0,0.3,1.0,0.0,severe_coverage_warn,0.0,multiple,multiple,1;2;3;4;5;6;7,Lfrac minimum coverage 0.704 is below 0.8 | Lfrac coverage gap 0.296 exceeds 0.1 | third_integral minimum coverage 0.774 is below 0.8 | third_integral coverage gap 0.226 exceeds 0.1 | 14 planned shell-band/Lfrac/third-integral cells have no successful orbit,0.9279279279279279,1.0,0.9279279279279279,0.8957528957528957,0.7037037037037037,0.7738095238095238,0.09593109593109594,0.2962962962962963,0.22619047619047616,14.0,0.0,3605.0,3885.0,0.0,not_computed,not_computed,0.0,0.0,0.0,0.0,0.0,0.0,0.0,,,,,,,,,
24.53187074016673,8312.792498078259,930489.8910563441,0.2,inf,-1000000.0,orbit_fail_ml_down,93.0,inf,inf,inf,inf,0.0,0.0,0.0,incomplete_orbit_coverage,1.0,inf,inf,0.0,0.0,0.0,0.0,0.0,nonsingular_isothermal,1.0,0.01,2.0,0.3,1.0,0.0,severe_coverage_warn,0.0,multiple,multiple,1;2;3;4;5;6;7,Lfrac minimum coverage 0.691 is below 0.8 | Lfrac coverage gap 0.309 exceeds 0.1 | third_integral minimum coverage 0.776 is below 0.8 | third_integral coverage gap 0.224 exceeds 0.1 | 17 planned shell-band/Lfrac/third-integral cells have no successful orbit,0.9248391248391249,1.0,0.9248391248391249,0.8996138996138996,0.691005291005291,0.7761904761904762,0.09414909414909423,0.30899470899470904,0.2238095238095238,17.0,0.0,3593.0,3885.0,0.0,not_computed,not_computed,0.0,0.0,0.0,0.0,0.0,0.0,0.0,,,,,,,,,
13.721955799230313,2332.0734723268233,1391416.6674823768,1.1972143268532727,inf,-1000000.0,orbit_fail_full,94.0,inf,inf,inf,inf,0.0,0.0,0.0,incomplete_orbit_coverage,1.0,inf,inf,0.0,0.0,0.0,0.0,0.0,nonsingular_isothermal,1.0,0.01,2.0,0.3,1.0,0.0,severe_coverage_warn,0.0,multiple,multiple,1;2;3;4;5;6,shell_band coverage gap 0.104 exceeds 0.1 | Lfrac minimum coverage 0.702 is below 0.8 | Lfrac coverage gap 0.298 exceeds 0.1 | third_integral minimum coverage 0.798 is below 0.8 | third_integral coverage gap 0.202 exceeds 0.1 | 11 planned shell-band/Lfrac/third-integral cells have no successful orbit,0.9274131274131274,1.0,0.9274131274131274,0.8957528957528957,0.7015873015873015,0.7976190476190477,0.10424710424710426,0.29841269841269846,0.20238095238095233,11.0,0.0,3603.0,3885.0,0.0,not_computed,not_computed,0.0,0.0,0.0,0.0,0.0,0.0,0.0,,,,,,,,,
13.721955799230313,2332.0734723268233,0.0,1.1972143268532727,365.90088203378565,-365.90088203378565,pass_halo_only,94.0,365.90088203378565,0.057016215723649566,0.211346577005254,0.29888919556190613,1.0,1.0,27.0,none,0.0,163.7710847832644,202.12979725052134,32.0,32.0,1307.0,12.405942507026754,0.23191330592378256,nonsingular_isothermal,1.0,0.01,2.0,0.3,1.0,0.0,strict_pass,1.0,none,none,,,1.0,1.0,1.0,1.0,1.0,1.0,0.0,0.0,0.0,0.0,0.0,3885.0,3885.0,1.0,inverse_phase_volume,geometric_mean,3885.0,3885.0,3885.0,0.0,420.0,0.0,0.0,6.010609954711503e+33,2.1605574176706997e+49,3594572653940247.0,2.2394199818993692e-09,8049757.82762289,1.242273396807643e-07,446544198.0882245,3594572653940271.0,0.0
13.721955799230313,2332.0734723268233,2500000.0,1.1972143268532727,inf,-1000000.0,orbit_fail_bh_up,94.0,inf,inf,inf,inf,0.0,0.0,0.0,incomplete_orbit_coverage,1.0,inf,inf,0.0,0.0,0.0,0.0,0.0,nonsingular_isothermal,1.0,0.01,2.0,0.3,1.0,0.0,severe_coverage_warn,0.0,multiple,multiple,1;2;3;4;5;6;7,shell_band coverage gap 0.104 exceeds 0.1 | Lfrac minimum coverage 0.684 is below 0.8 | Lfrac coverage gap 0.316 exceeds 0.1 | third_integral minimum coverage 0.781 is below 0.8 | third_integral coverage gap 0.219 exceeds 0.1 | 14 planned shell-band/Lfrac/third-integral cells have no successful orbit,0.923037323037323,1.0,0.923037323037323,0.896049896049896,0.6835978835978836,0.780952380952381,0.10395010395010396,0.31640211640211635,0.21904761904761905,14.0,0.0,3586.0,3885.0,0.0,not_computed,not_computed,0.0,0.0,0.0,0.0,0.0,0.0,0.0,,,,,,,,,
13.721955799230313,2332.0734723268233,695708.3337411884,1.1972143268532727,inf,-1000000.0,orbit_fail_bh_down,94.0,inf,inf,inf,inf,0.0,0.0,0.0,incomplete_orbit_coverage,1.0,inf,inf,0.0,0.0,0.0,0.0,0.0,nonsingular_isothermal,1.0,0.01,2.0,0.3,1.0,0.0,severe_coverage_warn,0.0,multiple,multiple,1;2;3;4;5;6,Lfrac minimum coverage 0.732 is below 0.8 | Lfrac coverage gap 0.268 exceeds 0.1 | third_integral coverage gap 0.193 exceeds 0.1 | 15 planned shell-band/Lfrac/third-integral cells have no successful orbit,0.9348777348777348,1.0,0.9348777348777348,0.9015444015444015,0.7322751322751323,0.8071428571428572,0.09845559845559848,0.2677248677248677,0.19285714285714284,15.0,0.0,3632.0,3885.0,0.0,not_computed,not_computed,0.0,0.0,0.0,0.0,0.0,0.0,0.0,,,,,,,,,
27.443911598460627,2332.0734723268233,1391416.6674823768,1.1972143268532727,inf,-1000000.0,orbit_fail_halo_up,94.0,inf,inf,inf,inf,0.0,0.0,0.0,incomplete_orbit_coverage,1.0,inf,inf,0.0,0.0,0.0,0.0,0.0,nonsingular_isothermal,1.0,0.01,2.0,0.3,1.0,0.0,severe_coverage_warn,0.0,multiple,multiple,1;2;3;4;5,Lfrac minimum coverage 0.754 is below 0.8 | Lfrac coverage gap 0.246 exceeds 0.1 | third_integral coverage gap 0.183 exceeds 0.1 | 11 planned shell-band/Lfrac/third-integral cells have no successful orbit,0.9402831402831403,1.0,0.9402831402831403,0.9054054054054054,0.7544973544973544,0.8166666666666667,0.09459459459459463,0.24550264550264556,0.18333333333333335,11.0,0.0,3653.0,3885.0,0.0,not_computed,not_computed,0.0,0.0,0.0,0.0,0.0,0.0,0.0,,,,,,,,,
6.860977899615157,2332.0734723268233,1391416.6674823768,1.1972143268532727,inf,-1000000.0,orbit_fail_halo_down,94.0,inf,inf,inf,inf,0.0,0.0,0.0,incomplete_orbit_coverage,1.0,inf,inf,0.0,0.0,0.0,0.0,0.0,nonsingular_isothermal,1.0,0.01,2.0,0.3,1.0,0.0,severe_coverage_warn,0.0,multiple,multiple,1;2;3;4;5;6;7,Lfrac minimum coverage 0.642 is below 0.8 | Lfrac coverage gap 0.358 exceeds 0.1 | third_integral minimum coverage 0.767 is below 0.8 | third_integral coverage gap 0.233 exceeds 0.1 | 18 planned shell-band/Lfrac/third-integral cells have no successful orbit,0.912998712998713,1.0,0.912998712998713,0.8898128898128899,0.6423280423280423,0.7666666666666667,0.07692307692307687,0.3576719576719577,0.23333333333333328,18.0,0.0,3547.0,3885.0,0.0,not_computed,not_computed,0.0,0.0,0.0,0.0,0.0,0.0,0.0,,,,,,,,,
13.721955799230313,2332.0734723268233,1391416.6674823768,1.6,inf,-1000000.0,orbit_fail_ml_up,94.0,inf,inf,inf,inf,0.0,0.0,0.0,incomplete_orbit_coverage,1.0,inf,inf,0.0,0.0,0.0,0.0,0.0,nonsingular_isothermal,1.0,0.01,2.0,0.3,1.0,0.0,severe_coverage_warn,0.0,multiple,multiple,1;2;3;4;5;6,shell_band coverage gap 0.1 exceeds 0.1 | Lfrac minimum coverage 0.711 is below 0.8 | Lfrac coverage gap 0.289 exceeds 0.1 | third_integral minimum coverage 0.795 is below 0.8 | third_integral coverage gap 0.205 exceeds 0.1 | 11 planned shell-band/Lfrac/third-integral cells have no successful orbit,0.9297297297297298,1.0,0.9297297297297298,0.8996138996138996,0.7111111111111111,0.7952380952380952,0.10038610038610041,0.28888888888888886,0.2047619047619048,11.0,0.0,3612.0,3885.0,0.0,not_computed,not_computed,0.0,0.0,0.0,0.0,0.0,0.0,0.0,,,,,,,,,
13.721955799230313,2332.0734723268233,1391416.6674823768,0.5986071634266363,inf,-1000000.0,orbit_fail_ml_down,94.0,inf,inf,inf,inf,0.0,0.0,0.0,incomplete_orbit_coverage,1.0,inf,inf,0.0,0.0,0.0,0.0,0.0,nonsingular_isothermal,1.0,0.01,2.0,0.3,1.0,0.0,severe_coverage_warn,0.0,multiple,multiple,1;2;3;4;5;6,shell_band coverage gap 0.106 exceeds 0.1 | Lfrac minimum coverage 0.697 is below 0.8 | Lfrac coverage gap 0.303 exceeds 0.1 | third_integral minimum coverage 0.798 is below 0.8 | third_integral coverage gap 0.202 exceeds 0.1 | 15 planned shell-band/Lfrac/third-integral cells have no successful orbit,0.9263835263835264,1.0,0.9263835263835264,0.8938223938223938,0.6973544973544974,0.7976190476190477,0.10617760617760619,0.3026455026455026,0.20238095238095233,15.0,0.0,3599.0,3885.0,0.0,not_computed,not_computed,0.0,0.0,0.0,0.0,0.0,0.0,0.0,,,,,,,,,
23.34007228124471,5039.05738500827,1882989.8834543044,1.5964038253229824,inf,-1000000.0,orbit_fail_full,95.0,inf,inf,inf,inf,0.0,0.0,0.0,incomplete_orbit_coverage,1.0,inf,inf,0.0,0.0,0.0,0.0,0.0,nonsingular_isothermal,1.0,0.01,2.0,0.3,1.0,0.0,severe_coverage_warn,0.0,multiple,multiple,1;2;3;4;5;6;7,Lfrac minimum coverage 0.705 is below 0.8 | Lfrac coverage gap 0.295 exceeds 0.1 | third_integral minimum coverage 0.779 is below 0.8 | third_integral coverage gap 0.221 exceeds 0.1 | 14 planned shell-band/Lfrac/third-integral cells have no successful orbit,0.9281853281853282,1.0,0.9281853281853282,0.9054054054054054,0.7047619047619048,0.7785714285714286,0.0925155925155926,0.2952380952380952,0.22142857142857142,14.0,0.0,3606.0,3885.0,0.0,not_computed,not_computed,0.0,0.0,0.0,0.0,0.0,0.0,0.0,,,,,,,,,
23.34007228124471,5039.05738500827,0.0,1.5964038253229824,552.2566312626049,-552.2566312626049,pass_halo_only,95.0,552.2566312626049,0.11293755079952916,0.2154561515486097,0.3047010116167019,1.0,1.0,37.0,none,0.0,267.0175483002145,285.2390829623903,32.0,32.0,2023.0,12.758915077386467,0.22822039990530918,nonsingular_isothermal,1.0,0.01,2.0,0.3,1.0,0.0,strict_pass,1.0,none,none,,,1.0,1.0,1.0,1.0,1.0,1.0,0.0,0.0,0.0,0.0,0.0,3885.0,3885.0,1.0,inverse_phase_volume,geometric_mean,3885.0,3885.0,3885.0,0.0,420.0,0.0,0.0,1.6839898142436044e+34,8.625473004202326e+48,512204582904595.44,8.880438291391273e-09,4548601.191052013,2.1984780771002639e-07,112607054.65060247,512204582904589.56,0.0
23.34007228124471,5039.05738500827,2500000.0,1.5964038253229824,inf,-1000000.0,orbit_fail_bh_up,95.0,inf,inf,inf,inf,0.0,0.0,0.0,incomplete_orbit_coverage,1.0,inf,inf,0.0,0.0,0.0,0.0,0.0,nonsingular_isothermal,1.0,0.01,2.0,0.3,1.0,0.0,severe_coverage_warn,0.0,multiple,multiple,1;2;3;4;5;6;7,Lfrac minimum coverage 0.689 is below 0.8 | Lfrac coverage gap 0.311 exceeds 0.1 | third_integral minimum coverage 0.771 is below 0.8 | third_integral coverage gap 0.229 exceeds 0.1 | 15 planned shell-band/Lfrac/third-integral cells have no successful orbit,0.9243243243243243,1.0,0.9243243243243243,0.9043659043659044,0.6888888888888889,0.7714285714285715,0.08316008316008316,0.3111111111111111,0.22857142857142854,15.0,0.0,3591.0,3885.0,0.0,not_computed,not_computed,0.0,0.0,0.0,0.0,0.0,0.0,0.0,,,,,,,,,
23.34007228124471,5039.05738500827,941494.9417271522,1.5964038253229824,inf,-1000000.0,orbit_fail_bh_down,95.0,inf,inf,inf,inf,0.0,0.0,0.0,incomplete_orbit_coverage,1.0,inf,inf,0.0,0.0,0.0,0.0,0.0,nonsingular_isothermal,1.0,0.01,2.0,0.3,1.0,0.0,severe_coverage_warn,0.0,multiple,multiple,1;2;3;4;5;6,Lfrac minimum coverage 0.721 is below 0.8 | Lfrac coverage gap 0.279 exceeds 0.1 | third_integral minimum coverage 0.798 is below 0.8 | third_integral coverage gap 0.202 exceeds 0.1 | 13 planned shell-band/Lfrac/third-integral cells have no successful orbit,0.932046332046332,1.0,0.932046332046332,0.9015444015444015,0.7206349206349206,0.7976190476190477,0.09845559845559848,0.27936507936507937,0.20238095238095233,13.0,0.0,3621.0,3885.0,0.0,not_computed,not_computed,0.0,0.0,0.0,0.0,0.0,0.0,0.0,,,,,,,,,
30.0,5039.05738500827,1882989.8834543044,1.5964038253229824,inf,-1000000.0,orbit_fail_halo_up,95.0,inf,inf,inf,inf,0.0,0.0,0.0,incomplete_orbit_coverage,1.0,inf,inf,0.0,0.0,0.0,0.0,0.0,nonsingular_isothermal,1.0,0.01,2.0,0.3,1.0,0.0,severe_coverage_warn,0.0,multiple,multiple,1;2;3;4;5;6,Lfrac minimum coverage 0.724 is below 0.8 | Lfrac coverage gap 0.276 exceeds 0.1 | third_integral minimum coverage 0.793 is below 0.8 | third_integral coverage gap 0.207 exceeds 0.1 | 12 planned shell-band/Lfrac/third-integral cells have no successful orbit,0.9328185328185328,1.0,0.9328185328185328,0.9034749034749034,0.7238095238095238,0.7928571428571428,0.09652509652509655,0.2761904761904762,0.20714285714285718,12.0,0.0,3624.0,3885.0,0.0,not_computed,not_computed,0.0,0.0,0.0,0.0,0.0,0.0,0.0,,,,,,,,,
11.670036140622354,5039.05738500827,1882989.8834543044,1.5964038253229824,inf,-1000000.0,orbit_fail_halo_down,95.0,inf,inf,inf,inf,0.0,0.0,0.0,incomplete_orbit_coverage,1.0,inf,inf,0.0,0.0,0.0,0.0,0.0,nonsingular_isothermal,1.0,0.01,2.0,0.3,1.0,0.0,severe_coverage_warn,0.0,multiple,multiple,1;2;3;4;5;6;7;8,Lfrac minimum coverage 0.633 is below 0.8 | Lfrac coverage gap 0.367 exceeds 0.1 | third_integral minimum coverage 0.75 is below 0.8 | third_integral coverage gap 0.25 exceeds 0.1 | 18 planned shell-band/Lfrac/third-integral cells have no successful orbit,0.9106821106821107,1.0,0.9106821106821107,0.893970893970894,0.6328042328042328,0.75,0.04158004158004158,0.3671957671957672,0.25,18.0,0.0,3538.0,3885.0,0.0,not_computed,not_computed,0.0,0.0,0.0,0.0,0.0,0.0,0.0,,,,,,,,,
23.34007228124471,5039.05738500827,1882989.8834543044,1.6,inf,-1000000.0,orbit_fail_ml_up,95.0,inf,inf,inf,inf,0.0,0.0,0.0,incomplete_orbit_coverage,1.0,inf,inf,0.0,0.0,0.0,0.0,0.0,nonsingular_isothermal,1.0,0.01,2.0,0.3,1.0,0.0,severe_coverage_warn,0.0,multiple,multiple,1;2;3;4;5;6,Lfrac minimum coverage 0.701 is below 0.8 | Lfrac coverage gap 0.299 exceeds 0.1 | third_integral minimum coverage 0.781 is below 0.8 | third_integral coverage gap 0.219 exceeds 0.1 | 12 planned shell-band/Lfrac/third-integral cells have no successful orbit,0.9271557271557271,1.0,0.9271557271557271,0.9034749034749034,0.7005291005291006,0.780952380952381,0.09444609444609453,0.29947089947089944,0.21904761904761905,12.0,0.0,3602.0,3885.0,0.0,not_computed,not_computed,0.0,0.0,0.0,0.0,0.0,0.0,0.0,,,,,,,,,
23.34007228124471,5039.05738500827,1882989.8834543044,0.7982019126614912,inf,-1000000.0,orbit_fail_ml_down,95.0,inf,inf,inf,inf,0.0,0.0,0.0,incomplete_orbit_coverage,1.0,inf,inf,0.0,0.0,0.0,0.0,0.0,nonsingular_isothermal,1.0,0.01,2.0,0.3,1.0,0.0,severe_coverage_warn,0.0,multiple,multiple,1;2;3;4;5;6;7,Lfrac minimum coverage 0.694 is below 0.8 | Lfrac coverage gap 0.306 exceeds 0.1 | third_integral minimum coverage 0.781 is below 0.8 | third_integral coverage gap 0.219 exceeds 0.1 | 14 planned shell-band/Lfrac/third-integral cells have no successful orbit,0.9256113256113256,1.0,0.9256113256113256,0.9015444015444015,0.6941798941798942,0.780952380952381,0.09637659637659646,0.30582010582010577,0.21904761904761905,14.0,0.0,3596.0,3885.0,0.0,not_computed,not_computed,0.0,0.0,0.0,0.0,0.0,0.0,0.0,,,,,,,,,
25.88730059617376,5372.438805180097,707175.1039342824,0.541390630051691,inf,-1000000.0,orbit_fail_full,96.0,inf,inf,inf,inf,0.0,0.0,0.0,incomplete_orbit_coverage,1.0,inf,inf,0.0,0.0,0.0,0.0,0.0,nonsingular_isothermal,1.0,0.01,2.0,0.3,1.0,0.0,severe_coverage_warn,0.0,multiple,multiple,1;2;3;4;5;6,Lfrac minimum coverage 0.738 is below 0.8 | Lfrac coverage gap 0.262 exceeds 0.1 | third_integral coverage gap 0.198 exceeds 0.1 | 11 planned shell-band/Lfrac/third-integral cells have no successful orbit,0.9361647361647362,1.0,0.9361647361647362,0.9111969111969112,0.7375661375661375,0.8023809523809524,0.08880308880308885,0.26243386243386246,0.19761904761904758,11.0,0.0,3637.0,3885.0,0.0,not_computed,not_computed,0.0,0.0,0.0,0.0,0.0,0.0,0.0,,,,,,,,,
25.88730059617376,5372.438805180097,0.0,0.541390630051691,865.6134221372564,-865.6134221372564,pass_halo_only,96.0,865.6134221372564,0.05406241865409811,0.20770872399258014,0.29374449449346385,1.0,1.0,16.0,none,0.0,438.9870293404565,426.62639279679985,32.0,32.0,2263.0,19.37894524427771,0.11251175142745992,nonsingular_isothermal,1.0,0.01,2.0,0.3,1.0,0.0,strict_pass,1.0,none,none,,,1.0,1.0,1.0,1.0,1.0,1.0,0.0,0.0,0.0,0.0,0.0,3885.0,3885.0,1.0,inverse_phase_volume,geometric_mean,3885.0,3885.0,3885.0,0.0,420.0,0.0,0.0,5.106128044720065e+30,1.0214640318808652e+49,2.0004669348961953e+18,9.207364916146117e-12,18419029.07227356,5.42916782462391e-08,108608707171.62422,2.0004669348961925e+18,0.0
25.88730059617376,5372.438805180097,1414350.2078685649,0.541390630051691,inf,-1000000.0,orbit_fail_bh_up,96.0,inf,inf,inf,inf,0.0,0.0,0.0,incomplete_orbit_coverage,1.0,inf,inf,0.0,0.0,0.0,0.0,0.0,nonsingular_isothermal,1.0,0.01,2.0,0.3,1.0,0.0,severe_coverage_warn,0.0,multiple,multiple,1;2;3;4;5;6,Lfrac minimum coverage 0.713 is below 0.8 | Lfrac coverage gap 0.287 exceeds 0.1 | third_integral minimum coverage 0.79 is below 0.8 | third_integral coverage gap 0.21 exceeds 0.1 | 13 planned shell-band/Lfrac/third-integral cells have no successful orbit,0.9302445302445302,1.0,0.9302445302445302,0.9034749034749034,0.7132275132275132,0.7904761904761904,0.09652509652509655,0.2867724867724868,0.20952380952380956,13.0,0.0,3614.0,3885.0,0.0,not_computed,not_computed,0.0,0.0,0.0,0.0,0.0,0.0,0.0,,,,,,,,,
25.88730059617376,5372.438805180097,353587.5519671412,0.541390630051691,inf,-1000000.0,orbit_fail_bh_down,96.0,inf,inf,inf,inf,0.0,0.0,0.0,incomplete_orbit_coverage,1.0,inf,inf,0.0,0.0,0.0,0.0,0.0,nonsingular_isothermal,1.0,0.01,2.0,0.3,1.0,0.0,severe_coverage_warn,0.0,multiple,multiple,1;2;3;4;5;6,Lfrac minimum coverage 0.751 is below 0.8 | Lfrac coverage gap 0.249 exceeds 0.1 | third_integral coverage gap 0.188 exceeds 0.1 | 12 planned shell-band/Lfrac/third-integral cells have no successful orbit,0.9395109395109396,1.0,0.9395109395109396,0.9054054054054054,0.7513227513227513,0.8119047619047619,0.09459459459459463,0.24867724867724872,0.1880952380952381,12.0,0.0,3650.0,3885.0,0.0,not_computed,not_computed,0.0,0.0,0.0,0.0,0.0,0.0,0.0,,,,,,,,,
30.0,5372.438805180097,707175.1039342824,0.541390630051691,inf,-1000000.0,orbit_fail_halo_up,96.0,inf,inf,inf,inf,0.0,0.0,0.0,incomplete_orbit_coverage,1.0,inf,inf,0.0,0.0,0.0,0.0,0.0,nonsingular_isothermal,1.0,0.01,2.0,0.3,1.0,0.0,severe_coverage_warn,0.0,multiple,multiple,1;2;3;4;5;6,Lfrac minimum coverage 0.74 is below 0.8 | Lfrac coverage gap 0.26 exceeds 0.1 | third_integral coverage gap 0.195 exceeds 0.1 | 11 planned shell-band/Lfrac/third-integral cells have no successful orbit,0.9366795366795366,1.0,0.9366795366795366,0.9106029106029107,0.7396825396825397,0.8047619047619048,0.08939708939708935,0.2603174603174603,0.1952380952380952,11.0,0.0,3639.0,3885.0,0.0,not_computed,not_computed,0.0,0.0,0.0,0.0,0.0,0.0,0.0,,,,,,,,,
12.94365029808688,5372.438805180097,707175.1039342824,0.541390630051691,inf,-1000000.0,orbit_fail_halo_down,96.0,inf,inf,inf,inf,0.0,0.0,0.0,incomplete_orbit_coverage,1.0,inf,inf,0.0,0.0,0.0,0.0,0.0,nonsingular_isothermal,1.0,0.01,2.0,0.3,1.0,0.0,severe_coverage_warn,0.0,multiple,multiple,1;2;3;4;5;6;7,Lfrac minimum coverage 0.69 is below 0.8 | Lfrac coverage gap 0.31 exceeds 0.1 | third_integral minimum coverage 0.774 is below 0.8 | third_integral coverage gap 0.226 exceeds 0.1 | 13 planned shell-band/Lfrac/third-integral cells have no successful orbit,0.9245817245817246,1.0,0.9245817245817246,0.8996138996138996,0.68994708994709,0.7738095238095238,0.08999108999109007,0.31005291005291,0.22619047619047616,13.0,0.0,3592.0,3885.0,0.0,not_computed,not_computed,0.0,0.0,0.0,0.0,0.0,0.0,0.0,,,,,,,,,
25.88730059617376,5372.438805180097,707175.1039342824,1.082781260103382,inf,-1000000.0,orbit_fail_ml_up,96.0,inf,inf,inf,inf,0.0,0.0,0.0,incomplete_orbit_coverage,1.0,inf,inf,0.0,0.0,0.0,0.0,0.0,nonsingular_isothermal,1.0,0.01,2.0,0.3,1.0,0.0,severe_coverage_warn,0.0,multiple,multiple,1;2;3;4;5;6,Lfrac minimum coverage 0.735 is below 0.8 | Lfrac coverage gap 0.265 exceeds 0.1 | third_integral coverage gap 0.195 exceeds 0.1 | 11 planned shell-band/Lfrac/third-integral cells have no successful orbit,0.9356499356499357,1.0,0.9356499356499357,0.9126819126819127,0.7354497354497355,0.8047619047619048,0.08731808731808732,0.26455026455026454,0.1952380952380952,11.0,0.0,3635.0,3885.0,0.0,not_computed,not_computed,0.0,0.0,0.0,0.0,0.0,0.0,0.0,,,,,,,,,
25.88730059617376,5372.438805180097,707175.1039342824,0.2706953150258455,inf,-1000000.0,orbit_fail_ml_down,96.0,inf,inf,inf,inf,0.0,0.0,0.0,incomplete_orbit_coverage,1.0,inf,inf,0.0,0.0,0.0,0.0,0.0,nonsingular_isothermal,1.0,0.01,2.0,0.3,1.0,0.0,severe_coverage_warn,0.0,multiple,multiple,1;2;3;4;5;6,Lfrac minimum coverage 0.744 is below 0.8 | Lfrac coverage gap 0.256 exceeds 0.1 | third_integral coverage gap 0.198 exceeds 0.1 | 11 planned shell-band/Lfrac/third-integral cells have no successful orbit,0.9377091377091377,1.0,0.9377091377091377,0.9111969111969112,0.7439153439153439,0.8023809523809524,0.08880308880308885,0.25608465608465614,0.19761904761904758,11.0,0.0,3643.0,3885.0,0.0,not_computed,not_computed,0.0,0.0,0.0,0.0,0.0,0.0,0.0,,,,,,,,,
18.959770797124957,8366.306801290106,2444139.786681053,1.4017973357621385,inf,-1000000.0,orbit_fail_full,97.0,inf,inf,inf,inf,0.0,0.0,0.0,incomplete_orbit_coverage,1.0,inf,inf,0.0,0.0,0.0,0.0,0.0,nonsingular_isothermal,1.0,0.01,2.0,0.3,1.0,0.0,severe_coverage_warn,0.0,multiple,multiple,1;2;3;4;5;6;7;8,Lfrac minimum coverage 0.626 is below 0.8 | Lfrac coverage gap 0.374 exceeds 0.1 | third_integral minimum coverage 0.75 is below 0.8 | third_integral coverage gap 0.25 exceeds 0.1 | 19 planned shell-band/Lfrac/third-integral cells have no successful orbit,0.9091377091377091,1.0,0.9091377091377091,0.88996138996139,0.6264550264550265,0.75,0.03519453519453519,0.3735449735449735,0.25,19.0,0.0,3532.0,3885.0,0.0,not_computed,not_computed,0.0,0.0,0.0,0.0,0.0,0.0,0.0,,,,,,,,,
18.959770797124957,8366.306801290106,0.0,1.4017973357621385,894.7886851043996,-894.7886851043996,pass_halo_only,97.0,894.7886851043996,0.20892137397038368,0.21810176007173654,0.3084424670708371,1.0,1.0,2.0,none,0.0,440.18140774230807,454.60727736209134,32.0,32.0,981.0,18.699189827029812,0.1285993954686846,nonsingular_isothermal,1.0,0.01,2.0,0.3,1.0,0.0,strict_pass,1.0,none,none,,,1.0,1.0,1.0,1.0,1.0,1.0,0.0,0.0,0.0,0.0,0.0,3885.0,3885.0,1.0,inverse_phase_volume,geometric_mean,3885.0,3885.0,3885.0,0.0,420.0,0.0,0.0,3.302697421867029e+32,4.078530160779968e+47,1234908815375027.0,5.495058067126115e-10,678589.5648091709,1.4736448242925962e-06,1819816984.250713,1234908815375029.2,0.0
18.959770797124957,8366.306801290106,2500000.0,1.4017973357621385,inf,-1000000.0,orbit_fail_bh_up,97.0,inf,inf,inf,inf,0.0,0.0,0.0,incomplete_orbit_coverage,1.0,inf,inf,0.0,0.0,0.0,0.0,0.0,nonsingular_isothermal,1.0,0.01,2.0,0.3,1.0,0.0,severe_coverage_warn,0.0,multiple,multiple,1;2;3;4;5;6;7;8,Lfrac minimum coverage 0.624 is below 0.8 | Lfrac coverage gap 0.376 exceeds 0.1 | third_integral minimum coverage 0.75 is below 0.8 | third_integral coverage gap 0.25 exceeds 0.1 | 18 planned shell-band/Lfrac/third-integral cells have no successful orbit,0.9086229086229086,1.0,0.9086229086229086,0.88996138996139,0.6243386243386243,0.75,0.03311553311553317,0.3756613756613757,0.25,18.0,0.0,3530.0,3885.0,0.0,not_computed,not_computed,0.0,0.0,0.0,0.0,0.0,0.0,0.0,,,,,,,,,
18.959770797124957,8366.306801290106,1222069.8933405266,1.4017973357621385,inf,-1000000.0,orbit_fail_bh_down,97.0,inf,inf,inf,inf,0.0,0.0,0.0,incomplete_orbit_coverage,1.0,inf,inf,0.0,0.0,0.0,0.0,0.0,nonsingular_isothermal,1.0,0.01,2.0,0.3,1.0,0.0,severe_coverage_warn,0.0,multiple,multiple,1;2;3;4;5;6;7;8,Lfrac minimum coverage 0.654 is below 0.8 | Lfrac coverage gap 0.346 exceeds 0.1 | third_integral minimum coverage 0.75 is below 0.8 | third_integral coverage gap 0.25 exceeds 0.1 | 19 planned shell-band/Lfrac/third-integral cells have no successful orbit,0.9158301158301159,1.0,0.9158301158301159,0.8957528957528957,0.653968253968254,0.75,0.04811404811404818,0.346031746031746,0.25,19.0,0.0,3558.0,3885.0,0.0,not_computed,not_computed,0.0,0.0,0.0,0.0,0.0,0.0,0.0,,,,,,,,,
30.0,8366.306801290106,2444139.786681053,1.4017973357621385,inf,-1000000.0,orbit_fail_halo_up,97.0,inf,inf,inf,inf,0.0,0.0,0.0,incomplete_orbit_coverage,1.0,inf,inf,0.0,0.0,0.0,0.0,0.0,nonsingular_isothermal,1.0,0.01,2.0,0.3,1.0,0.0,severe_coverage_warn,0.0,multiple,multiple,1;2;3;4;5;6;7,Lfrac minimum coverage 0.672 is below 0.8 | Lfrac coverage gap 0.328 exceeds 0.1 | third_integral minimum coverage 0.76 is below 0.8 | third_integral coverage gap 0.24 exceeds 0.1 | 13 planned shell-band/Lfrac/third-integral cells have no successful orbit,0.9202059202059202,1.0,0.9202059202059202,0.8976833976833977,0.671957671957672,0.7595238095238095,0.06905256905256907,0.328042328042328,0.2404761904761905,13.0,0.0,3575.0,3885.0,0.0,not_computed,not_computed,0.0,0.0,0.0,0.0,0.0,0.0,0.0,,,,,,,,,
9.479885398562478,8366.306801290106,2444139.786681053,1.4017973357621385,inf,-1000000.0,orbit_fail_halo_down,97.0,inf,inf,inf,inf,0.0,0.0,0.0,incomplete_orbit_coverage,1.0,inf,inf,0.0,0.0,0.0,0.0,0.0,nonsingular_isothermal,1.0,0.01,2.0,0.3,1.0,0.0,severe_coverage_warn,0.0,multiple,multiple,1;2;3;4;5;6;7;8,Lfrac minimum coverage 0.603 is below 0.8 | Lfrac coverage gap 0.397 exceeds 0.1 | third_integral minimum coverage 0.752 is below 0.8 | third_integral coverage gap 0.248 exceeds 0.1 | 19 planned shell-band/Lfrac/third-integral cells have no successful orbit,0.9034749034749034,1.0,0.9034749034749034,0.888030888030888,0.6031746031746031,0.7523809523809524,0.02673002673002678,0.39682539682539686,0.24761904761904763,19.0,0.0,3510.0,3885.0,0.0,not_computed,not_computed,0.0,0.0,0.0,0.0,0.0,0.0,0.0,,,,,,,,,
18.959770797124957,8366.306801290106,2444139.786681053,1.6,inf,-1000000.0,orbit_fail_ml_up,97.0,inf,inf,inf,inf,0.0,0.0,0.0,incomplete_orbit_coverage,1.0,inf,inf,0.0,0.0,0.0,0.0,0.0,nonsingular_isothermal,1.0,0.01,2.0,0.3,1.0,0.0,severe_coverage_warn,0.0,multiple,multiple,1;2;3;4;5;6;7;8,Lfrac minimum coverage 0.63 is below 0.8 | Lfrac coverage gap 0.37 exceeds 0.1 | third_integral minimum coverage 0.75 is below 0.8 | third_integral coverage gap 0.25 exceeds 0.1 | 18 planned shell-band/Lfrac/third-integral cells have no successful orbit,0.9099099099099099,1.0,0.9099099099099099,0.8841698841698842,0.6296296296296297,0.75,0.04098604098604097,0.37037037037037035,0.25,18.0,0.0,3535.0,3885.0,0.0,not_computed,not_computed,0.0,0.0,0.0,0.0,0.0,0.0,0.0,,,,,,,,,
18.959770797124957,8366.306801290106,2444139.786681053,0.7008986678810692,inf,-1000000.0,orbit_fail_ml_down,97.0,inf,inf,inf,inf,0.0,0.0,0.0,incomplete_orbit_coverage,1.0,inf,inf,0.0,0.0,0.0,0.0,0.0,nonsingular_isothermal,1.0,0.01,2.0,0.3,1.0,0.0,severe_coverage_warn,0.0,multiple,multiple,1;2;3;4;5;6;7;8,Lfrac minimum coverage 0.637 is below 0.8 | Lfrac coverage gap 0.363 exceeds 0.1 | third_integral minimum coverage 0.75 is below 0.8 | third_integral coverage gap 0.25 exceeds 0.1 | 17 planned shell-band/Lfrac/third-integral cells have no successful orbit,0.9117117117117117,1.0,0.9117117117117117,0.8861003861003861,0.6370370370370371,0.75,0.04529254529254534,0.36296296296296293,0.25,17.0,0.0,3542.0,3885.0,0.0,not_computed,not_computed,0.0,0.0,0.0,0.0,0.0,0.0,0.0,,,,,,,,,
5.99192998335237,6158.959907739252,1303511.2881834244,0.6229115971342523,inf,-1000000.0,orbit_fail_full,98.0,inf,inf,inf,inf,0.0,0.0,0.0,incomplete_orbit_coverage,1.0,inf,inf,0.0,0.0,0.0,0.0,0.0,nonsingular_isothermal,1.0,0.01,2.0,0.3,1.0,0.0,severe_coverage_warn,0.0,multiple,multiple,1;2;3;4;5;6;7;8,Lfrac minimum coverage 0.594 is below 0.8 | Lfrac coverage gap 0.406 exceeds 0.1 | third_integral minimum coverage 0.75 is below 0.8 | third_integral coverage gap 0.25 exceeds 0.1 | 21 planned shell-band/Lfrac/third-integral cells have no successful orbit,0.9011583011583012,1.0,0.9011583011583012,0.8841698841698842,0.5936507936507937,0.75,0.030591030591030632,0.40634920634920635,0.25,21.0,0.0,3501.0,3885.0,0.0,not_computed,not_computed,0.0,0.0,0.0,0.0,0.0,0.0,0.0,,,,,,,,,
5.99192998335237,6158.959907739252,0.0,0.6229115971342523,874.3631811630783,-874.3631811630783,pass_halo_only,98.0,874.3631811630783,0.29858714075942316,0.24547269846818762,0.410884048335071,1.0,1.0,12.0,none,0.0,461.12613478031955,413.23704638275854,32.0,32.0,1962.0,21.50260055593293,0.07955317069559636,nonsingular_isothermal,1.0,0.01,2.0,0.3,1.0,0.0,strict_pass,1.0,none,none,,,1.0,1.0,1.0,1.0,1.0,1.0,0.0,0.0,0.0,0.0,0.0,3885.0,3885.0,1.0,inverse_phase_volume,geometric_mean,3885.0,3885.0,3885.0,0.0,420.0,0.0,0.0,5.341408097494965e+29,7.715370437089686e+45,1.4444450407577116e+16,8.321632613836614e-12,120201.40960063969,8.319369991769865e-06,120168727268.40544,1.4444450407577162e+16,0.0
5.99192998335237,6158.959907739252,2500000.0,0.6229115971342523,inf,-1000000.0,orbit_fail_bh_up,98.0,inf,inf,inf,inf,0.0,0.0,0.0,incomplete_orbit_coverage,1.0,inf,inf,0.0,0.0,0.0,0.0,0.0,nonsingular_isothermal,1.0,0.01,2.0,0.3,1.0,0.0,severe_coverage_warn,0.0,multiple,multiple,1;2;3;4;5;6;7;8,Lfrac minimum coverage 0.587 is below 0.8 | Lfrac coverage gap 0.413 exceeds 0.1 | third_integral minimum coverage 0.752 is below 0.8 | third_integral coverage gap 0.248 exceeds 0.1 | 20 planned shell-band/Lfrac/third-integral cells have no successful orbit,0.8996138996138996,1.0,0.8996138996138996,0.8783783783783784,0.5873015873015873,0.7523809523809524,0.03430353430353428,0.4126984126984127,0.24761904761904763,20.0,0.0,3495.0,3885.0,0.0,not_computed,not_computed,0.0,0.0,0.0,0.0,0.0,0.0,0.0,,,,,,,,,
5.99192998335237,6158.959907739252,651755.6440917122,0.6229115971342523,inf,-1000000.0,orbit_fail_bh_down,98.0,inf,inf,inf,inf,0.0,0.0,0.0,incomplete_orbit_coverage,1.0,inf,inf,0.0,0.0,0.0,0.0,0.0,nonsingular_isothermal,1.0,0.01,2.0,0.3,1.0,0.0,severe_coverage_warn,0.0,multiple,multiple,1;2;3;4;5;6;7;8,Lfrac minimum coverage 0.614 is below 0.8 | Lfrac coverage gap 0.386 exceeds 0.1 | third_integral minimum coverage 0.75 is below 0.8 | third_integral coverage gap 0.25 exceeds 0.1 | 19 planned shell-band/Lfrac/third-integral cells have no successful orbit,0.9060489060489061,1.0,0.9060489060489061,0.8841698841698842,0.6137566137566137,0.75,0.036828036828036814,0.3862433862433863,0.25,19.0,0.0,3520.0,3885.0,0.0,not_computed,not_computed,0.0,0.0,0.0,0.0,0.0,0.0,0.0,,,,,,,,,
11.98385996670474,6158.959907739252,1303511.2881834244,0.6229115971342523,inf,-1000000.0,orbit_fail_halo_up,98.0,inf,inf,inf,inf,0.0,0.0,0.0,incomplete_orbit_coverage,1.0,inf,inf,0.0,0.0,0.0,0.0,0.0,nonsingular_isothermal,1.0,0.01,2.0,0.3,1.0,0.0,severe_coverage_warn,0.0,multiple,multiple,1;2;3;4;5;6;7;8,Lfrac minimum coverage 0.629 is below 0.8 | Lfrac coverage gap 0.371 exceeds 0.1 | third_integral minimum coverage 0.752 is below 0.8 | third_integral coverage gap 0.248 exceeds 0.1 | 17 planned shell-band/Lfrac/third-integral cells have no successful orbit,0.9096525096525097,1.0,0.9096525096525097,0.8918918918918919,0.6285714285714286,0.7523809523809524,0.037422037422037424,0.37142857142857144,0.24761904761904763,17.0,0.0,3534.0,3885.0,0.0,not_computed,not_computed,0.0,0.0,0.0,0.0,0.0,0.0,0.0,,,,,,,,,
2.995964991676185,6158.959907739252,1303511.2881834244,0.6229115971342523,inf,-1000000.0,orbit_fail_halo_down,98.0,inf,inf,inf,inf,0.0,0.0,0.0,incomplete_orbit_coverage,1.0,inf,inf,0.0,0.0,0.0,0.0,0.0,nonsingular_isothermal,1.0,0.01,2.0,0.3,1.0,0.0,severe_coverage_warn,0.0,multiple,multiple,1;2;3;4;5;6;7;8,Lfrac minimum coverage 0.571 is below 0.8 | Lfrac coverage gap 0.429 exceeds 0.1 | third_integral minimum coverage 0.757 is below 0.8 | third_integral coverage gap 0.243 exceeds 0.1 | 22 planned shell-band/Lfrac/third-integral cells have no successful orbit,0.8957528957528957,1.0,0.8957528957528957,0.8841698841698842,0.5714285714285714,0.7571428571428571,0.016038016038016023,0.4285714285714286,0.24285714285714288,22.0,0.0,3480.0,3885.0,0.0,not_computed,not_computed,0.0,0.0,0.0,0.0,0.0,0.0,0.0,,,,,,,,,
5.99192998335237,6158.959907739252,1303511.2881834244,1.2458231942685045,inf,-1000000.0,orbit_fail_ml_up,98.0,inf,inf,inf,inf,0.0,0.0,0.0,incomplete_orbit_coverage,1.0,inf,inf,0.0,0.0,0.0,0.0,0.0,nonsingular_isothermal,1.0,0.01,2.0,0.3,1.0,0.0,severe_coverage_warn,0.0,multiple,multiple,1;2;3;4;5;6;7;8,Lfrac minimum coverage 0.599 is below 0.8 | Lfrac coverage gap 0.401 exceeds 0.1 | third_integral minimum coverage 0.75 is below 0.8 | third_integral coverage gap 0.25 exceeds 0.1 | 21 planned shell-band/Lfrac/third-integral cells have no successful orbit,0.9024453024453024,1.0,0.9024453024453024,0.8822393822393823,0.5989417989417989,0.75,0.040837540837540875,0.4010582010582011,0.25,21.0,0.0,3506.0,3885.0,0.0,not_computed,not_computed,0.0,0.0,0.0,0.0,0.0,0.0,0.0,,,,,,,,,
5.99192998335237,6158.959907739252,1303511.2881834244,0.31145579856712613,inf,-1000000.0,orbit_fail_ml_down,98.0,inf,inf,inf,inf,0.0,0.0,0.0,incomplete_orbit_coverage,1.0,inf,inf,0.0,0.0,0.0,0.0,0.0,nonsingular_isothermal,1.0,0.01,2.0,0.3,1.0,0.0,severe_coverage_warn,0.0,multiple,multiple,1;2;3;4;5;6;7;8,Lfrac minimum coverage 0.595 is below 0.8 | Lfrac coverage gap 0.405 exceeds 0.1 | third_integral minimum coverage 0.75 is below 0.8 | third_integral coverage gap 0.25 exceeds 0.1 | 21 planned shell-band/Lfrac/third-integral cells have no successful orbit,0.9014157014157014,1.0,0.9014157014157014,0.888030888030888,0.5947089947089947,0.75,0.02673002673002678,0.40529100529100526,0.25,21.0,0.0,3502.0,3885.0,0.0,not_computed,not_computed,0.0,0.0,0.0,0.0,0.0,0.0,0.0,,,,,,,,,
25.444179318908997,639.6769415622435,2229742.082367178,1.1224721367653159,inf,-1000000.0,orbit_fail_full,99.0,inf,inf,inf,inf,0.0,0.0,0.0,incomplete_orbit_coverage,1.0,inf,inf,0.0,0.0,0.0,0.0,0.0,nonsingular_isothermal,1.0,0.01,2.0,0.3,1.0,0.0,severe_coverage_warn,0.0,multiple,multiple,1;2;3;4,Lfrac minimum coverage 0.785 is below 0.8 | Lfrac coverage gap 0.215 exceeds 0.1 | third_integral coverage gap 0.16 exceeds 0.1 | 6 planned shell-band/Lfrac/third-integral cells have no successful orbit,0.9477477477477477,1.0,0.9477477477477477,0.9064449064449065,0.7851851851851852,0.8404761904761905,0.0935550935550935,0.2148148148148148,0.1595238095238095,6.0,0.0,3682.0,3885.0,0.0,not_computed,not_computed,0.0,0.0,0.0,0.0,0.0,0.0,0.0,,,,,,,,,
25.444179318908997,639.6769415622435,0.0,1.1224721367653159,47.153728401470836,-47.153728401470836,pass_halo_only,99.0,47.153728401470836,0.008775955978684635,0.2552698310587449,0.36100605714795936,1.0,1.0,32.0,none,0.0,21.985546907690534,25.1681814937803,32.0,32.0,77.0,10.2947943672727,0.2360675248852778,nonsingular_isothermal,1.0,0.01,2.0,0.3,1.0,0.0,strict_pass,1.0,none,none,,,1.0,1.0,1.0,1.0,1.0,1.0,0.0,0.0,0.0,0.0,0.0,3885.0,3885.0,1.0,inverse_phase_volume,geometric_mean,3885.0,3885.0,3885.0,0.0,420.0,0.0,0.0,1.739519583947196e+33,1.8892455019703105e+52,1.0860731430705523e+19,3.69518145737123e-12,40132373.39623206,2.4917539516710662e-08,270622704604.9871,1.0860731430705551e+19,0.0
25.444179318908997,639.6769415622435,2500000.0,1.1224721367653159,inf,-1000000.0,orbit_fail_bh_up,99.0,inf,inf,inf,inf,0.0,0.0,0.0,incomplete_orbit_coverage,1.0,inf,inf,0.0,0.0,0.0,0.0,0.0,nonsingular_isothermal,1.0,0.01,2.0,0.3,1.0,0.0,severe_coverage_warn,0.0,multiple,multiple,1;2;3;4;5,Lfrac minimum coverage 0.777 is below 0.8 | Lfrac coverage gap 0.223 exceeds 0.1 | third_integral coverage gap 0.162 exceeds 0.1 | 10 planned shell-band/Lfrac/third-integral cells have no successful orbit,0.9456885456885457,1.0,0.9456885456885457,0.9015444015444015,0.7767195767195767,0.8380952380952381,0.09845559845559848,0.2232804232804233,0.16190476190476188,10.0,0.0,3674.0,3885.0,0.0,not_computed,not_computed,0.0,0.0,0.0,0.0,0.0,0.0,0.0,,,,,,,,,
25.444179318908997,639.6769415622435,1114871.041183589,1.1224721367653159,inf,-1000000.0,orbit_fail_bh_down,99.0,inf,inf,inf,inf,0.0,0.0,0.0,incomplete_orbit_coverage,1.0,inf,inf,0.0,0.0,0.0,0.0,0.0,nonsingular_isothermal,1.0,0.01,2.0,0.3,1.0,0.0,severe_coverage_warn,0.0,multiple,multiple,1;2;3;4,Lfrac coverage gap 0.19 exceeds 0.1 | third_integral coverage gap 0.14 exceeds 0.1 | 8 planned shell-band/Lfrac/third-integral cells have no successful orbit,0.9536679536679536,1.0,0.9536679536679536,0.9054054054054054,0.8095238095238095,0.8595238095238096,0.09459459459459463,0.19047619047619047,0.14047619047619042,8.0,0.0,3705.0,3885.0,0.0,not_computed,not_computed,0.0,0.0,0.0,0.0,0.0,0.0,0.0,,,,,,,,,
30.0,639.6769415622435,2229742.082367178,1.1224721367653159,inf,-1000000.0,orbit_fail_halo_up,99.0,inf,inf,inf,inf,0.0,0.0,0.0,incomplete_orbit_coverage,1.0,inf,inf,0.0,0.0,0.0,0.0,0.0,nonsingular_isothermal,1.0,0.01,2.0,0.3,1.0,0.0,severe_coverage_warn,0.0,multiple,multiple,1;2;3;4,Lfrac coverage gap 0.194 exceeds 0.1 | third_integral coverage gap 0.15 exceeds 0.1 | 6 planned shell-band/Lfrac/third-integral cells have no successful orbit,0.9528957528957529,1.0,0.9528957528957529,0.9092664092664092,0.8063492063492064,0.85,0.09073359073359077,0.19365079365079363,0.15000000000000002,6.0,0.0,3702.0,3885.0,0.0,not_computed,not_computed,0.0,0.0,0.0,0.0,0.0,0.0,0.0,,,,,,,,,
12.722089659454499,639.6769415622435,2229742.082367178,1.1224721367653159,inf,-1000000.0,orbit_fail_halo_down,99.0,inf,inf,inf,inf,0.0,0.0,0.0,incomplete_orbit_coverage,1.0,inf,inf,0.0,0.0,0.0,0.0,0.0,nonsingular_isothermal,1.0,0.01,2.0,0.3,1.0,0.0,severe_coverage_warn,0.0,multiple,multiple,1;2;3;4;5,shell_band coverage gap 0.102 exceeds 0.1 | Lfrac minimum coverage 0.724 is below 0.8 | Lfrac coverage gap 0.276 exceeds 0.1 | third_integral coverage gap 0.179 exceeds 0.1 | 11 planned shell-band/Lfrac/third-integral cells have no successful orbit,0.9328185328185328,1.0,0.9328185328185328,0.8981288981288982,0.7238095238095238,0.8214285714285714,0.10187110187110182,0.2761904761904762,0.1785714285714286,11.0,0.0,3624.0,3885.0,0.0,not_computed,not_computed,0.0,0.0,0.0,0.0,0.0,0.0,0.0,,,,,,,,,
25.444179318908997,639.6769415622435,2229742.082367178,1.6,inf,-1000000.0,orbit_fail_ml_up,99.0,inf,inf,inf,inf,0.0,0.0,0.0,incomplete_orbit_coverage,1.0,inf,inf,0.0,0.0,0.0,0.0,0.0,nonsingular_isothermal,1.0,0.01,2.0,0.3,1.0,0.0,severe_coverage_warn,0.0,multiple,multiple,1;2;3;4,Lfrac minimum coverage 0.794 is below 0.8 | Lfrac coverage gap 0.206 exceeds 0.1 | third_integral coverage gap 0.155 exceeds 0.1 | 8 planned shell-band/Lfrac/third-integral cells have no successful orbit,0.9498069498069498,1.0,0.9498069498069498,0.9111969111969112,0.7936507936507936,0.8452380952380952,0.08880308880308885,0.2063492063492064,0.15476190476190477,8.0,0.0,3690.0,3885.0,0.0,not_computed,not_computed,0.0,0.0,0.0,0.0,0.0,0.0,0.0,,,,,,,,,
25.444179318908997,639.6769415622435,2229742.082367178,0.5612360683826579,inf,-1000000.0,orbit_fail_ml_down,99.0,inf,inf,inf,inf,0.0,0.0,0.0,incomplete_orbit_coverage,1.0,inf,inf,0.0,0.0,0.0,0.0,0.0,nonsingular_isothermal,1.0,0.01,2.0,0.3,1.0,0.0,severe_coverage_warn,0.0,multiple,multiple,1;2;3;4;5,Lfrac minimum coverage 0.782 is below 0.8 | Lfrac coverage gap 0.218 exceeds 0.1 | third_integral coverage gap 0.162 exceeds 0.1 | 11 planned shell-band/Lfrac/third-integral cells have no successful orbit,0.946975546975547,1.0,0.946975546975547,0.9054054054054054,0.782010582010582,0.8380952380952381,0.09459459459459463,0.21798941798941796,0.16190476190476188,11.0,0.0,3679.0,3885.0,0.0,not_computed,not_computed,0.0,0.0,0.0,0.0,0.0,0.0,0.0,,,,,,,,,
23.88361899599634,6658.210659611871,1829866.3541457627,0.3927862515691037,inf,-1000000.0,orbit_fail_full,100.0,inf,inf,inf,inf,0.0,0.0,0.0,incomplete_orbit_coverage,1.0,inf,inf,0.0,0.0,0.0,0.0,0.0,nonsingular_isothermal,1.0,0.01,2.0,0.3,1.0,0.0,severe_coverage_warn,0.0,multiple,multiple,1;2;3;4;5;6;7,Lfrac minimum coverage 0.686 is below 0.8 | Lfrac coverage gap 0.314 exceeds 0.1 | third_integral minimum coverage 0.774 is below 0.8 | third_integral coverage gap 0.226 exceeds 0.1 | 14 planned shell-band/Lfrac/third-integral cells have no successful orbit,0.9235521235521236,1.0,0.9235521235521236,0.8918918918918919,0.6857142857142857,0.7738095238095238,0.09563409563409564,0.3142857142857143,0.22619047619047616,14.0,0.0,3588.0,3885.0,0.0,not_computed,not_computed,0.0,0.0,0.0,0.0,0.0,0.0,0.0,,,,,,,,,
23.88361899599634,6658.210659611871,0.0,0.3927862515691037,882.0668582515949,-882.0668582515949,pass_halo_only,100.0,882.0668582515949,0.25061347659277544,0.2159667128552868,0.30542305434102746,1.0,1.0,24.0,none,0.0,426.4170604178262,455.6497978337686,32.0,32.0,108.0,20.937402435253823,0.0888766761602684,nonsingular_isothermal,1.0,0.01,2.0,0.3,1.0,0.0,strict_pass,1.0,none,none,,,1.0,1.0,1.0,1.0,1.0,1.0,0.0,0.0,0.0,0.0,0.0,3885.0,3885.0,1.0,inverse_phase_volume,geometric_mean,3885.0,3885.0,3885.0,0.0,420.0,0.0,0.0,8.326763369690644e+32,3.1923897206510856e+48,3833890287156904.5,3.800069242536943e-09,14569048.559486084,6.863866201811016e-08,263153099.63467813,3833890287156905.0,0.0
23.88361899599634,6658.210659611871,2500000.0,0.3927862515691037,inf,-1000000.0,orbit_fail_bh_up,100.0,inf,inf,inf,inf,0.0,0.0,0.0,incomplete_orbit_coverage,1.0,inf,inf,0.0,0.0,0.0,0.0,0.0,nonsingular_isothermal,1.0,0.01,2.0,0.3,1.0,0.0,severe_coverage_warn,0.0,multiple,multiple,1;2;3;4;5;6;7,Lfrac minimum coverage 0.661 is below 0.8 | Lfrac coverage gap 0.339 exceeds 0.1 | third_integral minimum coverage 0.757 is below 0.8 | third_integral coverage gap 0.243 exceeds 0.1 | 15 planned shell-band/Lfrac/third-integral cells have no successful orbit,0.9176319176319176,1.0,0.9176319176319176,0.8861003861003861,0.6613756613756614,0.7571428571428571,0.07647757647757647,0.3386243386243386,0.24285714285714288,15.0,0.0,3565.0,3885.0,0.0,not_computed,not_computed,0.0,0.0,0.0,0.0,0.0,0.0,0.0,,,,,,,,,
23.88361899599634,6658.210659611871,914933.1770728814,0.3927862515691037,inf,-1000000.0,orbit_fail_bh_down,100.0,inf,inf,inf,inf,0.0,0.0,0.0,incomplete_orbit_coverage,1.0,inf,inf,0.0,0.0,0.0,0.0,0.0,nonsingular_isothermal,1.0,0.01,2.0,0.3,1.0,0.0,severe_coverage_warn,0.0,multiple,multiple,1;2;3;4;5;6,Lfrac minimum coverage 0.71 is below 0.8 | Lfrac coverage gap 0.29 exceeds 0.1 | third_integral minimum coverage 0.788 is below 0.8 | third_integral coverage gap 0.212 exceeds 0.1 | 13 planned shell-band/Lfrac/third-integral cells have no successful orbit,0.9294723294723295,1.0,0.9294723294723295,0.9034749034749034,0.71005291005291,0.7880952380952381,0.09652509652509655,0.28994708994708995,0.21190476190476193,13.0,0.0,3611.0,3885.0,0.0,not_computed,not_computed,0.0,0.0,0.0,0.0,0.0,0.0,0.0,,,,,,,,,
30.0,6658.210659611871,1829866.3541457627,0.3927862515691037,inf,-1000000.0,orbit_fail_halo_up,100.0,inf,inf,inf,inf,0.0,0.0,0.0,incomplete_orbit_coverage,1.0,inf,inf,0.0,0.0,0.0,0.0,0.0,nonsingular_isothermal,1.0,0.01,2.0,0.3,1.0,0.0,severe_coverage_warn,0.0,multiple,multiple,1;2;3;4;5;6,Lfrac minimum coverage 0.709 is below 0.8 | Lfrac coverage gap 0.291 exceeds 0.1 | third_integral minimum coverage 0.781 is below 0.8 | third_integral coverage gap 0.219 exceeds 0.1 | 14 planned shell-band/Lfrac/third-integral cells have no successful orbit,0.9292149292149292,1.0,0.9292149292149292,0.9034749034749034,0.708994708994709,0.780952380952381,0.09444609444609453,0.29100529100529104,0.21904761904761905,14.0,0.0,3610.0,3885.0,0.0,not_computed,not_computed,0.0,0.0,0.0,0.0,0.0,0.0,0.0,,,,,,,,,
11.94180949799817,6658.210659611871,1829866.3541457627,0.3927862515691037,inf,-1000000.0,orbit_fail_halo_down,100.0,inf,inf,inf,inf,0.0,0.0,0.0,incomplete_orbit_coverage,1.0,inf,inf,0.0,0.0,0.0,0.0,0.0,nonsingular_isothermal,1.0,0.01,2.0,0.3,1.0,0.0,severe_coverage_warn,0.0,multiple,multiple,1;2;3;4;5;6;7;8,Lfrac minimum coverage 0.617 is below 0.8 | Lfrac coverage gap 0.383 exceeds 0.1 | third_integral minimum coverage 0.75 is below 0.8 | third_integral coverage gap 0.25 exceeds 0.1 | 19 planned shell-band/Lfrac/third-integral cells have no successful orbit,0.9068211068211068,1.0,0.9068211068211068,0.88996138996139,0.6169312169312169,0.75,0.031036531036531034,0.3830687830687831,0.25,19.0,0.0,3523.0,3885.0,0.0,not_computed,not_computed,0.0,0.0,0.0,0.0,0.0,0.0,0.0,,,,,,,,,
23.88361899599634,6658.210659611871,1829866.3541457627,0.7855725031382074,inf,-1000000.0,orbit_fail_ml_up,100.0,inf,inf,inf,inf,0.0,0.0,0.0,incomplete_orbit_coverage,1.0,inf,inf,0.0,0.0,0.0,0.0,0.0,nonsingular_isothermal,1.0,0.01,2.0,0.3,1.0,0.0,severe_coverage_warn,0.0,multiple,multiple,1;2;3;4;5;6;7,Lfrac minimum coverage 0.676 is below 0.8 | Lfrac coverage gap 0.324 exceeds 0.1 | third_integral minimum coverage 0.769 is below 0.8 | third_integral coverage gap 0.231 exceeds 0.1 | 16 planned shell-band/Lfrac/third-integral cells have no successful orbit,0.9212355212355212,1.0,0.9212355212355212,0.88996138996139,0.6761904761904762,0.7690476190476191,0.09132759132759138,0.32380952380952377,0.2309523809523809,16.0,0.0,3579.0,3885.0,0.0,not_computed,not_computed,0.0,0.0,0.0,0.0,0.0,0.0,0.0,,,,,,,,,
23.88361899599634,6658.210659611871,1829866.3541457627,0.2,inf,-1000000.0,orbit_fail_ml_down,100.0,inf,inf,inf,inf,0.0,0.0,0.0,incomplete_orbit_coverage,1.0,inf,inf,0.0,0.0,0.0,0.0,0.0,nonsingular_isothermal,1.0,0.01,2.0,0.3,1.0,0.0,severe_coverage_warn,0.0,multiple,multiple,1;2;3;4;5;6;7,Lfrac minimum coverage 0.674 is below 0.8 | Lfrac coverage gap 0.326 exceeds 0.1 | third_integral minimum coverage 0.769 is below 0.8 | third_integral coverage gap 0.231 exceeds 0.1 | 15 planned shell-band/Lfrac/third-integral cells have no successful orbit,0.9207207207207208,1.0,0.9207207207207208,0.8918918918918919,0.674074074074074,0.7690476190476191,0.0852390852390853,0.32592592592592595,0.2309523809523809,15.0,0.0,3577.0,3885.0,0.0,not_computed,not_computed,0.0,0.0,0.0,0.0,0.0,0.0,0.0,,,,,,,,,
15.033884322764235,9363.357553250125,2153924.177611206,1.3632596493155518,inf,-1000000.0,orbit_fail_full,101.0,inf,inf,inf,inf,0.0,0.0,0.0,incomplete_orbit_coverage,1.0,inf,inf,0.0,0.0,0.0,0.0,0.0,nonsingular_isothermal,1.0,0.01,2.0,0.3,1.0,0.0,severe_coverage_warn,0.0,multiple,multiple,1;2;3;4;5;6;7;8,Lfrac minimum coverage 0.625 is below 0.8 | Lfrac coverage gap 0.375 exceeds 0.1 | third_integral minimum coverage 0.75 is below 0.8 | third_integral coverage gap 0.25 exceeds 0.1 | 20 planned shell-band/Lfrac/third-integral cells have no successful orbit,0.9088803088803089,1.0,0.9088803088803089,0.88996138996139,0.6253968253968254,0.75,0.03727353727353733,0.3746031746031746,0.25,20.0,0.0,3531.0,3885.0,0.0,not_computed,not_computed,0.0,0.0,0.0,0.0,0.0,0.0,0.0,,,,,,,,,
15.033884322764235,9363.357553250125,0.0,1.3632596493155518,893.676635451035,-893.676635451035,pass_halo_only,101.0,893.676635451035,0.042883529311097845,0.20102946064431385,0.2842985896796858,1.0,1.0,13.0,none,0.0,434.5055561145235,459.1710793365114,32.0,32.0,168.0,16.527988741871432,0.13280932209451676,nonsingular_isothermal,1.0,0.01,2.0,0.3,1.0,0.0,strict_pass,1.0,none,none,,,1.0,1.0,1.0,1.0,1.0,1.0,0.0,0.0,0.0,0.0,0.0,3885.0,3885.0,1.0,inverse_phase_volume,geometric_mean,3885.0,3885.0,3885.0,0.0,420.0,0.0,0.0,1.0657336840019182e+32,7.674468395543653e+46,720111272707961.0,2.9283250183328456e-10,210871.98558542336,4.742213609948222e-06,3414921478.1128364,720111272707962.8,0.0
15.033884322764235,9363.357553250125,2500000.0,1.3632596493155518,inf,-1000000.0,orbit_fail_bh_up,101.0,inf,inf,inf,inf,0.0,0.0,0.0,incomplete_orbit_coverage,1.0,inf,inf,0.0,0.0,0.0,0.0,0.0,nonsingular_isothermal,1.0,0.01,2.0,0.3,1.0,0.0,severe_coverage_warn,0.0,multiple,multiple,1;2;3;4;5;6;7;8,Lfrac minimum coverage 0.625 is below 0.8 | Lfrac coverage gap 0.375 exceeds 0.1 | third_integral minimum coverage 0.75 is below 0.8 | third_integral coverage gap 0.25 exceeds 0.1 | 18 planned shell-band/Lfrac/third-integral cells have no successful orbit,0.9088803088803089,1.0,0.9088803088803089,0.88996138996139,0.6253968253968254,0.75,0.02895752895752901,0.3746031746031746,0.25,18.0,0.0,3531.0,3885.0,0.0,not_computed,not_computed,0.0,0.0,0.0,0.0,0.0,0.0,0.0,,,,,,,,,
15.033884322764235,9363.357553250125,1076962.088805603,1.3632596493155518,inf,-1000000.0,orbit_fail_bh_down,101.0,inf,inf,inf,inf,0.0,0.0,0.0,incomplete_orbit_coverage,1.0,inf,inf,0.0,0.0,0.0,0.0,0.0,nonsingular_isothermal,1.0,0.01,2.0,0.3,1.0,0.0,severe_coverage_warn,0.0,multiple,multiple,1;2;3;4;5;6;7;8,Lfrac minimum coverage 0.639 is below 0.8 | Lfrac coverage gap 0.361 exceeds 0.1 | third_integral minimum coverage 0.75 is below 0.8 | third_integral coverage gap 0.25 exceeds 0.1 | 19 planned shell-band/Lfrac/third-integral cells have no successful orbit,0.9122265122265122,1.0,0.9122265122265122,0.8918918918918919,0.6391534391534391,0.75,0.03950103950103956,0.36084656084656086,0.25,19.0,0.0,3544.0,3885.0,0.0,not_computed,not_computed,0.0,0.0,0.0,0.0,0.0,0.0,0.0,,,,,,,,,
30.0,9363.357553250125,2153924.177611206,1.3632596493155518,inf,-1000000.0,orbit_fail_halo_up,101.0,inf,inf,inf,inf,0.0,0.0,0.0,incomplete_orbit_coverage,1.0,inf,inf,0.0,0.0,0.0,0.0,0.0,nonsingular_isothermal,1.0,0.01,2.0,0.3,1.0,0.0,severe_coverage_warn,0.0,multiple,multiple,1;2;3;4;5;6;7,Lfrac minimum coverage 0.668 is below 0.8 | Lfrac coverage gap 0.332 exceeds 0.1 | third_integral minimum coverage 0.76 is below 0.8 | third_integral coverage gap 0.24 exceeds 0.1 | 16 planned shell-band/Lfrac/third-integral cells have no successful orbit,0.9191763191763191,1.0,0.9191763191763191,0.8938223938223938,0.6677248677248677,0.7595238095238095,0.07291357291357292,0.3322751322751323,0.2404761904761905,16.0,0.0,3571.0,3885.0,0.0,not_computed,not_computed,0.0,0.0,0.0,0.0,0.0,0.0,0.0,,,,,,,,,
7.516942161382118,9363.357553250125,2153924.177611206,1.3632596493155518,inf,-1000000.0,orbit_fail_halo_down,101.0,inf,inf,inf,inf,0.0,0.0,0.0,incomplete_orbit_coverage,1.0,inf,inf,0.0,0.0,0.0,0.0,0.0,nonsingular_isothermal,1.0,0.01,2.0,0.3,1.0,0.0,severe_coverage_warn,0.0,multiple,multiple,1;2;3;4;5;6;7;8,Lfrac minimum coverage 0.593 is below 0.8 | Lfrac coverage gap 0.407 exceeds 0.1 | third_integral minimum coverage 0.75 is below 0.8 | third_integral coverage gap 0.25 exceeds 0.1 | 21 planned shell-band/Lfrac/third-integral cells have no successful orbit,0.9009009009009009,1.0,0.9009009009009009,0.8861003861003861,0.5925925925925926,0.75,0.028660528660528706,0.40740740740740744,0.25,21.0,0.0,3500.0,3885.0,0.0,not_computed,not_computed,0.0,0.0,0.0,0.0,0.0,0.0,0.0,,,,,,,,,
15.033884322764235,9363.357553250125,2153924.177611206,1.6,inf,-1000000.0,orbit_fail_ml_up,101.0,inf,inf,inf,inf,0.0,0.0,0.0,incomplete_orbit_coverage,1.0,inf,inf,0.0,0.0,0.0,0.0,0.0,nonsingular_isothermal,1.0,0.01,2.0,0.3,1.0,0.0,severe_coverage_warn,0.0,multiple,multiple,1;2;3;4;5;6;7;8,Lfrac minimum coverage 0.62 is below 0.8 | Lfrac coverage gap 0.38 exceeds 0.1 | third_integral minimum coverage 0.75 is below 0.8 | third_integral coverage gap 0.25 exceeds 0.1 | 18 planned shell-band/Lfrac/third-integral cells have no successful orbit,0.9075933075933076,1.0,0.9075933075933076,0.8841698841698842,0.6201058201058202,0.75,0.03890703890703895,0.37989417989417984,0.25,18.0,0.0,3526.0,3885.0,0.0,not_computed,not_computed,0.0,0.0,0.0,0.0,0.0,0.0,0.0,,,,,,,,,
15.033884322764235,9363.357553250125,2153924.177611206,0.6816298246577759,inf,-1000000.0,orbit_fail_ml_down,101.0,inf,inf,inf,inf,0.0,0.0,0.0,incomplete_orbit_coverage,1.0,inf,inf,0.0,0.0,0.0,0.0,0.0,nonsingular_isothermal,1.0,0.01,2.0,0.3,1.0,0.0,severe_coverage_warn,0.0,multiple,multiple,1;2;3;4;5;6;7;8,Lfrac minimum coverage 0.621 is below 0.8 | Lfrac coverage gap 0.379 exceeds 0.1 | third_integral minimum coverage 0.75 is below 0.8 | third_integral coverage gap 0.25 exceeds 0.1 | 20 planned shell-band/Lfrac/third-integral cells have no successful orbit,0.9078507078507079,1.0,0.9078507078507079,0.888030888030888,0.6211640211640211,0.75,0.03296703296703296,0.37883597883597886,0.25,20.0,0.0,3527.0,3885.0,0.0,not_computed,not_computed,0.0,0.0,0.0,0.0,0.0,0.0,0.0,,,,,,,,,
19.04949904816028,8465.382438752902,679408.3939392482,0.4995416234854542,inf,-1000000.0,orbit_fail_full,102.0,inf,inf,inf,inf,0.0,0.0,0.0,incomplete_orbit_coverage,1.0,inf,inf,0.0,0.0,0.0,0.0,0.0,nonsingular_isothermal,1.0,0.01,2.0,0.3,1.0,0.0,severe_coverage_warn,0.0,multiple,multiple,1;2;3;4;5;6;7,Lfrac minimum coverage 0.696 is below 0.8 | Lfrac coverage gap 0.304 exceeds 0.1 | third_integral minimum coverage 0.767 is below 0.8 | third_integral coverage gap 0.233 exceeds 0.1 | 14 planned shell-band/Lfrac/third-integral cells have no successful orbit,0.9261261261261261,1.0,0.9261261261261261,0.9015444015444015,0.6962962962962963,0.7666666666666667,0.07974457974457982,0.3037037037037037,0.23333333333333328,14.0,0.0,3598.0,3885.0,0.0,not_computed,not_computed,0.0,0.0,0.0,0.0,0.0,0.0,0.0,,,,,,,,,
19.04949904816028,8465.382438752902,0.0,0.4995416234854542,896.0702889040901,-896.0702889040901,pass_halo_only,102.0,896.0702889040901,0.12928845412795908,0.20397367782909476,0.2884623415529742,1.0,1.0,20.0,none,0.0,442.8705824298126,453.1997064742774,32.0,32.0,144.0,19.261384140544425,0.1095979574528704,nonsingular_isothermal,1.0,0.01,2.0,0.3,1.0,0.0,strict_pass,1.0,none,none,,,1.0,1.0,1.0,1.0,1.0,1.0,0.0,0.0,0.0,0.0,0.0,3885.0,3885.0,1.0,inverse_phase_volume,geometric_mean,3885.0,3885.0,3885.0,0.0,420.0,0.0,0.0,5.48957933274259e+32,4.913809933904813e+47,895115934402550.5,3.804606252957979e-09,3405563.681150301,2.9363714604280396e-07,262839288.3554052,895115934402559.2,0.0
19.04949904816028,8465.382438752902,1358816.7878784963,0.4995416234854542,inf,-1000000.0,orbit_fail_bh_up,102.0,inf,inf,inf,inf,0.0,0.0,0.0,incomplete_orbit_coverage,1.0,inf,inf,0.0,0.0,0.0,0.0,0.0,nonsingular_isothermal,1.0,0.01,2.0,0.3,1.0,0.0,severe_coverage_warn,0.0,multiple,multiple,1;2;3;4;5;6;7,Lfrac minimum coverage 0.667 is below 0.8 | Lfrac coverage gap 0.333 exceeds 0.1 | third_integral minimum coverage 0.752 is below 0.8 | third_integral coverage gap 0.248 exceeds 0.1 | 17 planned shell-band/Lfrac/third-integral cells have no successful orbit,0.918918918918919,1.0,0.918918918918919,0.8938223938223938,0.6666666666666666,0.7523809523809524,0.05836055836055842,0.33333333333333337,0.24761904761904763,17.0,0.0,3570.0,3885.0,0.0,not_computed,not_computed,0.0,0.0,0.0,0.0,0.0,0.0,0.0,,,,,,,,,
19.04949904816028,8465.382438752902,339704.1969696241,0.4995416234854542,inf,-1000000.0,orbit_fail_bh_down,102.0,inf,inf,inf,inf,0.0,0.0,0.0,incomplete_orbit_coverage,1.0,inf,inf,0.0,0.0,0.0,0.0,0.0,nonsingular_isothermal,1.0,0.01,2.0,0.3,1.0,0.0,severe_coverage_warn,0.0,multiple,multiple,1;2;3;4;5;6,shell_band coverage gap 0.104 exceeds 0.1 | Lfrac minimum coverage 0.706 is below 0.8 | Lfrac coverage gap 0.294 exceeds 0.1 | third_integral minimum coverage 0.788 is below 0.8 | third_integral coverage gap 0.212 exceeds 0.1 | 14 planned shell-band/Lfrac/third-integral cells have no successful orbit,0.9284427284427285,1.0,0.9284427284427285,0.8957528957528957,0.7058201058201058,0.7880952380952381,0.10424710424710426,0.2941798941798942,0.21190476190476193,14.0,0.0,3607.0,3885.0,0.0,not_computed,not_computed,0.0,0.0,0.0,0.0,0.0,0.0,0.0,,,,,,,,,
30.0,8465.382438752902,679408.3939392482,0.4995416234854542,inf,-1000000.0,orbit_fail_halo_up,102.0,inf,inf,inf,inf,0.0,0.0,0.0,incomplete_orbit_coverage,1.0,inf,inf,0.0,0.0,0.0,0.0,0.0,nonsingular_isothermal,1.0,0.01,2.0,0.3,1.0,0.0,severe_coverage_warn,0.0,multiple,multiple,1;2;3;4;5;6,Lfrac minimum coverage 0.712 is below 0.8 | Lfrac coverage gap 0.288 exceeds 0.1 | third_integral minimum coverage 0.788 is below 0.8 | third_integral coverage gap 0.212 exceeds 0.1 | 13 planned shell-band/Lfrac/third-integral cells have no successful orbit,0.92998712998713,1.0,0.92998712998713,0.9054054054054054,0.7121693121693121,0.7880952380952381,0.09459459459459463,0.2878306878306879,0.21190476190476193,13.0,0.0,3613.0,3885.0,0.0,not_computed,not_computed,0.0,0.0,0.0,0.0,0.0,0.0,0.0,,,,,,,,,
9.52474952408014,8465.382438752902,679408.3939392482,0.4995416234854542,inf,-1000000.0,orbit_fail_halo_down,102.0,inf,inf,inf,inf,0.0,0.0,0.0,incomplete_orbit_coverage,1.0,inf,inf,0.0,0.0,0.0,0.0,0.0,nonsingular_isothermal,1.0,0.01,2.0,0.3,1.0,0.0,severe_coverage_warn,0.0,multiple,multiple,1;2;3;4;5;6;7;8,Lfrac minimum coverage 0.623 is below 0.8 | Lfrac coverage gap 0.377 exceeds 0.1 | third_integral minimum coverage 0.75 is below 0.8 | third_integral coverage gap 0.25 exceeds 0.1 | 16 planned shell-band/Lfrac/third-integral cells have no successful orbit,0.9083655083655083,1.0,0.9083655083655083,0.88996138996139,0.6232804232804233,0.75,0.03311553311553317,0.3767195767195767,0.25,16.0,0.0,3529.0,3885.0,0.0,not_computed,not_computed,0.0,0.0,0.0,0.0,0.0,0.0,0.0,,,,,,,,,
19.04949904816028,8465.382438752902,679408.3939392482,0.9990832469709084,inf,-1000000.0,orbit_fail_ml_up,102.0,inf,inf,inf,inf,0.0,0.0,0.0,incomplete_orbit_coverage,1.0,inf,inf,0.0,0.0,0.0,0.0,0.0,nonsingular_isothermal,1.0,0.01,2.0,0.3,1.0,0.0,severe_coverage_warn,0.0,multiple,multiple,1;2;3;4;5;6;7,Lfrac minimum coverage 0.684 is below 0.8 | Lfrac coverage gap 0.316 exceeds 0.1 | third_integral minimum coverage 0.771 is below 0.8 | third_integral coverage gap 0.229 exceeds 0.1 | 14 planned shell-band/Lfrac/third-integral cells have no successful orbit,0.923037323037323,1.0,0.923037323037323,0.8976833976833977,0.6835978835978836,0.7714285714285715,0.08360558360558368,0.31640211640211635,0.22857142857142854,14.0,0.0,3586.0,3885.0,0.0,not_computed,not_computed,0.0,0.0,0.0,0.0,0.0,0.0,0.0,,,,,,,,,
19.04949904816028,8465.382438752902,679408.3939392482,0.2497708117427271,inf,-1000000.0,orbit_fail_ml_down,102.0,inf,inf,inf,inf,0.0,0.0,0.0,incomplete_orbit_coverage,1.0,inf,inf,0.0,0.0,0.0,0.0,0.0,nonsingular_isothermal,1.0,0.01,2.0,0.3,1.0,0.0,severe_coverage_warn,0.0,multiple,multiple,1;2;3;4;5;6;7,Lfrac minimum coverage 0.683 is below 0.8 | Lfrac coverage gap 0.317 exceeds 0.1 | third_integral minimum coverage 0.771 is below 0.8 | third_integral coverage gap 0.229 exceeds 0.1 | 16 planned shell-band/Lfrac/third-integral cells have no successful orbit,0.9227799227799228,1.0,0.9227799227799228,0.8976833976833977,0.6825396825396826,0.7714285714285715,0.0856845856845857,0.31746031746031744,0.22857142857142854,16.0,0.0,3585.0,3885.0,0.0,not_computed,not_computed,0.0,0.0,0.0,0.0,0.0,0.0,0.0,,,,,,,,,
16.982917247296488,5161.5006379046,2031970.7300977733,0.25339748559347947,inf,-1000000.0,orbit_fail_full,103.0,inf,inf,inf,inf,0.0,0.0,0.0,incomplete_orbit_coverage,1.0,inf,inf,0.0,0.0,0.0,0.0,0.0,nonsingular_isothermal,1.0,0.01,2.0,0.3,1.0,0.0,severe_coverage_warn,0.0,multiple,multiple,1;2;3;4;5;6;7,Lfrac minimum coverage 0.675 is below 0.8 | Lfrac coverage gap 0.325 exceeds 0.1 | third_integral minimum coverage 0.764 is below 0.8 | third_integral coverage gap 0.236 exceeds 0.1 | 14 planned shell-band/Lfrac/third-integral cells have no successful orbit,0.9209781209781209,1.0,0.9209781209781209,0.8996138996138996,0.6751322751322751,0.7642857142857142,0.07751707751707759,0.32486772486772486,0.23571428571428577,14.0,0.0,3578.0,3885.0,0.0,not_computed,not_computed,0.0,0.0,0.0,0.0,0.0,0.0,0.0,,,,,,,,,
16.982917247296488,5161.5006379046,0.0,0.25339748559347947,879.5811641546893,-879.5811641546893,pass_halo_only,103.0,879.5811641546893,0.14892663846239884,0.19944875274847057,0.2820631311352344,1.0,1.0,12.0,none,0.0,461.99150425046975,417.5896599042194,32.0,32.0,92.0,22.144842778276594,0.08822213044405461,nonsingular_isothermal,1.0,0.01,2.0,0.3,1.0,0.0,strict_pass,1.0,none,none,,,1.0,1.0,1.0,1.0,1.0,1.0,0.0,0.0,0.0,0.0,0.0,3885.0,3885.0,1.0,inverse_phase_volume,geometric_mean,3885.0,3885.0,3885.0,0.0,420.0,0.0,0.0,1.3837832130377616e+32,2.1961129491256868e+48,1.5870354029694086e+16,1.1148682057259309e-09,17693353.121320397,5.651839948839349e-08,896967009.0724884,1.5870354029694134e+16,0.0
16.982917247296488,5161.5006379046,2500000.0,0.25339748559347947,inf,-1000000.0,orbit_fail_bh_up,103.0,inf,inf,inf,inf,0.0,0.0,0.0,incomplete_orbit_coverage,1.0,inf,inf,0.0,0.0,0.0,0.0,0.0,nonsingular_isothermal,1.0,0.01,2.0,0.3,1.0,0.0,severe_coverage_warn,0.0,multiple,multiple,1;2;3;4;5;6;7;8,Lfrac minimum coverage 0.648 is below 0.8 | Lfrac coverage gap 0.352 exceeds 0.1 | third_integral minimum coverage 0.75 is below 0.8 | third_integral coverage gap 0.25 exceeds 0.1 | 17 planned shell-band/Lfrac/third-integral cells have no successful orbit,0.9142857142857143,1.0,0.9142857142857143,0.8938223938223938,0.6476190476190476,0.75,0.054202554202554265,0.35238095238095235,0.25,17.0,0.0,3552.0,3885.0,0.0,not_computed,not_computed,0.0,0.0,0.0,0.0,0.0,0.0,0.0,,,,,,,,,
16.982917247296488,5161.5006379046,1015985.3650488866,0.25339748559347947,inf,-1000000.0,orbit_fail_bh_down,103.0,inf,inf,inf,inf,0.0,0.0,0.0,incomplete_orbit_coverage,1.0,inf,inf,0.0,0.0,0.0,0.0,0.0,nonsingular_isothermal,1.0,0.01,2.0,0.3,1.0,0.0,severe_coverage_warn,0.0,multiple,multiple,1;2;3;4;5;6;7,Lfrac minimum coverage 0.696 is below 0.8 | Lfrac coverage gap 0.304 exceeds 0.1 | third_integral minimum coverage 0.779 is below 0.8 | third_integral coverage gap 0.221 exceeds 0.1 | 14 planned shell-band/Lfrac/third-integral cells have no successful orbit,0.9261261261261261,1.0,0.9261261261261261,0.8976833976833977,0.6962962962962963,0.7785714285714286,0.09815859815859818,0.3037037037037037,0.22142857142857142,14.0,0.0,3598.0,3885.0,0.0,not_computed,not_computed,0.0,0.0,0.0,0.0,0.0,0.0,0.0,,,,,,,,,
30.0,5161.5006379046,2031970.7300977733,0.25339748559347947,inf,-1000000.0,orbit_fail_halo_up,103.0,inf,inf,inf,inf,0.0,0.0,0.0,incomplete_orbit_coverage,1.0,inf,inf,0.0,0.0,0.0,0.0,0.0,nonsingular_isothermal,1.0,0.01,2.0,0.3,1.0,0.0,severe_coverage_warn,0.0,multiple,multiple,1;2;3;4;5;6,Lfrac minimum coverage 0.714 is below 0.8 | Lfrac coverage gap 0.286 exceeds 0.1 | third_integral minimum coverage 0.79 is below 0.8 | third_integral coverage gap 0.21 exceeds 0.1 | 15 planned shell-band/Lfrac/third-integral cells have no successful orbit,0.9305019305019305,1.0,0.9305019305019305,0.9054054054054054,0.7142857142857143,0.7904761904761904,0.09459459459459463,0.2857142857142857,0.20952380952380956,15.0,0.0,3615.0,3885.0,0.0,not_computed,not_computed,0.0,0.0,0.0,0.0,0.0,0.0,0.0,,,,,,,,,
8.491458623648244,5161.5006379046,2031970.7300977733,0.25339748559347947,inf,-1000000.0,orbit_fail_halo_down,103.0,inf,inf,inf,inf,0.0,0.0,0.0,incomplete_orbit_coverage,1.0,inf,inf,0.0,0.0,0.0,0.0,0.0,nonsingular_isothermal,1.0,0.01,2.0,0.3,1.0,0.0,severe_coverage_warn,0.0,multiple,multiple,1;2;3;4;5;6;7;8,Lfrac minimum coverage 0.613 is below 0.8 | Lfrac coverage gap 0.387 exceeds 0.1 | third_integral minimum coverage 0.75 is below 0.8 | third_integral coverage gap 0.25 exceeds 0.1 | 21 planned shell-band/Lfrac/third-integral cells have no successful orbit,0.9057915057915058,1.0,0.9057915057915058,0.896049896049896,0.6126984126984127,0.75,0.02494802494802495,0.38730158730158726,0.25,21.0,0.0,3519.0,3885.0,0.0,not_computed,not_computed,0.0,0.0,0.0,0.0,0.0,0.0,0.0,,,,,,,,,
16.982917247296488,5161.5006379046,2031970.7300977733,0.5067949711869589,inf,-1000000.0,orbit_fail_ml_up,103.0,inf,inf,inf,inf,0.0,0.0,0.0,incomplete_orbit_coverage,1.0,inf,inf,0.0,0.0,0.0,0.0,0.0,nonsingular_isothermal,1.0,0.01,2.0,0.3,1.0,0.0,severe_coverage_warn,0.0,multiple,multiple,1;2;3;4;5;6;7,Lfrac minimum coverage 0.66 is below 0.8 | Lfrac coverage gap 0.34 exceeds 0.1 | third_integral minimum coverage 0.762 is below 0.8 | third_integral coverage gap 0.238 exceeds 0.1 | 17 planned shell-band/Lfrac/third-integral cells have no successful orbit,0.9173745173745174,1.0,0.9173745173745174,0.8938223938223938,0.6603174603174603,0.7619047619047619,0.07499257499257506,0.3396825396825397,0.23809523809523814,17.0,0.0,3564.0,3885.0,0.0,not_computed,not_computed,0.0,0.0,0.0,0.0,0.0,0.0,0.0,,,,,,,,,
16.982917247296488,5161.5006379046,2031970.7300977733,0.2,inf,-1000000.0,orbit_fail_ml_down,103.0,inf,inf,inf,inf,0.0,0.0,0.0,incomplete_orbit_coverage,1.0,inf,inf,0.0,0.0,0.0,0.0,0.0,nonsingular_isothermal,1.0,0.01,2.0,0.3,1.0,0.0,severe_coverage_warn,0.0,multiple,multiple,1;2;3;4;5;6;7,Lfrac minimum coverage 0.659 is below 0.8 | Lfrac coverage gap 0.341 exceeds 0.1 | third_integral minimum coverage 0.757 is below 0.8 | third_integral coverage gap 0.243 exceeds 0.1 | 17 planned shell-band/Lfrac/third-integral cells have no successful orbit,0.9171171171171171,1.0,0.9171171171171171,0.8957528957528957,0.6592592592592592,0.7571428571428571,0.070983070983071,0.3407407407407408,0.24285714285714288,17.0,0.0,3563.0,3885.0,0.0,not_computed,not_computed,0.0,0.0,0.0,0.0,0.0,0.0,0.0,,,,,,,,,
29.48860325038758,2869.5445543459928,1524282.7501125394,1.0976803736046845,inf,-1000000.0,orbit_fail_full,104.0,inf,inf,inf,inf,0.0,0.0,0.0,incomplete_orbit_coverage,1.0,inf,inf,0.0,0.0,0.0,0.0,0.0,nonsingular_isothermal,1.0,0.01,2.0,0.3,1.0,0.0,severe_coverage_warn,0.0,multiple,multiple,1;2;3;4;5;6,Lfrac minimum coverage 0.744 is below 0.8 | Lfrac coverage gap 0.256 exceeds 0.1 | third_integral coverage gap 0.188 exceeds 0.1 | 12 planned shell-band/Lfrac/third-integral cells have no successful orbit,0.9377091377091377,1.0,0.9377091377091377,0.9015444015444015,0.7439153439153439,0.8119047619047619,0.09845559845559848,0.25608465608465614,0.1880952380952381,12.0,0.0,3643.0,3885.0,0.0,not_computed,not_computed,0.0,0.0,0.0,0.0,0.0,0.0,0.0,,,,,,,,,
29.48860325038758,2869.5445543459928,0.0,1.0976803736046845,220.44095406916583,-220.44095406916583,pass_halo_only,104.0,220.44095406916583,0.1767098713630162,0.2147667799600406,0.303726092966633,1.0,1.0,75.0,none,0.0,104.13574944423371,116.30520462493219,32.0,32.0,306.0,14.205122839465037,0.19396044442926846,nonsingular_isothermal,1.0,0.01,2.0,0.3,1.0,0.0,strict_pass,1.0,none,none,,,1.0,1.0,1.0,1.0,1.0,1.0,0.0,0.0,0.0,0.0,0.0,3885.0,3885.0,1.0,inverse_phase_volume,geometric_mean,3885.0,3885.0,3885.0,0.0,420.0,0.0,0.0,2.352585658377112e+34,2.085896550727861e+50,8866400010985269.0,3.3926175740232766e-09,30080304.495589092,3.324434432326434e-08,294757654.8729919,8866400010985356.0,0.0
29.48860325038758,2869.5445543459928,2500000.0,1.0976803736046845,inf,-1000000.0,orbit_fail_bh_up,104.0,inf,inf,inf,inf,0.0,0.0,0.0,incomplete_orbit_coverage,1.0,inf,inf,0.0,0.0,0.0,0.0,0.0,nonsingular_isothermal,1.0,0.01,2.0,0.3,1.0,0.0,severe_coverage_warn,0.0,multiple,multiple,1;2;3;4;5;6,Lfrac minimum coverage 0.741 is below 0.8 | Lfrac coverage gap 0.259 exceeds 0.1 | third_integral coverage gap 0.193 exceeds 0.1 | 14 planned shell-band/Lfrac/third-integral cells have no successful orbit,0.9369369369369369,1.0,0.9369369369369369,0.9085239085239085,0.7407407407407407,0.8071428571428572,0.09147609147609148,0.2592592592592593,0.19285714285714284,14.0,0.0,3640.0,3885.0,0.0,not_computed,not_computed,0.0,0.0,0.0,0.0,0.0,0.0,0.0,,,,,,,,,
29.48860325038758,2869.5445543459928,762141.3750562697,1.0976803736046845,inf,-1000000.0,orbit_fail_bh_down,104.0,inf,inf,inf,inf,0.0,0.0,0.0,incomplete_orbit_coverage,1.0,inf,inf,0.0,0.0,0.0,0.0,0.0,nonsingular_isothermal,1.0,0.01,2.0,0.3,1.0,0.0,severe_coverage_warn,0.0,multiple,multiple,1;2;3;4;5,Lfrac minimum coverage 0.766 is below 0.8 | Lfrac coverage gap 0.234 exceeds 0.1 | third_integral coverage gap 0.181 exceeds 0.1 | 9 planned shell-band/Lfrac/third-integral cells have no successful orbit,0.9431145431145431,1.0,0.9431145431145431,0.9168399168399168,0.7661375661375661,0.819047619047619,0.08316008316008316,0.23386243386243388,0.18095238095238098,9.0,0.0,3664.0,3885.0,0.0,not_computed,not_computed,0.0,0.0,0.0,0.0,0.0,0.0,0.0,,,,,,,,,
30.0,2869.5445543459928,1524282.7501125394,1.0976803736046845,inf,-1000000.0,orbit_fail_halo_up,104.0,inf,inf,inf,inf,0.0,0.0,0.0,incomplete_orbit_coverage,1.0,inf,inf,0.0,0.0,0.0,0.0,0.0,nonsingular_isothermal,1.0,0.01,2.0,0.3,1.0,0.0,severe_coverage_warn,0.0,multiple,multiple,1;2;3;4;5;6,Lfrac minimum coverage 0.747 is below 0.8 | Lfrac coverage gap 0.253 exceeds 0.1 | third_integral coverage gap 0.188 exceeds 0.1 | 11 planned shell-band/Lfrac/third-integral cells have no successful orbit,0.9384813384813385,1.0,0.9384813384813385,0.9015444015444015,0.7470899470899471,0.8119047619047619,0.09845559845559848,0.25291005291005286,0.1880952380952381,11.0,0.0,3646.0,3885.0,0.0,not_computed,not_computed,0.0,0.0,0.0,0.0,0.0,0.0,0.0,,,,,,,,,
14.74430162519379,2869.5445543459928,1524282.7501125394,1.0976803736046845,inf,-1000000.0,orbit_fail_halo_down,104.0,inf,inf,inf,inf,0.0,0.0,0.0,incomplete_orbit_coverage,1.0,inf,inf,0.0,0.0,0.0,0.0,0.0,nonsingular_isothermal,1.0,0.01,2.0,0.3,1.0,0.0,severe_coverage_warn,0.0,multiple,multiple,1;2;3;4;5;6,shell_band coverage gap 0.104 exceeds 0.1 | Lfrac minimum coverage 0.702 is below 0.8 | Lfrac coverage gap 0.298 exceeds 0.1 | third_integral minimum coverage 0.79 is below 0.8 | third_integral coverage gap 0.21 exceeds 0.1 | 11 planned shell-band/Lfrac/third-integral cells have no successful orbit,0.9274131274131274,1.0,0.9274131274131274,0.8957528957528957,0.7015873015873015,0.7904761904761904,0.10424710424710426,0.29841269841269846,0.20952380952380956,11.0,0.0,3603.0,3885.0,0.0,not_computed,not_computed,0.0,0.0,0.0,0.0,0.0,0.0,0.0,,,,,,,,,
29.48860325038758,2869.5445543459928,1524282.7501125394,1.6,inf,-1000000.0,orbit_fail_ml_up,104.0,inf,inf,inf,inf,0.0,0.0,0.0,incomplete_orbit_coverage,1.0,inf,inf,0.0,0.0,0.0,0.0,0.0,nonsingular_isothermal,1.0,0.01,2.0,0.3,1.0,0.0,severe_coverage_warn,0.0,multiple,multiple,1;2;3;4;5;6,Lfrac minimum coverage 0.744 is below 0.8 | Lfrac coverage gap 0.256 exceeds 0.1 | third_integral coverage gap 0.19 exceeds 0.1 | 15 planned shell-band/Lfrac/third-integral cells have no successful orbit,0.9377091377091377,1.0,0.9377091377091377,0.9015444015444015,0.7439153439153439,0.8095238095238095,0.09845559845559848,0.25608465608465614,0.19047619047619047,15.0,0.0,3643.0,3885.0,0.0,not_computed,not_computed,0.0,0.0,0.0,0.0,0.0,0.0,0.0,,,,,,,,,
29.48860325038758,2869.5445543459928,1524282.7501125394,0.5488401868023423,inf,-1000000.0,orbit_fail_ml_down,104.0,inf,inf,inf,inf,0.0,0.0,0.0,incomplete_orbit_coverage,1.0,inf,inf,0.0,0.0,0.0,0.0,0.0,nonsingular_isothermal,1.0,0.01,2.0,0.3,1.0,0.0,severe_coverage_warn,0.0,multiple,multiple,1;2;3;4;5;6,Lfrac minimum coverage 0.749 is below 0.8 | Lfrac coverage gap 0.251 exceeds 0.1 | third_integral coverage gap 0.19 exceeds 0.1 | 12 planned shell-band/Lfrac/third-integral cells have no successful orbit,0.938996138996139,1.0,0.938996138996139,0.9092664092664092,0.7492063492063492,0.8095238095238095,0.09073359073359077,0.2507936507936508,0.19047619047619047,12.0,0.0,3648.0,3885.0,0.0,not_computed,not_computed,0.0,0.0,0.0,0.0,0.0,0.0,0.0,,,,,,,,,
27.94201914186017,4022.7026721652755,1509805.8811168615,1.2082840704450843,inf,-1000000.0,orbit_fail_full,105.0,inf,inf,inf,inf,0.0,0.0,0.0,incomplete_orbit_coverage,1.0,inf,inf,0.0,0.0,0.0,0.0,0.0,nonsingular_isothermal,1.0,0.01,2.0,0.3,1.0,0.0,severe_coverage_warn,0.0,multiple,multiple,1;2;3;4;5;6,Lfrac minimum coverage 0.73 is below 0.8 | Lfrac coverage gap 0.27 exceeds 0.1 | third_integral coverage gap 0.198 exceeds 0.1 | 11 planned shell-band/Lfrac/third-integral cells have no successful orbit,0.9343629343629344,1.0,0.9343629343629344,0.9106029106029107,0.7301587301587301,0.8023809523809524,0.08939708939708935,0.2698412698412699,0.19761904761904758,11.0,0.0,3630.0,3885.0,0.0,not_computed,not_computed,0.0,0.0,0.0,0.0,0.0,0.0,0.0,,,,,,,,,
27.94201914186017,4022.7026721652755,0.0,1.2082840704450843,299.1264072905806,-299.1264072905806,pass_halo_only,105.0,299.1264072905806,0.030848918720494112,0.21077880212586156,0.2980862406270947,1.0,1.0,142.0,none,0.0,133.1404438696808,165.9859634208998,32.0,32.0,1631.0,10.483751726477047,0.2535341169602064,nonsingular_isothermal,1.0,0.01,2.0,0.3,1.0,0.0,strict_pass,1.0,none,none,,,1.0,1.0,1.0,1.0,1.0,1.0,0.0,0.0,0.0,0.0,0.0,3885.0,3885.0,1.0,inverse_phase_volume,geometric_mean,3885.0,3885.0,3885.0,0.0,420.0,0.0,0.0,1.2670402454061205e+34,4.3044036383956516e+49,3397211457175122.5,4.439407391501654e-09,15081605.653477384,6.630593737672944e-08,225255290.13496202,3397211457175131.5,0.0
27.94201914186017,4022.7026721652755,2500000.0,1.2082840704450843,inf,-1000000.0,orbit_fail_bh_up,105.0,inf,inf,inf,inf,0.0,0.0,0.0,incomplete_orbit_coverage,1.0,inf,inf,0.0,0.0,0.0,0.0,0.0,nonsingular_isothermal,1.0,0.01,2.0,0.3,1.0,0.0,severe_coverage_warn,0.0,multiple,multiple,1;2;3;4;5;6,shell_band coverage gap 0.102 exceeds 0.1 | Lfrac minimum coverage 0.709 is below 0.8 | Lfrac coverage gap 0.291 exceeds 0.1 | third_integral minimum coverage 0.798 is below 0.8 | third_integral coverage gap 0.202 exceeds 0.1 | 13 planned shell-band/Lfrac/third-integral cells have no successful orbit,0.9292149292149292,1.0,0.9292149292149292,0.8976833976833977,0.708994708994709,0.7976190476190477,0.10231660231660233,0.29100529100529104,0.20238095238095233,13.0,0.0,3610.0,3885.0,0.0,not_computed,not_computed,0.0,0.0,0.0,0.0,0.0,0.0,0.0,,,,,,,,,
27.94201914186017,4022.7026721652755,754902.9405584307,1.2082840704450843,inf,-1000000.0,orbit_fail_bh_down,105.0,inf,inf,inf,inf,0.0,0.0,0.0,incomplete_orbit_coverage,1.0,inf,inf,0.0,0.0,0.0,0.0,0.0,nonsingular_isothermal,1.0,0.01,2.0,0.3,1.0,0.0,severe_coverage_warn,0.0,multiple,multiple,1;2;3;4;5,Lfrac minimum coverage 0.745 is below 0.8 | Lfrac coverage gap 0.255 exceeds 0.1 | third_integral coverage gap 0.188 exceeds 0.1 | 12 planned shell-band/Lfrac/third-integral cells have no successful orbit,0.937966537966538,1.0,0.937966537966538,0.9147609147609148,0.744973544973545,0.8119047619047619,0.08523908523908519,0.25502645502645505,0.1880952380952381,12.0,0.0,3644.0,3885.0,0.0,not_computed,not_computed,0.0,0.0,0.0,0.0,0.0,0.0,0.0,,,,,,,,,
30.0,4022.7026721652755,1509805.8811168615,1.2082840704450843,inf,-1000000.0,orbit_fail_halo_up,105.0,inf,inf,inf,inf,0.0,0.0,0.0,incomplete_orbit_coverage,1.0,inf,inf,0.0,0.0,0.0,0.0,0.0,nonsingular_isothermal,1.0,0.01,2.0,0.3,1.0,0.0,severe_coverage_warn,0.0,multiple,multiple,1;2;3;4;5;6,Lfrac minimum coverage 0.734 is below 0.8 | Lfrac coverage gap 0.266 exceeds 0.1 | third_integral coverage gap 0.198 exceeds 0.1 | 13 planned shell-band/Lfrac/third-integral cells have no successful orbit,0.9353925353925354,1.0,0.9353925353925354,0.9054054054054054,0.7343915343915344,0.8023809523809524,0.09459459459459463,0.2656084656084656,0.19761904761904758,13.0,0.0,3634.0,3885.0,0.0,not_computed,not_computed,0.0,0.0,0.0,0.0,0.0,0.0,0.0,,,,,,,,,
13.971009570930086,4022.7026721652755,1509805.8811168615,1.2082840704450843,inf,-1000000.0,orbit_fail_halo_down,105.0,inf,inf,inf,inf,0.0,0.0,0.0,incomplete_orbit_coverage,1.0,inf,inf,0.0,0.0,0.0,0.0,0.0,nonsingular_isothermal,1.0,0.01,2.0,0.3,1.0,0.0,severe_coverage_warn,0.0,multiple,multiple,1;2;3;4;5;6;7,Lfrac minimum coverage 0.673 is below 0.8 | Lfrac coverage gap 0.327 exceeds 0.1 | third_integral minimum coverage 0.771 is below 0.8 | third_integral coverage gap 0.229 exceeds 0.1 | 17 planned shell-band/Lfrac/third-integral cells have no successful orbit,0.9204633204633205,1.0,0.9204633204633205,0.8976833976833977,0.6730158730158731,0.7714285714285715,0.091921591921592,0.32698412698412693,0.22857142857142854,17.0,0.0,3576.0,3885.0,0.0,not_computed,not_computed,0.0,0.0,0.0,0.0,0.0,0.0,0.0,,,,,,,,,
27.94201914186017,4022.7026721652755,1509805.8811168615,1.6,inf,-1000000.0,orbit_fail_ml_up,105.0,inf,inf,inf,inf,0.0,0.0,0.0,incomplete_orbit_coverage,1.0,inf,inf,0.0,0.0,0.0,0.0,0.0,nonsingular_isothermal,1.0,0.01,2.0,0.3,1.0,0.0,severe_coverage_warn,0.0,multiple,multiple,1;2;3;4;5;6,Lfrac minimum coverage 0.733 is below 0.8 | Lfrac coverage gap 0.267 exceeds 0.1 | third_integral coverage gap 0.2 exceeds 0.1 | 12 planned shell-band/Lfrac/third-integral cells have no successful orbit,0.9351351351351351,1.0,0.9351351351351351,0.9054054054054054,0.7333333333333333,0.8,0.09459459459459463,0.2666666666666667,0.19999999999999996,12.0,0.0,3633.0,3885.0,0.0,not_computed,not_computed,0.0,0.0,0.0,0.0,0.0,0.0,0.0,,,,,,,,,
27.94201914186017,4022.7026721652755,1509805.8811168615,0.6041420352225422,inf,-1000000.0,orbit_fail_ml_down,105.0,inf,inf,inf,inf,0.0,0.0,0.0,incomplete_orbit_coverage,1.0,inf,inf,0.0,0.0,0.0,0.0,0.0,nonsingular_isothermal,1.0,0.01,2.0,0.3,1.0,0.0,severe_coverage_warn,0.0,multiple,multiple,1;2;3;4;5;6,Lfrac minimum coverage 0.735 is below 0.8 | Lfrac coverage gap 0.265 exceeds 0.1 | third_integral coverage gap 0.198 exceeds 0.1 | 13 planned shell-band/Lfrac/third-integral cells have no successful orbit,0.9356499356499357,1.0,0.9356499356499357,0.9054054054054054,0.7354497354497355,0.8023809523809524,0.09459459459459463,0.26455026455026454,0.19761904761904758,13.0,0.0,3635.0,3885.0,0.0,not_computed,not_computed,0.0,0.0,0.0,0.0,0.0,0.0,0.0,,,,,,,,,
26.706075731735048,2464.298291004077,211625.52668706703,1.4594703666031734,inf,-1000000.0,orbit_fail_full,106.0,inf,inf,inf,inf,0.0,0.0,0.0,incomplete_orbit_coverage,1.0,inf,inf,0.0,0.0,0.0,0.0,0.0,nonsingular_isothermal,1.0,0.01,2.0,0.3,1.0,0.0,severe_coverage_warn,0.0,multiple,multiple,1;2;3;4;5,Lfrac minimum coverage 0.792 is below 0.8 | Lfrac coverage gap 0.208 exceeds 0.1 | third_integral coverage gap 0.164 exceeds 0.1 | 9 planned shell-band/Lfrac/third-integral cells have no successful orbit,0.9492921492921493,1.0,0.9492921492921493,0.9147609147609148,0.7915343915343915,0.8357142857142857,0.08523908523908519,0.20846560846560847,0.16428571428571426,9.0,0.0,3688.0,3885.0,0.0,not_computed,not_computed,0.0,0.0,0.0,0.0,0.0,0.0,0.0,,,,,,,,,
26.706075731735048,2464.298291004077,0.0,1.4594703666031734,266.7591140284324,-266.7591140284324,pass_halo_only,106.0,266.7591140284324,0.19223842940152736,0.2023900560294262,0.2862227621262136,1.0,1.0,60.0,none,0.0,104.68164211709112,162.07747191134132,32.0,32.0,91.0,19.51963179794604,0.14589047078518882,nonsingular_isothermal,1.0,0.01,2.0,0.3,1.0,0.0,strict_pass,1.0,none,none,,,1.0,1.0,1.0,1.0,1.0,1.0,0.0,0.0,0.0,0.0,0.0,3885.0,3885.0,1.0,inverse_phase_volume,geometric_mean,3885.0,3885.0,3885.0,0.0,420.0,0.0,0.0,7.575775511373748e+34,2.5460841542276124e+50,3360823126827210.0,6.388352142655968e-09,21470121.623354316,4.657635469154684e-08,156534890.01065746,3360823126827206.0,0.0
26.706075731735048,2464.298291004077,423251.05337413406,1.4594703666031734,inf,-1000000.0,orbit_fail_bh_up,106.0,inf,inf,inf,inf,0.0,0.0,0.0,incomplete_orbit_coverage,1.0,inf,inf,0.0,0.0,0.0,0.0,0.0,nonsingular_isothermal,1.0,0.01,2.0,0.3,1.0,0.0,severe_coverage_warn,0.0,multiple,multiple,1;2;3;4;5,Lfrac minimum coverage 0.78 is below 0.8 | Lfrac coverage gap 0.22 exceeds 0.1 | third_integral coverage gap 0.176 exceeds 0.1 | 10 planned shell-band/Lfrac/third-integral cells have no successful orbit,0.9464607464607465,1.0,0.9464607464607465,0.9168399168399168,0.7798941798941799,0.8238095238095238,0.08316008316008316,0.22010582010582014,0.17619047619047623,10.0,0.0,3677.0,3885.0,0.0,not_computed,not_computed,0.0,0.0,0.0,0.0,0.0,0.0,0.0,,,,,,,,,
26.706075731735048,2464.298291004077,105812.76334353352,1.4594703666031734,inf,-1000000.0,orbit_fail_bh_down,106.0,inf,inf,inf,inf,0.0,0.0,0.0,incomplete_orbit_coverage,1.0,inf,inf,0.0,0.0,0.0,0.0,0.0,nonsingular_isothermal,1.0,0.01,2.0,0.3,1.0,0.0,severe_coverage_warn,0.0,multiple,multiple,1;2;3;4,Lfrac coverage gap 0.176 exceeds 0.1 | third_integral coverage gap 0.14 exceeds 0.1 | 6 planned shell-band/Lfrac/third-integral cells have no successful orbit,0.9572715572715572,1.0,0.9572715572715572,0.9208494208494209,0.8243386243386244,0.8595238095238096,0.0791505791505791,0.17566137566137563,0.14047619047619042,6.0,0.0,3719.0,3885.0,0.0,not_computed,not_computed,0.0,0.0,0.0,0.0,0.0,0.0,0.0,,,,,,,,,
30.0,2464.298291004077,211625.52668706703,1.4594703666031734,inf,-1000000.0,orbit_fail_halo_up,106.0,inf,inf,inf,inf,0.0,0.0,0.0,incomplete_orbit_coverage,1.0,inf,inf,0.0,0.0,0.0,0.0,0.0,nonsingular_isothermal,1.0,0.01,2.0,0.3,1.0,0.0,severe_coverage_warn,0.0,multiple,multiple,1;2;3;4,Lfrac coverage gap 0.197 exceeds 0.1 | third_integral coverage gap 0.155 exceeds 0.1 | 7 planned shell-band/Lfrac/third-integral cells have no successful orbit,0.9521235521235522,1.0,0.9521235521235522,0.918918918918919,0.8031746031746032,0.8452380952380952,0.08108108108108103,0.1968253968253968,0.15476190476190477,7.0,0.0,3699.0,3885.0,0.0,not_computed,not_computed,0.0,0.0,0.0,0.0,0.0,0.0,0.0,,,,,,,,,
13.353037865867524,2464.298291004077,211625.52668706703,1.4594703666031734,inf,-1000000.0,orbit_fail_halo_down,106.0,inf,inf,inf,inf,0.0,0.0,0.0,incomplete_orbit_coverage,1.0,inf,inf,0.0,0.0,0.0,0.0,0.0,nonsingular_isothermal,1.0,0.01,2.0,0.3,1.0,0.0,severe_coverage_warn,0.0,multiple,multiple,1;2;3;4;5,Lfrac minimum coverage 0.765 is below 0.8 | Lfrac coverage gap 0.235 exceeds 0.1 | third_integral coverage gap 0.181 exceeds 0.1 | 10 planned shell-band/Lfrac/third-integral cells have no successful orbit,0.9428571428571428,1.0,0.9428571428571428,0.9131274131274131,0.765079365079365,0.819047619047619,0.08687258687258692,0.23492063492063497,0.18095238095238098,10.0,0.0,3663.0,3885.0,0.0,not_computed,not_computed,0.0,0.0,0.0,0.0,0.0,0.0,0.0,,,,,,,,,
26.706075731735048,2464.298291004077,211625.52668706703,1.6,inf,-1000000.0,orbit_fail_ml_up,106.0,inf,inf,inf,inf,0.0,0.0,0.0,incomplete_orbit_coverage,1.0,inf,inf,0.0,0.0,0.0,0.0,0.0,nonsingular_isothermal,1.0,0.01,2.0,0.3,1.0,0.0,severe_coverage_warn,0.0,multiple,multiple,1;2;3;4;5,Lfrac coverage gap 0.199 exceeds 0.1 | third_integral coverage gap 0.164 exceeds 0.1 | 6 planned shell-band/Lfrac/third-integral cells have no successful orbit,0.9516087516087516,1.0,0.9516087516087516,0.918918918918919,0.801058201058201,0.8357142857142857,0.08108108108108103,0.19894179894179898,0.16428571428571426,6.0,0.0,3697.0,3885.0,0.0,not_computed,not_computed,0.0,0.0,0.0,0.0,0.0,0.0,0.0,,,,,,,,,
26.706075731735048,2464.298291004077,211625.52668706703,0.7297351833015867,inf,-1000000.0,orbit_fail_ml_down,106.0,inf,inf,inf,inf,0.0,0.0,0.0,incomplete_orbit_coverage,1.0,inf,inf,0.0,0.0,0.0,0.0,0.0,nonsingular_isothermal,1.0,0.01,2.0,0.3,1.0,0.0,severe_coverage_warn,0.0,multiple,multiple,1;2;3;4;5,Lfrac minimum coverage 0.788 is below 0.8 | Lfrac coverage gap 0.212 exceeds 0.1 | third_integral coverage gap 0.162 exceeds 0.1 | 10 planned shell-band/Lfrac/third-integral cells have no successful orbit,0.9485199485199485,1.0,0.9485199485199485,0.915057915057915,0.7883597883597884,0.8380952380952381,0.084942084942085,0.21164021164021163,0.16190476190476188,10.0,0.0,3685.0,3885.0,0.0,not_computed,not_computed,0.0,0.0,0.0,0.0,0.0,0.0,0.0,,,,,,,,,
15.01214120528442,2191.469100593797,1293056.8339317574,0.3457497722786563,inf,-1000000.0,orbit_fail_full,107.0,inf,inf,inf,inf,0.0,0.0,0.0,incomplete_orbit_coverage,1.0,inf,inf,0.0,0.0,0.0,0.0,0.0,nonsingular_isothermal,1.0,0.01,2.0,0.3,1.0,0.0,severe_coverage_warn,0.0,multiple,multiple,1;2;3;4;5;6,Lfrac minimum coverage 0.725 is below 0.8 | Lfrac coverage gap 0.275 exceeds 0.1 | third_integral coverage gap 0.198 exceeds 0.1 | 13 planned shell-band/Lfrac/third-integral cells have no successful orbit,0.9330759330759331,1.0,0.9330759330759331,0.9022869022869023,0.7248677248677249,0.8023809523809524,0.09771309771309766,0.2751322751322751,0.19761904761904758,13.0,0.0,3625.0,3885.0,0.0,not_computed,not_computed,0.0,0.0,0.0,0.0,0.0,0.0,0.0,,,,,,,,,
15.01214120528442,2191.469100593797,0.0,0.3457497722786563,350.0020050258473,-350.0020050258473,pass_halo_only,107.0,350.0020050258473,0.010233170862250063,0.20810644540748768,0.2943069575124722,1.0,1.0,34.0,none,0.0,166.54406970518184,183.4579353206655,32.0,32.0,164.0,14.855480877667839,0.19188850434592958,nonsingular_isothermal,1.0,0.01,2.0,0.3,1.0,0.0,strict_pass,1.0,none,none,,,1.0,1.0,1.0,1.0,1.0,1.0,0.0,0.0,0.0,0.0,0.0,3885.0,3885.0,1.0,inverse_phase_volume,geometric_mean,3885.0,3885.0,3885.0,0.0,420.0,0.0,0.0,4.096802559965991e+32,3.8781880445054815e+49,9.466377712226571e+16,3.189203942622823e-10,30190209.122189444,3.312332140372661e-08,3135578714.9115124,9.466377712226459e+16,0.0
15.01214120528442,2191.469100593797,2500000.0,0.3457497722786563,inf,-1000000.0,orbit_fail_bh_up,107.0,inf,inf,inf,inf,0.0,0.0,0.0,incomplete_orbit_coverage,1.0,inf,inf,0.0,0.0,0.0,0.0,0.0,nonsingular_isothermal,1.0,0.01,2.0,0.3,1.0,0.0,severe_coverage_warn,0.0,multiple,multiple,1;2;3;4;5;6,shell_band coverage gap 0.102 exceeds 0.1 | Lfrac minimum coverage 0.698 is below 0.8 | Lfrac coverage gap 0.302 exceeds 0.1 | third_integral minimum coverage 0.788 is below 0.8 | third_integral coverage gap 0.212 exceeds 0.1 | 13 planned shell-band/Lfrac/third-integral cells have no successful orbit,0.9266409266409267,1.0,0.9266409266409267,0.8981288981288982,0.6984126984126984,0.7880952380952381,0.10187110187110182,0.3015873015873016,0.21190476190476193,13.0,0.0,3600.0,3885.0,0.0,not_computed,not_computed,0.0,0.0,0.0,0.0,0.0,0.0,0.0,,,,,,,,,
15.01214120528442,2191.469100593797,646528.4169658787,0.3457497722786563,inf,-1000000.0,orbit_fail_bh_down,107.0,inf,inf,inf,inf,0.0,0.0,0.0,incomplete_orbit_coverage,1.0,inf,inf,0.0,0.0,0.0,0.0,0.0,nonsingular_isothermal,1.0,0.01,2.0,0.3,1.0,0.0,severe_coverage_warn,0.0,multiple,multiple,1;2;3;4;5;6,Lfrac minimum coverage 0.739 is below 0.8 | Lfrac coverage gap 0.261 exceeds 0.1 | third_integral coverage gap 0.188 exceeds 0.1 | 12 planned shell-band/Lfrac/third-integral cells have no successful orbit,0.9364221364221365,1.0,0.9364221364221365,0.9015444015444015,0.7386243386243386,0.8119047619047619,0.09845559845559848,0.2613756613756614,0.1880952380952381,12.0,0.0,3638.0,3885.0,0.0,not_computed,not_computed,0.0,0.0,0.0,0.0,0.0,0.0,0.0,,,,,,,,,
30.0,2191.469100593797,1293056.8339317574,0.3457497722786563,inf,-1000000.0,orbit_fail_halo_up,107.0,inf,inf,inf,inf,0.0,0.0,0.0,incomplete_orbit_coverage,1.0,inf,inf,0.0,0.0,0.0,0.0,0.0,nonsingular_isothermal,1.0,0.01,2.0,0.3,1.0,0.0,severe_coverage_warn,0.0,multiple,multiple,1;2;3;4;5,Lfrac minimum coverage 0.767 is below 0.8 | Lfrac coverage gap 0.233 exceeds 0.1 | third_integral coverage gap 0.181 exceeds 0.1 | 8 planned shell-band/Lfrac/third-integral cells have no successful orbit,0.9433719433719434,1.0,0.9433719433719434,0.9131274131274131,0.7671957671957672,0.819047619047619,0.08687258687258692,0.2328042328042328,0.18095238095238098,8.0,0.0,3665.0,3885.0,0.0,not_computed,not_computed,0.0,0.0,0.0,0.0,0.0,0.0,0.0,,,,,,,,,
7.50607060264221,2191.469100593797,1293056.8339317574,0.3457497722786563,inf,-1000000.0,orbit_fail_halo_down,107.0,inf,inf,inf,inf,0.0,0.0,0.0,incomplete_orbit_coverage,1.0,inf,inf,0.0,0.0,0.0,0.0,0.0,nonsingular_isothermal,1.0,0.01,2.0,0.3,1.0,0.0,severe_coverage_warn,0.0,multiple,multiple,1;2;3;4;5;6;7,Lfrac minimum coverage 0.661 is below 0.8 | Lfrac coverage gap 0.339 exceeds 0.1 | third_integral minimum coverage 0.774 is below 0.8 | third_integral coverage gap 0.226 exceeds 0.1 | 19 planned shell-band/Lfrac/third-integral cells have no successful orbit,0.9176319176319176,1.0,0.9176319176319176,0.8938223938223938,0.6613756613756614,0.7738095238095238,0.09578259578259585,0.3386243386243386,0.22619047619047616,19.0,0.0,3565.0,3885.0,0.0,not_computed,not_computed,0.0,0.0,0.0,0.0,0.0,0.0,0.0,,,,,,,,,
15.01214120528442,2191.469100593797,1293056.8339317574,0.6914995445573126,inf,-1000000.0,orbit_fail_ml_up,107.0,inf,inf,inf,inf,0.0,0.0,0.0,incomplete_orbit_coverage,1.0,inf,inf,0.0,0.0,0.0,0.0,0.0,nonsingular_isothermal,1.0,0.01,2.0,0.3,1.0,0.0,severe_coverage_warn,0.0,multiple,multiple,1;2;3;4;5;6,Lfrac minimum coverage 0.724 is below 0.8 | Lfrac coverage gap 0.276 exceeds 0.1 | third_integral coverage gap 0.198 exceeds 0.1 | 13 planned shell-band/Lfrac/third-integral cells have no successful orbit,0.9328185328185328,1.0,0.9328185328185328,0.9043659043659044,0.7238095238095238,0.8023809523809524,0.09563409563409564,0.2761904761904762,0.19761904761904758,13.0,0.0,3624.0,3885.0,0.0,not_computed,not_computed,0.0,0.0,0.0,0.0,0.0,0.0,0.0,,,,,,,,,
15.01214120528442,2191.469100593797,1293056.8339317574,0.2,inf,-1000000.0,orbit_fail_ml_down,107.0,inf,inf,inf,inf,0.0,0.0,0.0,incomplete_orbit_coverage,1.0,inf,inf,0.0,0.0,0.0,0.0,0.0,nonsingular_isothermal,1.0,0.01,2.0,0.3,1.0,0.0,severe_coverage_warn,0.0,multiple,multiple,1;2;3;4;5;6,Lfrac minimum coverage 0.728 is below 0.8 | Lfrac coverage gap 0.272 exceeds 0.1 | third_integral coverage gap 0.198 exceeds 0.1 | 12 planned shell-band/Lfrac/third-integral cells have no successful orbit,0.9338481338481338,1.0,0.9338481338481338,0.9002079002079002,0.728042328042328,0.8023809523809524,0.0997920997920998,0.27195767195767195,0.19761904761904758,12.0,0.0,3628.0,3885.0,0.0,not_computed,not_computed,0.0,0.0,0.0,0.0,0.0,0.0,0.0,,,,,,,,,
6.552374766615692,6843.346282848997,1994151.2673951301,0.5142376593745785,inf,-1000000.0,orbit_fail_full,108.0,inf,inf,inf,inf,0.0,0.0,0.0,incomplete_orbit_coverage,1.0,inf,inf,0.0,0.0,0.0,0.0,0.0,nonsingular_isothermal,1.0,0.01,2.0,0.3,1.0,0.0,severe_coverage_warn,0.0,multiple,multiple,1;2;3;4;5;6;7;8,Lfrac minimum coverage 0.588 is below 0.8 | Lfrac coverage gap 0.412 exceeds 0.1 | third_integral minimum coverage 0.75 is below 0.8 | third_integral coverage gap 0.25 exceeds 0.1 | 20 planned shell-band/Lfrac/third-integral cells have no successful orbit,0.8998712998712999,1.0,0.8998712998712999,0.8841698841698842,0.5883597883597883,0.75,0.030591030591030632,0.4116402116402117,0.25,20.0,0.0,3496.0,3885.0,0.0,not_computed,not_computed,0.0,0.0,0.0,0.0,0.0,0.0,0.0,,,,,,,,,
6.552374766615692,6843.346282848997,0.0,0.5142376593745785,884.0157625343226,-884.0157625343226,pass_halo_only,108.0,884.0157625343226,0.23259379790101775,0.19879470147798586,0.2811381629580278,1.0,1.0,16.0,none,0.0,433.99908955888213,450.0166729754402,32.0,32.0,414.0,18.657352625869805,0.10146263068212755,nonsingular_isothermal,1.0,0.01,2.0,0.3,1.0,0.0,strict_pass,1.0,none,none,,,1.0,1.0,1.0,1.0,1.0,1.0,0.0,0.0,0.0,0.0,0.0,3885.0,3885.0,1.0,inverse_phase_volume,geometric_mean,3885.0,3885.0,3885.0,0.0,420.0,0.0,0.0,8.127894072394932e+30,9.006563299756467e+45,1108105398463027.8,1.6176382714812355e-10,179251.3701388769,5.578757915352276e-06,6181851762.720242,1108105398463034.6,0.0
6.552374766615692,6843.346282848997,2500000.0,0.5142376593745785,inf,-1000000.0,orbit_fail_bh_up,108.0,inf,inf,inf,inf,0.0,0.0,0.0,incomplete_orbit_coverage,1.0,inf,inf,0.0,0.0,0.0,0.0,0.0,nonsingular_isothermal,1.0,0.01,2.0,0.3,1.0,0.0,severe_coverage_warn,0.0,multiple,multiple,1;2;3;4;5;6;7;8,Lfrac minimum coverage 0.595 is below 0.8 | Lfrac coverage gap 0.405 exceeds 0.1 | third_integral minimum coverage 0.75 is below 0.8 | third_integral coverage gap 0.25 exceeds 0.1 | 22 planned shell-band/Lfrac/third-integral cells have no successful orbit,0.9014157014157014,1.0,0.9014157014157014,0.8822393822393823,0.5947089947089947,0.75,0.0283635283635284,0.40529100529100526,0.25,22.0,0.0,3502.0,3885.0,0.0,not_computed,not_computed,0.0,0.0,0.0,0.0,0.0,0.0,0.0,,,,,,,,,
6.552374766615692,6843.346282848997,997075.6336975651,0.5142376593745785,inf,-1000000.0,orbit_fail_bh_down,108.0,inf,inf,inf,inf,0.0,0.0,0.0,incomplete_orbit_coverage,1.0,inf,inf,0.0,0.0,0.0,0.0,0.0,nonsingular_isothermal,1.0,0.01,2.0,0.3,1.0,0.0,severe_coverage_warn,0.0,multiple,multiple,1;2;3;4;5;6;7;8,Lfrac minimum coverage 0.621 is below 0.8 | Lfrac coverage gap 0.379 exceeds 0.1 | third_integral minimum coverage 0.75 is below 0.8 | third_integral coverage gap 0.25 exceeds 0.1 | 18 planned shell-band/Lfrac/third-integral cells have no successful orbit,0.9078507078507079,1.0,0.9078507078507079,0.8861003861003861,0.6211640211640211,0.75,0.039055539055539046,0.37883597883597886,0.25,18.0,0.0,3527.0,3885.0,0.0,not_computed,not_computed,0.0,0.0,0.0,0.0,0.0,0.0,0.0,,,,,,,,,
13.104749533231384,6843.346282848997,1994151.2673951301,0.5142376593745785,inf,-1000000.0,orbit_fail_halo_up,108.0,inf,inf,inf,inf,0.0,0.0,0.0,incomplete_orbit_coverage,1.0,inf,inf,0.0,0.0,0.0,0.0,0.0,nonsingular_isothermal,1.0,0.01,2.0,0.3,1.0,0.0,severe_coverage_warn,0.0,multiple,multiple,1;2;3;4;5;6;7;8,Lfrac minimum coverage 0.622 is below 0.8 | Lfrac coverage gap 0.378 exceeds 0.1 | third_integral minimum coverage 0.752 is below 0.8 | third_integral coverage gap 0.248 exceeds 0.1 | 17 planned shell-band/Lfrac/third-integral cells have no successful orbit,0.9081081081081082,1.0,0.9081081081081082,0.8918918918918919,0.6222222222222222,0.7523809523809524,0.029106029106029108,0.37777777777777777,0.24761904761904763,17.0,0.0,3528.0,3885.0,0.0,not_computed,not_computed,0.0,0.0,0.0,0.0,0.0,0.0,0.0,,,,,,,,,
3.276187383307846,6843.346282848997,1994151.2673951301,0.5142376593745785,inf,-1000000.0,orbit_fail_halo_down,108.0,inf,inf,inf,inf,0.0,0.0,0.0,incomplete_orbit_coverage,1.0,inf,inf,0.0,0.0,0.0,0.0,0.0,nonsingular_isothermal,1.0,0.01,2.0,0.3,1.0,0.0,severe_coverage_warn,0.0,multiple,multiple,1;2;3;4;5;6;7;8,Lfrac minimum coverage 0.571 is below 0.8 | Lfrac coverage gap 0.429 exceeds 0.1 | third_integral minimum coverage 0.76 is below 0.8 | third_integral coverage gap 0.24 exceeds 0.1 | 23 planned shell-band/Lfrac/third-integral cells have no successful orbit,0.8957528957528957,1.0,0.8957528957528957,0.8783783783783784,0.5714285714285714,0.7595238095238095,0.028066528066528096,0.4285714285714286,0.2404761904761905,23.0,0.0,3480.0,3885.0,0.0,not_computed,not_computed,0.0,0.0,0.0,0.0,0.0,0.0,0.0,,,,,,,,,
6.552374766615692,6843.346282848997,1994151.2673951301,1.028475318749157,inf,-1000000.0,orbit_fail_ml_up,108.0,inf,inf,inf,inf,0.0,0.0,0.0,incomplete_orbit_coverage,1.0,inf,inf,0.0,0.0,0.0,0.0,0.0,nonsingular_isothermal,1.0,0.01,2.0,0.3,1.0,0.0,severe_coverage_warn,0.0,multiple,multiple,1;2;3;4;5;6;7;8,Lfrac minimum coverage 0.578 is below 0.8 | Lfrac coverage gap 0.422 exceeds 0.1 | third_integral minimum coverage 0.75 is below 0.8 | third_integral coverage gap 0.25 exceeds 0.1 | 21 planned shell-band/Lfrac/third-integral cells have no successful orbit,0.8972972972972973,1.0,0.8972972972972973,0.8841698841698842,0.5777777777777777,0.75,0.028512028512028498,0.4222222222222223,0.25,21.0,0.0,3486.0,3885.0,0.0,not_computed,not_computed,0.0,0.0,0.0,0.0,0.0,0.0,0.0,,,,,,,,,
6.552374766615692,6843.346282848997,1994151.2673951301,0.2571188296872893,inf,-1000000.0,orbit_fail_ml_down,108.0,inf,inf,inf,inf,0.0,0.0,0.0,incomplete_orbit_coverage,1.0,inf,inf,0.0,0.0,0.0,0.0,0.0,nonsingular_isothermal,1.0,0.01,2.0,0.3,1.0,0.0,severe_coverage_warn,0.0,multiple,multiple,1;2;3;4;5;6;7;8,Lfrac minimum coverage 0.595 is below 0.8 | Lfrac coverage gap 0.405 exceeds 0.1 | third_integral minimum coverage 0.75 is below 0.8 | third_integral coverage gap 0.25 exceeds 0.1 | 22 planned shell-band/Lfrac/third-integral cells have no successful orbit,0.9014157014157014,1.0,0.9014157014157014,0.888030888030888,0.5947089947089947,0.75,0.02673002673002678,0.40529100529100526,0.25,22.0,0.0,3502.0,3885.0,0.0,not_computed,not_computed,0.0,0.0,0.0,0.0,0.0,0.0,0.0,,,,,,,,,
19.24354172411772,9924.259831415193,1416945.3777506338,0.2164074453896351,inf,-1000000.0,orbit_fail_full,109.0,inf,inf,inf,inf,0.0,0.0,0.0,incomplete_orbit_coverage,1.0,inf,inf,0.0,0.0,0.0,0.0,0.0,nonsingular_isothermal,1.0,0.01,2.0,0.3,1.0,0.0,severe_coverage_warn,0.0,multiple,multiple,1;2;3;4;5;6;7;8,Lfrac minimum coverage 0.648 is below 0.8 | Lfrac coverage gap 0.352 exceeds 0.1 | third_integral minimum coverage 0.75 is below 0.8 | third_integral coverage gap 0.25 exceeds 0.1 | 18 planned shell-band/Lfrac/third-integral cells have no successful orbit,0.9142857142857143,1.0,0.9142857142857143,0.88996138996139,0.6476190476190476,0.75,0.03935253935253935,0.35238095238095235,0.25,18.0,0.0,3552.0,3885.0,0.0,not_computed,not_computed,0.0,0.0,0.0,0.0,0.0,0.0,0.0,,,,,,,,,
19.24354172411772,9924.259831415193,0.0,0.2164074453896351,895.0986882399658,-895.0986882399658,pass_halo_only,109.0,895.0986882399658,0.01917119844335957,0.20532053716930374,0.29036708829850627,1.0,1.0,6.0,none,0.0,442.7394764217261,452.3592118182394,32.0,32.0,306.0,22.683108411421475,0.08856631207997533,nonsingular_isothermal,1.0,0.01,2.0,0.3,1.0,0.0,strict_pass,1.0,none,none,,,1.0,1.0,1.0,1.0,1.0,1.0,0.0,0.0,0.0,0.0,0.0,3885.0,3885.0,1.0,inverse_phase_volume,geometric_mean,3885.0,3885.0,3885.0,0.0,420.0,0.0,0.0,4.807728266069486e+32,2.6996427625541026e+47,561521494799699.0,1.2438929613203714e-08,6984726.350114407,1.4316953161430876e-07,80392769.4018396,561521494799700.25,0.0
19.24354172411772,9924.259831415193,2500000.0,0.2164074453896351,inf,-1000000.0,orbit_fail_bh_up,109.0,inf,inf,inf,inf,0.0,0.0,0.0,incomplete_orbit_coverage,1.0,inf,inf,0.0,0.0,0.0,0.0,0.0,nonsingular_isothermal,1.0,0.01,2.0,0.3,1.0,0.0,severe_coverage_warn,0.0,multiple,multiple,1;2;3;4;5;6;7;8,Lfrac minimum coverage 0.628 is below 0.8 | Lfrac coverage gap 0.372 exceeds 0.1 | third_integral minimum coverage 0.75 is below 0.8 | third_integral coverage gap 0.25 exceeds 0.1 | 18 planned shell-band/Lfrac/third-integral cells have no successful orbit,0.9093951093951094,1.0,0.9093951093951094,0.8822393822393823,0.6275132275132275,0.75,0.040837540837540875,0.37248677248677253,0.25,18.0,0.0,3533.0,3885.0,0.0,not_computed,not_computed,0.0,0.0,0.0,0.0,0.0,0.0,0.0,,,,,,,,,
19.24354172411772,9924.259831415193,708472.6888753169,0.2164074453896351,inf,-1000000.0,orbit_fail_bh_down,109.0,inf,inf,inf,inf,0.0,0.0,0.0,incomplete_orbit_coverage,1.0,inf,inf,0.0,0.0,0.0,0.0,0.0,nonsingular_isothermal,1.0,0.01,2.0,0.3,1.0,0.0,severe_coverage_warn,0.0,multiple,multiple,1;2;3;4;5;6;7,Lfrac minimum coverage 0.678 is below 0.8 | Lfrac coverage gap 0.322 exceeds 0.1 | third_integral minimum coverage 0.762 is below 0.8 | third_integral coverage gap 0.238 exceeds 0.1 | 15 planned shell-band/Lfrac/third-integral cells have no successful orbit,0.9217503217503218,1.0,0.9217503217503218,0.8957528957528957,0.6783068783068783,0.7619047619047619,0.07306207306207313,0.3216931216931217,0.23809523809523814,15.0,0.0,3581.0,3885.0,0.0,not_computed,not_computed,0.0,0.0,0.0,0.0,0.0,0.0,0.0,,,,,,,,,
30.0,9924.259831415193,1416945.3777506338,0.2164074453896351,inf,-1000000.0,orbit_fail_halo_up,109.0,inf,inf,inf,inf,0.0,0.0,0.0,incomplete_orbit_coverage,1.0,inf,inf,0.0,0.0,0.0,0.0,0.0,nonsingular_isothermal,1.0,0.01,2.0,0.3,1.0,0.0,severe_coverage_warn,0.0,multiple,multiple,1;2;3;4;5;6;7,Lfrac minimum coverage 0.689 is below 0.8 | Lfrac coverage gap 0.311 exceeds 0.1 | third_integral minimum coverage 0.769 is below 0.8 | third_integral coverage gap 0.231 exceeds 0.1 | 14 planned shell-band/Lfrac/third-integral cells have no successful orbit,0.9243243243243243,1.0,0.9243243243243243,0.8976833976833977,0.6888888888888889,0.7690476190476191,0.08152658152658154,0.3111111111111111,0.2309523809523809,14.0,0.0,3591.0,3885.0,0.0,not_computed,not_computed,0.0,0.0,0.0,0.0,0.0,0.0,0.0,,,,,,,,,
9.62177086205886,9924.259831415193,1416945.3777506338,0.2164074453896351,inf,-1000000.0,orbit_fail_halo_down,109.0,inf,inf,inf,inf,0.0,0.0,0.0,incomplete_orbit_coverage,1.0,inf,inf,0.0,0.0,0.0,0.0,0.0,nonsingular_isothermal,1.0,0.01,2.0,0.3,1.0,0.0,severe_coverage_warn,0.0,multiple,multiple,1;2;3;4;5;6;7;8,Lfrac minimum coverage 0.611 is below 0.8 | Lfrac coverage gap 0.389 exceeds 0.1 | third_integral minimum coverage 0.75 is below 0.8 | third_integral coverage gap 0.25 exceeds 0.1 | 20 planned shell-band/Lfrac/third-integral cells have no successful orbit,0.9052767052767052,1.0,0.9052767052767052,0.8803088803088803,0.6105820105820106,0.75,0.0427680427680428,0.38941798941798944,0.25,20.0,0.0,3517.0,3885.0,0.0,not_computed,not_computed,0.0,0.0,0.0,0.0,0.0,0.0,0.0,,,,,,,,,
19.24354172411772,9924.259831415193,1416945.3777506338,0.4328148907792702,inf,-1000000.0,orbit_fail_ml_up,109.0,inf,inf,inf,inf,0.0,0.0,0.0,incomplete_orbit_coverage,1.0,inf,inf,0.0,0.0,0.0,0.0,0.0,nonsingular_isothermal,1.0,0.01,2.0,0.3,1.0,0.0,severe_coverage_warn,0.0,multiple,multiple,1;2;3;4;5;6;7;8,Lfrac minimum coverage 0.641 is below 0.8 | Lfrac coverage gap 0.359 exceeds 0.1 | third_integral minimum coverage 0.752 is below 0.8 | third_integral coverage gap 0.248 exceeds 0.1 | 16 planned shell-band/Lfrac/third-integral cells have no successful orbit,0.9127413127413128,1.0,0.9127413127413128,0.8822393822393823,0.6412698412698413,0.7523809523809524,0.04707454707454706,0.3587301587301587,0.24761904761904763,16.0,0.0,3546.0,3885.0,0.0,not_computed,not_computed,0.0,0.0,0.0,0.0,0.0,0.0,0.0,,,,,,,,,
19.24354172411772,9924.259831415193,1416945.3777506338,0.2,inf,-1000000.0,orbit_fail_ml_down,109.0,inf,inf,inf,inf,0.0,0.0,0.0,incomplete_orbit_coverage,1.0,inf,inf,0.0,0.0,0.0,0.0,0.0,nonsingular_isothermal,1.0,0.01,2.0,0.3,1.0,0.0,severe_coverage_warn,0.0,multiple,multiple,1;2;3;4;5;6;7;8,Lfrac minimum coverage 0.641 is below 0.8 | Lfrac coverage gap 0.359 exceeds 0.1 | third_integral minimum coverage 0.75 is below 0.8 | third_integral coverage gap 0.25 exceeds 0.1 | 17 planned shell-band/Lfrac/third-integral cells have no successful orbit,0.9127413127413128,1.0,0.9127413127413128,0.8841698841698842,0.6412698412698413,0.75,0.047223047223047265,0.3587301587301587,0.25,17.0,0.0,3546.0,3885.0,0.0,not_computed,not_computed,0.0,0.0,0.0,0.0,0.0,0.0,0.0,,,,,,,,,
15.494478909425961,4015.4419179252336,2302955.116635462,0.5455840701448532,inf,-1000000.0,orbit_fail_full,110.0,inf,inf,inf,inf,0.0,0.0,0.0,incomplete_orbit_coverage,1.0,inf,inf,0.0,0.0,0.0,0.0,0.0,nonsingular_isothermal,1.0,0.01,2.0,0.3,1.0,0.0,severe_coverage_warn,0.0,multiple,multiple,1;2;3;4;5;6;7,Lfrac minimum coverage 0.663 is below 0.8 | Lfrac coverage gap 0.337 exceeds 0.1 | third_integral minimum coverage 0.769 is below 0.8 | third_integral coverage gap 0.231 exceeds 0.1 | 15 planned shell-band/Lfrac/third-integral cells have no successful orbit,0.9181467181467181,1.0,0.9181467181467181,0.9002079002079002,0.6634920634920635,0.7690476190476191,0.07068607068607069,0.33650793650793653,0.2309523809523809,15.0,0.0,3567.0,3885.0,0.0,not_computed,not_computed,0.0,0.0,0.0,0.0,0.0,0.0,0.0,,,,,,,,,
15.494478909425961,4015.4419179252336,0.0,0.5455840701448532,867.397592971011,-867.397592971011,pass_halo_only,110.0,867.397592971011,0.1252908653866598,0.21362666582977108,0.3021137281009529,1.0,1.0,21.0,none,0.0,445.41416028072,421.9834326902909,32.0,32.0,1746.0,26.779683249247636,0.08833879168702521,nonsingular_isothermal,1.0,0.01,2.0,0.3,1.0,0.0,strict_pass,1.0,none,none,,,1.0,1.0,1.0,1.0,1.0,1.0,0.0,0.0,0.0,0.0,0.0,3885.0,3885.0,1.0,inverse_phase_volume,geometric_mean,3885.0,3885.0,3885.0,0.0,420.0,0.0,0.0,3.374871515251625e+32,4.1103336014387514e+48,1.2179229884348032e+16,8.354179559533546e-10,10174747.33506795,9.828253882565053e-08,1197005633.9749475,1.2179229884347918e+16,0.0
15.494478909425961,4015.4419179252336,2500000.0,0.5455840701448532,inf,-1000000.0,orbit_fail_bh_up,110.0,inf,inf,inf,inf,0.0,0.0,0.0,incomplete_orbit_coverage,1.0,inf,inf,0.0,0.0,0.0,0.0,0.0,nonsingular_isothermal,1.0,0.01,2.0,0.3,1.0,0.0,severe_coverage_warn,0.0,multiple,multiple,1;2;3;4;5;6;7,Lfrac minimum coverage 0.672 is below 0.8 | Lfrac coverage gap 0.328 exceeds 0.1 | third_integral minimum coverage 0.769 is below 0.8 | third_integral coverage gap 0.231 exceeds 0.1 | 14 planned shell-band/Lfrac/third-integral cells have no successful orbit,0.9202059202059202,1.0,0.9202059202059202,0.893970893970894,0.671957671957672,0.7690476190476191,0.08108108108108103,0.328042328042328,0.2309523809523809,14.0,0.0,3575.0,3885.0,0.0,not_computed,not_computed,0.0,0.0,0.0,0.0,0.0,0.0,0.0,,,,,,,,,
15.494478909425961,4015.4419179252336,1151477.558317731,0.5455840701448532,inf,-1000000.0,orbit_fail_bh_down,110.0,inf,inf,inf,inf,0.0,0.0,0.0,incomplete_orbit_coverage,1.0,inf,inf,0.0,0.0,0.0,0.0,0.0,nonsingular_isothermal,1.0,0.01,2.0,0.3,1.0,0.0,severe_coverage_warn,0.0,multiple,multiple,1;2;3;5;6,Lfrac minimum coverage 0.698 is below 0.8 | Lfrac coverage gap 0.302 exceeds 0.1 | third_integral minimum coverage 0.786 is below 0.8 | third_integral coverage gap 0.214 exceeds 0.1 | 11 planned shell-band/Lfrac/third-integral cells have no successful orbit,0.9266409266409267,1.0,0.9266409266409267,0.9002079002079002,0.6984126984126984,0.7857142857142857,0.0997920997920998,0.3015873015873016,0.2142857142857143,11.0,0.0,3600.0,3885.0,0.0,not_computed,not_computed,0.0,0.0,0.0,0.0,0.0,0.0,0.0,,,,,,,,,
30.0,4015.4419179252336,2302955.116635462,0.5455840701448532,inf,-1000000.0,orbit_fail_halo_up,110.0,inf,inf,inf,inf,0.0,0.0,0.0,incomplete_orbit_coverage,1.0,inf,inf,0.0,0.0,0.0,0.0,0.0,nonsingular_isothermal,1.0,0.01,2.0,0.3,1.0,0.0,severe_coverage_warn,0.0,multiple,multiple,1;2;3;4;5;6,shell_band coverage gap 0.104 exceeds 0.1 | Lfrac minimum coverage 0.72 is below 0.8 | Lfrac coverage gap 0.28 exceeds 0.1 | third_integral minimum coverage 0.798 is below 0.8 | third_integral coverage gap 0.202 exceeds 0.1 | 12 planned shell-band/Lfrac/third-integral cells have no successful orbit,0.9317889317889317,1.0,0.9317889317889317,0.8957528957528957,0.7195767195767195,0.7976190476190477,0.10424710424710426,0.28042328042328046,0.20238095238095233,12.0,0.0,3620.0,3885.0,0.0,not_computed,not_computed,0.0,0.0,0.0,0.0,0.0,0.0,0.0,,,,,,,,,
7.747239454712981,4015.4419179252336,2302955.116635462,0.5455840701448532,inf,-1000000.0,orbit_fail_halo_down,110.0,inf,inf,inf,inf,0.0,0.0,0.0,incomplete_orbit_coverage,1.0,inf,inf,0.0,0.0,0.0,0.0,0.0,nonsingular_isothermal,1.0,0.01,2.0,0.3,1.0,0.0,severe_coverage_warn,0.0,multiple,multiple,1;2;3;4;5;6;7;8,Lfrac minimum coverage 0.606 is below 0.8 | Lfrac coverage gap 0.394 exceeds 0.1 | third_integral minimum coverage 0.752 is below 0.8 | third_integral coverage gap 0.248 exceeds 0.1 | 20 planned shell-band/Lfrac/third-integral cells have no successful orbit,0.9042471042471042,1.0,0.9042471042471042,0.8918918918918919,0.6063492063492063,0.7523809523809524,0.029106029106029108,0.3936507936507937,0.24761904761904763,20.0,0.0,3513.0,3885.0,0.0,not_computed,not_computed,0.0,0.0,0.0,0.0,0.0,0.0,0.0,,,,,,,,,
15.494478909425961,4015.4419179252336,2302955.116635462,1.0911681402897064,inf,-1000000.0,orbit_fail_ml_up,110.0,inf,inf,inf,inf,0.0,0.0,0.0,incomplete_orbit_coverage,1.0,inf,inf,0.0,0.0,0.0,0.0,0.0,nonsingular_isothermal,1.0,0.01,2.0,0.3,1.0,0.0,severe_coverage_warn,0.0,multiple,multiple,1;2;3;4;5;6;7,Lfrac minimum coverage 0.671 is below 0.8 | Lfrac coverage gap 0.329 exceeds 0.1 | third_integral minimum coverage 0.769 is below 0.8 | third_integral coverage gap 0.231 exceeds 0.1 | 17 planned shell-band/Lfrac/third-integral cells have no successful orbit,0.9199485199485199,1.0,0.9199485199485199,0.9015444015444015,0.6708994708994709,0.7690476190476191,0.07766557766557769,0.3291005291005291,0.2309523809523809,17.0,0.0,3574.0,3885.0,0.0,not_computed,not_computed,0.0,0.0,0.0,0.0,0.0,0.0,0.0,,,,,,,,,
15.494478909425961,4015.4419179252336,2302955.116635462,0.2727920350724266,inf,-1000000.0,orbit_fail_ml_down,110.0,inf,inf,inf,inf,0.0,0.0,0.0,incomplete_orbit_coverage,1.0,inf,inf,0.0,0.0,0.0,0.0,0.0,nonsingular_isothermal,1.0,0.01,2.0,0.3,1.0,0.0,severe_coverage_warn,0.0,multiple,multiple,1;2;3;4;5;6;7,Lfrac minimum coverage 0.659 is below 0.8 | Lfrac coverage gap 0.341 exceeds 0.1 | third_integral minimum coverage 0.767 is below 0.8 | third_integral coverage gap 0.233 exceeds 0.1 | 16 planned shell-band/Lfrac/third-integral cells have no successful orbit,0.9171171171171171,1.0,0.9171171171171171,0.8976833976833977,0.6592592592592592,0.7666666666666667,0.07944757944757952,0.3407407407407408,0.23333333333333328,16.0,0.0,3563.0,3885.0,0.0,not_computed,not_computed,0.0,0.0,0.0,0.0,0.0,0.0,0.0,,,,,,,,,
29.463187559868594,2231.0047841926034,369663.24313254975,1.2319817167396105,inf,-1000000.0,orbit_fail_full,111.0,inf,inf,inf,inf,0.0,0.0,0.0,incomplete_orbit_coverage,1.0,inf,inf,0.0,0.0,0.0,0.0,0.0,nonsingular_isothermal,1.0,0.01,2.0,0.3,1.0,0.0,severe_coverage_warn,0.0,multiple,multiple,1;2;3;4;5,Lfrac minimum coverage 0.79 is below 0.8 | Lfrac coverage gap 0.21 exceeds 0.1 | third_integral coverage gap 0.167 exceeds 0.1 | 6 planned shell-band/Lfrac/third-integral cells have no successful orbit,0.949034749034749,1.0,0.949034749034749,0.9168399168399168,0.7904761904761904,0.8333333333333334,0.08316008316008316,0.20952380952380956,0.16666666666666663,6.0,0.0,3687.0,3885.0,0.0,not_computed,not_computed,0.0,0.0,0.0,0.0,0.0,0.0,0.0,,,,,,,,,
29.463187559868594,2231.0047841926034,0.0,1.2319817167396105,210.445022716822,-210.445022716822,pass_halo_only,111.0,210.445022716822,0.21543455916599896,0.18993644698423956,0.2686106993140216,1.0,1.0,112.0,none,0.0,104.43182485339122,106.01319786343083,32.0,32.0,285.0,16.299364371399182,0.13243558525290353,nonsingular_isothermal,1.0,0.01,2.0,0.3,1.0,0.0,strict_pass,1.0,none,none,,,1.0,1.0,1.0,1.0,1.0,1.0,0.0,0.0,0.0,0.0,0.0,3885.0,3885.0,1.0,inverse_phase_volume,geometric_mean,3885.0,3885.0,3885.0,0.0,420.0,0.0,0.0,2.8905042113916996e+34,5.460652152091042e+50,1.8891694156923184e+16,1.7009286430324853e-09,32133423.70691979,3.1120244425889e-08,587914139.7825831,1.889169415692301e+16,0.0
29.463187559868594,2231.0047841926034,739326.4862650995,1.2319817167396105,inf,-1000000.0,orbit_fail_bh_up,111.0,inf,inf,inf,inf,0.0,0.0,0.0,incomplete_orbit_coverage,1.0,inf,inf,0.0,0.0,0.0,0.0,0.0,nonsingular_isothermal,1.0,0.01,2.0,0.3,1.0,0.0,severe_coverage_warn,0.0,multiple,multiple,1;2;3;4;5,Lfrac minimum coverage 0.772 is below 0.8 | Lfrac coverage gap 0.228 exceeds 0.1 | third_integral coverage gap 0.176 exceeds 0.1 | 10 planned shell-band/Lfrac/third-integral cells have no successful orbit,0.9446589446589446,1.0,0.9446589446589446,0.9092664092664092,0.7724867724867724,0.8238095238095238,0.09073359073359077,0.22751322751322756,0.17619047619047623,10.0,0.0,3670.0,3885.0,0.0,not_computed,not_computed,0.0,0.0,0.0,0.0,0.0,0.0,0.0,,,,,,,,,
29.463187559868594,2231.0047841926034,184831.62156627487,1.2319817167396105,inf,-1000000.0,orbit_fail_bh_down,111.0,inf,inf,inf,inf,0.0,0.0,0.0,incomplete_orbit_coverage,1.0,inf,inf,0.0,0.0,0.0,0.0,0.0,nonsingular_isothermal,1.0,0.01,2.0,0.3,1.0,0.0,severe_coverage_warn,0.0,multiple,multiple,1;2;3;4,Lfrac coverage gap 0.19 exceeds 0.1 | third_integral coverage gap 0.148 exceeds 0.1 | 8 planned shell-band/Lfrac/third-integral cells have no successful orbit,0.9536679536679536,1.0,0.9536679536679536,0.9131274131274131,0.8095238095238095,0.8523809523809524,0.08687258687258692,0.19047619047619047,0.14761904761904765,8.0,0.0,3705.0,3885.0,0.0,not_computed,not_computed,0.0,0.0,0.0,0.0,0.0,0.0,0.0,,,,,,,,,
30.0,2231.0047841926034,369663.24313254975,1.2319817167396105,inf,-1000000.0,orbit_fail_halo_up,111.0,inf,inf,inf,inf,0.0,0.0,0.0,incomplete_orbit_coverage,1.0,inf,inf,0.0,0.0,0.0,0.0,0.0,nonsingular_isothermal,1.0,0.01,2.0,0.3,1.0,0.0,severe_coverage_warn,0.0,multiple,multiple,1;2;3;4,Lfrac minimum coverage 0.788 is below 0.8 | Lfrac coverage gap 0.212 exceeds 0.1 | third_integral coverage gap 0.167 exceeds 0.1 | 8 planned shell-band/Lfrac/third-integral cells have no successful orbit,0.9485199485199485,1.0,0.9485199485199485,0.9168399168399168,0.7883597883597884,0.8333333333333334,0.08316008316008316,0.21164021164021163,0.16666666666666663,8.0,0.0,3685.0,3885.0,0.0,not_computed,not_computed,0.0,0.0,0.0,0.0,0.0,0.0,0.0,,,,,,,,,
14.731593779934297,2231.0047841926034,369663.24313254975,1.2319817167396105,inf,-1000000.0,orbit_fail_halo_down,111.0,inf,inf,inf,inf,0.0,0.0,0.0,incomplete_orbit_coverage,1.0,inf,inf,0.0,0.0,0.0,0.0,0.0,nonsingular_isothermal,1.0,0.01,2.0,0.3,1.0,0.0,severe_coverage_warn,0.0,multiple,multiple,1;2;3;4;5,Lfrac minimum coverage 0.752 is below 0.8 | Lfrac coverage gap 0.248 exceeds 0.1 | third_integral coverage gap 0.183 exceeds 0.1 | 11 planned shell-band/Lfrac/third-integral cells have no successful orbit,0.9397683397683397,1.0,0.9397683397683397,0.9034749034749034,0.7523809523809524,0.8166666666666667,0.09652509652509655,0.24761904761904763,0.18333333333333335,11.0,0.0,3651.0,3885.0,0.0,not_computed,not_computed,0.0,0.0,0.0,0.0,0.0,0.0,0.0,,,,,,,,,
29.463187559868594,2231.0047841926034,369663.24313254975,1.6,inf,-1000000.0,orbit_fail_ml_up,111.0,inf,inf,inf,inf,0.0,0.0,0.0,incomplete_orbit_coverage,1.0,inf,inf,0.0,0.0,0.0,0.0,0.0,nonsingular_isothermal,1.0,0.01,2.0,0.3,1.0,0.0,severe_coverage_warn,0.0,multiple,multiple,1;2;3;4;5,Lfrac minimum coverage 0.792 is below 0.8 | Lfrac coverage gap 0.208 exceeds 0.1 | third_integral coverage gap 0.167 exceeds 0.1 | 10 planned shell-band/Lfrac/third-integral cells have no successful orbit,0.9492921492921493,1.0,0.9492921492921493,0.916988416988417,0.7915343915343915,0.8333333333333334,0.08301158301158296,0.20846560846560847,0.16666666666666663,10.0,0.0,3688.0,3885.0,0.0,not_computed,not_computed,0.0,0.0,0.0,0.0,0.0,0.0,0.0,,,,,,,,,
29.463187559868594,2231.0047841926034,369663.24313254975,0.6159908583698053,inf,-1000000.0,orbit_fail_ml_down,111.0,inf,inf,inf,inf,0.0,0.0,0.0,incomplete_orbit_coverage,1.0,inf,inf,0.0,0.0,0.0,0.0,0.0,nonsingular_isothermal,1.0,0.01,2.0,0.3,1.0,0.0,severe_coverage_warn,0.0,multiple,multiple,1;2;3;4;5,Lfrac minimum coverage 0.787 is below 0.8 | Lfrac coverage gap 0.213 exceeds 0.1 | third_integral coverage gap 0.167 exceeds 0.1 | 9 planned shell-band/Lfrac/third-integral cells have no successful orbit,0.9482625482625483,1.0,0.9482625482625483,0.9126819126819127,0.7873015873015873,0.8333333333333334,0.08731808731808732,0.21269841269841272,0.16666666666666663,9.0,0.0,3684.0,3885.0,0.0,not_computed,not_computed,0.0,0.0,0.0,0.0,0.0,0.0,0.0,,,,,,,,,
7.053346795696889,6224.680947552198,1629683.8112550734,1.2019226082620151,inf,-1000000.0,orbit_fail_full,112.0,inf,inf,inf,inf,0.0,0.0,0.0,incomplete_orbit_coverage,1.0,inf,inf,0.0,0.0,0.0,0.0,0.0,nonsingular_isothermal,1.0,0.01,2.0,0.3,1.0,0.0,severe_coverage_warn,0.0,multiple,multiple,1;2;3;4;5;6;7;8,Lfrac minimum coverage 0.603 is below 0.8 | Lfrac coverage gap 0.397 exceeds 0.1 | third_integral minimum coverage 0.75 is below 0.8 | third_integral coverage gap 0.25 exceeds 0.1 | 23 planned shell-band/Lfrac/third-integral cells have no successful orbit,0.9034749034749034,1.0,0.9034749034749034,0.888030888030888,0.6031746031746031,0.75,0.035046035046035096,0.39682539682539686,0.25,23.0,0.0,3510.0,3885.0,0.0,not_computed,not_computed,0.0,0.0,0.0,0.0,0.0,0.0,0.0,,,,,,,,,
7.053346795696889,6224.680947552198,0.0,1.2019226082620151,871.4132264675362,-871.4132264675362,pass_halo_only,112.0,871.4132264675362,0.20285878786739886,0.24263707050295633,0.3431406358397516,1.0,1.0,13.0,none,0.0,441.30969028669966,430.1035361808364,32.0,32.0,2596.0,13.771430097030283,0.12150163588224017,nonsingular_isothermal,1.0,0.01,2.0,0.3,1.0,0.0,strict_pass,1.0,none,none,,,1.0,1.0,1.0,1.0,1.0,1.0,0.0,0.0,0.0,0.0,0.0,3885.0,3885.0,1.0,inverse_phase_volume,geometric_mean,3885.0,3885.0,3885.0,0.0,420.0,0.0,0.0,1.4369511372435866e+30,1.3074683985488444e+46,9098906460082416.0,7.873749457523568e-12,71642.50980413165,1.3958193295209343e-05,127004295144.85942,9098906460082420.0,0.0
7.053346795696889,6224.680947552198,2500000.0,1.2019226082620151,inf,-1000000.0,orbit_fail_bh_up,112.0,inf,inf,inf,inf,0.0,0.0,0.0,incomplete_orbit_coverage,1.0,inf,inf,0.0,0.0,0.0,0.0,0.0,nonsingular_isothermal,1.0,0.01,2.0,0.3,1.0,0.0,severe_coverage_warn,0.0,multiple,multiple,1;2;3;4;5;6;7;8,Lfrac minimum coverage 0.589 is below 0.8 | Lfrac coverage gap 0.411 exceeds 0.1 | third_integral minimum coverage 0.75 is below 0.8 | third_integral coverage gap 0.25 exceeds 0.1 | 22 planned shell-band/Lfrac/third-integral cells have no successful orbit,0.9001287001287002,1.0,0.9001287001287002,0.8822393822393823,0.5894179894179894,0.75,0.03252153252153256,0.4105820105820106,0.25,22.0,0.0,3497.0,3885.0,0.0,not_computed,not_computed,0.0,0.0,0.0,0.0,0.0,0.0,0.0,,,,,,,,,
7.053346795696889,6224.680947552198,814841.9056275367,1.2019226082620151,inf,-1000000.0,orbit_fail_bh_down,112.0,inf,inf,inf,inf,0.0,0.0,0.0,incomplete_orbit_coverage,1.0,inf,inf,0.0,0.0,0.0,0.0,0.0,nonsingular_isothermal,1.0,0.01,2.0,0.3,1.0,0.0,severe_coverage_warn,0.0,multiple,multiple,1;2;3;4;5;6;7;8,Lfrac minimum coverage 0.616 is below 0.8 | Lfrac coverage gap 0.384 exceeds 0.1 | third_integral minimum coverage 0.75 is below 0.8 | third_integral coverage gap 0.25 exceeds 0.1 | 19 planned shell-band/Lfrac/third-integral cells have no successful orbit,0.9065637065637066,1.0,0.9065637065637066,0.8957528957528957,0.6158730158730159,0.75,0.02316602316602323,0.3841269841269841,0.25,19.0,0.0,3522.0,3885.0,0.0,not_computed,not_computed,0.0,0.0,0.0,0.0,0.0,0.0,0.0,,,,,,,,,
14.106693591393778,6224.680947552198,1629683.8112550734,1.2019226082620151,inf,-1000000.0,orbit_fail_halo_up,112.0,inf,inf,inf,inf,0.0,0.0,0.0,incomplete_orbit_coverage,1.0,inf,inf,0.0,0.0,0.0,0.0,0.0,nonsingular_isothermal,1.0,0.01,2.0,0.3,1.0,0.0,severe_coverage_warn,0.0,multiple,multiple,1;2;3;4;5;6;7;8,Lfrac minimum coverage 0.635 is below 0.8 | Lfrac coverage gap 0.365 exceeds 0.1 | third_integral minimum coverage 0.75 is below 0.8 | third_integral coverage gap 0.25 exceeds 0.1 | 18 planned shell-band/Lfrac/third-integral cells have no successful orbit,0.9111969111969112,1.0,0.9111969111969112,0.8822393822393823,0.6349206349206349,0.75,0.05331155331155335,0.3650793650793651,0.25,18.0,0.0,3540.0,3885.0,0.0,not_computed,not_computed,0.0,0.0,0.0,0.0,0.0,0.0,0.0,,,,,,,,,
3.5266733978484446,6224.680947552198,1629683.8112550734,1.2019226082620151,inf,-1000000.0,orbit_fail_halo_down,112.0,inf,inf,inf,inf,0.0,0.0,0.0,incomplete_orbit_coverage,1.0,inf,inf,0.0,0.0,0.0,0.0,0.0,nonsingular_isothermal,1.0,0.01,2.0,0.3,1.0,0.0,severe_coverage_warn,0.0,multiple,multiple,1;2;3;4;5;6;7;8,Lfrac minimum coverage 0.568 is below 0.8 | Lfrac coverage gap 0.432 exceeds 0.1 | third_integral minimum coverage 0.757 is below 0.8 | third_integral coverage gap 0.243 exceeds 0.1 | 22 planned shell-band/Lfrac/third-integral cells have no successful orbit,0.894980694980695,1.0,0.894980694980695,0.8822393822393823,0.5682539682539682,0.7571428571428571,0.022126522126522108,0.43174603174603177,0.24285714285714288,22.0,0.0,3477.0,3885.0,0.0,not_computed,not_computed,0.0,0.0,0.0,0.0,0.0,0.0,0.0,,,,,,,,,
7.053346795696889,6224.680947552198,1629683.8112550734,1.6,inf,-1000000.0,orbit_fail_ml_up,112.0,inf,inf,inf,inf,0.0,0.0,0.0,incomplete_orbit_coverage,1.0,inf,inf,0.0,0.0,0.0,0.0,0.0,nonsingular_isothermal,1.0,0.01,2.0,0.3,1.0,0.0,severe_coverage_warn,0.0,multiple,multiple,1;2;3;4;5;6;7;8,Lfrac minimum coverage 0.592 is below 0.8 | Lfrac coverage gap 0.408 exceeds 0.1 | third_integral minimum coverage 0.75 is below 0.8 | third_integral coverage gap 0.25 exceeds 0.1 | 22 planned shell-band/Lfrac/third-integral cells have no successful orbit,0.9006435006435006,1.0,0.9006435006435006,0.8841698841698842,0.5915343915343916,0.75,0.030591030591030632,0.4084656084656084,0.25,22.0,0.0,3499.0,3885.0,0.0,not_computed,not_computed,0.0,0.0,0.0,0.0,0.0,0.0,0.0,,,,,,,,,
7.053346795696889,6224.680947552198,1629683.8112550734,0.6009613041310076,inf,-1000000.0,orbit_fail_ml_down,112.0,inf,inf,inf,inf,0.0,0.0,0.0,incomplete_orbit_coverage,1.0,inf,inf,0.0,0.0,0.0,0.0,0.0,nonsingular_isothermal,1.0,0.01,2.0,0.3,1.0,0.0,severe_coverage_warn,0.0,multiple,multiple,1;2;3;4;5;6;7;8,Lfrac minimum coverage 0.602 is below 0.8 | Lfrac coverage gap 0.398 exceeds 0.1 | third_integral minimum coverage 0.75 is below 0.8 | third_integral coverage gap 0.25 exceeds 0.1 | 22 planned shell-band/Lfrac/third-integral cells have no successful orbit,0.9032175032175033,1.0,0.9032175032175033,0.888030888030888,0.6021164021164022,0.75,0.030888030888030937,0.39788359788359784,0.25,22.0,0.0,3509.0,3885.0,0.0,not_computed,not_computed,0.0,0.0,0.0,0.0,0.0,0.0,0.0,,,,,,,,,
11.968571310270876,6092.11402885416,943840.8773980014,0.42400737067368166,inf,-1000000.0,orbit_fail_full,113.0,inf,inf,inf,inf,0.0,0.0,0.0,incomplete_orbit_coverage,1.0,inf,inf,0.0,0.0,0.0,0.0,0.0,nonsingular_isothermal,1.0,0.01,2.0,0.3,1.0,0.0,severe_coverage_warn,0.0,multiple,multiple,1;2;3;4;5;6;7,Lfrac minimum coverage 0.665 is below 0.8 | Lfrac coverage gap 0.335 exceeds 0.1 | third_integral minimum coverage 0.752 is below 0.8 | third_integral coverage gap 0.248 exceeds 0.1 | 12 planned shell-band/Lfrac/third-integral cells have no successful orbit,0.9184041184041184,1.0,0.9184041184041184,0.8938223938223938,0.6645502645502646,0.7523809523809524,0.05628155628155629,0.33544973544973544,0.24761904761904763,12.0,0.0,3568.0,3885.0,0.0,not_computed,not_computed,0.0,0.0,0.0,0.0,0.0,0.0,0.0,,,,,,,,,
11.968571310270876,6092.11402885416,0.0,0.42400737067368166,879.2719944944051,-879.2719944944051,pass_halo_only,113.0,879.2719944944051,0.02596631591370624,0.19477062043304713,0.27544725296818795,1.0,1.0,5.0,none,0.0,447.58525180513243,431.6867426892725,32.0,32.0,232.0,20.960003792041224,0.08844902672205186,nonsingular_isothermal,1.0,0.01,2.0,0.3,1.0,0.0,strict_pass,1.0,none,none,,,1.0,1.0,1.0,1.0,1.0,1.0,0.0,0.0,0.0,0.0,0.0,3885.0,3885.0,1.0,inverse_phase_volume,geometric_mean,3885.0,3885.0,3885.0,0.0,420.0,0.0,0.0,7.159133420155023e+31,2.8622542436780083e+47,3998045679131971.5,7.231883194131284e-10,2891339.935628382,3.458604046094869e-07,1382765696.2318,3998045679131988.0,0.0
11.968571310270876,6092.11402885416,1887681.7547960028,0.42400737067368166,inf,-1000000.0,orbit_fail_bh_up,113.0,inf,inf,inf,inf,0.0,0.0,0.0,incomplete_orbit_coverage,1.0,inf,inf,0.0,0.0,0.0,0.0,0.0,nonsingular_isothermal,1.0,0.01,2.0,0.3,1.0,0.0,severe_coverage_warn,0.0,multiple,multiple,1;2;3;4;5;6;7;8,Lfrac minimum coverage 0.613 is below 0.8 | Lfrac coverage gap 0.387 exceeds 0.1 | third_integral minimum coverage 0.75 is below 0.8 | third_integral coverage gap 0.25 exceeds 0.1 | 18 planned shell-band/Lfrac/third-integral cells have no successful orbit,0.9057915057915058,1.0,0.9057915057915058,0.88996138996139,0.6126984126984127,0.75,0.031036531036531034,0.38730158730158726,0.25,18.0,0.0,3519.0,3885.0,0.0,not_computed,not_computed,0.0,0.0,0.0,0.0,0.0,0.0,0.0,,,,,,,,,
11.968571310270876,6092.11402885416,471920.4386990007,0.42400737067368166,inf,-1000000.0,orbit_fail_bh_down,113.0,inf,inf,inf,inf,0.0,0.0,0.0,incomplete_orbit_coverage,1.0,inf,inf,0.0,0.0,0.0,0.0,0.0,nonsingular_isothermal,1.0,0.01,2.0,0.3,1.0,0.0,severe_coverage_warn,0.0,multiple,multiple,1;2;3;4;5;6;7,Lfrac minimum coverage 0.684 is below 0.8 | Lfrac coverage gap 0.316 exceeds 0.1 | third_integral minimum coverage 0.771 is below 0.8 | third_integral coverage gap 0.229 exceeds 0.1 | 14 planned shell-band/Lfrac/third-integral cells have no successful orbit,0.923037323037323,1.0,0.923037323037323,0.8957528957528957,0.6835978835978836,0.7714285714285715,0.09177309177309179,0.31640211640211635,0.22857142857142854,14.0,0.0,3586.0,3885.0,0.0,not_computed,not_computed,0.0,0.0,0.0,0.0,0.0,0.0,0.0,,,,,,,,,
