v0,r_c,MBH,ML,chi2,reward,status,proposal_id,chi2_losvd,delta_chi2_iteration,max_light_relative_residual,max_light_sigma_residual,light_constraint_ok,solver_converged,solver_iterations,solver_failure_reason,julia_status_code,chi2_inner,chi2_outer,N_inner,N_outer,N_nonzero_weights,effective_N_orbits,max_weight_fraction,halo_type,alphat,light_rel_tol,light_sigma_tol,delta_chi2_iter_tol,halo_q_axis_ratio,karl_halo_params_active,coverage_status,coverage_strict,coverage_issue_region,coverage_issue_axis,coverage_issue_shell_bands,coverage_reasons,coverage_fraction,coverage_attempted_fraction,coverage_success_fraction,coverage_shell_min,coverage_lfrac_min,coverage_theta_min,coverage_shell_gap,coverage_lfrac_gap,coverage_theta_gap,coverage_joint_holes,coverage_deadline_hit,successful_base_orbits,planned_base_orbits,phase_volume_valid,phase_volume_convention,phase_volume_normalization,phase_volume_launches_recorded,phase_volume_sos_recorded,phase_volume_valid_base_orbits,phase_volume_invalid_recorded_orbits,phase_volume_nested_groups,phase_volume_duplicate_area_clusters,phase_volume_duplicate_area_orbits,raw_phase_volume_min,raw_phase_volume_max,raw_phase_volume_dynamic_range,normalized_phase_volume_min,normalized_phase_volume_max,wphase_min,wphase_max,wphase_dynamic_range,wphase_pair_max_relative_mismatch
9.23,14.24,450400.0,0.415,,,todo,,,,,,,,,,,,,,,,,,,,,,,,,,,,,,,,,,,,,,,,,,,,,,,,,,,,,,,,,,,,,,
13.320825619743976,27.64513174995341,370858.67274967243,1.433594982833482,52.755145432256214,-52.755145432256214,pass_full,1.0,52.755145432256214,0.001059014550499171,0.009973562044642554,0.002309596413026106,1.0,1.0,717.0,none,0.0,34.229058887640875,18.526086544615357,32.0,32.0,577.0,35.837515941691144,0.07764273295434466,nonsingular_isothermal,1.0,0.01,2.0,0.3,1.0,0.0,strict_pass,1.0,none,none,,,0.9984555984555985,1.0,0.9984555984555985,0.9884169884169884,0.9936507936507937,0.9904761904761905,0.01158301158301156,0.006349206349206327,0.00952380952380949,0.0,0.0,3879.0,3885.0,1.0,inverse_phase_volume,geometric_mean,3879.0,3879.0,3879.0,0.0,420.0,0.0,0.0,3.5719848497726184e+43,2.0130892125327307e+52,563577197.8878572,1.3736509891289987e-06,774.1583753292045,0.0012917253521603485,727986.9544112348,563577197.8878572,0.0
18.817340221802777,242.97601456714318,259268.31022653444,3.288536761231384,54.41762133547169,-1000000.0,solver_failed_full,2.0,54.41762133547169,0.002011069038978519,0.017697328992956857,0.009072371973743365,0.0,0.0,606.0,active_set_max_passes,2.0,37.0660588516859,17.351562483785777,32.0,32.0,484.0,41.674280088584396,0.08481996058226066,nonsingular_isothermal,1.0,0.01,2.0,0.3,1.0,0.0,strict_pass,1.0,none,none,,,0.9958815958815959,1.0,0.9958815958815959,0.9691119691119691,0.9830687830687831,0.9857142857142858,0.030888030888030937,0.016931216931216908,0.014285714285714235,0.0,0.0,3869.0,3885.0,1.0,inverse_phase_volume,geometric_mean,3869.0,3869.0,3869.0,0.0,420.0,0.0,0.0,5.582985345790326e+41,2.668830551169859e+52,47802929541.669075,1.6175385265295274e-07,7732.3080214625315,0.00012932749151020687,6182232.964463153,47802929541.66852,0.0
18.090679229426684,104.90274594299399,1252.5944097273095,0.21705875459895463,52.1812281085078,-1000000.0,solver_failed_full,3.0,52.1812281085078,0.002307384315244576,0.027473320427415144,0.009421855804333697,0.0,0.0,595.0,active_set_max_passes,2.0,33.74594390387548,18.43528420463236,32.0,32.0,466.0,43.079707234145765,0.0541740955854884,nonsingular_isothermal,1.0,0.01,2.0,0.3,1.0,0.0,strict_pass,1.0,none,none,,,0.9979407979407979,1.0,0.9979407979407979,0.9845559845559846,0.9915343915343915,0.9976190476190476,0.015444015444015413,0.00846560846560851,0.0023809523809523725,0.0,0.0,3877.0,3885.0,1.0,inverse_phase_volume,geometric_mean,3877.0,3877.0,3877.0,0.0,420.0,0.0,0.0,6.121960983343722e+39,4.2602455004163495e+52,6958955654907.601,4.405009390696794e-09,30654.265009310675,3.262188800469586e-05,227014272.0040417,6958955654907.631,0.0
5.77024038703296,1.0791361400607162,3649.594835077095,4.00528833790022,67.46165054058582,-67.46165054058582,pass_full,4.0,67.46165054058582,0.001299598933584889,0.009974938386251662,0.0023099151350262567,1.0,1.0,716.0,none,0.0,38.248389998748614,29.21326054183721,32.0,32.0,495.0,27.369434868686813,0.11701866105122367,nonsingular_isothermal,1.0,0.01,2.0,0.3,1.0,0.0,strict_pass,1.0,none,none,,,0.9976833976833976,1.0,0.9976833976833976,0.9826254826254827,0.9925925925925926,0.9952380952380953,0.01737451737451734,0.007407407407407418,0.004761904761904745,0.0,0.0,3876.0,3885.0,1.0,inverse_phase_volume,geometric_mean,3876.0,3876.0,3876.0,0.0,420.0,0.0,0.0,7.093519892388244e+43,6.255348962152242e+50,8818399.126313288,5.813759967376058e-05,512.6805581690415,0.0019505323228392816,17200.57253157173,8818399.126313278,0.0
15.304300641327911,267.62842029855915,28163.621046058284,4.905241297652682,61.43242568250341,-61.43242568250341,pass_full,5.0,61.43242568250341,0.001379735521020109,0.009991867831553815,0.005685116747133422,1.0,1.0,654.0,none,0.0,40.190763798002514,21.2416618845009,32.0,32.0,482.0,47.81716735779359,0.05694102333865423,nonsingular_isothermal,1.0,0.01,2.0,0.3,1.0,0.0,strict_pass,1.0,none,none,,,0.9997425997425997,1.0,0.9997425997425997,0.9980694980694981,0.9989417989417989,0.9976190476190476,0.0019305019305019266,0.0010582010582010914,0.0023809523809523725,0.0,0.0,3884.0,3885.0,1.0,inverse_phase_volume,geometric_mean,3884.0,3884.0,3884.0,0.0,420.0,0.0,0.0,8.416836597009011e+40,7.252201660967995e+51,86163032599.98088,3.0599039151434693e-07,26365.06007933153,3.79289862033705e-05,3268076.4747252306,86163032599.9807,0.0
13.551629497470048,4.50760539329497,107589.14169809424,0.8400170235881779,54.11682195057749,-54.11682195057749,pass_full,6.0,54.11682195057749,0.00097949497002503,0.009933707457952443,0.0023003672118590505,1.0,1.0,716.0,none,0.0,36.86926857571698,17.24755337486051,32.0,32.0,685.0,38.0275526211748,0.059405227235345935,nonsingular_isothermal,1.0,0.01,2.0,0.3,1.0,0.0,strict_pass,1.0,none,none,,,0.9981981981981982,1.0,0.9981981981981982,0.9864864864864865,0.9925925925925926,0.9976190476190476,0.013513513513513487,0.007407407407407418,0.0023809523809523725,0.0,0.0,3878.0,3885.0,1.0,inverse_phase_volume,geometric_mean,3878.0,3878.0,3878.0,0.0,420.0,0.0,0.0,1.81938250421728e+43,1.307540234263493e+52,718672533.8034469,4.866845328973654e-07,349.7668064202958,0.0028590477473678685,2054719.0888658985,718672533.8034452,0.0
21.906463973562662,19.787971165644112,1635415.6220747812,4.172633458415789,53.868898248710046,-1000000.0,solver_failed_full,7.0,53.868898248710046,0.0031255917600176986,0.04457498400657661,0.010322312400671996,0.0,0.0,570.0,active_set_max_passes,2.0,38.23702063851968,15.631877610190363,32.0,32.0,517.0,50.72772786200215,0.05806715994219468,nonsingular_isothermal,1.0,0.01,2.0,0.3,1.0,0.0,strict_pass,1.0,none,none,,,0.9987129987129987,1.0,0.9987129987129987,0.9903474903474904,0.9947089947089947,0.9952380952380953,0.009652509652509633,0.005291005291005346,0.004761904761904745,0.0,0.0,3880.0,3885.0,1.0,inverse_phase_volume,geometric_mean,3880.0,3880.0,3880.0,0.0,420.0,0.0,0.0,1.6058943860868153e+42,1.3330622381137466e+53,83010579628.59587,5.094766936791563e-09,422.91955649567444,0.002364515862747122,196279832.3076485,83010579628.59607,0.0
24.49926175379099,219.09667054020719,42366.264033103675,4.064877351752146,54.283383509482974,-54.283383509482974,pass_full,8.0,54.283383509482974,0.001009741112419249,0.009950191447108793,0.005093489551940114,1.0,1.0,665.0,none,0.0,38.8544260224513,15.428957487031706,32.0,32.0,578.0,51.2864698788305,0.057660530222244655,nonsingular_isothermal,1.0,0.01,2.0,0.3,1.0,0.0,strict_pass,1.0,none,none,,,0.9984555984555985,1.0,0.9984555984555985,0.9884169884169884,0.9936507936507937,0.9952380952380953,0.01158301158301156,0.006349206349206327,0.004761904761904745,0.0,0.0,3879.0,3885.0,1.0,inverse_phase_volume,geometric_mean,3879.0,3879.0,3879.0,0.0,420.0,0.0,0.0,1.5808576888564115e+41,9.774551408762606e+52,618306851885.7944,7.698021262600031e-08,47597.39292628124,2.1009554064206802e-05,12990351.232964076,618306851885.793,0.0
18.68078541842375,304.0490742108145,3932645.9209644324,3.093423297240227,49.52221231855635,-49.52221231855635,pass_full,9.0,49.52221231855635,0.0003614968600729185,0.009918736444694652,0.000908808448426119,1.0,1.0,853.0,none,0.0,34.84350714414009,14.678705174416224,32.0,32.0,439.0,34.260884133509066,0.08053562256177277,nonsingular_isothermal,1.0,0.01,2.0,0.3,1.0,0.0,strict_pass,1.0,none,none,,,0.9832689832689833,1.0,0.9832689832689833,0.9575289575289575,0.9312169312169312,0.9452380952380952,0.0424710424710425,0.06878306878306883,0.05476190476190479,0.0,0.0,3820.0,3885.0,1.0,inverse_phase_volume,geometric_mean,3820.0,3820.0,3820.0,0.0,420.0,0.0,0.0,9.602349475250518e+44,4.084480796498775e+52,42536264.76547516,1.4699996079812568e-05,625.282925302358,0.0015992760389490024,68027.22902581553,42536264.76547541,0.0
0.8879614337541419,31.57437244782867,63367.329010275906,2.7589842413478003,133.49241990355966,-133.49241990355966,pass_full,10.0,133.49241990355966,0.000405242797938854,0.009930542165628201,0.0009098901526314877,1.0,1.0,910.0,none,0.0,46.45232924972256,87.04009065383708,32.0,32.0,300.0,18.643228269279383,0.18336105902601718,nonsingular_isothermal,1.0,0.01,2.0,0.3,1.0,0.0,severe_coverage_warn,0.0,multiple,multiple,1;2;3;4;5;7,shell_band coverage gap 0.127 exceeds 0.1 | Lfrac minimum coverage 0.704 is below 0.8 | Lfrac coverage gap 0.296 exceeds 0.1 | third_integral minimum coverage 0.75 is below 0.8 | third_integral coverage gap 0.25 exceeds 0.1 | 13 planned shell-band/Lfrac/third-integral cells have no successful orbit,0.9181467181467181,1.0,0.9181467181467181,0.8627858627858628,0.7037037037037037,0.75,0.12681912681912688,0.2962962962962963,0.25,13.0,0.0,3567.0,3885.0,1.0,inverse_phase_volume,geometric_mean,3567.0,3567.0,3567.0,0.0,420.0,0.0,0.0,9.072128323765832e+40,1.0957201171635488e+49,120778727.77583423,4.219131916932064e-06,509.58138524547115,0.001962395073592197,237015.58038203,120778727.77583416,0.0
16.56283474479602,17.25330576657638,424949.8899769385,3.9641771259789103,53.42546720795348,-53.42546720795348,pass_full,11.0,53.42546720795348,0.0008246015701232068,0.009920443012781721,0.0022972955394866368,1.0,1.0,717.0,none,0.0,36.8113995107041,16.614067697249386,32.0,32.0,698.0,37.806285339270204,0.07576102499919428,nonsingular_isothermal,1.0,0.01,2.0,0.3,1.0,0.0,strict_pass,1.0,none,none,,,0.9987129987129987,1.0,0.9987129987129987,0.9903474903474904,0.9947089947089947,0.9952380952380953,0.009652509652509633,0.005291005291005346,0.004761904761904745,0.0,0.0,3880.0,3885.0,1.0,inverse_phase_volume,geometric_mean,3880.0,3880.0,3880.0,0.0,420.0,0.0,0.0,9.99793713596824e+43,3.9020904581143715e+52,390289557.2403974,1.3424650209291579e-06,523.9500786291602,0.0019085787764673225,744898.3656258483,390289557.24039614,0.0
3.532242688902809,183.48091582874252,28107.608484462955,1.9791982936941332,82.48852757349205,-82.48852757349205,pass_full,12.0,82.48852757349205,0.0011796268070298765,0.009944328389758667,0.0041023937249362276,1.0,1.0,680.0,none,0.0,41.022772966371015,41.46575460712103,32.0,32.0,429.0,31.567488329188347,0.07466912152064108,nonsingular_isothermal,1.0,0.01,2.0,0.3,1.0,0.0,strict_pass,1.0,none,none,,,0.9945945945945946,1.0,0.9945945945945946,0.9691119691119691,0.9777777777777777,0.969047619047619,0.030888030888030937,0.022222222222222254,0.030952380952380953,0.0,0.0,3864.0,3885.0,1.0,inverse_phase_volume,geometric_mean,3864.0,3864.0,3864.0,0.0,420.0,0.0,0.0,3.020263581844782e+40,3.7018961795654993e+49,1225686460.5520208,1.4451306956293372e-06,1771.2771273610003,0.0005645643951208726,691978.9352093943,1225686460.5520198,0.0
13.320825619743976,27.64513174995341,0.0,1.433594982833482,54.855098241886935,-54.855098241886935,pass_no_bh,1.0,54.855098241886935,0.0008804567909734828,0.009924128080267706,0.0024765095724425044,1.0,1.0,714.0,none,0.0,37.825112203310695,17.029986038576236,32.0,32.0,593.0,43.826797372840886,0.055213193906216124,nonsingular_isothermal,1.0,0.01,2.0,0.3,1.0,0.0,strict_pass,1.0,none,none,,,0.9979407979407979,1.0,0.9979407979407979,0.9845559845559846,0.9915343915343915,0.9976190476190476,0.015444015444015413,0.00846560846560851,0.0023809523809523725,0.0,0.0,3877.0,3885.0,1.0,inverse_phase_volume,geometric_mean,3877.0,3877.0,3877.0,0.0,420.0,0.0,0.0,1.130032590837979e+39,1.3780418728355733e+52,12194709108466.352,2.8605335745394773e-10,3488.3374836510548,0.00028666951081618224,3495851294.6697083,12194709108466.412,0.0
5.77024038703296,1.0791361400607162,0.0,4.00528833790022,67.12784227466544,-67.12784227466544,pass_no_bh,4.0,67.12784227466544,0.0013698953115550694,0.0099793015037607,0.00234026376273062,1.0,1.0,714.0,none,0.0,38.34370915281436,28.78413312185108,32.0,32.0,454.0,32.95552630574447,0.07984710867054885,nonsingular_isothermal,1.0,0.01,2.0,0.3,1.0,0.0,strict_pass,1.0,none,none,,,1.0,1.0,1.0,1.0,1.0,1.0,0.0,0.0,0.0,0.0,0.0,3885.0,3885.0,1.0,inverse_phase_volume,geometric_mean,3885.0,3885.0,3885.0,0.0,420.0,0.0,0.0,6.096941224847184e+40,5.548796831124243e+50,9100951815.823547,5.377591718138997e-08,489.4120311195476,0.002043268118506331,18595684.693334553,9100951815.823545,0.0
15.304300641327911,267.62842029855915,0.0,4.905241297652682,44.78792173853744,-44.78792173853744,pass_no_bh,5.0,44.78792173853744,0.00201732750614525,0.009931653239425554,0.0055702483120102925,1.0,1.0,656.0,none,0.0,26.08515918521209,18.702762553325353,32.0,32.0,1429.0,42.464625072055824,0.058509273050964226,nonsingular_isothermal,1.0,0.01,2.0,0.3,1.0,0.0,strict_pass,1.0,none,none,,,1.0,1.0,1.0,1.0,1.0,1.0,0.0,0.0,0.0,0.0,0.0,3885.0,3885.0,1.0,inverse_phase_volume,geometric_mean,3885.0,3885.0,3885.0,0.0,420.0,0.0,0.0,2.66314912397649e+34,1.0302327334278434e+52,3.868475573345093e+17,3.029154119831236e-12,1171820.8720464723,8.533727499268692e-07,330125163805.04047,3.868475573345071e+17,0.0
13.551629497470048,4.50760539329497,0.0,0.8400170235881779,53.45045854009784,-53.45045854009784,pass_no_bh,6.0,53.45045854009784,0.00098051277566924,0.00992748377539469,0.002351177541650171,1.0,1.0,715.0,none,0.0,36.84959957061288,16.60085896948497,32.0,32.0,526.0,37.99699712956015,0.0621042329550233,nonsingular_isothermal,1.0,0.01,2.0,0.3,1.0,0.0,strict_pass,1.0,none,none,,,1.0,1.0,1.0,1.0,1.0,1.0,0.0,0.0,0.0,0.0,0.0,3885.0,3885.0,1.0,inverse_phase_volume,geometric_mean,3885.0,3885.0,3885.0,0.0,420.0,0.0,0.0,3.3872743492492484e+42,1.3350526121036812e+52,3941377268.1258626,1.1927081771998145e-07,470.0912897123203,0.0021272463921038947,8384280.573541082,3941377268.12588,0.0
24.49926175379099,219.09667054020719,0.0,4.064877351752146,42.859709649676624,-42.859709649676624,pass_no_bh,8.0,42.859709649676624,0.0012339036074422438,0.009956547010451112,0.005030186664899477,1.0,1.0,665.0,none,0.0,27.48180080023254,15.37790884944409,32.0,32.0,409.0,52.99603629085373,0.053930292242986975,nonsingular_isothermal,1.0,0.01,2.0,0.3,1.0,0.0,strict_pass,1.0,none,none,,,1.0,1.0,1.0,1.0,1.0,1.0,0.0,0.0,0.0,0.0,0.0,3885.0,3885.0,1.0,inverse_phase_volume,geometric_mean,3885.0,3885.0,3885.0,0.0,420.0,0.0,0.0,4.266769723246704e+34,1.0307967355055126e+53,2.415871496156466e+18,9.77408531416575e-13,2361293.411149446,4.2349671382567124e-07,1023113639647.3671,2.4158714961564564e+18,0.0
18.68078541842375,304.0490742108145,0.0,3.093423297240227,41.55135751201823,-41.55135751201823,pass_no_bh,9.0,41.55135751201823,0.002033133709289814,0.009933044393234882,0.005729855131027186,1.0,1.0,651.0,none,0.0,24.153392275044432,17.39796523697379,32.0,32.0,1477.0,44.247119336149716,0.06026246436512388,nonsingular_isothermal,1.0,0.01,2.0,0.3,1.0,0.0,strict_pass,1.0,none,none,,,1.0,1.0,1.0,1.0,1.0,1.0,0.0,0.0,0.0,0.0,0.0,3885.0,3885.0,1.0,inverse_phase_volume,geometric_mean,3885.0,3885.0,3885.0,0.0,420.0,0.0,0.0,3.518265166305354e+33,1.7808257539189508e+52,5.06165871456771e+18,5.314345419133738e-13,2689940.28029813,3.7175546510243286e-07,1881699289623.9036,5.061658714567716e+18,0.0
0.8879614337541419,31.57437244782867,0.0,2.7589842413478003,131.21747514139713,-131.21747514139713,pass_no_bh,10.0,131.21747514139713,6.489480378490953e-05,0.009975483355996512,0.0025121188914463653,1.0,1.0,714.0,none,0.0,57.643087181473255,73.57438795992387,32.0,32.0,543.0,33.51756389954658,0.05743622432368732,nonsingular_isothermal,1.0,0.01,2.0,0.3,1.0,0.0,severe_coverage_warn,0.0,multiple,multiple,1;2;3;4,shell_band coverage gap 0.158 exceeds 0.1 | Lfrac coverage gap 0.18 exceeds 0.1 | third_integral coverage gap 0.164 exceeds 0.1 | 5 planned shell-band/Lfrac/third-integral cells have no successful orbit,0.9323037323037323,1.0,0.9323037323037323,0.841995841995842,0.8201058201058201,0.8357142857142857,0.158004158004158,0.17989417989417988,0.16428571428571426,5.0,0.0,3622.0,3885.0,1.0,inverse_phase_volume,geometric_mean,3622.0,3622.0,3622.0,0.0,420.0,0.0,0.0,1.1126911372226202e+35,2.9576295117689344e+47,2658086698840.3003,1.0313988983047986e-09,2741.547692782549,0.00036475746988922324,969556979.0151942,2658086698840.3237,0.0
16.56283474479602,17.25330576657638,0.0,3.9641771259789103,52.40997594082321,-52.40997594082321,pass_no_bh,11.0,52.40997594082321,0.0007790538848340134,0.009969525953262596,0.002343992574043913,1.0,1.0,715.0,none,0.0,36.45264295831408,15.957332982509133,32.0,32.0,603.0,41.881275316975646,0.05983417537548409,nonsingular_isothermal,1.0,0.01,2.0,0.3,1.0,0.0,strict_pass,1.0,none,none,,,1.0,1.0,1.0,1.0,1.0,1.0,0.0,0.0,0.0,0.0,0.0,3885.0,3885.0,1.0,inverse_phase_volume,geometric_mean,3885.0,3885.0,3885.0,0.0,420.0,0.0,0.0,9.983550769849538e+39,3.7654740317219695e+52,3771678151919.4087,4.531480124646096e-10,1709.1284581984758,0.0005850935283437151,2206784477.6834345,3771678151919.417,0.0
3.532242688902809,183.48091582874252,0.0,1.9791982936941332,86.11525104328126,-86.11525104328126,pass_no_bh,12.0,86.11525104328126,0.0012063320231874286,0.009970835358594169,0.004903291737414565,1.0,1.0,668.0,none,0.0,44.498291617299664,41.616959425981605,32.0,32.0,851.0,23.33111030565713,0.13107039866407202,nonsingular_isothermal,1.0,0.01,2.0,0.3,1.0,0.0,strict_pass,1.0,none,none,,,0.9984555984555985,1.0,0.9984555984555985,0.9884169884169884,0.9936507936507937,0.9976190476190476,0.01158301158301156,0.006349206349206327,0.0023809523809523725,0.0,0.0,3879.0,3885.0,1.0,inverse_phase_volume,geometric_mean,3879.0,3879.0,3879.0,0.0,420.0,0.0,0.0,4.874185951002775e+34,5.138160192620575e+49,1054157605858983.0,2.1031162335267348e-10,221701.59735776985,4.510567410961208e-06,4754848943.004405,1054157605858980.1,0.0
0.0,27.64513174995341,370858.67274967243,1.433594982833482,266.8706732772404,-1000000.0,solver_failed_no_halo,1.0,266.8706732772404,9.028088397260944,101.27842950709073,9.279679210410428,0.0,0.0,27.0,active_set_max_passes,2.0,184.7730203354378,82.09765294180258,32.0,32.0,3844.0,140.3303806303642,0.03677052056890059,none,1.0,0.01,2.0,0.3,1.0,0.0,severe_coverage_warn,0.0,multiple,multiple,1;2;3;4;5;6;7;8,Lfrac minimum coverage 0.663 is below 0.8 | Lfrac coverage gap 0.337 exceeds 0.1 | third_integral minimum coverage 0.75 is below 0.8 | third_integral coverage gap 0.25 exceeds 0.1 | 24 planned shell-band/Lfrac/third-integral cells have no successful orbit,0.9181467181467181,1.0,0.9181467181467181,0.9147609147609148,0.6634920634920635,0.75,0.004158004158004158,0.33650793650793653,0.25,24.0,0.0,3567.0,3885.0,1.0,inverse_phase_volume,geometric_mean,3567.0,3567.0,3567.0,0.0,420.0,0.0,0.0,1.5533635541763937e+43,3.805304473882375e+50,24497191.682213627,0.00016771612149707823,4108.573976511392,0.00024339345128430773,5962.456030307265,24497191.68221385,0.0
0.0,1.0791361400607162,3649.594835077095,4.00528833790022,196.40397377166497,-196.40397377166497,pass_no_halo,4.0,196.40397377166497,3.192542374108598e-05,0.00992266785768553,0.0009091686658147234,1.0,1.0,935.0,none,0.0,61.51616965248193,134.88780411918304,32.0,32.0,328.0,35.028627502039626,0.053289993837508175,none,1.0,0.01,2.0,0.3,1.0,0.0,severe_coverage_warn,0.0,multiple,multiple,1;2;3;4;5;6;7;8,total orbit coverage 0.544 is below 0.85 | shell_band minimum coverage 0.31 is below 0.8 | shell_band coverage gap 0.499 exceeds 0.1 | Lfrac minimum coverage 0.302 is below 0.8 | Lfrac coverage gap 0.698 exceeds 0.1 | third_integral minimum coverage 0.31 is below 0.8 | third_integral coverage gap 0.687 exceeds 0.1 | 109 planned shell-band/Lfrac/third-integral cells have no successful orbit,0.5441441441441441,1.0,0.5441441441441441,0.3097713097713098,0.30158730158730157,0.30952380952380953,0.49910899910899914,0.6984126984126984,0.6866666666666666,109.0,0.0,2114.0,3885.0,1.0,inverse_phase_volume,geometric_mean,2114.0,2114.0,2114.0,0.0,420.0,0.0,0.0,6.544264269805837e+39,3.690500764925507e+46,5639290.549363772,0.00010950499031498232,617.5304569914491,0.001619353326914282,9132.003912548462,5639290.549363753,0.0
0.0,267.62842029855915,28163.621046058284,4.905241297652682,182.0247879420167,-1000000.0,solver_failed_no_halo,5.0,182.0247879420167,0.2341301225218615,22.669081788034312,2.0770642673994835,0.0,0.0,173.0,active_set_max_passes,2.0,57.03471553499329,124.99007240702339,32.0,32.0,570.0,41.367960462366526,0.04924710072695159,none,1.0,0.01,2.0,0.3,1.0,0.0,severe_coverage_warn,0.0,multiple,multiple,1;2;3;4;5;6;7;8,total orbit coverage 0.717 is below 0.85 | shell_band minimum coverage 0.57 is below 0.8 | shell_band coverage gap 0.322 exceeds 0.1 | Lfrac minimum coverage 0.395 is below 0.8 | Lfrac coverage gap 0.605 exceeds 0.1 | third_integral minimum coverage 0.486 is below 0.8 | third_integral coverage gap 0.514 exceeds 0.1 | 58 planned shell-band/Lfrac/third-integral cells have no successful orbit,0.7168597168597168,1.0,0.7168597168597168,0.5696465696465697,0.39470899470899473,0.4857142857142857,0.3222453222453222,0.6052910052910052,0.5142857142857142,58.0,0.0,2785.0,3885.0,1.0,inverse_phase_volume,geometric_mean,2785.0,2785.0,2785.0,0.0,420.0,0.0,0.0,3.846926787212781e+41,2.1977615519941482e+48,5713031.917580359,0.00020300099012894306,1159.7511359070634,0.0008622539517651613,4926.084347494146,5713031.917580341,0.0
0.0,4.50760539329497,107589.14169809424,0.8400170235881779,417.14707364262875,-1000000.0,solver_failed_no_halo,6.0,417.14707364262875,7.947182545376506,86.35398159219595,7.912220317961803,0.0,0.0,42.0,active_set_max_passes,2.0,269.57523711931003,147.57183652331875,32.0,32.0,4375.0,61.896421264260574,0.07943820574157756,none,1.0,0.01,2.0,0.3,1.0,0.0,severe_coverage_warn,0.0,multiple,multiple,1;2;3;4;5;6;7;8,Lfrac minimum coverage 0.644 is below 0.8 | Lfrac coverage gap 0.356 exceeds 0.1 | third_integral minimum coverage 0.75 is below 0.8 | third_integral coverage gap 0.25 exceeds 0.1 | 25 planned shell-band/Lfrac/third-integral cells have no successful orbit,0.9135135135135135,1.0,0.9135135135135135,0.8898128898128899,0.6444444444444445,0.75,0.029106029106029108,0.3555555555555555,0.25,25.0,0.0,3549.0,3885.0,1.0,inverse_phase_volume,geometric_mean,3549.0,3549.0,3549.0,0.0,420.0,0.0,0.0,1.8960588095484522e+42,3.2057929252747856e+49,16907666.09733085,0.00022686607765889182,3835.7758898677007,0.0002607034479364463,4407.886848132343,16907666.097330973,0.0
0.0,219.09667054020719,42366.264033103675,4.064877351752146,909.8105454361303,-1000000.0,solver_failed_no_halo,8.0,909.8105454361303,17.480576531978954,98.19178448583077,8.996864046578354,0.0,0.0,28.0,active_set_max_passes,2.0,616.543921865527,293.2666235706036,32.0,32.0,5527.0,142.58673525485463,0.03538527222360292,none,1.0,0.01,2.0,0.3,1.0,0.0,severe_coverage_warn,0.0,multiple,multiple,1;2;3;4;5;6;7;8,total orbit coverage 0.8 is below 0.85 | shell_band minimum coverage 0.719 is below 0.8 | shell_band coverage gap 0.176 exceeds 0.1 | Lfrac minimum coverage 0.457 is below 0.8 | Lfrac coverage gap 0.543 exceeds 0.1 | third_integral minimum coverage 0.588 is below 0.8 | third_integral coverage gap 0.412 exceeds 0.1 | 33 planned shell-band/Lfrac/third-integral cells have no successful orbit,0.8002574002574002,1.0,0.8002574002574002,0.7193347193347194,0.45714285714285713,0.5880952380952381,0.17641817641817636,0.5428571428571429,0.4119047619047619,33.0,0.0,3109.0,3885.0,1.0,inverse_phase_volume,geometric_mean,3109.0,3109.0,3109.0,0.0,420.0,0.0,0.0,6.94343526951668e+41,4.974740333050673e+48,7164667.257561912,0.00022357395640525767,1601.8330051003322,0.0006242848017339761,4472.792878376971,7164667.257561948,0.0
0.0,304.0490742108145,3932645.9209644324,3.093423297240227,17.000046499133536,-1000000.0,solver_failed_no_halo,9.0,17.000046499133536,0.3518914192894087,52.93831749150869,4.850495872131058,0.0,0.0,91.0,active_set_max_passes,2.0,12.838522057044301,4.161524442089233,32.0,32.0,2115.0,58.794962864778704,0.06011473046477643,none,1.0,0.01,2.0,0.3,1.0,0.0,severe_coverage_warn,0.0,multiple,multiple,1;2;3;4;5;6;7;8,Lfrac minimum coverage 0.66 is below 0.8 | Lfrac coverage gap 0.34 exceeds 0.1 | third_integral minimum coverage 0.75 is below 0.8 | third_integral coverage gap 0.25 exceeds 0.1 | 24 planned shell-band/Lfrac/third-integral cells have no successful orbit,0.9173745173745174,1.0,0.9173745173745174,0.9147609147609148,0.6603174603174603,0.75,0.004158004158004158,0.3396825396825397,0.25,24.0,0.0,3564.0,3885.0,1.0,inverse_phase_volume,geometric_mean,3564.0,3564.0,3564.0,0.0,420.0,0.0,0.0,1.4209016896007233e+45,4.283838146297358e+52,30148730.04691216,0.00014790338011286565,4459.0990800486325,0.00022426054726487344,6761.1706996614685,30148730.046912223,0.0
0.0,31.57437244782867,63367.329010275906,2.7589842413478003,674.4802539332109,-1000000.0,solver_failed_no_halo,10.0,674.4802539332109,10.882362256399347,94.05006847384986,8.617377554154887,0.0,0.0,33.0,active_set_max_passes,2.0,460.181991498256,214.29826243495486,32.0,32.0,5662.0,117.28825100793443,0.040947592788133945,none,1.0,0.01,2.0,0.3,1.0,0.0,severe_coverage_warn,0.0,multiple,multiple,1;2;3;4;5;6;7;8,Lfrac minimum coverage 0.533 is below 0.8 | Lfrac coverage gap 0.467 exceeds 0.1 | third_integral minimum coverage 0.726 is below 0.8 | third_integral coverage gap 0.274 exceeds 0.1 | 27 planned shell-band/Lfrac/third-integral cells have no successful orbit,0.879021879021879,1.0,0.879021879021879,0.8191268191268192,0.5333333333333333,0.7261904761904762,0.09207009207009198,0.4666666666666667,0.27380952380952384,27.0,0.0,3415.0,3885.0,1.0,inverse_phase_volume,geometric_mean,3415.0,3415.0,3415.0,0.0,420.0,0.0,0.0,1.2730466184948678e+41,1.111364475343081e+49,87299589.75556254,2.7119883962441716e-05,2367.5547441396316,0.00042237671693771104,36873.31411096369,87299589.7555629,0.0
0.0,17.25330576657638,424949.8899769385,3.9641771259789103,217.50936768242127,-1000000.0,solver_failed_no_halo,11.0,217.50936768242127,7.870558034241611,97.20537030927585,8.906483427807109,0.0,0.0,31.0,active_set_max_passes,2.0,149.87856443531425,67.63080324710711,32.0,32.0,3774.0,79.69763105132877,0.05527176988241401,none,1.0,0.01,2.0,0.3,1.0,0.0,severe_coverage_warn,0.0,multiple,multiple,1;2;3;4;5;6;7;8,Lfrac minimum coverage 0.639 is below 0.8 | Lfrac coverage gap 0.361 exceeds 0.1 | third_integral minimum coverage 0.75 is below 0.8 | third_integral coverage gap 0.25 exceeds 0.1 | 25 planned shell-band/Lfrac/third-integral cells have no successful orbit,0.9122265122265122,1.0,0.9122265122265122,0.8898128898128899,0.6391534391534391,0.75,0.029106029106029108,0.36084656084656086,0.25,25.0,0.0,3544.0,3885.0,1.0,inverse_phase_volume,geometric_mean,3544.0,3544.0,3544.0,0.0,420.0,0.0,0.0,3.4198294617046117e+43,4.994842099207821e+50,14605529.764393996,0.00025241248300540134,3686.618033440014,0.00027125131785537643,3961.7691965678305,14605529.76439412,0.0
0.0,183.48091582874252,28107.608484462955,1.9791982936941332,1107.6925691947135,-1000000.0,solver_failed_no_halo,12.0,1107.6925691947135,22.020289494911594,98.55716583985954,9.03034226865737,0.0,0.0,28.0,active_set_max_passes,2.0,778.2227687956834,329.46980039903053,32.0,32.0,5696.0,137.97840883599918,0.03901925020443334,none,1.0,0.01,2.0,0.3,1.0,0.0,severe_coverage_warn,0.0,multiple,multiple,1;2;3;4;5;6;7;8,total orbit coverage 0.833 is below 0.85 | shell_band minimum coverage 0.738 is below 0.8 | shell_band coverage gap 0.175 exceeds 0.1 | Lfrac minimum coverage 0.475 is below 0.8 | Lfrac coverage gap 0.525 exceeds 0.1 | third_integral minimum coverage 0.629 is below 0.8 | third_integral coverage gap 0.371 exceeds 0.1 | 29 planned shell-band/Lfrac/third-integral cells have no successful orbit,0.8334620334620335,1.0,0.8334620334620335,0.738045738045738,0.47513227513227513,0.6285714285714286,0.17463617463617465,0.5248677248677249,0.37142857142857144,29.0,0.0,3238.0,3885.0,1.0,inverse_phase_volume,geometric_mean,3238.0,3238.0,3238.0,0.0,420.0,0.0,0.0,3.8260160408864334e+41,2.1872846532584683e+48,5716872.6682905005,0.00032435337555873037,1854.286947599463,0.0005392908585667325,3083.0571695990593,5716872.668290479,0.0
25.0,27.64513174995341,0.0,1.433594982833482,53.34475812799998,-53.34475812799998,pass_no_bh_halo_up,1.0,53.34475812799998,0.0006431271560316532,0.009924832386507326,0.0024763395559970923,1.0,1.0,714.0,none,0.0,38.036661440157644,15.308096687842305,32.0,32.0,443.0,43.035235871072594,0.06460978988719426,nonsingular_isothermal,1.0,0.01,2.0,0.3,1.0,0.0,strict_pass,1.0,none,none,,,0.9984555984555985,1.0,0.9984555984555985,0.9884169884169884,0.9936507936507937,0.9976190476190476,0.01158301158301156,0.006349206349206327,0.0023809523809523725,0.0,0.0,3879.0,3885.0,1.0,inverse_phase_volume,geometric_mean,3879.0,3879.0,3879.0,0.0,420.0,0.0,0.0,1.7602918114310014e+40,1.7094437714201508e+53,9711138575543.822,3.6676909230164665e-10,3561.745480567681,0.0002807612181880602,2726511096.4627223,9711138575543.732,0.0
6.660412809871988,27.64513174995341,0.0,1.433594982833482,63.798845946177664,-63.798845946177664,pass_no_bh_halo_down,1.0,63.798845946177664,0.0011217552400495379,0.009923300070585254,0.0024762580187531885,1.0,1.0,714.0,none,0.0,39.452891908254735,24.345954037922926,32.0,32.0,680.0,34.056610462750655,0.07939283098485686,nonsingular_isothermal,1.0,0.01,2.0,0.3,1.0,0.0,strict_pass,1.0,none,none,,,0.9992277992277993,1.0,0.9992277992277993,0.9942084942084942,0.9968253968253968,0.9976190476190476,0.00579150579150578,0.0031746031746031633,0.0023809523809523725,0.0,0.0,3882.0,3885.0,1.0,inverse_phase_volume,geometric_mean,3882.0,3882.0,3882.0,0.0,420.0,0.0,0.0,1.9266803143625036e+38,8.61634950191361e+50,4472122042085.935,7.627828066005229e-10,3411.257802722381,0.00029314700261057436,1310989171.9461763,4472122042085.947,0.0
13.320825619743976,55.29026349990682,0.0,1.433594982833482,56.26759368886563,-56.26759368886563,pass_no_bh_halo_scale_up,1.0,56.26759368886563,0.0009300353062116073,0.00999178553796038,0.0025645197613592017,1.0,1.0,715.0,none,0.0,36.445426956559515,19.82216673230614,32.0,32.0,598.0,33.5422924180718,0.10597877159721451,nonsingular_isothermal,1.0,0.01,2.0,0.3,1.0,0.0,strict_pass,1.0,none,none,,,1.0,1.0,1.0,1.0,1.0,1.0,0.0,0.0,0.0,0.0,0.0,3885.0,3885.0,1.0,inverse_phase_volume,geometric_mean,3885.0,3885.0,3885.0,0.0,420.0,0.0,0.0,7.402733766938619e+35,1.1611836968318682e+52,1.5685876777277006e+16,1.2748118225015827e-12,19996.54116197567,5.000864859076455e-05,784429499592.877,1.5685876777276942e+16,0.0
13.320825619743976,13.822565874976705,0.0,1.433594982833482,54.41219049178187,-54.41219049178187,pass_no_bh_halo_scale_down,1.0,54.41219049178187,0.0009141218384058902,0.009975631147424231,0.002310075559026437,1.0,1.0,716.0,none,0.0,37.175580261165386,17.236610230616503,32.0,32.0,567.0,38.31587050062307,0.0673339625989858,nonsingular_isothermal,1.0,0.01,2.0,0.3,1.0,0.0,strict_pass,1.0,none,none,,,1.0,1.0,1.0,1.0,1.0,1.0,0.0,0.0,0.0,0.0,0.0,3885.0,3885.0,1.0,inverse_phase_volume,geometric_mean,3885.0,3885.0,3885.0,0.0,420.0,0.0,0.0,2.3983514362782534e+41,1.9241691470815316e+52,80228823765.18785,1.9401945757061693e-08,1556.5952868450452,0.0006424277449964727,51541222.33518933,80228823765.18828,0.0
13.320825619743976,27.64513174995341,0.0,2.867189965666964,54.84724703582263,-54.84724703582263,pass_no_bh_ml_up,1.0,54.84724703582263,0.0008809332445096629,0.009921417165328829,0.0024756724873183354,1.0,1.0,714.0,none,0.0,37.80393219879283,17.043314837029794,32.0,32.0,592.0,43.648506571577215,0.05579927240727601,nonsingular_isothermal,1.0,0.01,2.0,0.3,1.0,0.0,strict_pass,1.0,none,none,,,1.0,1.0,1.0,1.0,1.0,1.0,0.0,0.0,0.0,0.0,0.0,3885.0,3885.0,1.0,inverse_phase_volume,geometric_mean,3885.0,3885.0,3885.0,0.0,420.0,0.0,0.0,7.355299249374017e+38,1.3782329062324532e+52,18737958300605.508,1.881965446411033e-10,3526.419005803029,0.00028357378926168814,5313593838.330194,18737958300605.465,0.0
13.320825619743976,27.64513174995341,0.0,0.716797491416741,54.86673064190213,-54.86673064190213,pass_no_bh_ml_down,1.0,54.86673064190213,0.0008803362440090723,0.009926559487255803,0.002476915810299653,1.0,1.0,714.0,none,0.0,37.8247905380799,17.04194010382222,32.0,32.0,593.0,43.87316810206552,0.05542941822068036,nonsingular_isothermal,1.0,0.01,2.0,0.3,1.0,0.0,strict_pass,1.0,none,none,,,1.0,1.0,1.0,1.0,1.0,1.0,0.0,0.0,0.0,0.0,0.0,3885.0,3885.0,1.0,inverse_phase_volume,geometric_mean,3885.0,3885.0,3885.0,0.0,420.0,0.0,0.0,1.331123147462367e+39,1.377946531566191e+52,10351758469478.105,3.4557356143465013e-10,3577.2940414088616,0.000279540901146098,2893739891.0046697,10351758469478.133,0.0
11.54048077406592,1.0791361400607162,0.0,4.00528833790022,55.808896638551495,-55.808896638551495,pass_no_bh_halo_up,4.0,55.808896638551495,0.0010742858338730343,0.00999865922597219,0.0023473765121521948,1.0,1.0,714.0,none,0.0,37.28396049390091,18.52493614465058,32.0,32.0,586.0,44.066539842827744,0.060619444146309695,nonsingular_isothermal,1.0,0.01,2.0,0.3,1.0,0.0,strict_pass,1.0,none,none,,,1.0,1.0,1.0,1.0,1.0,1.0,0.0,0.0,0.0,0.0,0.0,3885.0,3885.0,1.0,inverse_phase_volume,geometric_mean,3885.0,3885.0,3885.0,0.0,420.0,0.0,0.0,9.755481168388588e+41,8.94759205722364e+51,9171861339.056437,5.3772534827784744e-08,493.194233290023,0.0020275987278463364,18596854.383053765,9171861339.056406,0.0
2.88512019351648,1.0791361400607162,0.0,4.00528833790022,83.06110284381211,-83.06110284381211,pass_no_bh_halo_down,4.0,83.06110284381211,0.0007811719099635184,0.00992831201023418,0.0023111390393321944,1.0,1.0,715.0,none,0.0,42.2070352741868,40.85406756962529,32.0,32.0,429.0,29.63245648418164,0.08748635408910482,nonsingular_isothermal,1.0,0.01,2.0,0.3,1.0,0.0,strict_pass,1.0,none,none,,,0.9979407979407979,1.0,0.9979407979407979,0.9845559845559846,0.9915343915343915,0.9976190476190476,0.015444015444015413,0.00846560846560851,0.0023809523809523725,0.0,0.0,3877.0,3885.0,1.0,inverse_phase_volume,geometric_mean,3877.0,3877.0,3877.0,0.0,420.0,0.0,0.0,3.8100009929560335e+39,3.5212146438259913e+49,9242030777.251888,5.643089790609665e-08,521.5360952361028,0.0019174128293983055,17720788.38199671,9242030777.25186,0.0
5.77024038703296,2.1582722801214325,0.0,4.00528833790022,66.61174313758639,-66.61174313758639,pass_no_bh_halo_scale_up,4.0,66.61174313758639,0.001380949008648713,0.009978913538581947,0.0023335517377352654,1.0,1.0,715.0,none,0.0,38.24109612967036,28.370647007916038,32.0,32.0,453.0,21.74221620450011,0.15732445546003104,nonsingular_isothermal,1.0,0.01,2.0,0.3,1.0,0.0,strict_pass,1.0,none,none,,,0.9997425997425997,1.0,0.9997425997425997,0.9980694980694981,0.9989417989417989,0.9976190476190476,0.0019305019305019266,0.0010582010582010914,0.0023809523809523725,0.0,0.0,3884.0,3885.0,1.0,inverse_phase_volume,geometric_mean,3884.0,3884.0,3884.0,0.0,420.0,0.0,0.0,1.4807254594616052e+41,5.51985533243525e+50,3727804703.541925,1.398169554158678e-07,521.2103040341783,0.0019186113402977257,7152208.378630666,3727804703.5418873,0.0
5.77024038703296,1.0,0.0,4.00528833790022,67.1267492982573,-67.1267492982573,pass_no_bh_halo_scale_down,4.0,67.1267492982573,0.0013398864125235832,0.009920107625806055,0.0023150809234605556,1.0,1.0,715.0,none,0.0,38.61034312769956,28.516406170557733,32.0,32.0,464.0,33.02396431191392,0.07122957012059433,nonsingular_isothermal,1.0,0.01,2.0,0.3,1.0,0.0,strict_pass,1.0,none,none,,,1.0,1.0,1.0,1.0,1.0,1.0,0.0,0.0,0.0,0.0,0.0,3885.0,3885.0,1.0,inverse_phase_volume,geometric_mean,3885.0,3885.0,3885.0,0.0,420.0,0.0,0.0,7.964108438121318e+42,5.604189387504002e+50,70368069.8353976,7.0287197470335475e-06,494.59744201269194,0.002021846283576895,142273.4204791772,70368069.83539718,0.0
5.77024038703296,1.0791361400607162,0.0,5.0,67.1585987259472,-67.1585987259472,pass_no_bh_ml_up,4.0,67.1585987259472,0.0013684994154345986,0.009982173216396273,0.00234102297026804,1.0,1.0,714.0,none,0.0,38.31124815191722,28.847350574029992,32.0,32.0,445.0,32.71501583098166,0.08025808536033842,nonsingular_isothermal,1.0,0.01,2.0,0.3,1.0,0.0,strict_pass,1.0,none,none,,,1.0,1.0,1.0,1.0,1.0,1.0,0.0,0.0,0.0,0.0,0.0,3885.0,3885.0,1.0,inverse_phase_volume,geometric_mean,3885.0,3885.0,3885.0,0.0,420.0,0.0,0.0,6.096863537050489e+40,5.6693870474147774e+50,9298858360.470186,5.404190829757846e-08,502.5280507887034,0.0019899386679619745,18504157.819401216,9298858360.470238,0.0
5.77024038703296,1.0791361400607162,0.0,2.00264416895011,66.85454433130104,-66.85454433130104,pass_no_bh_ml_down,4.0,66.85454433130104,0.0013851715606278958,0.00999250224472394,0.0023448820317164337,1.0,1.0,714.0,none,0.0,38.313199578645445,28.541344752655622,32.0,32.0,437.0,29.012490950128758,0.11026162859133448,nonsingular_isothermal,1.0,0.01,2.0,0.3,1.0,0.0,strict_pass,1.0,none,none,,,0.9984555984555985,1.0,0.9984555984555985,0.9884169884169884,0.9936507936507937,0.9976190476190476,0.01158301158301156,0.006349206349206327,0.0023809523809523725,0.0,0.0,3879.0,3885.0,1.0,inverse_phase_volume,geometric_mean,3879.0,3879.0,3879.0,0.0,420.0,0.0,0.0,6.097097579796382e+40,5.4879218302280295e+50,9000875840.355673,5.3285088423346947e-08,479.6124650409202,0.0020850167017962737,18766976.457936183,9000875840.35569,0.0
25.0,267.62842029855915,0.0,4.905241297652682,41.94862322169253,-41.94862322169253,pass_no_bh_halo_up,5.0,41.94862322169253,0.0014610327833608494,0.009931118019763043,0.005575456741000624,1.0,1.0,656.0,none,0.0,25.986606007891922,15.962017213800594,32.0,32.0,428.0,50.84761923872459,0.06417250979855796,nonsingular_isothermal,1.0,0.01,2.0,0.3,1.0,0.0,strict_pass,1.0,none,none,,,1.0,1.0,1.0,1.0,1.0,1.0,0.0,0.0,0.0,0.0,0.0,3885.0,3885.0,1.0,inverse_phase_volume,geometric_mean,3885.0,3885.0,3885.0,0.0,420.0,0.0,0.0,1.4212510189268639e+35,7.313504558371246e+52,5.145821857628931e+17,5.043108313737187e-12,2595093.699121881,3.8534254094115243e-07,198290406984.9239,5.1458218576288934e+17,0.0
7.652150320663956,267.62842029855915,0.0,4.905241297652682,62.047949653481155,-62.047949653481155,pass_no_bh_halo_down,5.0,62.047949653481155,0.0014900921730287564,0.009923737541126075,0.0054254540254990505,1.0,1.0,657.0,none,0.0,32.91945130893489,29.128498344546262,32.0,32.0,1447.0,35.284656930198906,0.08812722230657015,nonsingular_isothermal,1.0,0.01,2.0,0.3,1.0,0.0,strict_pass,1.0,none,none,,,0.9935649935649936,1.0,0.9935649935649936,0.9517374517374517,0.9915343915343915,0.9904761904761905,0.04826254826254828,0.00846560846560851,0.00952380952380949,0.0,0.0,3860.0,3885.0,1.0,inverse_phase_volume,geometric_mean,3860.0,3860.0,3860.0,0.0,420.0,0.0,0.0,1.3933677508836868e+35,6.4275534984919605e+50,4612962726039516.0,9.247355454602393e-11,426577.0602651915,2.3442423260602126e-06,10813902470.919962,4612962726039528.0,0.0
15.304300641327911,500.0,0.0,4.905241297652682,41.16642406439676,-41.16642406439676,pass_no_bh_halo_scale_up,5.0,41.16642406439676,0.0017650144671179646,0.009959231193375643,0.00664847313991479,1.0,1.0,635.0,none,0.0,20.99454888692024,20.17187517747652,32.0,32.0,1672.0,38.4231128424584,0.07257996444454902,nonsingular_isothermal,1.0,0.01,2.0,0.3,1.0,0.0,strict_pass,1.0,none,none,,,1.0,1.0,1.0,1.0,1.0,1.0,0.0,0.0,0.0,0.0,0.0,3885.0,3885.0,1.0,inverse_phase_volume,geometric_mean,3885.0,3885.0,3885.0,0.0,420.0,0.0,0.0,7.627059684358744e+34,3.167329583878405e+51,4.1527531118890184e+16,5.0340209797574037e-11,2090504.6289002283,4.783534014589001e-07,19864835764.91156,4.152753111889043e+16,0.0
15.304300641327911,133.81421014927957,0.0,4.905241297652682,52.037289343433436,-52.037289343433436,pass_no_bh_halo_scale_down,5.0,52.037289343433436,0.0010919587202877779,0.009998339191382164,0.0037923895007364724,1.0,1.0,688.0,none,0.0,32.069920293687815,19.967369049745614,32.0,32.0,371.0,37.307484301525406,0.05819878528670942,nonsingular_isothermal,1.0,0.01,2.0,0.3,1.0,0.0,strict_pass,1.0,none,none,,,1.0,1.0,1.0,1.0,1.0,1.0,0.0,0.0,0.0,0.0,0.0,3885.0,3885.0,1.0,inverse_phase_volume,geometric_mean,3885.0,3885.0,3885.0,0.0,420.0,0.0,0.0,1.3700244057861278e+34,2.1856719358805547e+52,1.5953525547790543e+18,2.2519428656635555e-13,359264.2803952856,2.7834662519183258e-06,4440609996139.227,1.595352554779071e+18,0.0
15.304300641327911,267.62842029855915,0.0,5.0,44.804439514867035,-44.804439514867035,pass_no_bh_ml_up,5.0,44.804439514867035,0.002013406800465134,0.009931694279402038,0.005570375716981316,1.0,1.0,656.0,none,0.0,26.158066585238476,18.646372929628544,32.0,32.0,1400.0,42.39630613157836,0.058433216747108975,nonsingular_isothermal,1.0,0.01,2.0,0.3,1.0,0.0,strict_pass,1.0,none,none,,,0.9969111969111969,1.0,0.9969111969111969,0.9768339768339769,0.9925925925925926,0.9952380952380953,0.02316602316602312,0.007407407407407418,0.004761904761904745,0.0,0.0,3873.0,3885.0,1.0,inverse_phase_volume,geometric_mean,3873.0,3873.0,3873.0,0.0,420.0,0.0,0.0,3.600887273818664e+34,1.0302364368119245e+52,2.8610627283518954e+17,3.9348736890838965e-12,1125792.0452610392,8.882635156372316e-07,254137763754.44888,2.861062728351878e+17,0.0
15.304300641327911,267.62842029855915,0.0,2.452620648826341,44.44023367285719,-44.44023367285719,pass_no_bh_ml_down,5.0,44.44023367285719,0.0020300108136481754,0.009915427925405373,0.005573751160923169,1.0,1.0,656.0,none,0.0,25.565194818478027,18.875038854379163,32.0,32.0,1451.0,42.369370737783164,0.05729526686336939,nonsingular_isothermal,1.0,0.01,2.0,0.3,1.0,0.0,strict_pass,1.0,none,none,,,1.0,1.0,1.0,1.0,1.0,1.0,0.0,0.0,0.0,0.0,0.0,3885.0,3885.0,1.0,inverse_phase_volume,geometric_mean,3885.0,3885.0,3885.0,0.0,420.0,0.0,0.0,1.3206845323156063e+34,1.0275967977987777e+52,7.78078922448689e+17,2.6254293119636857e-12,2042791.2100178914,4.895262888815943e-07,380890087363.2936,7.780789224486829e+17,0.0
25.0,4.50760539329497,0.0,0.8400170235881779,53.401847310046875,-53.401847310046875,pass_no_bh_halo_up,6.0,53.401847310046875,0.0006846573505896458,0.009925725027349928,0.0023504650485088995,1.0,1.0,715.0,none,0.0,38.52013613706743,14.88171117297946,32.0,32.0,492.0,49.2012114775329,0.05018542885593685,nonsingular_isothermal,1.0,0.01,2.0,0.3,1.0,0.0,strict_pass,1.0,none,none,,,0.9997425997425997,1.0,0.9997425997425997,0.9980694980694981,0.9989417989417989,0.9976190476190476,0.0019305019305019266,0.0010582010582010914,0.0023809523809523725,0.0,0.0,3884.0,3885.0,1.0,inverse_phase_volume,geometric_mean,3884.0,3884.0,3884.0,0.0,420.0,0.0,0.0,3.9240406084753837e+43,1.5460120272784317e+53,3939847166.564128,1.1892201259164119e-07,468.5345543512769,0.0021343143012890033,8408872.1524907,3939847166.564092,0.0
6.775814748735024,4.50760539329497,0.0,0.8400170235881779,60.806331446409885,-60.806331446409885,pass_no_bh_halo_down,6.0,60.806331446409885,0.0010896611460964323,0.009915457018741384,0.0023456528208901637,1.0,1.0,715.0,none,0.0,37.38895379847366,23.41737764793623,32.0,32.0,536.0,28.55633997795288,0.12702905524299277,nonsingular_isothermal,1.0,0.01,2.0,0.3,1.0,0.0,strict_pass,1.0,none,none,,,1.0,1.0,1.0,1.0,1.0,1.0,0.0,0.0,0.0,0.0,0.0,3885.0,3885.0,1.0,inverse_phase_volume,geometric_mean,3885.0,3885.0,3885.0,0.0,420.0,0.0,0.0,2.115200284786917e+41,8.352222447573868e+50,3948667418.2323413,1.1923192775158334e-07,470.8072283257089,0.0021240115695678966,8387015.280701276,3948667418.232335,0.0
13.551629497470048,9.01521078658994,0.0,0.8400170235881779,53.57464375957697,-53.57464375957697,pass_no_bh_halo_scale_up,6.0,53.57464375957697,0.0009173066727186097,0.00996374924760302,0.0023073240452659402,1.0,1.0,717.0,none,0.0,36.19318979608879,17.38145396348816,32.0,32.0,559.0,39.71932388908787,0.056873582127744876,nonsingular_isothermal,1.0,0.01,2.0,0.3,1.0,0.0,strict_pass,1.0,none,none,,,1.0,1.0,1.0,1.0,1.0,1.0,0.0,0.0,0.0,0.0,0.0,3885.0,3885.0,1.0,inverse_phase_volume,geometric_mean,3885.0,3885.0,3885.0,0.0,420.0,0.0,0.0,1.0885628815868583e+40,1.5408657995884099e+52,1415504630602.6938,5.496602885181431e-10,778.0466836558487,0.001285269921466984,1819305525.4108868,1415504630602.702,0.0
13.551629497470048,2.253802696647485,0.0,0.8400170235881779,53.55730259908965,-53.55730259908965,pass_no_bh_halo_scale_down,6.0,53.55730259908965,0.000979561333188883,0.00990588223291921,0.002326590366948901,1.0,1.0,715.0,none,0.0,36.868402819138964,16.68889977995071,32.0,32.0,508.0,36.68004331536883,0.07064836223008777,nonsingular_isothermal,1.0,0.01,2.0,0.3,1.0,0.0,strict_pass,1.0,none,none,,,0.9979407979407979,1.0,0.9979407979407979,0.9845559845559846,0.9915343915343915,0.9976190476190476,0.015444015444015413,0.00846560846560851,0.0023809523809523725,0.0,0.0,3877.0,3885.0,1.0,inverse_phase_volume,geometric_mean,3877.0,3877.0,3877.0,0.0,420.0,0.0,0.0,3.3068945578465167e+42,1.6302978841824555e+52,4929996574.321142,1.0122244432305708e-07,499.0263037570848,0.0020039023844458073,9879231.890591815,4929996574.321151,0.0
13.551629497470048,4.50760539329497,0.0,1.6800340471763557,53.44830549433498,-53.44830549433498,pass_no_bh_ml_up,6.0,53.44830549433498,0.000980614500733168,0.009925090829426202,0.002353346594885263,1.0,1.0,715.0,none,0.0,36.84924119039254,16.599064303942438,32.0,32.0,527.0,37.97741530996945,0.06189484392557962,nonsingular_isothermal,1.0,0.01,2.0,0.3,1.0,0.0,strict_pass,1.0,none,none,,,1.0,1.0,1.0,1.0,1.0,1.0,0.0,0.0,0.0,0.0,0.0,3885.0,3885.0,1.0,inverse_phase_volume,geometric_mean,3885.0,3885.0,3885.0,0.0,420.0,0.0,0.0,3.386289570669631e+42,1.3354305310395803e+52,3943639500.3145046,1.1930116249973604e-07,470.48077686739595,0.002125485352788065,8382147.994594877,3943639500.3144827,0.0
13.551629497470048,4.50760539329497,0.0,0.42000851179408893,53.44155632904223,-53.44155632904223,pass_no_bh_ml_down,6.0,53.44155632904223,0.0009809998651348906,0.009926451901486609,0.0023503966041430093,1.0,1.0,715.0,none,0.0,36.84269162119904,16.5988647078432,32.0,32.0,525.0,37.737769822523646,0.06351072274686459,nonsingular_isothermal,1.0,0.01,2.0,0.3,1.0,0.0,strict_pass,1.0,none,none,,,0.9997425997425997,1.0,0.9997425997425997,0.9980694980694981,0.9989417989417989,0.9976190476190476,0.0019305019305019266,0.0010582010582010914,0.0023809523809523725,0.0,0.0,3884.0,3885.0,1.0,inverse_phase_volume,geometric_mean,3884.0,3884.0,3884.0,0.0,420.0,0.0,0.0,3.3877667815270007e+42,1.3348940175802067e+52,3940336226.387216,1.189119236921581e-07,468.5529606736016,0.002134230458308019,8409585.590330057,3940336226.3872056,0.0
25.0,219.09667054020719,0.0,4.064877351752146,42.925784865838835,-42.925784865838835,pass_no_bh_halo_up,8.0,42.925784865838835,0.001212268011983042,0.009953838728517484,0.0050316117924318815,1.0,1.0,665.0,none,0.0,27.33169961728539,15.594085248553448,32.0,32.0,410.0,50.87989207895797,0.06236390284330264,nonsingular_isothermal,1.0,0.01,2.0,0.3,1.0,0.0,strict_pass,1.0,none,none,,,0.9971685971685972,1.0,0.9971685971685972,0.9787644787644788,0.9915343915343915,0.9952380952380953,0.021235521235521193,0.00846560846560851,0.004761904761904745,0.0,0.0,3874.0,3885.0,1.0,inverse_phase_volume,geometric_mean,3874.0,3874.0,3874.0,0.0,420.0,0.0,0.0,3.15059695951938e+34,1.1176822480412933e+53,3.547525317906085e+18,6.76217075764413e-13,2398897.1966746575,4.168582135933946e-07,1478815066699.661,3.5475253179060634e+18,0.0
12.249630876895495,219.09667054020719,0.0,4.064877351752146,48.471010154906516,-48.471010154906516,pass_no_bh_halo_down,8.0,48.471010154906516,0.0017011187530826533,0.00990444982708189,0.005112172492799235,1.0,1.0,664.0,none,0.0,28.63858766522702,19.832422489679505,32.0,32.0,426.0,47.83482151661286,0.05856543276487645,nonsingular_isothermal,1.0,0.01,2.0,0.3,1.0,0.0,strict_pass,1.0,none,none,,,1.0,1.0,1.0,1.0,1.0,1.0,0.0,0.0,0.0,0.0,0.0,3885.0,3885.0,1.0,inverse_phase_volume,geometric_mean,3885.0,3885.0,3885.0,0.0,420.0,0.0,0.0,8.813013501352084e+34,6.42620927041198e+51,7.291727477129222e+16,1.1458218007651022e-11,835502.0308532604,1.1968851816897983e-06,87273605662.96327,7.291727477129242e+16,0.0
24.49926175379099,438.19334108041437,0.0,4.064877351752146,35.86935927694307,-35.86935927694307,pass_no_bh_halo_scale_up,8.0,35.86935927694307,0.0020805256491840396,0.009942143307843234,0.00648139828893768,1.0,1.0,637.0,none,0.0,20.62132077130186,15.248038505641206,32.0,32.0,1439.0,36.47376050823174,0.07537794987921419,nonsingular_isothermal,1.0,0.01,2.0,0.3,1.0,0.0,strict_pass,1.0,none,none,,,0.998970398970399,1.0,0.998970398970399,0.9922779922779923,0.9957671957671957,0.9976190476190476,0.007722007722007707,0.004232804232804255,0.0023809523809523725,0.0,0.0,3881.0,3885.0,1.0,inverse_phase_volume,geometric_mean,3881.0,3881.0,3881.0,0.0,420.0,0.0,0.0,2.389421023401241e+34,2.742020697037625e+52,1.14756699224755e+18,4.605221389489454e-12,5284800.058570529,1.892219173700371e-07,217144826583.64932,1.1475669922475574e+18,0.0
24.49926175379099,109.54833527010359,0.0,4.064877351752146,50.537029819949716,-50.537029819949716,pass_no_bh_halo_scale_down,8.0,50.537029819949716,0.0007569950913790535,0.009977689187858836,0.0036455174796654996,1.0,1.0,691.0,none,0.0,35.16997821818844,15.367051601761283,32.0,32.0,513.0,47.70269609356254,0.05585233412470473,nonsingular_isothermal,1.0,0.01,2.0,0.3,1.0,0.0,strict_pass,1.0,none,none,,,1.0,1.0,1.0,1.0,1.0,1.0,0.0,0.0,0.0,0.0,0.0,3885.0,3885.0,1.0,inverse_phase_volume,geometric_mean,3885.0,3885.0,3885.0,0.0,420.0,0.0,0.0,1.993680104692977e+35,1.329149629585565e+53,6.666814934135342e+17,4.14436327962358e-13,276297.03005076596,3.6192933373777603e-06,2412915887264.6587,6.66681493413534e+17,0.0
24.49926175379099,219.09667054020719,0.0,5.0,42.893282642812395,-42.893282642812395,pass_no_bh_ml_up,8.0,42.893282642812395,0.001232553591115959,0.009962223505347935,0.005031205880977659,1.0,1.0,665.0,none,0.0,27.51949276822534,15.373789874587036,32.0,32.0,403.0,52.910953153169366,0.05403881614964806,nonsingular_isothermal,1.0,0.01,2.0,0.3,1.0,0.0,strict_pass,1.0,none,none,,,0.9969111969111969,1.0,0.9969111969111969,0.9768339768339769,0.9915343915343915,0.9952380952380953,0.02316602316602312,0.00846560846560851,0.004761904761904745,0.0,0.0,3873.0,3885.0,1.0,inverse_phase_volume,geometric_mean,3873.0,3873.0,3873.0,0.0,420.0,0.0,0.0,3.1755286458685505e+34,1.030834150872084e+53,3.246181237298008e+18,6.139310785142371e-13,1992931.548067039,5.017733805106895e-07,1628847333189.3884,3.2461812372979963e+18,0.0
24.49926175379099,219.09667054020719,0.0,2.032438675876073,42.8463154052551,-42.8463154052551,pass_no_bh_ml_down,8.0,42.8463154052551,0.0012530331251241478,0.009949552809973327,0.005033708760375881,1.0,1.0,665.0,none,0.0,27.415338619244803,15.43097678601032,32.0,32.0,421.0,53.4678879393994,0.05398941771518429,nonsingular_isothermal,1.0,0.01,2.0,0.3,1.0,0.0,strict_pass,1.0,none,none,,,1.0,1.0,1.0,1.0,1.0,1.0,0.0,0.0,0.0,0.0,0.0,3885.0,3885.0,1.0,inverse_phase_volume,geometric_mean,3885.0,3885.0,3885.0,0.0,420.0,0.0,0.0,1.6182676690155207e+34,1.0299064490293605e+53,6.364252767009231e+18,6.214597356926013e-13,3955126.8424664773,2.528363918099741e-07,1609114706177.2637,6.364252767009254e+18,0.0
25.0,304.0490742108145,0.0,3.093423297240227,40.0374743963841,-40.0374743963841,pass_no_bh_halo_up,9.0,40.0374743963841,0.0015583960783089879,0.009927652801059101,0.005733774555630494,1.0,1.0,651.0,none,0.0,24.91875424259362,15.118720153790488,32.0,32.0,417.0,41.19527058278979,0.06441732405647191,nonsingular_isothermal,1.0,0.01,2.0,0.3,1.0,0.0,strict_pass,1.0,none,none,,,1.0,1.0,1.0,1.0,1.0,1.0,0.0,0.0,0.0,0.0,0.0,3885.0,3885.0,1.0,inverse_phase_volume,geometric_mean,3885.0,3885.0,3885.0,0.0,420.0,0.0,0.0,2.0257613830478987e+33,5.863621966199629e+52,2.894527467681017e+19,1.5797327582349546e-13,4572579.860306574,2.1869492289916044e-07,6330184613740.024,2.8945274676810187e+19,0.0
9.340392709211875,304.0490742108145,0.0,3.093423297240227,53.08371797526522,-53.08371797526522,pass_no_bh_halo_down,9.0,53.08371797526522,0.001568225847705662,0.009906564570660031,0.005728466766533406,1.0,1.0,651.0,none,0.0,28.543335392615433,24.540382582649794,32.0,32.0,1605.0,37.440657153241375,0.07303014992412372,nonsingular_isothermal,1.0,0.01,2.0,0.3,1.0,0.0,strict_pass,1.0,none,none,,,1.0,1.0,1.0,1.0,1.0,1.0,0.0,0.0,0.0,0.0,0.0,3885.0,3885.0,1.0,inverse_phase_volume,geometric_mean,3885.0,3885.0,3885.0,0.0,420.0,0.0,0.0,1.296407795177156e+35,1.0335323275565645e+51,7972277946811719.0,1.0161463098159425e-10,810100.0816479798,1.2344153798450536e-06,9841102509.943995,7972277946811769.0,0.0
18.68078541842375,500.0,0.0,3.093423297240227,36.54045789964567,-36.54045789964567,pass_no_bh_halo_scale_up,9.0,36.54045789964567,0.0019653343984913363,0.009992022025726553,0.006670363280216533,1.0,1.0,635.0,none,0.0,19.53790936407862,17.002548535567048,32.0,32.0,1469.0,42.845045679993405,0.05300965991508696,nonsingular_isothermal,1.0,0.01,2.0,0.3,1.0,0.0,strict_pass,1.0,none,none,,,1.0,1.0,1.0,1.0,1.0,1.0,0.0,0.0,0.0,0.0,0.0,3885.0,3885.0,1.0,inverse_phase_volume,geometric_mean,3885.0,3885.0,3885.0,0.0,420.0,0.0,0.0,1.1725256940009421e+34,7.015522002152025e+51,5.983256518851507e+17,7.673704863618063e-12,4591374.464898518,2.1779970412892529e-07,130315149953.33188,5.983256518851493e+17,0.0
18.68078541842375,152.02453710540726,0.0,3.093423297240227,47.287342674943694,-47.287342674943694,pass_no_bh_halo_scale_down,9.0,47.287342674943694,0.0010970260102638463,0.009979449819286317,0.00445044897735288,1.0,1.0,677.0,none,0.0,30.25746443824688,17.02987823669681,32.0,32.0,355.0,44.22538712725247,0.05551615499576977,nonsingular_isothermal,1.0,0.01,2.0,0.3,1.0,0.0,strict_pass,1.0,none,none,,,1.0,1.0,1.0,1.0,1.0,1.0,0.0,0.0,0.0,0.0,0.0,3885.0,3885.0,1.0,inverse_phase_volume,geometric_mean,3885.0,3885.0,3885.0,0.0,420.0,0.0,0.0,1.1124902045018992e+34,4.769406153426765e+52,4.287144402823929e+18,1.9680974028294976e-13,843751.7764752763,1.185182689839708e-06,5081049335070.095,4.287144402823914e+18,0.0
18.68078541842375,304.0490742108145,0.0,5.0,41.5805171890415,-41.5805171890415,pass_no_bh_ml_up,9.0,41.5805171890415,0.0020436942640458255,0.009948367531266347,0.005728351805348035,1.0,1.0,651.0,none,0.0,24.20698400681857,17.373533182222936,32.0,32.0,1457.0,43.39762073979609,0.059804253216384974,nonsingular_isothermal,1.0,0.01,2.0,0.3,1.0,0.0,strict_pass,1.0,none,none,,,1.0,1.0,1.0,1.0,1.0,1.0,0.0,0.0,0.0,0.0,0.0,3885.0,3885.0,1.0,inverse_phase_volume,geometric_mean,3885.0,3885.0,3885.0,0.0,420.0,0.0,0.0,6.752250567240362e+33,1.7922746734922784e+52,2.654336736536096e+18,6.767966414205171e-13,1796446.188486725,5.566545808101112e-07,1477548703405.3787,2.654336736536095e+18,0.0
18.68078541842375,304.0490742108145,0.0,1.5467116486201136,41.11648399508593,-41.11648399508593,pass_no_bh_ml_down,9.0,41.11648399508593,0.002063051289049156,0.009929714173055295,0.005734635936228802,1.0,1.0,651.0,none,0.0,23.763680783962428,17.352803211123494,32.0,32.0,1393.0,43.58599375964502,0.061916887561952336,nonsingular_isothermal,1.0,0.01,2.0,0.3,1.0,0.0,strict_pass,1.0,none,none,,,0.9987129987129987,1.0,0.9987129987129987,0.9903474903474904,0.9947089947089947,0.9976190476190476,0.009652509652509633,0.005291005291005346,0.0023809523809523725,0.0,0.0,3880.0,3885.0,1.0,inverse_phase_volume,geometric_mean,3880.0,3880.0,3880.0,0.0,420.0,0.0,0.0,2.95312508502466e+33,1.827685193805207e+52,6.188986721468132e+18,8.161608935913245e-13,5051208.933018271,1.979724088352975e-07,1225248609498.716,6.188986721468129e+18,0.0
1.7759228675082839,31.57437244782867,0.0,2.7589842413478003,105.59834778691041,-105.59834778691041,pass_no_bh_halo_up,10.0,105.59834778691041,0.0012354983489757387,0.009947182018186824,0.0024491619380433353,1.0,1.0,715.0,none,0.0,51.64051652912767,53.95783125778273,32.0,32.0,571.0,20.542806833684466,0.16376175299569323,nonsingular_isothermal,1.0,0.01,2.0,0.3,1.0,0.0,strict_pass,1.0,none,none,,,0.9917631917631917,1.0,0.9917631917631917,0.975051975051975,0.9735449735449735,0.9571428571428572,0.02494802494802495,0.02645502645502651,0.042857142857142816,0.0,0.0,3853.0,3885.0,1.0,inverse_phase_volume,geometric_mean,3853.0,3853.0,3853.0,0.0,420.0,0.0,0.0,5.868820670882602e+34,4.683300225122621e+48,79799681874046.89,4.7408756571666564e-11,3783.203692463137,0.00026432623810137174,21093149711.453125,79799681874047.22,0.0
0.44398071687707097,31.57437244782867,0.0,2.7589842413478003,132.9715331302163,-132.9715331302163,pass_no_bh_halo_down,10.0,132.9715331302163,3.999338929361329e-05,0.009982549740168932,0.002444273033950708,1.0,1.0,715.0,none,0.0,57.63354731914466,75.33798581107163,32.0,32.0,488.0,34.0239021893669,0.05350188663820789,nonsingular_isothermal,1.0,0.01,2.0,0.3,1.0,0.0,severe_coverage_warn,0.0,multiple,multiple,1;2;3;4;5;6;7,total orbit coverage 0.833 is below 0.85 | shell_band minimum coverage 0.665 is below 0.8 | shell_band coverage gap 0.314 exceeds 0.1 | Lfrac minimum coverage 0.56 is below 0.8 | Lfrac coverage gap 0.44 exceeds 0.1 | third_integral minimum coverage 0.729 is below 0.8 | third_integral coverage gap 0.271 exceeds 0.1 | 26 planned shell-band/Lfrac/third-integral cells have no successful orbit,0.8329472329472329,1.0,0.8329472329472329,0.6652806652806653,0.5597883597883598,0.7285714285714285,0.3139293139293139,0.44021164021164016,0.27142857142857146,26.0,0.0,3236.0,3885.0,1.0,inverse_phase_volume,geometric_mean,3236.0,3236.0,3236.0,0.0,420.0,0.0,0.0,2.054806548023415e+34,1.8595262714275569e+46,904964155003.4457,2.008051641989657e-09,1817.2147573964608,0.000550292691565365,497995160.6270247,904964155003.4502,0.0
0.8879614337541419,63.14874489565734,0.0,2.7589842413478003,128.8753870580908,-128.8753870580908,pass_no_bh_halo_scale_up,10.0,128.8753870580908,2.6619980530995235e-06,0.009991572610337614,0.002526504668046095,1.0,1.0,716.0,none,0.0,58.57972637519476,70.29566068289606,32.0,32.0,541.0,28.835632026286653,0.08984688610081662,nonsingular_isothermal,1.0,0.01,2.0,0.3,1.0,0.0,severe_coverage_warn,0.0,multiple,multiple,2;4;5;6,shell_band coverage gap 0.106 exceeds 0.1 | Lfrac coverage gap 0.166 exceeds 0.1 | third_integral coverage gap 0.102 exceeds 0.1 | 4 planned shell-band/Lfrac/third-integral cells have no successful orbit,0.9498069498069498,1.0,0.9498069498069498,0.893970893970894,0.8338624338624339,0.8976190476190476,0.10602910602910598,0.16613756613756614,0.10238095238095235,4.0,0.0,3690.0,3885.0,1.0,inverse_phase_volume,geometric_mean,3690.0,3690.0,3690.0,0.0,420.0,0.0,0.0,4.768012231499068e+34,2.3872378810127256e+47,5006778013784.951,1.659342130810945e-09,8307.957697891292,0.00012036652524769329,602648472.2058405,5006778013784.938,0.0
0.8879614337541419,15.787186223914334,0.0,2.7589842413478003,134.12562727726498,-134.12562727726498,pass_no_bh_halo_scale_down,10.0,134.12562727726498,9.330321415745857e-05,0.009930758135710063,0.0023359127581377833,1.0,1.0,717.0,none,0.0,57.43555605483039,76.6900712224346,32.0,32.0,532.0,32.26748656661113,0.06963165639006454,nonsingular_isothermal,1.0,0.01,2.0,0.3,1.0,0.0,severe_coverage_warn,0.0,inner,multiple,2;3,Lfrac coverage gap 0.104 exceeds 0.1 | third_integral coverage gap 0.138 exceeds 0.1 | 3 planned shell-band/Lfrac/third-integral cells have no successful orbit,0.9675675675675676,1.0,0.9675675675675676,0.9111969111969112,0.8962962962962963,0.861904761904762,0.08880308880308885,0.10370370370370374,0.13809523809523805,3.0,0.0,3759.0,3885.0,1.0,inverse_phase_volume,geometric_mean,3759.0,3759.0,3759.0,0.0,420.0,0.0,0.0,1.0280413762827027e+35,3.751821269518322e+47,3649484695922.008,3.835368509406123e-10,1399.7118678298857,0.0007144327507563401,2607311390.1507273,3649484695922.0103,0.0
0.8879614337541419,31.57437244782867,0.0,5.0,131.81390428121145,-131.81390428121145,pass_no_bh_ml_up,10.0,131.81390428121145,3.188703209389132e-05,0.009933645146558591,0.002488234289069837,1.0,1.0,714.0,none,0.0,57.70196404942087,74.1119402317906,32.0,32.0,544.0,33.40330962924212,0.05866307170046475,nonsingular_isothermal,1.0,0.01,2.0,0.3,1.0,0.0,severe_coverage_warn,0.0,multiple,multiple,1;2;3;4;5;6;7,shell_band minimum coverage 0.757 is below 0.8 | shell_band coverage gap 0.241 exceeds 0.1 | Lfrac minimum coverage 0.676 is below 0.8 | Lfrac coverage gap 0.324 exceeds 0.1 | third_integral minimum coverage 0.781 is below 0.8 | third_integral coverage gap 0.219 exceeds 0.1 | 16 planned shell-band/Lfrac/third-integral cells have no successful orbit,0.8846846846846846,1.0,0.8846846846846846,0.7567567567567568,0.6761904761904762,0.780952380952381,0.24116424116424118,0.32380952380952377,0.21904761904761905,16.0,0.0,3437.0,3885.0,1.0,inverse_phase_volume,geometric_mean,3437.0,3437.0,3437.0,0.0,420.0,0.0,0.0,2.0460855971941503e+34,3.8030426999391266e+47,18586918871597.242,1.6637855502580237e-10,3092.464704238173,0.00032336666563389263,6010389979.916088,18586918871597.285,0.0
0.8879614337541419,31.57437244782867,0.0,1.3794921206739001,130.72303987649218,-130.72303987649218,pass_no_bh_ml_down,10.0,130.72303987649218,6.620789054068155e-05,0.009964952813431752,0.002493032512208608,1.0,1.0,714.0,none,0.0,57.667031047656444,73.05600882883572,32.0,32.0,542.0,33.19811659156101,0.05815820016840545,nonsingular_isothermal,1.0,0.01,2.0,0.3,1.0,0.0,severe_coverage_warn,0.0,inner,multiple,2;3,shell_band coverage gap 0.123 exceeds 0.1 | 2 planned shell-band/Lfrac/third-integral cells have no successful orbit,0.9644787644787645,1.0,0.9644787644787645,0.8773388773388774,0.9015873015873016,0.9095238095238095,0.12266112266112261,0.0984126984126984,0.09047619047619049,2.0,0.0,3747.0,3885.0,1.0,inverse_phase_volume,geometric_mean,3747.0,3747.0,3747.0,0.0,420.0,0.0,0.0,2.6509523790022193e+34,2.9107148694257297e+47,10979883654195.559,2.869050738267425e-10,3150.1843304160507,0.0003174417415338766,3485473389.027217,10979883654195.666,0.0
25.0,17.25330576657638,0.0,3.9641771259789103,52.92935620570718,-52.92935620570718,pass_no_bh_halo_up,11.0,52.92935620570718,0.0006614202876704667,0.009900995297173401,0.0023343627609804752,1.0,1.0,715.0,none,0.0,38.201953033866204,14.727403171840976,32.0,32.0,478.0,45.59366728834148,0.05668047191152679,nonsingular_isothermal,1.0,0.01,2.0,0.3,1.0,0.0,strict_pass,1.0,none,none,,,1.0,1.0,1.0,1.0,1.0,1.0,0.0,0.0,0.0,0.0,0.0,3885.0,3885.0,1.0,inverse_phase_volume,geometric_mean,3885.0,3885.0,3885.0,0.0,420.0,0.0,0.0,2.6565622752837137e+40,2.0123340270060757e+53,7574955218360.781,2.333057508646491e-10,1767.2806149857392,0.0005658410959303536,4286220962.38058,7574955218360.719,0.0
8.28141737239801,17.25330576657638,0.0,3.9641771259789103,55.77266409905788,-55.77266409905788,pass_no_bh_halo_down,11.0,55.77266409905788,0.0010914967032320533,0.009930591888937235,0.0023335348620612322,1.0,1.0,716.0,none,0.0,35.99243851984463,19.780225579213244,32.0,32.0,518.0,36.265091230096225,0.07805109047691533,nonsingular_isothermal,1.0,0.01,2.0,0.3,1.0,0.0,strict_pass,1.0,none,none,,,1.0,1.0,1.0,1.0,1.0,1.0,0.0,0.0,0.0,0.0,0.0,3885.0,3885.0,1.0,inverse_phase_volume,geometric_mean,3885.0,3885.0,3885.0,0.0,420.0,0.0,0.0,7.23728886658966e+36,2.2853182823655234e+51,315769941547518.5,5.176476899844416e-12,1634.5758080859432,0.0006117795179967705,193181582637.80835,315769941547517.0,0.0
16.56283474479602,34.50661153315276,0.0,3.9641771259789103,52.57177551973132,-1000000.0,solver_failed_no_bh_halo_scale_up,11.0,52.57177551973132,0.001258237369135884,0.017478618143992073,0.004331934022160878,0.0,0.0,659.0,active_set_max_passes,2.0,36.16947897125509,16.402296548476215,32.0,32.0,635.0,44.080423687131706,0.06043594366079253,nonsingular_isothermal,1.0,0.01,2.0,0.3,1.0,0.0,strict_pass,1.0,none,none,,,0.9994851994851995,1.0,0.9994851994851995,0.9961389961389961,0.9978835978835979,0.9976190476190476,0.0038610038610038533,0.002116402116402072,0.0023809523809523725,0.0,0.0,3883.0,3885.0,1.0,inverse_phase_volume,geometric_mean,3883.0,3883.0,3883.0,0.0,420.0,0.0,0.0,3.6522500596431795e+36,3.481019408186423e+52,9531163943704650.0,6.466459697081224e-13,6163.288750823954,0.00016225103843565866,1546441247366.579,9531163943704600.0,0.0
16.56283474479602,8.62665288328819,0.0,3.9641771259789103,52.410094400328525,-52.410094400328525,pass_no_bh_halo_scale_down,11.0,52.410094400328525,0.0008214033866806858,0.009914363643292174,0.00233804630839893,1.0,1.0,716.0,none,0.0,36.54401348710427,15.866080913224266,32.0,32.0,582.0,41.64915217852775,0.05885411653152239,nonsingular_isothermal,1.0,0.01,2.0,0.3,1.0,0.0,strict_pass,1.0,none,none,,,1.0,1.0,1.0,1.0,1.0,1.0,0.0,0.0,0.0,0.0,0.0,3885.0,3885.0,1.0,inverse_phase_volume,geometric_mean,3885.0,3885.0,3885.0,0.0,420.0,0.0,0.0,2.184583261781008e+40,3.427021919949142e+52,1568730283667.568,4.796620205269594e-10,752.4603375258204,0.0013289737015084672,2084801291.754128,1568730283667.5774,0.0
16.56283474479602,17.25330576657638,0.0,5.0,52.4144171729287,-52.4144171729287,pass_no_bh_ml_up,11.0,52.4144171729287,0.000778947127493268,0.009972819420790422,0.002343031779371309,1.0,1.0,715.0,none,0.0,36.45395502397847,15.960462148950226,32.0,32.0,605.0,41.920328250696635,0.059790668099253506,nonsingular_isothermal,1.0,0.01,2.0,0.3,1.0,0.0,strict_pass,1.0,none,none,,,0.9997425997425997,1.0,0.9997425997425997,0.9980694980694981,0.9989417989417989,0.9976190476190476,0.0019305019305019266,0.0010582010582010914,0.0023809523809523725,0.0,0.0,3884.0,3885.0,1.0,inverse_phase_volume,geometric_mean,3884.0,3884.0,3884.0,0.0,420.0,0.0,0.0,9.752248755703314e+39,3.765564290098525e+52,3861226661077.884,4.42863721778962e-10,1709.9972097570876,0.0005847962758617918,2258030971.6565824,3861226661077.841,0.0
16.56283474479602,17.25330576657638,0.0,1.9820885629894551,52.40556271556119,-52.40556271556119,pass_no_bh_ml_down,11.0,52.40556271556119,0.0007786480386187122,0.009902115520524281,0.002334536600336777,1.0,1.0,715.0,none,0.0,36.45349934903539,15.952063366525799,32.0,32.0,601.0,41.716890999869015,0.060925748688920124,nonsingular_isothermal,1.0,0.01,2.0,0.3,1.0,0.0,strict_pass,1.0,none,none,,,1.0,1.0,1.0,1.0,1.0,1.0,0.0,0.0,0.0,0.0,0.0,3885.0,3885.0,1.0,inverse_phase_volume,geometric_mean,3885.0,3885.0,3885.0,0.0,420.0,0.0,0.0,2.741833053744656e+39,3.8778639376798055e+52,14143326240755.674,1.249045291004256e-10,1766.5655040152783,0.0005660701500890122,8006114807.862421,14143326240755.66,0.0
7.064485377805618,183.48091582874252,0.0,1.9791982936941332,63.39980766068702,-63.39980766068702,pass_no_bh_halo_up,12.0,63.39980766068702,0.0015077802982830235,0.009923310184949644,0.00486978433053618,1.0,1.0,668.0,none,0.0,34.046741018830225,29.353066641856795,32.0,32.0,1341.0,35.01266357126771,0.05347207466508735,nonsingular_isothermal,1.0,0.01,2.0,0.3,1.0,0.0,strict_pass,1.0,none,none,,,0.9981981981981982,1.0,0.9981981981981982,0.9864864864864865,0.9925925925925926,0.9976190476190476,0.013513513513513487,0.007407407407407418,0.0023809523809523725,0.0,0.0,3878.0,3885.0,1.0,inverse_phase_volume,geometric_mean,3878.0,3878.0,3878.0,0.0,420.0,0.0,0.0,6.528418349608536e+32,7.734024351010995e+50,1.1846704571980672e+18,3.5313958834134544e-13,418354.03757507814,2.390319944792069e-06,2831741421846.474,1.1846704571980652e+18,0.0
1.7661213444514046,183.48091582874252,0.0,1.9791982936941332,109.15551020959279,-109.15551020959279,pass_no_bh_halo_down,12.0,109.15551020959279,0.0006826661125103328,0.009981422327335175,0.00473756890700563,1.0,1.0,671.0,none,0.0,55.55360076980025,53.60190943979254,32.0,32.0,1124.0,28.061884461444595,0.09369295464431117,nonsingular_isothermal,1.0,0.01,2.0,0.3,1.0,0.0,strict_pass,1.0,none,none,,,0.9961389961389961,1.0,0.9961389961389961,0.9833679833679834,0.9841269841269841,0.9785714285714285,0.016632016632016633,0.015873015873015928,0.021428571428571463,0.0,0.0,3870.0,3885.0,1.0,inverse_phase_volume,geometric_mean,3870.0,3870.0,3870.0,0.0,420.0,0.0,0.0,2.3843217574881142e+34,2.628467569397016e+48,110239633604069.86,9.65831945247287e-10,106472.95976716587,9.39205599418661e-06,1035376811.5880293,110239633604068.72,0.0
3.532242688902809,366.96183165748505,0.0,1.9791982936941332,85.48786256220849,-85.48786256220849,pass_no_bh_halo_scale_up,12.0,85.48786256220849,0.0014072456182674387,0.009951280007943847,0.005939822491071504,1.0,1.0,646.0,none,0.0,43.20275269858603,42.285109863622466,32.0,32.0,3073.0,24.630344352881117,0.11017164803572954,nonsingular_isothermal,1.0,0.01,2.0,0.3,1.0,0.0,strict_pass,1.0,none,none,,,0.9992277992277993,1.0,0.9992277992277993,0.9942084942084942,0.9968253968253968,0.9976190476190476,0.00579150579150578,0.0031746031746031633,0.0023809523809523725,0.0,0.0,3882.0,3885.0,1.0,inverse_phase_volume,geometric_mean,3882.0,3882.0,3882.0,0.0,420.0,0.0,0.0,6.19672465984688e+34,1.7984906771768423e+49,290232465681520.6,1.7821640039036368e-09,517241.85310180776,1.933331562407754e-06,561115586.3375136,290232465681522.9,0.0
3.532242688902809,91.74045791437126,0.0,1.9791982936941332,92.71128486822849,-92.71128486822849,pass_no_bh_halo_scale_down,12.0,92.71128486822849,0.001023525726040475,0.009966883602772019,0.00316489236361028,1.0,1.0,700.0,none,0.0,45.832449519087284,46.87883534914123,32.0,32.0,532.0,36.31032961260944,0.047006673964909436,nonsingular_isothermal,1.0,0.01,2.0,0.3,1.0,0.0,strict_pass,1.0,none,none,,,0.9994851994851995,1.0,0.9994851994851995,0.9961389961389961,0.9978835978835979,0.9976190476190476,0.0038610038610038533,0.002116402116402072,0.0023809523809523725,0.0,0.0,3883.0,3885.0,1.0,inverse_phase_volume,geometric_mean,3883.0,3883.0,3883.0,0.0,420.0,0.0,0.0,6.590970952469126e+33,6.534764640066176e+49,9914722257451470.0,5.365556720835984e-12,53198.004643691056,1.8797697520758302e-05,186373949997.90335,9914722257451508.0,0.0
3.532242688902809,183.48091582874252,0.0,3.9583965873882665,86.90943582379823,-86.90943582379823,pass_no_bh_ml_up,12.0,86.90943582379823,0.0011111188910035708,0.009934283742427422,0.004934401325122197,1.0,1.0,669.0,none,0.0,44.741577479603116,42.16785834419512,32.0,32.0,906.0,20.168697624727788,0.15553452224050093,nonsingular_isothermal,1.0,0.01,2.0,0.3,1.0,0.0,strict_pass,1.0,none,none,,,1.0,1.0,1.0,1.0,1.0,1.0,0.0,0.0,0.0,0.0,0.0,3885.0,3885.0,1.0,inverse_phase_volume,geometric_mean,3885.0,3885.0,3885.0,0.0,420.0,0.0,0.0,3.444779046792818e+35,5.048092034462684e+49,146543275080664.28,1.1929122261306453e-09,174813.2645009502,5.7203897133021305e-06,838284643.3250338,146543275080663.8,0.0
3.532242688902809,183.48091582874252,0.0,0.9895991468470666,85.37044771245573,-85.37044771245573,pass_no_bh_ml_down,12.0,85.37044771245573,0.0012172920235542506,0.009942312065979413,0.004918586730408008,1.0,1.0,668.0,none,0.0,44.38187068659496,40.98857702586078,32.0,32.0,558.0,22.737055934907932,0.13637614450857224,nonsingular_isothermal,1.0,0.01,2.0,0.3,1.0,0.0,strict_pass,1.0,none,none,,,0.9979407979407979,1.0,0.9979407979407979,0.9845559845559846,0.9915343915343915,0.9976190476190476,0.015444015444015413,0.00846560846560851,0.0023809523809523725,0.0,0.0,3877.0,3885.0,1.0,inverse_phase_volume,geometric_mean,3877.0,3877.0,3877.0,0.0,420.0,0.0,0.0,5.378216999680977e+33,4.949607958378404e+49,9203064805068304.0,3.088448779780191e-11,284231.9426745117,3.5182534045624504e-06,32378714082.840363,9203064805068286.0,0.0
22.925390446955927,21.10225625517448,782.9808857825471,1.937833527223413,52.46652773989211,-52.46652773989211,pass_full,13.0,52.46652773989211,0.0006467192967818391,0.009975049051143136,0.0024242078025782177,1.0,1.0,714.0,none,0.0,37.71109918814605,14.75542855174604,32.0,32.0,529.0,46.25916454810493,0.06215564652540531,nonsingular_isothermal,1.0,0.01,2.0,0.3,1.0,0.0,strict_pass,1.0,none,none,,,1.0,1.0,1.0,1.0,1.0,1.0,0.0,0.0,0.0,0.0,0.0,3885.0,3885.0,1.0,inverse_phase_volume,geometric_mean,3885.0,3885.0,3885.0,0.0,420.0,0.0,0.0,7.478579438046429e+40,1.1458756303612587e+53,1532210281182.2065,9.662157043425508e-10,1480.4456360333725,0.0006754722873035359,1034965583.2601451,1532210281182.2156,0.0
1.1289990964868712,8.056481207813157,5913.391570681448,1.1779660282282325,125.30999486648271,-125.30999486648271,pass_full,14.0,125.30999486648271,0.0003277257217035867,0.009935403032605932,0.0023007598592522474,1.0,1.0,719.0,none,0.0,53.9478881418359,71.36210672464682,32.0,32.0,276.0,28.610904711439737,0.0921286089258648,nonsingular_isothermal,1.0,0.01,2.0,0.3,1.0,0.0,strict_pass,1.0,none,none,,,0.9963963963963964,1.0,0.9963963963963964,0.972972972972973,0.9873015873015873,0.9880952380952381,0.027027027027026973,0.012698412698412653,0.011904761904761862,0.0,0.0,3871.0,3885.0,1.0,inverse_phase_volume,geometric_mean,3871.0,3871.0,3871.0,0.0,420.0,0.0,0.0,1.375325512623299e+39,1.7808781679060704e+48,1294877577.3883662,3.7507638903483277e-07,485.6780059690034,0.0020589773218263074,2666123.5663840505,1294877577.3883736,0.0
23.370055002804424,36.093755868850025,1086733.3657137367,1.0471242974204493,52.60752084861122,-52.60752084861122,pass_full,15.0,52.60752084861122,0.0006706841533272723,0.0099571848322233,0.002367904468930662,1.0,1.0,713.0,none,0.0,37.574279135085206,15.03324171352601,32.0,32.0,563.0,50.2061110866884,0.05601178820090913,nonsingular_isothermal,1.0,0.01,2.0,0.3,1.0,0.0,strict_pass,1.0,none,none,,,0.9971685971685972,1.0,0.9971685971685972,0.9787644787644788,0.9883597883597883,0.9880952380952381,0.021235521235521193,0.011640211640211673,0.011904761904761862,0.0,0.0,3874.0,3885.0,1.0,inverse_phase_volume,geometric_mean,3874.0,3874.0,3874.0,0.0,420.0,0.0,0.0,1.300568560680763e+43,1.7390190891443524e+53,13371221954.143572,6.529072369550754e-08,873.0167580792885,0.001145453384194005,15316111.438182864,13371221954.143513,0.0
21.26937000936127,6.417371809647148,2817425.4971092627,0.7507027442144742,54.56705850554051,-54.56705850554051,pass_full,16.0,54.56705850554051,0.0008491880366676696,0.00997672407834616,0.0023103286510837862,1.0,1.0,717.0,none,0.0,37.750595851959176,16.816462653581336,32.0,32.0,504.0,49.69618777736599,0.046032412681944315,nonsingular_isothermal,1.0,0.01,2.0,0.3,1.0,0.0,strict_pass,1.0,none,none,,,0.9974259974259975,1.0,0.9974259974259975,0.9806949806949807,0.9915343915343915,0.9904761904761905,0.019305019305019266,0.00846560846560851,0.00952380952380949,0.0,0.0,3875.0,3885.0,1.0,inverse_phase_volume,geometric_mean,3875.0,3875.0,3875.0,0.0,420.0,0.0,0.0,3.449425015320986e+44,1.473589166836973e+53,427198492.5869879,5.582767873405556e-07,238.49500199819167,0.004192959984996173,1791226.1850679237,427198492.58698773,0.0
2.9147195247198887,1.328862831400071,1254.8177359754145,1.2236246532121722,84.12669239220024,-84.12669239220024,pass_full,17.0,84.12669239220024,0.0006948889149924753,0.009916409789571569,0.0023010236287180196,1.0,1.0,716.0,none,0.0,42.52671767974504,41.59997471245519,32.0,32.0,410.0,31.267573210268733,0.08325266171844778,nonsingular_isothermal,1.0,0.01,2.0,0.3,1.0,0.0,strict_pass,1.0,none,none,,,0.9981981981981982,1.0,0.9981981981981982,0.9864864864864865,0.9925925925925926,0.9976190476190476,0.013513513513513487,0.007407407407407418,0.0023809523809523725,0.0,0.0,3878.0,3885.0,1.0,inverse_phase_volume,geometric_mean,3878.0,3878.0,3878.0,0.0,420.0,0.0,0.0,6.294377538489804e+42,3.7343103925989003e+49,5932771.540575345,7.915168834218749e-05,469.5888839850168,0.002129522299407554,12633.969292945638,5932771.540575313,0.0
4.304665355387585,423.1544876892977,3373.00785637053,1.5055469139695543,99.18320121913291,-99.18320121913291,pass_full,18.0,99.18320121913291,0.0013264953838785232,0.009906081457402694,0.006251793427737009,1.0,1.0,640.0,none,0.0,51.708437257233136,47.47476396189977,32.0,32.0,545.0,22.105932448837226,0.12380349369988701,nonsingular_isothermal,1.0,0.01,2.0,0.3,1.0,0.0,strict_pass,1.0,none,none,,,0.998970398970399,1.0,0.998970398970399,0.9922779922779923,0.9957671957671957,0.9952380952380953,0.007722007722007707,0.004232804232804255,0.004761904761904745,0.0,0.0,3881.0,3885.0,1.0,inverse_phase_volume,geometric_mean,3881.0,3881.0,3881.0,0.0,420.0,0.0,0.0,3.7487607169587004e+37,1.9464501326278282e+49,519224959817.37317,3.48170225477178e-08,18077.867133299238,5.5316260077938654e-05,28721582.916214883,519224959817.36993,0.0
6.814201715940787,149.1005280097593,11847.445866572507,2.4346914481024213,71.9862743823888,-71.9862743823888,pass_full,19.0,71.9862743823888,0.001438302701060934,0.009901217666247013,0.0041687757705741995,1.0,1.0,681.0,none,0.0,44.13482938875931,27.85144499362949,32.0,32.0,562.0,30.71528306090267,0.10110806067658405,nonsingular_isothermal,1.0,0.01,2.0,0.3,1.0,0.0,strict_pass,1.0,none,none,,,0.9984555984555985,1.0,0.9984555984555985,0.9884169884169884,0.9957671957671957,0.9976190476190476,0.01158301158301156,0.004232804232804255,0.0023809523809523725,0.0,0.0,3879.0,3885.0,1.0,inverse_phase_volume,geometric_mean,3879.0,3879.0,3879.0,0.0,420.0,0.0,0.0,7.211756975233752e+38,8.767507744928113e+50,1215724236831.1968,1.2689776001140596e-08,15427.268244545634,6.48202899015225e-05,78803597.47170612,1215724236831.2083,0.0
20.174179193069847,162.50748188726547,2543.7713675933187,3.497697825672797,47.979806949460546,-47.979806949460546,pass_full,20.0,47.979806949460546,0.0010677017977798187,0.009972296090283604,0.004497514288166092,1.0,1.0,676.0,none,0.0,32.91157022318671,15.068236726273849,32.0,32.0,327.0,44.170990564284224,0.05629908399663015,nonsingular_isothermal,1.0,0.01,2.0,0.3,1.0,0.0,strict_pass,1.0,none,none,,,0.9981981981981982,1.0,0.9981981981981982,0.9864864864864865,0.9957671957671957,0.9976190476190476,0.013513513513513487,0.004232804232804255,0.0023809523809523725,0.0,0.0,3878.0,3885.0,1.0,inverse_phase_volume,geometric_mean,3878.0,3878.0,3878.0,0.0,420.0,0.0,0.0,1.879718501879736e+39,6.168769843593565e+52,32817519418065.723,2.5127984262133298e-09,82463.81114594174,1.2126531457905006e-05,397962681.59358627,32817519418066.043,0.0
17.813696757911927,2.824236322520624,1010149.8431885304,4.1028534496312075,51.52223097195819,-51.52223097195819,pass_full,21.0,51.52223097195819,0.000927954991993829,0.009909433684295874,0.0022947460887019597,1.0,1.0,718.0,none,0.0,34.17971823324029,17.342512738717918,32.0,32.0,398.0,38.18274292615938,0.06574394904532153,nonsingular_isothermal,1.0,0.01,2.0,0.3,1.0,0.0,strict_pass,1.0,none,none,,,0.9992277992277993,1.0,0.9992277992277993,0.9942084942084942,0.9978835978835979,0.9976190476190476,0.00579150579150578,0.002116402116402072,0.0023809523809523725,0.0,0.0,3882.0,3885.0,1.0,inverse_phase_volume,geometric_mean,3882.0,3882.0,3882.0,0.0,420.0,0.0,0.0,4.0820228532213515e+42,9.281774389226646e+52,22738173506.06423,2.0178556536485763e-08,458.8235196285421,0.002179487225959096,49557558.69810879,22738173506.064346,0.0
11.653636519057475,30.128289221520102,58713.59182324763,3.601574447474144,57.41248560909991,-57.41248560909991,pass_full,22.0,57.41248560909991,0.0009586921476412158,0.009966557394783202,0.002478866370097627,1.0,1.0,714.0,none,0.0,38.37373237038597,19.038753238713934,32.0,32.0,706.0,47.50241634591407,0.053456792307897086,nonsingular_isothermal,1.0,0.01,2.0,0.3,1.0,0.0,strict_pass,1.0,none,none,,,0.9992277992277993,1.0,0.9992277992277993,0.9942084942084942,0.9968253968253968,0.9976190476190476,0.00579150579150578,0.0031746031746031633,0.0023809523809523725,0.0,0.0,3882.0,3885.0,1.0,inverse_phase_volume,geometric_mean,3882.0,3882.0,3882.0,0.0,420.0,0.0,0.0,4.35949321583329e+41,8.906714829887568e+51,20430619773.736946,6.519869212671039e-08,1332.0496885857565,0.000750722745982325,15337730.978660585,20430619773.736946,0.0
17.590246786888812,15.191521151300504,32490.93164151565,4.058107735586841,52.668467102981346,-52.668467102981346,pass_full,23.0,52.668467102981346,0.0007271639605974656,0.009919075153810459,0.0022969787818267946,1.0,1.0,718.0,none,0.0,36.852825679538654,15.815641423442692,32.0,32.0,629.0,40.542468679353554,0.06526131458204944,nonsingular_isothermal,1.0,0.01,2.0,0.3,1.0,0.0,strict_pass,1.0,none,none,,,1.0,1.0,1.0,1.0,1.0,1.0,0.0,0.0,0.0,0.0,0.0,3885.0,3885.0,1.0,inverse_phase_volume,geometric_mean,3885.0,3885.0,3885.0,0.0,420.0,0.0,0.0,1.5795552044227486e+43,5.610969225052174e+52,3552246359.82426,3.2794038970217014e-07,1164.9250555588837,0.0008584243211424795,3049334.669962986,3552246359.824262,0.0
21.17363269116025,2.208208302597843,1653055.5909524611,2.8405177263793684,53.481643260425955,-53.481643260425955,pass_full,24.0,53.481643260425955,0.0007679603514674227,0.009954262178787287,0.0023051271069996645,1.0,1.0,718.0,none,0.0,37.79630140264113,15.685341857784818,32.0,32.0,553.0,46.487803584298085,0.06917263399399566,nonsingular_isothermal,1.0,0.01,2.0,0.3,1.0,0.0,strict_pass,1.0,none,none,,,1.0,1.0,1.0,1.0,1.0,1.0,0.0,0.0,0.0,0.0,0.0,3885.0,3885.0,1.0,inverse_phase_volume,geometric_mean,3885.0,3885.0,3885.0,0.0,420.0,0.0,0.0,3.7229727053184044e+43,2.1465374796149795e+53,5765654624.726556,8.140956566643222e-08,469.379438781641,0.0021304725289963285,12283568.789660454,5765654624.726504,0.0
22.925390446955927,21.10225625517448,0.0,1.937833527223413,52.4738069754789,-52.4738069754789,pass_no_bh,13.0,52.4738069754789,0.0006397250362297768,0.009923989629892445,0.0024150635563619494,1.0,1.0,715.0,none,0.0,37.716832873949166,14.756974101529757,32.0,32.0,537.0,46.167310669874325,0.06221620013687987,nonsingular_isothermal,1.0,0.01,2.0,0.3,1.0,0.0,strict_pass,1.0,none,none,,,0.9994851994851995,1.0,0.9994851994851995,0.9961389961389961,0.9978835978835979,0.9976190476190476,0.0038610038610038533,0.002116402116402072,0.0023809523809523725,0.0,0.0,3883.0,3885.0,1.0,inverse_phase_volume,geometric_mean,3883.0,3883.0,3883.0,0.0,420.0,0.0,0.0,1.7530071978349346e+40,1.168605489362066e+53,6666290308478.833,3.080052174870137e-10,2053.2521962945953,0.0004870322319901333,3246698248.0326414,6666290308478.835,0.0
1.1289990964868712,8.056481207813157,0.0,1.1779660282282325,130.0786471652139,-130.0786471652139,pass_no_bh,14.0,130.0786471652139,9.682353049811354e-05,0.009930760451170398,0.0022996847679876927,1.0,1.0,716.0,none,0.0,56.506836268854364,73.57181089635954,32.0,32.0,851.0,23.370047329342942,0.15027048903325035,nonsingular_isothermal,1.0,0.01,2.0,0.3,1.0,0.0,strict_pass,1.0,none,none,,,1.0,1.0,1.0,1.0,1.0,1.0,0.0,0.0,0.0,0.0,0.0,3885.0,3885.0,1.0,inverse_phase_volume,geometric_mean,3885.0,3885.0,3885.0,0.0,420.0,0.0,0.0,6.890974728030625e+36,6.755515527387728e+47,98034251960.1489,6.4233250089417985e-09,629.7058623485212,0.0015880430210232555,155682609.64654872,98034251960.14818,0.0
23.370055002804424,36.093755868850025,0.0,1.0471242974204493,53.20632204692373,-53.20632204692373,pass_no_bh,15.0,53.20632204692373,0.0006074406606302318,0.00995144576449012,0.0024773599697169905,1.0,1.0,714.0,none,0.0,37.78689110956363,15.41943093736011,32.0,32.0,669.0,50.9316946916714,0.05348530831956565,nonsingular_isothermal,1.0,0.01,2.0,0.3,1.0,0.0,strict_pass,1.0,none,none,,,0.9992277992277993,1.0,0.9992277992277993,0.9942084942084942,0.9968253968253968,0.9976190476190476,0.00579150579150578,0.0031746031746031633,0.0023809523809523725,0.0,0.0,3882.0,3885.0,1.0,inverse_phase_volume,geometric_mean,3882.0,3882.0,3882.0,0.0,420.0,0.0,0.0,1.865591825308872e+36,1.384926112000382e+53,7.423521550707322e+16,9.906272661593237e-14,7353.942859052072,0.00013598147540255714,10094614131478.68,7.423521550707378e+16,0.0
21.26937000936127,6.417371809647148,0.0,0.7507027442144742,51.729922966147534,-51.729922966147534,pass_no_bh,16.0,51.729922966147534,0.0007173103267987813,0.009976305366323473,0.0023448385125782083,1.0,1.0,714.0,none,0.0,37.21576135374316,14.514161612404337,32.0,32.0,483.0,50.25739369105449,0.05572654136112036,nonsingular_isothermal,1.0,0.01,2.0,0.3,1.0,0.0,strict_pass,1.0,none,none,,,1.0,1.0,1.0,1.0,1.0,1.0,0.0,0.0,0.0,0.0,0.0,3885.0,3885.0,1.0,inverse_phase_volume,geometric_mean,3885.0,3885.0,3885.0,0.0,420.0,0.0,0.0,6.154825372255658e+43,9.450525208661863e+52,1535466018.4612803,4.1455615812127957e-07,636.5368935390851,0.0015710008487333615,2412218.418203903,1535466018.461278,0.0
2.9147195247198887,1.328862831400071,0.0,1.2236246532121722,83.16840778283294,-83.16840778283294,pass_no_bh,17.0,83.16840778283294,0.0008287160803490679,0.009969408178012146,0.0023365399426458103,1.0,1.0,715.0,none,0.0,42.706647226793656,40.461760556039266,32.0,32.0,386.0,35.86044647997473,0.06256732717071709,nonsingular_isothermal,1.0,0.01,2.0,0.3,1.0,0.0,strict_pass,1.0,none,none,,,0.9974259974259975,1.0,0.9974259974259975,0.9806949806949807,0.9915343915343915,0.9952380952380953,0.019305019305019266,0.00846560846560851,0.004761904761904745,0.0,0.0,3875.0,3885.0,1.0,inverse_phase_volume,geometric_mean,3875.0,3875.0,3875.0,0.0,420.0,0.0,0.0,8.84778952804843e+40,2.982657907631892e+49,337107692.05986995,1.2098836611085684e-06,407.8610886572562,0.0024518151591566622,826525.7496607067,337107692.0598706,0.0
4.304665355387585,423.1544876892977,0.0,1.5055469139695543,83.19331000000108,-83.19331000000108,pass_no_bh,18.0,83.19331000000108,0.0013905487624583657,0.009999252309397463,0.006424203233172712,1.0,1.0,639.0,none,0.0,41.9265312068382,41.26677879316287,32.0,32.0,1696.0,25.852333935140724,0.09252452735544671,nonsingular_isothermal,1.0,0.01,2.0,0.3,1.0,0.0,strict_pass,1.0,none,none,,,1.0,1.0,1.0,1.0,1.0,1.0,0.0,0.0,0.0,0.0,0.0,3885.0,3885.0,1.0,inverse_phase_volume,geometric_mean,3885.0,3885.0,3885.0,0.0,420.0,0.0,0.0,6.698840026310487e+34,2.97704402987331e+49,444411871037465.75,1.89553105217738e-09,842396.5015077633,1.1870894504074388e-06,527556643.7444054,444411871037464.56,0.0
6.814201715940787,149.1005280097593,0.0,2.4346914481024213,66.56232952761488,-66.56232952761488,pass_no_bh,19.0,66.56232952761488,0.0013200380951872148,0.009911027808955707,0.004264756876359265,1.0,1.0,679.0,none,0.0,36.097287517551656,30.46504201006324,32.0,32.0,450.0,27.989756556551537,0.0994391203758811,nonsingular_isothermal,1.0,0.01,2.0,0.3,1.0,0.0,strict_pass,1.0,none,none,,,0.998970398970399,1.0,0.998970398970399,0.9922779922779923,0.9957671957671957,0.9976190476190476,0.007722007722007707,0.004232804232804255,0.0023809523809523725,0.0,0.0,3881.0,3885.0,1.0,inverse_phase_volume,geometric_mean,3881.0,3881.0,3881.0,0.0,420.0,0.0,0.0,3.226454908275084e+33,7.91273353266629e+50,2.4524543989045142e+17,1.0093349475828936e-12,247534.79321677418,4.039836125680594e-06,990751387727.8812,2.4524543989045315e+17,0.0
20.174179193069847,162.50748188726547,0.0,3.497697825672797,45.948287279075906,-45.948287279075906,pass_no_bh,20.0,45.948287279075906,0.0010917251524205085,0.009907181857530468,0.004606810889739517,1.0,1.0,675.0,none,0.0,30.23551539828872,15.71277188078718,32.0,32.0,340.0,44.27622956688609,0.05614916978804367,nonsingular_isothermal,1.0,0.01,2.0,0.3,1.0,0.0,strict_pass,1.0,none,none,,,0.9961389961389961,1.0,0.9961389961389961,0.971042471042471,0.9915343915343915,0.9952380952380953,0.02895752895752901,0.00846560846560851,0.004761904761904745,0.0,0.0,3870.0,3885.0,1.0,inverse_phase_volume,geometric_mean,3870.0,3870.0,3870.0,0.0,420.0,0.0,0.0,9.485478433052721e+33,6.190190682367415e+52,6.525965691722331e+18,1.5190624590009263e-13,991334.9491023312,1.0087407902904213e-06,6583007789276.097,6.525965691722269e+18,0.0
17.813696757911927,2.824236322520624,0.0,4.1028534496312075,52.286426093046465,-52.286426093046465,pass_no_bh,21.0,52.286426093046465,0.0007821040222921738,0.009959114372366584,0.002308000434290735,1.0,1.0,714.0,none,0.0,37.03100727222404,15.25541882082242,32.0,32.0,520.0,37.467762866600715,0.07782065076797232,nonsingular_isothermal,1.0,0.01,2.0,0.3,1.0,0.0,strict_pass,1.0,none,none,,,1.0,1.0,1.0,1.0,1.0,1.0,0.0,0.0,0.0,0.0,0.0,3885.0,3885.0,1.0,inverse_phase_volume,geometric_mean,3885.0,3885.0,3885.0,0.0,420.0,0.0,0.0,1.6725051438671123e+43,4.228170415929812e+52,2528046285.199203,1.7523674314339838e-07,443.00659753407973,0.002257302725436435,5706565.769609674,2528046285.199229,0.0
11.653636519057475,30.128289221520102,0.0,3.601574447474144,56.64403053119899,-56.64403053119899,pass_no_bh,22.0,56.64403053119899,0.0009098859115326263,0.009974408307352054,0.0025063805034960035,1.0,1.0,714.0,none,0.0,38.31612661697092,18.327903914228084,32.0,32.0,559.0,49.63535269498235,0.06144993946070147,nonsingular_isothermal,1.0,0.01,2.0,0.3,1.0,0.0,strict_pass,1.0,none,none,,,1.0,1.0,1.0,1.0,1.0,1.0,0.0,0.0,0.0,0.0,0.0,3885.0,3885.0,1.0,inverse_phase_volume,geometric_mean,3885.0,3885.0,3885.0,0.0,420.0,0.0,0.0,7.995986684054855e+37,8.59031833697962e+51,107432874470763.55,4.125097540526384e-11,4431.710862510289,0.00022564648981489782,24241851015.052475,107432874470764.14,0.0
21.17363269116025,2.208208302597843,0.0,2.8405177263793684,52.014869074856655,-52.014869074856655,pass_no_bh,24.0,52.014869074856655,0.0007202375227919333,0.009944447353591544,0.002323989899504791,1.0,1.0,715.0,none,0.0,37.47076818413825,14.544100890718417,32.0,32.0,563.0,50.6148534859234,0.0516038132840445,nonsingular_isothermal,1.0,0.01,2.0,0.3,1.0,0.0,strict_pass,1.0,none,none,,,0.9981981981981982,1.0,0.9981981981981982,0.9864864864864865,0.9925925925925926,0.9976190476190476,0.013513513513513487,0.007407407407407418,0.0023809523809523725,0.0,0.0,3878.0,3885.0,1.0,inverse_phase_volume,geometric_mean,3878.0,3878.0,3878.0,0.0,420.0,0.0,0.0,1.0420587767102172e+44,9.996539211100543e+52,959306656.6417346,5.308812997540612e-07,509.27796474069055,0.0019635642404225574,1883660.2465810438,959306656.6417413,0.0
0.0,21.10225625517448,782.9808857825471,1.937833527223413,186.91694203040683,-186.91694203040683,pass_no_halo,13.0,186.91694203040683,0.00011817359910537562,0.00991804097850074,0.0009087447260400927,1.0,1.0,923.0,none,0.0,61.27639167113828,125.64055035926853,32.0,32.0,361.0,37.59609957170942,0.05394244223144545,none,1.0,0.01,2.0,0.3,1.0,0.0,severe_coverage_warn,0.0,multiple,multiple,1;2;3;4;5;6;7;8,total orbit coverage 0.508 is below 0.85 | shell_band minimum coverage 0.214 is below 0.8 | shell_band coverage gap 0.489 exceeds 0.1 | Lfrac minimum coverage 0.271 is below 0.8 | Lfrac coverage gap 0.729 exceeds 0.1 | third_integral minimum coverage 0.29 is below 0.8 | third_integral coverage gap 0.658 exceeds 0.1 | 114 planned shell-band/Lfrac/third-integral cells have no successful orbit,0.5081081081081081,1.0,0.5081081081081081,0.21413721413721415,0.2708994708994709,0.2904761904761905,0.4885654885654886,0.729100529100529,0.6580952380952381,114.0,0.0,1974.0,3885.0,1.0,inverse_phase_volume,geometric_mean,1974.0,1974.0,1974.0,0.0,420.0,0.0,0.0,1.5120951727956288e+37,1.4853462995537463e+45,98231005.97613655,2.9832714292616823e-06,293.0497535962455,0.0034123898339043397,335202.4861671692,98231005.97613783,0.0
0.0,8.056481207813157,5913.391570681448,1.1779660282282325,236.68440766102827,-236.68440766102827,pass_no_halo,14.0,236.68440766102827,0.0003910525835237877,0.009947197560762202,0.0009114162102996247,1.0,1.0,941.0,none,0.0,67.3632184221451,169.32118923888322,32.0,32.0,189.0,33.685432876622414,0.05394279263372145,none,1.0,0.01,2.0,0.3,1.0,0.0,severe_coverage_warn,0.0,multiple,multiple,1;2;3;4;5;6;7;8,total orbit coverage 0.697 is below 0.85 | shell_band minimum coverage 0.565 is below 0.8 | shell_band coverage gap 0.324 exceeds 0.1 | Lfrac minimum coverage 0.381 is below 0.8 | Lfrac coverage gap 0.619 exceeds 0.1 | third_integral minimum coverage 0.462 is below 0.8 | third_integral coverage gap 0.538 exceeds 0.1 | 61 planned shell-band/Lfrac/third-integral cells have no successful orbit,0.697039897039897,1.0,0.697039897039897,0.5654885654885655,0.38095238095238093,0.46190476190476193,0.32447282447282444,0.6190476190476191,0.5380952380952381,61.0,0.0,2708.0,3885.0,1.0,inverse_phase_volume,geometric_mean,2708.0,2708.0,2708.0,0.0,420.0,0.0,0.0,1.696539556040036e+40,9.6093992250223e+46,5664117.403458603,0.00018448393552449545,1044.9386698628432,0.0009569939641828532,5420.526167533008,5664117.403458677,0.0
0.0,36.093755868850025,1086733.3657137367,1.0471242974204493,90.67243568183923,-1000000.0,solver_failed_no_halo,15.0,90.67243568183923,2.473229315522431,87.14410087281003,7.984615333344083,0.0,0.0,42.0,active_set_max_passes,2.0,66.85909051087151,23.813345170967725,32.0,32.0,2705.0,59.80556959747802,0.07270356789664559,none,1.0,0.01,2.0,0.3,1.0,0.0,severe_coverage_warn,0.0,multiple,multiple,1;2;3;4;5;6;7;8,Lfrac minimum coverage 0.666 is below 0.8 | Lfrac coverage gap 0.334 exceeds 0.1 | third_integral minimum coverage 0.75 is below 0.8 | third_integral coverage gap 0.25 exceeds 0.1 | 24 planned shell-band/Lfrac/third-integral cells have no successful orbit,0.9186615186615187,1.0,0.9186615186615187,0.9168399168399168,0.6656084656084656,0.75,0.0020790020790021346,0.33439153439153435,0.25,24.0,0.0,3569.0,3885.0,1.0,inverse_phase_volume,geometric_mean,3569.0,3569.0,3569.0,0.0,420.0,0.0,0.0,1.1084256906723144e+44,3.271196072961724e+51,29512091.793700516,0.00014803626798444252,4368.8599295537515,0.00022889266676538725,6755.101392485066,29512091.79370075,0.0
0.0,6.417371809647148,2817425.4971092627,0.7507027442144742,24.64209717279829,-1000000.0,solver_failed_no_halo,16.0,24.64209717279829,0.2519037652221421,24.323394606438896,2.2286413835058276,0.0,0.0,169.0,active_set_max_passes,2.0,7.450749021730037,17.191348151068254,32.0,32.0,907.0,41.117873197193305,0.05747263248538499,none,1.0,0.01,2.0,0.3,1.0,0.0,severe_coverage_warn,0.0,multiple,multiple,1;2;3;4;5;6;7;8,Lfrac minimum coverage 0.665 is below 0.8 | Lfrac coverage gap 0.335 exceeds 0.1 | third_integral minimum coverage 0.75 is below 0.8 | third_integral coverage gap 0.25 exceeds 0.1 | 24 planned shell-band/Lfrac/third-integral cells have no successful orbit,0.9184041184041184,1.0,0.9184041184041184,0.9168399168399168,0.6645502645502646,0.75,0.0020790020790021346,0.33544973544973544,0.25,24.0,0.0,3568.0,3885.0,1.0,inverse_phase_volume,geometric_mean,3568.0,3568.0,3568.0,0.0,420.0,0.0,0.0,6.769769952269826e+44,2.193551280055358e+52,32402153.921343897,0.00013759654253980814,4458.424350419589,0.00022429448643799204,7267.624473272571,32402153.92134377,0.0
0.0,1.328862831400071,1254.8177359754145,1.2236246532121722,199.20503481728502,-199.20503481728502,pass_no_halo,17.0,199.20503481728502,9.424679444691719e-05,0.009989071060422443,0.0009152528875284819,1.0,1.0,936.0,none,0.0,63.546544755569734,135.6584900617153,32.0,32.0,325.0,35.01902901922857,0.05394274159964304,none,1.0,0.01,2.0,0.3,1.0,0.0,severe_coverage_warn,0.0,multiple,multiple,1;2;3;4;5;6;7;8,total orbit coverage 0.553 is below 0.85 | shell_band minimum coverage 0.349 is below 0.8 | shell_band coverage gap 0.475 exceeds 0.1 | Lfrac minimum coverage 0.317 is below 0.8 | Lfrac coverage gap 0.683 exceeds 0.1 | third_integral minimum coverage 0.307 is below 0.8 | third_integral coverage gap 0.693 exceeds 0.1 | 104 planned shell-band/Lfrac/third-integral cells have no successful orbit,0.5531531531531532,1.0,0.5531531531531532,0.3492723492723493,0.31746031746031744,0.30714285714285716,0.47505197505197505,0.6825396825396826,0.6928571428571428,104.0,0.0,2149.0,3885.0,1.0,inverse_phase_volume,geometric_mean,2149.0,2149.0,2149.0,0.0,420.0,0.0,0.0,7.723082507462887e+38,4.362416713737085e+45,5648543.453370647,0.00011863262619122334,670.1015440286066,0.0014923111413653303,8429.384327951275,5648543.453370688,0.0
0.0,423.1544876892977,3373.00785637053,1.5055469139695543,1774.8364006273246,-1000000.0,solver_failed_no_halo,18.0,1774.8364006273246,33.77691858783169,94.50868619767867,8.65939859830074,0.0,0.0,30.0,active_set_max_passes,2.0,1468.0675813760752,306.7688192512497,32.0,32.0,3936.0,105.76929338422832,0.04745634904084739,none,1.0,0.01,2.0,0.3,1.0,0.0,severe_coverage_warn,0.0,multiple,multiple,1;2;3;4;5;6;7;8,total orbit coverage 0.598 is below 0.85 | shell_band minimum coverage 0.474 is below 0.8 | shell_band coverage gap 0.393 exceeds 0.1 | Lfrac minimum coverage 0.341 is below 0.8 | Lfrac coverage gap 0.659 exceeds 0.1 | third_integral minimum coverage 0.324 is below 0.8 | third_integral coverage gap 0.676 exceeds 0.1 | 86 planned shell-band/Lfrac/third-integral cells have no successful orbit,0.5976833976833977,1.0,0.5976833976833977,0.47401247401247404,0.34074074074074073,0.3238095238095238,0.3927828927828928,0.6592592592592592,0.6761904761904762,86.0,0.0,2322.0,3885.0,1.0,inverse_phase_volume,geometric_mean,2322.0,2322.0,2322.0,0.0,420.0,0.0,0.0,5.539117529420938e+39,3.150489252768773e+46,5687709.704722814,0.00014845511297870669,844.3695868047051,0.0011843155125757635,6736.04283433089,5687709.704722769,0.0
0.0,149.1005280097593,11847.445866572507,2.4346914481024213,1423.4307242425161,-1000000.0,solver_failed_no_halo,19.0,1423.4307242425161,25.8329983252886,96.91863517082588,8.880211198704444,0.0,0.0,29.0,active_set_max_passes,2.0,1097.3351642196055,326.09556002291083,32.0,32.0,4149.0,130.4088475995343,0.03096487088269331,none,1.0,0.01,2.0,0.3,1.0,0.0,severe_coverage_warn,0.0,multiple,multiple,1;2;3;4;5;6;7;8,total orbit coverage 0.691 is below 0.85 | shell_band minimum coverage 0.555 is below 0.8 | shell_band coverage gap 0.339 exceeds 0.1 | Lfrac minimum coverage 0.375 is below 0.8 | Lfrac coverage gap 0.625 exceeds 0.1 | third_integral minimum coverage 0.457 is below 0.8 | third_integral coverage gap 0.543 exceeds 0.1 | 63 planned shell-band/Lfrac/third-integral cells have no successful orbit,0.6908622908622909,1.0,0.6908622908622909,0.5550935550935551,0.3746031746031746,0.45714285714285713,0.33872883872883874,0.6253968253968254,0.5428571428571429,63.0,0.0,2684.0,3885.0,1.0,inverse_phase_volume,geometric_mean,2684.0,2684.0,2684.0,0.0,420.0,0.0,0.0,6.810498064430934e+40,3.884782818213691e+47,5704109.716296193,0.00018399714540367682,1049.5399048678826,0.0009527984551724894,5434.866925821431,5704109.716296227,0.0
0.0,162.50748188726547,2543.7713675933187,3.497697825672797,191.7689285659226,-191.7689285659226,pass_no_halo,20.0,191.7689285659226,7.950530573452852e-06,0.009964629252366719,0.0009130133964622853,1.0,1.0,931.0,none,0.0,61.77234271552596,129.99658585039663,32.0,32.0,312.0,32.47187664035105,0.05394138985854608,none,1.0,0.01,2.0,0.3,1.0,0.0,severe_coverage_warn,0.0,multiple,multiple,1;2;3;4;5;6;7;8,total orbit coverage 0.539 is below 0.85 | shell_band minimum coverage 0.291 is below 0.8 | shell_band coverage gap 0.497 exceeds 0.1 | Lfrac minimum coverage 0.301 is below 0.8 | Lfrac coverage gap 0.699 exceeds 0.1 | third_integral minimum coverage 0.3 is below 0.8 | third_integral coverage gap 0.698 exceeds 0.1 | 112 planned shell-band/Lfrac/third-integral cells have no successful orbit,0.5392535392535392,1.0,0.5392535392535392,0.2910602910602911,0.30052910052910053,0.3,0.49658449658449655,0.6994708994708995,0.6980952380952381,112.0,0.0,2095.0,3885.0,1.0,inverse_phase_volume,geometric_mean,2095.0,2095.0,2095.0,0.0,420.0,0.0,0.0,1.1254622301200858e+39,1.7944570920010777e+46,15944178.702555045,3.221700631648086e-05,513.6737059713186,0.0019467611216522653,31039.507214810405,15944178.70255514,0.0
0.0,2.824236322520624,1010149.8431885304,4.1028534496312075,145.68927880851146,-1000000.0,solver_failed_no_halo,21.0,145.68927880851146,3.5998575852315184,101.2648613828764,9.278436025254331,0.0,0.0,27.0,active_set_max_passes,2.0,111.07567740280822,34.61360140570323,32.0,32.0,4653.0,160.72510908074514,0.03556478011923052,none,1.0,0.01,2.0,0.3,1.0,0.0,severe_coverage_warn,0.0,multiple,multiple,1;2;3;4;5;6;7;8,Lfrac minimum coverage 0.661 is below 0.8 | Lfrac coverage gap 0.339 exceeds 0.1 | third_integral minimum coverage 0.75 is below 0.8 | third_integral coverage gap 0.25 exceeds 0.1 | 24 planned shell-band/Lfrac/third-integral cells have no successful orbit,0.9176319176319176,1.0,0.9176319176319176,0.9147609147609148,0.6613756613756614,0.75,0.004158004158004158,0.3386243386243386,0.25,24.0,0.0,3565.0,3885.0,1.0,inverse_phase_volume,geometric_mean,3565.0,3565.0,3565.0,0.0,420.0,0.0,0.0,1.3402082042395942e+44,2.814798513373633e+51,21002695.733911656,0.00019359481325227596,4066.0129584009774,0.00024594117387989476,5165.427643440461,21002695.733911537,0.0
0.0,30.128289221520102,58713.59182324763,3.601574447474144,779.1254805481036,-1000000.0,solver_failed_no_halo,22.0,779.1254805481036,17.249790017722034,98.64410576266724,9.038308176088595,0.0,0.0,28.0,active_set_max_passes,2.0,516.942343634259,262.1831369138447,32.0,32.0,5279.0,169.37191777298136,0.022925905584220994,none,1.0,0.01,2.0,0.3,1.0,0.0,severe_coverage_warn,0.0,multiple,multiple,1;2;3;4;5;6;7;8,total orbit coverage 0.844 is below 0.85 | shell_band minimum coverage 0.757 is below 0.8 | shell_band coverage gap 0.146 exceeds 0.1 | Lfrac minimum coverage 0.488 is below 0.8 | Lfrac coverage gap 0.512 exceeds 0.1 | third_integral minimum coverage 0.652 is below 0.8 | third_integral coverage gap 0.348 exceeds 0.1 | 27 planned shell-band/Lfrac/third-integral cells have no successful orbit,0.8435006435006435,1.0,0.8435006435006435,0.7567567567567568,0.48783068783068784,0.6523809523809524,0.14553014553014554,0.5121693121693122,0.3476190476190476,27.0,0.0,3277.0,3885.0,1.0,inverse_phase_volume,geometric_mean,3277.0,3277.0,3277.0,0.0,420.0,0.0,0.0,7.63837149673187e+40,9.530732438869607e+48,124774403.06415309,1.6062365654101903e-05,2004.1720862887187,0.0004989591496864812,62257.33005552806,124774403.06415302,0.0
0.0,15.191521151300504,32490.93164151565,4.058107735586841,996.6822942822728,-1000000.0,solver_failed_no_halo,23.0,996.6822942822728,19.836674441140758,96.78869306634537,8.868305198074564,0.0,0.0,29.0,active_set_max_passes,2.0,691.3975322159046,305.2847620663684,32.0,32.0,4780.0,123.96164747116559,0.03247201626454164,none,1.0,0.01,2.0,0.3,1.0,0.0,severe_coverage_warn,0.0,multiple,multiple,1;2;3;4;5;6;7;8,total orbit coverage 0.762 is below 0.85 | shell_band minimum coverage 0.64 is below 0.8 | shell_band coverage gap 0.257 exceeds 0.1 | Lfrac minimum coverage 0.436 is below 0.8 | Lfrac coverage gap 0.564 exceeds 0.1 | third_integral minimum coverage 0.567 is below 0.8 | third_integral coverage gap 0.433 exceeds 0.1 | 42 planned shell-band/Lfrac/third-integral cells have no successful orbit,0.7619047619047619,1.0,0.7619047619047619,0.6403326403326404,0.43597883597883597,0.5666666666666667,0.2573507573507573,0.5640211640211641,0.43333333333333335,42.0,0.0,2960.0,3885.0,1.0,inverse_phase_volume,geometric_mean,2960.0,2960.0,2960.0,0.0,420.0,0.0,0.0,5.1163288139765875e+41,2.9248416011664494e+48,5716680.275076303,0.00024006838624786363,1372.3942083325514,0.0007286536141936889,4165.47974362409,5716680.275076262,0.0
0.0,2.208208302597843,1653055.5909524611,2.8405177263793684,70.14171264487369,-1000000.0,solver_failed_no_halo,24.0,70.14171264487369,1.957425496760706,86.42473005677272,7.918702676141098,0.0,0.0,42.0,active_set_max_passes,2.0,55.154371884574765,14.987340760298917,32.0,32.0,2242.0,56.15039672783378,0.08007092004844471,none,1.0,0.01,2.0,0.3,1.0,0.0,severe_coverage_warn,0.0,multiple,multiple,1;2;3;4;5;6;7;8,Lfrac minimum coverage 0.658 is below 0.8 | Lfrac coverage gap 0.342 exceeds 0.1 | third_integral minimum coverage 0.75 is below 0.8 | third_integral coverage gap 0.25 exceeds 0.1 | 24 planned shell-band/Lfrac/third-integral cells have no successful orbit,0.9168597168597169,1.0,0.9168597168597169,0.915057915057915,0.6582010582010582,0.75,0.0038610038610039643,0.34179894179894177,0.25,24.0,0.0,3562.0,3885.0,1.0,inverse_phase_volume,geometric_mean,3562.0,3562.0,3562.0,0.0,420.0,0.0,0.0,7.588176004663323e+43,7.561859879938665e+51,99653195.64664176,4.305038588023506e-05,4290.108526786491,0.0002330943363684673,23228.595506251007,99653195.6466418,0.0
25.0,21.10225625517448,0.0,1.937833527223413,53.28748988043183,-53.28748988043183,pass_no_bh_halo_up,13.0,53.28748988043183,0.0006245420476176378,0.009924485356352685,0.002415046337306064,1.0,1.0,715.0,none,0.0,38.19794755981326,15.089542320618584,32.0,32.0,465.0,46.876565471226236,0.056342039684279116,nonsingular_isothermal,1.0,0.01,2.0,0.3,1.0,0.0,strict_pass,1.0,none,none,,,0.9994851994851995,1.0,0.9994851994851995,0.9961389961389961,0.9978835978835979,0.9976190476190476,0.0038610038610038533,0.002116402116402072,0.0023809523809523725,0.0,0.0,3883.0,3885.0,1.0,inverse_phase_volume,geometric_mean,3883.0,3883.0,3883.0,0.0,420.0,0.0,0.0,2.464451995983728e+40,1.6525383542102998e+53,6705500277154.56,3.0662318428518303e-10,2056.061847206307,0.00048636669240215667,3261331990.701406,6705500277154.556,0.0
11.462695223477963,21.10225625517448,0.0,1.937833527223413,55.93629015844427,-55.93629015844427,pass_no_bh_halo_down,13.0,55.93629015844427,0.0009877068513191034,0.00993505607694544,0.0024150784565950874,1.0,1.0,715.0,none,0.0,38.150706565251994,17.785583593192275,32.0,32.0,518.0,43.14705914628308,0.06654810007530759,nonsingular_isothermal,1.0,0.01,2.0,0.3,1.0,0.0,strict_pass,1.0,none,none,,,0.9994851994851995,1.0,0.9994851994851995,0.9961389961389961,0.9978835978835979,0.9976190476190476,0.0038610038610038533,0.002116402116402072,0.0023809523809523725,0.0,0.0,3883.0,3885.0,1.0,inverse_phase_volume,geometric_mean,3883.0,3883.0,3883.0,0.0,420.0,0.0,0.0,4.300334523159967e+38,7.307206442275592e+51,16992181428960.365,1.2061249914327604e-10,2049.46946804288,0.0004879311527167759,8291014671.805251,16992181428960.422,0.0
22.925390446955927,42.20451251034896,0.0,1.937833527223413,52.48056739937766,-52.48056739937766,pass_no_bh_halo_scale_up,13.0,52.48056739937766,0.0005985815615758838,0.009976876146557156,0.002534453087876709,1.0,1.0,715.0,none,0.0,37.37027341983357,15.110293979544087,32.0,32.0,650.0,48.68369034318143,0.06185173829480853,nonsingular_isothermal,1.0,0.01,2.0,0.3,1.0,0.0,strict_pass,1.0,none,none,,,0.9994851994851995,1.0,0.9994851994851995,0.9961389961389961,0.9978835978835979,0.9976190476190476,0.0038610038610038533,0.002116402116402072,0.0023809523809523725,0.0,0.0,3883.0,3885.0,1.0,inverse_phase_volume,geometric_mean,3883.0,3883.0,3883.0,0.0,420.0,0.0,0.0,1.2100141444799078e+36,1.4033891899046696e+53,1.1598122189785466e+17,1.0816544477675414e-13,12545.160452332964,7.971201355292628e-05,9245096731806.812,1.1598122189785557e+17,0.0
22.925390446955927,10.55112812758724,0.0,1.937833527223413,52.352819656367714,-1000000.0,solver_failed_no_bh_halo_scale_down,13.0,52.352819656367714,0.0010155476659150509,0.014995477695461872,0.0036105420821537764,0.0,0.0,675.0,active_set_max_passes,2.0,37.32104027555053,15.031779380817195,32.0,32.0,503.0,45.80046219412829,0.06461278871181021,nonsingular_isothermal,1.0,0.01,2.0,0.3,1.0,0.0,strict_pass,1.0,none,none,,,0.9997425997425997,1.0,0.9997425997425997,0.9980694980694981,0.9989417989417989,0.9976190476190476,0.0019305019305019266,0.0010582010582010914,0.0023809523809523725,0.0,0.0,3884.0,3885.0,1.0,inverse_phase_volume,geometric_mean,3884.0,3884.0,3884.0,0.0,420.0,0.0,0.0,3.1711936566135044e+41,1.3814166220645447e+53,435614084678.6853,2.263028696502575e-09,985.8071742285675,0.0010143971621859407,441885691.30628437,435614084678.68524,0.0
22.925390446955927,21.10225625517448,0.0,3.875667054446826,52.473556885003376,-52.473556885003376,pass_no_bh_ml_up,13.0,52.473556885003376,0.0006399078892656007,0.0099235203181221,0.002415322061404638,1.0,1.0,715.0,none,0.0,37.71708930286649,14.756467582136878,32.0,32.0,539.0,46.19550332722606,0.06216081591081507,nonsingular_isothermal,1.0,0.01,2.0,0.3,1.0,0.0,strict_pass,1.0,none,none,,,1.0,1.0,1.0,1.0,1.0,1.0,0.0,0.0,0.0,0.0,0.0,3885.0,3885.0,1.0,inverse_phase_volume,geometric_mean,3885.0,3885.0,3885.0,0.0,420.0,0.0,0.0,1.8183567729510466e+40,1.1687863218702917e+53,6427706263460.309,3.1984188470825937e-10,2055.8496856562456,0.0004864168849391297,3126544857.976122,6427706263460.361,0.0
22.925390446955927,21.10225625517448,0.0,0.9689167636117065,52.47370555567843,-52.47370555567843,pass_no_bh_ml_down,13.0,52.47370555567843,0.0006400049647226069,0.009924897775284141,0.002415556197019722,1.0,1.0,715.0,none,0.0,37.71645674808675,14.757248807591678,32.0,32.0,536.0,46.24094314742472,0.06221833870046372,nonsingular_isothermal,1.0,0.01,2.0,0.3,1.0,0.0,strict_pass,1.0,none,none,,,0.9981981981981982,1.0,0.9981981981981982,0.9864864864864865,0.9925925925925926,0.9976190476190476,0.013513513513513487,0.007407407407407418,0.0023809523809523725,0.0,0.0,3878.0,3885.0,1.0,inverse_phase_volume,geometric_mean,3878.0,3878.0,3878.0,0.0,420.0,0.0,0.0,1.7207696144219843e+40,1.168525776101894e+53,6790716004677.988,3.0149593572954857e-10,2047.373276104018,0.0004884307183607072,3316794296.3484316,6790716004678.01,0.0
2.2579981929737425,8.056481207813157,0.0,1.1779660282282325,91.7871146036895,-91.7871146036895,pass_no_bh_halo_up,14.0,91.7871146036895,0.0006576081033244918,0.009995587891122776,0.0023146969794833943,1.0,1.0,715.0,none,0.0,47.45227111436065,44.33484348932886,32.0,32.0,329.0,37.39283733757076,0.052646696786181266,nonsingular_isothermal,1.0,0.01,2.0,0.3,1.0,0.0,strict_pass,1.0,none,none,,,0.9979407979407979,1.0,0.9979407979407979,0.9845559845559846,0.9915343915343915,0.9976190476190476,0.015444015444015413,0.00846560846560851,0.0023809523809523725,0.0,0.0,3877.0,3885.0,1.0,inverse_phase_volume,geometric_mean,3877.0,3877.0,3877.0,0.0,420.0,0.0,0.0,1.585309462140105e+39,1.1318486267249521e+49,7139606832.327873,9.290845525117961e-08,663.3298418923586,0.001507545623376725,10763283.03270658,7139606832.32796,0.0
0.5644995482434356,8.056481207813157,0.0,1.1779660282282325,134.92532768113827,-134.92532768113827,pass_no_bh_halo_down,14.0,134.92532768113827,0.00011177856333688396,0.009981378448309526,0.002311406472239775,1.0,1.0,716.0,none,0.0,57.46116993866871,77.46415774246957,32.0,32.0,2992.0,31.35601017812599,0.07453474152357943,nonsingular_isothermal,1.0,0.01,2.0,0.3,1.0,0.0,strict_pass,1.0,none,none,,,0.9966537966537966,1.0,0.9966537966537966,0.9854469854469855,0.9862433862433863,0.9833333333333333,0.014553014553014498,0.013756613756613745,0.01666666666666672,0.0,0.0,3872.0,3885.0,1.0,inverse_phase_volume,geometric_mean,3872.0,3872.0,3872.0,0.0,420.0,0.0,0.0,5.313037280954405e+35,5.025668830550893e+46,94591258536.17406,7.4416038069412315e-09,703.9106696261507,0.0014206348094298717,134379634.54426852,94591258536.17346,0.0
1.1289990964868712,16.112962415626313,0.0,1.1779660282282325,129.97136353208722,-129.97136353208722,pass_no_bh_halo_scale_up,14.0,129.97136353208722,0.0001327309408623023,0.009998247804612717,0.0023458019016856474,1.0,1.0,716.0,none,0.0,56.68595177939054,73.28541175269667,32.0,32.0,528.0,24.533682048279797,0.14280238827698905,nonsingular_isothermal,1.0,0.01,2.0,0.3,1.0,0.0,strict_pass,1.0,none,none,,,1.0,1.0,1.0,1.0,1.0,1.0,0.0,0.0,0.0,0.0,0.0,3885.0,3885.0,1.0,inverse_phase_volume,geometric_mean,3885.0,3885.0,3885.0,0.0,420.0,0.0,0.0,1.1264378443476843e+35,8.00013139474399e+47,7102150762145.988,2.01611953482448e-10,1431.8784890831148,0.00069838328295604,4960023365.316275,7102150762146.014,0.0
1.1289990964868712,4.028240603906578,0.0,1.1779660282282325,130.22202825664553,-130.22202825664553,pass_no_bh_halo_scale_down,14.0,130.22202825664553,0.00014796780166648205,0.0099438525652733,0.002335587533113336,1.0,1.0,715.0,none,0.0,56.524132978368804,73.69789527827672,32.0,32.0,874.0,23.31138449915284,0.15013892779262306,nonsingular_isothermal,1.0,0.01,2.0,0.3,1.0,0.0,strict_pass,1.0,none,none,,,0.9997425997425997,1.0,0.9997425997425997,0.9980694980694981,0.9989417989417989,0.9976190476190476,0.0019305019305019266,0.0010582010582010914,0.0023809523809523725,0.0,0.0,3884.0,3885.0,1.0,inverse_phase_volume,geometric_mean,3884.0,3884.0,3884.0,0.0,420.0,0.0,0.0,1.160175276869188e+38,6.599196322869984e+47,5688102870.695852,8.2319613484249e-08,468.2424297743291,0.002135645845853724,12147773.266590223,5688102870.695845,0.0
1.1289990964868712,8.056481207813157,0.0,2.355932056456465,129.61064223778806,-129.61064223778806,pass_no_bh_ml_up,14.0,129.61064223778806,0.00014623997793705712,0.009981139525960253,0.0023113511445445743,1.0,1.0,716.0,none,0.0,56.50251654941108,73.10812568837697,32.0,32.0,746.0,22.90127098112527,0.15303888573143193,nonsingular_isothermal,1.0,0.01,2.0,0.3,1.0,0.0,strict_pass,1.0,none,none,,,0.9997425997425997,1.0,0.9997425997425997,0.9980694980694981,0.9989417989417989,0.9976190476190476,0.0019305019305019266,0.0010582010582010914,0.0023809523809523725,0.0,0.0,3884.0,3885.0,1.0,inverse_phase_volume,geometric_mean,3884.0,3884.0,3884.0,0.0,420.0,0.0,0.0,6.397479075363365e+36,7.732372526713018e+47,120865929151.5359,5.921589507371642e-09,715.7184178624584,0.0013971975221576214,168873576.72380438,120865929151.53577,0.0
1.1289990964868712,8.056481207813157,0.0,0.5889830141141162,129.93756815614557,-129.93756815614557,pass_no_bh_ml_down,14.0,129.93756815614557,0.00010683338140893284,0.009917864415536631,0.0022966984089006696,1.0,1.0,716.0,none,0.0,56.44091707655428,73.49665107959129,32.0,32.0,934.0,23.816133978947793,0.14761095262025706,nonsingular_isothermal,1.0,0.01,2.0,0.3,1.0,0.0,strict_pass,1.0,none,none,,,0.9997425997425997,1.0,0.9997425997425997,0.9980694980694981,0.9989417989417989,0.9976190476190476,0.0019305019305019266,0.0010582010582010914,0.0023809523809523725,0.0,0.0,3884.0,3885.0,1.0,inverse_phase_volume,geometric_mean,3884.0,3884.0,3884.0,0.0,420.0,0.0,0.0,9.531163702722905e+37,6.792804355259885e+47,7126941228.928097,8.987680386721857e-08,640.5466990055673,0.0015611664247938127,11126341.358081352,7126941228.928131,0.0
25.0,36.093755868850025,0.0,1.0471242974204493,53.51152814122629,-53.51152814122629,pass_no_bh_halo_up,15.0,53.51152814122629,0.0006019894375555168,0.009950896576423278,0.002477294561285635,1.0,1.0,714.0,none,0.0,37.93449283191325,15.57703530931303,32.0,32.0,624.0,48.63554545694549,0.06399135312506608,nonsingular_isothermal,1.0,0.01,2.0,0.3,1.0,0.0,strict_pass,1.0,none,none,,,1.0,1.0,1.0,1.0,1.0,1.0,0.0,0.0,0.0,0.0,0.0,3885.0,3885.0,1.0,inverse_phase_volume,geometric_mean,3885.0,3885.0,3885.0,0.0,420.0,0.0,0.0,2.6249042352571573e+36,1.8136200234619464e+53,6.9092807238518904e+16,1.0751557868646443e-13,7428.553153321651,0.0001346157157875156,9300977702182.0,6.9092807238518456e+16,0.0
11.685027501402212,36.093755868850025,0.0,1.0471242974204493,56.8184961731075,-56.8184961731075,pass_no_bh_halo_down,15.0,56.8184961731075,0.0009679920307448242,0.00994560315779165,0.0024762941287491836,1.0,1.0,714.0,none,0.0,37.312344031186065,19.50615214192142,32.0,32.0,590.0,48.183524807447384,0.0555011816575721,nonsingular_isothermal,1.0,0.01,2.0,0.3,1.0,0.0,strict_pass,1.0,none,none,,,1.0,1.0,1.0,1.0,1.0,1.0,0.0,0.0,0.0,0.0,0.0,3885.0,3885.0,1.0,inverse_phase_volume,geometric_mean,3885.0,3885.0,3885.0,0.0,420.0,0.0,0.0,6.3256298038693996e+35,8.656449943797001e+51,1.3684724228569042e+16,5.217747538446273e-13,7140.343615793172,0.00014004928247264987,1916535809047.1687,1.3684724228568952e+16,0.0
23.370055002804424,72.18751173770005,0.0,1.0471242974204493,51.26019224546342,-51.26019224546342,pass_no_bh_halo_scale_up,15.0,51.26019224546342,0.0006284180695601549,0.009905368617877938,0.0027958621722745285,1.0,1.0,708.0,none,0.0,35.816501435900626,15.443690809562794,32.0,32.0,570.0,42.73945612126773,0.0652769518256572,nonsingular_isothermal,1.0,0.01,2.0,0.3,1.0,0.0,strict_pass,1.0,none,none,,,0.9992277992277993,1.0,0.9992277992277993,0.9942084942084942,0.9968253968253968,0.9976190476190476,0.00579150579150578,0.0031746031746031633,0.0023809523809523725,0.0,0.0,3882.0,3885.0,1.0,inverse_phase_volume,geometric_mean,3882.0,3882.0,3882.0,0.0,420.0,0.0,0.0,2.6981919441302903e+35,1.5287669886002247e+53,5.665894125604889e+17,1.4842206817806852e-13,84094.37242002496,1.1891402138127797e-05,6737542551962.393,5.6658941256049075e+17,0.0
23.370055002804424,18.046877934425012,0.0,1.0471242974204493,52.31575982963165,-52.31575982963165,pass_no_bh_halo_scale_down,15.0,52.31575982963165,0.0006744599277155316,0.009955515857286434,0.0023959444323978143,1.0,1.0,714.0,none,0.0,37.8504172485143,14.465342581117373,32.0,32.0,524.0,45.14507034215821,0.056924494414747714,nonsingular_isothermal,1.0,0.01,2.0,0.3,1.0,0.0,strict_pass,1.0,none,none,,,1.0,1.0,1.0,1.0,1.0,1.0,0.0,0.0,0.0,0.0,0.0,3885.0,3885.0,1.0,inverse_phase_volume,geometric_mean,3885.0,3885.0,3885.0,0.0,420.0,0.0,0.0,2.0764873858648823e+41,1.6941463206567732e+53,815871231479.2804,2.5859803763932202e-09,2109.8269942691813,0.00047397251182976165,386700536.9138739,815871231479.2772,0.0
23.370055002804424,36.093755868850025,0.0,2.0942485948408986,53.20531926468956,-53.20531926468956,pass_no_bh_ml_up,15.0,53.20531926468956,0.000607602288830833,0.009951195823123515,0.0024773224029347317,1.0,1.0,714.0,none,0.0,37.78534745704238,15.419971807647157,32.0,32.0,669.0,50.93457477566793,0.05348244443807111,nonsingular_isothermal,1.0,0.01,2.0,0.3,1.0,0.0,strict_pass,1.0,none,none,,,0.998970398970399,1.0,0.998970398970399,0.9922779922779923,0.9957671957671957,0.9976190476190476,0.007722007722007707,0.004232804232804255,0.0023809523809523725,0.0,0.0,3881.0,3885.0,1.0,inverse_phase_volume,geometric_mean,3881.0,3881.0,3881.0,0.0,420.0,0.0,0.0,1.752884910882683e+36,1.3849614252029242e+53,7.901040259999232e+16,9.270495840860983e-14,7324.656086879867,0.00013652518126977027,10786909537161.568,7.901040259999298e+16,0.0
23.370055002804424,36.093755868850025,0.0,0.5235621487102247,53.20718411890452,-53.20718411890452,pass_no_bh_ml_down,15.0,53.20718411890452,0.0006072448348035664,0.009949077362222237,0.002477321974214028,1.0,1.0,714.0,none,0.0,37.789096546290104,15.41808757261441,32.0,32.0,669.0,50.942849786115055,0.05349977383408401,nonsingular_isothermal,1.0,0.01,2.0,0.3,1.0,0.0,strict_pass,1.0,none,none,,,1.0,1.0,1.0,1.0,1.0,1.0,0.0,0.0,0.0,0.0,0.0,3885.0,3885.0,1.0,inverse_phase_volume,geometric_mean,3885.0,3885.0,3885.0,0.0,420.0,0.0,0.0,2.235221410025973e+36,1.3849084378670702e+53,6.195844544326272e+16,1.1986241199302357e-13,7426.488714167632,0.00013465313669598446,8342899023742.353,6.195844544326274e+16,0.0
25.0,6.417371809647148,0.0,0.7507027442144742,53.21795093446322,-53.21795093446322,pass_no_bh_halo_up,16.0,53.21795093446322,0.0006888203538721882,0.009976028318345279,0.0023446995892699384,1.0,1.0,714.0,none,0.0,38.35486858360162,14.86308235086157,32.0,32.0,427.0,49.56628927144375,0.04897464707757582,nonsingular_isothermal,1.0,0.01,2.0,0.3,1.0,0.0,strict_pass,1.0,none,none,,,1.0,1.0,1.0,1.0,1.0,1.0,0.0,0.0,0.0,0.0,0.0,3885.0,3885.0,1.0,inverse_phase_volume,geometric_mean,3885.0,3885.0,3885.0,0.0,420.0,0.0,0.0,1.1747284003879204e+44,1.8023151275998953e+53,1534239852.3818207,4.1488632987655305e-07,636.5351415050344,0.001571005172841806,2410298.744471875,1534239852.3818116,0.0
10.634685004680636,6.417371809647148,0.0,0.7507027442144742,54.96104339453543,-54.96104339453543,pass_no_bh_halo_down,16.0,54.96104339453543,0.0010668649551135445,0.009957073976037253,0.0023453140044819363,1.0,1.0,714.0,none,0.0,36.33783221446288,18.623211180072552,32.0,32.0,539.0,37.22932329349449,0.0898044001079464,nonsingular_isothermal,1.0,0.01,2.0,0.3,1.0,0.0,strict_pass,1.0,none,none,,,1.0,1.0,1.0,1.0,1.0,1.0,0.0,0.0,0.0,0.0,0.0,3885.0,3885.0,1.0,inverse_phase_volume,geometric_mean,3885.0,3885.0,3885.0,0.0,420.0,0.0,0.0,3.8486706701866564e+42,5.90907397938612e+51,1535354538.1682494,4.154285042939603e-07,637.8300393521777,0.001567815778974076,2407153.071259628,1535354538.168244,0.0
21.26937000936127,12.834743619294295,0.0,0.7507027442144742,51.8765787928715,-51.8765787928715,pass_no_bh_halo_scale_up,16.0,51.8765787928715,0.0006798831435332886,0.009980843767901709,0.0023119881142525524,1.0,1.0,715.0,none,0.0,37.12427737889882,14.752301413972694,32.0,32.0,577.0,50.53801421338076,0.055698255568233546,nonsingular_isothermal,1.0,0.01,2.0,0.3,1.0,0.0,strict_pass,1.0,none,none,,,0.9992277992277993,1.0,0.9992277992277993,0.9942084942084942,0.9968253968253968,0.9976190476190476,0.00579150579150578,0.0031746031746031633,0.0023809523809523725,0.0,0.0,3882.0,3885.0,1.0,inverse_phase_volume,geometric_mean,3882.0,3882.0,3882.0,0.0,420.0,0.0,0.0,1.7400150398679342e+41,1.1578988659503827e+53,665453366448.066,2.0000643691647623e-09,1330.9495675735236,0.0007513432697702564,499983908.22671646,665453366448.0686,0.0
21.26937000936127,3.208685904823574,0.0,0.7507027442144742,51.957055723145004,-51.957055723145004,pass_no_bh_halo_scale_down,16.0,51.957055723145004,0.0007355495681551361,0.009936863277544483,0.0023972776031167325,1.0,1.0,713.0,none,0.0,37.429492683139436,14.527563040005555,32.0,32.0,539.0,48.90014147551144,0.05595691217451037,nonsingular_isothermal,1.0,0.01,2.0,0.3,1.0,0.0,strict_pass,1.0,none,none,,,0.9987129987129987,1.0,0.9987129987129987,0.9903474903474904,0.9947089947089947,0.9976190476190476,0.009652509652509633,0.005291005291005346,0.0023809523809523725,0.0,0.0,3880.0,3885.0,1.0,inverse_phase_volume,geometric_mean,3880.0,3880.0,3880.0,0.0,420.0,0.0,0.0,2.001791471270615e+45,8.021326990741489e+52,40070742.16201971,1.0542084837723172e-05,422.4291633825431,0.0023672608017700253,94857.89721798284,40070742.16201975,0.0
21.26937000936127,6.417371809647148,0.0,1.5014054884289485,51.73045649417629,-51.73045649417629,pass_no_bh_ml_up,16.0,51.73045649417629,0.0007173405445044523,0.009975717497020501,0.0023451920345104534,1.0,1.0,714.0,none,0.0,37.2147699250948,14.515686569081515,32.0,32.0,484.0,50.28607071121734,0.05571873434330829,nonsingular_isothermal,1.0,0.01,2.0,0.3,1.0,0.0,strict_pass,1.0,none,none,,,0.9997425997425997,1.0,0.9997425997425997,0.9980694980694981,0.9989417989417989,0.9976190476190476,0.0019305019305019266,0.0010582010582010914,0.0023809523809523725,0.0,0.0,3884.0,3885.0,1.0,inverse_phase_volume,geometric_mean,3884.0,3884.0,3884.0,0.0,420.0,0.0,0.0,6.155841194616573e+43,9.452838304093889e+52,1535588395.6786633,4.1520010927186326e-07,637.5764696823882,0.001568439312853178,2408477.2081435644,1535588395.6786683,0.0
21.26937000936127,6.417371809647148,0.0,0.3753513721072371,51.72946874214239,-51.72946874214239,pass_no_bh_ml_down,16.0,51.72946874214239,0.0007173160522810917,0.009975415589975523,0.002344568070257881,1.0,1.0,714.0,none,0.0,37.21526659014173,14.514202152000657,32.0,32.0,485.0,50.25477713161796,0.05572535359654337,nonsingular_isothermal,1.0,0.01,2.0,0.3,1.0,0.0,strict_pass,1.0,none,none,,,0.998970398970399,1.0,0.998970398970399,0.9922779922779923,0.9957671957671957,0.9976190476190476,0.007722007722007707,0.004232804232804255,0.0023809523809523725,0.0,0.0,3881.0,3885.0,1.0,inverse_phase_volume,geometric_mean,3881.0,3881.0,3881.0,0.0,420.0,0.0,0.0,6.154317493778881e+43,9.442175137946968e+52,1534235948.5827036,4.1370006179798224e-07,634.7135067413531,0.001575513975012197,2417210.177958154,1534235948.58271,0.0
5.829439049439777,1.328862831400071,0.0,1.2236246532121722,66.35475559524556,-66.35475559524556,pass_no_bh_halo_up,17.0,66.35475559524556,0.0013676824364239337,0.009958892633321125,0.0023393325013978754,1.0,1.0,715.0,none,0.0,38.17958123609413,28.175174359151438,32.0,32.0,452.0,25.828530978020513,0.13082248306659802,nonsingular_isothermal,1.0,0.01,2.0,0.3,1.0,0.0,strict_pass,1.0,none,none,,,0.9979407979407979,1.0,0.9979407979407979,0.9845559845559846,0.9915343915343915,0.9976190476190476,0.015444015444015413,0.00846560846560851,0.0023809523809523725,0.0,0.0,3877.0,3885.0,1.0,inverse_phase_volume,geometric_mean,3877.0,3877.0,3877.0,0.0,420.0,0.0,0.0,1.4155968737981155e+42,4.699922022666796e+50,332009918.19490784,1.2094501106576604e-06,401.54943230027425,0.0024903534149494475,826822.03357378,332009918.1949097,0.0
1.4573597623599444,1.328862831400071,0.0,1.2236246532121722,119.96950983534819,-119.96950983534819,pass_no_bh_halo_down,17.0,119.96950983534819,0.0008051331033414044,0.009916304813366639,0.0023061116041343823,1.0,1.0,716.0,none,0.0,52.04514438950543,67.92436544584277,32.0,32.0,1128.0,25.95271153308476,0.12839027577503395,nonsingular_isothermal,1.0,0.01,2.0,0.3,1.0,0.0,strict_pass,1.0,none,none,,,0.9979407979407979,1.0,0.9979407979407979,0.9845559845559846,0.9915343915343915,0.9976190476190476,0.015444015444015413,0.00846560846560851,0.0023809523809523725,0.0,0.0,3877.0,3885.0,1.0,inverse_phase_volume,geometric_mean,3877.0,3877.0,3877.0,0.0,420.0,0.0,0.0,5.530639870169427e+39,2.110714367808215e+48,381640174.9809746,1.2486795741000213e-06,476.5462911546992,0.002098432027614657,800845.9662045359,381640174.9809731,0.0
2.9147195247198887,2.657725662800142,0.0,1.2236246532121722,84.81157859386902,-84.81157859386902,pass_no_bh_halo_scale_up,17.0,84.81157859386902,0.0007216155356672971,0.009987010514911973,0.002344531313006442,1.0,1.0,714.0,none,0.0,43.05303514914893,41.7585434447201,32.0,32.0,412.0,27.732095241417383,0.12375912854059722,nonsingular_isothermal,1.0,0.01,2.0,0.3,1.0,0.0,strict_pass,1.0,none,none,,,1.0,1.0,1.0,1.0,1.0,1.0,0.0,0.0,0.0,0.0,0.0,3885.0,3885.0,1.0,inverse_phase_volume,geometric_mean,3885.0,3885.0,3885.0,0.0,420.0,0.0,0.0,2.6073300275451557e+40,3.022377998565367e+49,1159185053.9193099,3.761742699101574e-07,436.05559134886266,0.0022932855806450567,2658342.369452415,1159185053.9193094,0.0
2.9147195247198887,1.0,0.0,1.2236246532121722,81.80408154523602,-81.80408154523602,pass_no_bh_halo_scale_down,17.0,81.80408154523602,0.0008104669554427346,0.009944372020382817,0.0023134790825768523,1.0,1.0,715.0,none,0.0,41.67187748382033,40.13220406141568,32.0,32.0,387.0,26.636106219706047,0.11860116557191652,nonsingular_isothermal,1.0,0.01,2.0,0.3,1.0,0.0,strict_pass,1.0,none,none,,,0.9979407979407979,1.0,0.9979407979407979,0.9845559845559846,0.9915343915343915,0.9976190476190476,0.015444015444015413,0.00846560846560851,0.0023809523809523725,0.0,0.0,3877.0,3885.0,1.0,inverse_phase_volume,geometric_mean,3877.0,3877.0,3877.0,0.0,420.0,0.0,0.0,5.1850032476033e+41,3.654491964994101e+49,70481960.96469837,6.976567077968684e-06,491.72212845699084,0.0020336688998275707,143336.9720127686,70481960.9646987,0.0
2.9147195247198887,1.328862831400071,0.0,2.4472493064243444,82.41349838638156,-82.41349838638156,pass_no_bh_ml_up,17.0,82.41349838638156,0.000857702575316921,0.009975309596104253,0.002339029727127783,1.0,1.0,715.0,none,0.0,42.16380546928122,40.24969291710035,32.0,32.0,413.0,24.410164491492605,0.1430466448877402,nonsingular_isothermal,1.0,0.01,2.0,0.3,1.0,0.0,strict_pass,1.0,none,none,,,0.9984555984555985,1.0,0.9984555984555985,0.9884169884169884,0.9936507936507937,0.9976190476190476,0.01158301158301156,0.006349206349206327,0.0023809523809523725,0.0,0.0,3879.0,3885.0,1.0,inverse_phase_volume,geometric_mean,3879.0,3879.0,3879.0,0.0,420.0,0.0,0.0,8.848201305595764e+40,3.058656030967509e+49,345681107.9821567,1.221962879217547e-06,422.4094820009861,0.0023673710998695467,818355.4648078382,345681107.98215514,0.0
2.9147195247198887,1.328862831400071,0.0,0.6118123266060861,83.55052003283262,-83.55052003283262,pass_no_bh_ml_down,17.0,83.55052003283262,0.0007962068126801114,0.00997040325887494,0.002340988785153943,1.0,1.0,715.0,none,0.0,42.46200342644837,41.08851660638426,32.0,32.0,406.0,36.115963259077716,0.05537564000626979,nonsingular_isothermal,1.0,0.01,2.0,0.3,1.0,0.0,strict_pass,1.0,none,none,,,1.0,1.0,1.0,1.0,1.0,1.0,0.0,0.0,0.0,0.0,0.0,3885.0,3885.0,1.0,inverse_phase_volume,geometric_mean,3885.0,3885.0,3885.0,0.0,420.0,0.0,0.0,8.847583505764273e+40,3.01343179962617e+49,340593767.51436085,1.2257434423490536e-06,417.4805770356836,0.0023953210161308325,815831.4092903228,340593767.51435894,0.0
8.60933071077517,423.1544876892977,0.0,1.5055469139695543,59.37262937569576,-59.37262937569576,pass_no_bh_halo_up,18.0,59.37262937569576,0.0018632284375073027,0.0099093038520172,0.006323327312768839,1.0,1.0,640.0,none,0.0,28.983444034032896,30.389185341662863,32.0,32.0,1574.0,25.276797334954914,0.09751255150140489,nonsingular_isothermal,1.0,0.01,2.0,0.3,1.0,0.0,strict_pass,1.0,none,none,,,0.9958815958815959,1.0,0.9958815958815959,0.9691119691119691,0.9915343915343915,0.9952380952380953,0.030888030888030937,0.00846560846560851,0.004761904761904745,0.0,0.0,3869.0,3885.0,1.0,inverse_phase_volume,geometric_mean,3869.0,3869.0,3869.0,0.0,420.0,0.0,0.0,4.655060591988056e+34,4.729292683497137e+50,1.0159465360422684e+16,1.879793775323276e-10,1909769.974513479,5.236232705222804e-07,5319732478.782285,1.0159465360422572e+16,0.0
2.1523326776937926,423.1544876892977,0.0,1.5055469139695543,116.49156176976315,-116.49156176976315,pass_no_bh_halo_down,18.0,116.49156176976315,6.4401497184007894e-06,0.009912261603320037,0.005918130238097647,1.0,1.0,645.0,none,0.0,57.47599227807569,59.015569491687465,32.0,32.0,1127.0,33.650028912667075,0.08011210813659914,nonsingular_isothermal,1.0,0.01,2.0,0.3,1.0,0.0,strict_pass,1.0,none,none,,,1.0,1.0,1.0,1.0,1.0,1.0,0.0,0.0,0.0,0.0,0.0,3885.0,3885.0,1.0,inverse_phase_volume,geometric_mean,3885.0,3885.0,3885.0,0.0,420.0,0.0,0.0,2.0693329178912775e+32,1.8635391145697562e+48,9005506549756951.0,4.393390110469092e-11,395647.0341546663,2.5275053612788617e-06,22761466085.54249,9005506549756908.0,0.0
4.304665355387585,500.0,0.0,1.5055469139695543,85.35509488870085,-85.35509488870085,pass_no_bh_halo_scale_up,18.0,85.35509488870085,0.0014879004414751762,0.009926725171316143,0.006626773130109636,1.0,1.0,635.0,none,0.0,44.09201752738118,41.26307736131968,32.0,32.0,2448.0,34.771657116951445,0.06948330472545004,nonsingular_isothermal,1.0,0.01,2.0,0.3,1.0,0.0,strict_pass,1.0,none,none,,,1.0,1.0,1.0,1.0,1.0,1.0,0.0,0.0,0.0,0.0,0.0,3885.0,3885.0,1.0,inverse_phase_volume,geometric_mean,3885.0,3885.0,3885.0,0.0,420.0,0.0,0.0,2.3668153381669583e+33,2.0344570846543177e+49,8595757564381664.0,1.0898022085961574e-10,936767.5578220227,1.067500674687104e-06,9175976999.424168,8595757564381629.0,0.0
4.304665355387585,211.57724384464885,0.0,1.5055469139695543,79.14259792723236,-79.14259792723236,pass_no_bh_halo_scale_down,18.0,79.14259792723236,0.0011383278178271894,0.009930130866176544,0.005097286095296504,1.0,1.0,664.0,none,0.0,40.07756740953403,39.06503051769833,32.0,32.0,499.0,22.227984935019975,0.1496030572457939,nonsingular_isothermal,1.0,0.01,2.0,0.3,1.0,0.0,strict_pass,1.0,none,none,,,1.0,1.0,1.0,1.0,1.0,1.0,0.0,0.0,0.0,0.0,0.0,3885.0,3885.0,1.0,inverse_phase_volume,geometric_mean,3885.0,3885.0,3885.0,0.0,420.0,0.0,0.0,2.129051827634831e+33,9.922917029353613e+49,4.660721218974273e+16,7.96274103661085e-12,371121.16110529675,2.6945378081425918e-06,125584895377.38702,4.660721218974309e+16,0.0
4.304665355387585,423.1544876892977,0.0,3.0110938279391086,83.38836466848609,-83.38836466848609,pass_no_bh_ml_up,18.0,83.38836466848609,0.0013093152862921897,0.00998581663919308,0.0063088690864860925,1.0,1.0,640.0,none,0.0,41.835710265157665,41.55265440332841,32.0,32.0,1990.0,24.724453940457597,0.10697932711136106,nonsingular_isothermal,1.0,0.01,2.0,0.3,1.0,0.0,strict_pass,1.0,none,none,,,1.0,1.0,1.0,1.0,1.0,1.0,0.0,0.0,0.0,0.0,0.0,3885.0,3885.0,1.0,inverse_phase_volume,geometric_mean,3885.0,3885.0,3885.0,0.0,420.0,0.0,0.0,8.142699237581322e+34,2.4195306610330864e+49,297141106460881.0,1.6106370246400956e-09,478586.467608419,2.08948657699658e-06,620872353.4239223,297141106460880.9,0.0
4.304665355387585,423.1544876892977,0.0,0.7527734569847772,83.86953747172183,-83.86953747172183,pass_no_bh_ml_down,18.0,83.86953747172183,0.0015485493068467804,0.009913738493194432,0.006304729585555666,1.0,1.0,640.0,none,0.0,42.5336067436784,41.33593072804342,32.0,32.0,2303.0,26.753322417991484,0.08766594491577319,nonsingular_isothermal,1.0,0.01,2.0,0.3,1.0,0.0,strict_pass,1.0,none,none,,,1.0,1.0,1.0,1.0,1.0,1.0,0.0,0.0,0.0,0.0,0.0,3885.0,3885.0,1.0,inverse_phase_volume,geometric_mean,3885.0,3885.0,3885.0,0.0,420.0,0.0,0.0,4.372614675195141e+33,3.024325810745779e+49,6916515712903080.0,1.819655330648943e-10,1258567.4686501124,7.945541458119515e-07,5495546234.260586,6916515712903003.0,0.0
13.628403431881575,149.1005280097593,0.0,2.4346914481024213,50.5272617859063,-50.5272617859063,pass_no_bh_halo_up,19.0,50.5272617859063,0.0014380667839759553,0.009999033899918169,0.004298637081580901,1.0,1.0,678.0,none,0.0,30.901157299934674,19.626104485971616,32.0,32.0,327.0,36.22605592849626,0.05687800693284602,nonsingular_isothermal,1.0,0.01,2.0,0.3,1.0,0.0,strict_pass,1.0,none,none,,,0.9979407979407979,1.0,0.9979407979407979,0.9845559845559846,0.9915343915343915,0.9976190476190476,0.015444015444015413,0.00846560846560851,0.0023809523809523725,0.0,0.0,3877.0,3885.0,1.0,inverse_phase_volume,geometric_mean,3877.0,3877.0,3877.0,0.0,420.0,0.0,0.0,6.865424735551151e+33,1.3048414576980776e+52,1.9005982993903232e+18,3.151385799779544e-13,598951.8491783784,1.6695832918318322e-06,3173207165146.0615,1.9005982993903132e+18,0.0
3.4071008579703936,149.1005280097593,0.0,2.4346914481024213,88.65461520800149,-88.65461520800149,pass_no_bh_halo_down,19.0,88.65461520800149,0.0009798212227281056,0.009908741129520414,0.004271928134725803,1.0,1.0,679.0,none,0.0,44.23591892016179,44.41869628783972,32.0,32.0,424.0,20.088433763975374,0.15799939452452147,nonsingular_isothermal,1.0,0.01,2.0,0.3,1.0,0.0,strict_pass,1.0,none,none,,,0.9958815958815959,1.0,0.9958815958815959,0.9691119691119691,0.9915343915343915,0.9952380952380953,0.030888030888030937,0.00846560846560851,0.004761904761904745,0.0,0.0,3869.0,3885.0,1.0,inverse_phase_volume,geometric_mean,3869.0,3869.0,3869.0,0.0,420.0,0.0,0.0,8.727386741360318e+34,5.367239783883816e+49,614988190960727.0,2.314395331450479e-10,142332.5798056681,7.025798319438436e-06,4320782998.526356,614988190960726.4,0.0
6.814201715940787,298.2010560195186,0.0,2.4346914481024213,62.818964554845834,-62.818964554845834,pass_no_bh_halo_scale_up,19.0,62.818964554845834,0.0014693892713495416,0.009905657620973958,0.005674219910501474,1.0,1.0,652.0,none,0.0,33.29228439208121,29.52668016276463,32.0,32.0,1442.0,26.553631698595378,0.12858223469093397,nonsingular_isothermal,1.0,0.01,2.0,0.3,1.0,0.0,strict_pass,1.0,none,none,,,1.0,1.0,1.0,1.0,1.0,1.0,0.0,0.0,0.0,0.0,0.0,3885.0,3885.0,1.0,inverse_phase_volume,geometric_mean,3885.0,3885.0,3885.0,0.0,420.0,0.0,0.0,3.4191288779673762e+34,3.0812715855752666e+50,9011861487382830.0,6.884583244860871e-11,620429.1060104326,1.6117876971155265e-06,14525207473.472982,9011861487382896.0,0.0
6.814201715940787,74.55026400487965,0.0,2.4346914481024213,64.32299417944999,-64.32299417944999,pass_no_bh_halo_scale_down,19.0,64.32299417944999,0.00127143015316733,0.009993513556048043,0.0028983512738525114,1.0,1.0,706.0,none,0.0,37.92914946315381,26.393844716296183,32.0,32.0,442.0,27.62662517432868,0.10340370554974404,nonsingular_isothermal,1.0,0.01,2.0,0.3,1.0,0.0,strict_pass,1.0,none,none,,,0.9971685971685972,1.0,0.9971685971685972,0.9787644787644788,0.9915343915343915,0.9952380952380953,0.021235521235521193,0.00846560846560851,0.004761904761904745,0.0,0.0,3874.0,3885.0,1.0,inverse_phase_volume,geometric_mean,3874.0,3874.0,3874.0,0.0,420.0,0.0,0.0,3.835095278865999e+34,1.056113334830387e+51,2.753812507997636e+16,1.867132024699365e-12,51417.31523700054,1.9448701189290947e-05,535580765993.77826,2.7538125079976316e+16,0.0
6.814201715940787,149.1005280097593,0.0,4.869382896204843,67.25207751396901,-67.25207751396901,pass_no_bh_ml_up,19.0,67.25207751396901,0.0013246792647123584,0.009971036715797726,0.004330668274330366,1.0,1.0,678.0,none,0.0,36.9073314798346,30.344746034134413,32.0,32.0,451.0,27.759959935713223,0.10266259887324009,nonsingular_isothermal,1.0,0.01,2.0,0.3,1.0,0.0,strict_pass,1.0,none,none,,,0.9994851994851995,1.0,0.9994851994851995,0.9961389961389961,0.9978835978835979,0.9976190476190476,0.0038610038610038533,0.002116402116402072,0.0023809523809523725,0.0,0.0,3883.0,3885.0,1.0,inverse_phase_volume,geometric_mean,3883.0,3883.0,3883.0,0.0,420.0,0.0,0.0,4.087313977296808e+34,8.506734822736187e+50,2.0812530845409176e+16,9.123209944163585e-12,189877.0883720474,5.266564852946282e-06,109610543451.2918,2.081253084540907e+16,0.0
6.814201715940787,149.1005280097593,0.0,1.2173457240512107,66.06206522306911,-66.06206522306911,pass_no_bh_ml_down,19.0,66.06206522306911,0.0012956026443333712,0.009909497559184638,0.004265023881116505,1.0,1.0,679.0,none,0.0,35.76841444924323,30.29365077382589,32.0,32.0,457.0,26.690978272938775,0.10725576491136778,nonsingular_isothermal,1.0,0.01,2.0,0.3,1.0,0.0,strict_pass,1.0,none,none,,,1.0,1.0,1.0,1.0,1.0,1.0,0.0,0.0,0.0,0.0,0.0,3885.0,3885.0,1.0,inverse_phase_volume,geometric_mean,3885.0,3885.0,3885.0,0.0,420.0,0.0,0.0,3.683118515056513e+33,7.862908515962078e+50,2.134850802063162e+17,1.7247295758128403e-12,368204.0318266133,2.7158855242272265e-06,579801038970.8279,2.1348508020631814e+17,0.0
25.0,162.50748188726547,0.0,3.497697825672797,46.57755250479032,-46.57755250479032,pass_no_bh_halo_up,20.0,46.57755250479032,0.0009536534015168741,0.009909932476266163,0.004606356699292908,1.0,1.0,675.0,none,0.0,30.843589859892198,15.733962644898138,32.0,32.0,405.0,48.719444358784685,0.05315022451094995,nonsingular_isothermal,1.0,0.01,2.0,0.3,1.0,0.0,strict_pass,1.0,none,none,,,1.0,1.0,1.0,1.0,1.0,1.0,0.0,0.0,0.0,0.0,0.0,3885.0,3885.0,1.0,inverse_phase_volume,geometric_mean,3885.0,3885.0,3885.0,0.0,420.0,0.0,0.0,7.201673353980398e+34,1.4596560231222267e+53,2.026828976234347e+18,6.367347871959561e-13,1290552.516865164,7.748619191639446e-07,1570512590342.0266,2.0268289762343306e+18,0.0
10.087089596534923,162.50748188726547,0.0,3.497697825672797,53.10801034120099,-53.10801034120099,pass_no_bh_halo_down,20.0,53.10801034120099,0.0014119921124375878,0.009911700914760733,0.004551596353206975,1.0,1.0,676.0,none,0.0,31.597352420601375,21.51065792059961,32.0,32.0,383.0,46.07191484630173,0.05310998066439981,nonsingular_isothermal,1.0,0.01,2.0,0.3,1.0,0.0,strict_pass,1.0,none,none,,,0.9981981981981982,1.0,0.9981981981981982,0.9864864864864865,0.9925925925925926,0.9976190476190476,0.013513513513513487,0.007407407407407418,0.0023809523809523725,0.0,0.0,3878.0,3885.0,1.0,inverse_phase_volume,geometric_mean,3878.0,3878.0,3878.0,0.0,420.0,0.0,0.0,6.491362712348331e+34,3.840966664730806e+51,5.917042129573574e+16,6.636836055780037e-12,392704.38549123664,2.546444697196577e-06,150674205539.41476,5.917042129573616e+16,0.0
20.174179193069847,325.01496377453094,0.0,3.497697825672797,40.60662385052716,-40.60662385052716,pass_no_bh_halo_scale_up,20.0,40.60662385052716,0.002102087540094999,0.009979337532765795,0.005856225660634602,1.0,1.0,649.0,none,0.0,23.410496846852933,17.196127003674206,32.0,32.0,1352.0,35.8169234902247,0.07019506489186986,nonsingular_isothermal,1.0,0.01,2.0,0.3,1.0,0.0,strict_pass,1.0,none,none,,,0.9938223938223938,1.0,0.9938223938223938,0.9536679536679536,0.9915343915343915,0.9928571428571429,0.04633204633204635,0.00846560846560851,0.0071428571428571175,0.0,0.0,3861.0,3885.0,1.0,inverse_phase_volume,geometric_mean,3861.0,3861.0,3861.0,0.0,420.0,0.0,0.0,2.0282270627611709e+34,2.3294728327246377e+52,1.1485266494538138e+18,2.6522222578824596e-12,3046147.9434525594,3.2828346441590815e-07,377042307456.69196,1.1485266494538097e+18,0.0
20.174179193069847,81.25374094363274,0.0,3.497697825672797,50.5223779821852,-50.5223779821852,pass_no_bh_halo_scale_down,20.0,50.5223779821852,0.0007097643336209103,0.00990284274424793,0.003008720969916207,1.0,1.0,703.0,none,0.0,34.53508254951382,15.987295432671372,32.0,32.0,453.0,42.93373702223478,0.07283459012178954,nonsingular_isothermal,1.0,0.01,2.0,0.3,1.0,0.0,strict_pass,1.0,none,none,,,1.0,1.0,1.0,1.0,1.0,1.0,0.0,0.0,0.0,0.0,0.0,3885.0,3885.0,1.0,inverse_phase_volume,geometric_mean,3885.0,3885.0,3885.0,0.0,420.0,0.0,0.0,3.813814022778216e+35,6.51964720742618e+52,1.7094822056049994e+17,5.131118278410212e-13,87715.55391796818,1.1400486633592973e-05,1948892903536.4832,1.7094822056049997e+17,0.0
20.174179193069847,162.50748188726547,0.0,5.0,45.97930745455627,-45.97930745455627,pass_no_bh_ml_up,20.0,45.97930745455627,0.001088806255530983,0.00990316495092158,0.004609684164193846,1.0,1.0,675.0,none,0.0,30.292356973533078,15.686950481023176,32.0,32.0,335.0,44.281251879885,0.05612785181994253,nonsingular_isothermal,1.0,0.01,2.0,0.3,1.0,0.0,strict_pass,1.0,none,none,,,1.0,1.0,1.0,1.0,1.0,1.0,0.0,0.0,0.0,0.0,0.0,3885.0,3885.0,1.0,inverse_phase_volume,geometric_mean,3885.0,3885.0,3885.0,0.0,420.0,0.0,0.0,1.1087638893736315e+36,6.190694983266053e+52,5.583420458221571e+16,1.4398175539206943e-11,803910.6786667352,1.2439192892156549e-06,69453244077.8313,5.583420458221577e+16,0.0
20.174179193069847,162.50748188726547,0.0,1.7488489128363984,45.900968735875026,-45.900968735875026,pass_no_bh_ml_down,20.0,45.900968735875026,0.001101862995867009,0.009912582443423084,0.004607508751343866,1.0,1.0,675.0,none,0.0,30.128891643529105,15.772077092345908,32.0,32.0,365.0,44.3919239852403,0.05607965247115289,nonsingular_isothermal,1.0,0.01,2.0,0.3,1.0,0.0,strict_pass,1.0,none,none,,,0.9969111969111969,1.0,0.9969111969111969,0.9768339768339769,0.9915343915343915,0.9952380952380953,0.02316602316602312,0.00846560846560851,0.004761904761904745,0.0,0.0,3873.0,3885.0,1.0,inverse_phase_volume,geometric_mean,3873.0,3873.0,3873.0,0.0,420.0,0.0,0.0,7.308372262327825e+34,6.189576586172036e+52,8.469158882446642e+17,1.7070200887706534e-12,1445702.4347326916,6.917052748720718e-07,585816187271.8037,8.46915888244669e+17,0.0
25.0,2.824236322520624,0.0,4.1028534496312075,53.47778222798298,-53.47778222798298,pass_no_bh_halo_up,21.0,53.47778222798298,0.0006901536921191109,0.009955176323563677,0.002308442940004387,1.0,1.0,714.0,none,0.0,38.67724900571729,14.800533222265676,32.0,32.0,485.0,48.54187311193788,0.05066552744691266,nonsingular_isothermal,1.0,0.01,2.0,0.3,1.0,0.0,strict_pass,1.0,none,none,,,0.9992277992277993,1.0,0.9992277992277993,0.9942084942084942,0.9968253968253968,0.9976190476190476,0.00579150579150578,0.0031746031746031633,0.0023809523809523725,0.0,0.0,3882.0,3885.0,1.0,inverse_phase_volume,geometric_mean,3882.0,3882.0,3882.0,0.0,420.0,0.0,0.0,6.664190279241486e+43,1.6421635474854098e+53,2464160653.6965804,1.7877367206738408e-07,440.52704862530726,0.002270008171168067,5593664.818962134,2464160653.696603,0.0
8.906848378955964,2.824236322520624,0.0,4.1028534496312075,55.01400772351981,-55.01400772351981,pass_no_bh_halo_down,21.0,55.01400772351981,0.001001793881322044,0.009950059845888357,0.0023076757852370532,1.0,1.0,714.0,none,0.0,36.71598012566813,18.29802759785168,32.0,32.0,528.0,47.057398217685616,0.05109991757865471,nonsingular_isothermal,1.0,0.01,2.0,0.3,1.0,0.0,strict_pass,1.0,none,none,,,1.0,1.0,1.0,1.0,1.0,1.0,0.0,0.0,0.0,0.0,0.0,3885.0,3885.0,1.0,inverse_phase_volume,geometric_mean,3885.0,3885.0,3885.0,0.0,420.0,0.0,0.0,8.80333205599027e+41,2.8394672723492947e+51,3225446063.251886,1.4744099625250512e-07,475.5629809245793,0.0021027709054557225,6782374.138922771,3225446063.2518897,0.0
17.813696757911927,5.648472645041248,0.0,4.1028534496312075,52.21191061951516,-1000000.0,solver_failed_no_bh_halo_scale_up,21.0,52.21191061951516,0.0017967471129551882,0.022964380878774754,0.005454573188596552,0.0,0.0,632.0,active_set_max_passes,2.0,36.838792228213165,15.373118391301961,32.0,32.0,524.0,38.975670938524004,0.07240577951983801,nonsingular_isothermal,1.0,0.01,2.0,0.3,1.0,0.0,strict_pass,1.0,none,none,,,0.9984555984555985,1.0,0.9984555984555985,0.9884169884169884,0.9936507936507937,0.9976190476190476,0.01158301158301156,0.006349206349206327,0.0023809523809523725,0.0,0.0,3879.0,3885.0,1.0,inverse_phase_volume,geometric_mean,3879.0,3879.0,3879.0,0.0,420.0,0.0,0.0,2.799686057481478e+42,4.6918259586045e+52,16758400271.583094,3.593011050453697e-08,602.1311736372409,0.0016607676927925653,27831809.753931258,16758400271.583035,0.0
17.813696757911927,1.412118161260312,0.0,4.1028534496312075,52.39183527547006,-52.39183527547006,pass_no_bh_halo_scale_down,21.0,52.39183527547006,0.0007786919460883723,0.009978146774944739,0.0023434635694155733,1.0,1.0,715.0,none,0.0,37.02765697166361,15.364178303806423,32.0,32.0,655.0,38.32980607042517,0.07627054872952942,nonsingular_isothermal,1.0,0.01,2.0,0.3,1.0,0.0,strict_pass,1.0,none,none,,,1.0,1.0,1.0,1.0,1.0,1.0,0.0,0.0,0.0,0.0,0.0,3885.0,3885.0,1.0,inverse_phase_volume,geometric_mean,3885.0,3885.0,3885.0,0.0,420.0,0.0,0.0,4.4650390660794425e+43,3.908243757640392e+52,875298894.3212206,4.464979277212697e-07,390.81914245114353,0.0025587283000729944,2239652.051922308,875298894.3212204,0.0
17.813696757911927,2.824236322520624,0.0,5.0,52.3053125266765,-52.3053125266765,pass_no_bh_ml_up,21.0,52.3053125266765,0.0007807353616229307,0.009960108415429414,0.0023086071071669015,1.0,1.0,714.0,none,0.0,37.038232215928964,15.267080310747543,32.0,32.0,520.0,37.63903287040214,0.07690904680165925,nonsingular_isothermal,1.0,0.01,2.0,0.3,1.0,0.0,strict_pass,1.0,none,none,,,0.9987129987129987,1.0,0.9987129987129987,0.9903474903474904,0.9947089947089947,0.9976190476190476,0.009652509652509633,0.005291005291005346,0.0023809523809523725,0.0,0.0,3880.0,3885.0,1.0,inverse_phase_volume,geometric_mean,3880.0,3880.0,3880.0,0.0,420.0,0.0,0.0,1.6525207581308156e+43,4.228167834705586e+52,2558617078.7277207,1.7209984546133939e-07,440.33760384378814,0.002270984788196183,5810580.464609659,2558617078.7277427,0.0
17.813696757911927,2.824236322520624,0.0,2.0514267248156037,52.28671822940362,-52.28671822940362,pass_no_bh_ml_down,21.0,52.28671822940362,0.0007823432948868003,0.009955056668986276,0.0023084576956584435,1.0,1.0,714.0,none,0.0,37.02557246148294,15.261145767920656,32.0,32.0,522.0,37.58559943754173,0.07722634302382135,nonsingular_isothermal,1.0,0.01,2.0,0.3,1.0,0.0,strict_pass,1.0,none,none,,,1.0,1.0,1.0,1.0,1.0,1.0,0.0,0.0,0.0,0.0,0.0,3885.0,3885.0,1.0,inverse_phase_volume,geometric_mean,3885.0,3885.0,3885.0,0.0,420.0,0.0,0.0,1.7186398928819305e+43,4.2339348892424526e+52,2463538119.170914,1.792336259725222e-07,441.54886982052835,0.0022647549758341794,5579310.213549478,2463538119.1709027,0.0
23.30727303811495,30.128289221520102,0.0,3.601574447474144,53.21092228478985,-1000000.0,solver_failed_no_bh_halo_up,22.0,53.21092228478985,0.0011106051029585728,0.017164058975172106,0.004313908692128116,0.0,0.0,661.0,active_set_max_passes,2.0,37.92618520374537,15.284737081044483,32.0,32.0,541.0,50.691437532240165,0.049321273948691645,nonsingular_isothermal,1.0,0.01,2.0,0.3,1.0,0.0,strict_pass,1.0,none,none,,,0.9979407979407979,1.0,0.9979407979407979,0.9845559845559846,0.9915343915343915,0.9976190476190476,0.015444015444015413,0.00846560846560851,0.0023809523809523725,0.0,0.0,3877.0,3885.0,1.0,inverse_phase_volume,geometric_mean,3877.0,3877.0,3877.0,0.0,420.0,0.0,0.0,1.1136873767900385e+40,1.3741572106045046e+53,12338805658058.31,3.677222790780078e-10,4537.253737681763,0.0002203976365031183,2719443604.3073206,12338805658058.154,0.0
5.826818259528737,30.128289221520102,0.0,3.601574447474144,69.07812255204374,-69.07812255204374,pass_no_bh_halo_down,22.0,69.07812255204374,0.001292339650134977,0.00999675072943518,0.0025001183945272554,1.0,1.0,714.0,none,0.0,39.03595696519722,30.042165586846505,32.0,32.0,714.0,38.404214435285816,0.04827159394973892,nonsingular_isothermal,1.0,0.01,2.0,0.3,1.0,0.0,strict_pass,1.0,none,none,,,0.998970398970399,1.0,0.998970398970399,0.9922779922779923,0.9957671957671957,0.9976190476190476,0.007722007722007707,0.004232804232804255,0.0023809523809523725,0.0,0.0,3881.0,3885.0,1.0,inverse_phase_volume,geometric_mean,3881.0,3881.0,3881.0,0.0,420.0,0.0,0.0,5.0487312211353105e+37,5.361699929953627e+50,10619895762143.463,3.810924312550563e-10,4047.1618956705242,0.0002470867303504107,2624035320.5302134,10619895762143.47,0.0
11.653636519057475,60.256578443040205,0.0,3.601574447474144,57.02013819972975,-57.02013819972975,pass_no_bh_halo_scale_up,22.0,57.02013819972975,0.0009498985728484399,0.00996873876223121,0.0025827389387142537,1.0,1.0,716.0,none,0.0,35.9910004310547,21.029137768675046,32.0,32.0,443.0,37.13307137517129,0.08268480581796282,nonsingular_isothermal,1.0,0.01,2.0,0.3,1.0,0.0,strict_pass,1.0,none,none,,,1.0,1.0,1.0,1.0,1.0,1.0,0.0,0.0,0.0,0.0,0.0,3885.0,3885.0,1.0,inverse_phase_volume,geometric_mean,3885.0,3885.0,3885.0,0.0,420.0,0.0,0.0,1.2869138423111538e+35,8.684693111553274e+51,6.748465068925309e+16,4.547610283704116e-13,30689.389146663074,3.258455211412158e-05,2198957117287.2817,6.748465068925382e+16,0.0
11.653636519057475,15.064144610760051,0.0,3.601574447474144,55.773923298560256,-55.773923298560256,pass_no_bh_halo_scale_down,22.0,55.773923298560256,0.0009620480895620176,0.009909052936173704,0.0023058837687216973,1.0,1.0,718.0,none,0.0,36.43619837673449,19.337724921825764,32.0,32.0,569.0,41.15855865852281,0.057654876098884957,nonsingular_isothermal,1.0,0.01,2.0,0.3,1.0,0.0,strict_pass,1.0,none,none,,,1.0,1.0,1.0,1.0,1.0,1.0,0.0,0.0,0.0,0.0,0.0,3885.0,3885.0,1.0,inverse_phase_volume,geometric_mean,3885.0,3885.0,3885.0,0.0,420.0,0.0,0.0,1.2495373144211633e+40,9.543416222593045e+51,763756000917.3431,1.9252174905385404e-09,1470.3964114698392,0.000680088710907815,519421834.1119841,763756000917.3435,0.0
11.653636519057475,30.128289221520102,0.0,5.0,56.624642775033756,-56.624642775033756,pass_no_bh_ml_up,22.0,56.624642775033756,0.0009123043727043978,0.009981183913138738,0.0025059022685519675,1.0,1.0,714.0,none,0.0,38.32624895900997,18.29839381602379,32.0,32.0,560.0,49.57321046121351,0.061631012024129544,nonsingular_isothermal,1.0,0.01,2.0,0.3,1.0,0.0,strict_pass,1.0,none,none,,,0.9981981981981982,1.0,0.9981981981981982,0.9864864864864865,0.9925925925925926,0.9976190476190476,0.013513513513513487,0.007407407407407418,0.0023809523809523725,0.0,0.0,3878.0,3885.0,1.0,inverse_phase_volume,geometric_mean,3878.0,3878.0,3878.0,0.0,420.0,0.0,0.0,3.520057845439428e+38,8.591268007824362e+51,24406610303166.387,1.7767360166010121e-10,4336.410356878055,0.00023060548188523784,5628298130.146828,24406610303166.094,0.0
11.653636519057475,30.128289221520102,0.0,1.800787223737072,56.644856801387654,-56.644856801387654,pass_no_bh_ml_down,22.0,56.644856801387654,0.000903704333559574,0.00997890795810936,0.0025068517097565513,1.0,1.0,714.0,none,0.0,38.288711071234744,18.356145730152893,32.0,32.0,564.0,49.417120333991086,0.06139810077719668,nonsingular_isothermal,1.0,0.01,2.0,0.3,1.0,0.0,strict_pass,1.0,none,none,,,1.0,1.0,1.0,1.0,1.0,1.0,0.0,0.0,0.0,0.0,0.0,3885.0,3885.0,1.0,inverse_phase_volume,geometric_mean,3885.0,3885.0,3885.0,0.0,420.0,0.0,0.0,2.7577794791245793e+38,8.589095369727397e+51,31144968024977.44,1.4541198749792781e-10,4528.85170107137,0.00022080652359701564,6877012117.135463,31144968024977.367,0.0
25.0,2.208208302597843,0.0,2.8405177263793684,53.526641643260064,-53.526641643260064,pass_no_bh_halo_up,24.0,53.526641643260064,0.0006827677184588765,0.009936653927375578,0.0023257534572578903,1.0,1.0,715.0,none,0.0,38.64727579443072,14.879365848829359,32.0,32.0,469.0,49.80763525768774,0.050519836222154994,nonsingular_isothermal,1.0,0.01,2.0,0.3,1.0,0.0,strict_pass,1.0,none,none,,,0.9979407979407979,1.0,0.9979407979407979,0.9845559845559846,0.9915343915343915,0.9976190476190476,0.015444015444015413,0.00846560846560851,0.0023809523809523725,0.0,0.0,3877.0,3885.0,1.0,inverse_phase_volume,geometric_mean,3877.0,3877.0,3877.0,0.0,420.0,0.0,0.0,2.0247697883207498e+44,1.942330457836935e+53,959284590.7918322,5.305677010269946e-07,508.9654199670468,0.0019647700232065775,1884773.6077117918,959284590.791838,0.0
10.586816345580125,2.208208302597843,0.0,2.8405177263793684,56.18250193010963,-56.18250193010963,pass_no_bh_halo_down,24.0,56.18250193010963,0.0010723455600682996,0.009941478830706233,0.002328000777607268,1.0,1.0,715.0,none,0.0,37.21947161237763,18.963030317732002,32.0,32.0,610.0,42.48806433230641,0.0648378076833681,nonsingular_isothermal,1.0,0.01,2.0,0.3,1.0,0.0,strict_pass,1.0,none,none,,,0.9979407979407979,1.0,0.9979407979407979,0.9845559845559846,0.9915343915343915,0.9976190476190476,0.015444015444015413,0.00846560846560851,0.0023809523809523725,0.0,0.0,3877.0,3885.0,1.0,inverse_phase_volume,geometric_mean,3877.0,3877.0,3877.0,0.0,420.0,0.0,0.0,6.528011080282914e+42,6.229312402515951e+51,954243540.0164766,5.314012064581705e-07,507.0861684196693,0.001972051422969184,1881817.3309486369,954243540.0164729,0.0
21.17363269116025,4.416416605195686,0.0,2.8405177263793684,51.862760348329665,-51.862760348329665,pass_no_bh_halo_scale_up,24.0,51.862760348329665,0.0007334708988864236,0.009998170227133599,0.0023712391051542636,1.0,1.0,714.0,none,0.0,37.27390361788129,14.588856730448379,32.0,32.0,473.0,50.71808646261906,0.05142380613007074,nonsingular_isothermal,1.0,0.01,2.0,0.3,1.0,0.0,strict_pass,1.0,none,none,,,1.0,1.0,1.0,1.0,1.0,1.0,0.0,0.0,0.0,0.0,0.0,3885.0,3885.0,1.0,inverse_phase_volume,geometric_mean,3885.0,3885.0,3885.0,0.0,420.0,0.0,0.0,6.055435105816637e+42,7.959460709242236e+52,13144325007.457613,3.5769961151677554e-08,470.17199488178755,0.0021268812495976583,27956418.39697949,13144325007.45775,0.0
21.17363269116025,1.1041041512989216,0.0,2.8405177263793684,52.02655486627346,-52.02655486627346,pass_no_bh_halo_scale_down,24.0,52.02655486627346,0.000729676128344181,0.00999647417482062,0.002350984496904082,1.0,1.0,714.0,none,0.0,37.48746343137504,14.53909143489843,32.0,32.0,538.0,49.936933383995445,0.05248209201017999,nonsingular_isothermal,1.0,0.01,2.0,0.3,1.0,0.0,strict_pass,1.0,none,none,,,1.0,1.0,1.0,1.0,1.0,1.0,0.0,0.0,0.0,0.0,0.0,3885.0,3885.0,1.0,inverse_phase_volume,geometric_mean,3885.0,3885.0,3885.0,0.0,420.0,0.0,0.0,8.949090596558628e+44,9.711334609479863e+52,108517558.34513907,4.3862261077567735e-06,475.9825475634684,0.0021009173658129935,227986.42282292765,108517558.34513919,0.0
21.17363269116025,2.208208302597843,0.0,5.0,52.013136704216485,-52.013136704216485,pass_no_bh_ml_up,24.0,52.013136704216485,0.0007203395781729682,0.009947251315769389,0.0023243184664189158,1.0,1.0,715.0,none,0.0,37.47273482921319,14.540401875003287,32.0,32.0,562.0,50.60045310264086,0.05155467188535604,nonsingular_isothermal,1.0,0.01,2.0,0.3,1.0,0.0,strict_pass,1.0,none,none,,,1.0,1.0,1.0,1.0,1.0,1.0,0.0,0.0,0.0,0.0,0.0,3885.0,3885.0,1.0,inverse_phase_volume,geometric_mean,3885.0,3885.0,3885.0,0.0,420.0,0.0,0.0,2.5519267281694337e+43,9.996928099153972e+52,3917404049.5767055,1.3061374820409631e-07,511.6668261451207,0.001954396784982063,7656161.879968451,3917404049.576718,0.0
21.17363269116025,2.208208302597843,0.0,1.4202588631896842,52.01400637807039,-52.01400637807039,pass_no_bh_ml_down,24.0,52.01400637807039,0.0007197603060760116,0.009936860433947054,0.00232540934502428,1.0,1.0,715.0,none,0.0,37.47489102069898,14.539115357371422,32.0,32.0,563.0,50.665007449008904,0.05162895996685465,nonsingular_isothermal,1.0,0.01,2.0,0.3,1.0,0.0,strict_pass,1.0,none,none,,,0.9981981981981982,1.0,0.9981981981981982,0.9864864864864865,0.9925925925925926,0.9976190476190476,0.013513513513513487,0.007407407407407418,0.0023809523809523725,0.0,0.0,3878.0,3885.0,1.0,inverse_phase_volume,geometric_mean,3878.0,3878.0,3878.0,0.0,420.0,0.0,0.0,1.0416552381093617e+44,9.989200379574913e+52,958973757.7382741,5.314181103229823e-07,509.61602218660335,0.00196226169599086,1881757.472270235,958973757.7382747,0.0
6.191145159289901,13.724377750240594,0.0,3.6751169469038873,63.214889652624606,-63.214889652624606,pass_full,25.0,63.214889652624606,0.001292246412241127,0.009904993696045052,0.0023167504786228894,1.0,1.0,716.0,none,0.0,38.21178322973373,25.003106422890884,32.0,32.0,416.0,25.985692226512246,0.13157065400138507,nonsingular_isothermal,1.0,0.01,2.0,0.3,1.0,0.0,strict_pass,1.0,none,none,,,1.0,1.0,1.0,1.0,1.0,1.0,0.0,0.0,0.0,0.0,0.0,3885.0,3885.0,1.0,inverse_phase_volume,geometric_mean,3885.0,3885.0,3885.0,0.0,420.0,0.0,0.0,5.152194294138285e+39,8.646193919626368e+50,167815758219.04172,8.746945502012735e-09,1467.8752915209209,0.0006812567837175475,114325623.7014273,167815758219.04367,0.0
13.330328404523433,7.011652031933795,15370.254507431217,4.1996033661157135,53.441267911533735,-53.441267911533735,pass_full,26.0,53.441267911533735,0.0010129731581969281,0.009976707363993625,0.0023549618436440505,1.0,1.0,714.0,none,0.0,36.87427610087515,16.566991810658603,32.0,32.0,523.0,41.06549306545181,0.05485465772817579,nonsingular_isothermal,1.0,0.01,2.0,0.3,1.0,0.0,strict_pass,1.0,none,none,,,0.9976833976833976,1.0,0.9976833976833976,0.9826254826254827,0.9915343915343915,0.9952380952380953,0.01737451737451734,0.00846560846560851,0.004761904761904745,0.0,0.0,3876.0,3885.0,1.0,inverse_phase_volume,geometric_mean,3876.0,3876.0,3876.0,0.0,420.0,0.0,0.0,2.5099093355177617e+43,1.4946855610434625e+52,595513766.1317668,9.904650264409915e-07,589.8355581176822,0.0016953877843364658,1009626.7645040131,595513766.1317743,0.0
17.03846583764907,2.6882760372900014,53613.2207989597,3.276078976440268,52.63297108944244,-52.63297108944244,pass_full,27.0,52.63297108944244,0.0008150236995092541,0.009939406691774288,0.0023252722516574923,1.0,1.0,715.0,none,0.0,37.00570496454492,15.627266124897535,32.0,32.0,633.0,37.26653108903705,0.07207411351364902,nonsingular_isothermal,1.0,0.01,2.0,0.3,1.0,0.0,strict_pass,1.0,none,none,,,0.9979407979407979,1.0,0.9979407979407979,0.9845559845559846,0.9915343915343915,0.9976190476190476,0.015444015444015413,0.00846560846560851,0.0023809523809523725,0.0,0.0,3877.0,3885.0,1.0,inverse_phase_volume,geometric_mean,3877.0,3877.0,3877.0,0.0,420.0,0.0,0.0,1.0467621038276025e+42,4.836432552583237e+52,46203741374.45635,1.1560402936871721e-08,534.1338674797312,0.0018721898401957203,86502175.18028855,46203741374.45674,0.0
12.75835080500753,7.597640883969463,223360.15569218746,3.677848106476278,55.19852028054732,-55.19852028054732,pass_full,28.0,55.19852028054732,0.0010274873561044728,0.009907195316900961,0.0022942277457786205,1.0,1.0,719.0,none,0.0,36.96570667481201,18.232813605735313,32.0,32.0,666.0,43.512099116004144,0.04986812674431316,nonsingular_isothermal,1.0,0.01,2.0,0.3,1.0,0.0,strict_pass,1.0,none,none,,,1.0,1.0,1.0,1.0,1.0,1.0,0.0,0.0,0.0,0.0,0.0,3885.0,3885.0,1.0,inverse_phase_volume,geometric_mean,3885.0,3885.0,3885.0,0.0,420.0,0.0,0.0,7.59969747795635e+42,1.36887743951815e+52,1801226224.4499996,2.347806356868252e-07,422.8930379921531,0.002364664135280835,4259295.052484242,1801226224.4500084,0.0
16.68332724554969,37.51806692560886,3176.2478463762163,2.596567449496155,52.35369815107116,-52.35369815107116,pass_full,29.0,52.35369815107116,0.0007538344560131804,0.009996050557034631,0.002511337114407562,1.0,1.0,713.0,none,0.0,36.26013048004283,16.093567671028325,32.0,32.0,606.0,45.56744734306595,0.05850055608967003,nonsingular_isothermal,1.0,0.01,2.0,0.3,1.0,0.0,strict_pass,1.0,none,none,,,1.0,1.0,1.0,1.0,1.0,1.0,0.0,0.0,0.0,0.0,0.0,3885.0,3885.0,1.0,inverse_phase_volume,geometric_mean,3885.0,3885.0,3885.0,0.0,420.0,0.0,0.0,8.463374489106942e+40,3.928564660586925e+52,464184193390.3918,8.245531110484732e-09,3827.4452075956983,0.0002612708858680629,121277815.41305867,464184193390.3871,0.0
0.1125147548404648,102.62671302156177,69156.5800568485,4.601103131966378,726.4233072240685,-1000000.0,solver_failed_full,30.0,726.4233072240685,13.747360960110655,99.05585398864305,9.076034782544747,0.0,0.0,28.0,active_set_max_passes,2.0,485.16117870840304,241.26212851566524,32.0,32.0,5819.0,178.06853762070855,0.03183061792005455,nonsingular_isothermal,1.0,0.01,2.0,0.3,1.0,0.0,severe_coverage_warn,0.0,multiple,multiple,1;2;3;4;5;6;7;8,total orbit coverage 0.833 is below 0.85 | shell_band minimum coverage 0.736 is below 0.8 | shell_band coverage gap 0.175 exceeds 0.1 | Lfrac minimum coverage 0.475 is below 0.8 | Lfrac coverage gap 0.525 exceeds 0.1 | third_integral minimum coverage 0.624 is below 0.8 | third_integral coverage gap 0.376 exceeds 0.1 | 31 planned shell-band/Lfrac/third-integral cells have no successful orbit,0.8326898326898327,1.0,0.8326898326898327,0.735966735966736,0.47513227513227513,0.6238095238095238,0.17463617463617465,0.5248677248677249,0.3761904761904762,31.0,0.0,3235.0,3885.0,1.0,inverse_phase_volume,geometric_mean,3235.0,3235.0,3235.0,0.0,420.0,0.0,0.0,2.319700864200417e+42,1.324188461662865e+49,5708444.9210622795,0.00030353974914991465,1732.7399393753487,0.0005771206499461766,3294.461443025414,5708444.92106228,0.0
12.976957515921486,52.35578503932797,2370733.020173687,0.4845305600141675,52.903852945475215,-52.903852945475215,pass_full,31.0,52.903852945475215,0.0006212710933652943,0.009997547048561225,0.001102463440628189,1.0,1.0,787.0,none,0.0,36.860537739641366,16.043315205833856,32.0,32.0,454.0,40.44659653211686,0.060443115670812286,nonsingular_isothermal,1.0,0.01,2.0,0.3,1.0,0.0,strict_pass,1.0,none,none,,,0.990990990990991,1.0,0.990990990990991,0.9401544401544402,0.9650793650793651,0.9738095238095238,0.05984555984555984,0.03492063492063491,0.02619047619047621,0.0,0.0,3850.0,3885.0,1.0,inverse_phase_volume,geometric_mean,3850.0,3850.0,3850.0,0.0,420.0,0.0,0.0,8.868025474834777e+42,1.7761109252266716e+52,2002825691.318577,1.192911920164999e-07,238.9194641186646,0.0041855108108870024,8382848.583336176,2002825691.318586,0.0
10.638283553384564,369.333160209901,9572.220141105729,1.4864604038179197,70.24136330954485,-70.24136330954485,pass_full,32.0,70.24136330954485,0.0013989684667023994,0.009983311526314627,0.00630995001170045,1.0,1.0,641.0,none,0.0,42.71660693804595,27.524756371498928,32.0,32.0,483.0,26.226045128735844,0.10138219936120589,nonsingular_isothermal,1.0,0.01,2.0,0.3,1.0,0.0,strict_pass,1.0,none,none,,,0.9979407979407979,1.0,0.9979407979407979,0.9845559845559846,0.9947089947089947,0.9952380952380953,0.015444015444015413,0.005291005291005346,0.004761904761904745,0.0,0.0,3877.0,3885.0,1.0,inverse_phase_volume,geometric_mean,3877.0,3877.0,3877.0,0.0,420.0,0.0,0.0,1.7278736676155825e+38,1.3726655759810596e+51,7944247323794.8,6.871868688416083e-09,54591.824437418574,1.8317761135577208e-05,145520824.87922117,7944247323794.775,0.0
1.6551114472770412,53.905242060094224,376567.8851476293,4.376047760938506,97.78845890465232,-97.78845890465232,pass_full,33.0,97.78845890465232,0.0003797402179372966,0.009960945288467719,0.0009126758517020452,1.0,1.0,926.0,none,0.0,42.34949893218289,55.43895997246942,32.0,32.0,340.0,25.179468710856902,0.10439813410963807,nonsingular_isothermal,1.0,0.01,2.0,0.3,1.0,0.0,severe_coverage_warn,0.0,multiple,multiple,1;2;3;4;5,Lfrac minimum coverage 0.766 is below 0.8 | Lfrac coverage gap 0.234 exceeds 0.1 | third_integral coverage gap 0.167 exceeds 0.1 | 11 planned shell-band/Lfrac/third-integral cells have no successful orbit,0.9431145431145431,1.0,0.9431145431145431,0.9043659043659044,0.7661375661375661,0.8333333333333334,0.09563409563409564,0.23386243386243388,0.16666666666666663,11.0,0.0,3664.0,3885.0,1.0,inverse_phase_volume,geometric_mean,3664.0,3664.0,3664.0,0.0,420.0,0.0,0.0,7.952443081611929e+42,3.884066191042159e+50,48841169.325978674,1.824506305655615e-05,891.1102141084167,0.0011221956433307533,54809.34743279288,48841169.32597866,0.0
8.567707922621215,424.0794523098671,3698.832620278852,2.3543896043002293,76.77887324967428,-76.77887324967428,pass_full,34.0,76.77887324967428,0.0020840909486707915,0.009943606000809633,0.006439184389820368,1.0,1.0,639.0,none,0.0,42.976675924157284,33.80219732551699,32.0,32.0,559.0,24.205275069600532,0.12427526877920932,nonsingular_isothermal,1.0,0.01,2.0,0.3,1.0,0.0,strict_pass,1.0,none,none,,,0.9994851994851995,1.0,0.9994851994851995,0.9961389961389961,0.9978835978835979,0.9976190476190476,0.0038610038610038533,0.002116402116402072,0.0023809523809523725,0.0,0.0,3883.0,3885.0,1.0,inverse_phase_volume,geometric_mean,3883.0,3883.0,3883.0,0.0,420.0,0.0,0.0,2.9765303506981852e+38,4.534760519071073e+50,1523505553372.6992,5.1769567826484e-08,78871.2240793529,1.2678895397818256e-05,19316367.54920765,1523505553372.6975,0.0
0.6208806595405625,14.655394179832262,4357.928756408399,0.4560477860145443,131.0053498239372,-131.0053498239372,pass_full,35.0,131.0053498239372,2.1916908337971108e-05,0.009979256909610375,0.0014864154826541847,1.0,1.0,761.0,none,0.0,56.31625830297616,74.68909152096103,32.0,32.0,390.0,32.69753514900574,0.05406090919266551,nonsingular_isothermal,1.0,0.01,2.0,0.3,1.0,0.0,strict_pass,1.0,none,none,,,0.993050193050193,1.0,0.993050193050193,0.9478764478764479,0.9714285714285714,0.9785714285714285,0.05212355212355213,0.02857142857142858,0.021428571428571463,0.0,0.0,3858.0,3885.0,1.0,inverse_phase_volume,geometric_mean,3858.0,3858.0,3858.0,0.0,420.0,0.0,0.0,1.455197566158264e+36,9.54079106245723e+46,65563544664.55721,2.410504688263669e-09,158.0412317931004,0.006327462704853817,414850883.66300523,65563544664.55753,0.0
7.821974193317796,4.054240276955227,6645.989558917343,3.882586442065794,56.4014259664341,-56.4014259664341,pass_full,36.0,56.4014259664341,0.0011859513458247761,0.00992574783780743,0.002370597743724944,1.0,1.0,715.0,none,0.0,34.55656352924513,21.844862437188958,32.0,32.0,523.0,38.37606957270871,0.08985530544326989,nonsingular_isothermal,1.0,0.01,2.0,0.3,1.0,0.0,strict_pass,1.0,none,none,,,1.0,1.0,1.0,1.0,1.0,1.0,0.0,0.0,0.0,0.0,0.0,3885.0,3885.0,1.0,inverse_phase_volume,geometric_mean,3885.0,3885.0,3885.0,0.0,420.0,0.0,0.0,2.2089047302035453e+41,1.3937278856310709e+51,6309588035.074026,6.595721862799246e-08,416.16287748194435,0.002402905338531513,15161342.773413988,6309588035.074047,0.0
6.191145159289901,13.724377750240594,0.0,3.6751169469038873,63.214889652624606,-63.214889652624606,pass_no_bh,25.0,63.214889652624606,0.001292246412241127,0.009904993696045052,0.0023167504786228894,1.0,1.0,716.0,none,0.0,38.21178322973373,25.003106422890884,32.0,32.0,416.0,25.985692226512246,0.13157065400138507,nonsingular_isothermal,1.0,0.01,2.0,0.3,1.0,0.0,strict_pass,1.0,none,none,,,1.0,1.0,1.0,1.0,1.0,1.0,0.0,0.0,0.0,0.0,0.0,3885.0,3885.0,1.0,inverse_phase_volume,geometric_mean,3885.0,3885.0,3885.0,0.0,420.0,0.0,0.0,5.152194294138285e+39,8.646193919626368e+50,167815758219.04172,8.746945502012735e-09,1467.8752915209209,0.0006812567837175475,114325623.7014273,167815758219.04367,0.0
13.330328404523433,7.011652031933795,0.0,4.1996033661157135,53.523485557059566,-53.523485557059566,pass_no_bh,26.0,53.523485557059566,0.0009851634733948345,0.009932825223704079,0.0023163547396454626,1.0,1.0,715.0,none,0.0,36.30303585871088,17.220449698348688,32.0,32.0,561.0,40.96234121807625,0.051508746747037745,nonsingular_isothermal,1.0,0.01,2.0,0.3,1.0,0.0,strict_pass,1.0,none,none,,,1.0,1.0,1.0,1.0,1.0,1.0,0.0,0.0,0.0,0.0,0.0,3885.0,3885.0,1.0,inverse_phase_volume,geometric_mean,3885.0,3885.0,3885.0,0.0,420.0,0.0,0.0,9.453522383863974e+42,1.5637014067794e+52,1654093937.9891353,4.3157595202876686e-07,713.8671660326695,0.0014008208355589728,2317089.2523069605,1654093937.989127,0.0
17.03846583764907,2.6882760372900014,0.0,3.276078976440268,52.57469008174649,-1000000.0,solver_failed_no_bh,27.0,52.57469008174649,0.0013342915572351899,0.01636206096024654,0.0037933050751115796,0.0,0.0,666.0,active_set_max_passes,2.0,37.07469882693735,15.499991254809135,32.0,32.0,508.0,37.67092473539688,0.07265232545498446,nonsingular_isothermal,1.0,0.01,2.0,0.3,1.0,0.0,strict_pass,1.0,none,none,,,1.0,1.0,1.0,1.0,1.0,1.0,0.0,0.0,0.0,0.0,0.0,3885.0,3885.0,1.0,inverse_phase_volume,geometric_mean,3885.0,3885.0,3885.0,0.0,420.0,0.0,0.0,8.548545883672272e+41,3.4899563796522576e+52,40825146488.57505,1.0689181582868936e-08,436.387403963603,0.0022915418523019636,93552531.8049283,40825146488.57506,0.0
