v0,r_c,MBH,ML,chi2,reward,status,proposal_id,chi2_losvd,delta_chi2_iteration,max_light_relative_residual,max_light_sigma_residual,light_constraint_ok,solver_converged,solver_iterations,solver_failure_reason,julia_status_code,chi2_inner,chi2_outer,N_inner,N_outer,N_nonzero_weights,effective_N_orbits,max_weight_fraction,halo_type,alphat,light_rel_tol,light_sigma_tol,delta_chi2_iter_tol,halo_q_axis_ratio,karl_halo_params_active,coverage_status,coverage_strict,coverage_issue_region,coverage_issue_axis,coverage_issue_shell_bands,coverage_reasons,coverage_fraction,coverage_attempted_fraction,coverage_success_fraction,coverage_shell_min,coverage_lfrac_min,coverage_theta_min,coverage_shell_gap,coverage_lfrac_gap,coverage_theta_gap,coverage_joint_holes,coverage_deadline_hit,successful_base_orbits,planned_base_orbits,phase_volume_valid,phase_volume_convention,phase_volume_normalization,phase_volume_launches_recorded,phase_volume_sos_recorded,phase_volume_valid_base_orbits,phase_volume_invalid_recorded_orbits,phase_volume_nested_groups,phase_volume_duplicate_area_clusters,phase_volume_duplicate_area_orbits,raw_phase_volume_min,raw_phase_volume_max,raw_phase_volume_dynamic_range,normalized_phase_volume_min,normalized_phase_volume_max,wphase_min,wphase_max,wphase_dynamic_range,wphase_pair_max_relative_mismatch
9.23,14.24,450400.0,0.415,,,todo,,,,,,,,,,,,,,,,,,,,,,,,,,,,,,,,,,,,,,,,,,,,,,,,,,,,,,,,,,,,,,
15.984990743692771,5341.831872303275,1273882.5888161676,1.1989896445658663,inf,-1000000.0,orbit_fail_full,1.0,inf,inf,inf,inf,0.0,0.0,0.0,incomplete_orbit_coverage,1.0,inf,inf,0.0,0.0,0.0,0.0,0.0,nonsingular_isothermal,1.0,0.01,2.0,0.3,1.0,0.0,severe_coverage_warn,0.0,none,multiple,,Lfrac coverage gap 0.108 exceeds 0.1 | third_integral coverage gap 0.121 exceeds 0.1,0.9737451737451738,1.0,0.9737451737451738,0.9594594594594594,0.8920634920634921,0.8785714285714286,0.04054054054054057,0.10793650793650789,0.12142857142857144,0.0,0.0,3783.0,3885.0,0.0,not_computed,not_computed,0.0,0.0,0.0,0.0,0.0,0.0,0.0,,,,,,,,,
15.984990743692771,5341.831872303275,0.0,1.1989896445658663,inf,-1000000.0,solver_failed_halo_only,1.0,inf,0.0,3.30048069245141,4.903993187386897,0.0,0.0,1000.0,light_constraint_failed,2.0,316.8450985459851,3249.250019989429,32.0,32.0,7334.0,84.24816022742597,0.026590349012352868,nonsingular_isothermal,1.0,0.01,2.0,0.3,1.0,0.0,strict_pass,1.0,none,none,,,1.0,1.0,1.0,1.0,1.0,1.0,0.0,0.0,0.0,0.0,0.0,3885.0,3885.0,1.0,inverse_phase_volume,geometric_mean,3885.0,3885.0,3885.0,0.0,420.0,0.0,0.0,3.809067131092678e+31,1.5186820623575337e+48,3.987018369828208e+16,5.435340018816563e-11,2167080.0501284087,4.614504203205349e-07,18398113025.82925,3.9870183698282184e+16,0.0
15.984990743692771,5341.831872303275,2500000.0,1.1989896445658663,inf,-1000000.0,orbit_fail_bh_up,1.0,inf,inf,inf,inf,0.0,0.0,0.0,incomplete_orbit_coverage,1.0,inf,inf,0.0,0.0,0.0,0.0,0.0,nonsingular_isothermal,1.0,0.01,2.0,0.3,1.0,0.0,severe_coverage_warn,0.0,none,multiple,,Lfrac coverage gap 0.122 exceeds 0.1 | third_integral coverage gap 0.121 exceeds 0.1,0.9703989703989704,1.0,0.9703989703989704,0.9478764478764479,0.8783068783068783,0.8785714285714286,0.05212355212355213,0.12169312169312174,0.12142857142857144,0.0,0.0,3770.0,3885.0,0.0,not_computed,not_computed,0.0,0.0,0.0,0.0,0.0,0.0,0.0,,,,,,,,,
15.984990743692771,5341.831872303275,636941.2944080838,1.1989896445658663,inf,-1000000.0,orbit_fail_bh_down,1.0,inf,inf,inf,inf,0.0,0.0,0.0,incomplete_orbit_coverage,1.0,inf,inf,0.0,0.0,0.0,0.0,0.0,nonsingular_isothermal,1.0,0.01,2.0,0.3,1.0,0.0,severe_coverage_warn,0.0,none,multiple,,Lfrac coverage gap 0.108 exceeds 0.1 | third_integral coverage gap 0.114 exceeds 0.1,0.9737451737451738,1.0,0.9737451737451738,0.9501039501039501,0.8920634920634921,0.8857142857142857,0.0498960498960499,0.10793650793650789,0.11428571428571432,0.0,0.0,3783.0,3885.0,0.0,not_computed,not_computed,0.0,0.0,0.0,0.0,0.0,0.0,0.0,,,,,,,,,
30.0,5341.831872303275,1273882.5888161676,1.1989896445658663,inf,-1000000.0,orbit_fail_halo_up,1.0,inf,inf,inf,inf,0.0,0.0,0.0,incomplete_orbit_coverage,1.0,inf,inf,0.0,0.0,0.0,0.0,0.0,nonsingular_isothermal,1.0,0.01,2.0,0.3,1.0,0.0,severe_coverage_warn,0.0,none,multiple,,Lfrac coverage gap 0.101 exceeds 0.1 | third_integral coverage gap 0.124 exceeds 0.1,0.9755469755469756,1.0,0.9755469755469756,0.9646569646569647,0.8994708994708994,0.8761904761904762,0.03534303534303529,0.10052910052910058,0.12380952380952381,0.0,0.0,3790.0,3885.0,0.0,not_computed,not_computed,0.0,0.0,0.0,0.0,0.0,0.0,0.0,,,,,,,,,
7.992495371846386,5341.831872303275,1273882.5888161676,1.1989896445658663,inf,-1000000.0,orbit_fail_halo_down,1.0,inf,inf,inf,inf,0.0,0.0,0.0,incomplete_orbit_coverage,1.0,inf,inf,0.0,0.0,0.0,0.0,0.0,nonsingular_isothermal,1.0,0.01,2.0,0.3,1.0,0.0,severe_coverage_warn,0.0,none,multiple,,Lfrac minimum coverage 0.798 is below 0.8 | Lfrac coverage gap 0.202 exceeds 0.1 | third_integral coverage gap 0.169 exceeds 0.1,0.9508365508365508,1.0,0.9508365508365508,0.9266409266409267,0.7978835978835979,0.830952380952381,0.05672705672705669,0.20211640211640214,0.169047619047619,0.0,0.0,3694.0,3885.0,0.0,not_computed,not_computed,0.0,0.0,0.0,0.0,0.0,0.0,0.0,,,,,,,,,
15.984990743692771,5341.831872303275,1273882.5888161676,1.6,inf,-1000000.0,orbit_fail_ml_up,1.0,inf,inf,inf,inf,0.0,0.0,0.0,incomplete_orbit_coverage,1.0,inf,inf,0.0,0.0,0.0,0.0,0.0,nonsingular_isothermal,1.0,0.01,2.0,0.3,1.0,0.0,severe_coverage_warn,0.0,none,multiple,,Lfrac coverage gap 0.128 exceeds 0.1 | third_integral coverage gap 0.143 exceeds 0.1,0.9688545688545689,1.0,0.9688545688545689,0.9459459459459459,0.8719576719576719,0.8571428571428571,0.05405405405405406,0.12804232804232807,0.1428571428571429,0.0,0.0,3764.0,3885.0,0.0,not_computed,not_computed,0.0,0.0,0.0,0.0,0.0,0.0,0.0,,,,,,,,,
15.984990743692771,5341.831872303275,1273882.5888161676,0.5994948222829332,inf,-1000000.0,orbit_fail_ml_down,1.0,inf,inf,inf,inf,0.0,0.0,0.0,incomplete_orbit_coverage,1.0,inf,inf,0.0,0.0,0.0,0.0,0.0,nonsingular_isothermal,1.0,0.01,2.0,0.3,1.0,0.0,severe_coverage_warn,0.0,none,multiple,,Lfrac coverage gap 0.107 exceeds 0.1 | third_integral coverage gap 0.11 exceeds 0.1,0.974002574002574,1.0,0.974002574002574,0.9604989604989606,0.8931216931216931,0.8904761904761904,0.03950103950103945,0.1068783068783069,0.10952380952380958,0.0,0.0,3784.0,3885.0,0.0,not_computed,not_computed,0.0,0.0,0.0,0.0,0.0,0.0,0.0,,,,,,,,,
7.709968642709263,7527.183395112239,2209697.959223859,0.4168587155466138,inf,-1000000.0,orbit_fail_full,2.0,inf,inf,inf,inf,0.0,0.0,0.0,incomplete_orbit_coverage,1.0,inf,inf,0.0,0.0,0.0,0.0,0.0,nonsingular_isothermal,1.0,0.01,2.0,0.3,1.0,0.0,severe_coverage_warn,0.0,inner,multiple,1;2,Lfrac minimum coverage 0.78 is below 0.8 | Lfrac coverage gap 0.22 exceeds 0.1 | third_integral coverage gap 0.171 exceeds 0.1 | 3 planned shell-band/Lfrac/third-integral cells have no successful orbit,0.9464607464607465,1.0,0.9464607464607465,0.9015444015444015,0.7798941798941799,0.8285714285714286,0.07766557766557769,0.22010582010582014,0.17142857142857137,3.0,0.0,3677.0,3885.0,0.0,not_computed,not_computed,0.0,0.0,0.0,0.0,0.0,0.0,0.0,,,,,,,,,
7.709968642709263,7527.183395112239,0.0,0.4168587155466138,inf,-1000000.0,solver_failed_halo_only,2.0,inf,0.0,1.9321688260258318,3.6215530932675644,0.0,0.0,1000.0,light_constraint_failed,2.0,66.86096260601724,825.5471340204867,32.0,32.0,7310.0,166.03860868993223,0.020062637610193106,nonsingular_isothermal,1.0,0.01,2.0,0.3,1.0,0.0,strict_pass,1.0,none,none,,,1.0,1.0,1.0,1.0,1.0,1.0,0.0,0.0,0.0,0.0,0.0,3885.0,3885.0,1.0,inverse_phase_volume,geometric_mean,3885.0,3885.0,3885.0,0.0,420.0,0.0,0.0,5.351931752182433e+30,1.3944347756351896e+46,2605479367457481.5,1.340535834026101e-10,349273.84568924125,2.863082971548142e-06,7459703609.687538,2605479367457481.0,0.0
7.709968642709263,7527.183395112239,2500000.0,0.4168587155466138,inf,-1000000.0,orbit_fail_bh_up,2.0,inf,inf,inf,inf,0.0,0.0,0.0,incomplete_orbit_coverage,1.0,inf,inf,0.0,0.0,0.0,0.0,0.0,nonsingular_isothermal,1.0,0.01,2.0,0.3,1.0,0.0,severe_coverage_warn,0.0,multiple,multiple,1;2;8,Lfrac minimum coverage 0.777 is below 0.8 | Lfrac coverage gap 0.223 exceeds 0.1 | third_integral coverage gap 0.169 exceeds 0.1 | 5 planned shell-band/Lfrac/third-integral cells have no successful orbit,0.9456885456885457,1.0,0.9456885456885457,0.9092664092664092,0.7767195767195767,0.830952380952381,0.06786456786456796,0.2232804232804233,0.169047619047619,5.0,0.0,3674.0,3885.0,0.0,not_computed,not_computed,0.0,0.0,0.0,0.0,0.0,0.0,0.0,,,,,,,,,
7.709968642709263,7527.183395112239,1104848.9796119295,0.4168587155466138,inf,-1000000.0,orbit_fail_bh_down,2.0,inf,inf,inf,inf,0.0,0.0,0.0,incomplete_orbit_coverage,1.0,inf,inf,0.0,0.0,0.0,0.0,0.0,nonsingular_isothermal,1.0,0.01,2.0,0.3,1.0,0.0,severe_coverage_warn,0.0,none,multiple,,Lfrac coverage gap 0.158 exceeds 0.1 | third_integral coverage gap 0.16 exceeds 0.1,0.9616473616473616,1.0,0.9616473616473616,0.916988416988417,0.8423280423280424,0.8404761904761905,0.06845856845856846,0.15767195767195763,0.1595238095238095,0.0,0.0,3736.0,3885.0,0.0,not_computed,not_computed,0.0,0.0,0.0,0.0,0.0,0.0,0.0,,,,,,,,,
15.419937285418525,7527.183395112239,2209697.959223859,0.4168587155466138,inf,-1000000.0,orbit_fail_halo_up,2.0,inf,inf,inf,inf,0.0,0.0,0.0,incomplete_orbit_coverage,1.0,inf,inf,0.0,0.0,0.0,0.0,0.0,nonsingular_isothermal,1.0,0.01,2.0,0.3,1.0,0.0,severe_coverage_warn,0.0,none,multiple,,Lfrac coverage gap 0.124 exceeds 0.1 | third_integral coverage gap 0.126 exceeds 0.1,0.9698841698841699,1.0,0.9698841698841699,0.9227799227799228,0.8761904761904762,0.8738095238095238,0.07306207306207302,0.12380952380952381,0.1261904761904762,0.0,0.0,3768.0,3885.0,0.0,not_computed,not_computed,0.0,0.0,0.0,0.0,0.0,0.0,0.0,,,,,,,,,
3.8549843213546313,7527.183395112239,2209697.959223859,0.4168587155466138,inf,-1000000.0,orbit_fail_halo_down,2.0,inf,inf,inf,inf,0.0,0.0,0.0,incomplete_orbit_coverage,1.0,inf,inf,0.0,0.0,0.0,0.0,0.0,nonsingular_isothermal,1.0,0.01,2.0,0.3,1.0,0.0,severe_coverage_warn,0.0,multiple,multiple,1;2;3;4;5,Lfrac minimum coverage 0.729 is below 0.8 | Lfrac coverage gap 0.271 exceeds 0.1 | third_integral coverage gap 0.2 exceeds 0.1 | 11 planned shell-band/Lfrac/third-integral cells have no successful orbit,0.9341055341055341,1.0,0.9341055341055341,0.8976833976833977,0.7291005291005291,0.8,0.06697356697356704,0.27089947089947086,0.19999999999999996,11.0,0.0,3629.0,3885.0,0.0,not_computed,not_computed,0.0,0.0,0.0,0.0,0.0,0.0,0.0,,,,,,,,,
7.709968642709263,7527.183395112239,2209697.959223859,0.8337174310932276,inf,-1000000.0,orbit_fail_ml_up,2.0,inf,inf,inf,inf,0.0,0.0,0.0,incomplete_orbit_coverage,1.0,inf,inf,0.0,0.0,0.0,0.0,0.0,nonsingular_isothermal,1.0,0.01,2.0,0.3,1.0,0.0,severe_coverage_warn,0.0,inner,multiple,1;2,Lfrac minimum coverage 0.778 is below 0.8 | Lfrac coverage gap 0.222 exceeds 0.1 | third_integral coverage gap 0.162 exceeds 0.1 | 3 planned shell-band/Lfrac/third-integral cells have no successful orbit,0.9459459459459459,1.0,0.9459459459459459,0.9073359073359073,0.7777777777777778,0.8380952380952381,0.06979506979506989,0.2222222222222222,0.16190476190476188,3.0,0.0,3675.0,3885.0,0.0,not_computed,not_computed,0.0,0.0,0.0,0.0,0.0,0.0,0.0,,,,,,,,,
7.709968642709263,7527.183395112239,2209697.959223859,0.2084293577733069,inf,-1000000.0,orbit_fail_ml_down,2.0,inf,inf,inf,inf,0.0,0.0,0.0,incomplete_orbit_coverage,1.0,inf,inf,0.0,0.0,0.0,0.0,0.0,nonsingular_isothermal,1.0,0.01,2.0,0.3,1.0,0.0,severe_coverage_warn,0.0,inner,multiple,1;2,Lfrac minimum coverage 0.796 is below 0.8 | Lfrac coverage gap 0.204 exceeds 0.1 | third_integral coverage gap 0.155 exceeds 0.1 | 3 planned shell-band/Lfrac/third-integral cells have no successful orbit,0.9503217503217504,1.0,0.9503217503217504,0.9073359073359073,0.7957671957671958,0.8452380952380952,0.06563706563706573,0.2042328042328042,0.15476190476190477,3.0,0.0,3692.0,3885.0,0.0,not_computed,not_computed,0.0,0.0,0.0,0.0,0.0,0.0,0.0,,,,,,,,,
20.116393150467793,6434.808140740126,1809067.9229426684,1.2482152800935267,inf,-1000000.0,orbit_fail_full,3.0,inf,inf,inf,inf,0.0,0.0,0.0,incomplete_orbit_coverage,1.0,inf,inf,0.0,0.0,0.0,0.0,0.0,nonsingular_isothermal,1.0,0.01,2.0,0.3,1.0,0.0,severe_coverage_warn,0.0,none,multiple,,Lfrac coverage gap 0.122 exceeds 0.1 | third_integral coverage gap 0.14 exceeds 0.1,0.9703989703989704,1.0,0.9703989703989704,0.9517374517374517,0.8783068783068783,0.8595238095238096,0.04826254826254828,0.12169312169312174,0.14047619047619042,0.0,0.0,3770.0,3885.0,0.0,not_computed,not_computed,0.0,0.0,0.0,0.0,0.0,0.0,0.0,,,,,,,,,
20.116393150467793,6434.808140740126,0.0,1.2482152800935267,inf,-1000000.0,solver_failed_halo_only,3.0,inf,0.0,3.2322014439036226,5.049554368246628,0.0,0.0,1000.0,light_constraint_failed,2.0,334.2233425473376,3361.307930526743,32.0,32.0,7371.0,78.50245169198641,0.04295126431434844,nonsingular_isothermal,1.0,0.01,2.0,0.3,1.0,0.0,strict_pass,1.0,none,none,,,0.9981981981981982,1.0,0.9981981981981982,0.9864864864864865,0.9936507936507937,0.9976190476190476,0.013513513513513487,0.006349206349206327,0.0023809523809523725,0.0,0.0,3878.0,3885.0,1.0,inverse_phase_volume,geometric_mean,3878.0,3878.0,3878.0,0.0,420.0,0.0,0.0,8.489735777656715e+32,1.7603629752775683e+48,2073519154636698.2,1.0627819377749746e-09,2203698.705178337,4.5378254189202954e-07,940926792.6528616,2073519154636716.8,0.0
20.116393150467793,6434.808140740126,2500000.0,1.2482152800935267,inf,-1000000.0,orbit_fail_bh_up,3.0,inf,inf,inf,inf,0.0,0.0,0.0,incomplete_orbit_coverage,1.0,inf,inf,0.0,0.0,0.0,0.0,0.0,nonsingular_isothermal,1.0,0.01,2.0,0.3,1.0,0.0,severe_coverage_warn,0.0,none,multiple,,Lfrac coverage gap 0.123 exceeds 0.1 | third_integral coverage gap 0.138 exceeds 0.1,0.9701415701415701,1.0,0.9701415701415701,0.9517374517374517,0.8772486772486773,0.861904761904762,0.046183546183546254,0.12275132275132272,0.13809523809523805,0.0,0.0,3769.0,3885.0,0.0,not_computed,not_computed,0.0,0.0,0.0,0.0,0.0,0.0,0.0,,,,,,,,,
20.116393150467793,6434.808140740126,904533.9614713342,1.2482152800935267,inf,-1000000.0,orbit_fail_bh_down,3.0,inf,inf,inf,inf,0.0,0.0,0.0,incomplete_orbit_coverage,1.0,inf,inf,0.0,0.0,0.0,0.0,0.0,nonsingular_isothermal,1.0,0.01,2.0,0.3,1.0,0.0,severe_coverage_warn,0.0,none,multiple,,Lfrac coverage gap 0.117 exceeds 0.1 | third_integral coverage gap 0.136 exceeds 0.1,0.9714285714285714,1.0,0.9714285714285714,0.9498069498069498,0.8825396825396825,0.8642857142857143,0.050193050193050204,0.11746031746031749,0.13571428571428568,0.0,0.0,3774.0,3885.0,0.0,not_computed,not_computed,0.0,0.0,0.0,0.0,0.0,0.0,0.0,,,,,,,,,
30.0,6434.808140740126,1809067.9229426684,1.2482152800935267,inf,-1000000.0,orbit_fail_halo_up,3.0,inf,inf,inf,inf,0.0,0.0,0.0,incomplete_orbit_coverage,1.0,inf,inf,0.0,0.0,0.0,0.0,0.0,nonsingular_isothermal,1.0,0.01,2.0,0.3,1.0,0.0,severe_coverage_warn,0.0,none,multiple,,Lfrac coverage gap 0.11 exceeds 0.1 | third_integral coverage gap 0.131 exceeds 0.1,0.9732303732303732,1.0,0.9732303732303732,0.9536679536679536,0.8899470899470899,0.8690476190476191,0.04633204633204635,0.11005291005291007,0.13095238095238093,0.0,0.0,3781.0,3885.0,0.0,not_computed,not_computed,0.0,0.0,0.0,0.0,0.0,0.0,0.0,,,,,,,,,
10.058196575233897,6434.808140740126,1809067.9229426684,1.2482152800935267,inf,-1000000.0,orbit_fail_halo_down,3.0,inf,inf,inf,inf,0.0,0.0,0.0,incomplete_orbit_coverage,1.0,inf,inf,0.0,0.0,0.0,0.0,0.0,nonsingular_isothermal,1.0,0.01,2.0,0.3,1.0,0.0,severe_coverage_warn,0.0,none,multiple,,Lfrac coverage gap 0.193 exceeds 0.1 | third_integral coverage gap 0.174 exceeds 0.1,0.9531531531531532,1.0,0.9531531531531532,0.9131274131274131,0.8074074074074075,0.8261904761904761,0.07024057024057029,0.19259259259259254,0.17380952380952386,0.0,0.0,3703.0,3885.0,0.0,not_computed,not_computed,0.0,0.0,0.0,0.0,0.0,0.0,0.0,,,,,,,,,
20.116393150467793,6434.808140740126,1809067.9229426684,1.6,inf,-1000000.0,orbit_fail_ml_up,3.0,inf,inf,inf,inf,0.0,0.0,0.0,incomplete_orbit_coverage,1.0,inf,inf,0.0,0.0,0.0,0.0,0.0,nonsingular_isothermal,1.0,0.01,2.0,0.3,1.0,0.0,severe_coverage_warn,0.0,none,multiple,,Lfrac coverage gap 0.131 exceeds 0.1 | third_integral coverage gap 0.145 exceeds 0.1,0.968082368082368,1.0,0.968082368082368,0.9459459459459459,0.8687830687830688,0.8547619047619047,0.05405405405405406,0.13121693121693123,0.14523809523809528,0.0,0.0,3761.0,3885.0,0.0,not_computed,not_computed,0.0,0.0,0.0,0.0,0.0,0.0,0.0,,,,,,,,,
20.116393150467793,6434.808140740126,1809067.9229426684,0.6241076400467633,inf,-1000000.0,orbit_fail_ml_down,3.0,inf,inf,inf,inf,0.0,0.0,0.0,incomplete_orbit_coverage,1.0,inf,inf,0.0,0.0,0.0,0.0,0.0,nonsingular_isothermal,1.0,0.01,2.0,0.3,1.0,0.0,severe_coverage_warn,0.0,none,multiple,,Lfrac coverage gap 0.117 exceeds 0.1 | third_integral coverage gap 0.138 exceeds 0.1,0.9714285714285714,1.0,0.9714285714285714,0.9478764478764479,0.8825396825396825,0.861904761904762,0.05004455004455011,0.11746031746031749,0.13809523809523805,0.0,0.0,3774.0,3885.0,0.0,not_computed,not_computed,0.0,0.0,0.0,0.0,0.0,0.0,0.0,,,,,,,,,
24.556421848621486,979.9873201603114,8884.76802028887,0.5231334616738458,inf,-1000000.0,solver_failed_full,4.0,inf,0.0,2.081049099930444,2.968173394036445,0.0,0.0,1000.0,light_constraint_failed,2.0,24.200664986562074,138.07730647984607,32.0,32.0,7678.0,168.56203681981694,0.022893380576723885,nonsingular_isothermal,1.0,0.01,2.0,0.3,1.0,0.0,strict_pass,1.0,none,none,,,0.9979407979407979,1.0,0.9979407979407979,0.9845559845559846,0.9936507936507937,0.9952380952380953,0.015444015444015413,0.006349206349206327,0.004761904761904745,0.0,0.0,3877.0,3885.0,1.0,inverse_phase_volume,geometric_mean,3877.0,3877.0,3877.0,0.0,420.0,0.0,0.0,2.096630476707156e+37,4.716271304115569e+51,224945280368272.9,1.1363399767545283e-09,255614.31466472198,3.912143970933928e-06,880018322.3827736,224945280368271.06,0.0
24.556421848621486,979.9873201603114,0.0,0.5231334616738458,inf,-1000000.0,solver_failed_halo_only,4.0,inf,0.0,0.8994295219378831,2.2673644322030784,0.0,0.0,1000.0,light_constraint_failed,2.0,91.89168011326466,73.45571279608413,32.0,32.0,4146.0,120.1945665695647,0.02537749871994696,nonsingular_isothermal,1.0,0.01,2.0,0.3,1.0,0.0,strict_pass,1.0,none,none,,,0.9974259974259975,1.0,0.9974259974259975,0.9806949806949807,0.9915343915343915,0.9952380952380953,0.019305019305019266,0.00846560846560851,0.004761904761904745,0.0,0.0,3875.0,3885.0,1.0,inverse_phase_volume,geometric_mean,3875.0,3875.0,3875.0,0.0,420.0,0.0,0.0,1.7479323918525767e+32,5.0498747927153334e+51,2.8890561306911506e+19,3.5312707614051475e-12,102020394.42367877,9.801961712156463e-09,283184175773.0536,2.8890561306911306e+19,0.0
24.556421848621486,979.9873201603114,17769.53604057774,0.5231334616738458,inf,-1000000.0,solver_failed_bh_up,4.0,inf,0.0,1.362982230784191,3.8662070054786635,0.0,0.0,1000.0,light_constraint_failed,2.0,40.96600081943017,48.374441692193535,32.0,32.0,7679.0,313.4041915811626,0.015445905765674759,nonsingular_isothermal,1.0,0.01,2.0,0.3,1.0,0.0,strict_pass,1.0,none,none,,,0.9963963963963964,1.0,0.9963963963963964,0.972972972972973,0.9873015873015873,0.9880952380952381,0.027027027027026973,0.012698412698412653,0.011904761904761862,0.0,0.0,3871.0,3885.0,1.0,inverse_phase_volume,geometric_mean,3871.0,3871.0,3871.0,0.0,420.0,0.0,0.0,2.7937403031565107e+38,2.974476601793579e+51,10646933068305.824,7.3904934392016125e-09,78686.08898893287,1.270872669933626e-05,135308962.55122432,10646933068305.822,0.0
24.556421848621486,979.9873201603114,4442.384010144435,0.5231334616738458,inf,-1000000.0,solver_failed_bh_down,4.0,inf,0.0,2.460840886273474,3.480154556209835,0.0,0.0,1000.0,light_constraint_failed,2.0,20.375129177377538,254.59682187420216,32.0,32.0,7653.0,131.80714056217306,0.024929680579795492,nonsingular_isothermal,1.0,0.01,2.0,0.3,1.0,0.0,strict_pass,1.0,none,none,,,0.9976833976833976,1.0,0.9976833976833976,0.9826254826254827,0.9925925925925926,0.9952380952380953,0.01737451737451734,0.007407407407407418,0.004761904761904745,0.0,0.0,3876.0,3885.0,1.0,inverse_phase_volume,geometric_mean,3876.0,3876.0,3876.0,0.0,420.0,0.0,0.0,2.0677902004257025e+39,4.9037111366264055e+51,2371474212237.2295,2.034768106582877e-07,482540.0092644073,2.0723670178653542e-06,4914564.941158663,2371474212237.232,0.0
30.0,979.9873201603114,8884.76802028887,0.5231334616738458,inf,-1000000.0,solver_failed_halo_up,4.0,inf,0.0,2.3668446101406344,3.34722374769022,0.0,0.0,1000.0,light_constraint_failed,2.0,24.620864947264067,186.01864740355194,32.0,32.0,7636.0,142.9042883557064,0.023410503623270854,nonsingular_isothermal,1.0,0.01,2.0,0.3,1.0,0.0,strict_pass,1.0,none,none,,,0.9976833976833976,1.0,0.9976833976833976,0.9826254826254827,0.9925925925925926,0.9928571428571429,0.01737451737451734,0.007407407407407418,0.0071428571428571175,0.0,0.0,3876.0,3885.0,1.0,inverse_phase_volume,geometric_mean,3876.0,3876.0,3876.0,0.0,420.0,0.0,0.0,1.500544813595953e+39,1.0762420531823913e+52,7172341961605.604,5.3760326846978794e-08,385587.4481142219,2.593445416573238e-06,18601077.386422135,7172341961605.671,0.0
12.278210924310743,979.9873201603114,8884.76802028887,0.5231334616738458,inf,-1000000.0,solver_failed_halo_down,4.0,inf,0.0,1.7931433691553156,4.017052054283694,0.0,0.0,1000.0,light_constraint_failed,2.0,45.94340970628074,68.47778237917163,32.0,32.0,5683.0,300.8719925027526,0.015069902065997353,nonsingular_isothermal,1.0,0.01,2.0,0.3,1.0,0.0,strict_pass,1.0,none,none,,,0.9976833976833976,1.0,0.9976833976833976,0.9826254826254827,0.9925925925925926,0.9952380952380953,0.01737451737451734,0.007407407407407418,0.004761904761904745,0.0,0.0,3876.0,3885.0,1.0,inverse_phase_volume,geometric_mean,3876.0,3876.0,3876.0,0.0,420.0,0.0,0.0,5.544310197055974e+39,1.3855611803742545e+50,24990686507.94443,1.1554880844529091e-06,28876.44048222769,3.4630307035780974e-05,865435.1468050592,24990686507.94427,0.0
24.556421848621486,979.9873201603114,8884.76802028887,1.0462669233476916,inf,-1000000.0,solver_failed_ml_up,4.0,inf,0.0,2.093495870067507,2.979417677647644,0.0,0.0,1000.0,light_constraint_failed,2.0,24.391460798529977,138.17838403060094,32.0,32.0,7682.0,169.9207575251564,0.022808931051857422,nonsingular_isothermal,1.0,0.01,2.0,0.3,1.0,0.0,strict_pass,1.0,none,none,,,0.9979407979407979,1.0,0.9979407979407979,0.9845559845559846,0.9936507936507937,0.9952380952380953,0.015444015444015413,0.006349206349206327,0.004761904761904745,0.0,0.0,3877.0,3885.0,1.0,inverse_phase_volume,geometric_mean,3877.0,3877.0,3877.0,0.0,420.0,0.0,0.0,1.2447775347322572e+40,4.7164830842984894e+51,378901687466.0235,6.628448252286676e-07,251153.02280726325,3.981636330005105e-06,1508648.7243149572,378901687466.0231,0.0
24.556421848621486,979.9873201603114,8884.76802028887,0.2615667308369229,inf,-1000000.0,solver_failed_ml_down,4.0,inf,0.0,2.0829794883741917,2.962433550211996,0.0,0.0,1000.0,light_constraint_failed,2.0,24.157453846801015,138.72310911429102,32.0,32.0,7671.0,166.79046635275083,0.022920228193937197,nonsingular_isothermal,1.0,0.01,2.0,0.3,1.0,0.0,strict_pass,1.0,none,none,,,0.9969111969111969,1.0,0.9969111969111969,0.9768339768339769,0.9894179894179894,0.9880952380952381,0.02316602316602312,0.010582010582010581,0.011904761904761862,0.0,0.0,3873.0,3885.0,1.0,inverse_phase_volume,geometric_mean,3873.0,3873.0,3873.0,0.0,420.0,0.0,0.0,4.0087222189577845e+39,4.71614007076552e+51,1176469661195.845,2.164605255716446e-07,254659.24118154947,3.926816067464399e-06,4619779.968468281,1176469661195.8552,0.0
0.3676539994904926,3536.0635688802586,463203.6929074951,1.3098757652208977,inf,-1000000.0,orbit_fail_full,5.0,inf,inf,inf,inf,0.0,0.0,0.0,incomplete_orbit_coverage,1.0,inf,inf,0.0,0.0,0.0,0.0,0.0,nonsingular_isothermal,1.0,0.01,2.0,0.3,1.0,0.0,severe_coverage_warn,0.0,multiple,multiple,1;2;3;4;5;6;7;8,Lfrac minimum coverage 0.646 is below 0.8 | Lfrac coverage gap 0.354 exceeds 0.1 | third_integral minimum coverage 0.75 is below 0.8 | third_integral coverage gap 0.25 exceeds 0.1 | 23 planned shell-band/Lfrac/third-integral cells have no successful orbit,0.9137709137709138,1.0,0.9137709137709138,0.9022869022869023,0.6455026455026455,0.75,0.016632016632016633,0.35449735449735453,0.25,23.0,0.0,3550.0,3885.0,0.0,not_computed,not_computed,0.0,0.0,0.0,0.0,0.0,0.0,0.0,,,,,,,,,
0.3676539994904926,3536.0635688802586,0.0,1.3098757652208977,inf,-1000000.0,orbit_fail_halo_only,5.0,inf,inf,inf,inf,0.0,0.0,0.0,incomplete_orbit_coverage,1.0,inf,inf,0.0,0.0,0.0,0.0,0.0,nonsingular_isothermal,1.0,0.01,2.0,0.3,1.0,0.0,severe_coverage_warn,0.0,multiple,multiple,2;3;4;5;6,shell_band minimum coverage 0.763 is below 0.8 | shell_band coverage gap 0.233 exceeds 0.1 | Lfrac minimum coverage 0.733 is below 0.8 | Lfrac coverage gap 0.267 exceeds 0.1 | third_integral coverage gap 0.186 exceeds 0.1 | 10 planned shell-band/Lfrac/third-integral cells have no successful orbit,0.9014157014157014,1.0,0.9014157014157014,0.762993762993763,0.7333333333333333,0.8142857142857143,0.23284823284823286,0.2666666666666667,0.18571428571428572,10.0,0.0,3502.0,3885.0,0.0,not_computed,not_computed,0.0,0.0,0.0,0.0,0.0,0.0,0.0,,,,,,,,,
0.3676539994904926,3536.0635688802586,926407.3858149901,1.3098757652208977,inf,-1000000.0,orbit_fail_bh_up,5.0,inf,inf,inf,inf,0.0,0.0,0.0,incomplete_orbit_coverage,1.0,inf,inf,0.0,0.0,0.0,0.0,0.0,nonsingular_isothermal,1.0,0.01,2.0,0.3,1.0,0.0,severe_coverage_warn,0.0,multiple,multiple,1;2;3;4;5;6;7;8,Lfrac minimum coverage 0.659 is below 0.8 | Lfrac coverage gap 0.341 exceeds 0.1 | third_integral minimum coverage 0.75 is below 0.8 | third_integral coverage gap 0.25 exceeds 0.1 | 24 planned shell-band/Lfrac/third-integral cells have no successful orbit,0.9171171171171171,1.0,0.9171171171171171,0.9106029106029107,0.6592592592592592,0.75,0.008316008316008316,0.3407407407407408,0.25,24.0,0.0,3563.0,3885.0,0.0,not_computed,not_computed,0.0,0.0,0.0,0.0,0.0,0.0,0.0,,,,,,,,,
0.3676539994904926,3536.0635688802586,231601.84645374754,1.3098757652208977,inf,-1000000.0,orbit_fail_bh_down,5.0,inf,inf,inf,inf,0.0,0.0,0.0,incomplete_orbit_coverage,1.0,inf,inf,0.0,0.0,0.0,0.0,0.0,nonsingular_isothermal,1.0,0.01,2.0,0.3,1.0,0.0,severe_coverage_warn,0.0,multiple,multiple,1;2;3;4;5;6;7;8,Lfrac minimum coverage 0.655 is below 0.8 | Lfrac coverage gap 0.345 exceeds 0.1 | third_integral minimum coverage 0.75 is below 0.8 | third_integral coverage gap 0.25 exceeds 0.1 | 23 planned shell-band/Lfrac/third-integral cells have no successful orbit,0.916087516087516,1.0,0.916087516087516,0.9106029106029107,0.6550264550264551,0.75,0.008316008316008316,0.34497354497354493,0.25,23.0,0.0,3559.0,3885.0,0.0,not_computed,not_computed,0.0,0.0,0.0,0.0,0.0,0.0,0.0,,,,,,,,,
0.7353079989809852,3536.0635688802586,463203.6929074951,1.3098757652208977,inf,-1000000.0,orbit_fail_halo_up,5.0,inf,inf,inf,inf,0.0,0.0,0.0,incomplete_orbit_coverage,1.0,inf,inf,0.0,0.0,0.0,0.0,0.0,nonsingular_isothermal,1.0,0.01,2.0,0.3,1.0,0.0,severe_coverage_warn,0.0,multiple,multiple,1;2;3;4;5;6;7;8,Lfrac minimum coverage 0.648 is below 0.8 | Lfrac coverage gap 0.352 exceeds 0.1 | third_integral minimum coverage 0.75 is below 0.8 | third_integral coverage gap 0.25 exceeds 0.1 | 22 planned shell-band/Lfrac/third-integral cells have no successful orbit,0.9142857142857143,1.0,0.9142857142857143,0.8898128898128899,0.6476190476190476,0.75,0.03534303534303529,0.35238095238095235,0.25,22.0,0.0,3552.0,3885.0,0.0,not_computed,not_computed,0.0,0.0,0.0,0.0,0.0,0.0,0.0,,,,,,,,,
0.1838269997452463,3536.0635688802586,463203.6929074951,1.3098757652208977,inf,-1000000.0,orbit_fail_halo_down,5.0,inf,inf,inf,inf,0.0,0.0,0.0,incomplete_orbit_coverage,1.0,inf,inf,0.0,0.0,0.0,0.0,0.0,nonsingular_isothermal,1.0,0.01,2.0,0.3,1.0,0.0,severe_coverage_warn,0.0,multiple,multiple,1;2;3;4;5;6;7;8,Lfrac minimum coverage 0.665 is below 0.8 | Lfrac coverage gap 0.335 exceeds 0.1 | third_integral minimum coverage 0.75 is below 0.8 | third_integral coverage gap 0.25 exceeds 0.1 | 24 planned shell-band/Lfrac/third-integral cells have no successful orbit,0.9184041184041184,1.0,0.9184041184041184,0.9168399168399168,0.6645502645502646,0.75,0.0020790020790021346,0.33544973544973544,0.25,24.0,0.0,3568.0,3885.0,0.0,not_computed,not_computed,0.0,0.0,0.0,0.0,0.0,0.0,0.0,,,,,,,,,
0.3676539994904926,3536.0635688802586,463203.6929074951,1.6,inf,-1000000.0,orbit_fail_ml_up,5.0,inf,inf,inf,inf,0.0,0.0,0.0,incomplete_orbit_coverage,1.0,inf,inf,0.0,0.0,0.0,0.0,0.0,nonsingular_isothermal,1.0,0.01,2.0,0.3,1.0,0.0,severe_coverage_warn,0.0,multiple,multiple,1;2;3;4;5;6;7;8,Lfrac minimum coverage 0.66 is below 0.8 | Lfrac coverage gap 0.34 exceeds 0.1 | third_integral minimum coverage 0.75 is below 0.8 | third_integral coverage gap 0.25 exceeds 0.1 | 22 planned shell-band/Lfrac/third-integral cells have no successful orbit,0.9173745173745174,1.0,0.9173745173745174,0.9147609147609148,0.6603174603174603,0.75,0.004158004158004158,0.3396825396825397,0.25,22.0,0.0,3564.0,3885.0,0.0,not_computed,not_computed,0.0,0.0,0.0,0.0,0.0,0.0,0.0,,,,,,,,,
0.3676539994904926,3536.0635688802586,463203.6929074951,0.6549378826104488,inf,-1000000.0,orbit_fail_ml_down,5.0,inf,inf,inf,inf,0.0,0.0,0.0,incomplete_orbit_coverage,1.0,inf,inf,0.0,0.0,0.0,0.0,0.0,nonsingular_isothermal,1.0,0.01,2.0,0.3,1.0,0.0,severe_coverage_warn,0.0,multiple,multiple,1;2;3;4;5;6;7;8,Lfrac minimum coverage 0.65 is below 0.8 | Lfrac coverage gap 0.35 exceeds 0.1 | third_integral minimum coverage 0.75 is below 0.8 | third_integral coverage gap 0.25 exceeds 0.1 | 23 planned shell-band/Lfrac/third-integral cells have no successful orbit,0.9148005148005148,1.0,0.9148005148005148,0.9002079002079002,0.6497354497354497,0.75,0.018711018711018768,0.3502645502645503,0.25,23.0,0.0,3554.0,3885.0,0.0,not_computed,not_computed,0.0,0.0,0.0,0.0,0.0,0.0,0.0,,,,,,,,,
18.365160769593494,8994.391825439887,788419.4486085247,0.7693176195502593,inf,-1000000.0,orbit_fail_full,6.0,inf,inf,inf,inf,0.0,0.0,0.0,incomplete_orbit_coverage,1.0,inf,inf,0.0,0.0,0.0,0.0,0.0,nonsingular_isothermal,1.0,0.01,2.0,0.3,1.0,0.0,severe_coverage_warn,0.0,none,multiple,,Lfrac coverage gap 0.109 exceeds 0.1 | third_integral coverage gap 0.136 exceeds 0.1,0.9734877734877735,1.0,0.9734877734877735,0.9498069498069498,0.891005291005291,0.8642857142857143,0.050193050193050204,0.10899470899470898,0.13571428571428568,0.0,0.0,3782.0,3885.0,0.0,not_computed,not_computed,0.0,0.0,0.0,0.0,0.0,0.0,0.0,,,,,,,,,
18.365160769593494,8994.391825439887,0.0,0.7693176195502593,inf,-1000000.0,solver_failed_halo_only,6.0,inf,0.0,3.1111430961991378,4.399820761127815,0.0,0.0,1000.0,light_constraint_failed,2.0,214.08084552039927,2471.94812344712,32.0,32.0,7409.0,90.51012872025335,0.030413579653732873,nonsingular_isothermal,1.0,0.01,2.0,0.3,1.0,0.0,strict_pass,1.0,none,none,,,0.9994851994851995,1.0,0.9994851994851995,0.9961389961389961,0.9989417989417989,0.9976190476190476,0.0038610038610038533,0.0010582010582010914,0.0023809523809523725,0.0,0.0,3883.0,3885.0,1.0,inverse_phase_volume,geometric_mean,3883.0,3883.0,3883.0,0.0,420.0,0.0,0.0,1.6191336340368004e+32,3.2671903267403787e+47,2017863293096239.0,7.041403137596561e-10,1420858.8923248851,7.037996562514006e-07,1420171492.0434587,2017863293096248.2,0.0
18.365160769593494,8994.391825439887,1576838.8972170495,0.7693176195502593,inf,-1000000.0,orbit_fail_bh_up,6.0,inf,inf,inf,inf,0.0,0.0,0.0,incomplete_orbit_coverage,1.0,inf,inf,0.0,0.0,0.0,0.0,0.0,nonsingular_isothermal,1.0,0.01,2.0,0.3,1.0,0.0,severe_coverage_warn,0.0,none,multiple,,Lfrac coverage gap 0.144 exceeds 0.1 | third_integral coverage gap 0.16 exceeds 0.1,0.964993564993565,1.0,0.964993564993565,0.944015444015444,0.8560846560846561,0.8404761904761905,0.055984555984555984,0.14391534391534389,0.1595238095238095,0.0,0.0,3749.0,3885.0,0.0,not_computed,not_computed,0.0,0.0,0.0,0.0,0.0,0.0,0.0,,,,,,,,,
18.365160769593494,8994.391825439887,394209.7243042624,0.7693176195502593,inf,-1000000.0,orbit_fail_bh_down,6.0,inf,inf,inf,inf,0.0,0.0,0.0,incomplete_orbit_coverage,1.0,inf,inf,0.0,0.0,0.0,0.0,0.0,nonsingular_isothermal,1.0,0.01,2.0,0.3,1.0,0.0,severe_coverage_warn,0.0,none,multiple,,Lfrac coverage gap 0.121 exceeds 0.1 | third_integral coverage gap 0.143 exceeds 0.1,0.9706563706563707,1.0,0.9706563706563707,0.944015444015444,0.8793650793650793,0.8571428571428571,0.055984555984555984,0.12063492063492065,0.1428571428571429,0.0,0.0,3771.0,3885.0,0.0,not_computed,not_computed,0.0,0.0,0.0,0.0,0.0,0.0,0.0,,,,,,,,,
30.0,8994.391825439887,788419.4486085247,0.7693176195502593,inf,-1000000.0,orbit_fail_halo_up,6.0,inf,inf,inf,inf,0.0,0.0,0.0,incomplete_orbit_coverage,1.0,inf,inf,0.0,0.0,0.0,0.0,0.0,nonsingular_isothermal,1.0,0.01,2.0,0.3,1.0,0.0,severe_coverage_warn,0.0,none,multiple,,Lfrac coverage gap 0.132 exceeds 0.1 | third_integral coverage gap 0.152 exceeds 0.1,0.9678249678249679,1.0,0.9678249678249679,0.9401544401544402,0.8677248677248677,0.8476190476190476,0.05984555984555984,0.13227513227513232,0.1523809523809524,0.0,0.0,3760.0,3885.0,0.0,not_computed,not_computed,0.0,0.0,0.0,0.0,0.0,0.0,0.0,,,,,,,,,
9.182580384796747,8994.391825439887,788419.4486085247,0.7693176195502593,inf,-1000000.0,orbit_fail_halo_down,6.0,inf,inf,inf,inf,0.0,0.0,0.0,incomplete_orbit_coverage,1.0,inf,inf,0.0,0.0,0.0,0.0,0.0,nonsingular_isothermal,1.0,0.01,2.0,0.3,1.0,0.0,severe_coverage_warn,0.0,none,multiple,,Lfrac coverage gap 0.162 exceeds 0.1 | third_integral coverage gap 0.164 exceeds 0.1,0.9606177606177606,1.0,0.9606177606177606,0.9208494208494209,0.8380952380952381,0.8357142857142857,0.06875556875556876,0.16190476190476188,0.16428571428571426,0.0,0.0,3732.0,3885.0,0.0,not_computed,not_computed,0.0,0.0,0.0,0.0,0.0,0.0,0.0,,,,,,,,,
18.365160769593494,8994.391825439887,788419.4486085247,1.5386352391005187,inf,-1000000.0,orbit_fail_ml_up,6.0,inf,inf,inf,inf,0.0,0.0,0.0,incomplete_orbit_coverage,1.0,inf,inf,0.0,0.0,0.0,0.0,0.0,nonsingular_isothermal,1.0,0.01,2.0,0.3,1.0,0.0,severe_coverage_warn,0.0,none,multiple,,Lfrac coverage gap 0.119 exceeds 0.1 | third_integral coverage gap 0.117 exceeds 0.1,0.9711711711711711,1.0,0.9711711711711711,0.9555984555984556,0.8814814814814815,0.8833333333333333,0.0423225423225424,0.11851851851851847,0.1166666666666667,0.0,0.0,3773.0,3885.0,0.0,not_computed,not_computed,0.0,0.0,0.0,0.0,0.0,0.0,0.0,,,,,,,,,
18.365160769593494,8994.391825439887,788419.4486085247,0.3846588097751297,inf,-1000000.0,orbit_fail_ml_down,6.0,inf,inf,inf,inf,0.0,0.0,0.0,incomplete_orbit_coverage,1.0,inf,inf,0.0,0.0,0.0,0.0,0.0,nonsingular_isothermal,1.0,0.01,2.0,0.3,1.0,0.0,severe_coverage_warn,0.0,none,multiple,,Lfrac coverage gap 0.131 exceeds 0.1 | third_integral coverage gap 0.15 exceeds 0.1,0.968082368082368,1.0,0.968082368082368,0.944015444015444,0.8687830687830688,0.85,0.055984555984555984,0.13121693121693123,0.15000000000000002,0.0,0.0,3761.0,3885.0,0.0,not_computed,not_computed,0.0,0.0,0.0,0.0,0.0,0.0,0.0,,,,,,,,,
29.407758110329265,5421.10973380812,605736.5298573258,0.553138354961895,inf,-1000000.0,orbit_fail_full,7.0,inf,inf,inf,inf,0.0,0.0,0.0,incomplete_orbit_coverage,1.0,inf,inf,0.0,0.0,0.0,0.0,0.0,nonsingular_isothermal,1.0,0.01,2.0,0.3,1.0,0.0,severe_coverage_warn,0.0,none,theta,,third_integral coverage gap 0.117 exceeds 0.1,0.9776061776061776,1.0,0.9776061776061776,0.9613899613899614,0.9079365079365079,0.8833333333333333,0.038610038610038644,0.09206349206349207,0.1166666666666667,0.0,0.0,3798.0,3885.0,0.0,not_computed,not_computed,0.0,0.0,0.0,0.0,0.0,0.0,0.0,,,,,,,,,
29.407758110329265,5421.10973380812,0.0,0.553138354961895,inf,-1000000.0,solver_failed_halo_only,7.0,inf,0.0,2.2142687166801047,4.507529994353725,0.0,0.0,1000.0,light_constraint_failed,2.0,911.6968049094907,972.3529147328488,32.0,32.0,6772.0,78.52127456763166,0.03054099302050736,nonsingular_isothermal,1.0,0.01,2.0,0.3,1.0,0.0,strict_pass,1.0,none,none,,,0.9994851994851995,1.0,0.9994851994851995,0.9961389961389961,0.9978835978835979,0.9976190476190476,0.0038610038610038533,0.002116402116402072,0.0023809523809523725,0.0,0.0,3883.0,3885.0,1.0,inverse_phase_volume,geometric_mean,3883.0,3883.0,3883.0,0.0,420.0,0.0,0.0,5.63491317379337e+33,1.62609055196515e+49,2885741983616903.5,7.979238654219983e-09,23026023.981781602,4.342912179676392e-08,125325240.08053444,2885741983616922.5,0.0
29.407758110329265,5421.10973380812,1211473.0597146517,0.553138354961895,inf,-1000000.0,orbit_fail_bh_up,7.0,inf,inf,inf,inf,0.0,0.0,0.0,incomplete_orbit_coverage,1.0,inf,inf,0.0,0.0,0.0,0.0,0.0,nonsingular_isothermal,1.0,0.01,2.0,0.3,1.0,0.0,severe_coverage_warn,0.0,none,theta,,third_integral coverage gap 0.124 exceeds 0.1,0.9758043758043758,1.0,0.9758043758043758,0.9613899613899614,0.9005291005291005,0.8761904761904762,0.038610038610038644,0.09947089947089949,0.12380952380952381,0.0,0.0,3791.0,3885.0,0.0,not_computed,not_computed,0.0,0.0,0.0,0.0,0.0,0.0,0.0,,,,,,,,,
29.407758110329265,5421.10973380812,302868.2649286629,0.553138354961895,inf,-1000000.0,orbit_fail_bh_down,7.0,inf,inf,inf,inf,0.0,0.0,0.0,incomplete_orbit_coverage,1.0,inf,inf,0.0,0.0,0.0,0.0,0.0,nonsingular_isothermal,1.0,0.01,2.0,0.3,1.0,0.0,severe_coverage_warn,0.0,none,theta,,third_integral coverage gap 0.136 exceeds 0.1,0.9763191763191763,1.0,0.9763191763191763,0.9542619542619543,0.9026455026455027,0.8642857142857143,0.04573804573804574,0.0973544973544973,0.13571428571428568,0.0,0.0,3793.0,3885.0,0.0,not_computed,not_computed,0.0,0.0,0.0,0.0,0.0,0.0,0.0,,,,,,,,,
30.0,5421.10973380812,605736.5298573258,0.553138354961895,inf,-1000000.0,orbit_fail_halo_up,7.0,inf,inf,inf,inf,0.0,0.0,0.0,incomplete_orbit_coverage,1.0,inf,inf,0.0,0.0,0.0,0.0,0.0,nonsingular_isothermal,1.0,0.01,2.0,0.3,1.0,0.0,severe_coverage_warn,0.0,none,theta,,third_integral coverage gap 0.129 exceeds 0.1,0.9776061776061776,1.0,0.9776061776061776,0.9594594594594594,0.9079365079365079,0.8714285714285714,0.04054054054054057,0.09206349206349207,0.12857142857142856,0.0,0.0,3798.0,3885.0,0.0,not_computed,not_computed,0.0,0.0,0.0,0.0,0.0,0.0,0.0,,,,,,,,,
14.703879055164633,5421.10973380812,605736.5298573258,0.553138354961895,inf,-1000000.0,orbit_fail_halo_down,7.0,inf,inf,inf,inf,0.0,0.0,0.0,incomplete_orbit_coverage,1.0,inf,inf,0.0,0.0,0.0,0.0,0.0,nonsingular_isothermal,1.0,0.01,2.0,0.3,1.0,0.0,severe_coverage_warn,0.0,none,theta,,third_integral coverage gap 0.11 exceeds 0.1,0.9763191763191763,1.0,0.9763191763191763,0.9594594594594594,0.9026455026455027,0.8904761904761904,0.04054054054054057,0.0973544973544973,0.10952380952380958,0.0,0.0,3793.0,3885.0,0.0,not_computed,not_computed,0.0,0.0,0.0,0.0,0.0,0.0,0.0,,,,,,,,,
29.407758110329265,5421.10973380812,605736.5298573258,1.10627670992379,inf,-1000000.0,orbit_fail_ml_up,7.0,inf,inf,inf,inf,0.0,0.0,0.0,incomplete_orbit_coverage,1.0,inf,inf,0.0,0.0,0.0,0.0,0.0,nonsingular_isothermal,1.0,0.01,2.0,0.3,1.0,0.0,severe_coverage_warn,0.0,none,multiple,,Lfrac coverage gap 0.104 exceeds 0.1 | third_integral coverage gap 0.138 exceeds 0.1,0.9747747747747748,1.0,0.9747747747747748,0.9584199584199584,0.8962962962962963,0.861904761904762,0.04158004158004158,0.10370370370370374,0.13809523809523805,0.0,0.0,3787.0,3885.0,0.0,not_computed,not_computed,0.0,0.0,0.0,0.0,0.0,0.0,0.0,,,,,,,,,
29.407758110329265,5421.10973380812,605736.5298573258,0.2765691774809475,inf,-1000000.0,orbit_fail_ml_down,7.0,inf,inf,inf,inf,0.0,0.0,0.0,incomplete_orbit_coverage,1.0,inf,inf,0.0,0.0,0.0,0.0,0.0,nonsingular_isothermal,1.0,0.01,2.0,0.3,1.0,0.0,severe_coverage_warn,0.0,none,theta,,third_integral coverage gap 0.102 exceeds 0.1,0.9776061776061776,1.0,0.9776061776061776,0.9594594594594594,0.9079365079365079,0.8976190476190476,0.04054054054054057,0.09206349206349207,0.10238095238095235,0.0,0.0,3798.0,3885.0,0.0,not_computed,not_computed,0.0,0.0,0.0,0.0,0.0,0.0,0.0,,,,,,,,,
16.954673592203882,1334.235462262123,2190646.397356266,0.8724645970422429,inf,-1000000.0,orbit_fail_full,8.0,inf,inf,inf,inf,0.0,0.0,0.0,incomplete_orbit_coverage,1.0,inf,inf,0.0,0.0,0.0,0.0,0.0,nonsingular_isothermal,1.0,0.01,2.0,0.3,1.0,0.0,severe_coverage_warn,0.0,none,lfrac,,Lfrac coverage gap 0.101 exceeds 0.1,0.9755469755469756,1.0,0.9755469755469756,0.9555984555984556,0.8994708994708994,0.9142857142857143,0.044401544401544424,0.10052910052910058,0.08571428571428574,0.0,0.0,3790.0,3885.0,0.0,not_computed,not_computed,0.0,0.0,0.0,0.0,0.0,0.0,0.0,,,,,,,,,
16.954673592203882,1334.235462262123,0.0,0.8724645970422429,inf,-1000000.0,solver_failed_halo_only,8.0,inf,0.0,1.6400376270131793,3.550051589104437,0.0,0.0,1000.0,light_constraint_failed,2.0,389.11811165686413,359.96755510705185,32.0,32.0,5062.0,91.25541849942016,0.028821634147321702,nonsingular_isothermal,1.0,0.01,2.0,0.3,1.0,0.0,strict_pass,1.0,none,none,,,0.9966537966537966,1.0,0.9966537966537966,0.974903474903475,0.9915343915343915,0.9952380952380953,0.025096525096525046,0.00846560846560851,0.004761904761904745,0.0,0.0,3872.0,3885.0,1.0,inverse_phase_volume,geometric_mean,3872.0,3872.0,3872.0,0.0,420.0,0.0,0.0,2.1930096385530416e+32,4.2376172667041656e+50,1.932329522044493e+18,1.0899612514652768e-11,21061643.040909372,4.747967658827169e-08,91746380768.64307,1.9323295220445125e+18,0.0
16.954673592203882,1334.235462262123,2500000.0,0.8724645970422429,inf,-1000000.0,solver_failed_bh_up,8.0,inf,0.0,1.9923115141038445,9.554790363598217,0.0,0.0,1000.0,light_constraint_failed,2.0,75.86790302712453,8.835380461163705,32.0,32.0,7556.0,409.92139771393005,0.010601451916540137,nonsingular_isothermal,1.0,0.01,2.0,0.3,1.0,0.0,strict_pass,1.0,none,none,,,0.9765765765765766,1.0,0.9765765765765766,0.9563409563409564,0.9037037037037037,0.9,0.043659043659043606,0.09629629629629632,0.09999999999999998,0.0,0.0,3794.0,3885.0,1.0,inverse_phase_volume,geometric_mean,3794.0,3794.0,3794.0,0.0,420.0,0.0,0.0,1.6976135095401897e+44,1.6875321843624035e+52,99406147.21070895,1.8218907861299085e-05,1811.0714368786446,0.0005521593348760917,54888.032126460064,99406147.21070923,0.0
16.954673592203882,1334.235462262123,1095323.198678133,0.8724645970422429,inf,-1000000.0,orbit_fail_bh_down,8.0,inf,inf,inf,inf,0.0,0.0,0.0,incomplete_orbit_coverage,1.0,inf,inf,0.0,0.0,0.0,0.0,0.0,nonsingular_isothermal,1.0,0.01,2.0,0.3,1.0,0.0,severe_coverage_warn,0.0,none,theta,,third_integral coverage gap 0.107 exceeds 0.1,0.9783783783783784,1.0,0.9783783783783784,0.9604989604989606,0.9111111111111111,0.8928571428571429,0.03950103950103945,0.0888888888888889,0.1071428571428571,0.0,0.0,3801.0,3885.0,0.0,not_computed,not_computed,0.0,0.0,0.0,0.0,0.0,0.0,0.0,,,,,,,,,
30.0,1334.235462262123,2190646.397356266,0.8724645970422429,inf,-1000000.0,solver_failed_halo_up,8.0,inf,0.0,0.9997230303506751,4.794503223537539,0.0,0.0,1000.0,light_constraint_failed,2.0,23.447980152375433,7.742695498683261,32.0,32.0,7589.0,311.06151026210654,0.02645499916630775,nonsingular_isothermal,1.0,0.01,2.0,0.3,1.0,0.0,strict_pass,1.0,none,none,,,0.9806949806949807,1.0,0.9806949806949807,0.9646569646569647,0.9206349206349206,0.9023809523809524,0.03534303534303529,0.07936507936507942,0.0976190476190476,0.0,0.0,3810.0,3885.0,1.0,inverse_phase_volume,geometric_mean,3810.0,3810.0,3810.0,0.0,420.0,0.0,0.0,4.500070928205791e+44,1.3148020333824598e+52,29217362.445144396,3.8527606910146e-05,1125.6750552377864,0.0008883558317713286,25955.414317120652,29217362.445144422,0.0
8.477336796101941,1334.235462262123,2190646.397356266,0.8724645970422429,inf,-1000000.0,orbit_fail_halo_down,8.0,inf,inf,inf,inf,0.0,0.0,0.0,incomplete_orbit_coverage,1.0,inf,inf,0.0,0.0,0.0,0.0,0.0,nonsingular_isothermal,1.0,0.01,2.0,0.3,1.0,0.0,severe_coverage_warn,0.0,inner,multiple,1,Lfrac coverage gap 0.15 exceeds 0.1 | third_integral coverage gap 0.117 exceeds 0.1 | 2 planned shell-band/Lfrac/third-integral cells have no successful orbit,0.9634491634491634,1.0,0.9634491634491634,0.9208494208494209,0.8497354497354498,0.8833333333333333,0.0791505791505791,0.1502645502645502,0.1166666666666667,2.0,0.0,3743.0,3885.0,0.0,not_computed,not_computed,0.0,0.0,0.0,0.0,0.0,0.0,0.0,,,,,,,,,
16.954673592203882,1334.235462262123,2190646.397356266,1.6,inf,-1000000.0,orbit_fail_ml_up,8.0,inf,inf,inf,inf,0.0,0.0,0.0,incomplete_orbit_coverage,1.0,inf,inf,0.0,0.0,0.0,0.0,0.0,nonsingular_isothermal,1.0,0.01,2.0,0.3,1.0,0.0,severe_coverage_warn,0.0,none,multiple,,Lfrac coverage gap 0.108 exceeds 0.1 | third_integral coverage gap 0.102 exceeds 0.1,0.9737451737451738,1.0,0.9737451737451738,0.9521829521829522,0.8920634920634921,0.8976190476190476,0.047817047817047764,0.10793650793650789,0.10238095238095235,0.0,0.0,3783.0,3885.0,0.0,not_computed,not_computed,0.0,0.0,0.0,0.0,0.0,0.0,0.0,,,,,,,,,
16.954673592203882,1334.235462262123,2190646.397356266,0.43623229852112144,inf,-1000000.0,orbit_fail_ml_down,8.0,inf,inf,inf,inf,0.0,0.0,0.0,incomplete_orbit_coverage,1.0,inf,inf,0.0,0.0,0.0,0.0,0.0,nonsingular_isothermal,1.0,0.01,2.0,0.3,1.0,0.0,severe_coverage_warn,0.0,none,theta,,third_integral coverage gap 0.105 exceeds 0.1,0.9778635778635779,1.0,0.9778635778635779,0.9536679536679536,0.908994708994709,0.8952380952380953,0.04633204633204635,0.09100529100529098,0.10476190476190472,0.0,0.0,3799.0,3885.0,0.0,not_computed,not_computed,0.0,0.0,0.0,0.0,0.0,0.0,0.0,,,,,,,,,
8.499776040292797,8922.215600128566,2069079.9262582238,1.5719586582122953,inf,-1000000.0,orbit_fail_full,9.0,inf,inf,inf,inf,0.0,0.0,0.0,incomplete_orbit_coverage,1.0,inf,inf,0.0,0.0,0.0,0.0,0.0,nonsingular_isothermal,1.0,0.01,2.0,0.3,1.0,0.0,severe_coverage_warn,0.0,inner,multiple,1,Lfrac minimum coverage 0.784 is below 0.8 | Lfrac coverage gap 0.216 exceeds 0.1 | third_integral coverage gap 0.162 exceeds 0.1 | 2 planned shell-band/Lfrac/third-integral cells have no successful orbit,0.9474903474903474,1.0,0.9474903474903474,0.9034749034749034,0.7841269841269841,0.8380952380952381,0.07365607365607374,0.21587301587301588,0.16190476190476188,2.0,0.0,3681.0,3885.0,0.0,not_computed,not_computed,0.0,0.0,0.0,0.0,0.0,0.0,0.0,,,,,,,,,
8.499776040292797,8922.215600128566,0.0,1.5719586582122953,inf,-1000000.0,solver_failed_halo_only,9.0,inf,0.0,1.9078767893676725,4.35226091323482,0.0,0.0,1000.0,light_constraint_failed,2.0,57.88230965600946,245.88432320081876,32.0,32.0,7287.0,427.6605056164834,0.00896896776473161,nonsingular_isothermal,1.0,0.01,2.0,0.3,1.0,0.0,strict_pass,1.0,none,none,,,0.9971685971685972,1.0,0.9971685971685972,0.9787644787644788,0.9915343915343915,0.9952380952380953,0.021235521235521193,0.00846560846560851,0.004761904761904745,0.0,0.0,3874.0,3885.0,1.0,inverse_phase_volume,geometric_mean,3874.0,3874.0,3874.0,0.0,420.0,0.0,0.0,1.4893246433198727e+30,5.553388264460579e+45,3728796330181880.0,7.450354429954947e-12,27780.85425697031,3.599601332450375e-05,134221802385.5876,3728796330181879.0,0.0
8.499776040292797,8922.215600128566,2500000.0,1.5719586582122953,inf,-1000000.0,orbit_fail_bh_up,9.0,inf,inf,inf,inf,0.0,0.0,0.0,incomplete_orbit_coverage,1.0,inf,inf,0.0,0.0,0.0,0.0,0.0,nonsingular_isothermal,1.0,0.01,2.0,0.3,1.0,0.0,severe_coverage_warn,0.0,inner,multiple,1;2,Lfrac minimum coverage 0.747 is below 0.8 | Lfrac coverage gap 0.253 exceeds 0.1 | third_integral coverage gap 0.171 exceeds 0.1 | 3 planned shell-band/Lfrac/third-integral cells have no successful orbit,0.9384813384813385,1.0,0.9384813384813385,0.9073359073359073,0.7470899470899471,0.8285714285714286,0.05108405108405112,0.25291005291005286,0.17142857142857137,3.0,0.0,3646.0,3885.0,0.0,not_computed,not_computed,0.0,0.0,0.0,0.0,0.0,0.0,0.0,,,,,,,,,
8.499776040292797,8922.215600128566,1034539.9631291119,1.5719586582122953,inf,-1000000.0,orbit_fail_bh_down,9.0,inf,inf,inf,inf,0.0,0.0,0.0,incomplete_orbit_coverage,1.0,inf,inf,0.0,0.0,0.0,0.0,0.0,nonsingular_isothermal,1.0,0.01,2.0,0.3,1.0,0.0,severe_coverage_warn,0.0,none,multiple,,Lfrac minimum coverage 0.799 is below 0.8 | Lfrac coverage gap 0.201 exceeds 0.1 | third_integral coverage gap 0.181 exceeds 0.1,0.9510939510939511,1.0,0.9510939510939511,0.915057915057915,0.798941798941799,0.819047619047619,0.06831006831006836,0.20105820105820105,0.18095238095238098,0.0,0.0,3695.0,3885.0,0.0,not_computed,not_computed,0.0,0.0,0.0,0.0,0.0,0.0,0.0,,,,,,,,,
16.999552080585595,8922.215600128566,2069079.9262582238,1.5719586582122953,inf,-1000000.0,orbit_fail_halo_up,9.0,inf,inf,inf,inf,0.0,0.0,0.0,incomplete_orbit_coverage,1.0,inf,inf,0.0,0.0,0.0,0.0,0.0,nonsingular_isothermal,1.0,0.01,2.0,0.3,1.0,0.0,severe_coverage_warn,0.0,none,multiple,,Lfrac coverage gap 0.143 exceeds 0.1 | third_integral coverage gap 0.155 exceeds 0.1,0.9652509652509652,1.0,0.9652509652509652,0.944015444015444,0.8571428571428571,0.8452380952380952,0.051826551826551825,0.1428571428571429,0.15476190476190477,0.0,0.0,3750.0,3885.0,0.0,not_computed,not_computed,0.0,0.0,0.0,0.0,0.0,0.0,0.0,,,,,,,,,
4.249888020146399,8922.215600128566,2069079.9262582238,1.5719586582122953,inf,-1000000.0,orbit_fail_halo_down,9.0,inf,inf,inf,inf,0.0,0.0,0.0,incomplete_orbit_coverage,1.0,inf,inf,0.0,0.0,0.0,0.0,0.0,nonsingular_isothermal,1.0,0.01,2.0,0.3,1.0,0.0,severe_coverage_warn,0.0,multiple,multiple,1;2;3;4;5;6,Lfrac minimum coverage 0.694 is below 0.8 | Lfrac coverage gap 0.306 exceeds 0.1 | third_integral minimum coverage 0.79 is below 0.8 | third_integral coverage gap 0.21 exceeds 0.1 | 11 planned shell-band/Lfrac/third-integral cells have no successful orbit,0.9256113256113256,1.0,0.9256113256113256,0.8996138996138996,0.6941798941798942,0.7904761904761904,0.04217404217404219,0.30582010582010577,0.20952380952380956,11.0,0.0,3596.0,3885.0,0.0,not_computed,not_computed,0.0,0.0,0.0,0.0,0.0,0.0,0.0,,,,,,,,,
8.499776040292797,8922.215600128566,2069079.9262582238,1.6,inf,-1000000.0,orbit_fail_ml_up,9.0,inf,inf,inf,inf,0.0,0.0,0.0,incomplete_orbit_coverage,1.0,inf,inf,0.0,0.0,0.0,0.0,0.0,nonsingular_isothermal,1.0,0.01,2.0,0.3,1.0,0.0,severe_coverage_warn,0.0,multiple,multiple,1;7,Lfrac minimum coverage 0.767 is below 0.8 | Lfrac coverage gap 0.233 exceeds 0.1 | third_integral coverage gap 0.179 exceeds 0.1 | 2 planned shell-band/Lfrac/third-integral cells have no successful orbit,0.9433719433719434,1.0,0.9433719433719434,0.9015444015444015,0.7671957671957672,0.8214285714285714,0.05895455895455903,0.2328042328042328,0.1785714285714286,2.0,0.0,3665.0,3885.0,0.0,not_computed,not_computed,0.0,0.0,0.0,0.0,0.0,0.0,0.0,,,,,,,,,
8.499776040292797,8922.215600128566,2069079.9262582238,0.7859793291061477,inf,-1000000.0,orbit_fail_ml_down,9.0,inf,inf,inf,inf,0.0,0.0,0.0,incomplete_orbit_coverage,1.0,inf,inf,0.0,0.0,0.0,0.0,0.0,nonsingular_isothermal,1.0,0.01,2.0,0.3,1.0,0.0,severe_coverage_warn,0.0,inner,multiple,1,Lfrac coverage gap 0.199 exceeds 0.1 | third_integral coverage gap 0.169 exceeds 0.1 | 2 planned shell-band/Lfrac/third-integral cells have no successful orbit,0.9516087516087516,1.0,0.9516087516087516,0.9015444015444015,0.801058201058201,0.830952380952381,0.07974457974457982,0.19894179894179898,0.169047619047619,2.0,0.0,3697.0,3885.0,0.0,not_computed,not_computed,0.0,0.0,0.0,0.0,0.0,0.0,0.0,,,,,,,,,
26.01698915711377,1935.8630248225509,1136226.6828352225,1.3272558942610426,inf,-1000000.0,orbit_fail_full,10.0,inf,inf,inf,inf,0.0,0.0,0.0,incomplete_orbit_coverage,1.0,inf,inf,0.0,0.0,0.0,0.0,0.0,nonsingular_isothermal,1.0,0.01,2.0,0.3,1.0,0.0,severe_coverage_warn,0.0,none,theta,,third_integral coverage gap 0.11 exceeds 0.1,0.9812097812097812,1.0,0.9812097812097812,0.9604989604989606,0.9227513227513228,0.8904761904761904,0.03950103950103945,0.07724867724867723,0.10952380952380958,0.0,0.0,3812.0,3885.0,0.0,not_computed,not_computed,0.0,0.0,0.0,0.0,0.0,0.0,0.0,,,,,,,,,
26.01698915711377,1935.8630248225509,0.0,1.3272558942610426,inf,-1000000.0,solver_failed_halo_only,10.0,inf,0.0,2.1088735671606758,4.249098871208273,0.0,0.0,1000.0,light_constraint_failed,2.0,422.7404081014969,399.8729080835225,32.0,32.0,6603.0,80.94207343209128,0.03064460421553516,nonsingular_isothermal,1.0,0.01,2.0,0.3,1.0,0.0,strict_pass,1.0,none,none,,,0.9992277992277993,1.0,0.9992277992277993,0.9942084942084942,0.9968253968253968,0.9976190476190476,0.00579150579150578,0.0031746031746031633,0.0023809523809523725,0.0,0.0,3882.0,3885.0,1.0,inverse_phase_volume,geometric_mean,3882.0,3882.0,3882.0,0.0,420.0,0.0,0.0,3.2036845467168926e+34,5.857122863158882e+50,1.828245814389313e+16,1.448986703665152e-09,26491038.760816067,3.774861412679442e-08,690137457.7630984,1.82824581438933e+16,0.0
26.01698915711377,1935.8630248225509,2272453.365670445,1.3272558942610426,inf,-1000000.0,orbit_fail_bh_up,10.0,inf,inf,inf,inf,0.0,0.0,0.0,incomplete_orbit_coverage,1.0,inf,inf,0.0,0.0,0.0,0.0,0.0,nonsingular_isothermal,1.0,0.01,2.0,0.3,1.0,0.0,severe_coverage_warn,0.0,none,theta,,third_integral coverage gap 0.105 exceeds 0.1,0.9770913770913771,1.0,0.9770913770913771,0.9521829521829522,0.9058201058201059,0.8952380952380953,0.047817047817047764,0.09417989417989414,0.10476190476190472,0.0,0.0,3796.0,3885.0,0.0,not_computed,not_computed,0.0,0.0,0.0,0.0,0.0,0.0,0.0,,,,,,,,,
26.01698915711377,1935.8630248225509,568113.3414176112,1.3272558942610426,inf,-1000000.0,solver_failed_bh_down,10.0,inf,0.0,0.815755557306423,3.9122262170477224,0.0,0.0,1000.0,light_constraint_failed,2.0,27.433029041942433,41.49162905458311,32.0,32.0,7610.0,398.45346786855777,0.01749669640515549,nonsingular_isothermal,1.0,0.01,2.0,0.3,1.0,0.0,strict_pass,1.0,none,none,,,0.9822393822393822,1.0,0.9822393822393822,0.9646569646569647,0.926984126984127,0.9071428571428571,0.03534303534303529,0.07301587301587298,0.09285714285714286,0.0,0.0,3816.0,3885.0,1.0,inverse_phase_volume,geometric_mean,3816.0,3816.0,3816.0,0.0,420.0,0.0,0.0,7.1409162808888815e+43,8.476375816768549e+50,11870151.50906297,7.466570114180181e-05,886.2931850836104,0.0011282948090204064,13393.030329961599,11870151.509063065,0.0
30.0,1935.8630248225509,1136226.6828352225,1.3272558942610426,inf,-1000000.0,solver_failed_halo_up,10.0,inf,0.0,0.9684420587355487,4.644484953785864,0.0,0.0,1000.0,light_constraint_failed,2.0,24.800571727634882,17.905875074340667,32.0,32.0,7578.0,241.58602475923888,0.026740437763370116,nonsingular_isothermal,1.0,0.01,2.0,0.3,1.0,0.0,strict_pass,1.0,none,none,,,0.9819819819819819,1.0,0.9819819819819819,0.9625779625779626,0.9259259259259259,0.9119047619047619,0.037422037422037424,0.07407407407407407,0.08809523809523812,0.0,0.0,3815.0,3885.0,1.0,inverse_phase_volume,geometric_mean,3815.0,3815.0,3815.0,0.0,420.0,0.0,0.0,2.8639837177685235e+44,3.4721473734733774e+51,12123488.523805942,9.224513093393062e-05,1118.3327862544925,0.0008941882168627003,10840.680585257525,12123488.52380603,0.0
13.008494578556885,1935.8630248225509,1136226.6828352225,1.3272558942610426,inf,-1000000.0,orbit_fail_halo_down,10.0,inf,inf,inf,inf,0.0,0.0,0.0,incomplete_orbit_coverage,1.0,inf,inf,0.0,0.0,0.0,0.0,0.0,nonsingular_isothermal,1.0,0.01,2.0,0.3,1.0,0.0,severe_coverage_warn,0.0,middle,multiple,5,Lfrac coverage gap 0.126 exceeds 0.1 | third_integral coverage gap 0.143 exceeds 0.1 | 1 planned shell-band/Lfrac/third-integral cells have no successful orbit,0.9693693693693693,1.0,0.9693693693693693,0.9438669438669439,0.8740740740740741,0.8571428571428571,0.05613305613305608,0.12592592592592589,0.1428571428571429,1.0,0.0,3766.0,3885.0,0.0,not_computed,not_computed,0.0,0.0,0.0,0.0,0.0,0.0,0.0,,,,,,,,,
26.01698915711377,1935.8630248225509,1136226.6828352225,1.6,inf,-1000000.0,orbit_fail_ml_up,10.0,inf,inf,inf,inf,0.0,0.0,0.0,incomplete_orbit_coverage,1.0,inf,inf,0.0,0.0,0.0,0.0,0.0,nonsingular_isothermal,1.0,0.01,2.0,0.3,1.0,0.0,severe_coverage_warn,0.0,none,theta,,third_integral coverage gap 0.117 exceeds 0.1,0.9776061776061776,1.0,0.9776061776061776,0.9517374517374517,0.9079365079365079,0.8833333333333333,0.04826254826254828,0.09206349206349207,0.1166666666666667,0.0,0.0,3798.0,3885.0,0.0,not_computed,not_computed,0.0,0.0,0.0,0.0,0.0,0.0,0.0,,,,,,,,,
26.01698915711377,1935.8630248225509,1136226.6828352225,0.6636279471305213,inf,-1000000.0,orbit_fail_ml_down,10.0,inf,inf,inf,inf,0.0,0.0,0.0,incomplete_orbit_coverage,1.0,inf,inf,0.0,0.0,0.0,0.0,0.0,nonsingular_isothermal,1.0,0.01,2.0,0.3,1.0,0.0,severe_coverage_warn,0.0,none,theta,,third_integral coverage gap 0.126 exceeds 0.1,0.9778635778635779,1.0,0.9778635778635779,0.9625779625779626,0.908994708994709,0.8738095238095238,0.037422037422037424,0.09100529100529098,0.1261904761904762,0.0,0.0,3799.0,3885.0,0.0,not_computed,not_computed,0.0,0.0,0.0,0.0,0.0,0.0,0.0,,,,,,,,,
22.416942502108498,9199.677225105834,551174.8242757147,1.597134337142667,inf,-1000000.0,orbit_fail_full,11.0,inf,inf,inf,inf,0.0,0.0,0.0,incomplete_orbit_coverage,1.0,inf,inf,0.0,0.0,0.0,0.0,0.0,nonsingular_isothermal,1.0,0.01,2.0,0.3,1.0,0.0,severe_coverage_warn,0.0,none,multiple,,Lfrac coverage gap 0.125 exceeds 0.1 | third_integral coverage gap 0.136 exceeds 0.1,0.9696267696267696,1.0,0.9696267696267696,0.9536679536679536,0.8751322751322751,0.8642857142857143,0.04633204633204635,0.1248677248677249,0.13571428571428568,0.0,0.0,3767.0,3885.0,0.0,not_computed,not_computed,0.0,0.0,0.0,0.0,0.0,0.0,0.0,,,,,,,,,
22.416942502108498,9199.677225105834,0.0,1.597134337142667,inf,-1000000.0,solver_failed_halo_only,11.0,inf,0.0,2.561038961746269,3.6218560334671315,0.0,0.0,1000.0,light_constraint_failed,2.0,93.5817916371304,1479.5082347823939,32.0,32.0,7378.0,133.44921777761022,0.02360248996357896,nonsingular_isothermal,1.0,0.01,2.0,0.3,1.0,0.0,strict_pass,1.0,none,none,,,0.9987129987129987,1.0,0.9987129987129987,0.9903474903474904,0.9957671957671957,0.9976190476190476,0.009652509652509633,0.004232804232804255,0.0023809523809523725,0.0,0.0,3880.0,3885.0,1.0,inverse_phase_volume,geometric_mean,3880.0,3880.0,3880.0,0.0,420.0,0.0,0.0,1.293165058410541e+33,5.377550148424562e+47,415844065183313.3,1.6401040765037436e-09,682027.5464970414,1.4662164382305312e-06,609717404.1123831,415844065183313.75,0.0
22.416942502108498,9199.677225105834,1102349.6485514294,1.597134337142667,inf,-1000000.0,orbit_fail_bh_up,11.0,inf,inf,inf,inf,0.0,0.0,0.0,incomplete_orbit_coverage,1.0,inf,inf,0.0,0.0,0.0,0.0,0.0,nonsingular_isothermal,1.0,0.01,2.0,0.3,1.0,0.0,severe_coverage_warn,0.0,none,multiple,,Lfrac coverage gap 0.111 exceeds 0.1 | third_integral coverage gap 0.129 exceeds 0.1,0.972972972972973,1.0,0.972972972972973,0.944015444015444,0.8888888888888888,0.8714285714285714,0.055984555984555984,0.11111111111111116,0.12857142857142856,0.0,0.0,3780.0,3885.0,0.0,not_computed,not_computed,0.0,0.0,0.0,0.0,0.0,0.0,0.0,,,,,,,,,
22.416942502108498,9199.677225105834,275587.41213785735,1.597134337142667,inf,-1000000.0,orbit_fail_bh_down,11.0,inf,inf,inf,inf,0.0,0.0,0.0,incomplete_orbit_coverage,1.0,inf,inf,0.0,0.0,0.0,0.0,0.0,nonsingular_isothermal,1.0,0.01,2.0,0.3,1.0,0.0,severe_coverage_warn,0.0,none,lfrac,,Lfrac coverage gap 0.101 exceeds 0.1,0.9755469755469756,1.0,0.9755469755469756,0.9478764478764479,0.8994708994708994,0.9,0.05212355212355213,0.10052910052910058,0.09999999999999998,0.0,0.0,3790.0,3885.0,0.0,not_computed,not_computed,0.0,0.0,0.0,0.0,0.0,0.0,0.0,,,,,,,,,
30.0,9199.677225105834,551174.8242757147,1.597134337142667,inf,-1000000.0,orbit_fail_halo_up,11.0,inf,inf,inf,inf,0.0,0.0,0.0,incomplete_orbit_coverage,1.0,inf,inf,0.0,0.0,0.0,0.0,0.0,nonsingular_isothermal,1.0,0.01,2.0,0.3,1.0,0.0,severe_coverage_warn,0.0,none,multiple,,Lfrac coverage gap 0.122 exceeds 0.1 | third_integral coverage gap 0.136 exceeds 0.1,0.9703989703989704,1.0,0.9703989703989704,0.9459459459459459,0.8783068783068783,0.8642857142857143,0.05405405405405406,0.12169312169312174,0.13571428571428568,0.0,0.0,3770.0,3885.0,0.0,not_computed,not_computed,0.0,0.0,0.0,0.0,0.0,0.0,0.0,,,,,,,,,
11.208471251054249,9199.677225105834,551174.8242757147,1.597134337142667,inf,-1000000.0,orbit_fail_halo_down,11.0,inf,inf,inf,inf,0.0,0.0,0.0,incomplete_orbit_coverage,1.0,inf,inf,0.0,0.0,0.0,0.0,0.0,nonsingular_isothermal,1.0,0.01,2.0,0.3,1.0,0.0,severe_coverage_warn,0.0,none,multiple,,Lfrac coverage gap 0.132 exceeds 0.1 | third_integral coverage gap 0.14 exceeds 0.1,0.9678249678249679,1.0,0.9678249678249679,0.9521829521829522,0.8677248677248677,0.8595238095238096,0.04573804573804574,0.13227513227513232,0.14047619047619042,0.0,0.0,3760.0,3885.0,0.0,not_computed,not_computed,0.0,0.0,0.0,0.0,0.0,0.0,0.0,,,,,,,,,
22.416942502108498,9199.677225105834,551174.8242757147,1.6,inf,-1000000.0,orbit_fail_ml_up,11.0,inf,inf,inf,inf,0.0,0.0,0.0,incomplete_orbit_coverage,1.0,inf,inf,0.0,0.0,0.0,0.0,0.0,nonsingular_isothermal,1.0,0.01,2.0,0.3,1.0,0.0,severe_coverage_warn,0.0,none,multiple,,Lfrac coverage gap 0.116 exceeds 0.1 | third_integral coverage gap 0.138 exceeds 0.1,0.9716859716859717,1.0,0.9716859716859717,0.9478764478764479,0.8835978835978836,0.861904761904762,0.05212355212355213,0.1164021164021164,0.13809523809523805,0.0,0.0,3775.0,3885.0,0.0,not_computed,not_computed,0.0,0.0,0.0,0.0,0.0,0.0,0.0,,,,,,,,,
22.416942502108498,9199.677225105834,551174.8242757147,0.7985671685713335,inf,-1000000.0,orbit_fail_ml_down,11.0,inf,inf,inf,inf,0.0,0.0,0.0,incomplete_orbit_coverage,1.0,inf,inf,0.0,0.0,0.0,0.0,0.0,nonsingular_isothermal,1.0,0.01,2.0,0.3,1.0,0.0,severe_coverage_warn,0.0,none,multiple,,Lfrac coverage gap 0.128 exceeds 0.1 | third_integral coverage gap 0.145 exceeds 0.1,0.9688545688545689,1.0,0.9688545688545689,0.9459459459459459,0.8719576719576719,0.8547619047619047,0.05405405405405406,0.12804232804232807,0.14523809523809528,0.0,0.0,3764.0,3885.0,0.0,not_computed,not_computed,0.0,0.0,0.0,0.0,0.0,0.0,0.0,,,,,,,,,
18.08389560775142,356.14905504430664,1388802.6961610636,0.6474995306949056,23.03614603635905,-23.03614603635905,pass_full,12.0,23.03614603635905,0.10675153434925022,0.8782504993461518,1.6580892664297304,1.0,1.0,31.0,none,0.0,13.723838112123637,9.312307924235407,32.0,32.0,7658.0,267.87033911523224,0.029449876912087447,nonsingular_isothermal,1.0,0.01,2.0,0.3,1.0,0.0,strict_pass,1.0,none,none,,,0.9886743886743887,1.0,0.9886743886743887,0.9667359667359667,0.9534391534391534,0.9476190476190476,0.033264033264033266,0.04656084656084658,0.05238095238095242,0.0,0.0,3841.0,3885.0,1.0,inverse_phase_volume,geometric_mean,3841.0,3841.0,3841.0,0.0,420.0,0.0,0.0,1.4014537989452532e+43,1.1809784427881699e+52,842680967.2049018,1.0923895841785328e-06,920.5359113601279,0.0010863237247555728,915424.327074659,842680967.2049031,0.0
18.08389560775142,356.14905504430664,0.0,0.6474995306949056,22.069944581456358,-22.069944581456358,pass_halo_only,12.0,22.069944581456358,0.25251228723163877,1.0123994872912523,1.91306369801924,1.0,1.0,38.0,none,0.0,13.681185830708985,8.38875875074737,32.0,32.0,4639.0,137.1023580936345,0.04373639335780553,nonsingular_isothermal,1.0,0.01,2.0,0.3,1.0,0.0,strict_pass,1.0,none,none,,,0.9987129987129987,1.0,0.9987129987129987,0.9903474903474904,0.9947089947089947,0.9976190476190476,0.009652509652509633,0.005291005291005346,0.0023809523809523725,0.0,0.0,3880.0,3885.0,1.0,inverse_phase_volume,geometric_mean,3880.0,3880.0,3880.0,0.0,420.0,0.0,0.0,5.21998026721658e+32,1.3085820492654114e+52,2.5068716398868287e+19,6.005852044103801e-13,15055900.16272025,6.641914393641432e-08,1665042682797.5928,2.5068716398868435e+19,0.0
18.08389560775142,356.14905504430664,2500000.0,0.6474995306949056,23.14192934466937,-23.14192934466937,pass_bh_up,12.0,23.14192934466937,0.2386111088141334,0.9038372211425905,1.459522196026995,1.0,1.0,27.0,none,0.0,13.983103327938842,9.15882601673053,32.0,32.0,7668.0,378.1222863012467,0.01762617115848647,nonsingular_isothermal,1.0,0.01,2.0,0.3,1.0,0.0,strict_pass,1.0,none,none,,,0.9879021879021879,1.0,0.9879021879021879,0.9633204633204633,0.9502645502645503,0.9523809523809523,0.03667953667953672,0.049735449735449744,0.04761904761904767,0.0,0.0,3838.0,3885.0,1.0,inverse_phase_volume,geometric_mean,3838.0,3838.0,3838.0,0.0,420.0,0.0,0.0,6.283783619953975e+44,1.6784820553222992e+52,26711328.028424267,2.192789951365656e-05,585.723316883601,0.0017072907483359195,45604.00321869435,26711328.02842407,0.0
18.08389560775142,356.14905504430664,694401.3480805318,0.6474995306949056,23.349028769727777,-23.349028769727777,pass_bh_down,12.0,23.349028769727777,0.26179044687817665,0.8681538190877185,1.8909273542065805,1.0,1.0,35.0,none,0.0,14.26553762864097,9.083491141086792,32.0,32.0,7664.0,168.32185944307443,0.031487192135958304,nonsingular_isothermal,1.0,0.01,2.0,0.3,1.0,0.0,strict_pass,1.0,none,none,,,0.9915057915057915,1.0,0.9915057915057915,0.9652509652509652,0.9650793650793651,0.9547619047619048,0.03474903474903479,0.03492063492063491,0.04523809523809519,0.0,0.0,3852.0,3885.0,1.0,inverse_phase_volume,geometric_mean,3852.0,3852.0,3852.0,0.0,420.0,0.0,0.0,1.2731125311818367e+41,1.3319500877840797e+52,104621551917.93013,2.4381220438676255e-08,2550.8011199474795,0.00039203369960124127,41015174.05640969,104621551917.93063,0.0
30.0,356.14905504430664,1388802.6961610636,0.6474995306949056,inf,-1000000.0,solver_failed_halo_up,12.0,inf,0.0,1.0022002198740527,2.280048425999685,0.0,0.0,1000.0,light_constraint_failed,2.0,20.39790115927941,9.220558764612871,32.0,32.0,7610.0,235.04336988493975,0.0348924334377787,nonsingular_isothermal,1.0,0.01,2.0,0.3,1.0,0.0,strict_pass,1.0,none,none,,,0.9904761904761905,1.0,0.9904761904761905,0.9594594594594594,0.9608465608465608,0.95,0.04054054054054057,0.03915343915343916,0.050000000000000044,0.0,0.0,3848.0,3885.0,1.0,inverse_phase_volume,geometric_mean,3848.0,3848.0,3848.0,0.0,420.0,0.0,0.0,1.7066723186129026e+43,1.020277970063424e+53,5978171433.006277,6.124435231155752e-07,3661.292374219238,0.0002731276002543358,1632803.6174060223,5978171433.006255,0.0
9.04194780387571,356.14905504430664,1388802.6961610636,0.6474995306949056,inf,-1000000.0,solver_failed_halo_down,12.0,inf,0.0,1.0976742858069073,5.2642609422026,0.0,0.0,1000.0,light_constraint_failed,2.0,32.273004010710636,22.665461024243026,32.0,32.0,7575.0,709.3694794868445,0.009107775512982294,nonsingular_isothermal,1.0,0.01,2.0,0.3,1.0,0.0,strict_pass,1.0,none,none,,,0.9758043758043758,1.0,0.9758043758043758,0.9362934362934363,0.9005291005291005,0.9166666666666666,0.06370656370656369,0.09947089947089949,0.08333333333333337,0.0,0.0,3791.0,3885.0,1.0,inverse_phase_volume,geometric_mean,3791.0,3791.0,3791.0,0.0,420.0,0.0,0.0,7.201090667085303e+43,5.013663527087271e+51,69623668.95342244,1.2132337048394054e-05,844.6978182887267,0.0011838553129282375,82424.35039606562,69623668.95342217,0.0
18.08389560775142,356.14905504430664,1388802.6961610636,1.2949990613898112,24.015943855582208,-24.015943855582208,pass_ml_up,12.0,24.015943855582208,0.25071008853949195,0.8965415143638152,1.690205909014933,1.0,1.0,30.0,none,0.0,14.329130305555793,9.68681355002642,32.0,32.0,7637.0,274.23711529624575,0.028598583032466457,nonsingular_isothermal,1.0,0.01,2.0,0.3,1.0,0.0,strict_pass,1.0,none,none,,,0.9855855855855856,1.0,0.9855855855855856,0.9594594594594594,0.9407407407407408,0.9333333333333333,0.04054054054054057,0.059259259259259234,0.06666666666666665,0.0,0.0,3829.0,3885.0,1.0,inverse_phase_volume,geometric_mean,3829.0,3829.0,3829.0,0.0,420.0,0.0,0.0,1.360922167886349e+43,1.2036029012507024e+52,884402451.2584879,1.0472904281951256e-06,926.2262218753291,0.0010796498483656631,954844.972395456,884402451.258496,0.0
18.08389560775142,356.14905504430664,1388802.6961610636,0.3237497653474528,23.797028194403996,-23.797028194403996,pass_ml_down,12.0,23.797028194403996,0.2215527485523623,0.9021438616344016,1.6823774809848069,1.0,1.0,31.0,none,0.0,14.158771563186006,9.638256631217994,32.0,32.0,7662.0,294.5555678773576,0.028582568545226648,nonsingular_isothermal,1.0,0.01,2.0,0.3,1.0,0.0,strict_pass,1.0,none,none,,,0.9889317889317889,1.0,0.9889317889317889,0.9667359667359667,0.9544973544973545,0.95,0.033264033264033266,0.04550264550264549,0.050000000000000044,0.0,0.0,3842.0,3885.0,1.0,inverse_phase_volume,geometric_mean,3842.0,3842.0,3842.0,0.0,420.0,0.0,0.0,1.421944317800633e+43,1.1810515811436406e+52,830589191.4040706,1.1003177990109235e-06,913.9120709679938,0.0010941971681595406,908828.3411382609,830589191.4040744,0.0
15.063138736021724,5331.684047757636,1656283.474479602,0.8415859545954465,inf,-1000000.0,orbit_fail_full,13.0,inf,inf,inf,inf,0.0,0.0,0.0,incomplete_orbit_coverage,1.0,inf,inf,0.0,0.0,0.0,0.0,0.0,nonsingular_isothermal,1.0,0.01,2.0,0.3,1.0,0.0,severe_coverage_warn,0.0,none,multiple,,Lfrac coverage gap 0.119 exceeds 0.1 | third_integral coverage gap 0.136 exceeds 0.1,0.9711711711711711,1.0,0.9711711711711711,0.9575289575289575,0.8814814814814815,0.8642857142857143,0.0424710424710425,0.11851851851851847,0.13571428571428568,0.0,0.0,3773.0,3885.0,0.0,not_computed,not_computed,0.0,0.0,0.0,0.0,0.0,0.0,0.0,,,,,,,,,
15.063138736021724,5331.684047757636,0.0,0.8415859545954465,inf,-1000000.0,solver_failed_halo_only,13.0,inf,0.0,3.1836482967072794,5.514240603327171,0.0,0.0,1000.0,light_constraint_failed,2.0,411.3852177518628,3740.7246792122082,32.0,32.0,7091.0,81.90169110016139,0.029565666306160324,nonsingular_isothermal,1.0,0.01,2.0,0.3,1.0,0.0,strict_pass,1.0,none,none,,,0.9976833976833976,1.0,0.9976833976833976,0.9826254826254827,0.9915343915343915,0.9952380952380953,0.01737451737451734,0.00846560846560851,0.004761904761904745,0.0,0.0,3876.0,3885.0,1.0,inverse_phase_volume,geometric_mean,3876.0,3876.0,3876.0,0.0,420.0,0.0,0.0,1.2227406931925381e+32,1.216761342711514e+48,9951098785586238.0,3.036861894291149e-10,3022011.270827411,3.3090545017266105e-07,3292872823.3570714,9951098785586348.0,0.0
15.063138736021724,5331.684047757636,2500000.0,0.8415859545954465,inf,-1000000.0,orbit_fail_bh_up,13.0,inf,inf,inf,inf,0.0,0.0,0.0,incomplete_orbit_coverage,1.0,inf,inf,0.0,0.0,0.0,0.0,0.0,nonsingular_isothermal,1.0,0.01,2.0,0.3,1.0,0.0,severe_coverage_warn,0.0,none,multiple,,Lfrac coverage gap 0.115 exceeds 0.1 | third_integral coverage gap 0.131 exceeds 0.1,0.971943371943372,1.0,0.971943371943372,0.9536679536679536,0.8846560846560847,0.8690476190476191,0.04633204633204635,0.1153439153439153,0.13095238095238093,0.0,0.0,3776.0,3885.0,0.0,not_computed,not_computed,0.0,0.0,0.0,0.0,0.0,0.0,0.0,,,,,,,,,
15.063138736021724,5331.684047757636,828141.737239801,0.8415859545954465,inf,-1000000.0,orbit_fail_bh_down,13.0,inf,inf,inf,inf,0.0,0.0,0.0,incomplete_orbit_coverage,1.0,inf,inf,0.0,0.0,0.0,0.0,0.0,nonsingular_isothermal,1.0,0.01,2.0,0.3,1.0,0.0,severe_coverage_warn,0.0,none,multiple,,Lfrac coverage gap 0.11 exceeds 0.1 | third_integral coverage gap 0.126 exceeds 0.1,0.9732303732303732,1.0,0.9732303732303732,0.9604989604989606,0.8899470899470899,0.8738095238095238,0.03950103950103945,0.11005291005291007,0.1261904761904762,0.0,0.0,3781.0,3885.0,0.0,not_computed,not_computed,0.0,0.0,0.0,0.0,0.0,0.0,0.0,,,,,,,,,
30.0,5331.684047757636,1656283.474479602,0.8415859545954465,inf,-1000000.0,orbit_fail_halo_up,13.0,inf,inf,inf,inf,0.0,0.0,0.0,incomplete_orbit_coverage,1.0,inf,inf,0.0,0.0,0.0,0.0,0.0,nonsingular_isothermal,1.0,0.01,2.0,0.3,1.0,0.0,severe_coverage_warn,0.0,none,multiple,,Lfrac coverage gap 0.102 exceeds 0.1 | third_integral coverage gap 0.136 exceeds 0.1,0.9752895752895753,1.0,0.9752895752895753,0.9604989604989606,0.8984126984126984,0.8642857142857143,0.03950103950103945,0.10158730158730156,0.13571428571428568,0.0,0.0,3789.0,3885.0,0.0,not_computed,not_computed,0.0,0.0,0.0,0.0,0.0,0.0,0.0,,,,,,,,,
7.531569368010862,5331.684047757636,1656283.474479602,0.8415859545954465,inf,-1000000.0,orbit_fail_halo_down,13.0,inf,inf,inf,inf,0.0,0.0,0.0,incomplete_orbit_coverage,1.0,inf,inf,0.0,0.0,0.0,0.0,0.0,nonsingular_isothermal,1.0,0.01,2.0,0.3,1.0,0.0,severe_coverage_warn,0.0,inner,multiple,1,Lfrac coverage gap 0.193 exceeds 0.1 | third_integral coverage gap 0.143 exceeds 0.1 | 2 planned shell-band/Lfrac/third-integral cells have no successful orbit,0.9531531531531532,1.0,0.9531531531531532,0.9305019305019305,0.8074074074074075,0.8571428571428571,0.04455004455004452,0.19259259259259254,0.1428571428571429,2.0,0.0,3703.0,3885.0,0.0,not_computed,not_computed,0.0,0.0,0.0,0.0,0.0,0.0,0.0,,,,,,,,,
15.063138736021724,5331.684047757636,1656283.474479602,1.6,inf,-1000000.0,orbit_fail_ml_up,13.0,inf,inf,inf,inf,0.0,0.0,0.0,incomplete_orbit_coverage,1.0,inf,inf,0.0,0.0,0.0,0.0,0.0,nonsingular_isothermal,1.0,0.01,2.0,0.3,1.0,0.0,severe_coverage_warn,0.0,none,multiple,,Lfrac coverage gap 0.119 exceeds 0.1 | third_integral coverage gap 0.114 exceeds 0.1,0.9711711711711711,1.0,0.9711711711711711,0.9563409563409564,0.8814814814814815,0.8857142857142857,0.043659043659043606,0.11851851851851847,0.11428571428571432,0.0,0.0,3773.0,3885.0,0.0,not_computed,not_computed,0.0,0.0,0.0,0.0,0.0,0.0,0.0,,,,,,,,,
15.063138736021724,5331.684047757636,1656283.474479602,0.42079297729772325,inf,-1000000.0,orbit_fail_ml_down,13.0,inf,inf,inf,inf,0.0,0.0,0.0,incomplete_orbit_coverage,1.0,inf,inf,0.0,0.0,0.0,0.0,0.0,nonsingular_isothermal,1.0,0.01,2.0,0.3,1.0,0.0,severe_coverage_warn,0.0,none,multiple,,Lfrac coverage gap 0.12 exceeds 0.1 | third_integral coverage gap 0.114 exceeds 0.1,0.970913770913771,1.0,0.970913770913771,0.9563409563409564,0.8804232804232804,0.8857142857142857,0.043659043659043606,0.11957671957671956,0.11428571428571432,0.0,0.0,3772.0,3885.0,0.0,not_computed,not_computed,0.0,0.0,0.0,0.0,0.0,0.0,0.0,,,,,,,,,
3.2962914881505103,7299.646737516931,1960508.9197806825,0.39780559057855736,inf,-1000000.0,orbit_fail_full,14.0,inf,inf,inf,inf,0.0,0.0,0.0,incomplete_orbit_coverage,1.0,inf,inf,0.0,0.0,0.0,0.0,0.0,nonsingular_isothermal,1.0,0.01,2.0,0.3,1.0,0.0,severe_coverage_warn,0.0,multiple,multiple,1;2;3;4;5,Lfrac minimum coverage 0.701 is below 0.8 | Lfrac coverage gap 0.299 exceeds 0.1 | third_integral minimum coverage 0.793 is below 0.8 | third_integral coverage gap 0.207 exceeds 0.1 | 11 planned shell-band/Lfrac/third-integral cells have no successful orbit,0.9271557271557271,1.0,0.9271557271557271,0.8957528957528957,0.7005291005291006,0.7928571428571428,0.05435105435105436,0.29947089947089944,0.20714285714285718,11.0,0.0,3602.0,3885.0,0.0,not_computed,not_computed,0.0,0.0,0.0,0.0,0.0,0.0,0.0,,,,,,,,,
3.2962914881505103,7299.646737516931,0.0,0.39780559057855736,inf,-1000000.0,solver_failed_halo_only,14.0,inf,0.0,1.8541598705245308,4.351639824729768,0.0,0.0,1000.0,light_constraint_failed,2.0,57.941036548917445,256.84537115402463,32.0,32.0,7296.0,427.21427576858287,0.010637664823581444,nonsingular_isothermal,1.0,0.01,2.0,0.3,1.0,0.0,strict_pass,1.0,none,none,,,0.9994851994851995,1.0,0.9994851994851995,0.9961389961389961,0.9978835978835979,0.9976190476190476,0.0038610038610038533,0.002116402116402072,0.0023809523809523725,0.0,0.0,3883.0,3885.0,1.0,inverse_phase_volume,geometric_mean,3883.0,3883.0,3883.0,0.0,420.0,0.0,0.0,2.1345665801173393e+28,3.3269000394119974e+44,1.5585834006775812e+16,1.8429311058388183e-12,28723.618301527607,3.481455537747544e-05,542613881133.0365,1.5585834006775812e+16,0.0
3.2962914881505103,7299.646737516931,2500000.0,0.39780559057855736,inf,-1000000.0,orbit_fail_bh_up,14.0,inf,inf,inf,inf,0.0,0.0,0.0,incomplete_orbit_coverage,1.0,inf,inf,0.0,0.0,0.0,0.0,0.0,nonsingular_isothermal,1.0,0.01,2.0,0.3,1.0,0.0,severe_coverage_warn,0.0,multiple,multiple,1;2;3;4;5,Lfrac minimum coverage 0.695 is below 0.8 | Lfrac coverage gap 0.305 exceeds 0.1 | third_integral minimum coverage 0.786 is below 0.8 | third_integral coverage gap 0.214 exceeds 0.1 | 12 planned shell-band/Lfrac/third-integral cells have no successful orbit,0.9258687258687258,1.0,0.9258687258687258,0.8976833976833977,0.6952380952380952,0.7857142857142857,0.056578556578556594,0.3047619047619048,0.2142857142857143,12.0,0.0,3597.0,3885.0,0.0,not_computed,not_computed,0.0,0.0,0.0,0.0,0.0,0.0,0.0,,,,,,,,,
3.2962914881505103,7299.646737516931,980254.4598903413,0.39780559057855736,inf,-1000000.0,orbit_fail_bh_down,14.0,inf,inf,inf,inf,0.0,0.0,0.0,incomplete_orbit_coverage,1.0,inf,inf,0.0,0.0,0.0,0.0,0.0,nonsingular_isothermal,1.0,0.01,2.0,0.3,1.0,0.0,severe_coverage_warn,0.0,multiple,multiple,1;2;3;4;8,Lfrac minimum coverage 0.717 is below 0.8 | Lfrac coverage gap 0.283 exceeds 0.1 | third_integral coverage gap 0.195 exceeds 0.1 | 9 planned shell-band/Lfrac/third-integral cells have no successful orbit,0.9312741312741313,1.0,0.9312741312741313,0.8996138996138996,0.7174603174603175,0.8047619047619048,0.06296406296406298,0.28253968253968254,0.1952380952380952,9.0,0.0,3618.0,3885.0,0.0,not_computed,not_computed,0.0,0.0,0.0,0.0,0.0,0.0,0.0,,,,,,,,,
6.592582976301021,7299.646737516931,1960508.9197806825,0.39780559057855736,inf,-1000000.0,orbit_fail_halo_up,14.0,inf,inf,inf,inf,0.0,0.0,0.0,incomplete_orbit_coverage,1.0,inf,inf,0.0,0.0,0.0,0.0,0.0,nonsingular_isothermal,1.0,0.01,2.0,0.3,1.0,0.0,severe_coverage_warn,0.0,inner,multiple,1;2,Lfrac minimum coverage 0.783 is below 0.8 | Lfrac coverage gap 0.217 exceeds 0.1 | third_integral coverage gap 0.138 exceeds 0.1 | 4 planned shell-band/Lfrac/third-integral cells have no successful orbit,0.9472329472329473,1.0,0.9472329472329473,0.9073359073359073,0.783068783068783,0.861904761904762,0.06771606771606775,0.21693121693121697,0.13809523809523805,4.0,0.0,3680.0,3885.0,0.0,not_computed,not_computed,0.0,0.0,0.0,0.0,0.0,0.0,0.0,,,,,,,,,
1.6481457440752552,7299.646737516931,1960508.9197806825,0.39780559057855736,inf,-1000000.0,orbit_fail_halo_down,14.0,inf,inf,inf,inf,0.0,0.0,0.0,incomplete_orbit_coverage,1.0,inf,inf,0.0,0.0,0.0,0.0,0.0,nonsingular_isothermal,1.0,0.01,2.0,0.3,1.0,0.0,severe_coverage_warn,0.0,multiple,multiple,1;2;3;4;5;6;7;8,Lfrac minimum coverage 0.656 is below 0.8 | Lfrac coverage gap 0.344 exceeds 0.1 | third_integral minimum coverage 0.75 is below 0.8 | third_integral coverage gap 0.25 exceeds 0.1 | 20 planned shell-band/Lfrac/third-integral cells have no successful orbit,0.9163449163449163,1.0,0.9163449163449163,0.8976833976833977,0.656084656084656,0.75,0.027472527472527486,0.34391534391534395,0.25,20.0,0.0,3560.0,3885.0,0.0,not_computed,not_computed,0.0,0.0,0.0,0.0,0.0,0.0,0.0,,,,,,,,,
3.2962914881505103,7299.646737516931,1960508.9197806825,0.7956111811571147,inf,-1000000.0,orbit_fail_ml_up,14.0,inf,inf,inf,inf,0.0,0.0,0.0,incomplete_orbit_coverage,1.0,inf,inf,0.0,0.0,0.0,0.0,0.0,nonsingular_isothermal,1.0,0.01,2.0,0.3,1.0,0.0,severe_coverage_warn,0.0,multiple,multiple,1;2;3;4;5,Lfrac minimum coverage 0.694 is below 0.8 | Lfrac coverage gap 0.306 exceeds 0.1 | third_integral minimum coverage 0.786 is below 0.8 | third_integral coverage gap 0.214 exceeds 0.1 | 11 planned shell-band/Lfrac/third-integral cells have no successful orbit,0.9256113256113256,1.0,0.9256113256113256,0.8957528957528957,0.6941798941798942,0.7857142857142857,0.046035046035046046,0.30582010582010577,0.2142857142857143,11.0,0.0,3596.0,3885.0,0.0,not_computed,not_computed,0.0,0.0,0.0,0.0,0.0,0.0,0.0,,,,,,,,,
3.2962914881505103,7299.646737516931,1960508.9197806825,0.2,inf,-1000000.0,orbit_fail_ml_down,14.0,inf,inf,inf,inf,0.0,0.0,0.0,incomplete_orbit_coverage,1.0,inf,inf,0.0,0.0,0.0,0.0,0.0,nonsingular_isothermal,1.0,0.01,2.0,0.3,1.0,0.0,severe_coverage_warn,0.0,multiple,multiple,1;2;3;4;5,Lfrac minimum coverage 0.72 is below 0.8 | Lfrac coverage gap 0.28 exceeds 0.1 | third_integral minimum coverage 0.798 is below 0.8 | third_integral coverage gap 0.202 exceeds 0.1 | 11 planned shell-band/Lfrac/third-integral cells have no successful orbit,0.9317889317889317,1.0,0.9317889317889317,0.8976833976833977,0.7195767195767195,0.7976190476190477,0.056578556578556594,0.28042328042328046,0.20238095238095233,11.0,0.0,3620.0,3885.0,0.0,not_computed,not_computed,0.0,0.0,0.0,0.0,0.0,0.0,0.0,,,,,,,,,
25.160608256904357,4027.8604782299026,1016059.1487285262,0.7189328356607889,inf,-1000000.0,orbit_fail_full,15.0,inf,inf,inf,inf,0.0,0.0,0.0,incomplete_orbit_coverage,1.0,inf,inf,0.0,0.0,0.0,0.0,0.0,nonsingular_isothermal,1.0,0.01,2.0,0.3,1.0,0.0,severe_coverage_warn,0.0,none,theta,,third_integral coverage gap 0.124 exceeds 0.1,0.9758043758043758,1.0,0.9758043758043758,0.9646569646569647,0.9005291005291005,0.8761904761904762,0.03534303534303529,0.09947089947089949,0.12380952380952381,0.0,0.0,3791.0,3885.0,0.0,not_computed,not_computed,0.0,0.0,0.0,0.0,0.0,0.0,0.0,,,,,,,,,
25.160608256904357,4027.8604782299026,0.0,0.7189328356607889,inf,-1000000.0,solver_failed_halo_only,15.0,inf,0.0,2.221244149937869,4.473813065133606,0.0,0.0,1000.0,light_constraint_failed,2.0,725.4985043822526,811.751349238518,32.0,32.0,6782.0,78.77671352679695,0.03019403408456308,nonsingular_isothermal,1.0,0.01,2.0,0.3,1.0,0.0,strict_pass,1.0,none,none,,,1.0,1.0,1.0,1.0,1.0,1.0,0.0,0.0,0.0,0.0,0.0,3885.0,3885.0,1.0,inverse_phase_volume,geometric_mean,3885.0,3885.0,3885.0,0.0,420.0,0.0,0.0,9.561744937631253e+32,2.8101259896715285e+49,2.9389259052623148e+16,6.994057298082277e-10,20555016.176223196,4.86499252263659e-08,1429785255.3684301,2.9389259052623496e+16,0.0
25.160608256904357,4027.8604782299026,2032118.2974570524,0.7189328356607889,inf,-1000000.0,orbit_fail_bh_up,15.0,inf,inf,inf,inf,0.0,0.0,0.0,incomplete_orbit_coverage,1.0,inf,inf,0.0,0.0,0.0,0.0,0.0,nonsingular_isothermal,1.0,0.01,2.0,0.3,1.0,0.0,severe_coverage_warn,0.0,none,multiple,,Lfrac coverage gap 0.11 exceeds 0.1 | third_integral coverage gap 0.119 exceeds 0.1,0.9732303732303732,1.0,0.9732303732303732,0.9584199584199584,0.8899470899470899,0.8809523809523809,0.04158004158004158,0.11005291005291007,0.11904761904761907,0.0,0.0,3781.0,3885.0,0.0,not_computed,not_computed,0.0,0.0,0.0,0.0,0.0,0.0,0.0,,,,,,,,,
25.160608256904357,4027.8604782299026,508029.5743642631,0.7189328356607889,inf,-1000000.0,orbit_fail_bh_down,15.0,inf,inf,inf,inf,0.0,0.0,0.0,incomplete_orbit_coverage,1.0,inf,inf,0.0,0.0,0.0,0.0,0.0,nonsingular_isothermal,1.0,0.01,2.0,0.3,1.0,0.0,severe_coverage_warn,0.0,none,theta,,third_integral coverage gap 0.119 exceeds 0.1,0.9765765765765766,1.0,0.9765765765765766,0.9604989604989606,0.9037037037037037,0.8809523809523809,0.03950103950103945,0.09629629629629632,0.11904761904761907,0.0,0.0,3794.0,3885.0,0.0,not_computed,not_computed,0.0,0.0,0.0,0.0,0.0,0.0,0.0,,,,,,,,,
30.0,4027.8604782299026,1016059.1487285262,0.7189328356607889,inf,-1000000.0,orbit_fail_halo_up,15.0,inf,inf,inf,inf,0.0,0.0,0.0,incomplete_orbit_coverage,1.0,inf,inf,0.0,0.0,0.0,0.0,0.0,nonsingular_isothermal,1.0,0.01,2.0,0.3,1.0,0.0,severe_coverage_warn,0.0,none,theta,,third_integral coverage gap 0.107 exceeds 0.1,0.9773487773487773,1.0,0.9773487773487773,0.9625779625779626,0.9068783068783068,0.8928571428571429,0.037422037422037424,0.09312169312169316,0.1071428571428571,0.0,0.0,3797.0,3885.0,0.0,not_computed,not_computed,0.0,0.0,0.0,0.0,0.0,0.0,0.0,,,,,,,,,
12.580304128452179,4027.8604782299026,1016059.1487285262,0.7189328356607889,inf,-1000000.0,orbit_fail_halo_down,15.0,inf,inf,inf,inf,0.0,0.0,0.0,incomplete_orbit_coverage,1.0,inf,inf,0.0,0.0,0.0,0.0,0.0,nonsingular_isothermal,1.0,0.01,2.0,0.3,1.0,0.0,severe_coverage_warn,0.0,none,multiple,,Lfrac coverage gap 0.121 exceeds 0.1 | third_integral coverage gap 0.124 exceeds 0.1,0.9706563706563707,1.0,0.9706563706563707,0.9480249480249481,0.8793650793650793,0.8761904761904762,0.05197505197505192,0.12063492063492065,0.12380952380952381,0.0,0.0,3771.0,3885.0,0.0,not_computed,not_computed,0.0,0.0,0.0,0.0,0.0,0.0,0.0,,,,,,,,,
25.160608256904357,4027.8604782299026,1016059.1487285262,1.4378656713215778,inf,-1000000.0,orbit_fail_ml_up,15.0,inf,inf,inf,inf,0.0,0.0,0.0,incomplete_orbit_coverage,1.0,inf,inf,0.0,0.0,0.0,0.0,0.0,nonsingular_isothermal,1.0,0.01,2.0,0.3,1.0,0.0,severe_coverage_warn,0.0,none,theta,,third_integral coverage gap 0.112 exceeds 0.1,0.9765765765765766,1.0,0.9765765765765766,0.9625779625779626,0.9037037037037037,0.888095238095238,0.037422037422037424,0.09629629629629632,0.11190476190476195,0.0,0.0,3794.0,3885.0,0.0,not_computed,not_computed,0.0,0.0,0.0,0.0,0.0,0.0,0.0,,,,,,,,,
25.160608256904357,4027.8604782299026,1016059.1487285262,0.35946641783039446,inf,-1000000.0,orbit_fail_ml_down,15.0,inf,inf,inf,inf,0.0,0.0,0.0,incomplete_orbit_coverage,1.0,inf,inf,0.0,0.0,0.0,0.0,0.0,nonsingular_isothermal,1.0,0.01,2.0,0.3,1.0,0.0,severe_coverage_warn,0.0,none,theta,,third_integral coverage gap 0.133 exceeds 0.1,0.9768339768339769,1.0,0.9768339768339769,0.9625779625779626,0.9047619047619048,0.8666666666666667,0.037422037422037424,0.09523809523809523,0.1333333333333333,0.0,0.0,3795.0,3885.0,0.0,not_computed,not_computed,0.0,0.0,0.0,0.0,0.0,0.0,0.0,,,,,,,,,
27.510468536347112,4907.302988063883,2414970.9240313005,0.29760935873708005,inf,-1000000.0,orbit_fail_full,16.0,inf,inf,inf,inf,0.0,0.0,0.0,incomplete_orbit_coverage,1.0,inf,inf,0.0,0.0,0.0,0.0,0.0,nonsingular_isothermal,1.0,0.01,2.0,0.3,1.0,0.0,severe_coverage_warn,0.0,none,multiple,,Lfrac coverage gap 0.101 exceeds 0.1 | third_integral coverage gap 0.119 exceeds 0.1,0.9755469755469756,1.0,0.9755469755469756,0.9604989604989606,0.8994708994708994,0.8809523809523809,0.03950103950103945,0.10052910052910058,0.11904761904761907,0.0,0.0,3790.0,3885.0,0.0,not_computed,not_computed,0.0,0.0,0.0,0.0,0.0,0.0,0.0,,,,,,,,,
27.510468536347112,4907.302988063883,0.0,0.29760935873708005,inf,-1000000.0,solver_failed_halo_only,16.0,inf,0.0,2.1946898261572487,4.299731910342993,0.0,0.0,1000.0,light_constraint_failed,2.0,969.7567627617647,787.2942067027275,32.0,32.0,6712.0,78.28126552858281,0.031323874442522257,nonsingular_isothermal,1.0,0.01,2.0,0.3,1.0,0.0,strict_pass,1.0,none,none,,,0.9994851994851995,1.0,0.9994851994851995,0.9961389961389961,0.9978835978835979,0.9976190476190476,0.0038610038610038533,0.002116402116402072,0.0023809523809523725,0.0,0.0,3883.0,3885.0,1.0,inverse_phase_volume,geometric_mean,3883.0,3883.0,3883.0,0.0,420.0,0.0,0.0,1.990154395369607e+33,1.8890536605034236e+49,9491995520039000.0,4.840479790793804e-09,45945812.48905363,2.1764769101389714e-08,206591090.80507228,9491995520038902.0,0.0
27.510468536347112,4907.302988063883,2500000.0,0.29760935873708005,inf,-1000000.0,orbit_fail_bh_up,16.0,inf,inf,inf,inf,0.0,0.0,0.0,incomplete_orbit_coverage,1.0,inf,inf,0.0,0.0,0.0,0.0,0.0,nonsingular_isothermal,1.0,0.01,2.0,0.3,1.0,0.0,severe_coverage_warn,0.0,none,multiple,,Lfrac coverage gap 0.103 exceeds 0.1 | third_integral coverage gap 0.133 exceeds 0.1,0.9747747747747748,1.0,0.9747747747747748,0.9575289575289575,0.8973544973544973,0.8666666666666667,0.0424710424710425,0.10264550264550265,0.1333333333333333,0.0,0.0,3787.0,3885.0,0.0,not_computed,not_computed,0.0,0.0,0.0,0.0,0.0,0.0,0.0,,,,,,,,,
27.510468536347112,4907.302988063883,1207485.4620156502,0.29760935873708005,inf,-1000000.0,orbit_fail_bh_down,16.0,inf,inf,inf,inf,0.0,0.0,0.0,incomplete_orbit_coverage,1.0,inf,inf,0.0,0.0,0.0,0.0,0.0,nonsingular_isothermal,1.0,0.01,2.0,0.3,1.0,0.0,severe_coverage_warn,0.0,none,multiple,,Lfrac coverage gap 0.109 exceeds 0.1 | third_integral coverage gap 0.129 exceeds 0.1,0.9734877734877735,1.0,0.9734877734877735,0.9604989604989606,0.891005291005291,0.8714285714285714,0.03950103950103945,0.10899470899470898,0.12857142857142856,0.0,0.0,3782.0,3885.0,0.0,not_computed,not_computed,0.0,0.0,0.0,0.0,0.0,0.0,0.0,,,,,,,,,
30.0,4907.302988063883,2414970.9240313005,0.29760935873708005,inf,-1000000.0,orbit_fail_halo_up,16.0,inf,inf,inf,inf,0.0,0.0,0.0,incomplete_orbit_coverage,1.0,inf,inf,0.0,0.0,0.0,0.0,0.0,nonsingular_isothermal,1.0,0.01,2.0,0.3,1.0,0.0,severe_coverage_warn,0.0,none,multiple,,Lfrac coverage gap 0.104 exceeds 0.1 | third_integral coverage gap 0.129 exceeds 0.1,0.9747747747747748,1.0,0.9747747747747748,0.9555984555984556,0.8962962962962963,0.8714285714285714,0.044401544401544424,0.10370370370370374,0.12857142857142856,0.0,0.0,3787.0,3885.0,0.0,not_computed,not_computed,0.0,0.0,0.0,0.0,0.0,0.0,0.0,,,,,,,,,
13.755234268173556,4907.302988063883,2414970.9240313005,0.29760935873708005,inf,-1000000.0,orbit_fail_halo_down,16.0,inf,inf,inf,inf,0.0,0.0,0.0,incomplete_orbit_coverage,1.0,inf,inf,0.0,0.0,0.0,0.0,0.0,nonsingular_isothermal,1.0,0.01,2.0,0.3,1.0,0.0,severe_coverage_warn,0.0,none,multiple,,Lfrac coverage gap 0.125 exceeds 0.1 | third_integral coverage gap 0.136 exceeds 0.1,0.9696267696267696,1.0,0.9696267696267696,0.9459459459459459,0.8751322751322751,0.8642857142857143,0.05405405405405406,0.1248677248677249,0.13571428571428568,0.0,0.0,3767.0,3885.0,0.0,not_computed,not_computed,0.0,0.0,0.0,0.0,0.0,0.0,0.0,,,,,,,,,
27.510468536347112,4907.302988063883,2414970.9240313005,0.5952187174741601,inf,-1000000.0,orbit_fail_ml_up,16.0,inf,inf,inf,inf,0.0,0.0,0.0,incomplete_orbit_coverage,1.0,inf,inf,0.0,0.0,0.0,0.0,0.0,nonsingular_isothermal,1.0,0.01,2.0,0.3,1.0,0.0,severe_coverage_warn,0.0,none,multiple,,Lfrac coverage gap 0.117 exceeds 0.1 | third_integral coverage gap 0.126 exceeds 0.1,0.9714285714285714,1.0,0.9714285714285714,0.9542619542619543,0.8825396825396825,0.8738095238095238,0.04573804573804574,0.11746031746031749,0.1261904761904762,0.0,0.0,3774.0,3885.0,0.0,not_computed,not_computed,0.0,0.0,0.0,0.0,0.0,0.0,0.0,,,,,,,,,
27.510468536347112,4907.302988063883,2414970.9240313005,0.2,inf,-1000000.0,orbit_fail_ml_down,16.0,inf,inf,inf,inf,0.0,0.0,0.0,incomplete_orbit_coverage,1.0,inf,inf,0.0,0.0,0.0,0.0,0.0,nonsingular_isothermal,1.0,0.01,2.0,0.3,1.0,0.0,severe_coverage_warn,0.0,none,multiple,,Lfrac coverage gap 0.101 exceeds 0.1 | third_integral coverage gap 0.121 exceeds 0.1,0.9755469755469756,1.0,0.9755469755469756,0.9594594594594594,0.8994708994708994,0.8785714285714286,0.04054054054054057,0.10052910052910058,0.12142857142857144,0.0,0.0,3790.0,3885.0,0.0,not_computed,not_computed,0.0,0.0,0.0,0.0,0.0,0.0,0.0,,,,,,,,,
10.861459545146332,452.55447863088904,839343.7097862908,0.7700484328879404,28.4208278577652,-28.4208278577652,pass_full,17.0,28.4208278577652,0.28966286962232957,0.6238700356206865,1.577802095513171,1.0,1.0,33.0,none,0.0,7.649038258464154,20.77178959930104,32.0,32.0,7577.0,162.024420573401,0.033432260319601774,nonsingular_isothermal,1.0,0.01,2.0,0.3,1.0,0.0,strict_pass,1.0,none,none,,,0.9796653796653797,1.0,0.9796653796653797,0.9459459459459459,0.9164021164021164,0.9166666666666666,0.05405405405405406,0.08359788359788356,0.08333333333333337,0.0,0.0,3806.0,3885.0,1.0,inverse_phase_volume,geometric_mean,3806.0,3806.0,3806.0,0.0,420.0,0.0,0.0,1.2846055474931529e+41,1.8291214316823027e+51,14238778862.910461,4.6247366291397255e-08,658.5060216152217,0.001518588998696082,21622852.936082024,14238778862.910389,0.0
10.861459545146332,452.55447863088904,0.0,0.7700484328879404,inf,-1000000.0,solver_failed_halo_only,17.0,inf,0.0,1.2289021177851596,2.0355681194483366,0.0,0.0,1000.0,light_constraint_failed,2.0,20.095963299776667,35.872857634327886,32.0,32.0,5890.0,176.8793935373206,0.03832087268281866,nonsingular_isothermal,1.0,0.01,2.0,0.3,1.0,0.0,strict_pass,1.0,none,none,,,0.9987129987129987,1.0,0.9987129987129987,0.9903474903474904,0.9947089947089947,0.9976190476190476,0.009652509652509633,0.005291005291005346,0.0023809523809523725,0.0,0.0,3880.0,3885.0,1.0,inverse_phase_volume,geometric_mean,3880.0,3880.0,3880.0,0.0,420.0,0.0,0.0,1.39329176006251e+34,1.0128395937267395e+51,7.269400586143555e+16,7.95719058362252e-11,5784400.589264097,1.7287875978990973e-07,12567249577.485285,7.269400586143485e+16,0.0
10.861459545146332,452.55447863088904,1678687.4195725815,0.7700484328879404,inf,-1000000.0,orbit_fail_bh_up,17.0,inf,inf,inf,inf,0.0,0.0,0.0,incomplete_orbit_coverage,1.0,inf,inf,0.0,0.0,0.0,0.0,0.0,nonsingular_isothermal,1.0,0.01,2.0,0.3,1.0,0.0,severe_coverage_warn,0.0,none,multiple,,Lfrac coverage gap 0.108 exceeds 0.1 | third_integral coverage gap 0.102 exceeds 0.1,0.9737451737451738,1.0,0.9737451737451738,0.9305019305019305,0.8920634920634921,0.8976190476190476,0.06949806949806947,0.10793650793650789,0.10238095238095235,0.0,0.0,3783.0,3885.0,0.0,not_computed,not_computed,0.0,0.0,0.0,0.0,0.0,0.0,0.0,,,,,,,,,
10.861459545146332,452.55447863088904,419671.8548931454,0.7700484328879404,43.25341872078865,-43.25341872078865,pass_bh_down,17.0,43.25341872078865,0.07423844156268444,0.9017114139304795,1.699775246033165,1.0,1.0,29.0,none,0.0,10.953002441912258,32.3004162788764,32.0,32.0,7635.0,298.3600879492098,0.024951167019425857,nonsingular_isothermal,1.0,0.01,2.0,0.3,1.0,0.0,strict_pass,1.0,none,none,,,0.9855855855855856,1.0,0.9855855855855856,0.9521829521829522,0.9407407407407408,0.9404761904761905,0.047817047817047764,0.059259259259259234,0.059523809523809534,0.0,0.0,3829.0,3885.0,1.0,inverse_phase_volume,geometric_mean,3829.0,3829.0,3829.0,0.0,420.0,0.0,0.0,9.254417714975189e+41,1.5518662305956578e+51,1676892353.8911366,9.015405857286792e-07,1511.7865149309584,0.0006614690567243675,1109212.403556674,1676892353.891136,0.0
21.722919090292663,452.55447863088904,839343.7097862908,0.7700484328879404,21.369616914190768,-21.369616914190768,pass_halo_up,17.0,21.369616914190768,0.11603463586517293,0.8273056478885118,1.7392337533308302,1.0,1.0,37.0,none,0.0,13.35156619053914,8.018050723651617,32.0,32.0,7659.0,174.4428695005716,0.042204698408369636,nonsingular_isothermal,1.0,0.01,2.0,0.3,1.0,0.0,strict_pass,1.0,none,none,,,0.9907335907335907,1.0,0.9907335907335907,0.972972972972973,0.9619047619047619,0.9571428571428572,0.027027027027026973,0.03809523809523807,0.042857142857142816,0.0,0.0,3849.0,3885.0,1.0,inverse_phase_volume,geometric_mean,3849.0,3849.0,3849.0,0.0,420.0,0.0,0.0,6.959611157097119e+43,1.446403043614202e+52,207828140.24591315,1.0688961279726343e-05,2221.466943926101,0.00045015299585446627,93554.45995455995,207828140.2459131,0.0
5.430729772573166,452.55447863088904,839343.7097862908,0.7700484328879404,inf,-1000000.0,orbit_fail_halo_down,17.0,inf,inf,inf,inf,0.0,0.0,0.0,incomplete_orbit_coverage,1.0,inf,inf,0.0,0.0,0.0,0.0,0.0,nonsingular_isothermal,1.0,0.01,2.0,0.3,1.0,0.0,severe_coverage_warn,0.0,inner,multiple,1,Lfrac coverage gap 0.142 exceeds 0.1 | 2 planned shell-band/Lfrac/third-integral cells have no successful orbit,0.9655083655083655,1.0,0.9655083655083655,0.9285714285714286,0.8582010582010582,0.9023809523809524,0.0714285714285714,0.1417989417989418,0.0976190476190476,2.0,0.0,3751.0,3885.0,0.0,not_computed,not_computed,0.0,0.0,0.0,0.0,0.0,0.0,0.0,,,,,,,,,
10.861459545146332,452.55447863088904,839343.7097862908,1.540096865775881,29.111097496189263,-29.111097496189263,pass_ml_up,17.0,29.111097496189263,0.2884790269228965,0.646902032398511,1.6218895591421123,1.0,1.0,32.0,none,0.0,7.9733894217826595,21.1377080744066,32.0,32.0,7559.0,179.54738929732858,0.027794430958517198,nonsingular_isothermal,1.0,0.01,2.0,0.3,1.0,0.0,strict_pass,1.0,none,none,,,0.9770913770913771,1.0,0.9770913770913771,0.9459459459459459,0.9058201058201059,0.9095238095238095,0.05405405405405406,0.09417989417989414,0.09047619047619049,0.0,0.0,3796.0,3885.0,1.0,inverse_phase_volume,geometric_mean,3796.0,3796.0,3796.0,0.0,420.0,0.0,0.0,8.208331592877644e+40,1.829318873096613e+51,22286122976.36599,2.9325129790992468e-08,653.5434488199486,0.0015301201500919647,34100445.83356494,22286122976.365875,0.0
10.861459545146332,452.55447863088904,839343.7097862908,0.3850242164439702,27.599017610488534,-27.599017610488534,pass_ml_down,17.0,27.599017610488534,0.2862291253943816,0.6131497651354075,1.5469788809159957,1.0,1.0,35.0,none,0.0,7.441915557139222,20.157102053349316,32.0,32.0,7592.0,146.60716447120097,0.03533291610979272,nonsingular_isothermal,1.0,0.01,2.0,0.3,1.0,0.0,strict_pass,1.0,none,none,,,0.9814671814671815,1.0,0.9814671814671815,0.9478764478764479,0.9248677248677248,0.930952380952381,0.05212355212355213,0.07513227513227516,0.06904761904761902,0.0,0.0,3813.0,3885.0,1.0,inverse_phase_volume,geometric_mean,3813.0,3813.0,3813.0,0.0,420.0,0.0,0.0,1.5932151966728681e+41,1.8290515294864355e+51,11480254100.676842,5.76064006425491e-08,661.336117201865,0.00151209040908129,17359182.119449805,11480254100.676977,0.0
6.993213758339705,2038.225482552937,2337005.500280442,1.0078655574650826,inf,-1000000.0,orbit_fail_full,18.0,inf,inf,inf,inf,0.0,0.0,0.0,incomplete_orbit_coverage,1.0,inf,inf,0.0,0.0,0.0,0.0,0.0,nonsingular_isothermal,1.0,0.01,2.0,0.3,1.0,0.0,severe_coverage_warn,0.0,inner,multiple,1;2;3,Lfrac minimum coverage 0.78 is below 0.8 | Lfrac coverage gap 0.22 exceeds 0.1 | third_integral coverage gap 0.157 exceeds 0.1 | 5 planned shell-band/Lfrac/third-integral cells have no successful orbit,0.9464607464607465,1.0,0.9464607464607465,0.9230769230769231,0.7798941798941799,0.8428571428571429,0.07068607068607069,0.22010582010582014,0.15714285714285714,5.0,0.0,3677.0,3885.0,0.0,not_computed,not_computed,0.0,0.0,0.0,0.0,0.0,0.0,0.0,,,,,,,,,
6.993213758339705,2038.225482552937,0.0,1.0078655574650826,inf,-1000000.0,solver_failed_halo_only,18.0,inf,0.0,3.033790518445871,5.2546793174690185,0.0,0.0,1000.0,light_constraint_failed,2.0,478.5243282716165,3640.1067629797894,32.0,32.0,7061.0,81.72979291257674,0.034982425494367884,nonsingular_isothermal,1.0,0.01,2.0,0.3,1.0,0.0,strict_pass,1.0,none,none,,,0.9976833976833976,1.0,0.9976833976833976,0.9826254826254827,0.9915343915343915,0.9952380952380953,0.01737451737451734,0.00846560846560851,0.004761904761904745,0.0,0.0,3876.0,3885.0,1.0,inverse_phase_volume,geometric_mean,3876.0,3876.0,3876.0,0.0,420.0,0.0,0.0,7.465842859151897e+32,2.412440447206383e+48,3231303541634455.0,8.451112333744056e-10,2730810.921477802,3.6619159244421116e-07,1183276189.5817502,3231303541634481.5,0.0
6.993213758339705,2038.225482552937,2500000.0,1.0078655574650826,inf,-1000000.0,orbit_fail_bh_up,18.0,inf,inf,inf,inf,0.0,0.0,0.0,incomplete_orbit_coverage,1.0,inf,inf,0.0,0.0,0.0,0.0,0.0,nonsingular_isothermal,1.0,0.01,2.0,0.3,1.0,0.0,severe_coverage_warn,0.0,multiple,multiple,1;2;3;7,Lfrac minimum coverage 0.797 is below 0.8 | Lfrac coverage gap 0.203 exceeds 0.1 | third_integral coverage gap 0.138 exceeds 0.1 | 6 planned shell-band/Lfrac/third-integral cells have no successful orbit,0.9505791505791505,1.0,0.9505791505791505,0.9272349272349273,0.7968253968253968,0.861904761904762,0.058212058212058215,0.20317460317460323,0.13809523809523805,6.0,0.0,3693.0,3885.0,0.0,not_computed,not_computed,0.0,0.0,0.0,0.0,0.0,0.0,0.0,,,,,,,,,
6.993213758339705,2038.225482552937,1168502.750140221,1.0078655574650826,inf,-1000000.0,orbit_fail_bh_down,18.0,inf,inf,inf,inf,0.0,0.0,0.0,incomplete_orbit_coverage,1.0,inf,inf,0.0,0.0,0.0,0.0,0.0,nonsingular_isothermal,1.0,0.01,2.0,0.3,1.0,0.0,severe_coverage_warn,0.0,multiple,multiple,1;6,Lfrac coverage gap 0.17 exceeds 0.1 | third_integral coverage gap 0.152 exceeds 0.1 | 2 planned shell-band/Lfrac/third-integral cells have no successful orbit,0.9585585585585585,1.0,0.9585585585585585,0.9285714285714286,0.8296296296296296,0.8476190476190476,0.0714285714285714,0.1703703703703704,0.1523809523809524,2.0,0.0,3724.0,3885.0,0.0,not_computed,not_computed,0.0,0.0,0.0,0.0,0.0,0.0,0.0,,,,,,,,,
13.98642751667941,2038.225482552937,2337005.500280442,1.0078655574650826,inf,-1000000.0,orbit_fail_halo_up,18.0,inf,inf,inf,inf,0.0,0.0,0.0,incomplete_orbit_coverage,1.0,inf,inf,0.0,0.0,0.0,0.0,0.0,nonsingular_isothermal,1.0,0.01,2.0,0.3,1.0,0.0,severe_coverage_warn,0.0,none,multiple,,Lfrac coverage gap 0.121 exceeds 0.1 | third_integral coverage gap 0.119 exceeds 0.1,0.9703989703989704,1.0,0.9703989703989704,0.9401544401544402,0.8793650793650793,0.8809523809523809,0.05984555984555984,0.12063492063492065,0.11904761904761907,0.0,0.0,3770.0,3885.0,0.0,not_computed,not_computed,0.0,0.0,0.0,0.0,0.0,0.0,0.0,,,,,,,,,
3.4966068791698524,2038.225482552937,2337005.500280442,1.0078655574650826,inf,-1000000.0,orbit_fail_halo_down,18.0,inf,inf,inf,inf,0.0,0.0,0.0,incomplete_orbit_coverage,1.0,inf,inf,0.0,0.0,0.0,0.0,0.0,nonsingular_isothermal,1.0,0.01,2.0,0.3,1.0,0.0,severe_coverage_warn,0.0,multiple,multiple,1;2;3;4;5;7;8,Lfrac minimum coverage 0.67 is below 0.8 | Lfrac coverage gap 0.33 exceeds 0.1 | third_integral minimum coverage 0.76 is below 0.8 | third_integral coverage gap 0.24 exceeds 0.1 | 17 planned shell-band/Lfrac/third-integral cells have no successful orbit,0.9196911196911197,1.0,0.9196911196911197,0.893970893970894,0.6698412698412698,0.7595238095238095,0.04158004158004158,0.3301587301587302,0.2404761904761905,17.0,0.0,3573.0,3885.0,0.0,not_computed,not_computed,0.0,0.0,0.0,0.0,0.0,0.0,0.0,,,,,,,,,
6.993213758339705,2038.225482552937,2337005.500280442,1.6,inf,-1000000.0,orbit_fail_ml_up,18.0,inf,inf,inf,inf,0.0,0.0,0.0,incomplete_orbit_coverage,1.0,inf,inf,0.0,0.0,0.0,0.0,0.0,nonsingular_isothermal,1.0,0.01,2.0,0.3,1.0,0.0,severe_coverage_warn,0.0,inner,multiple,1;2,Lfrac minimum coverage 0.778 is below 0.8 | Lfrac coverage gap 0.222 exceeds 0.1 | third_integral coverage gap 0.155 exceeds 0.1 | 4 planned shell-band/Lfrac/third-integral cells have no successful orbit,0.9459459459459459,1.0,0.9459459459459459,0.918918918918919,0.7777777777777778,0.8452380952380952,0.07276507276507271,0.2222222222222222,0.15476190476190477,4.0,0.0,3675.0,3885.0,0.0,not_computed,not_computed,0.0,0.0,0.0,0.0,0.0,0.0,0.0,,,,,,,,,
6.993213758339705,2038.225482552937,2337005.500280442,0.5039327787325413,inf,-1000000.0,orbit_fail_ml_down,18.0,inf,inf,inf,inf,0.0,0.0,0.0,incomplete_orbit_coverage,1.0,inf,inf,0.0,0.0,0.0,0.0,0.0,nonsingular_isothermal,1.0,0.01,2.0,0.3,1.0,0.0,severe_coverage_warn,0.0,inner,multiple,1;2,Lfrac coverage gap 0.197 exceeds 0.1 | third_integral coverage gap 0.129 exceeds 0.1 | 4 planned shell-band/Lfrac/third-integral cells have no successful orbit,0.9521235521235522,1.0,0.9521235521235522,0.9272349272349273,0.8031746031746032,0.8714285714285714,0.06860706860706856,0.1968253968253968,0.12857142857142856,4.0,0.0,3699.0,3885.0,0.0,not_computed,not_computed,0.0,0.0,0.0,0.0,0.0,0.0,0.0,,,,,,,,,
18.72665145472716,8429.863766273142,441210.5715731507,1.3910847205242314,inf,-1000000.0,orbit_fail_full,19.0,inf,inf,inf,inf,0.0,0.0,0.0,incomplete_orbit_coverage,1.0,inf,inf,0.0,0.0,0.0,0.0,0.0,nonsingular_isothermal,1.0,0.01,2.0,0.3,1.0,0.0,severe_coverage_warn,0.0,none,multiple,,Lfrac coverage gap 0.108 exceeds 0.1 | third_integral coverage gap 0.119 exceeds 0.1,0.9737451737451738,1.0,0.9737451737451738,0.9498069498069498,0.8920634920634921,0.8809523809523809,0.050193050193050204,0.10793650793650789,0.11904761904761907,0.0,0.0,3783.0,3885.0,0.0,not_computed,not_computed,0.0,0.0,0.0,0.0,0.0,0.0,0.0,,,,,,,,,
18.72665145472716,8429.863766273142,0.0,1.3910847205242314,inf,-1000000.0,solver_failed_halo_only,19.0,inf,0.0,2.487303172482164,3.5175778802575595,0.0,0.0,1000.0,light_constraint_failed,2.0,84.01934234576035,1340.859299949353,32.0,32.0,7356.0,139.38480731215597,0.023829724397466827,nonsingular_isothermal,1.0,0.01,2.0,0.3,1.0,0.0,strict_pass,1.0,none,none,,,0.9997425997425997,1.0,0.9997425997425997,0.9980694980694981,0.9989417989417989,0.9976190476190476,0.0019305019305019266,0.0010582010582010914,0.0023809523809523725,0.0,0.0,3884.0,3885.0,1.0,inverse_phase_volume,geometric_mean,3884.0,3884.0,3884.0,0.0,420.0,0.0,0.0,1.2217906016229882e+32,3.738950050061027e+47,3060221649351634.5,2.0820270565742345e-10,637146.4273064359,1.5694979319393555e-06,4803011549.933454,3060221649351647.0,0.0
18.72665145472716,8429.863766273142,882421.1431463014,1.3910847205242314,inf,-1000000.0,orbit_fail_bh_up,19.0,inf,inf,inf,inf,0.0,0.0,0.0,incomplete_orbit_coverage,1.0,inf,inf,0.0,0.0,0.0,0.0,0.0,nonsingular_isothermal,1.0,0.01,2.0,0.3,1.0,0.0,severe_coverage_warn,0.0,none,multiple,,Lfrac coverage gap 0.134 exceeds 0.1 | third_integral coverage gap 0.143 exceeds 0.1,0.9673101673101673,1.0,0.9673101673101673,0.944015444015444,0.8656084656084656,0.8571428571428571,0.055984555984555984,0.1343915343915344,0.1428571428571429,0.0,0.0,3758.0,3885.0,0.0,not_computed,not_computed,0.0,0.0,0.0,0.0,0.0,0.0,0.0,,,,,,,,,
18.72665145472716,8429.863766273142,220605.28578657535,1.3910847205242314,inf,-1000000.0,orbit_fail_bh_down,19.0,inf,inf,inf,inf,0.0,0.0,0.0,incomplete_orbit_coverage,1.0,inf,inf,0.0,0.0,0.0,0.0,0.0,nonsingular_isothermal,1.0,0.01,2.0,0.3,1.0,0.0,severe_coverage_warn,0.0,none,theta,,third_integral coverage gap 0.107 exceeds 0.1,0.9776061776061776,1.0,0.9776061776061776,0.9498069498069498,0.9079365079365079,0.8928571428571429,0.050193050193050204,0.09206349206349207,0.1071428571428571,0.0,0.0,3798.0,3885.0,0.0,not_computed,not_computed,0.0,0.0,0.0,0.0,0.0,0.0,0.0,,,,,,,,,
30.0,8429.863766273142,441210.5715731507,1.3910847205242314,inf,-1000000.0,orbit_fail_halo_up,19.0,inf,inf,inf,inf,0.0,0.0,0.0,incomplete_orbit_coverage,1.0,inf,inf,0.0,0.0,0.0,0.0,0.0,nonsingular_isothermal,1.0,0.01,2.0,0.3,1.0,0.0,severe_coverage_warn,0.0,none,multiple,,Lfrac coverage gap 0.108 exceeds 0.1 | third_integral coverage gap 0.119 exceeds 0.1,0.9737451737451738,1.0,0.9737451737451738,0.9459459459459459,0.8920634920634921,0.8809523809523809,0.05405405405405406,0.10793650793650789,0.11904761904761907,0.0,0.0,3783.0,3885.0,0.0,not_computed,not_computed,0.0,0.0,0.0,0.0,0.0,0.0,0.0,,,,,,,,,
9.36332572736358,8429.863766273142,441210.5715731507,1.3910847205242314,inf,-1000000.0,orbit_fail_halo_down,19.0,inf,inf,inf,inf,0.0,0.0,0.0,incomplete_orbit_coverage,1.0,inf,inf,0.0,0.0,0.0,0.0,0.0,nonsingular_isothermal,1.0,0.01,2.0,0.3,1.0,0.0,severe_coverage_warn,0.0,none,multiple,,Lfrac coverage gap 0.15 exceeds 0.1 | third_integral coverage gap 0.138 exceeds 0.1,0.9634491634491634,1.0,0.9634491634491634,0.9459459459459459,0.8497354497354498,0.861904761904762,0.05405405405405406,0.1502645502645502,0.13809523809523805,0.0,0.0,3743.0,3885.0,0.0,not_computed,not_computed,0.0,0.0,0.0,0.0,0.0,0.0,0.0,,,,,,,,,
18.72665145472716,8429.863766273142,441210.5715731507,1.6,inf,-1000000.0,orbit_fail_ml_up,19.0,inf,inf,inf,inf,0.0,0.0,0.0,incomplete_orbit_coverage,1.0,inf,inf,0.0,0.0,0.0,0.0,0.0,nonsingular_isothermal,1.0,0.01,2.0,0.3,1.0,0.0,severe_coverage_warn,0.0,none,multiple,,Lfrac coverage gap 0.11 exceeds 0.1 | third_integral coverage gap 0.117 exceeds 0.1,0.9732303732303732,1.0,0.9732303732303732,0.9382239382239382,0.8899470899470899,0.8833333333333333,0.061776061776061764,0.11005291005291007,0.1166666666666667,0.0,0.0,3781.0,3885.0,0.0,not_computed,not_computed,0.0,0.0,0.0,0.0,0.0,0.0,0.0,,,,,,,,,
18.72665145472716,8429.863766273142,441210.5715731507,0.6955423602621157,inf,-1000000.0,orbit_fail_ml_down,19.0,inf,inf,inf,inf,0.0,0.0,0.0,incomplete_orbit_coverage,1.0,inf,inf,0.0,0.0,0.0,0.0,0.0,nonsingular_isothermal,1.0,0.01,2.0,0.3,1.0,0.0,severe_coverage_warn,0.0,none,multiple,,Lfrac coverage gap 0.111 exceeds 0.1 | third_integral coverage gap 0.11 exceeds 0.1,0.972972972972973,1.0,0.972972972972973,0.9459459459459459,0.8888888888888888,0.8904761904761904,0.05405405405405406,0.11111111111111116,0.10952380952380958,0.0,0.0,3780.0,3885.0,0.0,not_computed,not_computed,0.0,0.0,0.0,0.0,0.0,0.0,0.0,,,,,,,,,
8.974059002590085,8344.37049055156,2394395.5632986724,0.36062163372922174,inf,-1000000.0,orbit_fail_full,20.0,inf,inf,inf,inf,0.0,0.0,0.0,incomplete_orbit_coverage,1.0,inf,inf,0.0,0.0,0.0,0.0,0.0,nonsingular_isothermal,1.0,0.01,2.0,0.3,1.0,0.0,severe_coverage_warn,0.0,inner,multiple,1,Lfrac coverage gap 0.178 exceeds 0.1 | third_integral coverage gap 0.15 exceeds 0.1 | 2 planned shell-band/Lfrac/third-integral cells have no successful orbit,0.9567567567567568,1.0,0.9567567567567568,0.9054054054054054,0.8222222222222222,0.85,0.077962577962578,0.1777777777777778,0.15000000000000002,2.0,0.0,3717.0,3885.0,0.0,not_computed,not_computed,0.0,0.0,0.0,0.0,0.0,0.0,0.0,,,,,,,,,
8.974059002590085,8344.37049055156,0.0,0.36062163372922174,inf,-1000000.0,solver_failed_halo_only,20.0,inf,0.0,2.2728318447650824,3.4162534034811287,0.0,0.0,1000.0,light_constraint_failed,2.0,75.66046307875939,1178.8717842663712,32.0,32.0,7433.0,145.67741250013705,0.023650437977854176,nonsingular_isothermal,1.0,0.01,2.0,0.3,1.0,0.0,strict_pass,1.0,none,none,,,0.9992277992277993,1.0,0.9992277992277993,0.9942084942084942,0.9978835978835979,0.9976190476190476,0.00579150579150578,0.002116402116402072,0.0023809523809523725,0.0,0.0,3882.0,3885.0,1.0,inverse_phase_volume,geometric_mean,3882.0,3882.0,3882.0,0.0,420.0,0.0,0.0,6.605768222075022e+31,2.013347673122914e+46,304786302733836.44,1.8047426639301185e-09,550060.8439252788,1.817980703487125e-06,554095617.0573031,304786302733838.25,0.0
8.974059002590085,8344.37049055156,2500000.0,0.36062163372922174,inf,-1000000.0,orbit_fail_bh_up,20.0,inf,inf,inf,inf,0.0,0.0,0.0,incomplete_orbit_coverage,1.0,inf,inf,0.0,0.0,0.0,0.0,0.0,nonsingular_isothermal,1.0,0.01,2.0,0.3,1.0,0.0,severe_coverage_warn,0.0,inner,multiple,1,Lfrac coverage gap 0.183 exceeds 0.1 | third_integral coverage gap 0.133 exceeds 0.1 | 2 planned shell-band/Lfrac/third-integral cells have no successful orbit,0.9554697554697554,1.0,0.9554697554697554,0.9092664092664092,0.816931216931217,0.8666666666666667,0.07202257202257212,0.18306878306878305,0.1333333333333333,2.0,0.0,3712.0,3885.0,0.0,not_computed,not_computed,0.0,0.0,0.0,0.0,0.0,0.0,0.0,,,,,,,,,
8.974059002590085,8344.37049055156,1197197.7816493362,0.36062163372922174,inf,-1000000.0,orbit_fail_bh_down,20.0,inf,inf,inf,inf,0.0,0.0,0.0,incomplete_orbit_coverage,1.0,inf,inf,0.0,0.0,0.0,0.0,0.0,nonsingular_isothermal,1.0,0.01,2.0,0.3,1.0,0.0,severe_coverage_warn,0.0,none,multiple,,Lfrac coverage gap 0.151 exceeds 0.1 | third_integral coverage gap 0.143 exceeds 0.1,0.9631917631917631,1.0,0.9631917631917631,0.9131274131274131,0.8486772486772487,0.8571428571428571,0.0785565785565786,0.1513227513227513,0.1428571428571429,0.0,0.0,3742.0,3885.0,0.0,not_computed,not_computed,0.0,0.0,0.0,0.0,0.0,0.0,0.0,,,,,,,,,
17.94811800518017,8344.37049055156,2394395.5632986724,0.36062163372922174,inf,-1000000.0,orbit_fail_halo_up,20.0,inf,inf,inf,inf,0.0,0.0,0.0,incomplete_orbit_coverage,1.0,inf,inf,0.0,0.0,0.0,0.0,0.0,nonsingular_isothermal,1.0,0.01,2.0,0.3,1.0,0.0,severe_coverage_warn,0.0,none,multiple,,Lfrac coverage gap 0.138 exceeds 0.1 | third_integral coverage gap 0.148 exceeds 0.1,0.9665379665379665,1.0,0.9665379665379665,0.9362934362934363,0.8624338624338624,0.8523809523809524,0.05954855954855953,0.13756613756613756,0.14761904761904765,0.0,0.0,3755.0,3885.0,0.0,not_computed,not_computed,0.0,0.0,0.0,0.0,0.0,0.0,0.0,,,,,,,,,
4.4870295012950425,8344.37049055156,2394395.5632986724,0.36062163372922174,inf,-1000000.0,orbit_fail_halo_down,20.0,inf,inf,inf,inf,0.0,0.0,0.0,incomplete_orbit_coverage,1.0,inf,inf,0.0,0.0,0.0,0.0,0.0,nonsingular_isothermal,1.0,0.01,2.0,0.3,1.0,0.0,severe_coverage_warn,0.0,multiple,multiple,1;2;3;4;5,Lfrac minimum coverage 0.737 is below 0.8 | Lfrac coverage gap 0.263 exceeds 0.1 | third_integral coverage gap 0.186 exceeds 0.1 | 10 planned shell-band/Lfrac/third-integral cells have no successful orbit,0.9359073359073359,1.0,0.9359073359073359,0.8976833976833977,0.7365079365079366,0.8142857142857143,0.06281556281556289,0.26349206349206344,0.18571428571428572,10.0,0.0,3636.0,3885.0,0.0,not_computed,not_computed,0.0,0.0,0.0,0.0,0.0,0.0,0.0,,,,,,,,,
8.974059002590085,8344.37049055156,2394395.5632986724,0.7212432674584435,inf,-1000000.0,orbit_fail_ml_up,20.0,inf,inf,inf,inf,0.0,0.0,0.0,incomplete_orbit_coverage,1.0,inf,inf,0.0,0.0,0.0,0.0,0.0,nonsingular_isothermal,1.0,0.01,2.0,0.3,1.0,0.0,severe_coverage_warn,0.0,inner,multiple,1,Lfrac minimum coverage 0.787 is below 0.8 | Lfrac coverage gap 0.213 exceeds 0.1 | third_integral coverage gap 0.157 exceeds 0.1 | 2 planned shell-band/Lfrac/third-integral cells have no successful orbit,0.9482625482625483,1.0,0.9482625482625483,0.9034749034749034,0.7873015873015873,0.8428571428571429,0.07365607365607374,0.21269841269841272,0.15714285714285714,2.0,0.0,3684.0,3885.0,0.0,not_computed,not_computed,0.0,0.0,0.0,0.0,0.0,0.0,0.0,,,,,,,,,
8.974059002590085,8344.37049055156,2394395.5632986724,0.2,inf,-1000000.0,orbit_fail_ml_down,20.0,inf,inf,inf,inf,0.0,0.0,0.0,incomplete_orbit_coverage,1.0,inf,inf,0.0,0.0,0.0,0.0,0.0,nonsingular_isothermal,1.0,0.01,2.0,0.3,1.0,0.0,severe_coverage_warn,0.0,inner,multiple,1,Lfrac coverage gap 0.179 exceeds 0.1 | third_integral coverage gap 0.164 exceeds 0.1 | 2 planned shell-band/Lfrac/third-integral cells have no successful orbit,0.9564993564993565,1.0,0.9564993564993565,0.9015444015444015,0.8211640211640212,0.8357142857142857,0.07558657558657567,0.1788359788359788,0.16428571428571426,2.0,0.0,3716.0,3885.0,0.0,not_computed,not_computed,0.0,0.0,0.0,0.0,0.0,0.0,0.0,,,,,,,,,
3.4976634296638665,458.4626841421221,1453439.2771284883,0.33723844736472036,inf,-1000000.0,orbit_fail_full,21.0,inf,inf,inf,inf,0.0,0.0,0.0,incomplete_orbit_coverage,1.0,inf,inf,0.0,0.0,0.0,0.0,0.0,nonsingular_isothermal,1.0,0.01,2.0,0.3,1.0,0.0,severe_coverage_warn,0.0,multiple,multiple,1;2;3;4;5,Lfrac minimum coverage 0.778 is below 0.8 | Lfrac coverage gap 0.222 exceeds 0.1 | third_integral coverage gap 0.176 exceeds 0.1 | 10 planned shell-band/Lfrac/third-integral cells have no successful orbit,0.9459459459459459,1.0,0.9459459459459459,0.916988416988417,0.7777777777777778,0.8238095238095238,0.08301158301158296,0.2222222222222222,0.17619047619047623,10.0,0.0,3675.0,3885.0,0.0,not_computed,not_computed,0.0,0.0,0.0,0.0,0.0,0.0,0.0,,,,,,,,,
3.4976634296638665,458.4626841421221,0.0,0.33723844736472036,inf,-1000000.0,solver_failed_halo_only,21.0,inf,0.0,1.326991653511723,2.396070955249892,0.0,0.0,1000.0,light_constraint_failed,2.0,42.57604301392107,168.02701857567988,32.0,32.0,6109.0,246.58061463523796,0.015292678001309143,nonsingular_isothermal,1.0,0.01,2.0,0.3,1.0,0.0,strict_pass,1.0,none,none,,,0.9971685971685972,1.0,0.9971685971685972,0.9787644787644788,0.9915343915343915,0.9952380952380953,0.021235521235521193,0.00846560846560851,0.004761904761904745,0.0,0.0,3874.0,3885.0,1.0,inverse_phase_volume,geometric_mean,3874.0,3874.0,3874.0,0.0,420.0,0.0,0.0,1.3556936909515024e+33,1.0953732433955039e+49,8079798930293089.0,2.0743851942619635e-10,1676061.527361346,5.966368081810923e-07,4820705444.515022,8079798930293005.0,0.0
3.4976634296638665,458.4626841421221,2500000.0,0.33723844736472036,inf,-1000000.0,orbit_fail_bh_up,21.0,inf,inf,inf,inf,0.0,0.0,0.0,incomplete_orbit_coverage,1.0,inf,inf,0.0,0.0,0.0,0.0,0.0,nonsingular_isothermal,1.0,0.01,2.0,0.3,1.0,0.0,severe_coverage_warn,0.0,multiple,multiple,1;2;3;4;5,Lfrac minimum coverage 0.759 is below 0.8 | Lfrac coverage gap 0.241 exceeds 0.1 | third_integral coverage gap 0.198 exceeds 0.1 | 11 planned shell-band/Lfrac/third-integral cells have no successful orbit,0.9413127413127413,1.0,0.9413127413127413,0.916988416988417,0.7587301587301587,0.8023809523809524,0.08093258093258093,0.2412698412698413,0.19761904761904758,11.0,0.0,3657.0,3885.0,0.0,not_computed,not_computed,0.0,0.0,0.0,0.0,0.0,0.0,0.0,,,,,,,,,
3.4976634296638665,458.4626841421221,726719.6385642441,0.33723844736472036,inf,-1000000.0,orbit_fail_bh_down,21.0,inf,inf,inf,inf,0.0,0.0,0.0,incomplete_orbit_coverage,1.0,inf,inf,0.0,0.0,0.0,0.0,0.0,nonsingular_isothermal,1.0,0.01,2.0,0.3,1.0,0.0,severe_coverage_warn,0.0,inner,multiple,1;2;3,Lfrac coverage gap 0.193 exceeds 0.1 | third_integral coverage gap 0.129 exceeds 0.1 | 5 planned shell-band/Lfrac/third-integral cells have no successful orbit,0.9531531531531532,1.0,0.9531531531531532,0.918918918918919,0.8074074074074075,0.8714285714285714,0.08108108108108103,0.19259259259259254,0.12857142857142856,5.0,0.0,3703.0,3885.0,0.0,not_computed,not_computed,0.0,0.0,0.0,0.0,0.0,0.0,0.0,,,,,,,,,
6.995326859327733,458.4626841421221,1453439.2771284883,0.33723844736472036,inf,-1000000.0,orbit_fail_halo_up,21.0,inf,inf,inf,inf,0.0,0.0,0.0,incomplete_orbit_coverage,1.0,inf,inf,0.0,0.0,0.0,0.0,0.0,nonsingular_isothermal,1.0,0.01,2.0,0.3,1.0,0.0,severe_coverage_warn,0.0,inner,multiple,1,Lfrac coverage gap 0.123 exceeds 0.1 | 2 planned shell-band/Lfrac/third-integral cells have no successful orbit,0.9701415701415701,1.0,0.9701415701415701,0.9324324324324325,0.8772486772486773,0.9071428571428571,0.06756756756756754,0.12275132275132272,0.09285714285714286,2.0,0.0,3769.0,3885.0,0.0,not_computed,not_computed,0.0,0.0,0.0,0.0,0.0,0.0,0.0,,,,,,,,,
1.7488317148319332,458.4626841421221,1453439.2771284883,0.33723844736472036,inf,-1000000.0,orbit_fail_halo_down,21.0,inf,inf,inf,inf,0.0,0.0,0.0,incomplete_orbit_coverage,1.0,inf,inf,0.0,0.0,0.0,0.0,0.0,nonsingular_isothermal,1.0,0.01,2.0,0.3,1.0,0.0,severe_coverage_warn,0.0,multiple,multiple,1;2;3;4;5;6;7,Lfrac minimum coverage 0.694 is below 0.8 | Lfrac coverage gap 0.306 exceeds 0.1 | third_integral minimum coverage 0.767 is below 0.8 | third_integral coverage gap 0.233 exceeds 0.1 | 18 planned shell-band/Lfrac/third-integral cells have no successful orbit,0.9256113256113256,1.0,0.9256113256113256,0.9168399168399168,0.6941798941798942,0.7666666666666667,0.0353430353430354,0.30582010582010577,0.23333333333333328,18.0,0.0,3596.0,3885.0,0.0,not_computed,not_computed,0.0,0.0,0.0,0.0,0.0,0.0,0.0,,,,,,,,,
3.4976634296638665,458.4626841421221,1453439.2771284883,0.6744768947294407,inf,-1000000.0,orbit_fail_ml_up,21.0,inf,inf,inf,inf,0.0,0.0,0.0,incomplete_orbit_coverage,1.0,inf,inf,0.0,0.0,0.0,0.0,0.0,nonsingular_isothermal,1.0,0.01,2.0,0.3,1.0,0.0,severe_coverage_warn,0.0,multiple,multiple,1;2;3;4;5,Lfrac minimum coverage 0.771 is below 0.8 | Lfrac coverage gap 0.229 exceeds 0.1 | third_integral coverage gap 0.179 exceeds 0.1 | 10 planned shell-band/Lfrac/third-integral cells have no successful orbit,0.9444015444015444,1.0,0.9444015444015444,0.916988416988417,0.7714285714285715,0.8214285714285714,0.08301158301158296,0.22857142857142854,0.1785714285714286,10.0,0.0,3669.0,3885.0,0.0,not_computed,not_computed,0.0,0.0,0.0,0.0,0.0,0.0,0.0,,,,,,,,,
3.4976634296638665,458.4626841421221,1453439.2771284883,0.2,inf,-1000000.0,orbit_fail_ml_down,21.0,inf,inf,inf,inf,0.0,0.0,0.0,incomplete_orbit_coverage,1.0,inf,inf,0.0,0.0,0.0,0.0,0.0,nonsingular_isothermal,1.0,0.01,2.0,0.3,1.0,0.0,severe_coverage_warn,0.0,multiple,multiple,1;2;3;4;5,Lfrac minimum coverage 0.794 is below 0.8 | Lfrac coverage gap 0.206 exceeds 0.1 | third_integral coverage gap 0.179 exceeds 0.1 | 9 planned shell-band/Lfrac/third-integral cells have no successful orbit,0.9498069498069498,1.0,0.9498069498069498,0.9208494208494209,0.7936507936507936,0.8214285714285714,0.0791505791505791,0.2063492063492064,0.1785714285714286,9.0,0.0,3690.0,3885.0,0.0,not_computed,not_computed,0.0,0.0,0.0,0.0,0.0,0.0,0.0,,,,,,,,,
6.397654082576077,1722.6939555408185,2432871.564752846,0.47753101766448,inf,-1000000.0,orbit_fail_full,22.0,inf,inf,inf,inf,0.0,0.0,0.0,incomplete_orbit_coverage,1.0,inf,inf,0.0,0.0,0.0,0.0,0.0,nonsingular_isothermal,1.0,0.01,2.0,0.3,1.0,0.0,severe_coverage_warn,0.0,inner,multiple,1;2;3,Lfrac minimum coverage 0.798 is below 0.8 | Lfrac coverage gap 0.202 exceeds 0.1 | third_integral coverage gap 0.148 exceeds 0.1 | 6 planned shell-band/Lfrac/third-integral cells have no successful orbit,0.9508365508365508,1.0,0.9508365508365508,0.9272349272349273,0.7978835978835979,0.8523809523809524,0.06652806652806653,0.20211640211640214,0.14761904761904765,6.0,0.0,3694.0,3885.0,0.0,not_computed,not_computed,0.0,0.0,0.0,0.0,0.0,0.0,0.0,,,,,,,,,
6.397654082576077,1722.6939555408185,0.0,0.47753101766448,inf,-1000000.0,solver_failed_halo_only,22.0,inf,0.0,2.0450856894810294,3.5736863879745715,0.0,0.0,1000.0,light_constraint_failed,2.0,972.606924356235,2497.773557251046,32.0,32.0,6770.0,87.4498080721421,0.025699696033238992,nonsingular_isothermal,1.0,0.01,2.0,0.3,1.0,0.0,strict_pass,1.0,none,none,,,0.9984555984555985,1.0,0.9984555984555985,0.9884169884169884,0.9936507936507937,0.9976190476190476,0.01158301158301156,0.006349206349206327,0.0023809523809523725,0.0,0.0,3879.0,3885.0,1.0,inverse_phase_volume,geometric_mean,3879.0,3879.0,3879.0,0.0,420.0,0.0,0.0,8.354714281390397e+31,3.2584004089845644e+48,3.900074017183864e+16,1.5651893422255117e-10,6104354.2855867855,1.6381749046924367e-07,6389003381.393588,3.900074017183842e+16,0.0
6.397654082576077,1722.6939555408185,2500000.0,0.47753101766448,inf,-1000000.0,orbit_fail_bh_up,22.0,inf,inf,inf,inf,0.0,0.0,0.0,incomplete_orbit_coverage,1.0,inf,inf,0.0,0.0,0.0,0.0,0.0,nonsingular_isothermal,1.0,0.01,2.0,0.3,1.0,0.0,severe_coverage_warn,0.0,inner,multiple,1;2;3,Lfrac minimum coverage 0.782 is below 0.8 | Lfrac coverage gap 0.218 exceeds 0.1 | third_integral coverage gap 0.148 exceeds 0.1 | 6 planned shell-band/Lfrac/third-integral cells have no successful orbit,0.946975546975547,1.0,0.946975546975547,0.9208494208494209,0.782010582010582,0.8523809523809524,0.07291357291357292,0.21798941798941796,0.14761904761904765,6.0,0.0,3679.0,3885.0,0.0,not_computed,not_computed,0.0,0.0,0.0,0.0,0.0,0.0,0.0,,,,,,,,,
6.397654082576077,1722.6939555408185,1216435.782376423,0.47753101766448,inf,-1000000.0,orbit_fail_bh_down,22.0,inf,inf,inf,inf,0.0,0.0,0.0,incomplete_orbit_coverage,1.0,inf,inf,0.0,0.0,0.0,0.0,0.0,nonsingular_isothermal,1.0,0.01,2.0,0.3,1.0,0.0,severe_coverage_warn,0.0,inner,multiple,1,Lfrac coverage gap 0.143 exceeds 0.1 | third_integral coverage gap 0.107 exceeds 0.1 | 2 planned shell-band/Lfrac/third-integral cells have no successful orbit,0.9652509652509652,1.0,0.9652509652509652,0.9324324324324325,0.8571428571428571,0.8928571428571429,0.06756756756756754,0.1428571428571429,0.1071428571428571,2.0,0.0,3750.0,3885.0,0.0,not_computed,not_computed,0.0,0.0,0.0,0.0,0.0,0.0,0.0,,,,,,,,,
12.795308165152154,1722.6939555408185,2432871.564752846,0.47753101766448,inf,-1000000.0,orbit_fail_halo_up,22.0,inf,inf,inf,inf,0.0,0.0,0.0,incomplete_orbit_coverage,1.0,inf,inf,0.0,0.0,0.0,0.0,0.0,nonsingular_isothermal,1.0,0.01,2.0,0.3,1.0,0.0,severe_coverage_warn,0.0,none,lfrac,,Lfrac coverage gap 0.101 exceeds 0.1,0.9755469755469756,1.0,0.9755469755469756,0.944015444015444,0.8994708994708994,0.9071428571428571,0.055984555984555984,0.10052910052910058,0.09285714285714286,0.0,0.0,3790.0,3885.0,0.0,not_computed,not_computed,0.0,0.0,0.0,0.0,0.0,0.0,0.0,,,,,,,,,
3.1988270412880384,1722.6939555408185,2432871.564752846,0.47753101766448,inf,-1000000.0,orbit_fail_halo_down,22.0,inf,inf,inf,inf,0.0,0.0,0.0,incomplete_orbit_coverage,1.0,inf,inf,0.0,0.0,0.0,0.0,0.0,nonsingular_isothermal,1.0,0.01,2.0,0.3,1.0,0.0,severe_coverage_warn,0.0,multiple,multiple,1;2;3;4;5;6;8,Lfrac minimum coverage 0.686 is below 0.8 | Lfrac coverage gap 0.314 exceeds 0.1 | third_integral minimum coverage 0.774 is below 0.8 | third_integral coverage gap 0.226 exceeds 0.1 | 15 planned shell-band/Lfrac/third-integral cells have no successful orbit,0.9235521235521236,1.0,0.9235521235521236,0.9064449064449065,0.6857142857142857,0.7738095238095238,0.029106029106029108,0.3142857142857143,0.22619047619047616,15.0,0.0,3588.0,3885.0,0.0,not_computed,not_computed,0.0,0.0,0.0,0.0,0.0,0.0,0.0,,,,,,,,,
6.397654082576077,1722.6939555408185,2432871.564752846,0.95506203532896,inf,-1000000.0,orbit_fail_ml_up,22.0,inf,inf,inf,inf,0.0,0.0,0.0,incomplete_orbit_coverage,1.0,inf,inf,0.0,0.0,0.0,0.0,0.0,nonsingular_isothermal,1.0,0.01,2.0,0.3,1.0,0.0,severe_coverage_warn,0.0,multiple,multiple,1;2;3;7,Lfrac minimum coverage 0.782 is below 0.8 | Lfrac coverage gap 0.218 exceeds 0.1 | third_integral coverage gap 0.157 exceeds 0.1 | 7 planned shell-band/Lfrac/third-integral cells have no successful orbit,0.946975546975547,1.0,0.946975546975547,0.9227799227799228,0.782010582010582,0.8428571428571429,0.06682506682506684,0.21798941798941796,0.15714285714285714,7.0,0.0,3679.0,3885.0,0.0,not_computed,not_computed,0.0,0.0,0.0,0.0,0.0,0.0,0.0,,,,,,,,,
6.397654082576077,1722.6939555408185,2432871.564752846,0.23876550883224,inf,-1000000.0,orbit_fail_ml_down,22.0,inf,inf,inf,inf,0.0,0.0,0.0,incomplete_orbit_coverage,1.0,inf,inf,0.0,0.0,0.0,0.0,0.0,nonsingular_isothermal,1.0,0.01,2.0,0.3,1.0,0.0,severe_coverage_warn,0.0,inner,multiple,1;2;3,Lfrac coverage gap 0.188 exceeds 0.1 | third_integral coverage gap 0.126 exceeds 0.1 | 5 planned shell-band/Lfrac/third-integral cells have no successful orbit,0.9541827541827542,1.0,0.9541827541827542,0.9227799227799228,0.8116402116402116,0.8738095238095238,0.07306207306207302,0.1883597883597884,0.1261904761904762,5.0,0.0,3707.0,3885.0,0.0,not_computed,not_computed,0.0,0.0,0.0,0.0,0.0,0.0,0.0,,,,,,,,,
5.336620830829527,2720.617415162828,681420.1715940788,1.3274192929538322,inf,-1000000.0,orbit_fail_full,23.0,inf,inf,inf,inf,0.0,0.0,0.0,incomplete_orbit_coverage,1.0,inf,inf,0.0,0.0,0.0,0.0,0.0,nonsingular_isothermal,1.0,0.01,2.0,0.3,1.0,0.0,severe_coverage_warn,0.0,inner,multiple,1,Lfrac coverage gap 0.2 exceeds 0.1 | third_integral coverage gap 0.157 exceeds 0.1 | 1 planned shell-band/Lfrac/third-integral cells have no successful orbit,0.9513513513513514,1.0,0.9513513513513514,0.9251559251559252,0.8,0.8428571428571429,0.07276507276507282,0.19999999999999996,0.15714285714285714,1.0,0.0,3696.0,3885.0,0.0,not_computed,not_computed,0.0,0.0,0.0,0.0,0.0,0.0,0.0,,,,,,,,,
5.336620830829527,2720.617415162828,0.0,1.3274192929538322,inf,-1000000.0,solver_failed_halo_only,23.0,inf,0.0,1.974920385703646,3.6271134245929724,0.0,0.0,1000.0,light_constraint_failed,2.0,65.8207122728919,886.8959018954292,32.0,32.0,7360.0,168.086278544062,0.02099426754982172,nonsingular_isothermal,1.0,0.01,2.0,0.3,1.0,0.0,strict_pass,1.0,none,none,,,0.9971685971685972,1.0,0.9971685971685972,0.9787644787644788,0.9915343915343915,0.9952380952380953,0.021235521235521193,0.00846560846560851,0.004761904761904745,0.0,0.0,3874.0,3885.0,1.0,inverse_phase_volume,geometric_mean,3874.0,3874.0,3874.0,0.0,420.0,0.0,0.0,2.0003850741951206e+31,1.9364713494009543e+47,9680492893000200.0,3.980948176374794e-11,385375.4052879804,2.5948723926809177e-06,25119643755.589878,9680492893000134.0,0.0
5.336620830829527,2720.617415162828,1362840.3431881575,1.3274192929538322,inf,-1000000.0,orbit_fail_bh_up,23.0,inf,inf,inf,inf,0.0,0.0,0.0,incomplete_orbit_coverage,1.0,inf,inf,0.0,0.0,0.0,0.0,0.0,nonsingular_isothermal,1.0,0.01,2.0,0.3,1.0,0.0,severe_coverage_warn,0.0,multiple,multiple,1;2;7,Lfrac minimum coverage 0.727 is below 0.8 | Lfrac coverage gap 0.273 exceeds 0.1 | third_integral coverage gap 0.176 exceeds 0.1 | 5 planned shell-band/Lfrac/third-integral cells have no successful orbit,0.9335907335907336,1.0,0.9335907335907336,0.9106029106029107,0.726984126984127,0.8238095238095238,0.0498960498960499,0.27301587301587305,0.17619047619047623,5.0,0.0,3627.0,3885.0,0.0,not_computed,not_computed,0.0,0.0,0.0,0.0,0.0,0.0,0.0,,,,,,,,,
5.336620830829527,2720.617415162828,340710.0857970394,1.3274192929538322,inf,-1000000.0,orbit_fail_bh_down,23.0,inf,inf,inf,inf,0.0,0.0,0.0,incomplete_orbit_coverage,1.0,inf,inf,0.0,0.0,0.0,0.0,0.0,nonsingular_isothermal,1.0,0.01,2.0,0.3,1.0,0.0,severe_coverage_warn,0.0,none,multiple,,Lfrac coverage gap 0.165 exceeds 0.1 | third_integral coverage gap 0.136 exceeds 0.1,0.9598455598455599,1.0,0.9598455598455599,0.9313929313929314,0.834920634920635,0.8642857142857143,0.06860706860706856,0.16507936507936505,0.13571428571428568,0.0,0.0,3729.0,3885.0,0.0,not_computed,not_computed,0.0,0.0,0.0,0.0,0.0,0.0,0.0,,,,,,,,,
10.673241661659054,2720.617415162828,681420.1715940788,1.3274192929538322,inf,-1000000.0,orbit_fail_halo_up,23.0,inf,inf,inf,inf,0.0,0.0,0.0,incomplete_orbit_coverage,1.0,inf,inf,0.0,0.0,0.0,0.0,0.0,nonsingular_isothermal,1.0,0.01,2.0,0.3,1.0,0.0,severe_coverage_warn,0.0,none,multiple,,Lfrac coverage gap 0.121 exceeds 0.1 | third_integral coverage gap 0.121 exceeds 0.1,0.9706563706563707,1.0,0.9706563706563707,0.9459459459459459,0.8793650793650793,0.8785714285714286,0.05405405405405406,0.12063492063492065,0.12142857142857144,0.0,0.0,3771.0,3885.0,0.0,not_computed,not_computed,0.0,0.0,0.0,0.0,0.0,0.0,0.0,,,,,,,,,
2.6683104154147634,2720.617415162828,681420.1715940788,1.3274192929538322,inf,-1000000.0,orbit_fail_halo_down,23.0,inf,inf,inf,inf,0.0,0.0,0.0,incomplete_orbit_coverage,1.0,inf,inf,0.0,0.0,0.0,0.0,0.0,nonsingular_isothermal,1.0,0.01,2.0,0.3,1.0,0.0,severe_coverage_warn,0.0,multiple,multiple,1;2;3;4;7;8,Lfrac minimum coverage 0.671 is below 0.8 | Lfrac coverage gap 0.329 exceeds 0.1 | third_integral minimum coverage 0.776 is below 0.8 | third_integral coverage gap 0.224 exceeds 0.1 | 14 planned shell-band/Lfrac/third-integral cells have no successful orbit,0.9199485199485199,1.0,0.9199485199485199,0.8918918918918919,0.6708994708994709,0.7761904761904762,0.047817047817047875,0.3291005291005291,0.2238095238095238,14.0,0.0,3574.0,3885.0,0.0,not_computed,not_computed,0.0,0.0,0.0,0.0,0.0,0.0,0.0,,,,,,,,,
5.336620830829527,2720.617415162828,681420.1715940788,1.6,inf,-1000000.0,orbit_fail_ml_up,23.0,inf,inf,inf,inf,0.0,0.0,0.0,incomplete_orbit_coverage,1.0,inf,inf,0.0,0.0,0.0,0.0,0.0,nonsingular_isothermal,1.0,0.01,2.0,0.3,1.0,0.0,severe_coverage_warn,0.0,inner,multiple,1,Lfrac minimum coverage 0.798 is below 0.8 | Lfrac coverage gap 0.202 exceeds 0.1 | third_integral coverage gap 0.152 exceeds 0.1 | 2 planned shell-band/Lfrac/third-integral cells have no successful orbit,0.9508365508365508,1.0,0.9508365508365508,0.9247104247104247,0.7978835978835979,0.8476190476190476,0.07528957528957525,0.20211640211640214,0.1523809523809524,2.0,0.0,3694.0,3885.0,0.0,not_computed,not_computed,0.0,0.0,0.0,0.0,0.0,0.0,0.0,,,,,,,,,
5.336620830829527,2720.617415162828,681420.1715940788,0.6637096464769161,inf,-1000000.0,orbit_fail_ml_down,23.0,inf,inf,inf,inf,0.0,0.0,0.0,incomplete_orbit_coverage,1.0,inf,inf,0.0,0.0,0.0,0.0,0.0,nonsingular_isothermal,1.0,0.01,2.0,0.3,1.0,0.0,severe_coverage_warn,0.0,inner,multiple,1,Lfrac coverage gap 0.17 exceeds 0.1 | third_integral coverage gap 0.138 exceeds 0.1 | 2 planned shell-band/Lfrac/third-integral cells have no successful orbit,0.9585585585585585,1.0,0.9585585585585585,0.9324324324324325,0.8296296296296296,0.861904761904762,0.06756756756756754,0.1703703703703704,0.13809523809523805,2.0,0.0,3724.0,3885.0,0.0,not_computed,not_computed,0.0,0.0,0.0,0.0,0.0,0.0,0.0,,,,,,,,,
5.199796426759768,3078.8846101830395,1163901.7958866777,1.3297540348119115,inf,-1000000.0,orbit_fail_full,24.0,inf,inf,inf,inf,0.0,0.0,0.0,incomplete_orbit_coverage,1.0,inf,inf,0.0,0.0,0.0,0.0,0.0,nonsingular_isothermal,1.0,0.01,2.0,0.3,1.0,0.0,severe_coverage_warn,0.0,multiple,multiple,1;2;7,Lfrac minimum coverage 0.751 is below 0.8 | Lfrac coverage gap 0.249 exceeds 0.1 | third_integral coverage gap 0.162 exceeds 0.1 | 6 planned shell-band/Lfrac/third-integral cells have no successful orbit,0.9395109395109396,1.0,0.9395109395109396,0.9106029106029107,0.7513227513227513,0.8380952380952381,0.04573804573804574,0.24867724867724872,0.16190476190476188,6.0,0.0,3650.0,3885.0,0.0,not_computed,not_computed,0.0,0.0,0.0,0.0,0.0,0.0,0.0,,,,,,,,,
5.199796426759768,3078.8846101830395,0.0,1.3297540348119115,inf,-1000000.0,solver_failed_halo_only,24.0,inf,0.0,1.5360033848598078,3.9116217084335565,0.0,0.0,1000.0,light_constraint_failed,2.0,59.27075995899495,527.1750845186696,32.0,32.0,7304.0,218.49360976426445,0.01973356216431665,nonsingular_isothermal,1.0,0.01,2.0,0.3,1.0,0.0,strict_pass,1.0,none,none,,,0.9997425997425997,1.0,0.9997425997425997,0.9980694980694981,0.9989417989417989,0.9976190476190476,0.0019305019305019266,0.0010582010582010914,0.0023809523809523725,0.0,0.0,3884.0,3885.0,1.0,inverse_phase_volume,geometric_mean,3884.0,3884.0,3884.0,0.0,420.0,0.0,0.0,1.4490254458974821e+31,9.20030749948246e+46,6349307063951572.0,3.7559430311458146e-11,238476.35619453897,4.193287820886705e-06,26624471982.338158,6349307063951598.0,0.0
5.199796426759768,3078.8846101830395,2327803.5917733554,1.3297540348119115,inf,-1000000.0,orbit_fail_bh_up,24.0,inf,inf,inf,inf,0.0,0.0,0.0,incomplete_orbit_coverage,1.0,inf,inf,0.0,0.0,0.0,0.0,0.0,nonsingular_isothermal,1.0,0.01,2.0,0.3,1.0,0.0,severe_coverage_warn,0.0,multiple,multiple,1;2;3;4;8,Lfrac minimum coverage 0.705 is below 0.8 | Lfrac coverage gap 0.295 exceeds 0.1 | third_integral minimum coverage 0.798 is below 0.8 | third_integral coverage gap 0.202 exceeds 0.1 | 10 planned shell-band/Lfrac/third-integral cells have no successful orbit,0.9281853281853282,1.0,0.9281853281853282,0.8981288981288982,0.7047619047619048,0.7976190476190477,0.05197505197505192,0.2952380952380952,0.20238095238095233,10.0,0.0,3606.0,3885.0,0.0,not_computed,not_computed,0.0,0.0,0.0,0.0,0.0,0.0,0.0,,,,,,,,,
5.199796426759768,3078.8846101830395,581950.8979433388,1.3297540348119115,inf,-1000000.0,orbit_fail_bh_down,24.0,inf,inf,inf,inf,0.0,0.0,0.0,incomplete_orbit_coverage,1.0,inf,inf,0.0,0.0,0.0,0.0,0.0,nonsingular_isothermal,1.0,0.01,2.0,0.3,1.0,0.0,severe_coverage_warn,0.0,inner,multiple,1,Lfrac coverage gap 0.198 exceeds 0.1 | third_integral coverage gap 0.15 exceeds 0.1 | 1 planned shell-band/Lfrac/third-integral cells have no successful orbit,0.9518661518661519,1.0,0.9518661518661519,0.9334719334719335,0.8021164021164021,0.85,0.06652806652806653,0.19788359788359788,0.15000000000000002,1.0,0.0,3698.0,3885.0,0.0,not_computed,not_computed,0.0,0.0,0.0,0.0,0.0,0.0,0.0,,,,,,,,,
10.399592853519536,3078.8846101830395,1163901.7958866777,1.3297540348119115,inf,-1000000.0,orbit_fail_halo_up,24.0,inf,inf,inf,inf,0.0,0.0,0.0,incomplete_orbit_coverage,1.0,inf,inf,0.0,0.0,0.0,0.0,0.0,nonsingular_isothermal,1.0,0.01,2.0,0.3,1.0,0.0,severe_coverage_warn,0.0,none,multiple,,Lfrac coverage gap 0.142 exceeds 0.1 | third_integral coverage gap 0.136 exceeds 0.1,0.9655083655083655,1.0,0.9655083655083655,0.9478764478764479,0.8582010582010582,0.8642857142857143,0.05212355212355213,0.1417989417989418,0.13571428571428568,0.0,0.0,3751.0,3885.0,0.0,not_computed,not_computed,0.0,0.0,0.0,0.0,0.0,0.0,0.0,,,,,,,,,
2.599898213379884,3078.8846101830395,1163901.7958866777,1.3297540348119115,inf,-1000000.0,orbit_fail_halo_down,24.0,inf,inf,inf,inf,0.0,0.0,0.0,incomplete_orbit_coverage,1.0,inf,inf,0.0,0.0,0.0,0.0,0.0,nonsingular_isothermal,1.0,0.01,2.0,0.3,1.0,0.0,severe_coverage_warn,0.0,multiple,multiple,1;2;3;4;5;6;7;8,Lfrac minimum coverage 0.67 is below 0.8 | Lfrac coverage gap 0.33 exceeds 0.1 | third_integral minimum coverage 0.767 is below 0.8 | third_integral coverage gap 0.233 exceeds 0.1 | 17 planned shell-band/Lfrac/third-integral cells have no successful orbit,0.9196911196911197,1.0,0.9196911196911197,0.8918918918918919,0.6698412698412698,0.7666666666666667,0.047817047817047875,0.3301587301587302,0.23333333333333328,17.0,0.0,3573.0,3885.0,0.0,not_computed,not_computed,0.0,0.0,0.0,0.0,0.0,0.0,0.0,,,,,,,,,
5.199796426759768,3078.8846101830395,1163901.7958866777,1.6,inf,-1000000.0,orbit_fail_ml_up,24.0,inf,inf,inf,inf,0.0,0.0,0.0,incomplete_orbit_coverage,1.0,inf,inf,0.0,0.0,0.0,0.0,0.0,nonsingular_isothermal,1.0,0.01,2.0,0.3,1.0,0.0,severe_coverage_warn,0.0,multiple,multiple,1;2;7,Lfrac minimum coverage 0.739 is below 0.8 | Lfrac coverage gap 0.261 exceeds 0.1 | third_integral coverage gap 0.169 exceeds 0.1 | 7 planned shell-band/Lfrac/third-integral cells have no successful orbit,0.9364221364221365,1.0,0.9364221364221365,0.9043659043659044,0.7386243386243386,0.830952380952381,0.05197505197505203,0.2613756613756614,0.169047619047619,7.0,0.0,3638.0,3885.0,0.0,not_computed,not_computed,0.0,0.0,0.0,0.0,0.0,0.0,0.0,,,,,,,,,
5.199796426759768,3078.8846101830395,1163901.7958866777,0.6648770174059557,inf,-1000000.0,orbit_fail_ml_down,24.0,inf,inf,inf,inf,0.0,0.0,0.0,incomplete_orbit_coverage,1.0,inf,inf,0.0,0.0,0.0,0.0,0.0,nonsingular_isothermal,1.0,0.01,2.0,0.3,1.0,0.0,severe_coverage_warn,0.0,inner,multiple,1;2,Lfrac minimum coverage 0.783 is below 0.8 | Lfrac coverage gap 0.217 exceeds 0.1 | third_integral coverage gap 0.16 exceeds 0.1 | 4 planned shell-band/Lfrac/third-integral cells have no successful orbit,0.9472329472329473,1.0,0.9472329472329473,0.9251559251559252,0.783068783068783,0.8404761904761905,0.047817047817047875,0.21693121693121697,0.1595238095238095,4.0,0.0,3680.0,3885.0,0.0,not_computed,not_computed,0.0,0.0,0.0,0.0,0.0,0.0,0.0,,,,,,,,,
24.57463429295975,1987.2356015562511,381343.6871693932,1.1618285324878992,inf,-1000000.0,solver_failed_full,25.0,inf,0.0,0.6572389714202568,2.4223634375914833,0.0,0.0,1000.0,light_constraint_failed,2.0,20.074835152518094,45.845336486851075,32.0,32.0,7596.0,195.18721338604715,0.02899692592585705,nonsingular_isothermal,1.0,0.01,2.0,0.3,1.0,0.0,strict_pass,1.0,none,none,,,0.9824967824967825,1.0,0.9824967824967825,0.9613899613899614,0.9301587301587302,0.9047619047619048,0.038610038610038644,0.06984126984126982,0.09523809523809523,0.0,0.0,3817.0,3885.0,1.0,inverse_phase_volume,geometric_mean,3817.0,3817.0,3817.0,0.0,420.0,0.0,0.0,7.16638940529834e+43,3.989217698663713e+50,5566565.634452347,0.00014709841781415065,818.8329974865604,0.0012212502464721607,6798.169653078359,5566565.634452323,0.0
24.57463429295975,1987.2356015562511,0.0,1.1618285324878992,inf,-1000000.0,solver_failed_halo_only,25.0,inf,0.0,2.102355748595497,4.26008772466333,0.0,0.0,1000.0,light_constraint_failed,2.0,508.0486266335381,479.17376877200496,32.0,32.0,6395.0,81.03609743402312,0.030202053792548016,nonsingular_isothermal,1.0,0.01,2.0,0.3,1.0,0.0,strict_pass,1.0,none,none,,,1.0,1.0,1.0,1.0,1.0,1.0,0.0,0.0,0.0,0.0,0.0,3885.0,3885.0,1.0,inverse_phase_volume,geometric_mean,3885.0,3885.0,3885.0,0.0,420.0,0.0,0.0,2.4148778185988855e+34,4.149541326438305e+50,1.7183235087421e+16,1.5970056164586586e-09,27441722.943540882,3.6440860585081295e-08,626171874.2213871,1.7183235087421036e+16,0.0
24.57463429295975,1987.2356015562511,762687.3743387864,1.1618285324878992,inf,-1000000.0,solver_failed_bh_up,25.0,inf,0.0,1.131057771735184,5.424362516375497,0.0,0.0,1000.0,light_constraint_failed,2.0,39.106438188067635,31.60172904017497,32.0,32.0,7585.0,286.1754996468031,0.023454932328732494,nonsingular_isothermal,1.0,0.01,2.0,0.3,1.0,0.0,strict_pass,1.0,none,none,,,0.9827541827541828,1.0,0.9827541827541828,0.9604989604989606,0.9291005291005291,0.9047619047619048,0.03950103950103945,0.0708994708994709,0.09523809523809523,0.0,0.0,3818.0,3885.0,1.0,inverse_phase_volume,geometric_mean,3818.0,3818.0,3818.0,0.0,420.0,0.0,0.0,1.3045591232007684e+44,1.5738383665821214e+51,12064139.820054071,9.642750278102369e-05,1163.3148760489362,0.0008596124923600942,10370.48529889746,12064139.820054213,0.0
24.57463429295975,1987.2356015562511,190671.8435846966,1.1618285324878992,75.32791743114417,-75.32791743114417,pass_bh_down,25.0,75.32791743114417,0.04312386345738162,0.8356292264102142,1.6418619301776476,1.0,1.0,35.0,none,0.0,15.201281593503538,60.126635837640656,32.0,32.0,7581.0,247.42461299273808,0.02834628910915476,nonsingular_isothermal,1.0,0.01,2.0,0.3,1.0,0.0,strict_pass,1.0,none,none,,,0.9863577863577864,1.0,0.9863577863577864,0.9536679536679536,0.946031746031746,0.930952380952381,0.04633204633204635,0.053968253968254,0.06904761904761902,0.0,0.0,3832.0,3885.0,1.0,inverse_phase_volume,geometric_mean,3832.0,3832.0,3832.0,0.0,420.0,0.0,0.0,1.8746630198856608e+43,1.9905981551933523e+50,10618431.867903184,0.00010464764456006854,1111.1938838976296,0.0008999329590371706,9555.876811216638,10618431.867903112,0.0
30.0,1987.2356015562511,381343.6871693932,1.1618285324878992,54.78894049746366,-54.78894049746366,pass_halo_up,25.0,54.78894049746366,0.08161514199186826,0.7578288411256658,1.4756235003792182,1.0,1.0,28.0,none,0.0,11.809300041825784,42.979640455637885,32.0,32.0,7642.0,305.24516069252286,0.025418605601681438,nonsingular_isothermal,1.0,0.01,2.0,0.3,1.0,0.0,strict_pass,1.0,none,none,,,0.9853281853281853,1.0,0.9853281853281853,0.9584199584199584,0.9396825396825397,0.9214285714285714,0.04158004158004158,0.060317460317460325,0.07857142857142863,0.0,0.0,3828.0,3885.0,1.0,inverse_phase_volume,geometric_mean,3828.0,3828.0,3828.0,0.0,420.0,0.0,0.0,1.5869904808995007e+43,7.6523826971639e+50,48219461.863605864,2.622219803230589e-05,1264.4202779986956,0.0007908762753969623,38135.6284003345,48219461.863605894,0.0
12.287317146479875,1987.2356015562511,381343.6871693932,1.1618285324878992,inf,-1000000.0,solver_failed_halo_down,25.0,inf,0.0,1.5686285741721084,7.522878364383765,0.0,0.0,1000.0,light_constraint_failed,2.0,108.08649292348905,66.10033963196699,32.0,32.0,7547.0,252.00931910125183,0.019552260318345567,nonsingular_isothermal,1.0,0.01,2.0,0.3,1.0,0.0,strict_pass,1.0,none,none,,,0.9788931788931788,1.0,0.9788931788931788,0.9604989604989606,0.9132275132275133,0.9,0.03950103950103945,0.08677248677248672,0.09999999999999998,0.0,0.0,3803.0,3885.0,1.0,inverse_phase_volume,geometric_mean,3803.0,3803.0,3803.0,0.0,420.0,0.0,0.0,3.615793733596043e+42,4.017102348964225e+50,111098769.59073839,1.3846023844697124e-05,1538.2762128698896,0.0006500783094957615,72222.90032260699,111098769.59073941,0.0
24.57463429295975,1987.2356015562511,381343.6871693932,1.6,inf,-1000000.0,solver_failed_ml_up,25.0,inf,0.0,0.6854632907653958,2.499298740684529,0.0,0.0,1000.0,light_constraint_failed,2.0,20.884486588812408,48.41626974423963,32.0,32.0,7600.0,232.08059890564022,0.028680689113254568,nonsingular_isothermal,1.0,0.01,2.0,0.3,1.0,0.0,strict_pass,1.0,none,none,,,0.9819819819819819,1.0,0.9819819819819819,0.9536679536679536,0.9259259259259259,0.9214285714285714,0.04633204633204635,0.07407407407407407,0.07857142857142863,0.0,0.0,3815.0,3885.0,1.0,inverse_phase_volume,geometric_mean,3815.0,3815.0,3815.0,0.0,420.0,0.0,0.0,7.301646767492895e+43,3.978529310195455e+50,5448810.98317158,0.00015007833423981583,817.7484759420064,0.001222869903668177,6663.186962097156,5448810.983171596,0.0
24.57463429295975,1987.2356015562511,381343.6871693932,0.5809142662439496,inf,-1000000.0,solver_failed_ml_down,25.0,inf,0.0,0.678135959748353,2.461682826952093,0.0,0.0,1000.0,light_constraint_failed,2.0,20.380190836833783,48.74226880913021,32.0,32.0,7587.0,213.94162214977015,0.02765066355729527,nonsingular_isothermal,1.0,0.01,2.0,0.3,1.0,0.0,strict_pass,1.0,none,none,,,0.9806949806949807,1.0,0.9806949806949807,0.9584199584199584,0.9206349206349206,0.9095238095238095,0.04158004158004158,0.07936507936507942,0.09047619047619049,0.0,0.0,3810.0,3885.0,1.0,inverse_phase_volume,geometric_mean,3810.0,3810.0,3810.0,0.0,420.0,0.0,0.0,4.1895498049472244e+43,3.987840015914144e+50,9518540.658485807,8.755075932530348e-05,833.3554623192098,0.0011999681351065033,11421.945482898685,9518540.658485843,0.0
21.37643610949431,1671.4740821958364,622349.1393956246,1.367835892845677,inf,-1000000.0,solver_failed_full,26.0,inf,0.0,0.9875344565629662,4.736048877142221,0.0,0.0,1000.0,light_constraint_failed,2.0,34.633708175931254,41.271024088793816,32.0,32.0,7614.0,326.753591680132,0.022254663586197744,nonsingular_isothermal,1.0,0.01,2.0,0.3,1.0,0.0,strict_pass,1.0,none,none,,,0.9819819819819819,1.0,0.9819819819819819,0.9604989604989606,0.9259259259259259,0.9095238095238095,0.03950103950103945,0.07407407407407407,0.09047619047619049,0.0,0.0,3815.0,3885.0,1.0,inverse_phase_volume,geometric_mean,3815.0,3815.0,3815.0,0.0,420.0,0.0,0.0,2.5482045638461055e+43,1.0389910050468814e+51,40773453.58328263,2.4675556113172473e-05,1006.1076418221134,0.000993929435014476,40525.93568362065,40773453.58328221,0.0
21.37643610949431,1671.4740821958364,0.0,1.367835892845677,inf,-1000000.0,solver_failed_halo_only,26.0,inf,0.0,1.9546621582477566,4.245658371243934,0.0,0.0,1000.0,light_constraint_failed,2.0,438.0842973687619,422.8585061880558,32.0,32.0,5587.0,83.5774170381108,0.03087925123474319,nonsingular_isothermal,1.0,0.01,2.0,0.3,1.0,0.0,strict_pass,1.0,none,none,,,0.9981981981981982,1.0,0.9981981981981982,0.9864864864864865,0.9925925925925926,0.9976190476190476,0.013513513513513487,0.007407407407407418,0.0023809523809523725,0.0,0.0,3878.0,3885.0,1.0,inverse_phase_volume,geometric_mean,3878.0,3878.0,3878.0,0.0,420.0,0.0,0.0,1.3004726203329486e+34,4.673819740013569e+50,3.5939393624580668e+16,5.571842895241355e-10,20024865.502640177,4.9937913434082994e-08,1794738327.6977394,3.5939393624580584e+16,0.0
21.37643610949431,1671.4740821958364,1244698.2787912493,1.367835892845677,inf,-1000000.0,orbit_fail_bh_up,26.0,inf,inf,inf,inf,0.0,0.0,0.0,incomplete_orbit_coverage,1.0,inf,inf,0.0,0.0,0.0,0.0,0.0,nonsingular_isothermal,1.0,0.01,2.0,0.3,1.0,0.0,severe_coverage_warn,0.0,none,theta,,third_integral coverage gap 0.112 exceeds 0.1,0.9794079794079794,1.0,0.9794079794079794,0.9613899613899614,0.9153439153439153,0.888095238095238,0.038610038610038644,0.08465608465608465,0.11190476190476195,0.0,0.0,3805.0,3885.0,0.0,not_computed,not_computed,0.0,0.0,0.0,0.0,0.0,0.0,0.0,,,,,,,,,
21.37643610949431,1671.4740821958364,311174.5696978123,1.367835892845677,76.34983936350737,-76.34983936350737,pass_bh_down,26.0,76.34983936350737,0.13809439164421633,0.7776636784189368,1.56942310481777,1.0,1.0,27.0,none,0.0,18.117707430340676,58.23213193316668,32.0,32.0,7643.0,415.678092680102,0.014213275712699694,nonsingular_isothermal,1.0,0.01,2.0,0.3,1.0,0.0,strict_pass,1.0,none,none,,,0.9866151866151867,1.0,0.9866151866151867,0.9613899613899614,0.944973544973545,0.9357142857142857,0.038610038610038644,0.05502645502645498,0.06428571428571428,0.0,0.0,3833.0,3885.0,1.0,inverse_phase_volume,geometric_mean,3833.0,3833.0,3833.0,0.0,420.0,0.0,0.0,1.2275643453458495e+43,2.511956595680099e+50,20462932.18928894,3.3091811367667604e-05,677.1554920373177,0.0014767656937867536,30218.956251426334,20462932.189288776,0.0
30.0,1671.4740821958364,622349.1393956246,1.367835892845677,38.166920717129685,-38.166920717129685,pass_halo_up,26.0,38.166920717129685,0.28628571388398427,0.698139664824936,1.4936536284706956,1.0,1.0,28.0,none,0.0,10.051978876350518,28.114941840779164,32.0,32.0,7632.0,268.7440587194506,0.025686269192870616,nonsingular_isothermal,1.0,0.01,2.0,0.3,1.0,0.0,strict_pass,1.0,none,none,,,0.9855855855855856,1.0,0.9855855855855856,0.9652509652509652,0.9407407407407408,0.9261904761904762,0.03474903474903479,0.059259259259259234,0.07380952380952377,0.0,0.0,3829.0,3885.0,1.0,inverse_phase_volume,geometric_mean,3829.0,3829.0,3829.0,0.0,420.0,0.0,0.0,1.82240035799828e+44,1.1315393886696293e+51,6209060.395008423,0.00012535602611972536,778.3431370556332,0.0012847803910533146,7977.279042372621,6209060.3950084625,0.0
10.688218054747155,1671.4740821958364,622349.1393956246,1.367835892845677,inf,-1000000.0,orbit_fail_halo_down,26.0,inf,inf,inf,inf,0.0,0.0,0.0,incomplete_orbit_coverage,1.0,inf,inf,0.0,0.0,0.0,0.0,0.0,nonsingular_isothermal,1.0,0.01,2.0,0.3,1.0,0.0,severe_coverage_warn,0.0,none,multiple,,Lfrac coverage gap 0.115 exceeds 0.1 | third_integral coverage gap 0.117 exceeds 0.1,0.971943371943372,1.0,0.971943371943372,0.9397089397089398,0.8846560846560847,0.8833333333333333,0.06029106029106024,0.1153439153439153,0.1166666666666667,0.0,0.0,3776.0,3885.0,0.0,not_computed,not_computed,0.0,0.0,0.0,0.0,0.0,0.0,0.0,,,,,,,,,
21.37643610949431,1671.4740821958364,622349.1393956246,1.6,inf,-1000000.0,solver_failed_ml_up,26.0,inf,0.0,1.0030466472166046,4.810442730074579,0.0,0.0,1000.0,light_constraint_failed,2.0,35.71504365920779,41.5968457761716,32.0,32.0,7626.0,348.88375583544513,0.020813088259813352,nonsingular_isothermal,1.0,0.01,2.0,0.3,1.0,0.0,strict_pass,1.0,none,none,,,0.9832689832689833,1.0,0.9832689832689833,0.9633204633204633,0.9312169312169312,0.9071428571428571,0.03667953667953672,0.06878306878306883,0.09285714285714286,0.0,0.0,3820.0,3885.0,1.0,inverse_phase_volume,geometric_mean,3820.0,3820.0,3820.0,0.0,420.0,0.0,0.0,5.048270755332935e+43,1.038885872981124e+51,20579044.257554073,4.940203443597853e-05,1016.646653071203,0.0009836259205487819,20242.081351850557,20579044.25755388,0.0
21.37643610949431,1671.4740821958364,622349.1393956246,0.6839179464228385,inf,-1000000.0,solver_failed_ml_down,26.0,inf,0.0,0.9917258467286362,4.756150078225244,0.0,0.0,1000.0,light_constraint_failed,2.0,35.12009576318089,40.19998728860148,32.0,32.0,7620.0,351.6235868543919,0.022406763638841514,nonsingular_isothermal,1.0,0.01,2.0,0.3,1.0,0.0,strict_pass,1.0,none,none,,,0.9832689832689833,1.0,0.9832689832689833,0.9646569646569647,0.9312169312169312,0.9,0.03534303534303529,0.06878306878306883,0.09999999999999998,0.0,0.0,3820.0,3885.0,1.0,inverse_phase_volume,geometric_mean,3820.0,3820.0,3820.0,0.0,420.0,0.0,0.0,4.632245096614034e+43,1.0256711876121274e+51,22141988.738071043,4.513404191973472e-05,999.3574478903969,0.00100064296524828,22156.225267357524,22141988.73807114,0.0
24.39283406019505,4661.988462162228,1369943.4130414797,1.1567780520094884,inf,-1000000.0,orbit_fail_full,27.0,inf,inf,inf,inf,0.0,0.0,0.0,incomplete_orbit_coverage,1.0,inf,inf,0.0,0.0,0.0,0.0,0.0,nonsingular_isothermal,1.0,0.01,2.0,0.3,1.0,0.0,severe_coverage_warn,0.0,none,multiple,,Lfrac coverage gap 0.101 exceeds 0.1 | third_integral coverage gap 0.124 exceeds 0.1,0.9755469755469756,1.0,0.9755469755469756,0.9604989604989606,0.8994708994708994,0.8761904761904762,0.03950103950103945,0.10052910052910058,0.12380952380952381,0.0,0.0,3790.0,3885.0,0.0,not_computed,not_computed,0.0,0.0,0.0,0.0,0.0,0.0,0.0,,,,,,,,,
24.39283406019505,4661.988462162228,0.0,1.1567780520094884,inf,-1000000.0,solver_failed_halo_only,27.0,inf,0.0,2.4335172517532913,4.214975521132119,0.0,0.0,1000.0,light_constraint_failed,2.0,530.5389965036412,1779.9018541009402,32.0,32.0,6951.0,78.82325819574967,0.030424675475738152,nonsingular_isothermal,1.0,0.01,2.0,0.3,1.0,0.0,strict_pass,1.0,none,none,,,0.9997425997425997,1.0,0.9997425997425997,0.9980694980694981,0.9989417989417989,0.9976190476190476,0.0019305019305019266,0.0010582010582010914,0.0023809523809523725,0.0,0.0,3884.0,3885.0,1.0,inverse_phase_volume,geometric_mean,3884.0,3884.0,3884.0,0.0,420.0,0.0,0.0,2.7178373984697984e+34,1.40190089841722e+49,515814853091108.7,1.764869365244766e-08,9103458.323587313,1.0984836360583673e-07,56661417.535643615,515814853091111.0,0.0
24.39283406019505,4661.988462162228,2500000.0,1.1567780520094884,inf,-1000000.0,orbit_fail_bh_up,27.0,inf,inf,inf,inf,0.0,0.0,0.0,incomplete_orbit_coverage,1.0,inf,inf,0.0,0.0,0.0,0.0,0.0,nonsingular_isothermal,1.0,0.01,2.0,0.3,1.0,0.0,severe_coverage_warn,0.0,none,theta,,third_integral coverage gap 0.107 exceeds 0.1,0.9765765765765766,1.0,0.9765765765765766,0.9646569646569647,0.9037037037037037,0.8928571428571429,0.03534303534303529,0.09629629629629632,0.1071428571428571,0.0,0.0,3794.0,3885.0,0.0,not_computed,not_computed,0.0,0.0,0.0,0.0,0.0,0.0,0.0,,,,,,,,,
24.39283406019505,4661.988462162228,684971.7065207398,1.1567780520094884,inf,-1000000.0,orbit_fail_bh_down,27.0,inf,inf,inf,inf,0.0,0.0,0.0,incomplete_orbit_coverage,1.0,inf,inf,0.0,0.0,0.0,0.0,0.0,nonsingular_isothermal,1.0,0.01,2.0,0.3,1.0,0.0,severe_coverage_warn,0.0,none,theta,,third_integral coverage gap 0.114 exceeds 0.1,0.9758043758043758,1.0,0.9758043758043758,0.9625779625779626,0.9005291005291005,0.8857142857142857,0.037422037422037424,0.09947089947089949,0.11428571428571432,0.0,0.0,3791.0,3885.0,0.0,not_computed,not_computed,0.0,0.0,0.0,0.0,0.0,0.0,0.0,,,,,,,,,
30.0,4661.988462162228,1369943.4130414797,1.1567780520094884,inf,-1000000.0,orbit_fail_halo_up,27.0,inf,inf,inf,inf,0.0,0.0,0.0,incomplete_orbit_coverage,1.0,inf,inf,0.0,0.0,0.0,0.0,0.0,nonsingular_isothermal,1.0,0.01,2.0,0.3,1.0,0.0,severe_coverage_warn,0.0,none,multiple,,Lfrac coverage gap 0.104 exceeds 0.1 | third_integral coverage gap 0.129 exceeds 0.1,0.9747747747747748,1.0,0.9747747747747748,0.9604989604989606,0.8962962962962963,0.8714285714285714,0.03950103950103945,0.10370370370370374,0.12857142857142856,0.0,0.0,3787.0,3885.0,0.0,not_computed,not_computed,0.0,0.0,0.0,0.0,0.0,0.0,0.0,,,,,,,,,
12.196417030097525,4661.988462162228,1369943.4130414797,1.1567780520094884,inf,-1000000.0,orbit_fail_halo_down,27.0,inf,inf,inf,inf,0.0,0.0,0.0,incomplete_orbit_coverage,1.0,inf,inf,0.0,0.0,0.0,0.0,0.0,nonsingular_isothermal,1.0,0.01,2.0,0.3,1.0,0.0,severe_coverage_warn,0.0,none,multiple,,Lfrac coverage gap 0.14 exceeds 0.1 | third_integral coverage gap 0.152 exceeds 0.1,0.9660231660231661,1.0,0.9660231660231661,0.9501039501039501,0.8603174603174604,0.8476190476190476,0.0498960498960499,0.13968253968253963,0.1523809523809524,0.0,0.0,3753.0,3885.0,0.0,not_computed,not_computed,0.0,0.0,0.0,0.0,0.0,0.0,0.0,,,,,,,,,
24.39283406019505,4661.988462162228,1369943.4130414797,1.6,inf,-1000000.0,orbit_fail_ml_up,27.0,inf,inf,inf,inf,0.0,0.0,0.0,incomplete_orbit_coverage,1.0,inf,inf,0.0,0.0,0.0,0.0,0.0,nonsingular_isothermal,1.0,0.01,2.0,0.3,1.0,0.0,severe_coverage_warn,0.0,none,multiple,,Lfrac coverage gap 0.111 exceeds 0.1 | third_integral coverage gap 0.131 exceeds 0.1,0.972972972972973,1.0,0.972972972972973,0.9563409563409564,0.8888888888888888,0.8690476190476191,0.043659043659043606,0.11111111111111116,0.13095238095238093,0.0,0.0,3780.0,3885.0,0.0,not_computed,not_computed,0.0,0.0,0.0,0.0,0.0,0.0,0.0,,,,,,,,,
24.39283406019505,4661.988462162228,1369943.4130414797,0.5783890260047442,inf,-1000000.0,orbit_fail_ml_down,27.0,inf,inf,inf,inf,0.0,0.0,0.0,incomplete_orbit_coverage,1.0,inf,inf,0.0,0.0,0.0,0.0,0.0,nonsingular_isothermal,1.0,0.01,2.0,0.3,1.0,0.0,severe_coverage_warn,0.0,none,theta,,third_integral coverage gap 0.121 exceeds 0.1,0.9768339768339769,1.0,0.9768339768339769,0.9625779625779626,0.9047619047619048,0.8785714285714286,0.037422037422037424,0.09523809523809523,0.12142857142857144,0.0,0.0,3795.0,3885.0,0.0,not_computed,not_computed,0.0,0.0,0.0,0.0,0.0,0.0,0.0,,,,,,,,,
14.791699803742178,7086.904770894575,1759024.6786888815,0.8129159512850037,inf,-1000000.0,orbit_fail_full,28.0,inf,inf,inf,inf,0.0,0.0,0.0,incomplete_orbit_coverage,1.0,inf,inf,0.0,0.0,0.0,0.0,0.0,nonsingular_isothermal,1.0,0.01,2.0,0.3,1.0,0.0,severe_coverage_warn,0.0,none,multiple,,Lfrac coverage gap 0.135 exceeds 0.1 | third_integral coverage gap 0.152 exceeds 0.1,0.9670527670527671,1.0,0.9670527670527671,0.9382239382239382,0.8645502645502645,0.8476190476190476,0.05969705969705974,0.1354497354497355,0.1523809523809524,0.0,0.0,3757.0,3885.0,0.0,not_computed,not_computed,0.0,0.0,0.0,0.0,0.0,0.0,0.0,,,,,,,,,
14.791699803742178,7086.904770894575,0.0,0.8129159512850037,inf,-1000000.0,solver_failed_halo_only,28.0,inf,0.0,3.0622284920455436,4.330645064535697,0.0,0.0,1000.0,light_constraint_failed,2.0,208.22946693027407,2382.237630948794,32.0,32.0,7400.0,89.20042948180023,0.031450774595407786,nonsingular_isothermal,1.0,0.01,2.0,0.3,1.0,0.0,strict_pass,1.0,none,none,,,0.9979407979407979,1.0,0.9979407979407979,0.9845559845559846,0.9925925925925926,0.9976190476190476,0.015444015444015413,0.007407407407407418,0.0023809523809523725,0.0,0.0,3877.0,3885.0,1.0,inverse_phase_volume,geometric_mean,3877.0,3877.0,3877.0,0.0,420.0,0.0,0.0,2.1984855363228464e+32,3.4960721618015545e+47,1590218404460841.5,8.543580708420529e-10,1358615.9282526935,7.360431886634018e-07,1170469425.0905862,1590218404460843.2,0.0
14.791699803742178,7086.904770894575,2500000.0,0.8129159512850037,inf,-1000000.0,orbit_fail_bh_up,28.0,inf,inf,inf,inf,0.0,0.0,0.0,incomplete_orbit_coverage,1.0,inf,inf,0.0,0.0,0.0,0.0,0.0,nonsingular_isothermal,1.0,0.01,2.0,0.3,1.0,0.0,severe_coverage_warn,0.0,none,multiple,,Lfrac coverage gap 0.156 exceeds 0.1 | third_integral coverage gap 0.152 exceeds 0.1,0.9621621621621622,1.0,0.9621621621621622,0.9227799227799228,0.8444444444444444,0.8476190476190476,0.06890406890406886,0.15555555555555556,0.1523809523809524,0.0,0.0,3738.0,3885.0,0.0,not_computed,not_computed,0.0,0.0,0.0,0.0,0.0,0.0,0.0,,,,,,,,,
14.791699803742178,7086.904770894575,879512.3393444407,0.8129159512850037,inf,-1000000.0,orbit_fail_bh_down,28.0,inf,inf,inf,inf,0.0,0.0,0.0,incomplete_orbit_coverage,1.0,inf,inf,0.0,0.0,0.0,0.0,0.0,nonsingular_isothermal,1.0,0.01,2.0,0.3,1.0,0.0,severe_coverage_warn,0.0,none,multiple,,Lfrac coverage gap 0.126 exceeds 0.1 | third_integral coverage gap 0.15 exceeds 0.1,0.9693693693693693,1.0,0.9693693693693693,0.9517374517374517,0.8740740740740741,0.85,0.046183546183546254,0.12592592592592589,0.15000000000000002,0.0,0.0,3766.0,3885.0,0.0,not_computed,not_computed,0.0,0.0,0.0,0.0,0.0,0.0,0.0,,,,,,,,,
29.583399607484356,7086.904770894575,1759024.6786888815,0.8129159512850037,inf,-1000000.0,orbit_fail_halo_up,28.0,inf,inf,inf,inf,0.0,0.0,0.0,incomplete_orbit_coverage,1.0,inf,inf,0.0,0.0,0.0,0.0,0.0,nonsingular_isothermal,1.0,0.01,2.0,0.3,1.0,0.0,severe_coverage_warn,0.0,none,multiple,,Lfrac coverage gap 0.109 exceeds 0.1 | third_integral coverage gap 0.119 exceeds 0.1,0.9734877734877735,1.0,0.9734877734877735,0.9517374517374517,0.891005291005291,0.8809523809523809,0.04826254826254828,0.10899470899470898,0.11904761904761907,0.0,0.0,3782.0,3885.0,0.0,not_computed,not_computed,0.0,0.0,0.0,0.0,0.0,0.0,0.0,,,,,,,,,
7.395849901871089,7086.904770894575,1759024.6786888815,0.8129159512850037,inf,-1000000.0,orbit_fail_halo_down,28.0,inf,inf,inf,inf,0.0,0.0,0.0,incomplete_orbit_coverage,1.0,inf,inf,0.0,0.0,0.0,0.0,0.0,nonsingular_isothermal,1.0,0.01,2.0,0.3,1.0,0.0,severe_coverage_warn,0.0,inner,multiple,1;2,Lfrac minimum coverage 0.777 is below 0.8 | Lfrac coverage gap 0.223 exceeds 0.1 | third_integral coverage gap 0.157 exceeds 0.1 | 3 planned shell-band/Lfrac/third-integral cells have no successful orbit,0.9456885456885457,1.0,0.9456885456885457,0.9073359073359073,0.7767195767195767,0.8428571428571429,0.059400059400059435,0.2232804232804233,0.15714285714285714,3.0,0.0,3674.0,3885.0,0.0,not_computed,not_computed,0.0,0.0,0.0,0.0,0.0,0.0,0.0,,,,,,,,,
14.791699803742178,7086.904770894575,1759024.6786888815,1.6,inf,-1000000.0,orbit_fail_ml_up,28.0,inf,inf,inf,inf,0.0,0.0,0.0,incomplete_orbit_coverage,1.0,inf,inf,0.0,0.0,0.0,0.0,0.0,nonsingular_isothermal,1.0,0.01,2.0,0.3,1.0,0.0,severe_coverage_warn,0.0,none,multiple,,Lfrac coverage gap 0.166 exceeds 0.1 | third_integral coverage gap 0.164 exceeds 0.1,0.9595881595881596,1.0,0.9595881595881596,0.9343629343629344,0.8338624338624339,0.8357142857142857,0.059400059400059435,0.16613756613756614,0.16428571428571426,0.0,0.0,3728.0,3885.0,0.0,not_computed,not_computed,0.0,0.0,0.0,0.0,0.0,0.0,0.0,,,,,,,,,
14.791699803742178,7086.904770894575,1759024.6786888815,0.40645797564250186,inf,-1000000.0,orbit_fail_ml_down,28.0,inf,inf,inf,inf,0.0,0.0,0.0,incomplete_orbit_coverage,1.0,inf,inf,0.0,0.0,0.0,0.0,0.0,nonsingular_isothermal,1.0,0.01,2.0,0.3,1.0,0.0,severe_coverage_warn,0.0,none,multiple,,Lfrac coverage gap 0.141 exceeds 0.1 | third_integral coverage gap 0.155 exceeds 0.1,0.9657657657657658,1.0,0.9657657657657658,0.9266409266409267,0.8592592592592593,0.8452380952380952,0.06920106920106917,0.14074074074074072,0.15476190476190477,0.0,0.0,3752.0,3885.0,0.0,not_computed,not_computed,0.0,0.0,0.0,0.0,0.0,0.0,0.0,,,,,,,,,
6.099329461861034,4233.935561789943,2009431.1122848133,1.385723430704974,inf,-1000000.0,orbit_fail_full,29.0,inf,inf,inf,inf,0.0,0.0,0.0,incomplete_orbit_coverage,1.0,inf,inf,0.0,0.0,0.0,0.0,0.0,nonsingular_isothermal,1.0,0.01,2.0,0.3,1.0,0.0,severe_coverage_warn,0.0,multiple,multiple,1;2;3;6;8,Lfrac minimum coverage 0.711 is below 0.8 | Lfrac coverage gap 0.289 exceeds 0.1 | third_integral coverage gap 0.186 exceeds 0.1 | 8 planned shell-band/Lfrac/third-integral cells have no successful orbit,0.9297297297297298,1.0,0.9297297297297298,0.9085239085239085,0.7111111111111111,0.8142857142857143,0.03950103950103956,0.28888888888888886,0.18571428571428572,8.0,0.0,3612.0,3885.0,0.0,not_computed,not_computed,0.0,0.0,0.0,0.0,0.0,0.0,0.0,,,,,,,,,
6.099329461861034,4233.935561789943,0.0,1.385723430704974,inf,-1000000.0,solver_failed_halo_only,29.0,inf,0.0,1.857585796224796,4.2262993643410995,0.0,0.0,1000.0,light_constraint_failed,2.0,57.17791449392285,303.09285732059936,32.0,32.0,7308.0,331.3413529444957,0.011854688184097585,nonsingular_isothermal,1.0,0.01,2.0,0.3,1.0,0.0,strict_pass,1.0,none,none,,,1.0,1.0,1.0,1.0,1.0,1.0,0.0,0.0,0.0,0.0,0.0,3885.0,3885.0,1.0,inverse_phase_volume,geometric_mean,3885.0,3885.0,3885.0,0.0,420.0,0.0,0.0,1.6123880432435597e+30,3.3477415150585225e+46,2.0762629250983776e+16,5.061604006099201e-12,105092.20739393185,9.515453379445726e-06,197565830672.45212,2.0762629250983764e+16,0.0
6.099329461861034,4233.935561789943,2500000.0,1.385723430704974,inf,-1000000.0,orbit_fail_bh_up,29.0,inf,inf,inf,inf,0.0,0.0,0.0,incomplete_orbit_coverage,1.0,inf,inf,0.0,0.0,0.0,0.0,0.0,nonsingular_isothermal,1.0,0.01,2.0,0.3,1.0,0.0,severe_coverage_warn,0.0,multiple,multiple,1;2;3;7;8,Lfrac minimum coverage 0.722 is below 0.8 | Lfrac coverage gap 0.278 exceeds 0.1 | third_integral coverage gap 0.174 exceeds 0.1 | 9 planned shell-band/Lfrac/third-integral cells have no successful orbit,0.9323037323037323,1.0,0.9323037323037323,0.9043659043659044,0.7216931216931217,0.8261904761904761,0.05197505197505203,0.2783068783068783,0.17380952380952386,9.0,0.0,3622.0,3885.0,0.0,not_computed,not_computed,0.0,0.0,0.0,0.0,0.0,0.0,0.0,,,,,,,,,
6.099329461861034,4233.935561789943,1004715.5561424067,1.385723430704974,inf,-1000000.0,orbit_fail_bh_down,29.0,inf,inf,inf,inf,0.0,0.0,0.0,incomplete_orbit_coverage,1.0,inf,inf,0.0,0.0,0.0,0.0,0.0,nonsingular_isothermal,1.0,0.01,2.0,0.3,1.0,0.0,severe_coverage_warn,0.0,multiple,multiple,1;7,Lfrac minimum coverage 0.794 is below 0.8 | Lfrac coverage gap 0.206 exceeds 0.1 | third_integral coverage gap 0.15 exceeds 0.1 | 3 planned shell-band/Lfrac/third-integral cells have no successful orbit,0.9498069498069498,1.0,0.9498069498069498,0.9266409266409267,0.7936507936507936,0.85,0.06296406296406298,0.2063492063492064,0.15000000000000002,3.0,0.0,3690.0,3885.0,0.0,not_computed,not_computed,0.0,0.0,0.0,0.0,0.0,0.0,0.0,,,,,,,,,
12.198658923722068,4233.935561789943,2009431.1122848133,1.385723430704974,inf,-1000000.0,orbit_fail_halo_up,29.0,inf,inf,inf,inf,0.0,0.0,0.0,incomplete_orbit_coverage,1.0,inf,inf,0.0,0.0,0.0,0.0,0.0,nonsingular_isothermal,1.0,0.01,2.0,0.3,1.0,0.0,severe_coverage_warn,0.0,none,multiple,,Lfrac coverage gap 0.145 exceeds 0.1 | third_integral coverage gap 0.143 exceeds 0.1,0.9647361647361647,1.0,0.9647361647361647,0.9343629343629344,0.855026455026455,0.8571428571428571,0.06563706563706562,0.14497354497354498,0.1428571428571429,0.0,0.0,3748.0,3885.0,0.0,not_computed,not_computed,0.0,0.0,0.0,0.0,0.0,0.0,0.0,,,,,,,,,
3.049664730930517,4233.935561789943,2009431.1122848133,1.385723430704974,inf,-1000000.0,orbit_fail_halo_down,29.0,inf,inf,inf,inf,0.0,0.0,0.0,incomplete_orbit_coverage,1.0,inf,inf,0.0,0.0,0.0,0.0,0.0,nonsingular_isothermal,1.0,0.01,2.0,0.3,1.0,0.0,severe_coverage_warn,0.0,multiple,multiple,1;2;3;4;5;8,Lfrac minimum coverage 0.685 is below 0.8 | Lfrac coverage gap 0.315 exceeds 0.1 | third_integral minimum coverage 0.767 is below 0.8 | third_integral coverage gap 0.233 exceeds 0.1 | 15 planned shell-band/Lfrac/third-integral cells have no successful orbit,0.9232947232947233,1.0,0.9232947232947233,0.8981288981288982,0.6846560846560846,0.7666666666666667,0.04158004158004158,0.31534391534391537,0.23333333333333328,15.0,0.0,3587.0,3885.0,0.0,not_computed,not_computed,0.0,0.0,0.0,0.0,0.0,0.0,0.0,,,,,,,,,
6.099329461861034,4233.935561789943,2009431.1122848133,1.6,inf,-1000000.0,orbit_fail_ml_up,29.0,inf,inf,inf,inf,0.0,0.0,0.0,incomplete_orbit_coverage,1.0,inf,inf,0.0,0.0,0.0,0.0,0.0,nonsingular_isothermal,1.0,0.01,2.0,0.3,1.0,0.0,severe_coverage_warn,0.0,multiple,multiple,1;2;3;8,Lfrac minimum coverage 0.714 is below 0.8 | Lfrac coverage gap 0.286 exceeds 0.1 | third_integral coverage gap 0.195 exceeds 0.1 | 6 planned shell-band/Lfrac/third-integral cells have no successful orbit,0.9305019305019305,1.0,0.9305019305019305,0.9043659043659044,0.7142857142857143,0.8047619047619048,0.05613305613305619,0.2857142857142857,0.1952380952380952,6.0,0.0,3615.0,3885.0,0.0,not_computed,not_computed,0.0,0.0,0.0,0.0,0.0,0.0,0.0,,,,,,,,,
6.099329461861034,4233.935561789943,2009431.1122848133,0.692861715352487,inf,-1000000.0,orbit_fail_ml_down,29.0,inf,inf,inf,inf,0.0,0.0,0.0,incomplete_orbit_coverage,1.0,inf,inf,0.0,0.0,0.0,0.0,0.0,nonsingular_isothermal,1.0,0.01,2.0,0.3,1.0,0.0,severe_coverage_warn,0.0,inner,multiple,1;2;3,Lfrac minimum coverage 0.733 is below 0.8 | Lfrac coverage gap 0.267 exceeds 0.1 | third_integral coverage gap 0.183 exceeds 0.1 | 5 planned shell-band/Lfrac/third-integral cells have no successful orbit,0.9351351351351351,1.0,0.9351351351351351,0.9106029106029107,0.7333333333333333,0.8166666666666667,0.0498960498960499,0.2666666666666667,0.18333333333333335,5.0,0.0,3633.0,3885.0,0.0,not_computed,not_computed,0.0,0.0,0.0,0.0,0.0,0.0,0.0,,,,,,,,,
3.824125920881074,4314.759431953323,2233758.675992484,0.9701510035273158,inf,-1000000.0,orbit_fail_full,30.0,inf,inf,inf,inf,0.0,0.0,0.0,incomplete_orbit_coverage,1.0,inf,inf,0.0,0.0,0.0,0.0,0.0,nonsingular_isothermal,1.0,0.01,2.0,0.3,1.0,0.0,severe_coverage_warn,0.0,multiple,multiple,1;2;3;4;5,Lfrac minimum coverage 0.704 is below 0.8 | Lfrac coverage gap 0.296 exceeds 0.1 | third_integral minimum coverage 0.781 is below 0.8 | third_integral coverage gap 0.219 exceeds 0.1 | 11 planned shell-band/Lfrac/third-integral cells have no successful orbit,0.9279279279279279,1.0,0.9279279279279279,0.9106029106029107,0.7037037037037037,0.780952380952381,0.037422037422037424,0.2962962962962963,0.21904761904761905,11.0,0.0,3605.0,3885.0,0.0,not_computed,not_computed,0.0,0.0,0.0,0.0,0.0,0.0,0.0,,,,,,,,,
3.824125920881074,4314.759431953323,0.0,0.9701510035273158,inf,-1000000.0,solver_failed_halo_only,30.0,inf,0.0,1.9414356204625576,4.2771122326097935,0.0,0.0,1000.0,light_constraint_failed,2.0,57.40926067493934,227.3361604095577,32.0,32.0,7294.0,385.2235208439783,0.011949948247622987,nonsingular_isothermal,1.0,0.01,2.0,0.3,1.0,0.0,strict_pass,1.0,none,none,,,1.0,1.0,1.0,1.0,1.0,1.0,0.0,0.0,0.0,0.0,0.0,3885.0,3885.0,1.0,inverse_phase_volume,geometric_mean,3885.0,3885.0,3885.0,0.0,420.0,0.0,0.0,4.767256020271477e+29,3.8272752392250963e+45,8028256135081974.0,4.926700263505429e-12,39552.81161619761,2.5282652715148108e-05,202975611771.53558,8028256135082008.0,0.0
3.824125920881074,4314.759431953323,2500000.0,0.9701510035273158,inf,-1000000.0,orbit_fail_bh_up,30.0,inf,inf,inf,inf,0.0,0.0,0.0,incomplete_orbit_coverage,1.0,inf,inf,0.0,0.0,0.0,0.0,0.0,nonsingular_isothermal,1.0,0.01,2.0,0.3,1.0,0.0,severe_coverage_warn,0.0,multiple,multiple,1;2;3;4;5;8,Lfrac minimum coverage 0.687 is below 0.8 | Lfrac coverage gap 0.313 exceeds 0.1 | third_integral minimum coverage 0.771 is below 0.8 | third_integral coverage gap 0.229 exceeds 0.1 | 13 planned shell-band/Lfrac/third-integral cells have no successful orbit,0.9238095238095239,1.0,0.9238095238095239,0.9002079002079002,0.6867724867724868,0.7714285714285715,0.0353430353430354,0.3132275132275132,0.22857142857142854,13.0,0.0,3589.0,3885.0,0.0,not_computed,not_computed,0.0,0.0,0.0,0.0,0.0,0.0,0.0,,,,,,,,,
3.824125920881074,4314.759431953323,1116879.337996242,0.9701510035273158,inf,-1000000.0,orbit_fail_bh_down,30.0,inf,inf,inf,inf,0.0,0.0,0.0,incomplete_orbit_coverage,1.0,inf,inf,0.0,0.0,0.0,0.0,0.0,nonsingular_isothermal,1.0,0.01,2.0,0.3,1.0,0.0,severe_coverage_warn,0.0,multiple,multiple,1;2;3;4;8,Lfrac minimum coverage 0.703 is below 0.8 | Lfrac coverage gap 0.297 exceeds 0.1 | third_integral coverage gap 0.195 exceeds 0.1 | 10 planned shell-band/Lfrac/third-integral cells have no successful orbit,0.9276705276705277,1.0,0.9276705276705277,0.896049896049896,0.7026455026455026,0.8047619047619048,0.058212058212058215,0.29735449735449737,0.1952380952380952,10.0,0.0,3604.0,3885.0,0.0,not_computed,not_computed,0.0,0.0,0.0,0.0,0.0,0.0,0.0,,,,,,,,,
7.648251841762148,4314.759431953323,2233758.675992484,0.9701510035273158,inf,-1000000.0,orbit_fail_halo_up,30.0,inf,inf,inf,inf,0.0,0.0,0.0,incomplete_orbit_coverage,1.0,inf,inf,0.0,0.0,0.0,0.0,0.0,nonsingular_isothermal,1.0,0.01,2.0,0.3,1.0,0.0,severe_coverage_warn,0.0,inner,multiple,1;2,Lfrac minimum coverage 0.785 is below 0.8 | Lfrac coverage gap 0.215 exceeds 0.1 | third_integral coverage gap 0.148 exceeds 0.1 | 4 planned shell-band/Lfrac/third-integral cells have no successful orbit,0.9477477477477477,1.0,0.9477477477477477,0.9272349272349273,0.7851851851851852,0.8523809523809524,0.03534303534303529,0.2148148148148148,0.14761904761904765,4.0,0.0,3682.0,3885.0,0.0,not_computed,not_computed,0.0,0.0,0.0,0.0,0.0,0.0,0.0,,,,,,,,,
1.912062960440537,4314.759431953323,2233758.675992484,0.9701510035273158,inf,-1000000.0,orbit_fail_halo_down,30.0,inf,inf,inf,inf,0.0,0.0,0.0,incomplete_orbit_coverage,1.0,inf,inf,0.0,0.0,0.0,0.0,0.0,nonsingular_isothermal,1.0,0.01,2.0,0.3,1.0,0.0,severe_coverage_warn,0.0,multiple,multiple,1;2;3;4;5;6;7;8,Lfrac minimum coverage 0.676 is below 0.8 | Lfrac coverage gap 0.324 exceeds 0.1 | third_integral minimum coverage 0.75 is below 0.8 | third_integral coverage gap 0.25 exceeds 0.1 | 19 planned shell-band/Lfrac/third-integral cells have no successful orbit,0.9212355212355212,1.0,0.9212355212355212,0.916988416988417,0.6761904761904762,0.75,0.014404514404514401,0.32380952380952377,0.25,19.0,0.0,3579.0,3885.0,0.0,not_computed,not_computed,0.0,0.0,0.0,0.0,0.0,0.0,0.0,,,,,,,,,
3.824125920881074,4314.759431953323,2233758.675992484,1.6,inf,-1000000.0,orbit_fail_ml_up,30.0,inf,inf,inf,inf,0.0,0.0,0.0,incomplete_orbit_coverage,1.0,inf,inf,0.0,0.0,0.0,0.0,0.0,nonsingular_isothermal,1.0,0.01,2.0,0.3,1.0,0.0,severe_coverage_warn,0.0,multiple,multiple,1;2;3;4;5;7;8,Lfrac minimum coverage 0.678 is below 0.8 | Lfrac coverage gap 0.322 exceeds 0.1 | third_integral minimum coverage 0.771 is below 0.8 | third_integral coverage gap 0.229 exceeds 0.1 | 14 planned shell-band/Lfrac/third-integral cells have no successful orbit,0.9217503217503218,1.0,0.9217503217503218,0.9043659043659044,0.6783068783068783,0.7714285714285715,0.031185031185031242,0.3216931216931217,0.22857142857142854,14.0,0.0,3581.0,3885.0,0.0,not_computed,not_computed,0.0,0.0,0.0,0.0,0.0,0.0,0.0,,,,,,,,,
3.824125920881074,4314.759431953323,2233758.675992484,0.4850755017636579,inf,-1000000.0,orbit_fail_ml_down,30.0,inf,inf,inf,inf,0.0,0.0,0.0,incomplete_orbit_coverage,1.0,inf,inf,0.0,0.0,0.0,0.0,0.0,nonsingular_isothermal,1.0,0.01,2.0,0.3,1.0,0.0,severe_coverage_warn,0.0,multiple,multiple,1;2;3;4;5;8,Lfrac minimum coverage 0.711 is below 0.8 | Lfrac coverage gap 0.289 exceeds 0.1 | third_integral minimum coverage 0.786 is below 0.8 | third_integral coverage gap 0.214 exceeds 0.1 | 12 planned shell-band/Lfrac/third-integral cells have no successful orbit,0.9297297297297298,1.0,0.9297297297297298,0.9106029106029107,0.7111111111111111,0.7857142857142857,0.037422037422037424,0.28888888888888886,0.2142857142857143,12.0,0.0,3612.0,3885.0,0.0,not_computed,not_computed,0.0,0.0,0.0,0.0,0.0,0.0,0.0,,,,,,,,,
7.429374191147882,4215.1220983975145,91641.62686904565,1.2135757761803005,inf,-1000000.0,solver_failed_full,31.0,inf,0.0,2.3320546039045498,11.18414098349212,0.0,0.0,1000.0,light_constraint_failed,2.0,537.7885288547213,244.23714109387,32.0,32.0,7613.0,380.5283760515967,0.012640502016320707,nonsingular_isothermal,1.0,0.01,2.0,0.3,1.0,0.0,strict_pass,1.0,none,none,,,0.9809523809523809,1.0,0.9809523809523809,0.9652509652509652,0.9216931216931217,0.919047619047619,0.03474903474903479,0.07830687830687832,0.080952380952381,0.0,0.0,3811.0,3885.0,1.0,inverse_phase_volume,geometric_mean,3811.0,3811.0,3811.0,0.0,420.0,0.0,0.0,1.0289447060347489e+41,2.319322524496307e+49,225407887.41061664,8.453581873561238e-06,1905.5040311721289,0.0005247955310726223,118293.0519816129,225407887.41061756,0.0
7.429374191147882,4215.1220983975145,0.0,1.2135757761803005,inf,-1000000.0,solver_failed_halo_only,31.0,inf,0.0,1.887250678426859,3.618375695651374,0.0,0.0,1000.0,light_constraint_failed,2.0,66.82870059519131,799.7616835878381,32.0,32.0,7375.0,162.72491152480288,0.02104437144857323,nonsingular_isothermal,1.0,0.01,2.0,0.3,1.0,0.0,strict_pass,1.0,none,none,,,0.9994851994851995,1.0,0.9994851994851995,0.9961389961389961,0.9989417989417989,0.9976190476190476,0.0038610038610038533,0.0010582010582010914,0.0023809523809523725,0.0,0.0,3883.0,3885.0,1.0,inverse_phase_volume,geometric_mean,3883.0,3883.0,3883.0,0.0,420.0,0.0,0.0,1.7912519923316754e+32,1.2442376803978558e+47,694619007110345.0,5.055530306289303e-10,351166.74417709286,2.847650059641472e-06,1978031857.025871,694619007110343.9,0.0
7.429374191147882,4215.1220983975145,183283.2537380913,1.2135757761803005,inf,-1000000.0,orbit_fail_bh_up,31.0,inf,inf,inf,inf,0.0,0.0,0.0,incomplete_orbit_coverage,1.0,inf,inf,0.0,0.0,0.0,0.0,0.0,nonsingular_isothermal,1.0,0.01,2.0,0.3,1.0,0.0,severe_coverage_warn,0.0,none,multiple,,Lfrac coverage gap 0.128 exceeds 0.1 | third_integral coverage gap 0.121 exceeds 0.1,0.9688545688545689,1.0,0.9688545688545689,0.9397089397089398,0.8719576719576719,0.8785714285714286,0.06029106029106024,0.12804232804232807,0.12142857142857144,0.0,0.0,3764.0,3885.0,0.0,not_computed,not_computed,0.0,0.0,0.0,0.0,0.0,0.0,0.0,,,,,,,,,
7.429374191147882,4215.1220983975145,45820.813434522825,1.2135757761803005,inf,-1000000.0,solver_failed_bh_down,31.0,inf,0.0,1.961149860658693,9.40534432368741,0.0,0.0,1000.0,light_constraint_failed,2.0,600.2473584346158,281.8544307245318,32.0,32.0,7682.0,269.84019060096034,0.021762695931575076,nonsingular_isothermal,1.0,0.01,2.0,0.3,1.0,0.0,strict_pass,1.0,none,none,,,0.9922779922779923,1.0,0.9922779922779923,0.974903474903475,0.9703703703703703,0.9714285714285714,0.025096525096525046,0.029629629629629672,0.02857142857142858,0.0,0.0,3855.0,3885.0,1.0,inverse_phase_volume,geometric_mean,3855.0,3855.0,3855.0,0.0,420.0,0.0,0.0,5.499145251747733e+41,5.376402471090024e+48,9776796.62013165,0.00013053741198948676,1276.2377283395488,0.0007835530777647921,7660.639082384582,9776796.620131664,0.0
14.858748382295763,4215.1220983975145,91641.62686904565,1.2135757761803005,inf,-1000000.0,solver_failed_halo_up,31.0,inf,0.0,1.7368364659328652,8.329575074159985,0.0,0.0,1000.0,light_constraint_failed,2.0,330.0288610625888,206.8927406073979,32.0,32.0,7679.0,518.1253699318673,0.010668968412270153,nonsingular_isothermal,1.0,0.01,2.0,0.3,1.0,0.0,strict_pass,1.0,none,none,,,0.9899613899613899,1.0,0.9899613899613899,0.9787644787644788,0.9587301587301588,0.9595238095238096,0.021235521235521193,0.041269841269841234,0.04047619047619044,0.0,0.0,3846.0,3885.0,1.0,inverse_phase_volume,geometric_mean,3846.0,3846.0,3846.0,0.0,420.0,0.0,0.0,2.1166707991258117e+41,2.2008781777603283e+49,103978293.58581856,1.1473570024831444e-05,1193.0022325193734,0.0008382213987045166,87156.83068441383,103978293.58581872,0.0
3.714687095573941,4215.1220983975145,91641.62686904565,1.2135757761803005,inf,-1000000.0,orbit_fail_halo_down,31.0,inf,inf,inf,inf,0.0,0.0,0.0,incomplete_orbit_coverage,1.0,inf,inf,0.0,0.0,0.0,0.0,0.0,nonsingular_isothermal,1.0,0.01,2.0,0.3,1.0,0.0,severe_coverage_warn,0.0,middle,multiple,4;5,Lfrac coverage gap 0.178 exceeds 0.1 | third_integral coverage gap 0.15 exceeds 0.1 | 3 planned shell-band/Lfrac/third-integral cells have no successful orbit,0.9567567567567568,1.0,0.9567567567567568,0.9230769230769231,0.8222222222222222,0.85,0.07692307692307687,0.1777777777777778,0.15000000000000002,3.0,0.0,3717.0,3885.0,0.0,not_computed,not_computed,0.0,0.0,0.0,0.0,0.0,0.0,0.0,,,,,,,,,
7.429374191147882,4215.1220983975145,91641.62686904565,1.6,inf,-1000000.0,solver_failed_ml_up,31.0,inf,0.0,2.47902353408152,11.88897921178239,0.0,0.0,1000.0,light_constraint_failed,2.0,603.0602167008515,270.016124256773,32.0,32.0,7646.0,428.835776505919,0.01166637289576671,nonsingular_isothermal,1.0,0.01,2.0,0.3,1.0,0.0,strict_pass,1.0,none,none,,,0.985070785070785,1.0,0.985070785070785,0.971042471042471,0.9386243386243386,0.9404761904761905,0.02895752895752901,0.06137566137566142,0.059523809523809534,0.0,0.0,3827.0,3885.0,1.0,inverse_phase_volume,geometric_mean,3827.0,3827.0,3827.0,0.0,420.0,0.0,0.0,2.4123113549462734e+41,2.200247246888094e+49,91209090.5005543,1.9302944751126488e-05,1760.6040347326916,0.0005679868842012666,51805.56712424106,91209090.50055408,0.0
7.429374191147882,4215.1220983975145,91641.62686904565,0.6067878880901503,inf,-1000000.0,solver_failed_ml_down,31.0,inf,0.0,2.253727377832664,10.808496803562925,0.0,0.0,1000.0,light_constraint_failed,2.0,501.65998641212445,234.46264844148524,32.0,32.0,7571.0,316.494543690597,0.014808477265109693,nonsingular_isothermal,1.0,0.01,2.0,0.3,1.0,0.0,strict_pass,1.0,none,none,,,0.9786357786357787,1.0,0.9786357786357787,0.9521829521829522,0.9121693121693122,0.9142857142857143,0.047817047817047764,0.08783068783068781,0.08571428571428574,0.0,0.0,3802.0,3885.0,1.0,inverse_phase_volume,geometric_mean,3802.0,3802.0,3802.0,0.0,420.0,0.0,0.0,2.705523854249563e+39,2.2670907456442093e+49,8379489029.761436,2.4487087105961823e-07,2051.8927777522144,0.0004873549002377548,4083785.040142778,8379489029.761502,0.0
15.99639408542812,3134.5501016307544,1977705.8691090907,0.6718484378895455,inf,-1000000.0,orbit_fail_full,32.0,inf,inf,inf,inf,0.0,0.0,0.0,incomplete_orbit_coverage,1.0,inf,inf,0.0,0.0,0.0,0.0,0.0,nonsingular_isothermal,1.0,0.01,2.0,0.3,1.0,0.0,severe_coverage_warn,0.0,none,multiple,,Lfrac coverage gap 0.115 exceeds 0.1 | third_integral coverage gap 0.133 exceeds 0.1,0.971943371943372,1.0,0.971943371943372,0.9498069498069498,0.8846560846560847,0.8666666666666667,0.050193050193050204,0.1153439153439153,0.1333333333333333,0.0,0.0,3776.0,3885.0,0.0,not_computed,not_computed,0.0,0.0,0.0,0.0,0.0,0.0,0.0,,,,,,,,,
15.99639408542812,3134.5501016307544,0.0,0.6718484378895455,inf,-1000000.0,solver_failed_halo_only,32.0,inf,0.0,2.2290275176008874,3.8607889119538994,0.0,0.0,1000.0,light_constraint_failed,2.0,810.0603446311165,1386.1138876397795,32.0,32.0,6891.0,78.9506889808914,0.03081049021777329,nonsingular_isothermal,1.0,0.01,2.0,0.3,1.0,0.0,strict_pass,1.0,none,none,,,0.9992277992277993,1.0,0.9992277992277993,0.9942084942084942,0.9968253968253968,0.9976190476190476,0.00579150579150578,0.0031746031746031633,0.0023809523809523725,0.0,0.0,3882.0,3885.0,1.0,inverse_phase_volume,geometric_mean,3882.0,3882.0,3882.0,0.0,420.0,0.0,0.0,5.622459643103275e+31,1.2643239830111377e+49,2.248702637753934e+17,5.763711539464436e-11,12960873.34204634,7.715529452447485e-08,17349931431.386658,2.2487026377539123e+17,0.0
15.99639408542812,3134.5501016307544,2500000.0,0.6718484378895455,inf,-1000000.0,orbit_fail_bh_up,32.0,inf,inf,inf,inf,0.0,0.0,0.0,incomplete_orbit_coverage,1.0,inf,inf,0.0,0.0,0.0,0.0,0.0,nonsingular_isothermal,1.0,0.01,2.0,0.3,1.0,0.0,severe_coverage_warn,0.0,none,multiple,,Lfrac coverage gap 0.109 exceeds 0.1 | third_integral coverage gap 0.129 exceeds 0.1,0.9734877734877735,1.0,0.9734877734877735,0.9478764478764479,0.891005291005291,0.8714285714285714,0.05212355212355213,0.10899470899470898,0.12857142857142856,0.0,0.0,3782.0,3885.0,0.0,not_computed,not_computed,0.0,0.0,0.0,0.0,0.0,0.0,0.0,,,,,,,,,
15.99639408542812,3134.5501016307544,988852.9345545453,0.6718484378895455,inf,-1000000.0,orbit_fail_bh_down,32.0,inf,inf,inf,inf,0.0,0.0,0.0,incomplete_orbit_coverage,1.0,inf,inf,0.0,0.0,0.0,0.0,0.0,nonsingular_isothermal,1.0,0.01,2.0,0.3,1.0,0.0,severe_coverage_warn,0.0,middle,multiple,4,Lfrac coverage gap 0.102 exceeds 0.1 | third_integral coverage gap 0.114 exceeds 0.1 | 1 planned shell-band/Lfrac/third-integral cells have no successful orbit,0.9752895752895753,1.0,0.9752895752895753,0.9584199584199584,0.8984126984126984,0.8857142857142857,0.04158004158004158,0.10158730158730156,0.11428571428571432,1.0,0.0,3789.0,3885.0,0.0,not_computed,not_computed,0.0,0.0,0.0,0.0,0.0,0.0,0.0,,,,,,,,,
30.0,3134.5501016307544,1977705.8691090907,0.6718484378895455,inf,-1000000.0,orbit_fail_halo_up,32.0,inf,inf,inf,inf,0.0,0.0,0.0,incomplete_orbit_coverage,1.0,inf,inf,0.0,0.0,0.0,0.0,0.0,nonsingular_isothermal,1.0,0.01,2.0,0.3,1.0,0.0,severe_coverage_warn,0.0,none,theta,,third_integral coverage gap 0.121 exceeds 0.1,0.9770913770913771,1.0,0.9770913770913771,0.9563409563409564,0.9058201058201059,0.8785714285714286,0.043659043659043606,0.09417989417989414,0.12142857142857144,0.0,0.0,3796.0,3885.0,0.0,not_computed,not_computed,0.0,0.0,0.0,0.0,0.0,0.0,0.0,,,,,,,,,
7.99819704271406,3134.5501016307544,1977705.8691090907,0.6718484378895455,inf,-1000000.0,orbit_fail_halo_down,32.0,inf,inf,inf,inf,0.0,0.0,0.0,incomplete_orbit_coverage,1.0,inf,inf,0.0,0.0,0.0,0.0,0.0,nonsingular_isothermal,1.0,0.01,2.0,0.3,1.0,0.0,severe_coverage_warn,0.0,inner,multiple,1,Lfrac coverage gap 0.171 exceeds 0.1 | third_integral coverage gap 0.131 exceeds 0.1 | 2 planned shell-band/Lfrac/third-integral cells have no successful orbit,0.9583011583011583,1.0,0.9583011583011583,0.9305019305019305,0.8285714285714286,0.8690476190476191,0.06949806949806947,0.17142857142857137,0.13095238095238093,2.0,0.0,3723.0,3885.0,0.0,not_computed,not_computed,0.0,0.0,0.0,0.0,0.0,0.0,0.0,,,,,,,,,
15.99639408542812,3134.5501016307544,1977705.8691090907,1.343696875779091,inf,-1000000.0,orbit_fail_ml_up,32.0,inf,inf,inf,inf,0.0,0.0,0.0,incomplete_orbit_coverage,1.0,inf,inf,0.0,0.0,0.0,0.0,0.0,nonsingular_isothermal,1.0,0.01,2.0,0.3,1.0,0.0,severe_coverage_warn,0.0,none,multiple,,Lfrac coverage gap 0.123 exceeds 0.1 | third_integral coverage gap 0.119 exceeds 0.1,0.9701415701415701,1.0,0.9701415701415701,0.9563409563409564,0.8772486772486773,0.8809523809523809,0.043659043659043606,0.12275132275132272,0.11904761904761907,0.0,0.0,3769.0,3885.0,0.0,not_computed,not_computed,0.0,0.0,0.0,0.0,0.0,0.0,0.0,,,,,,,,,
15.99639408542812,3134.5501016307544,1977705.8691090907,0.33592421894477276,inf,-1000000.0,orbit_fail_ml_down,32.0,inf,inf,inf,inf,0.0,0.0,0.0,incomplete_orbit_coverage,1.0,inf,inf,0.0,0.0,0.0,0.0,0.0,nonsingular_isothermal,1.0,0.01,2.0,0.3,1.0,0.0,severe_coverage_warn,0.0,none,multiple,,Lfrac coverage gap 0.109 exceeds 0.1 | third_integral coverage gap 0.124 exceeds 0.1,0.9734877734877735,1.0,0.9734877734877735,0.9536679536679536,0.891005291005291,0.8761904761904762,0.04633204633204635,0.10899470899470898,0.12380952380952381,0.0,0.0,3782.0,3885.0,0.0,not_computed,not_computed,0.0,0.0,0.0,0.0,0.0,0.0,0.0,,,,,,,,,
24.997521038223212,6815.704796426122,397812.73982653103,0.4247136433050236,inf,-1000000.0,orbit_fail_full,33.0,inf,inf,inf,inf,0.0,0.0,0.0,incomplete_orbit_coverage,1.0,inf,inf,0.0,0.0,0.0,0.0,0.0,nonsingular_isothermal,1.0,0.01,2.0,0.3,1.0,0.0,severe_coverage_warn,0.0,none,multiple,,Lfrac coverage gap 0.111 exceeds 0.1 | third_integral coverage gap 0.14 exceeds 0.1,0.972972972972973,1.0,0.972972972972973,0.9536679536679536,0.8888888888888888,0.8595238095238096,0.04633204633204635,0.11111111111111116,0.14047619047619042,0.0,0.0,3780.0,3885.0,0.0,not_computed,not_computed,0.0,0.0,0.0,0.0,0.0,0.0,0.0,,,,,,,,,
24.997521038223212,6815.704796426122,0.0,0.4247136433050236,inf,-1000000.0,solver_failed_halo_only,33.0,inf,0.0,2.2815079754602103,3.9516877313707255,0.0,0.0,1000.0,light_constraint_failed,2.0,1267.5194634644542,2285.340861409182,32.0,32.0,6850.0,78.54573287714669,0.030549218221807117,nonsingular_isothermal,1.0,0.01,2.0,0.3,1.0,0.0,strict_pass,1.0,none,none,,,0.9984555984555985,1.0,0.9984555984555985,0.9884169884169884,0.9936507936507937,0.9976190476190476,0.01158301158301156,0.006349206349206327,0.0023809523809523725,0.0,0.0,3879.0,3885.0,1.0,inverse_phase_volume,geometric_mean,3879.0,3879.0,3879.0,0.0,420.0,0.0,0.0,6.035283569346361e+33,3.415819691669055e+48,565975012179750.6,2.427590403733517e-08,13739555.08320511,7.27825605664899e-08,41193110.60309219,565975012179745.6,0.0
24.997521038223212,6815.704796426122,795625.4796530621,0.4247136433050236,inf,-1000000.0,orbit_fail_bh_up,33.0,inf,inf,inf,inf,0.0,0.0,0.0,incomplete_orbit_coverage,1.0,inf,inf,0.0,0.0,0.0,0.0,0.0,nonsingular_isothermal,1.0,0.01,2.0,0.3,1.0,0.0,severe_coverage_warn,0.0,none,multiple,,Lfrac coverage gap 0.123 exceeds 0.1 | third_integral coverage gap 0.157 exceeds 0.1,0.9701415701415701,1.0,0.9701415701415701,0.944015444015444,0.8772486772486773,0.8428571428571429,0.055984555984555984,0.12275132275132272,0.15714285714285714,0.0,0.0,3769.0,3885.0,0.0,not_computed,not_computed,0.0,0.0,0.0,0.0,0.0,0.0,0.0,,,,,,,,,
24.997521038223212,6815.704796426122,198906.36991326552,0.4247136433050236,inf,-1000000.0,orbit_fail_bh_down,33.0,inf,inf,inf,inf,0.0,0.0,0.0,incomplete_orbit_coverage,1.0,inf,inf,0.0,0.0,0.0,0.0,0.0,nonsingular_isothermal,1.0,0.01,2.0,0.3,1.0,0.0,severe_coverage_warn,0.0,none,multiple,,Lfrac coverage gap 0.103 exceeds 0.1 | third_integral coverage gap 0.124 exceeds 0.1,0.975032175032175,1.0,0.975032175032175,0.9401544401544402,0.8973544973544973,0.8761904761904762,0.05984555984555984,0.10264550264550265,0.12380952380952381,0.0,0.0,3788.0,3885.0,0.0,not_computed,not_computed,0.0,0.0,0.0,0.0,0.0,0.0,0.0,,,,,,,,,
30.0,6815.704796426122,397812.73982653103,0.4247136433050236,inf,-1000000.0,orbit_fail_halo_up,33.0,inf,inf,inf,inf,0.0,0.0,0.0,incomplete_orbit_coverage,1.0,inf,inf,0.0,0.0,0.0,0.0,0.0,nonsingular_isothermal,1.0,0.01,2.0,0.3,1.0,0.0,severe_coverage_warn,0.0,none,theta,,third_integral coverage gap 0.117 exceeds 0.1,0.9770913770913771,1.0,0.9770913770913771,0.9536679536679536,0.9058201058201059,0.8833333333333333,0.04633204633204635,0.09417989417989414,0.1166666666666667,0.0,0.0,3796.0,3885.0,0.0,not_computed,not_computed,0.0,0.0,0.0,0.0,0.0,0.0,0.0,,,,,,,,,
12.498760519111606,6815.704796426122,397812.73982653103,0.4247136433050236,inf,-1000000.0,orbit_fail_halo_down,33.0,inf,inf,inf,inf,0.0,0.0,0.0,incomplete_orbit_coverage,1.0,inf,inf,0.0,0.0,0.0,0.0,0.0,nonsingular_isothermal,1.0,0.01,2.0,0.3,1.0,0.0,severe_coverage_warn,0.0,none,multiple,,Lfrac coverage gap 0.11 exceeds 0.1 | third_integral coverage gap 0.136 exceeds 0.1,0.9732303732303732,1.0,0.9732303732303732,0.9563409563409564,0.8899470899470899,0.8642857142857143,0.043659043659043606,0.11005291005291007,0.13571428571428568,0.0,0.0,3781.0,3885.0,0.0,not_computed,not_computed,0.0,0.0,0.0,0.0,0.0,0.0,0.0,,,,,,,,,
24.997521038223212,6815.704796426122,397812.73982653103,0.8494272866100472,inf,-1000000.0,orbit_fail_ml_up,33.0,inf,inf,inf,inf,0.0,0.0,0.0,incomplete_orbit_coverage,1.0,inf,inf,0.0,0.0,0.0,0.0,0.0,nonsingular_isothermal,1.0,0.01,2.0,0.3,1.0,0.0,severe_coverage_warn,0.0,none,theta,,third_integral coverage gap 0.114 exceeds 0.1,0.9763191763191763,1.0,0.9763191763191763,0.9542619542619543,0.9026455026455027,0.8857142857142857,0.04573804573804574,0.0973544973544973,0.11428571428571432,0.0,0.0,3793.0,3885.0,0.0,not_computed,not_computed,0.0,0.0,0.0,0.0,0.0,0.0,0.0,,,,,,,,,
24.997521038223212,6815.704796426122,397812.73982653103,0.2123568216525118,inf,-1000000.0,orbit_fail_ml_down,33.0,inf,inf,inf,inf,0.0,0.0,0.0,incomplete_orbit_coverage,1.0,inf,inf,0.0,0.0,0.0,0.0,0.0,nonsingular_isothermal,1.0,0.01,2.0,0.3,1.0,0.0,severe_coverage_warn,0.0,none,multiple,,Lfrac coverage gap 0.108 exceeds 0.1 | third_integral coverage gap 0.131 exceeds 0.1,0.9737451737451738,1.0,0.9737451737451738,0.9478764478764479,0.8920634920634921,0.8690476190476191,0.05212355212355213,0.10793650793650789,0.13095238095238093,0.0,0.0,3783.0,3885.0,0.0,not_computed,not_computed,0.0,0.0,0.0,0.0,0.0,0.0,0.0,,,,,,,,,
14.4687659522567,6408.857017797132,1275835.080500753,0.6568225155601256,inf,-1000000.0,orbit_fail_full,34.0,inf,inf,inf,inf,0.0,0.0,0.0,incomplete_orbit_coverage,1.0,inf,inf,0.0,0.0,0.0,0.0,0.0,nonsingular_isothermal,1.0,0.01,2.0,0.3,1.0,0.0,severe_coverage_warn,0.0,none,multiple,,Lfrac coverage gap 0.115 exceeds 0.1 | third_integral coverage gap 0.121 exceeds 0.1,0.971943371943372,1.0,0.971943371943372,0.9478764478764479,0.8846560846560847,0.8785714285714286,0.05212355212355213,0.1153439153439153,0.12142857142857144,0.0,0.0,3776.0,3885.0,0.0,not_computed,not_computed,0.0,0.0,0.0,0.0,0.0,0.0,0.0,,,,,,,,,
14.4687659522567,6408.857017797132,0.0,0.6568225155601256,inf,-1000000.0,solver_failed_halo_only,34.0,inf,0.0,3.2311955463745368,5.033322316652954,0.0,0.0,1000.0,light_constraint_failed,2.0,331.127206664193,3352.664415842862,32.0,32.0,7298.0,80.38368300624239,0.035880601960888374,nonsingular_isothermal,1.0,0.01,2.0,0.3,1.0,0.0,strict_pass,1.0,none,none,,,0.9976833976833976,1.0,0.9976833976833976,0.9826254826254827,0.9915343915343915,0.9952380952380953,0.01737451737451734,0.00846560846560851,0.004761904761904745,0.0,0.0,3876.0,3885.0,1.0,inverse_phase_volume,geometric_mean,3876.0,3876.0,3876.0,0.0,420.0,0.0,0.0,1.2702886042828378e+32,4.80664682100297e+47,3783901394373793.5,5.86203532211528e-10,2218136.362922044,4.508289105736755e-07,1705892143.3437493,3783901394373794.0,0.0
14.4687659522567,6408.857017797132,2500000.0,0.6568225155601256,inf,-1000000.0,orbit_fail_bh_up,34.0,inf,inf,inf,inf,0.0,0.0,0.0,incomplete_orbit_coverage,1.0,inf,inf,0.0,0.0,0.0,0.0,0.0,nonsingular_isothermal,1.0,0.01,2.0,0.3,1.0,0.0,severe_coverage_warn,0.0,none,multiple,,Lfrac coverage gap 0.142 exceeds 0.1 | third_integral coverage gap 0.143 exceeds 0.1,0.9655083655083655,1.0,0.9655083655083655,0.9305019305019305,0.8582010582010582,0.8571428571428571,0.06326106326106329,0.1417989417989418,0.1428571428571429,0.0,0.0,3751.0,3885.0,0.0,not_computed,not_computed,0.0,0.0,0.0,0.0,0.0,0.0,0.0,,,,,,,,,
14.4687659522567,6408.857017797132,637917.5402503764,0.6568225155601256,inf,-1000000.0,orbit_fail_bh_down,34.0,inf,inf,inf,inf,0.0,0.0,0.0,incomplete_orbit_coverage,1.0,inf,inf,0.0,0.0,0.0,0.0,0.0,nonsingular_isothermal,1.0,0.01,2.0,0.3,1.0,0.0,severe_coverage_warn,0.0,none,multiple,,Lfrac coverage gap 0.125 exceeds 0.1 | third_integral coverage gap 0.148 exceeds 0.1,0.9696267696267696,1.0,0.9696267696267696,0.9324324324324325,0.8751322751322751,0.8523809523809524,0.06756756756756754,0.1248677248677249,0.14761904761904765,0.0,0.0,3767.0,3885.0,0.0,not_computed,not_computed,0.0,0.0,0.0,0.0,0.0,0.0,0.0,,,,,,,,,
28.9375319045134,6408.857017797132,1275835.080500753,0.6568225155601256,inf,-1000000.0,orbit_fail_halo_up,34.0,inf,inf,inf,inf,0.0,0.0,0.0,incomplete_orbit_coverage,1.0,inf,inf,0.0,0.0,0.0,0.0,0.0,nonsingular_isothermal,1.0,0.01,2.0,0.3,1.0,0.0,severe_coverage_warn,0.0,none,multiple,,Lfrac coverage gap 0.114 exceeds 0.1 | third_integral coverage gap 0.126 exceeds 0.1,0.9722007722007722,1.0,0.9722007722007722,0.9555984555984556,0.8857142857142857,0.8738095238095238,0.044401544401544424,0.11428571428571432,0.1261904761904762,0.0,0.0,3777.0,3885.0,0.0,not_computed,not_computed,0.0,0.0,0.0,0.0,0.0,0.0,0.0,,,,,,,,,
7.23438297612835,6408.857017797132,1275835.080500753,0.6568225155601256,inf,-1000000.0,orbit_fail_halo_down,34.0,inf,inf,inf,inf,0.0,0.0,0.0,incomplete_orbit_coverage,1.0,inf,inf,0.0,0.0,0.0,0.0,0.0,nonsingular_isothermal,1.0,0.01,2.0,0.3,1.0,0.0,severe_coverage_warn,0.0,inner,multiple,1,Lfrac coverage gap 0.187 exceeds 0.1 | third_integral coverage gap 0.15 exceeds 0.1 | 2 planned shell-band/Lfrac/third-integral cells have no successful orbit,0.9544401544401544,1.0,0.9544401544401544,0.9111969111969112,0.8126984126984127,0.85,0.05969705969705974,0.1873015873015873,0.15000000000000002,2.0,0.0,3708.0,3885.0,0.0,not_computed,not_computed,0.0,0.0,0.0,0.0,0.0,0.0,0.0,,,,,,,,,
14.4687659522567,6408.857017797132,1275835.080500753,1.3136450311202512,inf,-1000000.0,orbit_fail_ml_up,34.0,inf,inf,inf,inf,0.0,0.0,0.0,incomplete_orbit_coverage,1.0,inf,inf,0.0,0.0,0.0,0.0,0.0,nonsingular_isothermal,1.0,0.01,2.0,0.3,1.0,0.0,severe_coverage_warn,0.0,none,multiple,,Lfrac coverage gap 0.119 exceeds 0.1 | third_integral coverage gap 0.129 exceeds 0.1,0.9711711711711711,1.0,0.9711711711711711,0.9563409563409564,0.8814814814814815,0.8714285714285714,0.043659043659043606,0.11851851851851847,0.12857142857142856,0.0,0.0,3773.0,3885.0,0.0,not_computed,not_computed,0.0,0.0,0.0,0.0,0.0,0.0,0.0,,,,,,,,,
14.4687659522567,6408.857017797132,1275835.080500753,0.3284112577800628,inf,-1000000.0,orbit_fail_ml_down,34.0,inf,inf,inf,inf,0.0,0.0,0.0,incomplete_orbit_coverage,1.0,inf,inf,0.0,0.0,0.0,0.0,0.0,nonsingular_isothermal,1.0,0.01,2.0,0.3,1.0,0.0,severe_coverage_warn,0.0,none,multiple,,Lfrac coverage gap 0.104 exceeds 0.1 | third_integral coverage gap 0.119 exceeds 0.1,0.9747747747747748,1.0,0.9747747747747748,0.9646569646569647,0.8962962962962963,0.8809523809523809,0.03534303534303529,0.10370370370370374,0.11904761904761907,0.0,0.0,3787.0,3885.0,0.0,not_computed,not_computed,0.0,0.0,0.0,0.0,0.0,0.0,0.0,,,,,,,,,
5.1841645254086055,6526.820778814299,1811379.2221230615,1.1342663257507828,inf,-1000000.0,orbit_fail_full,35.0,inf,inf,inf,inf,0.0,0.0,0.0,incomplete_orbit_coverage,1.0,inf,inf,0.0,0.0,0.0,0.0,0.0,nonsingular_isothermal,1.0,0.01,2.0,0.3,1.0,0.0,severe_coverage_warn,0.0,multiple,multiple,1;2;3;8,Lfrac minimum coverage 0.719 is below 0.8 | Lfrac coverage gap 0.281 exceeds 0.1 | third_integral coverage gap 0.179 exceeds 0.1 | 7 planned shell-band/Lfrac/third-integral cells have no successful orbit,0.9315315315315316,1.0,0.9315315315315316,0.9073359073359073,0.7185185185185186,0.8214285714285714,0.05108405108405112,0.28148148148148144,0.1785714285714286,7.0,0.0,3619.0,3885.0,0.0,not_computed,not_computed,0.0,0.0,0.0,0.0,0.0,0.0,0.0,,,,,,,,,
5.1841645254086055,6526.820778814299,0.0,1.1342663257507828,inf,-1000000.0,solver_failed_halo_only,35.0,inf,0.0,1.9316233187705794,4.370818869591925,0.0,0.0,1000.0,light_constraint_failed,2.0,58.027622155174875,237.42138961979197,32.0,32.0,7306.0,445.2711601490159,0.008457739692083363,nonsingular_isothermal,1.0,0.01,2.0,0.3,1.0,0.0,strict_pass,1.0,none,none,,,0.9994851994851995,1.0,0.9994851994851995,0.9961389961389961,0.9978835978835979,0.9976190476190476,0.0038610038610038533,0.002116402116402072,0.0023809523809523725,0.0,0.0,3883.0,3885.0,1.0,inverse_phase_volume,geometric_mean,3883.0,3883.0,3883.0,0.0,420.0,0.0,0.0,9.299693499301193e+29,2.5127058370178423e+45,2701923280812055.5,9.250550602142054e-12,24994.278032257465,4.000915724428631e-05,108101673404.00694,2701923280812041.5,0.0
5.1841645254086055,6526.820778814299,2500000.0,1.1342663257507828,inf,-1000000.0,orbit_fail_bh_up,35.0,inf,inf,inf,inf,0.0,0.0,0.0,incomplete_orbit_coverage,1.0,inf,inf,0.0,0.0,0.0,0.0,0.0,nonsingular_isothermal,1.0,0.01,2.0,0.3,1.0,0.0,severe_coverage_warn,0.0,multiple,multiple,1;2;3;4,Lfrac minimum coverage 0.715 is below 0.8 | Lfrac coverage gap 0.285 exceeds 0.1 | third_integral coverage gap 0.188 exceeds 0.1 | 8 planned shell-band/Lfrac/third-integral cells have no successful orbit,0.9307593307593307,1.0,0.9307593307593307,0.8996138996138996,0.7153439153439154,0.8119047619047619,0.06296406296406298,0.2846560846560846,0.1880952380952381,8.0,0.0,3616.0,3885.0,0.0,not_computed,not_computed,0.0,0.0,0.0,0.0,0.0,0.0,0.0,,,,,,,,,
5.1841645254086055,6526.820778814299,905689.6110615308,1.1342663257507828,inf,-1000000.0,orbit_fail_bh_down,35.0,inf,inf,inf,inf,0.0,0.0,0.0,incomplete_orbit_coverage,1.0,inf,inf,0.0,0.0,0.0,0.0,0.0,nonsingular_isothermal,1.0,0.01,2.0,0.3,1.0,0.0,severe_coverage_warn,0.0,inner,multiple,1;2,Lfrac minimum coverage 0.74 is below 0.8 | Lfrac coverage gap 0.26 exceeds 0.1 | third_integral coverage gap 0.193 exceeds 0.1 | 3 planned shell-band/Lfrac/third-integral cells have no successful orbit,0.9366795366795366,1.0,0.9366795366795366,0.9111969111969112,0.7396825396825397,0.8071428571428572,0.05969705969705974,0.2603174603174603,0.19285714285714284,3.0,0.0,3639.0,3885.0,0.0,not_computed,not_computed,0.0,0.0,0.0,0.0,0.0,0.0,0.0,,,,,,,,,
10.368329050817211,6526.820778814299,1811379.2221230615,1.1342663257507828,inf,-1000000.0,orbit_fail_halo_up,35.0,inf,inf,inf,inf,0.0,0.0,0.0,incomplete_orbit_coverage,1.0,inf,inf,0.0,0.0,0.0,0.0,0.0,nonsingular_isothermal,1.0,0.01,2.0,0.3,1.0,0.0,severe_coverage_warn,0.0,none,multiple,,Lfrac coverage gap 0.172 exceeds 0.1 | third_integral coverage gap 0.169 exceeds 0.1,0.9580437580437581,1.0,0.9580437580437581,0.9131274131274131,0.8275132275132275,0.830952380952381,0.06816156816156826,0.17248677248677247,0.169047619047619,0.0,0.0,3722.0,3885.0,0.0,not_computed,not_computed,0.0,0.0,0.0,0.0,0.0,0.0,0.0,,,,,,,,,
2.5920822627043028,6526.820778814299,1811379.2221230615,1.1342663257507828,inf,-1000000.0,orbit_fail_halo_down,35.0,inf,inf,inf,inf,0.0,0.0,0.0,incomplete_orbit_coverage,1.0,inf,inf,0.0,0.0,0.0,0.0,0.0,nonsingular_isothermal,1.0,0.01,2.0,0.3,1.0,0.0,severe_coverage_warn,0.0,multiple,multiple,1;2;3;4;5;6;8,Lfrac minimum coverage 0.679 is below 0.8 | Lfrac coverage gap 0.321 exceeds 0.1 | third_integral minimum coverage 0.776 is below 0.8 | third_integral coverage gap 0.224 exceeds 0.1 | 14 planned shell-band/Lfrac/third-integral cells have no successful orbit,0.922007722007722,1.0,0.922007722007722,0.8976833976833977,0.6793650793650794,0.7761904761904762,0.05865755865755873,0.3206349206349206,0.2238095238095238,14.0,0.0,3582.0,3885.0,0.0,not_computed,not_computed,0.0,0.0,0.0,0.0,0.0,0.0,0.0,,,,,,,,,
5.1841645254086055,6526.820778814299,1811379.2221230615,1.6,inf,-1000000.0,orbit_fail_ml_up,35.0,inf,inf,inf,inf,0.0,0.0,0.0,incomplete_orbit_coverage,1.0,inf,inf,0.0,0.0,0.0,0.0,0.0,nonsingular_isothermal,1.0,0.01,2.0,0.3,1.0,0.0,severe_coverage_warn,0.0,multiple,multiple,1;2;3;8,Lfrac minimum coverage 0.707 is below 0.8 | Lfrac coverage gap 0.293 exceeds 0.1 | third_integral coverage gap 0.186 exceeds 0.1 | 7 planned shell-band/Lfrac/third-integral cells have no successful orbit,0.9287001287001287,1.0,0.9287001287001287,0.9073359073359073,0.7068783068783069,0.8142857142857143,0.049005049005049095,0.2931216931216931,0.18571428571428572,7.0,0.0,3608.0,3885.0,0.0,not_computed,not_computed,0.0,0.0,0.0,0.0,0.0,0.0,0.0,,,,,,,,,
5.1841645254086055,6526.820778814299,1811379.2221230615,0.5671331628753914,inf,-1000000.0,orbit_fail_ml_down,35.0,inf,inf,inf,inf,0.0,0.0,0.0,incomplete_orbit_coverage,1.0,inf,inf,0.0,0.0,0.0,0.0,0.0,nonsingular_isothermal,1.0,0.01,2.0,0.3,1.0,0.0,severe_coverage_warn,0.0,inner,multiple,1;2;3,Lfrac minimum coverage 0.75 is below 0.8 | Lfrac coverage gap 0.25 exceeds 0.1 | third_integral coverage gap 0.157 exceeds 0.1 | 6 planned shell-band/Lfrac/third-integral cells have no successful orbit,0.9392535392535393,1.0,0.9392535392535393,0.9092664092664092,0.7502645502645503,0.8428571428571429,0.06162756162756167,0.2497354497354497,0.15714285714285714,6.0,0.0,3649.0,3885.0,0.0,not_computed,not_computed,0.0,0.0,0.0,0.0,0.0,0.0,0.0,,,,,,,,,
17.498235822264895,2632.05832871845,430842.0440583774,0.8989988394363786,inf,-1000000.0,solver_failed_full,36.0,inf,0.0,1.6258611404774346,7.797356110030936,0.0,0.0,1000.0,light_constraint_failed,2.0,106.11394845956643,62.94936924321575,32.0,32.0,7570.0,297.798973464013,0.016753623622135484,nonsingular_isothermal,1.0,0.01,2.0,0.3,1.0,0.0,strict_pass,1.0,none,none,,,0.9806949806949807,1.0,0.9806949806949807,0.9688149688149689,0.9206349206349206,0.9166666666666666,0.03118503118503113,0.07936507936507942,0.08333333333333337,0.0,0.0,3810.0,3885.0,1.0,inverse_phase_volume,geometric_mean,3810.0,3810.0,3810.0,0.0,420.0,0.0,0.0,4.838419649967372e+43,5.116512815396288e+50,10574760.325782802,0.00014517906419562337,1535.233808190139,0.0006513665831648686,6888.045501192495,10574760.325782707,0.0
17.498235822264895,2632.05832871845,0.0,0.8989988394363786,inf,-1000000.0,solver_failed_halo_only,36.0,inf,0.0,2.194722433064794,4.034657642515829,0.0,0.0,1000.0,light_constraint_failed,2.0,604.5687676555366,807.8614927160344,32.0,32.0,6811.0,79.19298436074213,0.03145968856691963,nonsingular_isothermal,1.0,0.01,2.0,0.3,1.0,0.0,strict_pass,1.0,none,none,,,1.0,1.0,1.0,1.0,1.0,1.0,0.0,0.0,0.0,0.0,0.0,3885.0,3885.0,1.0,inverse_phase_volume,geometric_mean,3885.0,3885.0,3885.0,0.0,420.0,0.0,0.0,3.776575469096138e+34,3.646229397267998e+49,965485643569215.9,1.512920164940844e-08,14607026.991167568,6.846020073795099e-08,66097340.96835841,965485643569217.2,0.0
17.498235822264895,2632.05832871845,861684.0881167548,0.8989988394363786,inf,-1000000.0,orbit_fail_bh_up,36.0,inf,inf,inf,inf,0.0,0.0,0.0,incomplete_orbit_coverage,1.0,inf,inf,0.0,0.0,0.0,0.0,0.0,nonsingular_isothermal,1.0,0.01,2.0,0.3,1.0,0.0,severe_coverage_warn,0.0,none,theta,,third_integral coverage gap 0.126 exceeds 0.1,0.9765765765765766,1.0,0.9765765765765766,0.9584199584199584,0.9037037037037037,0.8738095238095238,0.04158004158004158,0.09629629629629632,0.1261904761904762,0.0,0.0,3794.0,3885.0,0.0,not_computed,not_computed,0.0,0.0,0.0,0.0,0.0,0.0,0.0,,,,,,,,,
17.498235822264895,2632.05832871845,215421.0220291887,0.8989988394363786,inf,-1000000.0,solver_failed_bh_down,36.0,inf,0.0,1.2775699253045518,6.127010121011914,0.0,0.0,1000.0,light_constraint_failed,2.0,111.86344474433324,103.28112081194489,32.0,32.0,7612.0,485.03014564931743,0.011556690155631351,nonsingular_isothermal,1.0,0.01,2.0,0.3,1.0,0.0,strict_pass,1.0,none,none,,,0.9817245817245818,1.0,0.9817245817245818,0.9604989604989606,0.9248677248677248,0.9095238095238095,0.03950103950103945,0.07513227513227516,0.09047619047619049,0.0,0.0,3814.0,3885.0,1.0,inverse_phase_volume,geometric_mean,3814.0,3814.0,3814.0,0.0,420.0,0.0,0.0,1.9663683248783913e+43,1.2484887937589157e+50,6349211.274221108,0.00017500052312956535,1111.1152944488272,0.0008999966115092077,5714.268632555051,6349211.274221103,0.0
30.0,2632.05832871845,430842.0440583774,0.8989988394363786,inf,-1000000.0,solver_failed_halo_up,36.0,inf,0.0,0.8684149762685266,4.164771918505513,0.0,0.0,1000.0,light_constraint_failed,2.0,36.83004755404031,55.544506437668936,32.0,32.0,7600.0,414.71041576049663,0.018885172497210733,nonsingular_isothermal,1.0,0.01,2.0,0.3,1.0,0.0,strict_pass,1.0,none,none,,,0.9806949806949807,1.0,0.9806949806949807,0.9625779625779626,0.9206349206349206,0.9023809523809524,0.037422037422037424,0.07936507936507942,0.0976190476190476,0.0,0.0,3810.0,3885.0,1.0,inverse_phase_volume,geometric_mean,3810.0,3810.0,3810.0,0.0,420.0,0.0,0.0,5.576668104322147e+43,4.89929371412574e+50,8785342.111947788,0.00010527249637454207,924.8548956291374,0.0010812506964346495,9499.157276960223,8785342.111947808,0.0
8.749117911132448,2632.05832871845,430842.0440583774,0.8989988394363786,inf,-1000000.0,orbit_fail_halo_down,36.0,inf,inf,inf,inf,0.0,0.0,0.0,incomplete_orbit_coverage,1.0,inf,inf,0.0,0.0,0.0,0.0,0.0,nonsingular_isothermal,1.0,0.01,2.0,0.3,1.0,0.0,severe_coverage_warn,0.0,none,multiple,,Lfrac coverage gap 0.128 exceeds 0.1 | third_integral coverage gap 0.117 exceeds 0.1,0.9688545688545689,1.0,0.9688545688545689,0.9501039501039501,0.8719576719576719,0.8833333333333333,0.0498960498960499,0.12804232804232807,0.1166666666666667,0.0,0.0,3764.0,3885.0,0.0,not_computed,not_computed,0.0,0.0,0.0,0.0,0.0,0.0,0.0,,,,,,,,,
17.498235822264895,2632.05832871845,430842.0440583774,1.6,inf,-1000000.0,solver_failed_ml_up,36.0,inf,0.0,1.6216878601429034,7.77734176064697,0.0,0.0,1000.0,light_constraint_failed,2.0,107.37867177401166,61.737929621503866,32.0,32.0,7591.0,292.5533542952912,0.01887526647342105,nonsingular_isothermal,1.0,0.01,2.0,0.3,1.0,0.0,strict_pass,1.0,none,none,,,0.9822393822393822,1.0,0.9822393822393822,0.9646569646569647,0.928042328042328,0.9238095238095239,0.03534303534303529,0.071957671957672,0.07619047619047614,0.0,0.0,3816.0,3885.0,1.0,inverse_phase_volume,geometric_mean,3816.0,3816.0,3816.0,0.0,420.0,0.0,0.0,5.102388903106321e+43,5.122362814512435e+50,10039146.195606442,0.00015033863018144421,1509.2714872387376,0.0006625713189808769,6651.650336264848,10039146.195606496,0.0
17.498235822264895,2632.05832871845,430842.0440583774,0.4494994197181893,inf,-1000000.0,orbit_fail_ml_down,36.0,inf,inf,inf,inf,0.0,0.0,0.0,incomplete_orbit_coverage,1.0,inf,inf,0.0,0.0,0.0,0.0,0.0,nonsingular_isothermal,1.0,0.01,2.0,0.3,1.0,0.0,severe_coverage_warn,0.0,none,theta,,third_integral coverage gap 0.114 exceeds 0.1,0.9765765765765766,1.0,0.9765765765765766,0.9604989604989606,0.9037037037037037,0.8857142857142857,0.03950103950103945,0.09629629629629632,0.11428571428571432,0.0,0.0,3794.0,3885.0,0.0,not_computed,not_computed,0.0,0.0,0.0,0.0,0.0,0.0,0.0,,,,,,,,,
0.13501770580855776,7452.210239680752,375547.9959917701,0.9174832985767687,inf,-1000000.0,orbit_fail_full,37.0,inf,inf,inf,inf,0.0,0.0,0.0,incomplete_orbit_coverage,1.0,inf,inf,0.0,0.0,0.0,0.0,0.0,nonsingular_isothermal,1.0,0.01,2.0,0.3,1.0,0.0,severe_coverage_warn,0.0,multiple,multiple,1;2;3;4;5;6;7;8,Lfrac minimum coverage 0.649 is below 0.8 | Lfrac coverage gap 0.351 exceeds 0.1 | third_integral minimum coverage 0.75 is below 0.8 | third_integral coverage gap 0.25 exceeds 0.1 | 24 planned shell-band/Lfrac/third-integral cells have no successful orbit,0.9145431145431145,1.0,0.9145431145431145,0.8957528957528957,0.6486772486772486,0.75,0.02316602316602323,0.35132275132275137,0.25,24.0,0.0,3553.0,3885.0,0.0,not_computed,not_computed,0.0,0.0,0.0,0.0,0.0,0.0,0.0,,,,,,,,,
0.13501770580855776,7452.210239680752,0.0,0.9174832985767687,inf,-1000000.0,orbit_fail_halo_only,37.0,inf,inf,inf,inf,0.0,0.0,0.0,incomplete_orbit_coverage,1.0,inf,inf,0.0,0.0,0.0,0.0,0.0,nonsingular_isothermal,1.0,0.01,2.0,0.3,1.0,0.0,severe_coverage_warn,0.0,multiple,multiple,2;3;4;5;6;7;8,total orbit coverage 0.735 is below 0.85 | shell_band minimum coverage 0.445 is below 0.8 | shell_band coverage gap 0.441 exceeds 0.1 | Lfrac minimum coverage 0.414 is below 0.8 | Lfrac coverage gap 0.586 exceeds 0.1 | third_integral minimum coverage 0.567 is below 0.8 | third_integral coverage gap 0.433 exceeds 0.1 | 56 planned shell-band/Lfrac/third-integral cells have no successful orbit,0.7353925353925354,1.0,0.7353925353925354,0.44490644490644493,0.41375661375661377,0.5666666666666667,0.4407484407484408,0.5862433862433862,0.43333333333333335,56.0,0.0,2857.0,3885.0,0.0,not_computed,not_computed,0.0,0.0,0.0,0.0,0.0,0.0,0.0,,,,,,,,,
0.13501770580855776,7452.210239680752,751095.9919835402,0.9174832985767687,inf,-1000000.0,orbit_fail_bh_up,37.0,inf,inf,inf,inf,0.0,0.0,0.0,incomplete_orbit_coverage,1.0,inf,inf,0.0,0.0,0.0,0.0,0.0,nonsingular_isothermal,1.0,0.01,2.0,0.3,1.0,0.0,severe_coverage_warn,0.0,multiple,multiple,1;2;3;4;5;6;7;8,Lfrac minimum coverage 0.65 is below 0.8 | Lfrac coverage gap 0.35 exceeds 0.1 | third_integral minimum coverage 0.75 is below 0.8 | third_integral coverage gap 0.25 exceeds 0.1 | 24 planned shell-band/Lfrac/third-integral cells have no successful orbit,0.9148005148005148,1.0,0.9148005148005148,0.8957528957528957,0.6497354497354497,0.75,0.02316602316602323,0.3502645502645503,0.25,24.0,0.0,3554.0,3885.0,0.0,not_computed,not_computed,0.0,0.0,0.0,0.0,0.0,0.0,0.0,,,,,,,,,
0.13501770580855776,7452.210239680752,187773.99799588506,0.9174832985767687,inf,-1000000.0,orbit_fail_bh_down,37.0,inf,inf,inf,inf,0.0,0.0,0.0,incomplete_orbit_coverage,1.0,inf,inf,0.0,0.0,0.0,0.0,0.0,nonsingular_isothermal,1.0,0.01,2.0,0.3,1.0,0.0,severe_coverage_warn,0.0,multiple,multiple,1;2;3;4;5;6;7;8,Lfrac minimum coverage 0.649 is below 0.8 | Lfrac coverage gap 0.351 exceeds 0.1 | third_integral minimum coverage 0.75 is below 0.8 | third_integral coverage gap 0.25 exceeds 0.1 | 24 planned shell-band/Lfrac/third-integral cells have no successful orbit,0.9145431145431145,1.0,0.9145431145431145,0.8957528957528957,0.6486772486772486,0.75,0.02316602316602323,0.35132275132275137,0.25,24.0,0.0,3553.0,3885.0,0.0,not_computed,not_computed,0.0,0.0,0.0,0.0,0.0,0.0,0.0,,,,,,,,,
0.27003541161711553,7452.210239680752,375547.9959917701,0.9174832985767687,inf,-1000000.0,orbit_fail_halo_up,37.0,inf,inf,inf,inf,0.0,0.0,0.0,incomplete_orbit_coverage,1.0,inf,inf,0.0,0.0,0.0,0.0,0.0,nonsingular_isothermal,1.0,0.01,2.0,0.3,1.0,0.0,severe_coverage_warn,0.0,multiple,multiple,1;2;3;4;5;6;7;8,Lfrac minimum coverage 0.65 is below 0.8 | Lfrac coverage gap 0.35 exceeds 0.1 | third_integral minimum coverage 0.75 is below 0.8 | third_integral coverage gap 0.25 exceeds 0.1 | 23 planned shell-band/Lfrac/third-integral cells have no successful orbit,0.9148005148005148,1.0,0.9148005148005148,0.8957528957528957,0.6497354497354497,0.75,0.02316602316602323,0.3502645502645503,0.25,23.0,0.0,3554.0,3885.0,0.0,not_computed,not_computed,0.0,0.0,0.0,0.0,0.0,0.0,0.0,,,,,,,,,
0.06750885290427888,7452.210239680752,375547.9959917701,0.9174832985767687,inf,-1000000.0,orbit_fail_halo_down,37.0,inf,inf,inf,inf,0.0,0.0,0.0,incomplete_orbit_coverage,1.0,inf,inf,0.0,0.0,0.0,0.0,0.0,nonsingular_isothermal,1.0,0.01,2.0,0.3,1.0,0.0,severe_coverage_warn,0.0,multiple,multiple,1;2;3;4;5;6;7;8,Lfrac minimum coverage 0.65 is below 0.8 | Lfrac coverage gap 0.35 exceeds 0.1 | third_integral minimum coverage 0.75 is below 0.8 | third_integral coverage gap 0.25 exceeds 0.1 | 24 planned shell-band/Lfrac/third-integral cells have no successful orbit,0.9148005148005148,1.0,0.9148005148005148,0.8957528957528957,0.6497354497354497,0.75,0.02316602316602323,0.3502645502645503,0.25,24.0,0.0,3554.0,3885.0,0.0,not_computed,not_computed,0.0,0.0,0.0,0.0,0.0,0.0,0.0,,,,,,,,,
0.13501770580855776,7452.210239680752,375547.9959917701,1.6,inf,-1000000.0,orbit_fail_ml_up,37.0,inf,inf,inf,inf,0.0,0.0,0.0,incomplete_orbit_coverage,1.0,inf,inf,0.0,0.0,0.0,0.0,0.0,nonsingular_isothermal,1.0,0.01,2.0,0.3,1.0,0.0,severe_coverage_warn,0.0,multiple,multiple,1;2;3;4;5;6;7;8,Lfrac minimum coverage 0.651 is below 0.8 | Lfrac coverage gap 0.349 exceeds 0.1 | third_integral minimum coverage 0.75 is below 0.8 | third_integral coverage gap 0.25 exceeds 0.1 | 24 planned shell-band/Lfrac/third-integral cells have no successful orbit,0.915057915057915,1.0,0.915057915057915,0.8957528957528957,0.6507936507936508,0.75,0.02316602316602323,0.3492063492063492,0.25,24.0,0.0,3555.0,3885.0,0.0,not_computed,not_computed,0.0,0.0,0.0,0.0,0.0,0.0,0.0,,,,,,,,,
0.13501770580855776,7452.210239680752,375547.9959917701,0.45874164928838435,inf,-1000000.0,orbit_fail_ml_down,37.0,inf,inf,inf,inf,0.0,0.0,0.0,incomplete_orbit_coverage,1.0,inf,inf,0.0,0.0,0.0,0.0,0.0,nonsingular_isothermal,1.0,0.01,2.0,0.3,1.0,0.0,severe_coverage_warn,0.0,multiple,multiple,1;2;3;4;5;6;7;8,Lfrac minimum coverage 0.652 is below 0.8 | Lfrac coverage gap 0.348 exceeds 0.1 | third_integral minimum coverage 0.75 is below 0.8 | third_integral coverage gap 0.25 exceeds 0.1 | 24 planned shell-band/Lfrac/third-integral cells have no successful orbit,0.9153153153153153,1.0,0.9153153153153153,0.8976833976833977,0.6518518518518519,0.75,0.021235521235521304,0.3481481481481481,0.25,24.0,0.0,3556.0,3885.0,0.0,not_computed,not_computed,0.0,0.0,0.0,0.0,0.0,0.0,0.0,,,,,,,,,
27.506894574789865,5191.263928067958,1592241.367229362,0.6155314537470353,inf,-1000000.0,orbit_fail_full,38.0,inf,inf,inf,inf,0.0,0.0,0.0,incomplete_orbit_coverage,1.0,inf,inf,0.0,0.0,0.0,0.0,0.0,nonsingular_isothermal,1.0,0.01,2.0,0.3,1.0,0.0,severe_coverage_warn,0.0,none,theta,,third_integral coverage gap 0.117 exceeds 0.1,0.9765765765765766,1.0,0.9765765765765766,0.9594594594594594,0.9037037037037037,0.8833333333333333,0.04054054054054057,0.09629629629629632,0.1166666666666667,0.0,0.0,3794.0,3885.0,0.0,not_computed,not_computed,0.0,0.0,0.0,0.0,0.0,0.0,0.0,,,,,,,,,
27.506894574789865,5191.263928067958,0.0,0.6155314537470353,inf,-1000000.0,solver_failed_halo_only,38.0,inf,0.0,2.2308127652166414,4.136300400361047,0.0,0.0,1000.0,light_constraint_failed,2.0,871.5246324756594,1117.1691938769318,32.0,32.0,6832.0,78.83363505577309,0.030880185470744403,nonsingular_isothermal,1.0,0.01,2.0,0.3,1.0,0.0,strict_pass,1.0,none,none,,,0.9984555984555985,1.0,0.9984555984555985,0.9884169884169884,0.9936507936507937,0.9976190476190476,0.01158301158301156,0.006349206349206327,0.0023809523809523725,0.0,0.0,3879.0,3885.0,1.0,inverse_phase_volume,geometric_mean,3879.0,3879.0,3879.0,0.0,420.0,0.0,0.0,3.266885424121807e+32,1.4921853015759806e+49,4.5676083114457704e+16,4.1738227074638615e-10,19064387.289113212,5.2453823185340637e-08,2395885187.4847116,4.567608311445817e+16,0.0
27.506894574789865,5191.263928067958,2500000.0,0.6155314537470353,inf,-1000000.0,orbit_fail_bh_up,38.0,inf,inf,inf,inf,0.0,0.0,0.0,incomplete_orbit_coverage,1.0,inf,inf,0.0,0.0,0.0,0.0,0.0,nonsingular_isothermal,1.0,0.01,2.0,0.3,1.0,0.0,severe_coverage_warn,0.0,none,theta,,third_integral coverage gap 0.121 exceeds 0.1,0.9773487773487773,1.0,0.9773487773487773,0.9667359667359667,0.9068783068783068,0.8785714285714286,0.033264033264033266,0.09312169312169316,0.12142857142857144,0.0,0.0,3797.0,3885.0,0.0,not_computed,not_computed,0.0,0.0,0.0,0.0,0.0,0.0,0.0,,,,,,,,,
27.506894574789865,5191.263928067958,796120.683614681,0.6155314537470353,inf,-1000000.0,orbit_fail_bh_down,38.0,inf,inf,inf,inf,0.0,0.0,0.0,incomplete_orbit_coverage,1.0,inf,inf,0.0,0.0,0.0,0.0,0.0,nonsingular_isothermal,1.0,0.01,2.0,0.3,1.0,0.0,severe_coverage_warn,0.0,none,multiple,,Lfrac coverage gap 0.109 exceeds 0.1 | third_integral coverage gap 0.114 exceeds 0.1,0.9734877734877735,1.0,0.9734877734877735,0.9459459459459459,0.891005291005291,0.8857142857142857,0.05405405405405406,0.10899470899470898,0.11428571428571432,0.0,0.0,3782.0,3885.0,0.0,not_computed,not_computed,0.0,0.0,0.0,0.0,0.0,0.0,0.0,,,,,,,,,
30.0,5191.263928067958,1592241.367229362,0.6155314537470353,inf,-1000000.0,orbit_fail_halo_up,38.0,inf,inf,inf,inf,0.0,0.0,0.0,incomplete_orbit_coverage,1.0,inf,inf,0.0,0.0,0.0,0.0,0.0,nonsingular_isothermal,1.0,0.01,2.0,0.3,1.0,0.0,severe_coverage_warn,0.0,none,multiple,,Lfrac coverage gap 0.101 exceeds 0.1 | third_integral coverage gap 0.121 exceeds 0.1,0.9755469755469756,1.0,0.9755469755469756,0.9604989604989606,0.8994708994708994,0.8785714285714286,0.03950103950103945,0.10052910052910058,0.12142857142857144,0.0,0.0,3790.0,3885.0,0.0,not_computed,not_computed,0.0,0.0,0.0,0.0,0.0,0.0,0.0,,,,,,,,,
13.753447287394932,5191.263928067958,1592241.367229362,0.6155314537470353,inf,-1000000.0,orbit_fail_halo_down,38.0,inf,inf,inf,inf,0.0,0.0,0.0,incomplete_orbit_coverage,1.0,inf,inf,0.0,0.0,0.0,0.0,0.0,nonsingular_isothermal,1.0,0.01,2.0,0.3,1.0,0.0,severe_coverage_warn,0.0,none,multiple,,Lfrac coverage gap 0.108 exceeds 0.1 | third_integral coverage gap 0.114 exceeds 0.1,0.9737451737451738,1.0,0.9737451737451738,0.9536679536679536,0.8920634920634921,0.8857142857142857,0.04633204633204635,0.10793650793650789,0.11428571428571432,0.0,0.0,3783.0,3885.0,0.0,not_computed,not_computed,0.0,0.0,0.0,0.0,0.0,0.0,0.0,,,,,,,,,
27.506894574789865,5191.263928067958,1592241.367229362,1.2310629074940707,inf,-1000000.0,orbit_fail_ml_up,38.0,inf,inf,inf,inf,0.0,0.0,0.0,incomplete_orbit_coverage,1.0,inf,inf,0.0,0.0,0.0,0.0,0.0,nonsingular_isothermal,1.0,0.01,2.0,0.3,1.0,0.0,severe_coverage_warn,0.0,none,multiple,,Lfrac coverage gap 0.107 exceeds 0.1 | third_integral coverage gap 0.126 exceeds 0.1,0.974002574002574,1.0,0.974002574002574,0.9542619542619543,0.8931216931216931,0.8738095238095238,0.04573804573804574,0.1068783068783069,0.1261904761904762,0.0,0.0,3784.0,3885.0,0.0,not_computed,not_computed,0.0,0.0,0.0,0.0,0.0,0.0,0.0,,,,,,,,,
27.506894574789865,5191.263928067958,1592241.367229362,0.30776572687351766,inf,-1000000.0,orbit_fail_ml_down,38.0,inf,inf,inf,inf,0.0,0.0,0.0,incomplete_orbit_coverage,1.0,inf,inf,0.0,0.0,0.0,0.0,0.0,nonsingular_isothermal,1.0,0.01,2.0,0.3,1.0,0.0,severe_coverage_warn,0.0,none,theta,,third_integral coverage gap 0.129 exceeds 0.1,0.9758043758043758,1.0,0.9758043758043758,0.9575289575289575,0.9005291005291005,0.8714285714285714,0.0424710424710425,0.09947089947089949,0.12857142857142856,0.0,0.0,3791.0,3885.0,0.0,not_computed,not_computed,0.0,0.0,0.0,0.0,0.0,0.0,0.0,,,,,,,,,
28.108616395112573,593.7127228295126,1063828.3553384563,1.5317619748141191,25.190600498995554,-25.190600498995554,pass_full,39.0,25.190600498995554,0.21658574623878835,0.9917662099638007,1.8435624266449375,1.0,1.0,31.0,none,0.0,16.518250513724436,8.672349985271108,32.0,32.0,7643.0,215.9106305453352,0.03808986194688216,nonsingular_isothermal,1.0,0.01,2.0,0.3,1.0,0.0,strict_pass,1.0,none,none,,,0.9879021879021879,1.0,0.9879021879021879,0.9594594594594594,0.9502645502645503,0.9404761904761905,0.04054054054054057,0.049735449735449744,0.059523809523809534,0.0,0.0,3838.0,3885.0,1.0,inverse_phase_volume,geometric_mean,3838.0,3838.0,3838.0,0.0,420.0,0.0,0.0,4.090962632525673e+42,2.272744191934745e+52,5555524203.191271,4.4307975742319866e-07,2461.5403163087212,0.0004062496938906858,2256930.006948772,5555524203.191324,0.0
28.108616395112573,593.7127228295126,0.0,1.5317619748141191,46.11864241393843,-46.11864241393843,pass_halo_only,39.0,46.11864241393843,0.10961802357136463,1.1503759642171243,1.723440397153238,1.0,1.0,1.0,none,0.0,35.393124691403834,10.725517722534597,32.0,32.0,6025.0,243.3640558697687,0.01929679526499034,nonsingular_isothermal,1.0,0.01,2.0,0.3,1.0,0.0,strict_pass,1.0,none,none,,,0.9987129987129987,1.0,0.9987129987129987,0.9903474903474904,0.9947089947089947,0.9976190476190476,0.009652509652509633,0.005291005291005346,0.0023809523809523725,0.0,0.0,3880.0,3885.0,1.0,inverse_phase_volume,geometric_mean,3880.0,3880.0,3880.0,0.0,420.0,0.0,0.0,1.1771759520082035e+33,3.49079221725096e+52,2.965395454516245e+19,1.2104930069577307e-12,35895904.60556169,2.7858331221580656e-08,826109687748.8356,2.9653954545162555e+19,0.0
28.108616395112573,593.7127228295126,2127656.7106769127,1.5317619748141191,20.811432024040773,-20.811432024040773,pass_bh_up,39.0,20.811432024040773,0.28764670202378184,0.7893471638137582,1.5487296992326256,1.0,1.0,33.0,none,0.0,13.115950183266957,7.695481840773809,32.0,32.0,7661.0,245.34660852264187,0.032806108763480606,nonsingular_isothermal,1.0,0.01,2.0,0.3,1.0,0.0,strict_pass,1.0,none,none,,,0.9881595881595882,1.0,0.9881595881595882,0.9671814671814671,0.9513227513227513,0.9380952380952381,0.032818532818532864,0.04867724867724865,0.06190476190476191,0.0,0.0,3839.0,3885.0,1.0,inverse_phase_volume,geometric_mean,3839.0,3839.0,3839.0,0.0,420.0,0.0,0.0,9.458527865600357e+44,2.436499032040241e+52,25759812.37948798,4.0909408491003383e-05,1053.8186872840872,0.0009489298416003713,24444.254680922986,25759812.379488163,0.0
28.108616395112573,593.7127228295126,531914.1776692282,1.5317619748141191,inf,-1000000.0,solver_failed_bh_down,39.0,inf,0.0,1.2519482687292838,2.7648860091300334,0.0,0.0,1000.0,light_constraint_failed,2.0,25.673232245242293,10.903827907547308,32.0,32.0,7674.0,286.8334686313878,0.024590023165105286,nonsingular_isothermal,1.0,0.01,2.0,0.3,1.0,0.0,strict_pass,1.0,none,none,,,0.9917631917631917,1.0,0.9917631917631917,0.9633204633204633,0.9661375661375662,0.9642857142857143,0.03667953667953672,0.033862433862433816,0.0357142857142857,0.0,0.0,3853.0,3885.0,1.0,inverse_phase_volume,geometric_mean,3853.0,3853.0,3853.0,0.0,420.0,0.0,0.0,5.3641121835410216e+42,1.779634546218585e+52,3317668395.674364,1.3524369719547007e-06,4486.937398995654,0.00022286916688961112,739405.9913599393,3317668395.674369,0.0
30.0,593.7127228295126,1063828.3553384563,1.5317619748141191,inf,-1000000.0,solver_failed_halo_up,39.0,inf,0.0,1.0915411569242404,2.2260447113594704,0.0,0.0,1000.0,light_constraint_failed,2.0,21.737822619321605,10.147402265847129,32.0,32.0,7650.0,260.745524950529,0.029617924088514345,nonsingular_isothermal,1.0,0.01,2.0,0.3,1.0,0.0,strict_pass,1.0,none,none,,,0.9891891891891892,1.0,0.9891891891891892,0.9646569646569647,0.9555555555555556,0.9452380952380952,0.03534303534303529,0.0444444444444444,0.05476190476190479,0.0,0.0,3843.0,3885.0,1.0,inverse_phase_volume,geometric_mean,3843.0,3843.0,3843.0,0.0,420.0,0.0,0.0,1.1087568122442593e+42,2.69740635576101e+52,24328205481.787567,1.0946902492261057e-07,2663.184932208203,0.00037549025901511136,9135004.177729296,24328205481.787647,0.0
14.054308197556287,593.7127228295126,1063828.3553384563,1.5317619748141191,inf,-1000000.0,solver_failed_halo_down,39.0,inf,0.0,0.7086706701904377,2.4452438140277923,0.0,0.0,1000.0,light_constraint_failed,2.0,11.771588809629021,19.323696149802018,32.0,32.0,7578.0,323.2405294761613,0.023147208152950953,nonsingular_isothermal,1.0,0.01,2.0,0.3,1.0,0.0,strict_pass,1.0,none,none,,,0.9783783783783784,1.0,0.9783783783783784,0.9501039501039501,0.9111111111111111,0.9071428571428571,0.0498960498960499,0.0888888888888889,0.09285714285714286,0.0,0.0,3801.0,3885.0,1.0,inverse_phase_volume,geometric_mean,3801.0,3801.0,3801.0,0.0,420.0,0.0,0.0,4.785732350576342e+44,2.9361061356170036e+51,6135123.990507766,0.00011771765847240026,722.2124306004226,0.001384634156973225,8494.90223452293,6135123.990507767,0.0
28.108616395112573,593.7127228295126,1063828.3553384563,1.6,25.033707718643196,-25.033707718643196,pass_ml_up,39.0,25.033707718643196,0.26814449712768607,0.9887377400359444,1.8385282353540127,1.0,1.0,31.0,none,0.0,16.429920036787735,8.603787681855461,32.0,32.0,7642.0,214.00578263249326,0.03819331611756441,nonsingular_isothermal,1.0,0.01,2.0,0.3,1.0,0.0,strict_pass,1.0,none,none,,,0.9881595881595882,1.0,0.9881595881595882,0.9625779625779626,0.9513227513227513,0.9357142857142857,0.037422037422037424,0.04867724867724865,0.06428571428571428,0.0,0.0,3839.0,3885.0,1.0,inverse_phase_volume,geometric_mean,3839.0,3839.0,3839.0,0.0,420.0,0.0,0.0,4.083998712594459e+42,2.2726192711014262e+52,5564691448.342033,4.3997292031397525e-07,2448.3135471732207,0.0004084444172416487,2272867.155747622,5564691448.3419695,0.0
28.108616395112573,593.7127228295126,1063828.3553384563,0.7658809874070596,24.75818529815293,-24.75818529815293,pass_ml_down,39.0,24.75818529815293,0.28361338892234755,0.9731493163583487,1.8218564899317131,1.0,1.0,31.0,none,0.0,16.214585221829623,8.543600076323303,32.0,32.0,7642.0,210.92591016263165,0.038660161861735244,nonsingular_isothermal,1.0,0.01,2.0,0.3,1.0,0.0,strict_pass,1.0,none,none,,,0.9876447876447877,1.0,0.9876447876447877,0.9667359667359667,0.9492063492063492,0.9357142857142857,0.033264033264033266,0.050793650793650835,0.06428571428571428,0.0,0.0,3837.0,3885.0,1.0,inverse_phase_volume,geometric_mean,3837.0,3837.0,3837.0,0.0,420.0,0.0,0.0,4.097723947228137e+42,2.262898940479092e+52,5522331346.917127,4.458312419156841e-07,2462.0278426659743,0.0004061692490516936,2243001.1761919563,5522331346.917125,0.0
11.404894226961755,2843.909115627244,670031.4603218333,0.29268624104751434,inf,-1000000.0,orbit_fail_full,40.0,inf,inf,inf,inf,0.0,0.0,0.0,incomplete_orbit_coverage,1.0,inf,inf,0.0,0.0,0.0,0.0,0.0,nonsingular_isothermal,1.0,0.01,2.0,0.3,1.0,0.0,severe_coverage_warn,0.0,none,theta,,third_integral coverage gap 0.121 exceeds 0.1,0.976061776061776,1.0,0.976061776061776,0.9563409563409564,0.9015873015873016,0.8785714285714286,0.043659043659043606,0.0984126984126984,0.12142857142857144,0.0,0.0,3792.0,3885.0,0.0,not_computed,not_computed,0.0,0.0,0.0,0.0,0.0,0.0,0.0,,,,,,,,,
11.404894226961755,2843.909115627244,0.0,0.29268624104751434,inf,-1000000.0,solver_failed_halo_only,40.0,inf,0.0,2.195579854761307,4.3239202722242105,0.0,0.0,1000.0,light_constraint_failed,2.0,1678.7747443395306,1744.4567175116545,32.0,32.0,6786.0,79.02271930903234,0.031222102195787717,nonsingular_isothermal,1.0,0.01,2.0,0.3,1.0,0.0,strict_pass,1.0,none,none,,,1.0,1.0,1.0,1.0,1.0,1.0,0.0,0.0,0.0,0.0,0.0,3885.0,3885.0,1.0,inverse_phase_volume,geometric_mean,3885.0,3885.0,3885.0,0.0,420.0,0.0,0.0,2.6615636400686575e+33,4.863671715300809e+48,1827373819690197.5,9.456994227095062e-09,17281463.6635548,5.7865469005899e-08,105741843.12547408,1827373819690192.2,0.0
11.404894226961755,2843.909115627244,1340062.9206436665,0.29268624104751434,inf,-1000000.0,orbit_fail_bh_up,40.0,inf,inf,inf,inf,0.0,0.0,0.0,incomplete_orbit_coverage,1.0,inf,inf,0.0,0.0,0.0,0.0,0.0,nonsingular_isothermal,1.0,0.01,2.0,0.3,1.0,0.0,severe_coverage_warn,0.0,none,multiple,,Lfrac coverage gap 0.101 exceeds 0.1 | third_integral coverage gap 0.105 exceeds 0.1,0.9755469755469756,1.0,0.9755469755469756,0.9555984555984556,0.8994708994708994,0.8952380952380953,0.044401544401544424,0.10052910052910058,0.10476190476190472,0.0,0.0,3790.0,3885.0,0.0,not_computed,not_computed,0.0,0.0,0.0,0.0,0.0,0.0,0.0,,,,,,,,,
11.404894226961755,2843.909115627244,335015.73016091663,0.29268624104751434,inf,-1000000.0,orbit_fail_bh_down,40.0,inf,inf,inf,inf,0.0,0.0,0.0,incomplete_orbit_coverage,1.0,inf,inf,0.0,0.0,0.0,0.0,0.0,nonsingular_isothermal,1.0,0.01,2.0,0.3,1.0,0.0,severe_coverage_warn,0.0,none,theta,,third_integral coverage gap 0.112 exceeds 0.1,0.9791505791505791,1.0,0.9791505791505791,0.9584199584199584,0.9142857142857143,0.888095238095238,0.04158004158004158,0.08571428571428574,0.11190476190476195,0.0,0.0,3804.0,3885.0,0.0,not_computed,not_computed,0.0,0.0,0.0,0.0,0.0,0.0,0.0,,,,,,,,,
22.80978845392351,2843.909115627244,670031.4603218333,0.29268624104751434,inf,-1000000.0,solver_failed_halo_up,40.0,inf,0.0,1.7104172260493744,8.202872850704777,0.0,0.0,1000.0,light_constraint_failed,2.0,90.35386486628295,44.86833020396246,32.0,32.0,7576.0,343.39883886843916,0.019739315143145957,nonsingular_isothermal,1.0,0.01,2.0,0.3,1.0,0.0,strict_pass,1.0,none,none,,,0.9791505791505791,1.0,0.9791505791505791,0.9584199584199584,0.9142857142857143,0.9023809523809524,0.04158004158004158,0.08571428571428574,0.0976190476190476,0.0,0.0,3804.0,3885.0,1.0,inverse_phase_volume,geometric_mean,3804.0,3804.0,3804.0,0.0,420.0,0.0,0.0,2.572680951730813e+42,1.2345925371272838e+51,479885598.0554804,3.292925603245596e-06,1580.2275724657213,0.0006328202452762178,303681.32186599454,479885598.0554819,0.0
5.702447113480877,2843.909115627244,670031.4603218333,0.29268624104751434,inf,-1000000.0,orbit_fail_halo_down,40.0,inf,inf,inf,inf,0.0,0.0,0.0,incomplete_orbit_coverage,1.0,inf,inf,0.0,0.0,0.0,0.0,0.0,nonsingular_isothermal,1.0,0.01,2.0,0.3,1.0,0.0,severe_coverage_warn,0.0,inner,multiple,1,Lfrac coverage gap 0.124 exceeds 0.1 | third_integral coverage gap 0.107 exceeds 0.1 | 1 planned shell-band/Lfrac/third-integral cells have no successful orbit,0.9698841698841699,1.0,0.9698841698841699,0.944015444015444,0.8761904761904762,0.8928571428571429,0.055984555984555984,0.12380952380952381,0.1071428571428571,1.0,0.0,3768.0,3885.0,0.0,not_computed,not_computed,0.0,0.0,0.0,0.0,0.0,0.0,0.0,,,,,,,,,
11.404894226961755,2843.909115627244,670031.4603218333,0.5853724820950287,inf,-1000000.0,orbit_fail_ml_up,40.0,inf,inf,inf,inf,0.0,0.0,0.0,incomplete_orbit_coverage,1.0,inf,inf,0.0,0.0,0.0,0.0,0.0,nonsingular_isothermal,1.0,0.01,2.0,0.3,1.0,0.0,severe_coverage_warn,0.0,none,multiple,,Lfrac coverage gap 0.11 exceeds 0.1 | third_integral coverage gap 0.133 exceeds 0.1,0.9732303732303732,1.0,0.9732303732303732,0.9584199584199584,0.8899470899470899,0.8666666666666667,0.04158004158004158,0.11005291005291007,0.1333333333333333,0.0,0.0,3781.0,3885.0,0.0,not_computed,not_computed,0.0,0.0,0.0,0.0,0.0,0.0,0.0,,,,,,,,,
11.404894226961755,2843.909115627244,670031.4603218333,0.2,inf,-1000000.0,orbit_fail_ml_down,40.0,inf,inf,inf,inf,0.0,0.0,0.0,incomplete_orbit_coverage,1.0,inf,inf,0.0,0.0,0.0,0.0,0.0,nonsingular_isothermal,1.0,0.01,2.0,0.3,1.0,0.0,severe_coverage_warn,0.0,none,multiple,,Lfrac coverage gap 0.109 exceeds 0.1 | third_integral coverage gap 0.129 exceeds 0.1,0.9734877734877735,1.0,0.9734877734877735,0.9604989604989606,0.891005291005291,0.8714285714285714,0.03950103950103945,0.10899470899470898,0.12857142857142856,0.0,0.0,3782.0,3885.0,0.0,not_computed,not_computed,0.0,0.0,0.0,0.0,0.0,0.0,0.0,,,,,,,,,
19.247687056023302,7259.633408398612,1788502.5440819291,1.418013930273731,inf,-1000000.0,orbit_fail_full,41.0,inf,inf,inf,inf,0.0,0.0,0.0,incomplete_orbit_coverage,1.0,inf,inf,0.0,0.0,0.0,0.0,0.0,nonsingular_isothermal,1.0,0.01,2.0,0.3,1.0,0.0,severe_coverage_warn,0.0,none,multiple,,Lfrac coverage gap 0.14 exceeds 0.1 | third_integral coverage gap 0.152 exceeds 0.1,0.9660231660231661,1.0,0.9660231660231661,0.9420849420849421,0.8603174603174604,0.8476190476190476,0.05791505791505791,0.13968253968253963,0.1523809523809524,0.0,0.0,3753.0,3885.0,0.0,not_computed,not_computed,0.0,0.0,0.0,0.0,0.0,0.0,0.0,,,,,,,,,
19.247687056023302,7259.633408398612,0.0,1.418013930273731,inf,-1000000.0,solver_failed_halo_only,41.0,inf,0.0,3.067722438061143,4.338414677501903,0.0,0.0,1000.0,light_constraint_failed,2.0,173.95818209667434,2215.3713436917724,32.0,32.0,7329.0,92.78576117675792,0.0369325582941616,nonsingular_isothermal,1.0,0.01,2.0,0.3,1.0,0.0,strict_pass,1.0,none,none,,,0.9997425997425997,1.0,0.9997425997425997,0.9980694980694981,0.9989417989417989,0.9976190476190476,0.0019305019305019266,0.0010582010582010914,0.0023809523809523725,0.0,0.0,3884.0,3885.0,1.0,inverse_phase_volume,geometric_mean,3884.0,3884.0,3884.0,0.0,420.0,0.0,0.0,3.960688923628092e+32,8.844549604028989e+47,2233083631300980.0,5.322151870880864e-10,1188481.0226161927,8.414101537765483e-07,1878939241.6088479,2233083631300977.0,0.0
19.247687056023302,7259.633408398612,2500000.0,1.418013930273731,inf,-1000000.0,orbit_fail_bh_up,41.0,inf,inf,inf,inf,0.0,0.0,0.0,incomplete_orbit_coverage,1.0,inf,inf,0.0,0.0,0.0,0.0,0.0,nonsingular_isothermal,1.0,0.01,2.0,0.3,1.0,0.0,severe_coverage_warn,0.0,none,multiple,,Lfrac coverage gap 0.146 exceeds 0.1 | third_integral coverage gap 0.148 exceeds 0.1,0.9644787644787645,1.0,0.9644787644787645,0.9362934362934363,0.8539682539682539,0.8523809523809524,0.06370656370656369,0.14603174603174607,0.14761904761904765,0.0,0.0,3747.0,3885.0,0.0,not_computed,not_computed,0.0,0.0,0.0,0.0,0.0,0.0,0.0,,,,,,,,,
19.247687056023302,7259.633408398612,894251.2720409646,1.418013930273731,inf,-1000000.0,orbit_fail_bh_down,41.0,inf,inf,inf,inf,0.0,0.0,0.0,incomplete_orbit_coverage,1.0,inf,inf,0.0,0.0,0.0,0.0,0.0,nonsingular_isothermal,1.0,0.01,2.0,0.3,1.0,0.0,severe_coverage_warn,0.0,none,multiple,,Lfrac coverage gap 0.121 exceeds 0.1 | third_integral coverage gap 0.136 exceeds 0.1,0.9706563706563707,1.0,0.9706563706563707,0.9420849420849421,0.8793650793650793,0.8642857142857143,0.05791505791505791,0.12063492063492065,0.13571428571428568,0.0,0.0,3771.0,3885.0,0.0,not_computed,not_computed,0.0,0.0,0.0,0.0,0.0,0.0,0.0,,,,,,,,,
30.0,7259.633408398612,1788502.5440819291,1.418013930273731,inf,-1000000.0,orbit_fail_halo_up,41.0,inf,inf,inf,inf,0.0,0.0,0.0,incomplete_orbit_coverage,1.0,inf,inf,0.0,0.0,0.0,0.0,0.0,nonsingular_isothermal,1.0,0.01,2.0,0.3,1.0,0.0,severe_coverage_warn,0.0,none,multiple,,Lfrac coverage gap 0.133 exceeds 0.1 | third_integral coverage gap 0.145 exceeds 0.1,0.9675675675675676,1.0,0.9675675675675676,0.9420849420849421,0.8666666666666667,0.8547619047619047,0.05791505791505791,0.1333333333333333,0.14523809523809528,0.0,0.0,3759.0,3885.0,0.0,not_computed,not_computed,0.0,0.0,0.0,0.0,0.0,0.0,0.0,,,,,,,,,
9.623843528011651,7259.633408398612,1788502.5440819291,1.418013930273731,inf,-1000000.0,orbit_fail_halo_down,41.0,inf,inf,inf,inf,0.0,0.0,0.0,incomplete_orbit_coverage,1.0,inf,inf,0.0,0.0,0.0,0.0,0.0,nonsingular_isothermal,1.0,0.01,2.0,0.3,1.0,0.0,severe_coverage_warn,0.0,inner,multiple,1,Lfrac coverage gap 0.199 exceeds 0.1 | third_integral coverage gap 0.171 exceeds 0.1 | 1 planned shell-band/Lfrac/third-integral cells have no successful orbit,0.9516087516087516,1.0,0.9516087516087516,0.9054054054054054,0.801058201058201,0.8285714285714286,0.06964656964656968,0.19894179894179898,0.17142857142857137,1.0,0.0,3697.0,3885.0,0.0,not_computed,not_computed,0.0,0.0,0.0,0.0,0.0,0.0,0.0,,,,,,,,,
19.247687056023302,7259.633408398612,1788502.5440819291,1.6,inf,-1000000.0,orbit_fail_ml_up,41.0,inf,inf,inf,inf,0.0,0.0,0.0,incomplete_orbit_coverage,1.0,inf,inf,0.0,0.0,0.0,0.0,0.0,nonsingular_isothermal,1.0,0.01,2.0,0.3,1.0,0.0,severe_coverage_warn,0.0,none,multiple,,Lfrac coverage gap 0.134 exceeds 0.1 | third_integral coverage gap 0.148 exceeds 0.1,0.9673101673101673,1.0,0.9673101673101673,0.944015444015444,0.8656084656084656,0.8523809523809524,0.055984555984555984,0.1343915343915344,0.14761904761904765,0.0,0.0,3758.0,3885.0,0.0,not_computed,not_computed,0.0,0.0,0.0,0.0,0.0,0.0,0.0,,,,,,,,,
19.247687056023302,7259.633408398612,1788502.5440819291,0.7090069651368655,inf,-1000000.0,orbit_fail_ml_down,41.0,inf,inf,inf,inf,0.0,0.0,0.0,incomplete_orbit_coverage,1.0,inf,inf,0.0,0.0,0.0,0.0,0.0,nonsingular_isothermal,1.0,0.01,2.0,0.3,1.0,0.0,severe_coverage_warn,0.0,none,multiple,,Lfrac coverage gap 0.124 exceeds 0.1 | third_integral coverage gap 0.14 exceeds 0.1,0.9698841698841699,1.0,0.9698841698841699,0.944015444015444,0.8761904761904762,0.8595238095238096,0.05390555390555396,0.12380952380952381,0.14047619047619042,0.0,0.0,3768.0,3885.0,0.0,not_computed,not_computed,0.0,0.0,0.0,0.0,0.0,0.0,0.0,,,,,,,,,
10.281249507145457,9735.02624479845,2148122.7998733376,0.4611721110927711,inf,-1000000.0,orbit_fail_full,42.0,inf,inf,inf,inf,0.0,0.0,0.0,incomplete_orbit_coverage,1.0,inf,inf,0.0,0.0,0.0,0.0,0.0,nonsingular_isothermal,1.0,0.01,2.0,0.3,1.0,0.0,severe_coverage_warn,0.0,none,multiple,,Lfrac coverage gap 0.152 exceeds 0.1 | third_integral coverage gap 0.136 exceeds 0.1,0.962934362934363,1.0,0.962934362934363,0.9111969111969112,0.8476190476190476,0.8642857142857143,0.07009207009207019,0.1523809523809524,0.13571428571428568,0.0,0.0,3741.0,3885.0,0.0,not_computed,not_computed,0.0,0.0,0.0,0.0,0.0,0.0,0.0,,,,,,,,,
10.281249507145457,9735.02624479845,0.0,0.4611721110927711,inf,-1000000.0,solver_failed_halo_only,42.0,inf,0.0,1.880697888998934,3.693220314668359,0.0,0.0,1000.0,light_constraint_failed,2.0,64.41580131870181,780.7329031168555,32.0,32.0,7346.0,171.46360556329748,0.0213497117289538,nonsingular_isothermal,1.0,0.01,2.0,0.3,1.0,0.0,strict_pass,1.0,none,none,,,0.9987129987129987,1.0,0.9987129987129987,0.9903474903474904,0.9957671957671957,0.9976190476190476,0.009652509652509633,0.004232804232804255,0.0023809523809523725,0.0,0.0,3880.0,3885.0,1.0,inverse_phase_volume,geometric_mean,3880.0,3880.0,3880.0,0.0,420.0,0.0,0.0,7.239559588265545e+29,1.5808818837437903e+46,2.183671346950731e+16,1.499055284936127e-11,327344.4073210083,3.0548864670822256e-06,66708680463.55,2.18367134695073e+16,0.0
10.281249507145457,9735.02624479845,2500000.0,0.4611721110927711,inf,-1000000.0,orbit_fail_bh_up,42.0,inf,inf,inf,inf,0.0,0.0,0.0,incomplete_orbit_coverage,1.0,inf,inf,0.0,0.0,0.0,0.0,0.0,nonsingular_isothermal,1.0,0.01,2.0,0.3,1.0,0.0,severe_coverage_warn,0.0,inner,multiple,1,Lfrac coverage gap 0.181 exceeds 0.1 | third_integral coverage gap 0.162 exceeds 0.1 | 1 planned shell-band/Lfrac/third-integral cells have no successful orbit,0.955984555984556,1.0,0.955984555984556,0.9034749034749034,0.819047619047619,0.8380952380952381,0.0715770715770716,0.18095238095238098,0.16190476190476188,1.0,0.0,3714.0,3885.0,0.0,not_computed,not_computed,0.0,0.0,0.0,0.0,0.0,0.0,0.0,,,,,,,,,
10.281249507145457,9735.02624479845,1074061.3999366688,0.4611721110927711,inf,-1000000.0,orbit_fail_bh_down,42.0,inf,inf,inf,inf,0.0,0.0,0.0,incomplete_orbit_coverage,1.0,inf,inf,0.0,0.0,0.0,0.0,0.0,nonsingular_isothermal,1.0,0.01,2.0,0.3,1.0,0.0,severe_coverage_warn,0.0,none,multiple,,Lfrac coverage gap 0.171 exceeds 0.1 | third_integral coverage gap 0.171 exceeds 0.1,0.9583011583011583,1.0,0.9583011583011583,0.918918918918919,0.8285714285714286,0.8285714285714286,0.06029106029106024,0.17142857142857137,0.17142857142857137,0.0,0.0,3723.0,3885.0,0.0,not_computed,not_computed,0.0,0.0,0.0,0.0,0.0,0.0,0.0,,,,,,,,,
20.562499014290914,9735.02624479845,2148122.7998733376,0.4611721110927711,inf,-1000000.0,orbit_fail_halo_up,42.0,inf,inf,inf,inf,0.0,0.0,0.0,incomplete_orbit_coverage,1.0,inf,inf,0.0,0.0,0.0,0.0,0.0,nonsingular_isothermal,1.0,0.01,2.0,0.3,1.0,0.0,severe_coverage_warn,0.0,none,multiple,,Lfrac coverage gap 0.124 exceeds 0.1 | third_integral coverage gap 0.136 exceeds 0.1,0.9698841698841699,1.0,0.9698841698841699,0.9459459459459459,0.8761904761904762,0.8642857142857143,0.05405405405405406,0.12380952380952381,0.13571428571428568,0.0,0.0,3768.0,3885.0,0.0,not_computed,not_computed,0.0,0.0,0.0,0.0,0.0,0.0,0.0,,,,,,,,,
5.1406247535727285,9735.02624479845,2148122.7998733376,0.4611721110927711,inf,-1000000.0,orbit_fail_halo_down,42.0,inf,inf,inf,inf,0.0,0.0,0.0,incomplete_orbit_coverage,1.0,inf,inf,0.0,0.0,0.0,0.0,0.0,nonsingular_isothermal,1.0,0.01,2.0,0.3,1.0,0.0,severe_coverage_warn,0.0,multiple,multiple,1;2;3;4,Lfrac minimum coverage 0.748 is below 0.8 | Lfrac coverage gap 0.252 exceeds 0.1 | third_integral coverage gap 0.167 exceeds 0.1 | 7 planned shell-band/Lfrac/third-integral cells have no successful orbit,0.9387387387387387,1.0,0.9387387387387387,0.9034749034749034,0.7481481481481481,0.8333333333333334,0.06534006534006542,0.2518518518518519,0.16666666666666663,7.0,0.0,3647.0,3885.0,0.0,not_computed,not_computed,0.0,0.0,0.0,0.0,0.0,0.0,0.0,,,,,,,,,
10.281249507145457,9735.02624479845,2148122.7998733376,0.9223442221855422,inf,-1000000.0,orbit_fail_ml_up,42.0,inf,inf,inf,inf,0.0,0.0,0.0,incomplete_orbit_coverage,1.0,inf,inf,0.0,0.0,0.0,0.0,0.0,nonsingular_isothermal,1.0,0.01,2.0,0.3,1.0,0.0,severe_coverage_warn,0.0,inner,multiple,1,Lfrac coverage gap 0.195 exceeds 0.1 | third_integral coverage gap 0.174 exceeds 0.1 | 1 planned shell-band/Lfrac/third-integral cells have no successful orbit,0.9526383526383526,1.0,0.9526383526383526,0.8996138996138996,0.8052910052910053,0.8261904761904761,0.07335907335907343,0.19470899470899472,0.17380952380952386,1.0,0.0,3701.0,3885.0,0.0,not_computed,not_computed,0.0,0.0,0.0,0.0,0.0,0.0,0.0,,,,,,,,,
10.281249507145457,9735.02624479845,2148122.7998733376,0.23058605554638556,inf,-1000000.0,orbit_fail_ml_down,42.0,inf,inf,inf,inf,0.0,0.0,0.0,incomplete_orbit_coverage,1.0,inf,inf,0.0,0.0,0.0,0.0,0.0,nonsingular_isothermal,1.0,0.01,2.0,0.3,1.0,0.0,severe_coverage_warn,0.0,inner,multiple,1,Lfrac coverage gap 0.174 exceeds 0.1 | third_integral coverage gap 0.167 exceeds 0.1 | 1 planned shell-band/Lfrac/third-integral cells have no successful orbit,0.9577863577863578,1.0,0.9577863577863578,0.9015444015444015,0.8264550264550264,0.8333333333333334,0.07766557766557769,0.17354497354497356,0.16666666666666663,1.0,0.0,3721.0,3885.0,0.0,not_computed,not_computed,0.0,0.0,0.0,0.0,0.0,0.0,0.0,,,,,,,,,
13.46493502687643,249.32742858984338,1080039.3317544821,0.6021864295148343,26.460419925770925,-26.460419925770925,pass_full,43.0,26.460419925770925,0.06899223137989097,0.9836768976246381,1.696920980739719,1.0,1.0,30.0,none,0.0,13.445426553081788,13.014993372689133,32.0,32.0,7657.0,381.3854168685178,0.01979843881141186,nonsingular_isothermal,1.0,0.01,2.0,0.3,1.0,0.0,strict_pass,1.0,none,none,,,0.9873873873873874,1.0,0.9873873873873874,0.9613899613899614,0.9481481481481482,0.9357142857142857,0.038610038610038644,0.051851851851851816,0.06428571428571428,0.0,0.0,3836.0,3885.0,1.0,inverse_phase_volume,geometric_mean,3836.0,3836.0,3836.0,0.0,420.0,0.0,0.0,5.881706981007857e+42,6.924336606815738e+51,1177266502.5943236,6.648276793031691e-07,782.6793568411413,0.0012776624185361872,1504149.1669662998,1177266502.594322,0.0
13.46493502687643,249.32742858984338,0.0,0.6021864295148343,inf,-1000000.0,solver_failed_halo_only,43.0,inf,0.0,1.4664506924306087,3.2573183139242987,0.0,0.0,1000.0,light_constraint_failed,2.0,31.776381674034102,17.758802620950178,32.0,32.0,5389.0,401.68713258649314,0.01595487684964305,nonsingular_isothermal,1.0,0.01,2.0,0.3,1.0,0.0,strict_pass,1.0,none,none,,,0.9984555984555985,1.0,0.9984555984555985,0.9884169884169884,0.9936507936507937,0.9976190476190476,0.01158301158301156,0.006349206349206327,0.0023809523809523725,0.0,0.0,3879.0,3885.0,1.0,inverse_phase_volume,geometric_mean,3879.0,3879.0,3879.0,0.0,420.0,0.0,0.0,7.075924116180267e+33,7.1910989210865e+51,1.0162769983136008e+18,4.777871574539114e-12,4855640.982100532,2.0594603342510791e-07,209298216663.86307,1.01627699831361e+18,0.0
13.46493502687643,249.32742858984338,2160078.6635089642,0.6021864295148343,26.60837308244807,-26.60837308244807,pass_bh_up,43.0,26.60837308244807,0.24977946383613414,1.028704240898976,1.463116288964515,1.0,1.0,26.0,none,0.0,14.20526807731036,12.403105005137714,32.0,32.0,7610.0,478.84096497238886,0.017907428250688483,nonsingular_isothermal,1.0,0.01,2.0,0.3,1.0,0.0,strict_pass,1.0,none,none,,,0.9822393822393822,1.0,0.9822393822393822,0.944015444015444,0.9291005291005291,0.9333333333333333,0.055984555984555984,0.0708994708994709,0.06666666666666665,0.0,0.0,3816.0,3885.0,1.0,inverse_phase_volume,geometric_mean,3816.0,3816.0,3816.0,0.0,420.0,0.0,0.0,1.2179020090600448e+41,1.2870317524388158e+52,105676133454.45782,5.437550699484714e-09,574.6193333841318,0.00174028255212134,183906331.22644067,105676133454.45868,0.0
13.46493502687643,249.32742858984338,540019.6658772411,0.6021864295148343,inf,-1000000.0,solver_failed_bh_down,43.0,inf,0.0,0.9666337911741776,2.210793410805834,0.0,0.0,1000.0,light_constraint_failed,2.0,18.230328110869696,13.654605342850383,32.0,32.0,7672.0,258.2364287042633,0.02217755098280649,nonsingular_isothermal,1.0,0.01,2.0,0.3,1.0,0.0,strict_pass,1.0,none,none,,,0.9897039897039897,1.0,0.9897039897039897,0.9633204633204633,0.9576719576719577,0.9666666666666667,0.03667953667953672,0.042328042328042326,0.033333333333333326,0.0,0.0,3845.0,3885.0,1.0,inverse_phase_volume,geometric_mean,3845.0,3845.0,3845.0,0.0,420.0,0.0,0.0,5.691961996527468e+42,8.647797008662493e+51,1519299850.1989844,1.4580655011585385e-06,2215.238697490475,0.0004514186218996835,685840.2446292212,1519299850.1989846,0.0
26.92987005375286,249.32742858984338,1080039.3317544821,0.6021864295148343,19.813486411854488,-19.813486411854488,pass_halo_up,43.0,19.813486411854488,0.28784944146460845,0.8302035926169237,1.8961108252032273,1.0,1.0,35.0,none,0.0,13.457384594307742,6.35610181754674,32.0,32.0,7574.0,135.94906184904784,0.03486449442132545,nonsingular_isothermal,1.0,0.01,2.0,0.3,1.0,0.0,strict_pass,1.0,none,none,,,0.9940797940797941,1.0,0.9940797940797941,0.9633204633204633,0.9777777777777777,0.9738095238095238,0.03667953667953672,0.022222222222222254,0.02619047619047621,0.0,0.0,3862.0,3885.0,1.0,inverse_phase_volume,geometric_mean,3862.0,3862.0,3862.0,0.0,420.0,0.0,0.0,1.3158921252116404e+44,9.522862426299363e+52,723681086.302402,4.607593963303775e-06,3334.4286046040265,0.00029990145796471567,217033.01288357706,723681086.3023936,0.0
6.732467513438215,249.32742858984338,1080039.3317544821,0.6021864295148343,inf,-1000000.0,orbit_fail_halo_down,43.0,inf,inf,inf,inf,0.0,0.0,0.0,incomplete_orbit_coverage,1.0,inf,inf,0.0,0.0,0.0,0.0,0.0,nonsingular_isothermal,1.0,0.01,2.0,0.3,1.0,0.0,severe_coverage_warn,0.0,inner,multiple,1,Lfrac coverage gap 0.107 exceeds 0.1 | 1 planned shell-band/Lfrac/third-integral cells have no successful orbit,0.974002574002574,1.0,0.974002574002574,0.9266409266409267,0.8931216931216931,0.9095238095238095,0.07335907335907332,0.1068783068783069,0.09047619047619049,1.0,0.0,3784.0,3885.0,0.0,not_computed,not_computed,0.0,0.0,0.0,0.0,0.0,0.0,0.0,,,,,,,,,
13.46493502687643,249.32742858984338,1080039.3317544821,1.2043728590296685,28.376265535671937,-28.376265535671937,pass_ml_up,43.0,28.376265535671937,0.060787725959187355,1.022569540819607,1.7616717266870034,1.0,1.0,30.0,none,0.0,14.429813100600473,13.946452435071457,32.0,32.0,7669.0,413.6475699270321,0.018934628971180815,nonsingular_isothermal,1.0,0.01,2.0,0.3,1.0,0.0,strict_pass,1.0,none,none,,,0.9886743886743887,1.0,0.9886743886743887,0.9652509652509652,0.9534391534391534,0.95,0.03474903474903479,0.04656084656084658,0.050000000000000044,0.0,0.0,3841.0,3885.0,1.0,inverse_phase_volume,geometric_mean,3841.0,3841.0,3841.0,0.0,420.0,0.0,0.0,5.900235597696488e+42,6.925021819933639e+51,1173685644.4575262,6.672291759429672e-07,783.1173053674923,0.0012769479018609241,1498735.4211343378,1173685644.4575365,0.0
13.46493502687643,249.32742858984338,1080039.3317544821,0.3010932147574171,27.93169467444774,-27.93169467444774,pass_ml_down,43.0,27.93169467444774,0.17961573471841064,1.0172236041662372,1.7508907301515182,1.0,1.0,29.0,none,0.0,14.276674818307473,13.655019856140253,32.0,32.0,7668.0,417.163147391004,0.017433605402546782,nonsingular_isothermal,1.0,0.01,2.0,0.3,1.0,0.0,strict_pass,1.0,none,none,,,0.9886743886743887,1.0,0.9886743886743887,0.9671814671814671,0.9534391534391534,0.95,0.032818532818532864,0.04656084656084658,0.050000000000000044,0.0,0.0,3841.0,3885.0,1.0,inverse_phase_volume,geometric_mean,3841.0,3841.0,3841.0,0.0,420.0,0.0,0.0,5.871463278002115e+42,6.924088762919003e+51,1179278219.9389086,6.60896804479947e-07,779.3812071504263,0.0012830691718321002,1513095.5290166517,1179278219.938911,0.0
6.071317242622446,534.3795442415477,782197.4193317796,0.5153326180018677,inf,-1000000.0,orbit_fail_full,44.0,inf,inf,inf,inf,0.0,0.0,0.0,incomplete_orbit_coverage,1.0,inf,inf,0.0,0.0,0.0,0.0,0.0,nonsingular_isothermal,1.0,0.01,2.0,0.3,1.0,0.0,severe_coverage_warn,0.0,inner,multiple,1,Lfrac coverage gap 0.127 exceeds 0.1 | 1 planned shell-band/Lfrac/third-integral cells have no successful orbit,0.9691119691119691,1.0,0.9691119691119691,0.9401544401544402,0.873015873015873,0.9047619047619048,0.05984555984555984,0.12698412698412698,0.09523809523809523,1.0,0.0,3765.0,3885.0,0.0,not_computed,not_computed,0.0,0.0,0.0,0.0,0.0,0.0,0.0,,,,,,,,,
6.071317242622446,534.3795442415477,0.0,0.5153326180018677,160.61919458128145,-160.61919458128145,pass_halo_only,44.0,160.61919458128145,0.030826045783328482,1.3177446744645434,1.8635723903719583,1.0,1.0,1.0,none,0.0,46.83543418110563,113.7837604001758,32.0,32.0,6795.0,286.1759731152269,0.014985856207141837,nonsingular_isothermal,1.0,0.01,2.0,0.3,1.0,0.0,strict_pass,1.0,none,none,,,1.0,1.0,1.0,1.0,1.0,1.0,0.0,0.0,0.0,0.0,0.0,3885.0,3885.0,1.0,inverse_phase_volume,geometric_mean,3885.0,3885.0,3885.0,0.0,420.0,0.0,0.0,2.2070185362400512e+33,8.122945519390542e+49,3.680506251310901e+16,1.0105933426778446e-10,3719495.1152589484,2.6885369358265197e-07,9895176999.189657,3.680506251310862e+16,0.0
6.071317242622446,534.3795442415477,1564394.8386635592,0.5153326180018677,inf,-1000000.0,orbit_fail_bh_up,44.0,inf,inf,inf,inf,0.0,0.0,0.0,incomplete_orbit_coverage,1.0,inf,inf,0.0,0.0,0.0,0.0,0.0,nonsingular_isothermal,1.0,0.01,2.0,0.3,1.0,0.0,severe_coverage_warn,0.0,inner,multiple,1;2,Lfrac coverage gap 0.158 exceeds 0.1 | third_integral coverage gap 0.107 exceeds 0.1 | 4 planned shell-band/Lfrac/third-integral cells have no successful orbit,0.9616473616473616,1.0,0.9616473616473616,0.9247104247104247,0.8423280423280424,0.8928571428571429,0.07528957528957525,0.15767195767195763,0.1071428571428571,4.0,0.0,3736.0,3885.0,0.0,not_computed,not_computed,0.0,0.0,0.0,0.0,0.0,0.0,0.0,,,,,,,,,
6.071317242622446,534.3795442415477,391098.7096658898,0.5153326180018677,inf,-1000000.0,orbit_fail_bh_down,44.0,inf,inf,inf,inf,0.0,0.0,0.0,incomplete_orbit_coverage,1.0,inf,inf,0.0,0.0,0.0,0.0,0.0,nonsingular_isothermal,1.0,0.01,2.0,0.3,1.0,0.0,severe_coverage_warn,0.0,none,lfrac,,Lfrac coverage gap 0.115 exceeds 0.1,0.971943371943372,1.0,0.971943371943372,0.9397089397089398,0.8846560846560847,0.9,0.06029106029106024,0.1153439153439153,0.09999999999999998,0.0,0.0,3776.0,3885.0,0.0,not_computed,not_computed,0.0,0.0,0.0,0.0,0.0,0.0,0.0,,,,,,,,,
12.142634485244892,534.3795442415477,782197.4193317796,0.5153326180018677,36.69309626330882,-36.69309626330882,pass_halo_up,44.0,36.69309626330882,0.2967164473895565,0.7442868154212989,1.6734811951107298,1.0,1.0,32.0,none,0.0,10.238328368765085,26.45476789454374,32.0,32.0,7631.0,317.5254391795168,0.023930512698539432,nonsingular_isothermal,1.0,0.01,2.0,0.3,1.0,0.0,strict_pass,1.0,none,none,,,0.9842985842985843,1.0,0.9842985842985843,0.9604989604989606,0.9354497354497354,0.9404761904761905,0.03950103950103945,0.06455026455026458,0.059523809523809534,0.0,0.0,3824.0,3885.0,1.0,inverse_phase_volume,geometric_mean,3824.0,3824.0,3824.0,0.0,420.0,0.0,0.0,4.7005590201559025e+42,1.635489990047668e+51,347935210.0536808,1.9316117272481287e-06,672.0757320622354,0.0014879275538361475,517702.3859886429,347935210.05368316,0.0
3.035658621311223,534.3795442415477,782197.4193317796,0.5153326180018677,inf,-1000000.0,orbit_fail_halo_down,44.0,inf,inf,inf,inf,0.0,0.0,0.0,incomplete_orbit_coverage,1.0,inf,inf,0.0,0.0,0.0,0.0,0.0,nonsingular_isothermal,1.0,0.01,2.0,0.3,1.0,0.0,severe_coverage_warn,0.0,multiple,multiple,1;2;3;4,Lfrac minimum coverage 0.767 is below 0.8 | Lfrac coverage gap 0.233 exceeds 0.1 | third_integral coverage gap 0.155 exceeds 0.1 | 7 planned shell-band/Lfrac/third-integral cells have no successful orbit,0.9433719433719434,1.0,0.9433719433719434,0.9106029106029107,0.7671957671957672,0.8452380952380952,0.08939708939708935,0.2328042328042328,0.15476190476190477,7.0,0.0,3665.0,3885.0,0.0,not_computed,not_computed,0.0,0.0,0.0,0.0,0.0,0.0,0.0,,,,,,,,,
6.071317242622446,534.3795442415477,782197.4193317796,1.0306652360037354,inf,-1000000.0,orbit_fail_ml_up,44.0,inf,inf,inf,inf,0.0,0.0,0.0,incomplete_orbit_coverage,1.0,inf,inf,0.0,0.0,0.0,0.0,0.0,nonsingular_isothermal,1.0,0.01,2.0,0.3,1.0,0.0,severe_coverage_warn,0.0,multiple,multiple,1;5,Lfrac coverage gap 0.162 exceeds 0.1 | third_integral coverage gap 0.133 exceeds 0.1 | 2 planned shell-band/Lfrac/third-integral cells have no successful orbit,0.9606177606177606,1.0,0.9606177606177606,0.9272349272349273,0.8380952380952381,0.8666666666666667,0.07276507276507271,0.16190476190476188,0.1333333333333333,2.0,0.0,3732.0,3885.0,0.0,not_computed,not_computed,0.0,0.0,0.0,0.0,0.0,0.0,0.0,,,,,,,,,
6.071317242622446,534.3795442415477,782197.4193317796,0.25766630900093385,inf,-1000000.0,orbit_fail_ml_down,44.0,inf,inf,inf,inf,0.0,0.0,0.0,incomplete_orbit_coverage,1.0,inf,inf,0.0,0.0,0.0,0.0,0.0,nonsingular_isothermal,1.0,0.01,2.0,0.3,1.0,0.0,severe_coverage_warn,0.0,inner,multiple,1,Lfrac coverage gap 0.102 exceeds 0.1 | 1 planned shell-band/Lfrac/third-integral cells have no successful orbit,0.9752895752895753,1.0,0.9752895752895753,0.9324324324324325,0.8984126984126984,0.9238095238095239,0.06756756756756754,0.10158730158730156,0.07619047619047614,1.0,0.0,3789.0,3885.0,0.0,not_computed,not_computed,0.0,0.0,0.0,0.0,0.0,0.0,0.0,,,,,,,,,
12.644162666410944,2453.2599224808187,1918013.7719092676,0.7010446833671842,inf,-1000000.0,orbit_fail_full,45.0,inf,inf,inf,inf,0.0,0.0,0.0,incomplete_orbit_coverage,1.0,inf,inf,0.0,0.0,0.0,0.0,0.0,nonsingular_isothermal,1.0,0.01,2.0,0.3,1.0,0.0,severe_coverage_warn,0.0,none,multiple,,Lfrac coverage gap 0.113 exceeds 0.1 | third_integral coverage gap 0.114 exceeds 0.1,0.9724581724581725,1.0,0.9724581724581725,0.9498069498069498,0.8867724867724868,0.8857142857142857,0.050193050193050204,0.11322751322751323,0.11428571428571432,0.0,0.0,3778.0,3885.0,0.0,not_computed,not_computed,0.0,0.0,0.0,0.0,0.0,0.0,0.0,,,,,,,,,
12.644162666410944,2453.2599224808187,0.0,0.7010446833671842,inf,-1000000.0,solver_failed_halo_only,45.0,inf,0.0,2.200306954717925,3.8110434378186318,0.0,0.0,1000.0,light_constraint_failed,2.0,758.9984404744013,1425.9623606502055,32.0,32.0,6922.0,79.70374394244323,0.0313328311526548,nonsingular_isothermal,1.0,0.01,2.0,0.3,1.0,0.0,strict_pass,1.0,none,none,,,0.9974259974259975,1.0,0.9974259974259975,0.9806949806949807,0.9915343915343915,0.9952380952380953,0.019305019305019266,0.00846560846560851,0.004761904761904745,0.0,0.0,3875.0,3885.0,1.0,inverse_phase_volume,geometric_mean,3875.0,3875.0,3875.0,0.0,420.0,0.0,0.0,4.9034655424613004e+33,1.3077753895259982e+49,2667043090649636.5,4.018759097397117e-09,10718203.683698421,9.329921594239943e-08,248833029.24220645,2667043090649654.0,0.0
12.644162666410944,2453.2599224808187,2500000.0,0.7010446833671842,inf,-1000000.0,orbit_fail_bh_up,45.0,inf,inf,inf,inf,0.0,0.0,0.0,incomplete_orbit_coverage,1.0,inf,inf,0.0,0.0,0.0,0.0,0.0,nonsingular_isothermal,1.0,0.01,2.0,0.3,1.0,0.0,severe_coverage_warn,0.0,none,lfrac,,Lfrac coverage gap 0.115 exceeds 0.1,0.971943371943372,1.0,0.971943371943372,0.9401544401544402,0.8846560846560847,0.9,0.05984555984555984,0.1153439153439153,0.09999999999999998,0.0,0.0,3776.0,3885.0,0.0,not_computed,not_computed,0.0,0.0,0.0,0.0,0.0,0.0,0.0,,,,,,,,,
12.644162666410944,2453.2599224808187,959006.8859546338,0.7010446833671842,inf,-1000000.0,orbit_fail_bh_down,45.0,inf,inf,inf,inf,0.0,0.0,0.0,incomplete_orbit_coverage,1.0,inf,inf,0.0,0.0,0.0,0.0,0.0,nonsingular_isothermal,1.0,0.01,2.0,0.3,1.0,0.0,severe_coverage_warn,0.0,none,multiple,,Lfrac coverage gap 0.102 exceeds 0.1 | third_integral coverage gap 0.114 exceeds 0.1,0.9752895752895753,1.0,0.9752895752895753,0.9575289575289575,0.8984126984126984,0.8857142857142857,0.0424710424710425,0.10158730158730156,0.11428571428571432,0.0,0.0,3789.0,3885.0,0.0,not_computed,not_computed,0.0,0.0,0.0,0.0,0.0,0.0,0.0,,,,,,,,,
25.288325332821888,2453.2599224808187,1918013.7719092676,0.7010446833671842,inf,-1000000.0,orbit_fail_halo_up,45.0,inf,inf,inf,inf,0.0,0.0,0.0,incomplete_orbit_coverage,1.0,inf,inf,0.0,0.0,0.0,0.0,0.0,nonsingular_isothermal,1.0,0.01,2.0,0.3,1.0,0.0,severe_coverage_warn,0.0,none,theta,,third_integral coverage gap 0.112 exceeds 0.1,0.9794079794079794,1.0,0.9794079794079794,0.9667359667359667,0.9153439153439153,0.888095238095238,0.033264033264033266,0.08465608465608465,0.11190476190476195,0.0,0.0,3805.0,3885.0,0.0,not_computed,not_computed,0.0,0.0,0.0,0.0,0.0,0.0,0.0,,,,,,,,,
6.322081333205472,2453.2599224808187,1918013.7719092676,0.7010446833671842,inf,-1000000.0,orbit_fail_halo_down,45.0,inf,inf,inf,inf,0.0,0.0,0.0,incomplete_orbit_coverage,1.0,inf,inf,0.0,0.0,0.0,0.0,0.0,nonsingular_isothermal,1.0,0.01,2.0,0.3,1.0,0.0,severe_coverage_warn,0.0,multiple,multiple,1;2;7,Lfrac minimum coverage 0.784 is below 0.8 | Lfrac coverage gap 0.216 exceeds 0.1 | third_integral coverage gap 0.145 exceeds 0.1 | 5 planned shell-band/Lfrac/third-integral cells have no successful orbit,0.9474903474903474,1.0,0.9474903474903474,0.918918918918919,0.7841269841269841,0.8547619047619047,0.06652806652806653,0.21587301587301588,0.14523809523809528,5.0,0.0,3681.0,3885.0,0.0,not_computed,not_computed,0.0,0.0,0.0,0.0,0.0,0.0,0.0,,,,,,,,,
12.644162666410944,2453.2599224808187,1918013.7719092676,1.4020893667343683,inf,-1000000.0,orbit_fail_ml_up,45.0,inf,inf,inf,inf,0.0,0.0,0.0,incomplete_orbit_coverage,1.0,inf,inf,0.0,0.0,0.0,0.0,0.0,nonsingular_isothermal,1.0,0.01,2.0,0.3,1.0,0.0,severe_coverage_warn,0.0,middle,multiple,4,Lfrac coverage gap 0.149 exceeds 0.1 | third_integral coverage gap 0.138 exceeds 0.1 | 1 planned shell-band/Lfrac/third-integral cells have no successful orbit,0.9637065637065637,1.0,0.9637065637065637,0.9382239382239382,0.8507936507936508,0.861904761904762,0.061776061776061764,0.14920634920634923,0.13809523809523805,1.0,0.0,3744.0,3885.0,0.0,not_computed,not_computed,0.0,0.0,0.0,0.0,0.0,0.0,0.0,,,,,,,,,
12.644162666410944,2453.2599224808187,1918013.7719092676,0.3505223416835921,inf,-1000000.0,orbit_fail_ml_down,45.0,inf,inf,inf,inf,0.0,0.0,0.0,incomplete_orbit_coverage,1.0,inf,inf,0.0,0.0,0.0,0.0,0.0,nonsingular_isothermal,1.0,0.01,2.0,0.3,1.0,0.0,severe_coverage_warn,0.0,none,multiple,,Lfrac coverage gap 0.104 exceeds 0.1 | third_integral coverage gap 0.126 exceeds 0.1,0.9747747747747748,1.0,0.9747747747747748,0.9555984555984556,0.8962962962962963,0.8738095238095238,0.044401544401544424,0.10370370370370374,0.1261904761904762,0.0,0.0,3787.0,3885.0,0.0,not_computed,not_computed,0.0,0.0,0.0,0.0,0.0,0.0,0.0,,,,,,,,,
11.207987544760941,7028.422364858657,767294.843894174,0.6450099613784495,inf,-1000000.0,orbit_fail_full,46.0,inf,inf,inf,inf,0.0,0.0,0.0,incomplete_orbit_coverage,1.0,inf,inf,0.0,0.0,0.0,0.0,0.0,nonsingular_isothermal,1.0,0.01,2.0,0.3,1.0,0.0,severe_coverage_warn,0.0,none,multiple,,Lfrac coverage gap 0.14 exceeds 0.1 | third_integral coverage gap 0.138 exceeds 0.1,0.9660231660231661,1.0,0.9660231660231661,0.9517374517374517,0.8603174603174604,0.861904761904762,0.04826254826254828,0.13968253968253963,0.13809523809523805,0.0,0.0,3753.0,3885.0,0.0,not_computed,not_computed,0.0,0.0,0.0,0.0,0.0,0.0,0.0,,,,,,,,,
11.207987544760941,7028.422364858657,0.0,0.6450099613784495,inf,-1000000.0,solver_failed_halo_only,46.0,inf,0.0,2.6411688482805666,3.735176805755341,0.0,0.0,1000.0,light_constraint_failed,2.0,105.8100268561177,1606.217515408792,32.0,32.0,7359.0,127.49272887039102,0.025634811171953063,nonsingular_isothermal,1.0,0.01,2.0,0.3,1.0,0.0,strict_pass,1.0,none,none,,,0.9997425997425997,1.0,0.9997425997425997,0.9980694980694981,0.9989417989417989,0.9976190476190476,0.0019305019305019266,0.0010582010582010914,0.0023809523809523725,0.0,0.0,3884.0,3885.0,1.0,inverse_phase_volume,geometric_mean,3884.0,3884.0,3884.0,0.0,420.0,0.0,0.0,1.8748476542089788e+31,9.891564602865036e+46,5275929796567075.0,1.3780001515172686e-10,727023.2059063903,1.375471913242832e-06,7256893251.418981,5275929796567076.0,0.0
11.207987544760941,7028.422364858657,1534589.687788348,0.6450099613784495,inf,-1000000.0,orbit_fail_bh_up,46.0,inf,inf,inf,inf,0.0,0.0,0.0,incomplete_orbit_coverage,1.0,inf,inf,0.0,0.0,0.0,0.0,0.0,nonsingular_isothermal,1.0,0.01,2.0,0.3,1.0,0.0,severe_coverage_warn,0.0,none,multiple,,Lfrac coverage gap 0.143 exceeds 0.1 | third_integral coverage gap 0.145 exceeds 0.1,0.9652509652509652,1.0,0.9652509652509652,0.9324324324324325,0.8571428571428571,0.8547619047619047,0.06548856548856552,0.1428571428571429,0.14523809523809528,0.0,0.0,3750.0,3885.0,0.0,not_computed,not_computed,0.0,0.0,0.0,0.0,0.0,0.0,0.0,,,,,,,,,
11.207987544760941,7028.422364858657,383647.421947087,0.6450099613784495,inf,-1000000.0,orbit_fail_bh_down,46.0,inf,inf,inf,inf,0.0,0.0,0.0,incomplete_orbit_coverage,1.0,inf,inf,0.0,0.0,0.0,0.0,0.0,nonsingular_isothermal,1.0,0.01,2.0,0.3,1.0,0.0,severe_coverage_warn,0.0,none,multiple,,Lfrac coverage gap 0.117 exceeds 0.1 | third_integral coverage gap 0.136 exceeds 0.1,0.9714285714285714,1.0,0.9714285714285714,0.9536679536679536,0.8825396825396825,0.8642857142857143,0.04633204633204635,0.11746031746031749,0.13571428571428568,0.0,0.0,3774.0,3885.0,0.0,not_computed,not_computed,0.0,0.0,0.0,0.0,0.0,0.0,0.0,,,,,,,,,
22.415975089521883,7028.422364858657,767294.843894174,0.6450099613784495,inf,-1000000.0,orbit_fail_halo_up,46.0,inf,inf,inf,inf,0.0,0.0,0.0,incomplete_orbit_coverage,1.0,inf,inf,0.0,0.0,0.0,0.0,0.0,nonsingular_isothermal,1.0,0.01,2.0,0.3,1.0,0.0,severe_coverage_warn,0.0,inner,multiple,1,Lfrac coverage gap 0.111 exceeds 0.1 | third_integral coverage gap 0.138 exceeds 0.1 | 1 planned shell-band/Lfrac/third-integral cells have no successful orbit,0.972972972972973,1.0,0.972972972972973,0.9459459459459459,0.8888888888888888,0.861904761904762,0.05405405405405406,0.11111111111111116,0.13809523809523805,1.0,0.0,3780.0,3885.0,0.0,not_computed,not_computed,0.0,0.0,0.0,0.0,0.0,0.0,0.0,,,,,,,,,
5.603993772380471,7028.422364858657,767294.843894174,0.6450099613784495,inf,-1000000.0,orbit_fail_halo_down,46.0,inf,inf,inf,inf,0.0,0.0,0.0,incomplete_orbit_coverage,1.0,inf,inf,0.0,0.0,0.0,0.0,0.0,nonsingular_isothermal,1.0,0.01,2.0,0.3,1.0,0.0,severe_coverage_warn,0.0,inner,multiple,1,Lfrac minimum coverage 0.799 is below 0.8 | Lfrac coverage gap 0.201 exceeds 0.1 | third_integral coverage gap 0.167 exceeds 0.1 | 2 planned shell-band/Lfrac/third-integral cells have no successful orbit,0.9510939510939511,1.0,0.9510939510939511,0.9054054054054054,0.798941798941799,0.8333333333333334,0.07380457380457384,0.20105820105820105,0.16666666666666663,2.0,0.0,3695.0,3885.0,0.0,not_computed,not_computed,0.0,0.0,0.0,0.0,0.0,0.0,0.0,,,,,,,,,
11.207987544760941,7028.422364858657,767294.843894174,1.290019922756899,inf,-1000000.0,orbit_fail_ml_up,46.0,inf,inf,inf,inf,0.0,0.0,0.0,incomplete_orbit_coverage,1.0,inf,inf,0.0,0.0,0.0,0.0,0.0,nonsingular_isothermal,1.0,0.01,2.0,0.3,1.0,0.0,severe_coverage_warn,0.0,none,multiple,,Lfrac coverage gap 0.154 exceeds 0.1 | third_integral coverage gap 0.15 exceeds 0.1,0.9624195624195624,1.0,0.9624195624195624,0.9401544401544402,0.8455026455026455,0.85,0.05776655776655781,0.15449735449735447,0.15000000000000002,0.0,0.0,3739.0,3885.0,0.0,not_computed,not_computed,0.0,0.0,0.0,0.0,0.0,0.0,0.0,,,,,,,,,
11.207987544760941,7028.422364858657,767294.843894174,0.32250498068922473,inf,-1000000.0,orbit_fail_ml_down,46.0,inf,inf,inf,inf,0.0,0.0,0.0,incomplete_orbit_coverage,1.0,inf,inf,0.0,0.0,0.0,0.0,0.0,nonsingular_isothermal,1.0,0.01,2.0,0.3,1.0,0.0,severe_coverage_warn,0.0,none,multiple,,Lfrac coverage gap 0.133 exceeds 0.1 | third_integral coverage gap 0.148 exceeds 0.1,0.9675675675675676,1.0,0.9675675675675676,0.9459459459459459,0.8666666666666667,0.8523809523809524,0.05197505197505203,0.1333333333333333,0.14761904761904765,0.0,0.0,3759.0,3885.0,0.0,not_computed,not_computed,0.0,0.0,0.0,0.0,0.0,0.0,0.0,,,,,,,,,
10.765309548161191,843.703372135153,2154260.688922485,0.34518967453941984,inf,-1000000.0,solver_failed_full,47.0,inf,0.0,2.0085419899441472,9.632628991271508,0.0,0.0,1000.0,light_constraint_failed,2.0,80.33049745663965,12.22344807744652,32.0,32.0,7563.0,421.7951630310543,0.01122235774341054,nonsingular_isothermal,1.0,0.01,2.0,0.3,1.0,0.0,strict_pass,1.0,none,none,,,0.9763191763191763,1.0,0.9763191763191763,0.9285714285714286,0.9026455026455027,0.9166666666666666,0.0714285714285714,0.0973544973544973,0.08333333333333337,0.0,0.0,3793.0,3885.0,1.0,inverse_phase_volume,geometric_mean,3793.0,3793.0,3793.0,0.0,420.0,0.0,0.0,4.4437537802957523e+42,1.260881953557994e+52,2837425329.7942095,6.230394649896601e-07,1767.8279594231033,0.0005656659035567753,1605034.762952931,2837425329.7942243,0.0
10.765309548161191,843.703372135153,0.0,0.34518967453941984,345.8599945977338,-345.8599945977338,pass_halo_only,47.0,345.8599945977338,0.046992886869475115,0.9119408728883452,1.5795279253402248,1.0,1.0,24.0,none,0.0,181.64437375824608,164.21562083948777,32.0,32.0,6406.0,142.4708523561756,0.03678676905056928,nonsingular_isothermal,1.0,0.01,2.0,0.3,1.0,0.0,strict_pass,1.0,none,none,,,0.998970398970399,1.0,0.998970398970399,0.9922779922779923,0.9957671957671957,0.9976190476190476,0.007722007722007707,0.004232804232804255,0.0023809523809523725,0.0,0.0,3881.0,3885.0,1.0,inverse_phase_volume,geometric_mean,3881.0,3881.0,3881.0,0.0,420.0,0.0,0.0,7.922858354857912e+32,2.6012748456211026e+50,3.283252999248847e+17,6.37219194447747e-11,20921518.31349479,4.779767820937644e-08,15693187033.806492,3.283252999248815e+17,0.0
10.765309548161191,843.703372135153,2500000.0,0.34518967453941984,inf,-1000000.0,orbit_fail_bh_up,47.0,inf,inf,inf,inf,0.0,0.0,0.0,incomplete_orbit_coverage,1.0,inf,inf,0.0,0.0,0.0,0.0,0.0,nonsingular_isothermal,1.0,0.01,2.0,0.3,1.0,0.0,severe_coverage_warn,0.0,inner,multiple,1,Lfrac coverage gap 0.127 exceeds 0.1 | third_integral coverage gap 0.11 exceeds 0.1 | 2 planned shell-band/Lfrac/third-integral cells have no successful orbit,0.9691119691119691,1.0,0.9691119691119691,0.9208494208494209,0.873015873015873,0.8904761904761904,0.0791505791505791,0.12698412698412698,0.10952380952380958,2.0,0.0,3765.0,3885.0,0.0,not_computed,not_computed,0.0,0.0,0.0,0.0,0.0,0.0,0.0,,,,,,,,,
10.765309548161191,843.703372135153,1077130.3444612424,0.34518967453941984,inf,-1000000.0,solver_failed_bh_down,47.0,inf,0.0,1.6845445405234873,8.07879180986697,0.0,0.0,1000.0,light_constraint_failed,2.0,70.9331330697194,29.762602611731392,32.0,32.0,7592.0,546.3938506075493,0.0108179807084926,nonsingular_isothermal,1.0,0.01,2.0,0.3,1.0,0.0,strict_pass,1.0,none,none,,,0.9788931788931788,1.0,0.9788931788931788,0.9575289575289575,0.9132275132275133,0.9119047619047619,0.0424710424710425,0.08677248677248672,0.08809523809523812,0.0,0.0,3803.0,3885.0,1.0,inverse_phase_volume,geometric_mean,3803.0,3803.0,3803.0,0.0,420.0,0.0,0.0,2.806008855361975e+43,3.19659673818543e+51,113919695.30235389,1.1948253060914258e-05,1361.1413480947867,0.0007346775567428889,83694.24340962878,113919695.30235533,0.0
21.530619096322383,843.703372135153,2154260.688922485,0.34518967453941984,inf,-1000000.0,solver_failed_halo_up,47.0,inf,0.0,0.825219734797222,3.957614817800323,0.0,0.0,1000.0,light_constraint_failed,2.0,18.264794295561206,7.875375330542595,32.0,32.0,7602.0,299.0358887153599,0.026679649606331488,nonsingular_isothermal,1.0,0.01,2.0,0.3,1.0,0.0,strict_pass,1.0,none,none,,,0.9824967824967825,1.0,0.9824967824967825,0.9613899613899614,0.928042328042328,0.9142857142857143,0.038610038610038644,0.071957671957672,0.08571428571428574,0.0,0.0,3817.0,3885.0,1.0,inverse_phase_volume,geometric_mean,3817.0,3817.0,3817.0,0.0,420.0,0.0,0.0,1.880489089381251e+44,1.2226240572772983e+52,65016280.295440905,1.4936884390784624e-05,971.1406622918488,0.0010297169491801986,66948.36579286604,65016280.295440875,0.0
5.382654774080596,843.703372135153,2154260.688922485,0.34518967453941984,inf,-1000000.0,orbit_fail_halo_down,47.0,inf,inf,inf,inf,0.0,0.0,0.0,incomplete_orbit_coverage,1.0,inf,inf,0.0,0.0,0.0,0.0,0.0,nonsingular_isothermal,1.0,0.01,2.0,0.3,1.0,0.0,severe_coverage_warn,0.0,multiple,multiple,1;2;3;4,Lfrac coverage gap 0.199 exceeds 0.1 | third_integral coverage gap 0.143 exceeds 0.1 | 7 planned shell-band/Lfrac/third-integral cells have no successful orbit,0.9516087516087516,1.0,0.9516087516087516,0.9247104247104247,0.801058201058201,0.8571428571428571,0.07528957528957525,0.19894179894179898,0.1428571428571429,7.0,0.0,3697.0,3885.0,0.0,not_computed,not_computed,0.0,0.0,0.0,0.0,0.0,0.0,0.0,,,,,,,,,
10.765309548161191,843.703372135153,2154260.688922485,0.6903793490788397,inf,-1000000.0,orbit_fail_ml_up,47.0,inf,inf,inf,inf,0.0,0.0,0.0,incomplete_orbit_coverage,1.0,inf,inf,0.0,0.0,0.0,0.0,0.0,nonsingular_isothermal,1.0,0.01,2.0,0.3,1.0,0.0,severe_coverage_warn,0.0,none,multiple,,Lfrac coverage gap 0.117 exceeds 0.1 | third_integral coverage gap 0.105 exceeds 0.1,0.9714285714285714,1.0,0.9714285714285714,0.9324324324324325,0.8825396825396825,0.8952380952380953,0.06756756756756754,0.11746031746031749,0.10476190476190472,0.0,0.0,3774.0,3885.0,0.0,not_computed,not_computed,0.0,0.0,0.0,0.0,0.0,0.0,0.0,,,,,,,,,
10.765309548161191,843.703372135153,2154260.688922485,0.2,inf,-1000000.0,orbit_fail_ml_down,47.0,inf,inf,inf,inf,0.0,0.0,0.0,incomplete_orbit_coverage,1.0,inf,inf,0.0,0.0,0.0,0.0,0.0,nonsingular_isothermal,1.0,0.01,2.0,0.3,1.0,0.0,severe_coverage_warn,0.0,none,lfrac,,Lfrac coverage gap 0.101 exceeds 0.1,0.9755469755469756,1.0,0.9755469755469756,0.9343629343629344,0.8994708994708994,0.9,0.06563706563706562,0.10052910052910058,0.09999999999999998,0.0,0.0,3790.0,3885.0,0.0,not_computed,not_computed,0.0,0.0,0.0,0.0,0.0,0.0,0.0,,,,,,,,,
14.266049349931679,923.0695230692237,1816446.6413196826,0.2928515837159685,inf,-1000000.0,orbit_fail_full,48.0,inf,inf,inf,inf,0.0,0.0,0.0,incomplete_orbit_coverage,1.0,inf,inf,0.0,0.0,0.0,0.0,0.0,nonsingular_isothermal,1.0,0.01,2.0,0.3,1.0,0.0,severe_coverage_warn,0.0,none,theta,,third_integral coverage gap 0.102 exceeds 0.1,0.9770913770913771,1.0,0.9770913770913771,0.9478764478764479,0.9058201058201059,0.8976190476190476,0.05212355212355213,0.09417989417989414,0.10238095238095235,0.0,0.0,3796.0,3885.0,0.0,not_computed,not_computed,0.0,0.0,0.0,0.0,0.0,0.0,0.0,,,,,,,,,
14.266049349931679,923.0695230692237,0.0,0.2928515837159685,271.6857916222312,-271.6857916222312,pass_halo_only,48.0,271.6857916222312,0.16367900275048441,0.855289052073254,1.9806498853076207,1.0,1.0,28.0,none,0.0,146.91870051120802,124.76709111102326,32.0,32.0,5579.0,116.72474011978632,0.029720054348704728,nonsingular_isothermal,1.0,0.01,2.0,0.3,1.0,0.0,strict_pass,1.0,none,none,,,0.9981981981981982,1.0,0.9981981981981982,0.9864864864864865,0.9925925925925926,0.9976190476190476,0.013513513513513487,0.007407407407407418,0.0023809523809523725,0.0,0.0,3878.0,3885.0,1.0,inverse_phase_volume,geometric_mean,3878.0,3878.0,3878.0,0.0,420.0,0.0,0.0,1.1848733354357961e+31,6.4847959808549955e+50,5.472986678757429e+19,9.308265580499406e-13,50944013.52440963,1.96293917737921e-08,1074313996900.7504,5.472986678757439e+19,0.0
14.266049349931679,923.0695230692237,2500000.0,0.2928515837159685,inf,-1000000.0,solver_failed_bh_up,48.0,inf,0.0,1.872080389627459,8.978182146751024,0.0,0.0,1000.0,light_constraint_failed,2.0,68.66008409273094,8.96634406803624,32.0,32.0,7578.0,448.3506385978625,0.014427852316892148,nonsingular_isothermal,1.0,0.01,2.0,0.3,1.0,0.0,strict_pass,1.0,none,none,,,0.9773487773487773,1.0,0.9773487773487773,0.9478764478764479,0.9068783068783068,0.9,0.05212355212355213,0.09312169312169316,0.09999999999999998,0.0,0.0,3797.0,3885.0,1.0,inverse_phase_volume,geometric_mean,3797.0,3797.0,3797.0,0.0,420.0,0.0,0.0,3.1595931459127177e+43,1.7163048983795782e+52,543204399.781601,3.009155371219148e-06,1634.5864372726662,0.0006117755397925093,332319.16489405255,543204399.7815971,0.0
14.266049349931679,923.0695230692237,908223.3206598413,0.2928515837159685,inf,-1000000.0,solver_failed_bh_down,48.0,inf,0.0,0.9156235407104676,4.391176240026516,0.0,0.0,1000.0,light_constraint_failed,2.0,24.81167626315015,24.459518859781813,32.0,32.0,7583.0,207.80747603168922,0.025965719869298274,nonsingular_isothermal,1.0,0.01,2.0,0.3,1.0,0.0,strict_pass,1.0,none,none,,,0.9804375804375804,1.0,0.9804375804375804,0.9575289575289575,0.9195767195767196,0.9047619047619048,0.0424710424710425,0.0804232804232804,0.09523809523809523,0.0,0.0,3809.0,3885.0,1.0,inverse_phase_volume,geometric_mean,3809.0,3809.0,3809.0,0.0,420.0,0.0,0.0,1.801194126731502e+44,2.2137479245368158e+51,12290446.052885735,8.390886216467473e-05,1031.2773437939666,0.0009696712586752848,11917.692293782475,12290446.052885816,0.0
28.532098699863358,923.0695230692237,1816446.6413196826,0.2928515837159685,17.954257778913682,-17.954257778913682,pass_halo_up,48.0,17.954257778913682,0.28465957123852803,0.6431495394046811,1.6150979153461522,1.0,1.0,29.0,none,0.0,9.81465402885629,8.139603750057388,32.0,32.0,7636.0,241.81648121737487,0.027545726194350886,nonsingular_isothermal,1.0,0.01,2.0,0.3,1.0,0.0,strict_pass,1.0,none,none,,,0.9848133848133848,1.0,0.9848133848133848,0.9691119691119691,0.9375661375661376,0.9095238095238095,0.030888030888030937,0.0624338624338624,0.09047619047619049,0.0,0.0,3826.0,3885.0,1.0,inverse_phase_volume,geometric_mean,3826.0,3826.0,3826.0,0.0,420.0,0.0,0.0,8.966946613363786e+44,9.05173316891602e+51,10094554.544827862,7.404501413670633e-05,747.4514339755325,0.0013378795658752253,13505.298252138087,10094554.544827865,0.0
7.1330246749658395,923.0695230692237,1816446.6413196826,0.2928515837159685,inf,-1000000.0,orbit_fail_halo_down,48.0,inf,inf,inf,inf,0.0,0.0,0.0,incomplete_orbit_coverage,1.0,inf,inf,0.0,0.0,0.0,0.0,0.0,nonsingular_isothermal,1.0,0.01,2.0,0.3,1.0,0.0,severe_coverage_warn,0.0,inner,multiple,1;2,Lfrac coverage gap 0.154 exceeds 0.1 | third_integral coverage gap 0.105 exceeds 0.1 | 3 planned shell-band/Lfrac/third-integral cells have no successful orbit,0.9624195624195624,1.0,0.9624195624195624,0.9227799227799228,0.8455026455026455,0.8952380952380953,0.07722007722007718,0.15449735449735447,0.10476190476190472,3.0,0.0,3739.0,3885.0,0.0,not_computed,not_computed,0.0,0.0,0.0,0.0,0.0,0.0,0.0,,,,,,,,,
14.266049349931679,923.0695230692237,1816446.6413196826,0.585703167431937,inf,-1000000.0,solver_failed_ml_up,48.0,inf,0.0,1.7277227595282856,8.285867273690686,0.0,0.0,1000.0,light_constraint_failed,2.0,63.606495700723094,14.42674971557675,32.0,32.0,7566.0,487.9112607487822,0.011127061340768149,nonsingular_isothermal,1.0,0.01,2.0,0.3,1.0,0.0,strict_pass,1.0,none,none,,,0.9758043758043758,1.0,0.9758043758043758,0.9498069498069498,0.9005291005291005,0.9071428571428571,0.050193050193050204,0.09947089947089949,0.09285714285714286,0.0,0.0,3791.0,3885.0,1.0,inverse_phase_volume,geometric_mean,3791.0,3791.0,3791.0,0.0,420.0,0.0,0.0,8.097920942057235e+44,8.986651272977346e+51,11097479.633697603,0.00012703046681401941,1409.718018327674,0.0007093617212797522,7872.127254826693,11097479.633697558,0.0
14.266049349931679,923.0695230692237,1816446.6413196826,0.2,inf,-1000000.0,solver_failed_ml_down,48.0,inf,0.0,1.6580298807769702,7.951631968824711,0.0,0.0,1000.0,light_constraint_failed,2.0,58.51483362161713,13.691855958800748,32.0,32.0,7574.0,420.95814755887625,0.01522895393514794,nonsingular_isothermal,1.0,0.01,2.0,0.3,1.0,0.0,strict_pass,1.0,none,none,,,0.9783783783783784,1.0,0.9783783783783784,0.9382239382239382,0.9111111111111111,0.9023809523809524,0.061776061776061764,0.0888888888888889,0.0976190476190476,0.0,0.0,3801.0,3885.0,1.0,inverse_phase_volume,geometric_mean,3801.0,3801.0,3801.0,0.0,420.0,0.0,0.0,6.365448962859828e+43,9.078549736003155e+51,142622300.31178197,1.0087783604354239e-05,1438.7429027004744,0.0006950512131966261,99129.80286059716,142622300.31178135,0.0
0.13014068199464268,3803.1245287944503,327391.9920900434,1.131351730935647,inf,-1000000.0,orbit_fail_full,49.0,inf,inf,inf,inf,0.0,0.0,0.0,incomplete_orbit_coverage,1.0,inf,inf,0.0,0.0,0.0,0.0,0.0,nonsingular_isothermal,1.0,0.01,2.0,0.3,1.0,0.0,severe_coverage_warn,0.0,multiple,multiple,1;2;3;4;5;6;7;8,Lfrac minimum coverage 0.662 is below 0.8 | Lfrac coverage gap 0.338 exceeds 0.1 | third_integral minimum coverage 0.75 is below 0.8 | third_integral coverage gap 0.25 exceeds 0.1 | 24 planned shell-band/Lfrac/third-integral cells have no successful orbit,0.9178893178893179,1.0,0.9178893178893179,0.915057915057915,0.6624338624338625,0.75,0.0038610038610039643,0.3375661375661375,0.25,24.0,0.0,3566.0,3885.0,0.0,not_computed,not_computed,0.0,0.0,0.0,0.0,0.0,0.0,0.0,,,,,,,,,
0.13014068199464268,3803.1245287944503,0.0,1.131351730935647,inf,-1000000.0,orbit_fail_halo_only,49.0,inf,inf,inf,inf,0.0,0.0,0.0,incomplete_orbit_coverage,1.0,inf,inf,0.0,0.0,0.0,0.0,0.0,nonsingular_isothermal,1.0,0.01,2.0,0.3,1.0,0.0,severe_coverage_warn,0.0,multiple,multiple,2;3;4;5;6;7;8,total orbit coverage 0.712 is below 0.85 | shell_band minimum coverage 0.412 is below 0.8 | shell_band coverage gap 0.468 exceeds 0.1 | Lfrac minimum coverage 0.395 is below 0.8 | Lfrac coverage gap 0.605 exceeds 0.1 | third_integral minimum coverage 0.55 is below 0.8 | third_integral coverage gap 0.45 exceeds 0.1 | 60 planned shell-band/Lfrac/third-integral cells have no successful orbit,0.7122265122265122,1.0,0.7122265122265122,0.41164241164241167,0.39470899470899473,0.55,0.46777546777546775,0.6052910052910052,0.44999999999999996,60.0,0.0,2767.0,3885.0,0.0,not_computed,not_computed,0.0,0.0,0.0,0.0,0.0,0.0,0.0,,,,,,,,,
0.13014068199464268,3803.1245287944503,654783.9841800868,1.131351730935647,inf,-1000000.0,orbit_fail_bh_up,49.0,inf,inf,inf,inf,0.0,0.0,0.0,incomplete_orbit_coverage,1.0,inf,inf,0.0,0.0,0.0,0.0,0.0,nonsingular_isothermal,1.0,0.01,2.0,0.3,1.0,0.0,severe_coverage_warn,0.0,multiple,multiple,1;2;3;4;5;6;7;8,Lfrac minimum coverage 0.661 is below 0.8 | Lfrac coverage gap 0.339 exceeds 0.1 | third_integral minimum coverage 0.75 is below 0.8 | third_integral coverage gap 0.25 exceeds 0.1 | 24 planned shell-band/Lfrac/third-integral cells have no successful orbit,0.9176319176319176,1.0,0.9176319176319176,0.9147609147609148,0.6613756613756614,0.75,0.004158004158004158,0.3386243386243386,0.25,24.0,0.0,3565.0,3885.0,0.0,not_computed,not_computed,0.0,0.0,0.0,0.0,0.0,0.0,0.0,,,,,,,,,
0.13014068199464268,3803.1245287944503,163695.9960450217,1.131351730935647,inf,-1000000.0,orbit_fail_bh_down,49.0,inf,inf,inf,inf,0.0,0.0,0.0,incomplete_orbit_coverage,1.0,inf,inf,0.0,0.0,0.0,0.0,0.0,nonsingular_isothermal,1.0,0.01,2.0,0.3,1.0,0.0,severe_coverage_warn,0.0,multiple,multiple,1;2;3;4;5;6;7;8,Lfrac minimum coverage 0.654 is below 0.8 | Lfrac coverage gap 0.346 exceeds 0.1 | third_integral minimum coverage 0.75 is below 0.8 | third_integral coverage gap 0.25 exceeds 0.1 | 24 planned shell-band/Lfrac/third-integral cells have no successful orbit,0.9158301158301159,1.0,0.9158301158301159,0.8981288981288982,0.653968253968254,0.75,0.02079002079002079,0.346031746031746,0.25,24.0,0.0,3558.0,3885.0,0.0,not_computed,not_computed,0.0,0.0,0.0,0.0,0.0,0.0,0.0,,,,,,,,,
0.26028136398928536,3803.1245287944503,327391.9920900434,1.131351730935647,inf,-1000000.0,orbit_fail_halo_up,49.0,inf,inf,inf,inf,0.0,0.0,0.0,incomplete_orbit_coverage,1.0,inf,inf,0.0,0.0,0.0,0.0,0.0,nonsingular_isothermal,1.0,0.01,2.0,0.3,1.0,0.0,severe_coverage_warn,0.0,multiple,multiple,1;2;3;4;5;6;7;8,Lfrac minimum coverage 0.661 is below 0.8 | Lfrac coverage gap 0.339 exceeds 0.1 | third_integral minimum coverage 0.75 is below 0.8 | third_integral coverage gap 0.25 exceeds 0.1 | 24 planned shell-band/Lfrac/third-integral cells have no successful orbit,0.9176319176319176,1.0,0.9176319176319176,0.9147609147609148,0.6613756613756614,0.75,0.004158004158004158,0.3386243386243386,0.25,24.0,0.0,3565.0,3885.0,0.0,not_computed,not_computed,0.0,0.0,0.0,0.0,0.0,0.0,0.0,,,,,,,,,
0.06507034099732134,3803.1245287944503,327391.9920900434,1.131351730935647,inf,-1000000.0,orbit_fail_halo_down,49.0,inf,inf,inf,inf,0.0,0.0,0.0,incomplete_orbit_coverage,1.0,inf,inf,0.0,0.0,0.0,0.0,0.0,nonsingular_isothermal,1.0,0.01,2.0,0.3,1.0,0.0,severe_coverage_warn,0.0,multiple,multiple,1;2;3;4;5;6;7;8,Lfrac minimum coverage 0.659 is below 0.8 | Lfrac coverage gap 0.341 exceeds 0.1 | third_integral minimum coverage 0.75 is below 0.8 | third_integral coverage gap 0.25 exceeds 0.1 | 24 planned shell-band/Lfrac/third-integral cells have no successful orbit,0.9171171171171171,1.0,0.9171171171171171,0.9131274131274131,0.6592592592592592,0.75,0.005791505791505891,0.3407407407407408,0.25,24.0,0.0,3563.0,3885.0,0.0,not_computed,not_computed,0.0,0.0,0.0,0.0,0.0,0.0,0.0,,,,,,,,,
0.13014068199464268,3803.1245287944503,327391.9920900434,1.6,inf,-1000000.0,orbit_fail_ml_up,49.0,inf,inf,inf,inf,0.0,0.0,0.0,incomplete_orbit_coverage,1.0,inf,inf,0.0,0.0,0.0,0.0,0.0,nonsingular_isothermal,1.0,0.01,2.0,0.3,1.0,0.0,severe_coverage_warn,0.0,multiple,multiple,1;2;3;4;5;6;7;8,Lfrac minimum coverage 0.662 is below 0.8 | Lfrac coverage gap 0.338 exceeds 0.1 | third_integral minimum coverage 0.75 is below 0.8 | third_integral coverage gap 0.25 exceeds 0.1 | 24 planned shell-band/Lfrac/third-integral cells have no successful orbit,0.9178893178893179,1.0,0.9178893178893179,0.9168399168399168,0.6624338624338625,0.75,0.0020790020790021346,0.3375661375661375,0.25,24.0,0.0,3566.0,3885.0,0.0,not_computed,not_computed,0.0,0.0,0.0,0.0,0.0,0.0,0.0,,,,,,,,,
0.13014068199464268,3803.1245287944503,327391.9920900434,0.5656758654678234,inf,-1000000.0,orbit_fail_ml_down,49.0,inf,inf,inf,inf,0.0,0.0,0.0,incomplete_orbit_coverage,1.0,inf,inf,0.0,0.0,0.0,0.0,0.0,nonsingular_isothermal,1.0,0.01,2.0,0.3,1.0,0.0,severe_coverage_warn,0.0,multiple,multiple,1;2;3;4;5;6;7;8,Lfrac minimum coverage 0.659 is below 0.8 | Lfrac coverage gap 0.341 exceeds 0.1 | third_integral minimum coverage 0.75 is below 0.8 | third_integral coverage gap 0.25 exceeds 0.1 | 24 planned shell-band/Lfrac/third-integral cells have no successful orbit,0.9171171171171171,1.0,0.9171171171171171,0.9147609147609148,0.6592592592592592,0.75,0.004158004158004158,0.3407407407407408,0.25,24.0,0.0,3563.0,3885.0,0.0,not_computed,not_computed,0.0,0.0,0.0,0.0,0.0,0.0,0.0,,,,,,,,,
12.527349937323507,1893.1336429371377,671755.6657439772,0.4656872391804307,inf,-1000000.0,orbit_fail_full,50.0,inf,inf,inf,inf,0.0,0.0,0.0,incomplete_orbit_coverage,1.0,inf,inf,0.0,0.0,0.0,0.0,0.0,nonsingular_isothermal,1.0,0.01,2.0,0.3,1.0,0.0,severe_coverage_warn,0.0,none,theta,,third_integral coverage gap 0.107 exceeds 0.1,0.9781209781209781,1.0,0.9781209781209781,0.9625779625779626,0.91005291005291,0.8928571428571429,0.037422037422037424,0.08994708994709,0.1071428571428571,0.0,0.0,3800.0,3885.0,0.0,not_computed,not_computed,0.0,0.0,0.0,0.0,0.0,0.0,0.0,,,,,,,,,
12.527349937323507,1893.1336429371377,0.0,0.4656872391804307,inf,-1000000.0,solver_failed_halo_only,50.0,inf,0.0,2.0828218019358427,4.56886044253022,0.0,0.0,1000.0,light_constraint_failed,2.0,737.4279275340512,622.2043019254332,32.0,32.0,6754.0,82.09625858367399,0.02905740799130914,nonsingular_isothermal,1.0,0.01,2.0,0.3,1.0,0.0,strict_pass,1.0,none,none,,,1.0,1.0,1.0,1.0,1.0,1.0,0.0,0.0,0.0,0.0,0.0,3885.0,3885.0,1.0,inverse_phase_volume,geometric_mean,3885.0,3885.0,3885.0,0.0,420.0,0.0,0.0,6.188188169087104e+33,3.300370588816685e+49,5333339094799316.0,3.436544664876498e-09,18328258.012209993,5.456055885582885e-08,290989961.57989347,5333339094799361.0,0.0
12.527349937323507,1893.1336429371377,1343511.3314879544,0.4656872391804307,inf,-1000000.0,orbit_fail_bh_up,50.0,inf,inf,inf,inf,0.0,0.0,0.0,incomplete_orbit_coverage,1.0,inf,inf,0.0,0.0,0.0,0.0,0.0,nonsingular_isothermal,1.0,0.01,2.0,0.3,1.0,0.0,severe_coverage_warn,0.0,none,multiple,,Lfrac coverage gap 0.103 exceeds 0.1 | third_integral coverage gap 0.107 exceeds 0.1,0.975032175032175,1.0,0.975032175032175,0.9555984555984556,0.8973544973544973,0.8928571428571429,0.044401544401544424,0.10264550264550265,0.1071428571428571,0.0,0.0,3788.0,3885.0,0.0,not_computed,not_computed,0.0,0.0,0.0,0.0,0.0,0.0,0.0,,,,,,,,,
12.527349937323507,1893.1336429371377,335877.8328719886,0.4656872391804307,inf,-1000000.0,orbit_fail_bh_down,50.0,inf,inf,inf,inf,0.0,0.0,0.0,incomplete_orbit_coverage,1.0,inf,inf,0.0,0.0,0.0,0.0,0.0,nonsingular_isothermal,1.0,0.01,2.0,0.3,1.0,0.0,severe_coverage_warn,0.0,none,theta,,third_integral coverage gap 0.112 exceeds 0.1,0.9804375804375804,1.0,0.9804375804375804,0.9667359667359667,0.9195767195767196,0.888095238095238,0.033264033264033266,0.0804232804232804,0.11190476190476195,0.0,0.0,3809.0,3885.0,0.0,not_computed,not_computed,0.0,0.0,0.0,0.0,0.0,0.0,0.0,,,,,,,,,
25.054699874647014,1893.1336429371377,671755.6657439772,0.4656872391804307,inf,-1000000.0,solver_failed_halo_up,50.0,inf,0.0,0.9902795531681182,4.749213897975748,0.0,0.0,1000.0,light_constraint_failed,2.0,33.60401954678533,38.10559383208423,32.0,32.0,7610.0,403.959549212516,0.016778236691584073,nonsingular_isothermal,1.0,0.01,2.0,0.3,1.0,0.0,strict_pass,1.0,none,none,,,0.9812097812097812,1.0,0.9812097812097812,0.9604989604989606,0.9227513227513228,0.9142857142857143,0.03950103950103945,0.07724867724867723,0.08571428571428574,0.0,0.0,3812.0,3885.0,1.0,inverse_phase_volume,geometric_mean,3812.0,3812.0,3812.0,0.0,420.0,0.0,0.0,2.2837416793554164e+41,1.1970262692090601e+51,5241513433.984002,1.9177294507445223e-07,1005.1804678824262,0.000994846231052082,5214499.884807885,5241513433.984047,0.0
6.263674968661753,1893.1336429371377,671755.6657439772,0.4656872391804307,inf,-1000000.0,orbit_fail_halo_down,50.0,inf,inf,inf,inf,0.0,0.0,0.0,incomplete_orbit_coverage,1.0,inf,inf,0.0,0.0,0.0,0.0,0.0,nonsingular_isothermal,1.0,0.01,2.0,0.3,1.0,0.0,severe_coverage_warn,0.0,none,lfrac,,Lfrac coverage gap 0.134 exceeds 0.1,0.9673101673101673,1.0,0.9673101673101673,0.9382239382239382,0.8656084656084656,0.9,0.061776061776061764,0.1343915343915344,0.09999999999999998,0.0,0.0,3758.0,3885.0,0.0,not_computed,not_computed,0.0,0.0,0.0,0.0,0.0,0.0,0.0,,,,,,,,,
12.527349937323507,1893.1336429371377,671755.6657439772,0.9313744783608614,inf,-1000000.0,orbit_fail_ml_up,50.0,inf,inf,inf,inf,0.0,0.0,0.0,incomplete_orbit_coverage,1.0,inf,inf,0.0,0.0,0.0,0.0,0.0,nonsingular_isothermal,1.0,0.01,2.0,0.3,1.0,0.0,severe_coverage_warn,0.0,none,multiple,,Lfrac coverage gap 0.105 exceeds 0.1 | third_integral coverage gap 0.124 exceeds 0.1,0.9745173745173745,1.0,0.9745173745173745,0.9563409563409564,0.8952380952380953,0.8761904761904762,0.043659043659043606,0.10476190476190472,0.12380952380952381,0.0,0.0,3786.0,3885.0,0.0,not_computed,not_computed,0.0,0.0,0.0,0.0,0.0,0.0,0.0,,,,,,,,,
12.527349937323507,1893.1336429371377,671755.6657439772,0.23284361959021535,inf,-1000000.0,orbit_fail_ml_down,50.0,inf,inf,inf,inf,0.0,0.0,0.0,incomplete_orbit_coverage,1.0,inf,inf,0.0,0.0,0.0,0.0,0.0,nonsingular_isothermal,1.0,0.01,2.0,0.3,1.0,0.0,severe_coverage_warn,0.0,none,theta,,third_integral coverage gap 0.11 exceeds 0.1,0.9778635778635779,1.0,0.9778635778635779,0.9575289575289575,0.908994708994709,0.8904761904761904,0.0424710424710425,0.09100529100529098,0.10952380952380958,0.0,0.0,3799.0,3885.0,0.0,not_computed,not_computed,0.0,0.0,0.0,0.0,0.0,0.0,0.0,,,,,,,,,
21.30819833003975,6479.442253042927,250961.9224118842,0.5217486882645667,inf,-1000000.0,orbit_fail_full,51.0,inf,inf,inf,inf,0.0,0.0,0.0,incomplete_orbit_coverage,1.0,inf,inf,0.0,0.0,0.0,0.0,0.0,nonsingular_isothermal,1.0,0.01,2.0,0.3,1.0,0.0,severe_coverage_warn,0.0,none,theta,,third_integral coverage gap 0.114 exceeds 0.1,0.9765765765765766,1.0,0.9765765765765766,0.9498069498069498,0.9037037037037037,0.8857142857142857,0.050193050193050204,0.09629629629629632,0.11428571428571432,0.0,0.0,3794.0,3885.0,0.0,not_computed,not_computed,0.0,0.0,0.0,0.0,0.0,0.0,0.0,,,,,,,,,
21.30819833003975,6479.442253042927,0.0,0.5217486882645667,inf,-1000000.0,solver_failed_halo_only,51.0,inf,0.0,2.5975535368178195,4.499094701148737,0.0,0.0,1000.0,light_constraint_failed,2.0,892.6303581149356,2977.9219762773487,32.0,32.0,6958.0,79.06382717177247,0.03031995313098924,nonsingular_isothermal,1.0,0.01,2.0,0.3,1.0,0.0,strict_pass,1.0,none,none,,,1.0,1.0,1.0,1.0,1.0,1.0,0.0,0.0,0.0,0.0,0.0,3885.0,3885.0,1.0,inverse_phase_volume,geometric_mean,3885.0,3885.0,3885.0,0.0,420.0,0.0,0.0,5.766953732030679e+33,2.194825783932959e+48,380586681620577.06,2.1214767537274855e-08,8074057.97836341,1.2385345791171758e-07,47136976.55385458,380586681620578.5,0.0
21.30819833003975,6479.442253042927,501923.8448237684,0.5217486882645667,inf,-1000000.0,orbit_fail_bh_up,51.0,inf,inf,inf,inf,0.0,0.0,0.0,incomplete_orbit_coverage,1.0,inf,inf,0.0,0.0,0.0,0.0,0.0,nonsingular_isothermal,1.0,0.01,2.0,0.3,1.0,0.0,severe_coverage_warn,0.0,none,multiple,,Lfrac coverage gap 0.111 exceeds 0.1 | third_integral coverage gap 0.136 exceeds 0.1,0.972972972972973,1.0,0.972972972972973,0.9563409563409564,0.8888888888888888,0.8642857142857143,0.043659043659043606,0.11111111111111116,0.13571428571428568,0.0,0.0,3780.0,3885.0,0.0,not_computed,not_computed,0.0,0.0,0.0,0.0,0.0,0.0,0.0,,,,,,,,,
21.30819833003975,6479.442253042927,125480.9612059421,0.5217486882645667,inf,-1000000.0,orbit_fail_bh_down,51.0,inf,inf,inf,inf,0.0,0.0,0.0,incomplete_orbit_coverage,1.0,inf,inf,0.0,0.0,0.0,0.0,0.0,nonsingular_isothermal,1.0,0.01,2.0,0.3,1.0,0.0,severe_coverage_warn,0.0,none,multiple,,Lfrac coverage gap 0.109 exceeds 0.1 | third_integral coverage gap 0.121 exceeds 0.1,0.9734877734877735,1.0,0.9734877734877735,0.9382239382239382,0.891005291005291,0.8785714285714286,0.061776061776061764,0.10899470899470898,0.12142857142857144,0.0,0.0,3782.0,3885.0,0.0,not_computed,not_computed,0.0,0.0,0.0,0.0,0.0,0.0,0.0,,,,,,,,,
30.0,6479.442253042927,250961.9224118842,0.5217486882645667,inf,-1000000.0,orbit_fail_halo_up,51.0,inf,inf,inf,inf,0.0,0.0,0.0,incomplete_orbit_coverage,1.0,inf,inf,0.0,0.0,0.0,0.0,0.0,nonsingular_isothermal,1.0,0.01,2.0,0.3,1.0,0.0,severe_coverage_warn,0.0,none,multiple,,Lfrac coverage gap 0.102 exceeds 0.1 | third_integral coverage gap 0.126 exceeds 0.1,0.9752895752895753,1.0,0.9752895752895753,0.9478764478764479,0.8984126984126984,0.8738095238095238,0.05212355212355213,0.10158730158730156,0.1261904761904762,0.0,0.0,3789.0,3885.0,0.0,not_computed,not_computed,0.0,0.0,0.0,0.0,0.0,0.0,0.0,,,,,,,,,
10.654099165019876,6479.442253042927,250961.9224118842,0.5217486882645667,inf,-1000000.0,orbit_fail_halo_down,51.0,inf,inf,inf,inf,0.0,0.0,0.0,incomplete_orbit_coverage,1.0,inf,inf,0.0,0.0,0.0,0.0,0.0,nonsingular_isothermal,1.0,0.01,2.0,0.3,1.0,0.0,severe_coverage_warn,0.0,none,multiple,,Lfrac coverage gap 0.116 exceeds 0.1 | third_integral coverage gap 0.131 exceeds 0.1,0.9711711711711711,1.0,0.9711711711711711,0.944015444015444,0.8835978835978836,0.8690476190476191,0.055984555984555984,0.1164021164021164,0.13095238095238093,0.0,0.0,3773.0,3885.0,0.0,not_computed,not_computed,0.0,0.0,0.0,0.0,0.0,0.0,0.0,,,,,,,,,
21.30819833003975,6479.442253042927,250961.9224118842,1.0434973765291333,inf,-1000000.0,solver_failed_ml_up,51.0,inf,0.0,1.9572913972938228,9.38683978345062,0.0,0.0,1000.0,light_constraint_failed,2.0,217.79348474231213,116.2036143450946,32.0,32.0,7534.0,256.1481125503972,0.02039811270333699,nonsingular_isothermal,1.0,0.01,2.0,0.3,1.0,0.0,strict_pass,1.0,none,none,,,0.9783783783783784,1.0,0.9783783783783784,0.9498069498069498,0.9111111111111111,0.9023809523809524,0.050193050193050204,0.0888888888888889,0.0976190476190476,0.0,0.0,3801.0,3885.0,1.0,inverse_phase_volume,geometric_mean,3801.0,3801.0,3801.0,0.0,420.0,0.0,0.0,1.3427942695134565e+41,1.6989147911583081e+50,1265208550.3566284,1.546990834141071e-06,1957.2660306786238,0.0005109167503680017,646416.2410860215,1265208550.3566337,0.0
21.30819833003975,6479.442253042927,250961.9224118842,0.26087434413228333,inf,-1000000.0,orbit_fail_ml_down,51.0,inf,inf,inf,inf,0.0,0.0,0.0,incomplete_orbit_coverage,1.0,inf,inf,0.0,0.0,0.0,0.0,0.0,nonsingular_isothermal,1.0,0.01,2.0,0.3,1.0,0.0,severe_coverage_warn,0.0,none,theta,,third_integral coverage gap 0.119 exceeds 0.1,0.9763191763191763,1.0,0.9763191763191763,0.9594594594594594,0.9026455026455027,0.8809523809523809,0.04054054054054057,0.0973544973544973,0.11904761904761907,0.0,0.0,3793.0,3885.0,0.0,not_computed,not_computed,0.0,0.0,0.0,0.0,0.0,0.0,0.0,,,,,,,,,
24.92537811813493,3001.1989276936292,1518937.4416285825,1.5811126453537523,inf,-1000000.0,orbit_fail_full,52.0,inf,inf,inf,inf,0.0,0.0,0.0,incomplete_orbit_coverage,1.0,inf,inf,0.0,0.0,0.0,0.0,0.0,nonsingular_isothermal,1.0,0.01,2.0,0.3,1.0,0.0,severe_coverage_warn,0.0,none,theta,,third_integral coverage gap 0.105 exceeds 0.1,0.9768339768339769,1.0,0.9768339768339769,0.9594594594594594,0.9047619047619048,0.8952380952380953,0.04054054054054057,0.09523809523809523,0.10476190476190472,0.0,0.0,3795.0,3885.0,0.0,not_computed,not_computed,0.0,0.0,0.0,0.0,0.0,0.0,0.0,,,,,,,,,
24.92537811813493,3001.1989276936292,0.0,1.5811126453537523,inf,-1000000.0,solver_failed_halo_only,52.0,inf,0.0,2.2172240828939445,3.8710594847294018,0.0,0.0,1000.0,light_constraint_failed,2.0,471.06825429751115,654.0722378403533,32.0,32.0,6843.0,79.25124046542655,0.030035888939313877,nonsingular_isothermal,1.0,0.01,2.0,0.3,1.0,0.0,strict_pass,1.0,none,none,,,1.0,1.0,1.0,1.0,1.0,1.0,0.0,0.0,0.0,0.0,0.0,3885.0,3885.0,1.0,inverse_phase_volume,geometric_mean,3885.0,3885.0,3885.0,0.0,420.0,0.0,0.0,6.585726276921692e+33,8.63038941749682e+49,1.3104688920552658e+16,1.0510703468633732e-09,13773949.929261742,7.260081568000866e-08,951411104.8648852,1.3104688920552522e+16,0.0
24.92537811813493,3001.1989276936292,2500000.0,1.5811126453537523,inf,-1000000.0,orbit_fail_bh_up,52.0,inf,inf,inf,inf,0.0,0.0,0.0,incomplete_orbit_coverage,1.0,inf,inf,0.0,0.0,0.0,0.0,0.0,nonsingular_isothermal,1.0,0.01,2.0,0.3,1.0,0.0,severe_coverage_warn,0.0,none,theta,,third_integral coverage gap 0.112 exceeds 0.1,0.976061776061776,1.0,0.976061776061776,0.9584199584199584,0.9015873015873016,0.888095238095238,0.04158004158004158,0.0984126984126984,0.11190476190476195,0.0,0.0,3792.0,3885.0,0.0,not_computed,not_computed,0.0,0.0,0.0,0.0,0.0,0.0,0.0,,,,,,,,,
24.92537811813493,3001.1989276936292,759468.7208142913,1.5811126453537523,inf,-1000000.0,orbit_fail_bh_down,52.0,inf,inf,inf,inf,0.0,0.0,0.0,incomplete_orbit_coverage,1.0,inf,inf,0.0,0.0,0.0,0.0,0.0,nonsingular_isothermal,1.0,0.01,2.0,0.3,1.0,0.0,severe_coverage_warn,0.0,none,theta,,third_integral coverage gap 0.107 exceeds 0.1,0.9809523809523809,1.0,0.9809523809523809,0.9646569646569647,0.9216931216931217,0.8928571428571429,0.03534303534303529,0.07830687830687832,0.1071428571428571,0.0,0.0,3811.0,3885.0,0.0,not_computed,not_computed,0.0,0.0,0.0,0.0,0.0,0.0,0.0,,,,,,,,,
30.0,3001.1989276936292,1518937.4416285825,1.5811126453537523,inf,-1000000.0,orbit_fail_halo_up,52.0,inf,inf,inf,inf,0.0,0.0,0.0,incomplete_orbit_coverage,1.0,inf,inf,0.0,0.0,0.0,0.0,0.0,nonsingular_isothermal,1.0,0.01,2.0,0.3,1.0,0.0,severe_coverage_warn,0.0,inner,multiple,1,Lfrac coverage gap 0.105 exceeds 0.1 | third_integral coverage gap 0.133 exceeds 0.1 | 1 planned shell-band/Lfrac/third-integral cells have no successful orbit,0.9745173745173745,1.0,0.9745173745173745,0.9536679536679536,0.8952380952380953,0.8666666666666667,0.04633204633204635,0.10476190476190472,0.1333333333333333,1.0,0.0,3786.0,3885.0,0.0,not_computed,not_computed,0.0,0.0,0.0,0.0,0.0,0.0,0.0,,,,,,,,,
12.462689059067465,3001.1989276936292,1518937.4416285825,1.5811126453537523,inf,-1000000.0,orbit_fail_halo_down,52.0,inf,inf,inf,inf,0.0,0.0,0.0,incomplete_orbit_coverage,1.0,inf,inf,0.0,0.0,0.0,0.0,0.0,nonsingular_isothermal,1.0,0.01,2.0,0.3,1.0,0.0,severe_coverage_warn,0.0,none,multiple,,Lfrac coverage gap 0.133 exceeds 0.1 | third_integral coverage gap 0.136 exceeds 0.1,0.9675675675675676,1.0,0.9675675675675676,0.9501039501039501,0.8666666666666667,0.8642857142857143,0.0498960498960499,0.1333333333333333,0.13571428571428568,0.0,0.0,3759.0,3885.0,0.0,not_computed,not_computed,0.0,0.0,0.0,0.0,0.0,0.0,0.0,,,,,,,,,
24.92537811813493,3001.1989276936292,1518937.4416285825,1.6,inf,-1000000.0,orbit_fail_ml_up,52.0,inf,inf,inf,inf,0.0,0.0,0.0,incomplete_orbit_coverage,1.0,inf,inf,0.0,0.0,0.0,0.0,0.0,nonsingular_isothermal,1.0,0.01,2.0,0.3,1.0,0.0,severe_coverage_warn,0.0,none,multiple,,Lfrac coverage gap 0.119 exceeds 0.1 | third_integral coverage gap 0.126 exceeds 0.1,0.9711711711711711,1.0,0.9711711711711711,0.9459459459459459,0.8814814814814815,0.8738095238095238,0.05405405405405406,0.11851851851851847,0.1261904761904762,0.0,0.0,3773.0,3885.0,0.0,not_computed,not_computed,0.0,0.0,0.0,0.0,0.0,0.0,0.0,,,,,,,,,
24.92537811813493,3001.1989276936292,1518937.4416285825,0.7905563226768761,inf,-1000000.0,solver_failed_ml_down,52.0,inf,0.0,2.340155571307919,11.222991858334527,0.0,0.0,1000.0,light_constraint_failed,2.0,119.37925181682346,25.14613077622481,32.0,32.0,7611.0,449.05451419985246,0.01218798820371097,nonsingular_isothermal,1.0,0.01,2.0,0.3,1.0,0.0,strict_pass,1.0,none,none,,,0.9801801801801802,1.0,0.9801801801801802,0.9646569646569647,0.9185185185185185,0.9023809523809524,0.03534303534303529,0.08148148148148149,0.0976190476190476,0.0,0.0,3808.0,3885.0,1.0,inverse_phase_volume,geometric_mean,3808.0,3808.0,3808.0,0.0,420.0,0.0,0.0,4.051405176181711e+41,6.229751675159046e+51,15376767823.134245,1.2982727590462918e-07,1996.3238786954807,0.0005009207226702417,7702541.650296951,15376767823.134296,0.0
24.79081494083364,1820.001843062397,483193.17189827486,1.3133063239596148,inf,-1000000.0,solver_failed_full,53.0,inf,0.0,0.7388713597781918,2.86787125071616,0.0,0.0,1000.0,light_constraint_failed,2.0,20.390166329895568,43.59900546026667,32.0,32.0,7608.0,299.3842566412495,0.025031027257119007,nonsingular_isothermal,1.0,0.01,2.0,0.3,1.0,0.0,strict_pass,1.0,none,none,,,0.9832689832689833,1.0,0.9832689832689833,0.9594594594594594,0.9333333333333333,0.9214285714285714,0.04054054054054057,0.06666666666666665,0.07857142857142863,0.0,0.0,3820.0,3885.0,1.0,inverse_phase_volume,geometric_mean,3820.0,3820.0,3820.0,0.0,420.0,0.0,0.0,3.003273382803351e+43,6.436543249283408e+50,21431759.380077925,3.9488309056269494e-05,846.3039380201202,0.0011816085865551365,25323.950908483675,21431759.380077932,0.0
24.79081494083364,1820.001843062397,0.0,1.3133063239596148,inf,-1000000.0,solver_failed_halo_only,53.0,inf,0.0,2.04293019873943,4.181786440650191,0.0,0.0,1000.0,light_constraint_failed,2.0,400.6472269090239,377.1749114016744,32.0,32.0,5964.0,83.1198013577366,0.02875169780369258,nonsingular_isothermal,1.0,0.01,2.0,0.3,1.0,0.0,strict_pass,1.0,none,none,,,0.9979407979407979,1.0,0.9979407979407979,0.9845559845559846,0.9915343915343915,0.9976190476190476,0.015444015444015413,0.00846560846560851,0.0023809523809523725,0.0,0.0,3877.0,3885.0,1.0,inverse_phase_volume,geometric_mean,3877.0,3877.0,3877.0,0.0,420.0,0.0,0.0,2.9301017794437195e+34,6.079700201390976e+50,2.074910927682931e+16,1.2383305392416891e-09,25694255.679560784,3.8919204839838115e-08,807538834.1891055,2.0749109276829316e+16,0.0
24.79081494083364,1820.001843062397,966386.3437965497,1.3133063239596148,inf,-1000000.0,solver_failed_bh_up,53.0,inf,0.0,1.2846695449706484,6.161058700810111,0.0,0.0,1000.0,light_constraint_failed,2.0,44.21103869183325,26.114637966801087,32.0,32.0,7601.0,419.79339233536126,0.016688283815345085,nonsingular_isothermal,1.0,0.01,2.0,0.3,1.0,0.0,strict_pass,1.0,none,none,,,0.9809523809523809,1.0,0.9809523809523809,0.9625779625779626,0.9216931216931217,0.9023809523809524,0.037422037422037424,0.07830687830687832,0.0976190476190476,0.0,0.0,3811.0,3885.0,1.0,inverse_phase_volume,geometric_mean,3811.0,3811.0,3811.0,0.0,420.0,0.0,0.0,5.661266550231262e+42,2.585304184625471e+51,456665334.8127305,2.7041453364772537e-06,1234.8894354646834,0.0008097890963199507,369802.6087986531,456665334.8127359,0.0
24.79081494083364,1820.001843062397,241596.58594913743,1.3133063239596148,72.80786508550321,-72.80786508550321,pass_bh_down,53.0,72.80786508550321,0.041208707176494386,0.8204195061430346,1.7225083169255018,1.0,1.0,30.0,none,0.0,14.501377873480017,58.30648721202319,32.0,32.0,7644.0,383.6256103518198,0.015436682316575781,nonsingular_isothermal,1.0,0.01,2.0,0.3,1.0,0.0,strict_pass,1.0,none,none,,,0.9873873873873874,1.0,0.9873873873873874,0.9594594594594594,0.9481481481481482,0.9404761904761905,0.04054054054054057,0.051851851851851816,0.059523809523809534,0.0,0.0,3836.0,3885.0,1.0,inverse_phase_volume,geometric_mean,3836.0,3836.0,3836.0,0.0,420.0,0.0,0.0,1.4406020000144898e+43,3.136861259499143e+50,21774655.730504274,5.2336095687408506e-05,1139.6004658720517,0.0008775005187759152,19107.27169968449,21774655.730504315,0.0
30.0,1820.001843062397,483193.17189827486,1.3133063239596148,44.85737788940615,-44.85737788940615,pass_halo_up,53.0,44.85737788940615,0.2953029607686375,0.6843914615630653,1.335620344236754,1.0,1.0,32.0,none,0.0,10.222980799457925,34.63439708994823,32.0,32.0,7619.0,272.7498587229532,0.02565470284151539,nonsingular_isothermal,1.0,0.01,2.0,0.3,1.0,0.0,strict_pass,1.0,none,none,,,0.9873873873873874,1.0,0.9873873873873874,0.9671814671814671,0.9481481481481482,0.9285714285714286,0.032818532818532864,0.051851851851851816,0.0714285714285714,0.0,0.0,3836.0,3885.0,1.0,inverse_phase_volume,geometric_mean,3836.0,3836.0,3836.0,0.0,420.0,0.0,0.0,1.0373847950593767e+44,7.930359488962731e+50,7644568.849217442,0.00011229275733315657,858.4297147017736,0.0011649177362731545,8905.293838614567,7644568.8492173655,0.0
12.39540747041682,1820.001843062397,483193.17189827486,1.3133063239596148,inf,-1000000.0,orbit_fail_halo_down,53.0,inf,inf,inf,inf,0.0,0.0,0.0,incomplete_orbit_coverage,1.0,inf,inf,0.0,0.0,0.0,0.0,0.0,nonsingular_isothermal,1.0,0.01,2.0,0.3,1.0,0.0,severe_coverage_warn,0.0,none,theta,,third_integral coverage gap 0.105 exceeds 0.1,0.9786357786357787,1.0,0.9786357786357787,0.9646569646569647,0.9121693121693122,0.8952380952380953,0.03534303534303529,0.08783068783068781,0.10476190476190472,0.0,0.0,3802.0,3885.0,0.0,not_computed,not_computed,0.0,0.0,0.0,0.0,0.0,0.0,0.0,,,,,,,,,
24.79081494083364,1820.001843062397,483193.17189827486,1.6,inf,-1000000.0,solver_failed_ml_up,53.0,inf,0.0,0.7302460237442887,2.8223253400053534,0.0,0.0,1000.0,light_constraint_failed,2.0,19.888123673341482,42.158634166657315,32.0,32.0,7613.0,260.0188606624844,0.025123264809805257,nonsingular_isothermal,1.0,0.01,2.0,0.3,1.0,0.0,strict_pass,1.0,none,none,,,0.9845559845559846,1.0,0.9845559845559846,0.9604989604989606,0.9365079365079365,0.9214285714285714,0.03950103950103945,0.06349206349206349,0.07857142857142863,0.0,0.0,3825.0,3885.0,1.0,inverse_phase_volume,geometric_mean,3825.0,3825.0,3825.0,0.0,420.0,0.0,0.0,1.1408892087615842e+44,6.421077500169197e+50,5628134.13507449,0.00014923907338040552,839.9375231791547,0.0011905647413095804,6700.65806058064,5628134.135074541,0.0
24.79081494083364,1820.001843062397,483193.17189827486,0.6566531619798074,inf,-1000000.0,solver_failed_ml_down,53.0,inf,0.0,0.7224592116021208,2.773722591243669,0.0,0.0,1000.0,light_constraint_failed,2.0,19.406756492524874,42.60736504761323,32.0,32.0,7574.0,270.4617553120762,0.02665300364837525,nonsingular_isothermal,1.0,0.01,2.0,0.3,1.0,0.0,strict_pass,1.0,none,none,,,0.9804375804375804,1.0,0.9804375804375804,0.9536679536679536,0.9195767195767196,0.9119047619047619,0.04633204633204635,0.0804232804232804,0.08809523809523812,0.0,0.0,3809.0,3885.0,1.0,inverse_phase_volume,geometric_mean,3809.0,3809.0,3809.0,0.0,420.0,0.0,0.0,6.090361652652048e+43,6.096184747681041e+50,10009561.164609095,8.07544922924431e-05,808.317029918161,0.0012371383541198509,12383.212024646444,10009561.16460907,0.0
2.5172684786878374,2283.641031216012,573178.3558884863,0.8966198243808592,inf,-1000000.0,orbit_fail_full,54.0,inf,inf,inf,inf,0.0,0.0,0.0,incomplete_orbit_coverage,1.0,inf,inf,0.0,0.0,0.0,0.0,0.0,nonsingular_isothermal,1.0,0.01,2.0,0.3,1.0,0.0,severe_coverage_warn,0.0,multiple,multiple,1;2;3;4;7;8,Lfrac minimum coverage 0.676 is below 0.8 | Lfrac coverage gap 0.324 exceeds 0.1 | third_integral minimum coverage 0.79 is below 0.8 | third_integral coverage gap 0.21 exceeds 0.1 | 13 planned shell-band/Lfrac/third-integral cells have no successful orbit,0.9212355212355212,1.0,0.9212355212355212,0.893970893970894,0.6761904761904762,0.7904761904761904,0.0498960498960499,0.32380952380952377,0.20952380952380956,13.0,0.0,3579.0,3885.0,0.0,not_computed,not_computed,0.0,0.0,0.0,0.0,0.0,0.0,0.0,,,,,,,,,
2.5172684786878374,2283.641031216012,0.0,0.8966198243808592,inf,-1000000.0,solver_failed_halo_only,54.0,inf,0.0,2.0254202203712013,4.2819390671303035,0.0,0.0,1000.0,light_constraint_failed,2.0,57.404392157386305,229.22676437560426,32.0,32.0,7306.0,384.09860473018955,0.009595853113970427,nonsingular_isothermal,1.0,0.01,2.0,0.3,1.0,0.0,strict_pass,1.0,none,none,,,0.9974259974259975,1.0,0.9974259974259975,0.9806949806949807,0.9915343915343915,0.9952380952380953,0.019305019305019266,0.00846560846560851,0.004761904761904745,0.0,0.0,3875.0,3885.0,1.0,inverse_phase_volume,geometric_mean,3875.0,3875.0,3875.0,0.0,420.0,0.0,0.0,4.3390972140667794e+29,9.001821100140079e+45,2.0745838721836804e+16,3.596699062377174e-12,74616.53867905813,1.3401854571427071e-05,278032713512.33594,2.07458387218367e+16,0.0
2.5172684786878374,2283.641031216012,1146356.7117769725,0.8966198243808592,inf,-1000000.0,orbit_fail_bh_up,54.0,inf,inf,inf,inf,0.0,0.0,0.0,incomplete_orbit_coverage,1.0,inf,inf,0.0,0.0,0.0,0.0,0.0,nonsingular_isothermal,1.0,0.01,2.0,0.3,1.0,0.0,severe_coverage_warn,0.0,multiple,multiple,1;2;3;4;5;8,Lfrac minimum coverage 0.669 is below 0.8 | Lfrac coverage gap 0.331 exceeds 0.1 | third_integral minimum coverage 0.764 is below 0.8 | third_integral coverage gap 0.236 exceeds 0.1 | 14 planned shell-band/Lfrac/third-integral cells have no successful orbit,0.9194337194337194,1.0,0.9194337194337194,0.893970893970894,0.6687830687830688,0.7642857142857142,0.03950103950103945,0.3312169312169312,0.23571428571428577,14.0,0.0,3572.0,3885.0,0.0,not_computed,not_computed,0.0,0.0,0.0,0.0,0.0,0.0,0.0,,,,,,,,,
2.5172684786878374,2283.641031216012,286589.1779442431,0.8966198243808592,inf,-1000000.0,orbit_fail_bh_down,54.0,inf,inf,inf,inf,0.0,0.0,0.0,incomplete_orbit_coverage,1.0,inf,inf,0.0,0.0,0.0,0.0,0.0,nonsingular_isothermal,1.0,0.01,2.0,0.3,1.0,0.0,severe_coverage_warn,0.0,multiple,multiple,1;2;6;7,Lfrac minimum coverage 0.706 is below 0.8 | Lfrac coverage gap 0.294 exceeds 0.1 | third_integral minimum coverage 0.793 is below 0.8 | third_integral coverage gap 0.207 exceeds 0.1 | 8 planned shell-band/Lfrac/third-integral cells have no successful orbit,0.9284427284427285,1.0,0.9284427284427285,0.9022869022869023,0.7058201058201058,0.7928571428571428,0.05405405405405406,0.2941798941798942,0.20714285714285718,8.0,0.0,3607.0,3885.0,0.0,not_computed,not_computed,0.0,0.0,0.0,0.0,0.0,0.0,0.0,,,,,,,,,
5.034536957375675,2283.641031216012,573178.3558884863,0.8966198243808592,inf,-1000000.0,orbit_fail_halo_up,54.0,inf,inf,inf,inf,0.0,0.0,0.0,incomplete_orbit_coverage,1.0,inf,inf,0.0,0.0,0.0,0.0,0.0,nonsingular_isothermal,1.0,0.01,2.0,0.3,1.0,0.0,severe_coverage_warn,0.0,inner,multiple,1,Lfrac coverage gap 0.162 exceeds 0.1 | third_integral coverage gap 0.133 exceeds 0.1 | 1 planned shell-band/Lfrac/third-integral cells have no successful orbit,0.9606177606177606,1.0,0.9606177606177606,0.9334719334719335,0.8380952380952381,0.8666666666666667,0.06652806652806653,0.16190476190476188,0.1333333333333333,1.0,0.0,3732.0,3885.0,0.0,not_computed,not_computed,0.0,0.0,0.0,0.0,0.0,0.0,0.0,,,,,,,,,
1.2586342393439187,2283.641031216012,573178.3558884863,0.8966198243808592,inf,-1000000.0,orbit_fail_halo_down,54.0,inf,inf,inf,inf,0.0,0.0,0.0,incomplete_orbit_coverage,1.0,inf,inf,0.0,0.0,0.0,0.0,0.0,nonsingular_isothermal,1.0,0.01,2.0,0.3,1.0,0.0,severe_coverage_warn,0.0,multiple,multiple,1;2;3;4;5;6;7;8,Lfrac minimum coverage 0.673 is below 0.8 | Lfrac coverage gap 0.327 exceeds 0.1 | third_integral minimum coverage 0.771 is below 0.8 | third_integral coverage gap 0.229 exceeds 0.1 | 17 planned shell-band/Lfrac/third-integral cells have no successful orbit,0.9204633204633205,1.0,0.9204633204633205,0.896049896049896,0.6730158730158731,0.7714285714285715,0.04365904365904372,0.32698412698412693,0.22857142857142854,17.0,0.0,3576.0,3885.0,0.0,not_computed,not_computed,0.0,0.0,0.0,0.0,0.0,0.0,0.0,,,,,,,,,
2.5172684786878374,2283.641031216012,573178.3558884863,1.6,inf,-1000000.0,orbit_fail_ml_up,54.0,inf,inf,inf,inf,0.0,0.0,0.0,incomplete_orbit_coverage,1.0,inf,inf,0.0,0.0,0.0,0.0,0.0,nonsingular_isothermal,1.0,0.01,2.0,0.3,1.0,0.0,severe_coverage_warn,0.0,multiple,multiple,1;2;3;4;5;7;8,Lfrac minimum coverage 0.655 is below 0.8 | Lfrac coverage gap 0.345 exceeds 0.1 | third_integral minimum coverage 0.776 is below 0.8 | third_integral coverage gap 0.224 exceeds 0.1 | 16 planned shell-band/Lfrac/third-integral cells have no successful orbit,0.916087516087516,1.0,0.916087516087516,0.8918918918918919,0.6550264550264551,0.7761904761904762,0.0498960498960499,0.34497354497354493,0.2238095238095238,16.0,0.0,3559.0,3885.0,0.0,not_computed,not_computed,0.0,0.0,0.0,0.0,0.0,0.0,0.0,,,,,,,,,
2.5172684786878374,2283.641031216012,573178.3558884863,0.4483099121904296,inf,-1000000.0,orbit_fail_ml_down,54.0,inf,inf,inf,inf,0.0,0.0,0.0,incomplete_orbit_coverage,1.0,inf,inf,0.0,0.0,0.0,0.0,0.0,nonsingular_isothermal,1.0,0.01,2.0,0.3,1.0,0.0,severe_coverage_warn,0.0,multiple,multiple,1;2;3;4;7;8,Lfrac minimum coverage 0.695 is below 0.8 | Lfrac coverage gap 0.305 exceeds 0.1 | third_integral minimum coverage 0.798 is below 0.8 | third_integral coverage gap 0.202 exceeds 0.1 | 12 planned shell-band/Lfrac/third-integral cells have no successful orbit,0.9258687258687258,1.0,0.9258687258687258,0.9043659043659044,0.6952380952380952,0.7976190476190477,0.04158004158004158,0.3047619047619048,0.20238095238095233,12.0,0.0,3597.0,3885.0,0.0,not_computed,not_computed,0.0,0.0,0.0,0.0,0.0,0.0,0.0,,,,,,,,,
18.3389276687285,2168.986329975987,164948.36006514024,1.1549863640916394,inf,-1000000.0,solver_failed_full,55.0,inf,0.0,0.8483814785513338,2.6338013971011462,0.0,0.0,1000.0,light_constraint_failed,2.0,47.74794045788838,104.00833145420428,32.0,32.0,7686.0,502.9474830272064,0.011664248688254669,nonsingular_isothermal,1.0,0.01,2.0,0.3,1.0,0.0,strict_pass,1.0,none,none,,,0.9902187902187902,1.0,0.9902187902187902,0.975051975051975,0.9597883597883597,0.95,0.02494802494802495,0.040211640211640254,0.050000000000000044,0.0,0.0,3847.0,3885.0,1.0,inverse_phase_volume,geometric_mean,3847.0,3847.0,3847.0,0.0,420.0,0.0,0.0,8.236897724921175e+42,7.29659246065018e+49,8858423.042663198,8.664508340983664e-05,767.5388034111731,0.001302865725557717,11541.33576477661,8858423.042663215,0.0
18.3389276687285,2168.986329975987,0.0,1.1549863640916394,inf,-1000000.0,solver_failed_halo_only,55.0,inf,0.0,2.152240870946706,4.293374957985013,0.0,0.0,1000.0,light_constraint_failed,2.0,532.0686981178467,549.5486358752346,32.0,32.0,6777.0,80.21719724200281,0.030031786216217556,nonsingular_isothermal,1.0,0.01,2.0,0.3,1.0,0.0,strict_pass,1.0,none,none,,,1.0,1.0,1.0,1.0,1.0,1.0,0.0,0.0,0.0,0.0,0.0,3885.0,3885.0,1.0,inverse_phase_volume,geometric_mean,3885.0,3885.0,3885.0,0.0,420.0,0.0,0.0,4.304988570481268e+34,9.087656851234262e+49,2110959576884155.2,6.877311258439551e-09,14517726.064216118,6.888131072157648e-08,145405662.53604436,2110959576884144.2,0.0
18.3389276687285,2168.986329975987,329896.7201302805,1.1549863640916394,inf,-1000000.0,solver_failed_bh_up,55.0,inf,0.0,1.1086311900235366,5.316808408842629,0.0,0.0,1000.0,light_constraint_failed,2.0,65.7510144131762,67.12637965247761,32.0,32.0,7606.0,254.0792663097453,0.023191710510388222,nonsingular_isothermal,1.0,0.01,2.0,0.3,1.0,0.0,strict_pass,1.0,none,none,,,0.9822393822393822,1.0,0.9822393822393822,0.9625779625779626,0.9291005291005291,0.9261904761904762,0.037422037422037424,0.0708994708994709,0.07380952380952377,0.0,0.0,3816.0,3885.0,1.0,inverse_phase_volume,geometric_mean,3816.0,3816.0,3816.0,0.0,420.0,0.0,0.0,1.5168617206355587e+43,2.9168840520289315e+50,19229729.462793544,5.622859557457338e-05,1081.2606809718686,0.000924846355368412,17784.545208385054,19229729.462793406,0.0
18.3389276687285,2168.986329975987,82474.18003257012,1.1549863640916394,inf,-1000000.0,solver_failed_bh_down,55.0,inf,0.0,1.042879817461404,2.0906652392688057,0.0,0.0,1000.0,light_constraint_failed,2.0,29.23395048075157,117.25963464585159,32.0,32.0,7673.0,412.21984846817907,0.014630718803772085,nonsingular_isothermal,1.0,0.01,2.0,0.3,1.0,0.0,strict_pass,1.0,none,none,,,0.9935649935649936,1.0,0.9935649935649936,0.9691119691119691,0.9735449735449735,0.9714285714285714,0.030888030888030937,0.02645502645502651,0.02857142857142858,0.0,0.0,3860.0,3885.0,1.0,inverse_phase_volume,geometric_mean,3860.0,3860.0,3860.0,0.0,420.0,0.0,0.0,6.365271328182032e+40,4.3894178949608356e+49,689588498.0624204,1.7464183215101192e-06,1204.309987318847,0.0008303509981066403,572600.4976489854,689588498.0624151,0.0
30.0,2168.986329975987,164948.36006514024,1.1549863640916394,inf,-1000000.0,solver_failed_halo_up,55.0,inf,0.0,1.2028418964717007,2.200181307638427,0.0,0.0,1000.0,light_constraint_failed,2.0,20.231758305714127,62.1541842363573,32.0,32.0,7676.0,419.41549179637184,0.015008282189248963,nonsingular_isothermal,1.0,0.01,2.0,0.3,1.0,0.0,strict_pass,1.0,none,none,,,0.9889317889317889,1.0,0.9889317889317889,0.9652509652509652,0.9544973544973545,0.95,0.03474903474903479,0.04550264550264549,0.050000000000000044,0.0,0.0,3842.0,3885.0,1.0,inverse_phase_volume,geometric_mean,3842.0,3842.0,3842.0,0.0,420.0,0.0,0.0,1.4838305414443933e+42,3.5775141044046615e+50,241099910.29853252,8.898815820921721e-06,2145.503696187378,0.00046609101712433723,112374.50241962892,241099910.2985313,0.0
9.16946383436425,2168.986329975987,164948.36006514024,1.1549863640916394,inf,-1000000.0,solver_failed_halo_down,55.0,inf,0.0,1.8108931505857544,8.684738456930344,0.0,0.0,1000.0,light_constraint_failed,2.0,238.53694672761932,132.55315724066335,32.0,32.0,7575.0,439.95642521911265,0.011056408133687622,nonsingular_isothermal,1.0,0.01,2.0,0.3,1.0,0.0,strict_pass,1.0,none,none,,,0.9768339768339769,1.0,0.9768339768339769,0.9584199584199584,0.9047619047619048,0.9071428571428571,0.04158004158004158,0.09523809523809523,0.09285714285714286,0.0,0.0,3795.0,3885.0,1.0,inverse_phase_volume,geometric_mean,3795.0,3795.0,3795.0,0.0,420.0,0.0,0.0,1.2833666842242031e+42,7.429841133347421e+49,57893361.45841101,2.3981831932618284e-05,1388.388864509944,0.000720259305992754,41698.23234562307,57893361.45841143,0.0
18.3389276687285,2168.986329975987,164948.36006514024,1.6,inf,-1000000.0,solver_failed_ml_up,55.0,inf,0.0,0.8528188889216636,2.637823522507216,0.0,0.0,1000.0,light_constraint_failed,2.0,48.1594845915099,104.39967702865304,32.0,32.0,7671.0,499.67781181003505,0.013757856293406747,nonsingular_isothermal,1.0,0.01,2.0,0.3,1.0,0.0,strict_pass,1.0,none,none,,,0.9884169884169884,1.0,0.9884169884169884,0.9652509652509652,0.9544973544973545,0.9571428571428572,0.03474903474903479,0.04550264550264549,0.042857142857142816,0.0,0.0,3840.0,3885.0,1.0,inverse_phase_volume,geometric_mean,3840.0,3840.0,3840.0,0.0,420.0,0.0,0.0,1.923601618940219e+42,7.252327255771738e+49,37701815.097074546,1.9564415235949765e-05,737.6139657081701,0.00135572270386708,51113.20670410288,37701815.09707475,0.0
18.3389276687285,2168.986329975987,164948.36006514024,0.5774931820458197,inf,-1000000.0,solver_failed_ml_down,55.0,inf,0.0,0.857039090690763,2.6591557755459005,0.0,0.0,1000.0,light_constraint_failed,2.0,48.236449078740755,103.91789751021562,32.0,32.0,7629.0,508.98234543052405,0.01242707005403284,nonsingular_isothermal,1.0,0.01,2.0,0.3,1.0,0.0,strict_pass,1.0,none,none,,,0.983011583011583,1.0,0.983011583011583,0.9536679536679536,0.9301587301587302,0.9261904761904762,0.04633204633204635,0.06984126984126982,0.07380952380952377,0.0,0.0,3819.0,3885.0,1.0,inverse_phase_volume,geometric_mean,3819.0,3819.0,3819.0,0.0,420.0,0.0,0.0,1.0628005465971729e+43,7.447342917982449e+49,7007281.791326715,0.00011222036210330165,786.3596999825534,0.0012716826663703475,8911.038792402709,7007281.7913266895,0.0
17.589359868167765,2389.6639899314946,1991398.4550629274,0.22441153396158608,inf,-1000000.0,orbit_fail_full,56.0,inf,inf,inf,inf,0.0,0.0,0.0,incomplete_orbit_coverage,1.0,inf,inf,0.0,0.0,0.0,0.0,0.0,nonsingular_isothermal,1.0,0.01,2.0,0.3,1.0,0.0,severe_coverage_warn,0.0,none,multiple,,Lfrac coverage gap 0.105 exceeds 0.1 | third_integral coverage gap 0.105 exceeds 0.1,0.9745173745173745,1.0,0.9745173745173745,0.9555984555984556,0.8952380952380953,0.8952380952380953,0.044401544401544424,0.10476190476190472,0.10476190476190472,0.0,0.0,3786.0,3885.0,0.0,not_computed,not_computed,0.0,0.0,0.0,0.0,0.0,0.0,0.0,,,,,,,,,
17.589359868167765,2389.6639899314946,0.0,0.22441153396158608,inf,-1000000.0,solver_failed_halo_only,56.0,inf,0.0,2.155706117975355,4.73760084142721,0.0,0.0,1000.0,light_constraint_failed,2.0,694.587118017765,551.4231826648268,32.0,32.0,6586.0,79.64083477613084,0.03004629109183394,nonsingular_isothermal,1.0,0.01,2.0,0.3,1.0,0.0,strict_pass,1.0,none,none,,,1.0,1.0,1.0,1.0,1.0,1.0,0.0,0.0,0.0,0.0,0.0,3885.0,3885.0,1.0,inverse_phase_volume,geometric_mean,3885.0,3885.0,3885.0,0.0,420.0,0.0,0.0,1.0442130584310031e+32,5.236759741640987e+49,5.015029930299429e+17,1.2060973336219034e-10,60486142.269682445,1.6532712493738113e-08,8291204798.513282,5.0150299302994816e+17,0.0
17.589359868167765,2389.6639899314946,2500000.0,0.22441153396158608,inf,-1000000.0,orbit_fail_bh_up,56.0,inf,inf,inf,inf,0.0,0.0,0.0,incomplete_orbit_coverage,1.0,inf,inf,0.0,0.0,0.0,0.0,0.0,nonsingular_isothermal,1.0,0.01,2.0,0.3,1.0,0.0,severe_coverage_warn,0.0,none,multiple,,Lfrac coverage gap 0.108 exceeds 0.1 | third_integral coverage gap 0.121 exceeds 0.1,0.9737451737451738,1.0,0.9737451737451738,0.9498069498069498,0.8920634920634921,0.8785714285714286,0.050193050193050204,0.10793650793650789,0.12142857142857144,0.0,0.0,3783.0,3885.0,0.0,not_computed,not_computed,0.0,0.0,0.0,0.0,0.0,0.0,0.0,,,,,,,,,
17.589359868167765,2389.6639899314946,995699.2275314637,0.22441153396158608,inf,-1000000.0,orbit_fail_bh_down,56.0,inf,inf,inf,inf,0.0,0.0,0.0,incomplete_orbit_coverage,1.0,inf,inf,0.0,0.0,0.0,0.0,0.0,nonsingular_isothermal,1.0,0.01,2.0,0.3,1.0,0.0,severe_coverage_warn,0.0,middle,multiple,4,third_integral coverage gap 0.112 exceeds 0.1 | 1 planned shell-band/Lfrac/third-integral cells have no successful orbit,0.9794079794079794,1.0,0.9794079794079794,0.9542619542619543,0.9153439153439153,0.888095238095238,0.04573804573804574,0.08465608465608465,0.11190476190476195,1.0,0.0,3805.0,3885.0,0.0,not_computed,not_computed,0.0,0.0,0.0,0.0,0.0,0.0,0.0,,,,,,,,,
30.0,2389.6639899314946,1991398.4550629274,0.22441153396158608,inf,-1000000.0,orbit_fail_halo_up,56.0,inf,inf,inf,inf,0.0,0.0,0.0,incomplete_orbit_coverage,1.0,inf,inf,0.0,0.0,0.0,0.0,0.0,nonsingular_isothermal,1.0,0.01,2.0,0.3,1.0,0.0,severe_coverage_warn,0.0,none,theta,,third_integral coverage gap 0.107 exceeds 0.1,0.9809523809523809,1.0,0.9809523809523809,0.9625779625779626,0.9216931216931217,0.8928571428571429,0.037422037422037424,0.07830687830687832,0.1071428571428571,0.0,0.0,3811.0,3885.0,0.0,not_computed,not_computed,0.0,0.0,0.0,0.0,0.0,0.0,0.0,,,,,,,,,
8.794679934083883,2389.6639899314946,1991398.4550629274,0.22441153396158608,inf,-1000000.0,orbit_fail_halo_down,56.0,inf,inf,inf,inf,0.0,0.0,0.0,incomplete_orbit_coverage,1.0,inf,inf,0.0,0.0,0.0,0.0,0.0,nonsingular_isothermal,1.0,0.01,2.0,0.3,1.0,0.0,severe_coverage_warn,0.0,inner,multiple,1,Lfrac coverage gap 0.139 exceeds 0.1 | third_integral coverage gap 0.126 exceeds 0.1 | 2 planned shell-band/Lfrac/third-integral cells have no successful orbit,0.9662805662805662,1.0,0.9662805662805662,0.9324324324324325,0.8613756613756614,0.8738095238095238,0.06756756756756754,0.13862433862433865,0.1261904761904762,2.0,0.0,3754.0,3885.0,0.0,not_computed,not_computed,0.0,0.0,0.0,0.0,0.0,0.0,0.0,,,,,,,,,
17.589359868167765,2389.6639899314946,1991398.4550629274,0.44882306792317217,inf,-1000000.0,orbit_fail_ml_up,56.0,inf,inf,inf,inf,0.0,0.0,0.0,incomplete_orbit_coverage,1.0,inf,inf,0.0,0.0,0.0,0.0,0.0,nonsingular_isothermal,1.0,0.01,2.0,0.3,1.0,0.0,severe_coverage_warn,0.0,none,multiple,,Lfrac coverage gap 0.101 exceeds 0.1 | third_integral coverage gap 0.119 exceeds 0.1,0.9755469755469756,1.0,0.9755469755469756,0.9594594594594594,0.8994708994708994,0.8809523809523809,0.04054054054054057,0.10052910052910058,0.11904761904761907,0.0,0.0,3790.0,3885.0,0.0,not_computed,not_computed,0.0,0.0,0.0,0.0,0.0,0.0,0.0,,,,,,,,,
17.589359868167765,2389.6639899314946,1991398.4550629274,0.2,inf,-1000000.0,solver_failed_ml_down,56.0,inf,0.0,2.360886466530515,11.322413739149548,0.0,0.0,1000.0,light_constraint_failed,2.0,111.75735542209833,15.819128813793222,32.0,32.0,7584.0,419.0958914053005,0.012153439086421422,nonsingular_isothermal,1.0,0.01,2.0,0.3,1.0,0.0,strict_pass,1.0,none,none,,,0.9778635778635779,1.0,0.9778635778635779,0.9633204633204633,0.908994708994709,0.9,0.03667953667953672,0.09100529100529098,0.09999999999999998,0.0,0.0,3799.0,3885.0,1.0,inverse_phase_volume,geometric_mean,3799.0,3799.0,3799.0,0.0,420.0,0.0,0.0,1.309181476511557e+43,1.0735120847144567e+52,819987224.0592155,2.916021073715058e-06,2391.100025533782,0.0004182175523070236,342933.0497690759,819987224.0592151,0.0
24.167002664866178,1231.96416795775,49997.71947127585,1.3217288228437092,inf,-1000000.0,solver_failed_full,57.0,inf,0.0,1.4916912880224167,3.3305063604715452,0.0,0.0,1000.0,light_constraint_failed,2.0,31.516491338948573,37.22958475237535,32.0,32.0,5731.0,228.7433637480123,0.021353342995413784,nonsingular_isothermal,1.0,0.01,2.0,0.3,1.0,0.0,strict_pass,1.0,none,none,,,0.9956241956241956,1.0,0.9956241956241956,0.972972972972973,0.9841269841269841,0.9857142857142858,0.027027027027026973,0.015873015873015928,0.014285714285714235,0.0,0.0,3868.0,3885.0,1.0,inverse_phase_volume,geometric_mean,3868.0,3868.0,3868.0,0.0,420.0,0.0,0.0,2.1255925517248723e+40,9.212155298543157e+50,43339233998.856895,3.198272933500352e-07,13861.069905718336,7.214450304355319e-05,3126687.4991358207,43339233998.85725,0.0
24.167002664866178,1231.96416795775,0.0,1.3217288228437092,inf,-1000000.0,solver_failed_halo_only,57.0,inf,0.0,1.3466986350692163,3.0543358333448394,0.0,0.0,1000.0,light_constraint_failed,2.0,195.91856504406636,174.712498366764,32.0,32.0,4602.0,100.4943031405721,0.029164541647962467,nonsingular_isothermal,1.0,0.01,2.0,0.3,1.0,0.0,strict_pass,1.0,none,none,,,0.9981981981981982,1.0,0.9981981981981982,0.9864864864864865,0.9925925925925926,0.9976190476190476,0.013513513513513487,0.007407407407407418,0.0023809523809523725,0.0,0.0,3878.0,3885.0,1.0,inverse_phase_volume,geometric_mean,3878.0,3878.0,3878.0,0.0,420.0,0.0,0.0,3.1815201981556816e+34,2.3197644089307525e+51,7.291370993890008e+16,4.1307763150757066e-10,30119022.60599095,3.3201608600708404e-08,2420852459.01695,7.29137099389003e+16,0.0
