v0,r_c,MBH,ML,chi2,reward,status,proposal_id,chi2_losvd,delta_chi2_iteration,max_light_relative_residual,max_light_sigma_residual,light_constraint_ok,solver_converged,solver_iterations,solver_failure_reason,julia_status_code,chi2_inner,chi2_outer,N_inner,N_outer,N_nonzero_weights,effective_N_orbits,max_weight_fraction,halo_type,alphat,light_rel_tol,light_sigma_tol,delta_chi2_iter_tol,halo_q_axis_ratio,karl_halo_params_active,coverage_status,coverage_strict,coverage_issue_region,coverage_issue_axis,coverage_issue_shell_bands,coverage_reasons,coverage_fraction,coverage_attempted_fraction,coverage_success_fraction,coverage_shell_min,coverage_lfrac_min,coverage_theta_min,coverage_shell_gap,coverage_lfrac_gap,coverage_theta_gap,coverage_joint_holes,coverage_deadline_hit,successful_base_orbits,planned_base_orbits,phase_volume_valid,phase_volume_convention,phase_volume_normalization,phase_volume_launches_recorded,phase_volume_sos_recorded,phase_volume_valid_base_orbits,phase_volume_invalid_recorded_orbits,phase_volume_nested_groups,phase_volume_duplicate_area_clusters,phase_volume_duplicate_area_orbits,raw_phase_volume_min,raw_phase_volume_max,raw_phase_volume_dynamic_range,normalized_phase_volume_min,normalized_phase_volume_max,wphase_min,wphase_max,wphase_dynamic_range,wphase_pair_max_relative_mismatch
9.23,14.24,450400.0,0.415,,,todo,,,,,,,,,,,,,,,,,,,,,,,,,,,,,,,,,,,,,,,,,,,,,,,,,,,,,,,,,,,,,,
13.320825619743976,27.64513174995341,264932.6776731905,1.433594982833482,17.792072804138453,-1000000.0,solver_failed_full,1.0,17.792072804138453,0.34535420306472275,0.873654128091384,1.8096562811103425,1.0,0.0,80.0,active_set_max_passes,2.0,10.012673829785806,7.779398974352647,32.0,32.0,6878.0,69.96769851514439,0.06878674311940793,nonsingular_isothermal,1.0,0.01,2.0,0.3,1.0,0.0,strict_pass,1.0,none,none,,,0.9987129987129987,1.0,0.9987129987129987,0.9903474903474904,0.9947089947089947,0.9952380952380953,0.009652509652509633,0.005291005291005346,0.004761904761904745,0.0,0.0,3880.0,3885.0,1.0,inverse_phase_volume,geometric_mean,3880.0,3880.0,3880.0,0.0,420.0,0.0,0.0,6.968700894035796e+41,1.8530929528264548e+52,26591655762.01492,3.243789273894589e-08,862.5772773592084,0.0011593164186535414,30828143.1240868,26591655762.014797,0.0
18.817340221802777,242.97601456714318,188929.76596452238,3.288536761231384,14.500237429975318,-1000000.0,solver_failed_full,2.0,14.500237429975318,0.190608940658322,0.727221517991147,1.6813148826591442,1.0,0.0,96.0,active_set_max_passes,2.0,9.350304849389314,5.149932580586,32.0,32.0,5794.0,64.38829358634733,0.041757531327079093,nonsingular_isothermal,1.0,0.01,2.0,0.3,1.0,0.0,strict_pass,1.0,none,none,,,0.9963963963963964,1.0,0.9963963963963964,0.972972972972973,0.9851851851851852,0.9857142857142858,0.027027027027026973,0.014814814814814836,0.014285714285714235,0.0,0.0,3871.0,3885.0,1.0,inverse_phase_volume,geometric_mean,3871.0,3871.0,3871.0,0.0,420.0,0.0,0.0,3.6528939475253257e+42,1.8827535562191167e+52,5154142395.769795,1.4244927285199846e-06,7342.038364530632,0.00013620195786922027,702004.2854405983,5154142395.769785,0.0
18.090679229426684,104.90274594299399,1151.3164204638883,0.21705875459895463,15.548719949736876,-1000000.0,solver_failed_full,3.0,15.548719949736876,0.22296623877275046,0.6914872083323307,1.7356935329515069,1.0,0.0,94.0,active_set_max_passes,2.0,10.473222735365294,5.075497214371588,32.0,32.0,3816.0,54.321414068158546,0.08125240354563312,nonsingular_isothermal,1.0,0.01,2.0,0.3,1.0,0.0,strict_pass,1.0,none,none,,,1.0,1.0,1.0,1.0,1.0,1.0,0.0,0.0,0.0,0.0,0.0,3885.0,3885.0,1.0,inverse_phase_volume,geometric_mean,3885.0,3885.0,3885.0,0.0,420.0,0.0,0.0,2.3310144491781887e+39,4.2601109672077833e+52,18275781039065.234,1.7097298427140809e-09,31246.648241397805,3.200343256897321e-05,584887726.12904,18275781039065.13,0.0
5.77024038703296,1.0791361400607162,3261.941893901644,4.00528833790022,58.37670999099288,-1000000.0,solver_failed_full,4.0,58.37670999099288,0.05525853137574188,0.860361817433407,1.7826802960688632,1.0,0.0,82.0,active_set_max_passes,2.0,12.584828304589069,45.79188168640381,32.0,32.0,4083.0,40.11766959832853,0.06529627919604176,nonsingular_isothermal,1.0,0.01,2.0,0.3,1.0,0.0,strict_pass,1.0,none,none,,,0.9981981981981982,1.0,0.9981981981981982,0.9864864864864865,0.9925925925925926,0.9976190476190476,0.013513513513513487,0.007407407407407418,0.0023809523809523725,0.0,0.0,3878.0,3885.0,1.0,inverse_phase_volume,geometric_mean,3878.0,3878.0,3878.0,0.0,420.0,0.0,0.0,7.436459755539882e+43,6.215755862276563e+50,8358487.864667134,6.1040744947769e-05,510.2083258961654,0.0019599836953729253,16382.49993271993,8358487.864667078,0.0
15.304300641327911,267.62842029855915,23091.366086091013,4.905241297652682,21.99814096164573,-1000000.0,solver_failed_full,5.0,21.99814096164573,0.0614392201418994,0.7975865026933621,1.8425489673739075,1.0,0.0,89.0,active_set_max_passes,2.0,13.00147366621271,8.996667295433022,32.0,32.0,1101.0,32.38966418721438,0.09835180864458455,nonsingular_isothermal,1.0,0.01,2.0,0.3,1.0,0.0,strict_pass,1.0,none,none,,,0.9992277992277993,1.0,0.9992277992277993,0.9942084942084942,0.9968253968253968,0.9952380952380953,0.00579150579150578,0.0031746031746031633,0.004761904761904745,0.0,0.0,3882.0,3885.0,1.0,inverse_phase_volume,geometric_mean,3882.0,3882.0,3882.0,0.0,420.0,0.0,0.0,9.112362219885431e+39,8.963612783117808e+51,983676083854.1936,3.7684021680802776e-08,37068.87087084841,2.6976813064635778e-05,26536445.83028743,983676083854.1885,0.0
13.551629497470048,4.50760539329497,82265.21652694757,0.8400170235881779,17.03806710928863,-1000000.0,solver_failed_full,6.0,17.03806710928863,0.30197185594314746,0.8718830143715214,1.6877712599631183,1.0,0.0,87.0,active_set_max_passes,2.0,8.872578948610904,8.165488160677727,32.0,32.0,6667.0,69.3957831481829,0.07262301354456593,nonsingular_isothermal,1.0,0.01,2.0,0.3,1.0,0.0,strict_pass,1.0,none,none,,,0.9981981981981982,1.0,0.9981981981981982,0.9864864864864865,0.9925925925925926,0.9976190476190476,0.013513513513513487,0.007407407407407418,0.0023809523809523725,0.0,0.0,3878.0,3885.0,1.0,inverse_phase_volume,geometric_mean,3878.0,3878.0,3878.0,0.0,420.0,0.0,0.0,7.221961071450542e+43,2.1232813916016417e+52,294003439.0375324,1.968214889765201e-06,578.6619463558447,0.0017281246957702241,508074.60364213353,294003439.0375314,0.0
21.906463973562662,19.787971165644112,1075053.021067079,4.172633458415789,23.274087073678324,-1000000.0,solver_failed_full,7.0,23.274087073678324,0.34477145741350057,0.9714567916021843,1.862921260092774,1.0,0.0,74.0,reduced_spear_inconsistent,2.0,13.257171308628926,10.016915765049395,32.0,32.0,7084.0,100.17006389578901,0.05813397997121971,nonsingular_isothermal,1.0,0.01,2.0,0.3,1.0,0.0,strict_pass,1.0,none,none,,,0.9994851994851995,1.0,0.9994851994851995,0.9961389961389961,0.9978835978835979,0.9976190476190476,0.0038610038610038533,0.002116402116402072,0.0023809523809523725,0.0,0.0,3883.0,3885.0,1.0,inverse_phase_volume,geometric_mean,3883.0,3883.0,3883.0,0.0,420.0,0.0,0.0,1.7475167832211025e+41,1.3832037407488571e+53,791525296941.2249,7.331666547304198e-10,580.3199540929033,0.0017231873433735318,1363946373.649103,791525296941.2294,0.0
24.49926175379099,219.09667054020719,34027.648193350586,4.064877351752146,19.026158716931608,-1000000.0,solver_failed_full,8.0,19.026158716931608,0.153061835193256,0.7625788789068613,1.8097882267487446,1.0,0.0,92.0,reduced_spear_inconsistent,2.0,13.36109332992866,5.665065387002949,32.0,32.0,3155.0,57.830369074193015,0.046971070398116245,nonsingular_isothermal,1.0,0.01,2.0,0.3,1.0,0.0,strict_pass,1.0,none,none,,,0.9984555984555985,1.0,0.9984555984555985,0.9884169884169884,0.9936507936507937,0.9952380952380953,0.01158301158301156,0.006349206349206327,0.004761904761904745,0.0,0.0,3879.0,3885.0,1.0,inverse_phase_volume,geometric_mean,3879.0,3879.0,3879.0,0.0,420.0,0.0,0.0,1.2680691436035393e+39,9.255124176936805e+52,72985958404728.84,7.126944380231939e-10,52016.68660884215,1.9224600127260184e-05,1403125865.2357492,72985958404728.45,0.0
18.68078541842375,304.0490742108145,2460263.3562039244,3.093423297240227,10.024627573893211,-1000000.0,solver_failed_full,9.0,10.024627573893211,0.13762690263763844,0.541547226363979,0.9468891702372638,1.0,0.0,87.0,reduced_spear_inconsistent,2.0,5.828039761135559,4.1965878127576515,32.0,32.0,6534.0,86.38232418718036,0.06490466528508314,nonsingular_isothermal,1.0,0.01,2.0,0.3,1.0,0.0,strict_pass,1.0,none,none,,,0.9842985842985843,1.0,0.9842985842985843,0.9604989604989606,0.9354497354497354,0.9404761904761905,0.03950103950103945,0.06455026455026458,0.059523809523809534,0.0,0.0,3824.0,3885.0,1.0,inverse_phase_volume,geometric_mean,3824.0,3824.0,3824.0,0.0,420.0,0.0,0.0,1.1751885057095892e+45,2.8252376591054717e+52,24040718.960228156,3.456275612513728e-05,830.9135064953296,0.0012034946985250634,28932.87781736556,24040718.960228156,0.0
0.8879614337541419,31.57437244782867,49840.35791430504,2.7589842413478003,558.1933578709803,-1000000.0,solver_failed_full,10.0,558.1933578709803,8.591342459149587,0.909787004664761,4.363185196471566,0.0,0.0,31.0,active_set_max_passes,2.0,173.4985049597216,384.6948529112588,32.0,32.0,6348.0,134.76436034451496,0.03886920069379507,nonsingular_isothermal,1.0,0.01,2.0,0.3,1.0,0.0,severe_coverage_warn,0.0,multiple,multiple,1;2;3;4;5,shell_band coverage gap 0.164 exceeds 0.1 | Lfrac minimum coverage 0.715 is below 0.8 | Lfrac coverage gap 0.285 exceeds 0.1 | third_integral minimum coverage 0.762 is below 0.8 | third_integral coverage gap 0.238 exceeds 0.1 | 10 planned shell-band/Lfrac/third-integral cells have no successful orbit,0.922007722007722,1.0,0.922007722007722,0.8357588357588358,0.7153439153439154,0.7619047619047619,0.1642411642411642,0.2846560846560846,0.23809523809523814,10.0,0.0,3582.0,3885.0,1.0,inverse_phase_volume,geometric_mean,3582.0,3582.0,3582.0,0.0,420.0,0.0,0.0,7.959526840148228e+39,6.86347487129348e+48,862296843.6608304,5.029969272376565e-07,433.7326627281279,0.0023055676593736717,1988083.7155244069,862296843.660831,0.0
16.56283474479602,17.25330576657638,301281.23096419475,3.9641771259789103,15.7860484756728,-1000000.0,solver_failed_full,11.0,15.7860484756728,0.25995068916710196,0.8805577489507926,1.6849646770216797,1.0,0.0,88.0,active_set_max_passes,2.0,9.437847355573771,6.34820112009903,32.0,32.0,6411.0,60.66231741519633,0.07218501476109097,nonsingular_isothermal,1.0,0.01,2.0,0.3,1.0,0.0,strict_pass,1.0,none,none,,,0.9987129987129987,1.0,0.9987129987129987,0.9903474903474904,0.9968253968253968,0.9976190476190476,0.009652509652509633,0.0031746031746031633,0.0023809523809523725,0.0,0.0,3880.0,3885.0,1.0,inverse_phase_volume,geometric_mean,3880.0,3880.0,3880.0,0.0,420.0,0.0,0.0,1.1947548362114497e+42,3.562980635240904e+52,29821855725.138256,1.889504211299217e-08,563.4852198140633,0.0017746694408949648,52923936.02618135,29821855725.138218,0.0
3.532242688902809,183.48091582874252,23047.714208276397,1.9791982936941332,132.26956382262887,-1000000.0,solver_failed_full,12.0,132.26956382262887,0.37584901393177006,0.6372837438292792,1.5656603449620357,1.0,0.0,96.0,active_set_max_passes,2.0,28.65669990095427,103.61286392167463,32.0,32.0,321.0,39.65356239120491,0.052764160247858134,nonsingular_isothermal,1.0,0.01,2.0,0.3,1.0,0.0,strict_pass,1.0,none,none,,,0.9966537966537966,1.0,0.9966537966537966,0.9806949806949807,0.9862433862433863,0.9833333333333333,0.019305019305019266,0.013756613756613745,0.01666666666666672,0.0,0.0,3872.0,3885.0,1.0,inverse_phase_volume,geometric_mean,3872.0,3872.0,3872.0,0.0,420.0,0.0,0.0,4.231959472691125e+38,3.357253155178268e+49,79330938229.50468,2.4413786367918595e-08,1936.7685783016996,0.0005163239486655,40960463.27799727,79330938229.50574,0.0
22.925390446955927,21.10225625517448,725.5191541517154,1.937833527223413,13.278332486840165,-1000000.0,solver_failed_full,13.0,13.278332486840165,0.2672979816423524,0.6844424975940279,1.399159072213935,1.0,0.0,108.0,active_set_max_passes,2.0,7.648410835734317,5.62992165110585,32.0,32.0,6684.0,48.4960694982753,0.0731228800350693,nonsingular_isothermal,1.0,0.01,2.0,0.3,1.0,0.0,strict_pass,1.0,none,none,,,1.0,1.0,1.0,1.0,1.0,1.0,0.0,0.0,0.0,0.0,0.0,3885.0,3885.0,1.0,inverse_phase_volume,geometric_mean,3885.0,3885.0,3885.0,0.0,420.0,0.0,0.0,3.1543206579490504e+41,1.1699292674031698e+53,370897379901.7192,4.0779545332240805e-09,1512.5026517311503,0.000661155865647865,245220978.2754463,370897379901.71936,0.0
1.1289990964868712,8.056481207813157,5196.186968888793,1.1779660282282325,511.2579807133967,-1000000.0,solver_failed_full,14.0,511.2579807133967,1.4066487800479308,1.171150428884397,1.8234589761803883,1.0,0.0,60.0,active_set_max_passes,2.0,71.1971856387951,440.06079507460163,32.0,32.0,331.0,24.63991237294264,0.0884211833745894,nonsingular_isothermal,1.0,0.01,2.0,0.3,1.0,0.0,strict_pass,1.0,none,none,,,0.9969111969111969,1.0,0.9969111969111969,0.9768339768339769,0.9873015873015873,0.9880952380952381,0.02316602316602312,0.012698412698412653,0.011904761904761862,0.0,0.0,3873.0,3885.0,1.0,inverse_phase_volume,geometric_mean,3873.0,3873.0,3873.0,0.0,420.0,0.0,0.0,1.2431180154853614e+39,1.6440123774288302e+48,1322490991.9650261,3.823995073072053e-07,505.71990374564274,0.001977379163037571,2615066.130816528,1322490991.965025,0.0
23.370055002804424,36.093755868850025,730998.494774006,1.0471242974204493,17.072657329332806,-1000000.0,solver_failed_full,15.0,17.072657329332806,0.3205643585689373,0.8238938423352163,1.5723120372685746,1.0,0.0,95.0,reduced_spear_inconsistent,2.0,9.372605336000378,7.7000519933324245,32.0,32.0,6492.0,63.258159510068715,0.0784447948083627,nonsingular_isothermal,1.0,0.01,2.0,0.3,1.0,0.0,strict_pass,1.0,none,none,,,0.9974259974259975,1.0,0.9974259974259975,0.9806949806949807,0.9915343915343915,0.9904761904761905,0.019305019305019266,0.00846560846560851,0.00952380952380949,0.0,0.0,3875.0,3885.0,1.0,inverse_phase_volume,geometric_mean,3875.0,3875.0,3875.0,0.0,420.0,0.0,0.0,1.0568227801393549e+43,1.7622898628996312e+53,16675358404.625341,7.017519961392159e-08,1170.1966046782632,0.0008545572564491781,14250048.528563311,16675358404.625267,0.0
21.26937000936127,6.417371809647148,1796096.2536389786,0.7507027442144742,65.67966585411928,-1000000.0,solver_failed_full,16.0,65.67966585411928,1.250266299877353,1.8068110595957245,2.726629022823338,0.0,0.0,18.0,reduced_spear_inconsistent,2.0,33.30880570584683,32.37086014827245,32.0,32.0,7755.0,676.1812968817359,0.013581741267952753,nonsingular_isothermal,1.0,0.01,2.0,0.3,1.0,0.0,strict_pass,1.0,none,none,,,1.0,1.0,1.0,1.0,1.0,1.0,0.0,0.0,0.0,0.0,0.0,3885.0,3885.0,1.0,inverse_phase_volume,geometric_mean,3885.0,3885.0,3885.0,0.0,420.0,0.0,0.0,4.093621998570032e+44,2.20900078581478e+53,539620117.9753332,9.739752261568335e-07,525.5766264438067,0.001902672131305134,1026720.1599632637,539620117.9753377,0.0
2.9147195247198887,1.328862831400071,1153.3194447870824,1.2236246532121722,180.9852343504699,-1000000.0,solver_failed_full,17.0,180.9852343504699,0.03228157718433522,0.8602508359329067,1.7705897383652818,1.0,0.0,83.0,active_set_max_passes,2.0,34.74601593477215,146.2392184156978,32.0,32.0,2607.0,45.628320512974284,0.0645960648081626,nonsingular_isothermal,1.0,0.01,2.0,0.3,1.0,0.0,strict_pass,1.0,none,none,,,0.9981981981981982,1.0,0.9981981981981982,0.9864864864864865,0.9925925925925926,0.9976190476190476,0.013513513513513487,0.007407407407407418,0.0023809523809523725,0.0,0.0,3878.0,3885.0,1.0,inverse_phase_volume,geometric_mean,3878.0,3878.0,3878.0,0.0,420.0,0.0,0.0,7.404096976346796e+42,4.0041984455368745e+49,5408084.818889769,9.411329587629727e-05,508.97268668428353,0.0019647419717441564,10625.491230425107,5408084.81888976,0.0
4.304665355387585,423.1544876892977,3022.365000178181,1.5055469139695543,122.53454490367734,-1000000.0,solver_failed_full,18.0,122.53454490367734,0.3307229217147949,1.367079075837473,2.9990300590132586,0.0,0.0,41.0,active_set_max_passes,2.0,36.49219530077551,86.04234960290184,32.0,32.0,2104.0,65.24761576896182,0.05845794343042176,nonsingular_isothermal,1.0,0.01,2.0,0.3,1.0,0.0,strict_pass,1.0,none,none,,,0.9997425997425997,1.0,0.9997425997425997,0.9980694980694981,0.9989417989417989,0.9976190476190476,0.0019305019305019266,0.0010582010582010914,0.0023809523809523725,0.0,0.0,3884.0,3885.0,1.0,inverse_phase_volume,geometric_mean,3884.0,3884.0,3884.0,0.0,420.0,0.0,0.0,2.945355414723171e+37,1.930058773465547e+49,655288921607.768,2.995407138232444e-08,19628.571133885394,5.094614341405982e-05,33384443.377873793,655288921607.7649,0.0
6.814201715940787,149.1005280097593,10117.439737591449,2.4346914481024213,77.45140671235043,-1000000.0,solver_failed_full,19.0,77.45140671235043,1.1097935074197807,1.3155229360191056,3.4697166546875815,0.0,0.0,26.0,active_set_max_passes,2.0,33.3983592392261,44.053047473124344,32.0,32.0,4858.0,208.08939687650457,0.021082284842868212,nonsingular_isothermal,1.0,0.01,2.0,0.3,1.0,0.0,strict_pass,1.0,none,none,,,0.9984555984555985,1.0,0.9984555984555985,0.9884169884169884,0.9936507936507937,0.9952380952380953,0.01158301158301156,0.006349206349206327,0.004761904761904745,0.0,0.0,3879.0,3885.0,1.0,inverse_phase_volume,geometric_mean,3879.0,3879.0,3879.0,0.0,420.0,0.0,0.0,2.0305591131663096e+38,8.187767662010673e+50,4032272495255.3833,3.957494145370798e-09,15957.694792512933,6.266569282106976e-05,252685149.5585232,4032272495255.3975,0.0
20.174179193069847,162.50748188726547,2298.6761606167106,3.497697825672797,13.483080205391959,-1000000.0,solver_failed_full,20.0,13.483080205391959,0.15263807451893996,0.6357102738604818,1.5608246077897716,1.0,0.0,105.0,active_set_max_passes,2.0,9.315017670906554,4.168062534485404,32.0,32.0,4822.0,55.2641629333346,0.08007489693002312,nonsingular_isothermal,1.0,0.01,2.0,0.3,1.0,0.0,strict_pass,1.0,none,none,,,0.9976833976833976,1.0,0.9976833976833976,0.9826254826254827,0.9957671957671957,0.9952380952380953,0.01737451737451734,0.004232804232804255,0.004761904761904745,0.0,0.0,3876.0,3885.0,1.0,inverse_phase_volume,geometric_mean,3876.0,3876.0,3876.0,0.0,420.0,0.0,0.0,3.9734969323532504e+39,6.152807983951993e+52,15484617425659.05,5.3834714838871965e-09,83360.99634993733,1.199601784750923e-05,185753747.0000563,15484617425658.875,0.0
17.813696757911927,2.824236322520624,682281.0617282112,4.1028534496312075,21.744078283452644,-1000000.0,solver_failed_full,21.0,21.744078283452644,0.3560864017475609,0.9999594779382379,1.699934177494439,1.0,0.0,73.0,reduced_spear_inconsistent,2.0,11.89565518209834,9.848423101354294,32.0,32.0,7241.0,88.48050509725189,0.06203404422212665,nonsingular_isothermal,1.0,0.01,2.0,0.3,1.0,0.0,strict_pass,1.0,none,none,,,0.9992277992277993,1.0,0.9992277992277993,0.9942084942084942,0.9968253968253968,0.9976190476190476,0.00579150579150578,0.0031746031746031633,0.0023809523809523725,0.0,0.0,3882.0,3885.0,1.0,inverse_phase_volume,geometric_mean,3882.0,3882.0,3882.0,0.0,420.0,0.0,0.0,5.127422234484762e+43,5.8874021899945e+52,1148218719.0277507,3.191759679531044e-07,366.4838210675555,0.002728633414394754,3133067.9637726583,1148218719.0277493,0.0
11.653636519057475,30.128289221520102,46365.55032186285,3.601574447474144,18.520592494874144,-1000000.0,solver_failed_full,22.0,18.520592494874144,0.02757200336125365,0.8416240270902466,1.6244812304346865,1.0,0.0,93.0,active_set_max_passes,2.0,8.516357723882942,10.0042347709912,32.0,32.0,4394.0,36.80964953095891,0.08879389989520742,nonsingular_isothermal,1.0,0.01,2.0,0.3,1.0,0.0,strict_pass,1.0,none,none,,,0.9997425997425997,1.0,0.9997425997425997,0.9980694980694981,0.9989417989417989,0.9976190476190476,0.0019305019305019266,0.0010582010582010914,0.0023809523809523725,0.0,0.0,3884.0,3885.0,1.0,inverse_phase_volume,geometric_mean,3884.0,3884.0,3884.0,0.0,420.0,0.0,0.0,3.3268333783430376e+42,8.190425070807509e+51,2461928248.0828156,5.457216865846402e-07,1343.5276357941138,0.0007443092150530523,1832435.881847445,2461928248.0828,0.0
17.590246786888812,15.191521151300504,26450.07170316972,4.058107735586841,16.125188691173186,-1000000.0,solver_failed_full,23.0,16.125188691173186,0.2795385274649682,0.8226873532312208,1.6984472989640815,1.0,0.0,88.0,active_set_max_passes,2.0,9.75631167108108,6.368877020092112,32.0,32.0,6517.0,60.46808430443816,0.07673517696959878,nonsingular_isothermal,1.0,0.01,2.0,0.3,1.0,0.0,strict_pass,1.0,none,none,,,1.0,1.0,1.0,1.0,1.0,1.0,0.0,0.0,0.0,0.0,0.0,3885.0,3885.0,1.0,inverse_phase_volume,geometric_mean,3885.0,3885.0,3885.0,0.0,420.0,0.0,0.0,2.8091132359194787e+42,5.856270971279882e+52,20847400867.993164,6.014262087076812e-08,1253.8173265446333,0.0007975643491511458,16627143.704773976,20847400867.993134,0.0
21.17363269116025,2.208208302597843,1085992.071506981,2.8405177263793684,24.235758639373735,-1000000.0,solver_failed_full,24.0,24.235758639373735,0.0052978169372970285,0.9334245054537543,1.5588704839109557,1.0,0.0,78.0,reduced_spear_inconsistent,2.0,11.973712639728333,12.262045999645409,32.0,32.0,5856.0,40.45037720678141,0.09081892950411401,nonsingular_isothermal,1.0,0.01,2.0,0.3,1.0,0.0,strict_pass,1.0,none,none,,,1.0,1.0,1.0,1.0,1.0,1.0,0.0,0.0,0.0,0.0,0.0,3885.0,3885.0,1.0,inverse_phase_volume,geometric_mean,3885.0,3885.0,3885.0,0.0,420.0,0.0,0.0,1.985439766591817e+41,1.4765440431882163e+53,743686143510.0773,5.846355938827758e-10,434.78539017340506,0.002299985286076818,1710467187.5323899,743686143510.0769,0.0
6.191145159289901,13.724377750240594,0.0,3.6751169469038873,52.57732564509982,-1000000.0,solver_failed_full,25.0,52.57732564509982,0.0314955264503638,0.9036332114185964,1.8505314112515268,1.0,0.0,79.0,active_set_max_passes,2.0,11.748949121361116,40.82837652373871,32.0,32.0,3910.0,53.44657838339436,0.053782597432096735,nonsingular_isothermal,1.0,0.01,2.0,0.3,1.0,0.0,strict_pass,1.0,none,none,,,1.0,1.0,1.0,1.0,1.0,1.0,0.0,0.0,0.0,0.0,0.0,3885.0,3885.0,1.0,inverse_phase_volume,geometric_mean,3885.0,3885.0,3885.0,0.0,420.0,0.0,0.0,5.152194294138285e+39,8.646193919626368e+50,167815758219.04172,8.746945502012735e-09,1467.8752915209209,0.0006812567837175475,114325623.7014273,167815758219.04367,0.0
13.330328404523433,7.011652031933795,12972.749838611848,4.1996033661157135,18.86005666080238,-1000000.0,solver_failed_full,26.0,18.86005666080238,0.34269801600036587,0.9278577465848118,1.763223359962913,1.0,0.0,81.0,active_set_max_passes,2.0,9.698577205467068,9.161479455335305,32.0,32.0,6761.0,58.2470761558274,0.07099593981066037,nonsingular_isothermal,1.0,0.01,2.0,0.3,1.0,0.0,strict_pass,1.0,none,none,,,1.0,1.0,1.0,1.0,1.0,1.0,0.0,0.0,0.0,0.0,0.0,3885.0,3885.0,1.0,inverse_phase_volume,geometric_mean,3885.0,3885.0,3885.0,0.0,420.0,0.0,0.0,9.997047938587833e+42,1.5021568742728712e+52,1502600451.1538467,4.051012117818824e-07,608.7052635864225,0.001642831202260538,2468518.9056862844,1502600451.1538367,0.0
17.03846583764907,2.6882760372900014,42539.5286178498,3.276078976440268,18.407130189464098,-1000000.0,solver_failed_full,27.0,18.407130189464098,0.13348942911829198,0.8944097792771337,1.7522767703496884,1.0,0.0,82.0,active_set_max_passes,2.0,10.321005141629492,8.086125047834603,32.0,32.0,6450.0,68.17241926878053,0.07141285805819206,nonsingular_isothermal,1.0,0.01,2.0,0.3,1.0,0.0,strict_pass,1.0,none,none,,,1.0,1.0,1.0,1.0,1.0,1.0,0.0,0.0,0.0,0.0,0.0,3885.0,3885.0,1.0,inverse_phase_volume,geometric_mean,3885.0,3885.0,3885.0,0.0,420.0,0.0,0.0,7.591910181396329e+44,4.375130114847417e+52,57628844.52411591,8.612687027087301e-06,496.3392016188867,0.0020147511958320966,116107.78341938509,57628844.5241162,0.0
12.75835080500753,7.597640883969463,164108.6668715283,3.677848106476278,18.59115567114038,-1000000.0,solver_failed_full,28.0,18.59115567114038,0.315551683183358,0.9029440484902768,1.7425944157844022,1.0,0.0,84.0,active_set_max_passes,2.0,9.404916638420076,9.186239032720296,32.0,32.0,6329.0,76.80096444135779,0.061191985595803314,nonsingular_isothermal,1.0,0.01,2.0,0.3,1.0,0.0,strict_pass,1.0,none,none,,,1.0,1.0,1.0,1.0,1.0,1.0,0.0,0.0,0.0,0.0,0.0,3885.0,3885.0,1.0,inverse_phase_volume,geometric_mean,3885.0,3885.0,3885.0,0.0,420.0,0.0,0.0,1.0906888937956719e+40,1.404190277289341e+52,1287434286052.6094,3.5772122845807287e-10,460.5425743657817,0.0021713519132886055,2795472900.253685,1287434286052.61,0.0
16.68332724554969,37.51806692560886,2851.41306716677,2.596567449496155,16.976421055097713,-1000000.0,solver_failed_full,29.0,16.976421055097713,0.26728768361098076,0.8350213602944325,1.7058126560731581,1.0,0.0,92.0,active_set_max_passes,2.0,9.790426689218028,7.185994365879683,32.0,32.0,5835.0,63.136298167119385,0.07255484125543944,nonsingular_isothermal,1.0,0.01,2.0,0.3,1.0,0.0,strict_pass,1.0,none,none,,,0.9961389961389961,1.0,0.9961389961389961,0.971042471042471,0.9915343915343915,0.9952380952380953,0.02895752895752901,0.00846560846560851,0.004761904761904745,0.0,0.0,3870.0,3885.0,1.0,inverse_phase_volume,geometric_mean,3870.0,3870.0,3870.0,0.0,420.0,0.0,0.0,5.66329421444361e+40,3.9575850611599987e+52,698813254495.3452,5.425760827875044e-09,3791.593582240692,0.0002637413473542797,184305949.28963023,698813254495.3405,0.0
0.1125147548404648,102.62671302156177,54143.297005331224,4.601103131966378,1213.1450549362066,-1000000.0,solver_failed_full,30.0,1213.1450549362066,21.227103569072597,2.480643559843629,11.896748582400889,0.0,0.0,7.0,reduced_spear_inconsistent,2.0,830.6255668060605,382.5194881301467,32.0,32.0,6069.0,372.20761159995976,0.011857449533108107,nonsingular_isothermal,1.0,0.01,2.0,0.3,1.0,0.0,severe_coverage_warn,0.0,multiple,multiple,1;2;3;4;5;6;7;8,total orbit coverage 0.812 is below 0.85 | shell_band minimum coverage 0.719 is below 0.8 | shell_band coverage gap 0.182 exceeds 0.1 | Lfrac minimum coverage 0.46 is below 0.8 | Lfrac coverage gap 0.54 exceeds 0.1 | third_integral minimum coverage 0.61 is below 0.8 | third_integral coverage gap 0.39 exceeds 0.1 | 33 planned shell-band/Lfrac/third-integral cells have no successful orbit,0.8120978120978121,1.0,0.8120978120978121,0.7193347193347194,0.4603174603174603,0.6095238095238096,0.18220968220968214,0.5396825396825398,0.3904761904761904,33.0,0.0,3155.0,3885.0,1.0,inverse_phase_volume,geometric_mean,3155.0,3155.0,3155.0,0.0,420.0,0.0,0.0,1.42284877064006e+42,8.1116343082672e+48,5700981.352092837,0.0002792374683140384,1591.9275996639485,0.0006281692711471911,3581.181300767888,5700981.352092841,0.0
12.976957515921486,52.35578503932797,1526129.292429219,0.4845305600141675,19.06110045741,-1000000.0,solver_failed_full,31.0,19.06110045741,0.2573284877543145,0.9910142151571154,1.4015057435795846,1.0,0.0,73.0,active_set_max_passes,2.0,8.561258043934373,10.499842413475616,32.0,32.0,6390.0,61.35612242846436,0.06753558532368678,nonsingular_isothermal,1.0,0.01,2.0,0.3,1.0,0.0,strict_pass,1.0,none,none,,,0.9933075933075933,1.0,0.9933075933075933,0.9498069498069498,0.9724867724867725,0.9809523809523809,0.050193050193050204,0.02751322751322749,0.01904761904761909,0.0,0.0,3859.0,3885.0,1.0,inverse_phase_volume,geometric_mean,3859.0,3859.0,3859.0,0.0,420.0,0.0,0.0,3.5555058841919476e+43,2.489156966376452e+52,700085177.0330166,7.666996273303044e-07,536.7550443306831,0.0018630472327409034,1304291.7517542846,700085177.0330153,0.0
10.638283553384564,369.333160209901,8250.16445509498,1.4864604038179197,48.33543998579885,-1000000.0,solver_failed_full,32.0,48.33543998579885,0.03975299054241077,1.0115034217625862,2.3524058961519256,0.0,0.0,65.0,active_set_max_passes,2.0,21.939669652998163,26.395770332800698,32.0,32.0,830.0,30.834557191998137,0.09197074138571627,nonsingular_isothermal,1.0,0.01,2.0,0.3,1.0,0.0,strict_pass,1.0,none,none,,,0.9976833976833976,1.0,0.9976833976833976,0.9826254826254827,0.9925925925925926,0.9952380952380953,0.01737451737451734,0.007407407407407418,0.004761904761904745,0.0,0.0,3876.0,3885.0,1.0,inverse_phase_volume,geometric_mean,3876.0,3876.0,3876.0,0.0,420.0,0.0,0.0,7.988379664949628e+39,1.3894685947500195e+51,173936223993.77798,3.537067060889602e-07,61522.40885839087,1.625424001686522e-05,2827201.1324221026,173936223993.77823,0.0
1.6551114472770412,53.905242060094224,268782.6355802703,4.376047760938506,224.3564407388029,-1000000.0,solver_failed_full,33.0,224.3564407388029,3.3474438628313123,1.3671853868669208,6.556790776548947,0.0,0.0,27.0,reduced_spear_inconsistent,2.0,99.99261911975822,124.36382161904476,32.0,32.0,6562.0,174.71085456081607,0.041830931106094905,nonsingular_isothermal,1.0,0.01,2.0,0.3,1.0,0.0,severe_coverage_warn,0.0,multiple,multiple,1;2;3;4,Lfrac minimum coverage 0.778 is below 0.8 | Lfrac coverage gap 0.222 exceeds 0.1 | third_integral coverage gap 0.174 exceeds 0.1 | 9 planned shell-band/Lfrac/third-integral cells have no successful orbit,0.9459459459459459,1.0,0.9459459459459459,0.9126819126819127,0.7777777777777778,0.8261904761904761,0.08731808731808732,0.2222222222222222,0.17380952380952386,9.0,0.0,3675.0,3885.0,1.0,inverse_phase_volume,geometric_mean,3675.0,3675.0,3675.0,0.0,420.0,0.0,0.0,3.792385881644252e+41,1.9907362598131112e+50,524929772.9560143,1.3803208261684345e-06,724.5714978870552,0.0013801260509364915,724469.254568774,524929772.95601493,0.0
8.567707922621215,424.0794523098671,3304.5051652073334,2.3543896043002293,67.3161540378664,-1000000.0,solver_failed_full,34.0,67.3161540378664,0.16837997488075018,1.2050399009192505,2.683306099076582,0.0,0.0,53.0,active_set_max_passes,2.0,28.295133724431796,39.02102031343458,32.0,32.0,2424.0,60.37545074252965,0.04774956630519454,nonsingular_isothermal,1.0,0.01,2.0,0.3,1.0,0.0,strict_pass,1.0,none,none,,,0.9997425997425997,1.0,0.9997425997425997,0.9980694980694981,0.9989417989417989,0.9976190476190476,0.0019305019305019266,0.0010582010582010914,0.0023809523809523725,0.0,0.0,3884.0,3885.0,1.0,inverse_phase_volume,geometric_mean,3884.0,3884.0,3884.0,0.0,420.0,0.0,0.0,9.208183914663697e+37,4.523992891400316e+50,4913013177545.272,1.7415691050300273e-08,85563.51962618247,1.1687223765091585e-05,57419484.3668152,4913013177545.2705,0.0
0.6208806595405625,14.655394179832262,3871.928151826519,0.4560477860145443,857.0773550169605,-1000000.0,solver_failed_full,35.0,857.0773550169605,10.060852335876461,1.5827462705435549,2.238341241597913,0.0,0.0,24.0,active_set_max_passes,2.0,105.64216136956688,751.4351936473937,32.0,32.0,4585.0,83.61195051518064,0.08240754226236645,nonsingular_isothermal,1.0,0.01,2.0,0.3,1.0,0.0,strict_pass,1.0,none,none,,,0.9935649935649936,1.0,0.9935649935649936,0.9517374517374517,0.9735449735449735,0.9785714285714285,0.04826254826254828,0.02645502645502651,0.021428571428571463,0.0,0.0,3860.0,3885.0,1.0,inverse_phase_volume,geometric_mean,3860.0,3860.0,3860.0,0.0,420.0,0.0,0.0,1.3331979250077167e+36,9.416028639288211e+46,70627387446.86923,2.4920154821158155e-09,176.00454297898887,0.005681671524350246,401281616.0961256,70627387446.86865,0.0
7.821974193317796,4.054240276955227,5813.796216022728,3.882586442065794,35.502176091839985,-1000000.0,solver_failed_full,36.0,35.502176091839985,0.3172636204295074,0.9487660344907245,1.8262516826191633,1.0,0.0,77.0,active_set_max_passes,2.0,8.984947367230346,26.517228724609645,32.0,32.0,5643.0,60.00127463115439,0.06826263744487643,nonsingular_isothermal,1.0,0.01,2.0,0.3,1.0,0.0,strict_pass,1.0,none,none,,,1.0,1.0,1.0,1.0,1.0,1.0,0.0,0.0,0.0,0.0,0.0,3885.0,3885.0,1.0,inverse_phase_volume,geometric_mean,3885.0,3885.0,3885.0,0.0,420.0,0.0,0.0,5.793380410943007e+42,1.4491955865564127e+51,250146802.6886435,1.7353094744726632e-06,434.08211671464915,0.0023037115824270783,576266.0866609319,250146802.68864477,0.0
8.947226488699716,10.193752222601587,10039.312966712476,1.7257484390118265,27.65611108705139,-1000000.0,solver_failed_full,37.0,27.65611108705139,0.14790363001489126,0.9457620546487662,1.7939497735315373,1.0,0.0,81.0,reduced_spear_inconsistent,2.0,8.951148017495795,18.704963069555593,32.0,32.0,5593.0,56.54857362510096,0.07227198209229409,nonsingular_isothermal,1.0,0.01,2.0,0.3,1.0,0.0,strict_pass,1.0,none,none,,,1.0,1.0,1.0,1.0,1.0,1.0,0.0,0.0,0.0,0.0,0.0,3885.0,3885.0,1.0,inverse_phase_volume,geometric_mean,3885.0,3885.0,3885.0,0.0,420.0,0.0,0.0,2.5382043834627393e+42,2.8681855434020166e+51,1130005748.193178,5.897791263471298e-07,666.4538029366003,0.0015004790963660088,1695550.0039372775,1130005748.193166,0.0
8.971091290134325,1.688363127649926,1251.1678206545648,2.4825678959890687,25.631855160096666,-1000000.0,solver_failed_full,38.0,25.631855160096666,0.2609494375456869,0.888480056406408,1.7215851954476542,1.0,0.0,83.0,active_set_max_passes,2.0,7.987752400429373,17.644102759667287,32.0,32.0,5397.0,54.453967740553374,0.06770344836352885,nonsingular_isothermal,1.0,0.01,2.0,0.3,1.0,0.0,strict_pass,1.0,none,none,,,0.9979407979407979,1.0,0.9979407979407979,0.9845559845559846,0.9915343915343915,0.9976190476190476,0.015444015444015413,0.00846560846560851,0.0023809523809523725,0.0,0.0,3877.0,3885.0,1.0,inverse_phase_volume,geometric_mean,3877.0,3877.0,3877.0,0.0,420.0,0.0,0.0,1.1123530176233068e+43,3.1151189808668975e+51,280047694.52801704,1.7469576897893452e-06,489.23147346349504,0.0020440222149252564,572423.7088538669,280047694.52801603,0.0
2.30540434810787,91.41427089682966,0.0,0.22082250911914283,185.9426298684257,-1000000.0,solver_failed_full,39.0,185.9426298684257,0.5297855652297301,1.055957598085207,2.4884224560299644,0.0,0.0,57.0,active_set_max_passes,2.0,38.087574056983634,147.8550558114421,32.0,32.0,1420.0,22.847049851799955,0.1770918491457749,nonsingular_isothermal,1.0,0.01,2.0,0.3,1.0,0.0,strict_pass,1.0,none,none,,,1.0,1.0,1.0,1.0,1.0,1.0,0.0,0.0,0.0,0.0,0.0,3885.0,3885.0,1.0,inverse_phase_volume,geometric_mean,3885.0,3885.0,3885.0,0.0,420.0,0.0,0.0,8.378690679978806e+31,1.0851377862677189e+49,1.2951161795012866e+17,6.248498388557325e-13,80925.31360608299,1.2357072903883465e-05,1600384504909.6404,1.2951161795012851e+17,0.0
9.506261948180944,2.2565682147454025,25240.89507871674,1.108314980107837,26.028392430691195,-1000000.0,solver_failed_full,40.0,26.028392430691195,0.23988895398144905,0.9525406046765462,1.7975338338923303,1.0,0.0,80.0,active_set_max_passes,2.0,9.206681332495528,16.821711098195667,32.0,32.0,6587.0,78.90702639678305,0.0512732186540397,nonsingular_isothermal,1.0,0.01,2.0,0.3,1.0,0.0,strict_pass,1.0,none,none,,,1.0,1.0,1.0,1.0,1.0,1.0,0.0,0.0,0.0,0.0,0.0,3885.0,3885.0,1.0,inverse_phase_volume,geometric_mean,3885.0,3885.0,3885.0,0.0,420.0,0.0,0.0,8.656535764132989e+44,2.8010212185475052e+51,3235729.9673538017,9.3119132780568e-05,301.3083684720822,0.0033188590315992345,10738.931625968482,3235729.967353808,0.0
6.717556657439772,3.252380506023033,158099.38429811888,0.6818468910308176,44.40210025269662,-1000000.0,solver_failed_full,41.0,44.40210025269662,0.4181738786039091,0.9884066120553158,1.5351733980194924,1.0,0.0,77.0,active_set_max_passes,2.0,6.651099713164338,37.751000539532285,32.0,32.0,6602.0,64.47901990401955,0.05301316765103717,nonsingular_isothermal,1.0,0.01,2.0,0.3,1.0,0.0,strict_pass,1.0,none,none,,,1.0,1.0,1.0,1.0,1.0,1.0,0.0,0.0,0.0,0.0,0.0,3885.0,3885.0,1.0,inverse_phase_volume,geometric_mean,3885.0,3885.0,3885.0,0.0,420.0,0.0,0.0,1.1182890629856066e+40,2.2046748791084187e+51,197147137719.68588,2.613921393963576e-09,515.3271210441734,0.001940514983907243,382566974.7794775,197147137719.687,0.0
5.74551229043869,174.75445778826983,115040.30106735013,4.935243355498579,60.496181915446975,-1000000.0,solver_failed_full,42.0,60.496181915446975,0.37116558295097946,0.6013851941244153,1.3366989321846567,1.0,0.0,96.0,active_set_max_passes,2.0,11.95653499414782,48.53964692129916,32.0,32.0,1913.0,25.98337686807863,0.10302628471024679,nonsingular_isothermal,1.0,0.01,2.0,0.3,1.0,0.0,strict_pass,1.0,none,none,,,0.9876447876447877,1.0,0.9876447876447877,0.9575289575289575,0.9492063492063492,0.9428571428571428,0.0424710424710425,0.050793650793650835,0.05714285714285716,0.0,0.0,3837.0,3885.0,1.0,inverse_phase_volume,geometric_mean,3837.0,3837.0,3837.0,0.0,420.0,0.0,0.0,3.3726709314537357e+39,3.3920706603170283e+50,100575203725.9956,1.4155507113980043e-08,1423.6930118333173,0.0007023986152128965,70643883.82189399,100575203725.99522,0.0
20.659012450694703,3.0973639580439514,502783.4565017005,0.602762956590054,23.916119833766686,-1000000.0,solver_failed_full,43.0,23.916119833766686,0.12714150698791826,0.9914812856768924,1.8341571302435473,1.0,0.0,75.0,reduced_spear_inconsistent,2.0,13.837924080216498,10.078195753550194,32.0,32.0,7000.0,62.49766152628916,0.07197879382228002,nonsingular_isothermal,1.0,0.01,2.0,0.3,1.0,0.0,strict_pass,1.0,none,none,,,1.0,1.0,1.0,1.0,1.0,1.0,0.0,0.0,0.0,0.0,0.0,3885.0,3885.0,1.0,inverse_phase_volume,geometric_mean,3885.0,3885.0,3885.0,0.0,420.0,0.0,0.0,1.408134554023049e+42,1.0229270033404758e+53,72644123419.73763,6.120110127452637e-09,444.59003544105576,0.002249263186944686,163395752.55588225,72644123419.73767,0.0
5.707173295369566,4.1571574729172065,118469.95682899657,1.2407375121396875,55.86238333173045,-1000000.0,solver_failed_full,44.0,55.86238333173045,0.1779605167135898,0.9430561712253853,1.4124874563000311,1.0,0.0,82.0,active_set_max_passes,2.0,6.823133382844248,49.0392499488862,32.0,32.0,5663.0,63.70207300580643,0.0532391826234943,nonsingular_isothermal,1.0,0.01,2.0,0.3,1.0,0.0,strict_pass,1.0,none,none,,,1.0,1.0,1.0,1.0,1.0,1.0,0.0,0.0,0.0,0.0,0.0,3885.0,3885.0,1.0,inverse_phase_volume,geometric_mean,3885.0,3885.0,3885.0,0.0,420.0,0.0,0.0,5.539203273040081e+40,1.1510051216295069e+51,20779254071.277306,2.488389932202908e-08,517.0688662965282,0.0019339783637766365,40186627.789267965,20779254071.27734,0.0
1.6494836006514024,69.35165385382608,5483.005029816002,4.023485033720821,299.29420737662105,-1000000.0,solver_failed_full,45.0,299.29420737662105,0.110556063170975,1.0334697731351998,1.9728396220153321,1.0,0.0,71.0,reduced_spear_inconsistent,2.0,53.58163027994606,245.712577096675,32.0,32.0,366.0,26.887496941363054,0.09437421225309642,nonsingular_isothermal,1.0,0.01,2.0,0.3,1.0,0.0,severe_coverage_warn,0.0,inner,joint,2,1 planned shell-band/Lfrac/third-integral cells have no successful orbit,0.9897039897039897,1.0,0.9897039897039897,0.9480249480249481,0.9576719576719577,0.9642857142857143,0.05197505197505192,0.042328042328042326,0.0357142857142857,1.0,0.0,3845.0,3885.0,1.0,inverse_phase_volume,geometric_mean,3845.0,3845.0,3845.0,0.0,420.0,0.0,0.0,1.59848325047992e+39,3.9968397675882307e+48,2500395150.4579363,5.308189166869994e-07,1327.2570450555245,0.0007534335596298651,1883881.6186907976,2500395150.4579663,0.0
0.43592024931403683,149.34837774822375,169.38945709805125,4.045927392607002,578.2709571982624,-1000000.0,solver_failed_full,46.0,578.2709571982624,1.5750114323177513,0.8743461861921858,1.9988187898016523,1.0,0.0,71.0,active_set_max_passes,2.0,169.42265338326624,408.8483038149961,32.0,32.0,3590.0,50.86054574915046,0.07027005037501384,nonsingular_isothermal,1.0,0.01,2.0,0.3,1.0,0.0,severe_coverage_warn,0.0,multiple,multiple,1;2;3;4;5,shell_band minimum coverage 0.751 is below 0.8 | shell_band coverage gap 0.249 exceeds 0.1 | Lfrac minimum coverage 0.695 is below 0.8 | Lfrac coverage gap 0.305 exceeds 0.1 | third_integral minimum coverage 0.693 is below 0.8 | third_integral coverage gap 0.307 exceeds 0.1 | 12 planned shell-band/Lfrac/third-integral cells have no successful orbit,0.8731016731016731,1.0,0.8731016731016731,0.7505197505197505,0.6952380952380952,0.6928571428571428,0.2494802494802495,0.3047619047619048,0.30714285714285716,12.0,0.0,3392.0,3885.0,1.0,inverse_phase_volume,geometric_mean,3392.0,3392.0,3392.0,0.0,420.0,0.0,0.0,2.1317592937111954e+36,1.6070574314778669e+46,7538643955.810455,1.7173938119891024e-07,1294.6820480497822,0.0007723904116121248,5822776.308025649,7538643955.810396,0.0
7.551851674589058,17.779437068929134,460746.65031697013,4.148519414549579,29.57854134404828,-1000000.0,solver_failed_full,47.0,29.57854134404828,0.5863878394303867,0.9040043054022725,1.2784551491434386,1.0,0.0,79.0,reduced_spear_inconsistent,2.0,5.540509830386356,24.03803151366192,32.0,32.0,6180.0,45.887051409764794,0.08464555938427668,nonsingular_isothermal,1.0,0.01,2.0,0.3,1.0,0.0,strict_pass,1.0,none,none,,,0.9945945945945946,1.0,0.9945945945945946,0.9594594594594594,0.9777777777777777,0.9833333333333333,0.04054054054054057,0.022222222222222254,0.01666666666666672,0.0,0.0,3864.0,3885.0,1.0,inverse_phase_volume,geometric_mean,3864.0,3864.0,3864.0,0.0,420.0,0.0,0.0,1.1988869702762073e+42,1.8205629528429092e+51,1518544281.4709015,1.3686228022888755e-07,207.83143299064758,0.004811591709734302,7306615.0755899055,1518544281.470919,0.0
17.277727542044374,27.628325090332513,28401.587770837923,1.0413851153229905,19.66840837428865,-1000000.0,solver_failed_full,48.0,19.66840837428865,0.420206191269898,0.9664828247408268,1.8764019313157678,1.0,0.0,80.0,reduced_spear_inconsistent,2.0,11.856197761411245,7.812210612877398,32.0,32.0,6245.0,64.0506382450456,0.07500574327885487,nonsingular_isothermal,1.0,0.01,2.0,0.3,1.0,0.0,strict_pass,1.0,none,none,,,0.9981981981981982,1.0,0.9981981981981982,0.9864864864864865,0.9925925925925926,0.9976190476190476,0.013513513513513487,0.007407407407407418,0.0023809523809523725,0.0,0.0,3878.0,3885.0,1.0,inverse_phase_volume,geometric_mean,3878.0,3878.0,3878.0,0.0,420.0,0.0,0.0,2.862429776714874e+40,4.407453275960318e+52,1539759442070.4434,1.1934302046878943e-09,1837.5954261202305,0.0005441894259126067,837920806.8238225,1539759442070.4294,0.0
5.683184337890809,64.80724208975319,227251.58933032487,1.7040900295989594,56.619891616270166,-1000000.0,solver_failed_full,49.0,56.619891616270166,0.3696769602765997,0.9554218115369211,1.3799494301426538,1.0,0.0,68.0,active_set_max_passes,2.0,7.747756604728994,48.872135011541175,32.0,32.0,6014.0,58.178893502806226,0.06103080048472625,nonsingular_isothermal,1.0,0.01,2.0,0.3,1.0,0.0,strict_pass,1.0,none,none,,,0.9938223938223938,1.0,0.9938223938223938,0.9652509652509652,0.9746031746031746,0.9833333333333333,0.03474903474903479,0.025396825396825418,0.01666666666666672,0.0,0.0,3861.0,3885.0,1.0,inverse_phase_volume,geometric_mean,3861.0,3861.0,3861.0,0.0,420.0,0.0,0.0,3.565766037521172e+38,6.073916397334676e+50,1703397343914.6626,3.0069674613310316e-10,512.2060386869128,0.0019523393409487941,3325609647.7923007,1703397343914.6738,0.0
14.764665373347594,47.25446727443546,607172.0339347888,2.360462720450646,15.591822339859975,-1000000.0,solver_failed_full,50.0,15.591822339859975,0.32328718677734614,0.8330679154338789,1.5980193150206845,1.0,0.0,90.0,reduced_spear_inconsistent,2.0,8.740422175062275,6.8514001647977,32.0,32.0,5607.0,66.86887982269333,0.07537919011760227,nonsingular_isothermal,1.0,0.01,2.0,0.3,1.0,0.0,strict_pass,1.0,none,none,,,0.9966537966537966,1.0,0.9966537966537966,0.974903474903475,0.9862433862433863,0.9857142857142858,0.025096525096525046,0.013756613756613745,0.014285714285714235,0.0,0.0,3872.0,3885.0,1.0,inverse_phase_volume,geometric_mean,3872.0,3872.0,3872.0,0.0,420.0,0.0,0.0,5.838996080384905e+42,2.6740836348265637e+52,4579697602.143773,1.9104128236866353e-07,874.9113027742432,0.0011429730040395123,5234470.72591484,4579697602.143791,0.0
9.285617381811853,3.5491030624908326,1475350.026770259,1.8890827182039729,19.460267721113006,-1000000.0,solver_failed_full,51.0,19.460267721113006,0.3940483270617534,0.9128109203816525,1.2909095834858746,1.0,0.0,73.0,active_set_max_passes,2.0,4.532059586122217,14.928208134990786,32.0,32.0,6679.0,73.51177506714333,0.06679344507363527,nonsingular_isothermal,1.0,0.01,2.0,0.3,1.0,0.0,strict_pass,1.0,none,none,,,0.9958815958815959,1.0,0.9958815958815959,0.9691119691119691,0.9830687830687831,0.9785714285714285,0.030888030888030937,0.016931216931216908,0.021428571428571463,0.0,0.0,3869.0,3885.0,1.0,inverse_phase_volume,geometric_mean,3869.0,3869.0,3869.0,0.0,420.0,0.0,0.0,3.082414921191072e+42,6.995308031787669e+51,2269424529.3507147,5.503004212350589e-08,124.88652744628743,0.008007268841950074,18171892.323027197,2269424529.3507156,0.0
16.003792115020936,1.4524051042927568,14875.79882622615,0.6319930972183128,17.52490108130013,-1000000.0,solver_failed_full,52.0,17.52490108130013,0.2988129662625276,0.8659026187522094,1.7246817805636951,1.0,0.0,84.0,reduced_spear_inconsistent,2.0,10.046954865093094,7.477946216207029,32.0,32.0,6520.0,79.61779542549974,0.05178568937393631,nonsingular_isothermal,1.0,0.01,2.0,0.3,1.0,0.0,strict_pass,1.0,none,none,,,0.9981981981981982,1.0,0.9981981981981982,0.9864864864864865,0.9925925925925926,0.9976190476190476,0.013513513513513487,0.007407407407407418,0.0023809523809523725,0.0,0.0,3878.0,3885.0,1.0,inverse_phase_volume,geometric_mean,3878.0,3878.0,3878.0,0.0,420.0,0.0,0.0,1.850973440015169e+44,3.499781495583788e+52,189077888.4193555,2.8810816677981557e-06,544.7488381109862,0.0018357083669378322,347091.8617743461,189077888.41935405,0.0
18.288092348862833,58.94415954044658,1444.3934168802816,2.3021528137229454,14.32105472579201,-1000000.0,solver_failed_full,53.0,14.32105472579201,0.21554579532290852,0.7580436807702418,1.5442856008118337,1.0,0.0,104.0,active_set_max_passes,2.0,9.106411382796495,5.2146433429955135,32.0,32.0,5716.0,65.68941664894527,0.05198092196030561,nonsingular_isothermal,1.0,0.01,2.0,0.3,1.0,0.0,strict_pass,1.0,none,none,,,1.0,1.0,1.0,1.0,1.0,1.0,0.0,0.0,0.0,0.0,0.0,3885.0,3885.0,1.0,inverse_phase_volume,geometric_mean,3885.0,3885.0,3885.0,0.0,420.0,0.0,0.0,1.5544719655691195e+40,4.7617894477132116e+52,3063284223314.9165,2.7030304730822257e-09,8280.150603332206,0.0001207707501838876,369955133.67620856,3063284223314.9053,0.0
7.990325347735619,138.87493642944884,14113.40300136984,4.57771390879063,44.04609896352736,-1000000.0,solver_failed_full,54.0,44.04609896352736,0.32107767527767805,0.9254469639023859,2.435034696367878,0.0,0.0,61.0,active_set_max_passes,2.0,18.347688961835473,25.6984100016919,32.0,32.0,2471.0,58.28732615739642,0.06249507326583624,nonsingular_isothermal,1.0,0.01,2.0,0.3,1.0,0.0,strict_pass,1.0,none,none,,,0.9979407979407979,1.0,0.9979407979407979,0.9845559845559846,0.9947089947089947,0.9952380952380953,0.015444015444015413,0.005291005291005346,0.004761904761904745,0.0,0.0,3877.0,3885.0,1.0,inverse_phase_volume,geometric_mean,3877.0,3877.0,3877.0,0.0,420.0,0.0,0.0,1.166631246590693e+38,1.5567050428843065e+51,13343591194163.078,1.0217071542127257e-09,13633.242585966325,7.335012149122703e-05,978754035.2211274,13343591194163.059,0.0
7.514842746917008,3.1643442133328636,0.0,0.7684757074589048,39.2189041724095,-1000000.0,solver_failed_full,55.0,39.2189041724095,0.1312563260122488,0.9548755709656488,1.8101999664446335,1.0,0.0,78.0,active_set_max_passes,2.0,9.377865217633367,29.841038954776145,32.0,32.0,4444.0,53.50407409430091,0.05232733060846189,nonsingular_isothermal,1.0,0.01,2.0,0.3,1.0,0.0,strict_pass,1.0,none,none,,,1.0,1.0,1.0,1.0,1.0,1.0,0.0,0.0,0.0,0.0,0.0,3885.0,3885.0,1.0,inverse_phase_volume,geometric_mean,3885.0,3885.0,3885.0,0.0,420.0,0.0,0.0,4.229071647842761e+42,1.206071200908437e+51,285185804.67267585,1.4216213826983532e-06,405.4262379647132,0.0024665399186301214,703422.1714518098,285185804.67267674,0.0
9.206604467252772,1.773200628880362,1553.7016069056995,1.2288161884644273,25.174837562985708,-1000000.0,solver_failed_full,56.0,25.174837562985708,0.07635890592461436,0.8843689773117658,1.721939470628627,1.0,0.0,83.0,active_set_max_passes,2.0,7.997622869791078,17.177214693194635,32.0,32.0,6231.0,51.73160662746205,0.06647156668403423,nonsingular_isothermal,1.0,0.01,2.0,0.3,1.0,0.0,strict_pass,1.0,none,none,,,0.9979407979407979,1.0,0.9979407979407979,0.9845559845559846,0.9915343915343915,0.9976190476190476,0.015444015444015413,0.00846560846560851,0.0023809523809523725,0.0,0.0,3877.0,3885.0,1.0,inverse_phase_volume,geometric_mean,3877.0,3877.0,3877.0,0.0,420.0,0.0,0.0,1.0560454851742187e+43,3.4531922438568236e+51,326992756.6886138,1.4967012602607232e-06,489.41047103197405,0.0020432746318062903,668136.0045262482,326992756.68861234,0.0
13.487429459794173,48.94244614798188,3179.553362920179,4.217105353849163,20.05934587817599,-1000000.0,solver_failed_full,57.0,20.05934587817599,0.26717988612138655,0.9151914362904366,1.8372769706068048,1.0,0.0,86.0,active_set_max_passes,2.0,11.002204839313976,9.057141038862023,32.0,32.0,4351.0,55.409450726263756,0.05907225251261875,nonsingular_isothermal,1.0,0.01,2.0,0.3,1.0,0.0,strict_pass,1.0,none,none,,,0.9976833976833976,1.0,0.9976833976833976,0.9826254826254827,0.9915343915343915,0.9952380952380953,0.01737451737451734,0.00846560846560851,0.004761904761904745,0.0,0.0,3876.0,3885.0,1.0,inverse_phase_volume,geometric_mean,3876.0,3876.0,3876.0,0.0,420.0,0.0,0.0,3.1455520727378595e+39,1.52410428173068e+52,4845268005384.23,1.0647633638048257e-09,5159.063859948851,0.00019383361538965606,939175815.01546,4845268005384.268,0.0
8.644147279855527,5.999431163747789,90593.47072592497,4.676976612799627,29.900903009009976,-1000000.0,solver_failed_full,58.0,29.900903009009976,0.24200315990594845,0.9498276624767762,1.830730472088757,1.0,0.0,77.0,reduced_spear_inconsistent,2.0,9.23573198388385,20.665171025126124,32.0,32.0,6544.0,76.0579514447832,0.06051661957079665,nonsingular_isothermal,1.0,0.01,2.0,0.3,1.0,0.0,strict_pass,1.0,none,none,,,1.0,1.0,1.0,1.0,1.0,1.0,0.0,0.0,0.0,0.0,0.0,3885.0,3885.0,1.0,inverse_phase_volume,geometric_mean,3885.0,3885.0,3885.0,0.0,420.0,0.0,0.0,2.2457170545371527e+42,2.17378718061919e+51,967970197.4152805,3.250076455920172e-07,314.5977148651769,0.0031786626308730726,3076850.6943227486,967970197.4152697,0.0
7.42236714947658,3.1844193979282958,110439.74121026468,1.523870781532338,33.58897356850584,-1000000.0,solver_failed_full,59.0,33.58897356850584,0.3802621363970289,0.9441168967688628,1.5937859450983616,1.0,0.0,79.0,active_set_max_passes,2.0,7.256336931932205,26.332636636573643,32.0,32.0,6594.0,50.47249734155583,0.06454062032893076,nonsingular_isothermal,1.0,0.01,2.0,0.3,1.0,0.0,strict_pass,1.0,none,none,,,0.9992277992277993,1.0,0.9992277992277993,0.9942084942084942,0.9968253968253968,0.9976190476190476,0.00579150579150578,0.0031746031746031633,0.0023809523809523725,0.0,0.0,3882.0,3885.0,1.0,inverse_phase_volume,geometric_mean,3882.0,3882.0,3882.0,0.0,420.0,0.0,0.0,3.671622844137575e+39,1.748158242437351e+51,476126856337.8205,8.013767313715325e-10,381.55698385020577,0.0026208405096120237,1247852552.804384,476126856337.8204,0.0
22.07894607838932,47.43312032868297,94156.06190709883,3.7418904996353244,18.198887437079588,-1000000.0,solver_failed_full,60.0,18.198887437079588,0.3231250481573227,0.8426768822438528,1.6444185334384935,1.0,0.0,94.0,active_set_max_passes,2.0,9.793728635395325,8.405158801684275,32.0,32.0,6495.0,64.60074395982812,0.07427316081779031,nonsingular_isothermal,1.0,0.01,2.0,0.3,1.0,0.0,strict_pass,1.0,none,none,,,0.9987129987129987,1.0,0.9987129987129987,0.9903474903474904,0.9968253968253968,0.9976190476190476,0.009652509652509633,0.0031746031746031633,0.0023809523809523725,0.0,0.0,3880.0,3885.0,1.0,inverse_phase_volume,geometric_mean,3880.0,3880.0,3880.0,0.0,420.0,0.0,0.0,1.2588279145390614e+41,8.778962655566997e+52,697391800274.9045,3.3798617871828295e-09,2357.087896443789,0.0004242523163895291,295870086.697692,697391800274.9043,0.0
18.236861589144233,315.4690234644493,1242211.0103935045,4.635908873111574,10.644379628028396,-1000000.0,solver_failed_full,61.0,10.644379628028396,0.03612670672274554,0.5225445282317663,0.9835688211000334,1.0,0.0,101.0,active_set_max_passes,2.0,5.635286614141983,5.009093013886412,32.0,32.0,6515.0,71.31904037184944,0.04441096295120706,nonsingular_isothermal,1.0,0.01,2.0,0.3,1.0,0.0,strict_pass,1.0,none,none,,,0.9832689832689833,1.0,0.9832689832689833,0.9521829521829522,0.9333333333333333,0.9476190476190476,0.047817047817047764,0.06666666666666665,0.05238095238095242,0.0,0.0,3820.0,3885.0,1.0,inverse_phase_volume,geometric_mean,3820.0,3820.0,3820.0,0.0,420.0,0.0,0.0,7.082963303766971e+43,1.4999674941905658e+52,211771179.6407063,5.255448761592237e-06,1112.9525837836795,0.0008985108750997485,190278.70793987747,211771179.64070675,0.0
19.95788113418416,12.364596044504253,64074.155429406484,3.0626245671601318,14.479593630267935,-1000000.0,solver_failed_full,62.0,14.479593630267935,0.18817620441781813,0.7374523664629943,1.5172843570837067,1.0,0.0,99.0,reduced_spear_inconsistent,2.0,8.427896698804732,6.051696931463203,32.0,32.0,5784.0,49.58981131596761,0.07951505819402067,nonsingular_isothermal,1.0,0.01,2.0,0.3,1.0,0.0,strict_pass,1.0,none,none,,,1.0,1.0,1.0,1.0,1.0,1.0,0.0,0.0,0.0,0.0,0.0,3885.0,3885.0,1.0,inverse_phase_volume,geometric_mean,3885.0,3885.0,3885.0,0.0,420.0,0.0,0.0,3.1477828955806964e+43,8.744012565076316e+52,2777832161.5993276,3.2462460017073676e-07,901.7526548006011,0.001108951545278371,3080481.2681295522,2777832161.5993457,0.0
12.28757231874921,5.289171569923603,20375.61282810256,3.036012611417625,17.712678274455417,-1000000.0,solver_failed_full,63.0,17.712678274455417,0.5072548669135273,0.8950079716470258,1.667106953746948,1.0,0.0,86.0,active_set_max_passes,2.0,8.250390242320918,9.462288032134499,32.0,32.0,6432.0,46.34275713331225,0.08037407231650079,nonsingular_isothermal,1.0,0.01,2.0,0.3,1.0,0.0,strict_pass,1.0,none,none,,,1.0,1.0,1.0,1.0,1.0,1.0,0.0,0.0,0.0,0.0,0.0,3885.0,3885.0,1.0,inverse_phase_volume,geometric_mean,3885.0,3885.0,3885.0,0.0,420.0,0.0,0.0,2.0465152666283668e+42,1.0021674416857491e+52,4896945837.774373,1.0572995106861553e-07,517.753843813542,0.0019314197508114082,9458057.909731088,4896945837.774345,0.0
19.675267177708474,154.87399398554803,2905.693550306198,1.6550153857678143,15.401865356275723,-1000000.0,solver_failed_full,64.0,15.401865356275723,0.2070375394008277,0.6961212116855147,1.7143284832234456,1.0,0.0,96.0,active_set_max_passes,2.0,10.937918965840915,4.4639463904348196,32.0,32.0,4865.0,64.50323206757419,0.06967315351213436,nonsingular_isothermal,1.0,0.01,2.0,0.3,1.0,0.0,strict_pass,1.0,none,none,,,0.9987129987129987,1.0,0.9987129987129987,0.9903474903474904,0.9968253968253968,0.9976190476190476,0.009652509652509633,0.0031746031746031633,0.0023809523809523725,0.0,0.0,3880.0,3885.0,1.0,inverse_phase_volume,geometric_mean,3880.0,3880.0,3880.0,0.0,420.0,0.0,0.0,5.415016885845641e+40,5.661075049513568e+52,1045439962396.2579,6.687507083920202e-08,69913.87154338248,1.4303313175547527e-05,14953255.188386315,1045439962396.2585,0.0
4.640560654433365,100.85758560939627,2371.3494366607947,2.9618379777265114,106.61545794385111,-1000000.0,solver_failed_full,65.0,106.61545794385111,1.0519652323705486,1.3791936028276375,3.207423928346201,0.0,0.0,32.0,active_set_max_passes,2.0,30.375958667552297,76.23949927629879,32.0,32.0,5058.0,159.452540248203,0.02069818748251438,nonsingular_isothermal,1.0,0.01,2.0,0.3,1.0,0.0,strict_pass,1.0,none,none,,,0.9987129987129987,1.0,0.9987129987129987,0.9903474903474904,0.9968253968253968,0.9976190476190476,0.009652509652509633,0.0031746031746031633,0.0023809523809523725,0.0,0.0,3880.0,3885.0,1.0,inverse_phase_volume,geometric_mean,3880.0,3880.0,3880.0,0.0,420.0,0.0,0.0,6.490433340945738e+37,1.4985140805680064e+50,2308804361512.253,4.001204157244304e-09,9237.997609546646,0.00010824856665546105,249924762.82157934,2308804361512.2627,0.0
8.744589908321613,158.360090549984,7821.115228314395,4.729660678998238,53.888657915209286,-1000000.0,solver_failed_full,66.0,53.888657915209286,0.7772592552125133,1.271997781551605,3.1478074856288076,0.0,0.0,36.0,active_set_max_passes,2.0,27.816294348393054,26.072363566816218,32.0,32.0,2957.0,197.2043729117768,0.022335171436352722,nonsingular_isothermal,1.0,0.01,2.0,0.3,1.0,0.0,strict_pass,1.0,none,none,,,0.9994851994851995,1.0,0.9994851994851995,0.9961389961389961,0.9978835978835979,0.9976190476190476,0.0038610038610038533,0.002116402116402072,0.0023809523809523725,0.0,0.0,3883.0,3885.0,1.0,inverse_phase_volume,geometric_mean,3883.0,3883.0,3883.0,0.0,420.0,0.0,0.0,8.497357688873211e+38,2.0707292886077415e+51,2436909642298.8516,1.0269961063664857e-08,25026.96714207865,3.995689906503564e-05,97371352.60794728,2436909642298.8506,0.0
5.889634845338351,8.69386857845507,3181.923084515289,3.830121326499371,60.75837515690275,-1000000.0,solver_failed_full,67.0,60.75837515690275,0.09469030801883349,0.9385872156492283,1.7478512548916856,1.0,0.0,83.0,active_set_max_passes,2.0,12.461444543333823,48.296930613568925,32.0,32.0,4046.0,52.65659144332929,0.05119270356482712,nonsingular_isothermal,1.0,0.01,2.0,0.3,1.0,0.0,strict_pass,1.0,none,none,,,0.9979407979407979,1.0,0.9979407979407979,0.9845559845559846,0.9925925925925926,0.9952380952380953,0.015444015444015413,0.007407407407407418,0.004761904761904745,0.0,0.0,3877.0,3885.0,1.0,inverse_phase_volume,geometric_mean,3877.0,3877.0,3877.0,0.0,420.0,0.0,0.0,1.001063188079274e+41,5.244206343701809e+50,5238636687.623879,1.1565898039873607e-07,605.8953779699942,0.0016504499561465925,8646107.691356823,5238636687.623917,0.0
11.851535087347195,8.578176549845304,3727.8157635618163,3.9107502179454414,18.93545016581407,-1000000.0,solver_failed_full,68.0,18.93545016581407,0.2831545630422241,0.8953300868117108,1.7246996392739433,1.0,0.0,85.0,reduced_spear_inconsistent,2.0,8.788376141780338,10.14707402403373,32.0,32.0,6227.0,64.91126454394924,0.0737685448978166,nonsingular_isothermal,1.0,0.01,2.0,0.3,1.0,0.0,strict_pass,1.0,none,none,,,0.9997425997425997,1.0,0.9997425997425997,0.9980694980694981,0.9989417989417989,0.9976190476190476,0.0019305019305019266,0.0010582010582010914,0.0023809523809523725,0.0,0.0,3884.0,3885.0,1.0,inverse_phase_volume,geometric_mean,3884.0,3884.0,3884.0,0.0,420.0,0.0,0.0,1.0819641457175413e+42,9.010737221086326e+51,8328129223.829824,8.118435784058277e-08,676.1138230500186,0.0014790409039248714,12317643.77521646,8328129223.8298645,0.0
9.179885126146589,7.865465877853961,98932.65703146302,3.7470577586183307,26.483040627053903,-1000000.0,solver_failed_full,69.0,26.483040627053903,0.27979361171535544,0.913618647485732,1.7437825781983451,1.0,0.0,84.0,reduced_spear_inconsistent,2.0,8.32710622833705,18.155934398716855,32.0,32.0,5586.0,58.636990434084424,0.06286651078228771,nonsingular_isothermal,1.0,0.01,2.0,0.3,1.0,0.0,strict_pass,1.0,none,none,,,1.0,1.0,1.0,1.0,1.0,1.0,0.0,0.0,0.0,0.0,0.0,3885.0,3885.0,1.0,inverse_phase_volume,geometric_mean,3885.0,3885.0,3885.0,0.0,420.0,0.0,0.0,4.359397380961427e+42,2.3235648066227745e+51,533001376.9266276,5.173883275538994e-07,275.7686909919945,0.003626227460422727,1932784.2294544692,533001376.9266297,0.0
5.01438190300505,7.327797205758907,2659.4523589635664,1.2749762248317473,82.83712417819785,-1000000.0,solver_failed_full,70.0,82.83712417819785,0.15011341458249206,0.9462061820004826,1.8065004253272223,1.0,0.0,79.0,active_set_max_passes,2.0,14.30721524677593,68.52990893142194,32.0,32.0,3152.0,47.67283352870803,0.050848145225778595,nonsingular_isothermal,1.0,0.01,2.0,0.3,1.0,0.0,strict_pass,1.0,none,none,,,0.9966537966537966,1.0,0.9966537966537966,0.974903474903475,0.9915343915343915,0.9952380952380953,0.025096525096525046,0.00846560846560851,0.004761904761904745,0.0,0.0,3872.0,3885.0,1.0,inverse_phase_volume,geometric_mean,3872.0,3872.0,3872.0,0.0,420.0,0.0,0.0,7.887871679387198e+38,3.0379225581632406e+50,385138435517.6597,1.5752622601921703e-09,606.6940424204247,0.0016482772700560384,634814929.0887014,385138435517.6595,0.0
18.585194343432715,3.442082587192695,1002.8513816052134,4.114104731470909,17.370452735931817,-1000000.0,solver_failed_full,71.0,17.370452735931817,0.3831805175359868,0.8577816238865885,1.6105094082446645,1.0,0.0,89.0,reduced_spear_inconsistent,2.0,9.46630178539238,7.9041509505394325,32.0,32.0,6505.0,59.705708661281136,0.06886247122844459,nonsingular_isothermal,1.0,0.01,2.0,0.3,1.0,0.0,strict_pass,1.0,none,none,,,1.0,1.0,1.0,1.0,1.0,1.0,0.0,0.0,0.0,0.0,0.0,3885.0,3885.0,1.0,inverse_phase_volume,geometric_mean,3885.0,3885.0,3885.0,0.0,420.0,0.0,0.0,2.929841448210505e+43,4.552720085880504e+52,1553913468.1370637,2.6616131194543323e-07,413.5916473290356,0.0024178437994528536,3757120.0438214475,1553913468.1370509,0.0
13.089831394800639,44.67702296091135,552508.8779343562,4.044597335483496,14.313010080711642,-1000000.0,solver_failed_full,72.0,14.313010080711642,0.24134391982089198,0.8211409970640701,1.5693318120908615,1.0,0.0,89.0,active_set_max_passes,2.0,8.025158878391434,6.287851202320205,32.0,32.0,6951.0,59.126857131525476,0.05404427088301373,nonsingular_isothermal,1.0,0.01,2.0,0.3,1.0,0.0,strict_pass,1.0,none,none,,,0.9971685971685972,1.0,0.9971685971685972,0.9787644787644788,0.9883597883597883,0.9857142857142858,0.021235521235521193,0.011640211640211673,0.014285714285714235,0.0,0.0,3874.0,3885.0,1.0,inverse_phase_volume,geometric_mean,3874.0,3874.0,3874.0,0.0,420.0,0.0,0.0,6.617632334668487e+43,1.4268812424078122e+52,215618089.7105237,2.9429624239347015e-06,634.5559359386531,0.001575905201360652,339793.66908226215,215618089.7105238,0.0
4.939521486122045,7.75649832991125,10099.018845871935,0.20635345306624445,83.63847824678793,-1000000.0,solver_failed_full,73.0,83.63847824678793,0.3716398453908454,1.0577997053627963,1.9694957285862629,1.0,0.0,69.0,active_set_max_passes,2.0,14.120144641845718,69.51833360494223,32.0,32.0,4856.0,46.89709213303445,0.06581091623569883,nonsingular_isothermal,1.0,0.01,2.0,0.3,1.0,0.0,strict_pass,1.0,none,none,,,1.0,1.0,1.0,1.0,1.0,1.0,0.0,0.0,0.0,0.0,0.0,3885.0,3885.0,1.0,inverse_phase_volume,geometric_mean,3885.0,3885.0,3885.0,0.0,420.0,0.0,0.0,1.3576169002406639e+39,2.5870392441254713e+50,190557383579.03976,2.4804006906840426e-09,472.658665844394,0.002115691665598731,403160668.2564747,190557383579.03967,0.0
4.503634628951289,2.5956024056965656,17516.25923440203,4.8929412605530915,93.00210537023698,-1000000.0,solver_failed_full,74.0,93.00210537023698,0.3324162332527578,0.9094723530389381,1.699481143031832,1.0,0.0,84.0,reduced_spear_inconsistent,2.0,16.813773338957745,76.18833203127922,32.0,32.0,2471.0,44.461336605505956,0.06950891002623837,nonsingular_isothermal,1.0,0.01,2.0,0.3,1.0,0.0,strict_pass,1.0,none,none,,,1.0,1.0,1.0,1.0,1.0,1.0,0.0,0.0,0.0,0.0,0.0,3885.0,3885.0,1.0,inverse_phase_volume,geometric_mean,3885.0,3885.0,3885.0,0.0,420.0,0.0,0.0,1.5958652781361295e+39,1.5899144634613827e+50,99627110461.2479,3.3073857530904663e-09,329.5052857611021,0.003034852681316378,302353603.3151217,99627110461.24808,0.0
6.949402452903733,161.07424681798932,17397.727227100917,0.7882157824738696,49.65909276143207,-1000000.0,solver_failed_full,75.0,49.65909276143207,0.1375489203585758,0.7427282780831294,1.9254606048369303,1.0,0.0,84.0,active_set_max_passes,2.0,18.311484727898733,31.347608033533337,32.0,32.0,807.0,39.300276995668355,0.05653818226887408,nonsingular_isothermal,1.0,0.01,2.0,0.3,1.0,0.0,strict_pass,1.0,none,none,,,0.9963963963963964,1.0,0.9963963963963964,0.972972972972973,0.9873015873015873,0.9857142857142858,0.027027027027026973,0.012698412698412653,0.014285714285714235,0.0,0.0,3871.0,3885.0,1.0,inverse_phase_volume,geometric_mean,3871.0,3871.0,3871.0,0.0,420.0,0.0,0.0,6.066655134009166e+39,9.001481851272116e+50,148376356533.1175,9.263617941551967e-08,13745.018784822938,7.275362919868733e-05,10794918.425062621,148376356533.11697,0.0
11.43496316602526,4.258068652336841,262307.1259078476,3.934411564999153,18.35568279329313,-1000000.0,solver_failed_full,76.0,18.35568279329313,0.4130076365482438,0.9127653027121189,1.6220593337300613,1.0,0.0,81.0,active_set_max_passes,2.0,8.095792584938721,10.259890208354406,32.0,32.0,6490.0,60.48834338442756,0.05711847766689549,nonsingular_isothermal,1.0,0.01,2.0,0.3,1.0,0.0,strict_pass,1.0,none,none,,,1.0,1.0,1.0,1.0,1.0,1.0,0.0,0.0,0.0,0.0,0.0,3885.0,3885.0,1.0,inverse_phase_volume,geometric_mean,3885.0,3885.0,3885.0,0.0,420.0,0.0,0.0,1.3684037892697294e+43,8.855037257452772e+51,647107040.1068097,5.51256702529904e-07,356.7220931131708,0.0028033026810109795,1814036.9004325222,647107040.106818,0.0
12.596403102830958,107.85822913408809,854591.2870386279,2.7785484813345804,13.993821813211389,-1000000.0,solver_failed_full,77.0,13.993821813211389,0.1696819663939131,0.7194928367814626,1.270104375949065,1.0,0.0,93.0,active_set_max_passes,2.0,7.0753368194956865,6.918484993715699,32.0,32.0,6675.0,65.12799403223616,0.06372774499665293,nonsingular_isothermal,1.0,0.01,2.0,0.3,1.0,0.0,strict_pass,1.0,none,none,,,0.9935649935649936,1.0,0.9935649935649936,0.974903474903475,0.9735449735449735,0.9761904761904762,0.025096525096525046,0.02645502645502651,0.023809523809523836,0.0,0.0,3860.0,3885.0,1.0,inverse_phase_volume,geometric_mean,3860.0,3860.0,3860.0,0.0,420.0,0.0,0.0,1.3894145290039454e+43,1.0151547107332646e+52,730634875.0081208,9.825878705660784e-07,717.9129659955455,0.0013929265069245243,1017720.6842823026,730634875.008124,0.0
7.071751039342825,4.551400471799836,695483.2057333388,4.892748390427622,38.28484194686824,-1000000.0,solver_failed_full,78.0,38.28484194686824,0.38592853059449794,1.033630630222773,1.4617744557451524,1.0,0.0,64.0,reduced_spear_inconsistent,2.0,3.9931062187763775,34.291735728091865,32.0,32.0,6673.0,90.74926144488583,0.05890865273888494,nonsingular_isothermal,1.0,0.01,2.0,0.3,1.0,0.0,strict_pass,1.0,none,none,,,0.9951093951093951,1.0,0.9951093951093951,0.9633204633204633,0.982010582010582,0.9809523809523809,0.03667953667953672,0.017989417989418,0.01904761904761909,0.0,0.0,3866.0,3885.0,1.0,inverse_phase_volume,geometric_mean,3866.0,3866.0,3866.0,0.0,420.0,0.0,0.0,6.4565386372551085e+40,2.0459246086367053e+51,31687638277.752125,4.36600666345232e-09,138.3484398697316,0.007228126323228483,229042252.35636103,31687638277.751907,0.0
21.460666710038186,3.4599352902586036,58127.81388837036,1.6499826187460078,21.195225742436996,-1000000.0,solver_failed_full,79.0,21.195225742436996,0.44540878826293806,0.9103947513589697,1.7924906915723187,1.0,0.0,79.0,active_set_max_passes,2.0,12.017947876185902,9.177277866251092,32.0,32.0,6547.0,55.78142869879515,0.07360127735770598,nonsingular_isothermal,1.0,0.01,2.0,0.3,1.0,0.0,strict_pass,1.0,none,none,,,1.0,1.0,1.0,1.0,1.0,1.0,0.0,0.0,0.0,0.0,0.0,3885.0,3885.0,1.0,inverse_phase_volume,geometric_mean,3885.0,3885.0,3885.0,0.0,420.0,0.0,0.0,1.0287114672809747e+44,9.220409669889499e+52,896306686.875019,5.019917238045097e-07,449.938538801897,0.002222525775771097,1992064.7145757114,896306686.8750136,0.0
21.2034827657575,1.4872851106441256,172398.99264508125,4.021379039359414,18.809820835833904,-1000000.0,solver_failed_full,80.0,18.809820835833904,0.4282153392713681,0.8935969590647411,1.6962129367627286,1.0,0.0,86.0,active_set_max_passes,2.0,10.845429831536123,7.964391004297779,32.0,32.0,6560.0,70.17808090032418,0.07065520424384064,nonsingular_isothermal,1.0,0.01,2.0,0.3,1.0,0.0,strict_pass,1.0,none,none,,,1.0,1.0,1.0,1.0,1.0,1.0,0.0,0.0,0.0,0.0,0.0,3885.0,3885.0,1.0,inverse_phase_volume,geometric_mean,3885.0,3885.0,3885.0,0.0,420.0,0.0,0.0,3.241261800818197e+42,6.645109412278205e+52,20501612707.127728,1.4455537987871953e-08,296.36184130052294,0.003374253566558049,69177639.79721749,20501612707.12771,0.0
16.64469111814149,94.51522242616257,49453.922825911526,4.694381063666427,13.651763616713732,-1000000.0,solver_failed_full,81.0,13.651763616713732,0.026064791751400307,0.6193515968149689,1.4896868411112525,1.0,0.0,109.0,reduced_spear_inconsistent,2.0,8.253347193845297,5.398416422868427,32.0,32.0,2201.0,35.53861904734115,0.0818218653413533,nonsingular_isothermal,1.0,0.01,2.0,0.3,1.0,0.0,strict_pass,1.0,none,none,,,0.9981981981981982,1.0,0.9981981981981982,0.9864864864864865,0.9925925925925926,0.9928571428571429,0.013513513513513487,0.007407407407407418,0.0071428571428571175,0.0,0.0,3878.0,3885.0,1.0,inverse_phase_volume,geometric_mean,3878.0,3878.0,3878.0,0.0,420.0,0.0,0.0,5.744293268117917e+40,3.6988480449163077e+52,643916992442.8689,1.5659822272699986e-08,10083.62566002693,9.917067865422222e-05,63857685.13754563,643916992442.8754,0.0
21.53924177611206,174.81290929362245,751629.1654203311,1.5044641163633563,13.045616054335925,-1000000.0,solver_failed_full,82.0,13.045616054335925,0.2147234058828893,0.6369234226467873,1.5509902768302768,1.0,0.0,98.0,active_set_max_passes,2.0,8.8328167622671,4.212799292068824,32.0,32.0,6518.0,57.5446395223304,0.07540946273519855,nonsingular_isothermal,1.0,0.01,2.0,0.3,1.0,0.0,strict_pass,1.0,none,none,,,0.9958815958815959,1.0,0.9958815958815959,0.9691119691119691,0.9830687830687831,0.9809523809523809,0.030888030888030937,0.016931216931216908,0.01904761904761909,0.0,0.0,3869.0,3885.0,1.0,inverse_phase_volume,geometric_mean,3869.0,3869.0,3869.0,0.0,420.0,0.0,0.0,1.5369418240814643e+44,6.883576562217749e+52,447874893.78992206,7.3686504489206555e-06,3300.2335371853887,0.00030300885944358115,135710.06074069886,447874893.7899205,0.0
5.348957562240253,33.71937176389368,577025.5340827524,0.38307709346335805,51.38981384247878,-1000000.0,solver_failed_full,83.0,51.38981384247878,0.5183333319588925,0.9632522522478576,1.362244399115217,1.0,0.0,67.0,active_set_max_passes,2.0,3.883642510369972,47.50617133210881,32.0,32.0,6770.0,96.21025472000676,0.062345447444057296,nonsingular_isothermal,1.0,0.01,2.0,0.3,1.0,0.0,strict_pass,1.0,none,none,,,0.9891891891891892,1.0,0.9891891891891892,0.9285714285714286,0.9555555555555556,0.9595238095238096,0.0714285714285714,0.0444444444444444,0.04047619047619044,0.0,0.0,3843.0,3885.0,1.0,inverse_phase_volume,geometric_mean,3843.0,3843.0,3843.0,0.0,420.0,0.0,0.0,6.655225373027451e+41,8.794486778875077e+50,1321440865.777094,1.5856821216788523e-07,209.5385155718535,0.004772392308263189,6306434.223659171,1321440865.777077,0.0
24.57383604198965,5.946877598432979,149963.3087554854,4.670723062697627,22.378197207531972,-1000000.0,solver_failed_full,84.0,22.378197207531972,0.5722982371649259,0.90916677269417,1.7507911108981102,1.0,0.0,81.0,active_set_max_passes,2.0,12.18066421190528,10.197532995626688,32.0,32.0,6455.0,73.77060564759476,0.07491119992940684,nonsingular_isothermal,1.0,0.01,2.0,0.3,1.0,0.0,strict_pass,1.0,none,none,,,1.0,1.0,1.0,1.0,1.0,1.0,0.0,0.0,0.0,0.0,0.0,3885.0,3885.0,1.0,inverse_phase_volume,geometric_mean,3885.0,3885.0,3885.0,0.0,420.0,0.0,0.0,1.508268502311663e+44,1.4431283121126498e+53,956811277.236662,4.58132961038947e-07,438.3467835958843,0.0022812988196165454,2182772.4373557735,956811277.236652,0.0
10.055262206633852,42.654839701662176,1058276.6194170401,1.3825014298249394,20.08221218751916,-1000000.0,solver_failed_full,85.0,20.08221218751916,0.37531906740772314,0.9067461434056497,1.2823326936336443,1.0,0.0,75.0,reduced_spear_inconsistent,2.0,6.646531504109278,13.435680683409885,32.0,32.0,6646.0,95.61667094905864,0.045214377752228536,nonsingular_isothermal,1.0,0.01,2.0,0.3,1.0,0.0,strict_pass,1.0,none,none,,,0.9948519948519948,1.0,0.9948519948519948,0.9613899613899614,0.9788359788359788,0.9833333333333333,0.038610038610038644,0.021164021164021163,0.01666666666666672,0.0,0.0,3865.0,3885.0,1.0,inverse_phase_volume,geometric_mean,3865.0,3865.0,3865.0,0.0,420.0,0.0,0.0,5.555975616152443e+41,6.707656517702774e+51,12072868891.29272,2.6000868357291795e-08,313.90507473734544,0.0031856764368550982,38460253.95223217,12072868891.292725,0.0
2.1162552668706702,267.9488871863707,4551.6329699245025,2.6826691211489746,209.76459060554237,-1000000.0,solver_failed_full,86.0,209.76459060554237,1.0728501996505884,1.0112013755999305,2.3521331299628754,0.0,0.0,59.0,active_set_max_passes,2.0,46.153196341899296,163.6113942636431,32.0,32.0,333.0,19.801619025726,0.12454655299949088,nonsingular_isothermal,1.0,0.01,2.0,0.3,1.0,0.0,strict_pass,1.0,none,none,,,0.9915057915057915,1.0,0.9915057915057915,0.9667359667359667,0.9650793650793651,0.9642857142857143,0.033264033264033266,0.03492063492063491,0.0357142857142857,0.0,0.0,3852.0,3885.0,1.0,inverse_phase_volume,geometric_mean,3852.0,3852.0,3852.0,0.0,420.0,0.0,0.0,6.38430246531367e+36,4.0680278571353684e+48,637192219390.7993,7.180258979679944e-09,4575.205155062969,0.00021856943374296334,139270742.57766876,637192219390.7979,0.0
2.6026745049760045,3.8858744531206195,512500.7592211447,1.2773862607128406,150.52999302463408,-1000000.0,solver_failed_full,87.0,150.52999302463408,2.6258020822252206,1.0832757234466581,5.195207862944932,0.0,0.0,22.0,reduced_spear_inconsistent,2.0,42.79948956504408,107.73050345959001,32.0,32.0,7097.0,272.61892032257964,0.03116864154362685,nonsingular_isothermal,1.0,0.01,2.0,0.3,1.0,0.0,severe_coverage_warn,0.0,inner,multiple,1;2;3,third_integral coverage gap 0.114 exceeds 0.1 | 5 planned shell-band/Lfrac/third-integral cells have no successful orbit,0.9770913770913771,1.0,0.9770913770913771,0.9324324324324325,0.9058201058201059,0.8857142857142857,0.06756756756756754,0.09417989417989414,0.11428571428571432,5.0,0.0,3796.0,3885.0,1.0,inverse_phase_volume,geometric_mean,3796.0,3796.0,3796.0,0.0,420.0,0.0,0.0,1.160168380085647e+43,7.449153244385736e+50,64207518.255546816,6.540951742367591e-06,419.9782784067151,0.002381075525605114,152882.95027812506,64207518.25554638,0.0
16.0362847700981,477.00827774005313,96.03531163686739,2.6791166255081538,25.25296867616861,-1000000.0,solver_failed_full,88.0,25.25296867616861,0.011929800033957605,0.6150970220346366,1.0276099051333192,1.0,0.0,90.0,active_set_max_passes,2.0,10.55208633524033,14.700882340928272,32.0,32.0,4531.0,40.310301787678235,0.07944371342055552,nonsingular_isothermal,1.0,0.01,2.0,0.3,1.0,0.0,strict_pass,1.0,none,none,,,0.9974259974259975,1.0,0.9974259974259975,0.9806949806949807,0.9915343915343915,0.9952380952380953,0.019305019305019266,0.00846560846560851,0.004761904761904745,0.0,0.0,3875.0,3885.0,1.0,inverse_phase_volume,geometric_mean,3875.0,3875.0,3875.0,0.0,420.0,0.0,0.0,4.1746148337306926e+36,4.128018016725947e+51,988838055997826.4,1.0699151418935542e-09,1057972.808992662,9.452038762245126e-07,934653563.4874583,988838055997827.6,0.0
10.03710850566365,306.3675139439331,2173246.109502121,1.2705093473471842,23.911729630679638,-1000000.0,solver_failed_full,89.0,23.911729630679638,0.3389120606685978,0.7708435258285006,3.6968356807098863,0.0,0.0,53.0,reduced_spear_inconsistent,2.0,15.567274871301207,8.344454759378424,32.0,32.0,6278.0,115.87129131383782,0.04919883369379614,nonsingular_isothermal,1.0,0.01,2.0,0.3,1.0,0.0,severe_coverage_warn,0.0,inner,multiple,1,Lfrac coverage gap 0.104 exceeds 0.1 | 1 planned shell-band/Lfrac/third-integral cells have no successful orbit,0.9747747747747748,1.0,0.9747747747747748,0.9382239382239382,0.8962962962962963,0.9142857142857143,0.061776061776061764,0.10370370370370374,0.08571428571428574,1.0,0.0,3787.0,3885.0,1.0,inverse_phase_volume,geometric_mean,3787.0,3787.0,3787.0,0.0,420.0,0.0,0.0,1.3607445095127967e+45,1.269651072040672e+52,9330561.785586482,9.312170834340839e-05,868.8778532775415,0.001150909758175842,10738.634608294156,9330561.785586538,0.0
3.6966324313254972,97.60930336075236,129343.40229165644,3.328992917609741,103.33660185162485,-1000000.0,solver_failed_full,90.0,103.33660185162485,0.4038951738036616,0.890321338574563,1.2591045118821924,1.0,0.0,75.0,active_set_max_passes,2.0,12.279847929633103,91.05675392199176,32.0,32.0,2328.0,57.23001562399777,0.04298921093425826,nonsingular_isothermal,1.0,0.01,2.0,0.3,1.0,0.0,strict_pass,1.0,none,none,,,0.9845559845559846,1.0,0.9845559845559846,0.9555984555984556,0.9365079365079365,0.9214285714285714,0.044401544401544424,0.06349206349206349,0.07857142857142863,0.0,0.0,3825.0,3885.0,1.0,inverse_phase_volume,geometric_mean,3825.0,3825.0,3825.0,0.0,420.0,0.0,0.0,8.62942470723386e+41,1.2834471639310829e+50,148729168.80023265,3.814901416557721e-06,567.3871167394591,0.0017624651150815508,262129.971605485,148729168.8002324,0.0
17.891475147535985,11.93329834850946,18182.775461745874,0.9680252708811943,13.166674975319081,-1000000.0,solver_failed_full,91.0,13.166674975319081,0.21177040547366843,0.7235497017940972,1.4872730061740722,1.0,0.0,101.0,active_set_max_passes,2.0,7.865259400474231,5.30141557484485,32.0,32.0,6272.0,49.673879064028085,0.0759271383275768,nonsingular_isothermal,1.0,0.01,2.0,0.3,1.0,0.0,strict_pass,1.0,none,none,,,0.9994851994851995,1.0,0.9994851994851995,0.9961389961389961,0.9978835978835979,0.9976190476190476,0.0038610038610038533,0.002116402116402072,0.0023809523809523725,0.0,0.0,3883.0,3885.0,1.0,inverse_phase_volume,geometric_mean,3883.0,3883.0,3883.0,0.0,420.0,0.0,0.0,3.5413633947187336e+42,5.743206903816265e+52,16217502311.062344,6.128212062243233e-08,993.8429328210975,0.0010061952115123717,16317973.16808175,16217502311.06234,0.0
10.222064871487508,3.4579344611638114,532.8487914375148,0.8304824120377954,22.295891089974077,-1000000.0,solver_failed_full,92.0,22.295891089974077,0.0783180519069262,0.878086285199885,1.6442858556231466,1.0,0.0,87.0,active_set_max_passes,2.0,7.453670453329326,14.84222063664475,32.0,32.0,4443.0,44.039598599474914,0.0741595830151876,nonsingular_isothermal,1.0,0.01,2.0,0.3,1.0,0.0,strict_pass,1.0,none,none,,,1.0,1.0,1.0,1.0,1.0,1.0,0.0,0.0,0.0,0.0,0.0,3885.0,3885.0,1.0,inverse_phase_volume,geometric_mean,3885.0,3885.0,3885.0,0.0,420.0,0.0,0.0,2.344833176703596e+43,4.110090897812066e+51,175282870.3827066,2.320612464351841e-06,406.7636137974742,0.0024584303169700315,430920.72259437124,175282870.38270533,0.0
21.7537297586515,4.429085509842894,24311.42275641162,2.5779550266922118,21.953202141999167,-1000000.0,solver_failed_full,93.0,21.953202141999167,0.4735591183301011,0.9417240244458239,1.7526991360396127,1.0,0.0,81.0,reduced_spear_inconsistent,2.0,11.982917427131081,9.970284714868098,32.0,32.0,6583.0,60.3908937891944,0.05846949698689039,nonsingular_isothermal,1.0,0.01,2.0,0.3,1.0,0.0,strict_pass,1.0,none,none,,,1.0,1.0,1.0,1.0,1.0,1.0,0.0,0.0,0.0,0.0,0.0,3885.0,3885.0,1.0,inverse_phase_volume,geometric_mean,3885.0,3885.0,3885.0,0.0,420.0,0.0,0.0,1.6847539696130934e+38,8.811898331971191e+52,523037695171293.06,8.401780583803346e-13,439.4447951887431,0.0022755986894110246,1190223893644.3599,523037695171294.1,0.0
17.971414865464435,74.43851430235453,1955044.8172262756,4.443212748522863,16.761901244236196,-1000000.0,solver_failed_full,94.0,16.761901244236196,0.20196878567017507,0.8043136377946757,1.2824345626998137,1.0,0.0,86.0,active_set_max_passes,2.0,9.207767090522571,7.554134153713624,32.0,32.0,6431.0,68.3963572113657,0.07265273788582612,nonsingular_isothermal,1.0,0.01,2.0,0.3,1.0,0.0,strict_pass,1.0,none,none,,,0.9933075933075933,1.0,0.9933075933075933,0.9555984555984556,0.9724867724867725,0.9761904761904762,0.044401544401544424,0.02751322751322749,0.023809523809523836,0.0,0.0,3859.0,3885.0,1.0,inverse_phase_volume,geometric_mean,3859.0,3859.0,3859.0,0.0,420.0,0.0,0.0,1.6824314332712074e+45,4.812280971325512e+52,28603132.800299827,1.7897413031335267e-05,511.92208171709666,0.0019534222799020215,55873.9968871017,28603132.80029968,0.0
9.631812611876631,32.4188141807699,44037.48843314357,1.5236594204399605,22.958359650056433,-1000000.0,solver_failed_full,95.0,22.958359650056433,0.17763827682058064,0.8494438780762862,1.7266740469489892,1.0,0.0,88.0,active_set_max_passes,2.0,8.410064001931758,14.548295648124673,32.0,32.0,4057.0,44.01663693348862,0.06213376412829941,nonsingular_isothermal,1.0,0.01,2.0,0.3,1.0,0.0,strict_pass,1.0,none,none,,,0.9992277992277993,1.0,0.9992277992277993,0.9942084942084942,0.9968253968253968,0.9976190476190476,0.00579150579150578,0.0031746031746031633,0.0023809523809523725,0.0,0.0,3882.0,3885.0,1.0,inverse_phase_volume,geometric_mean,3882.0,3882.0,3882.0,0.0,420.0,0.0,0.0,2.983634323167065e+42,4.074656346936967e+51,1365668813.8014867,1.0111550297498435e-06,1380.9028900478766,0.0007241638837944133,988968.0321793946,1365668813.8014874,0.0
3.06837723624275,1.8939186876543344,70068.67627231781,1.162499506181274,130.98448216318238,-1000000.0,solver_failed_full,96.0,130.98448216318238,0.46233528089138076,0.8937499919169777,1.2639533599397108,1.0,0.0,78.0,active_set_max_passes,2.0,15.308310452749986,115.67617171043238,32.0,32.0,2226.0,46.53473599267517,0.059256600245504734,nonsingular_isothermal,1.0,0.01,2.0,0.3,1.0,0.0,strict_pass,1.0,none,none,,,0.9992277992277993,1.0,0.9992277992277993,0.9942084942084942,0.9968253968253968,0.9976190476190476,0.00579150579150578,0.0031746031746031633,0.0023809523809523725,0.0,0.0,3882.0,3885.0,1.0,inverse_phase_volume,geometric_mean,3882.0,3882.0,3882.0,0.0,420.0,0.0,0.0,1.0450759377219957e+40,4.998899929586892e+49,4783288705.778878,3.135558112938948e-08,149.98279707934321,0.006667431328614205,31892248.97071684,4783288705.778916,0.0
6.3997180125195205,253.92183281874546,74710.97876961257,2.0957268336964843,60.600323345421074,-1000000.0,solver_failed_full,97.0,60.600323345421074,0.25538052830350466,0.6942669335958572,1.5758708964047918,1.0,0.0,92.0,active_set_max_passes,2.0,13.962446848357228,46.63787649706385,32.0,32.0,1374.0,37.18960481164626,0.06216407813273883,nonsingular_isothermal,1.0,0.01,2.0,0.3,1.0,0.0,strict_pass,1.0,none,none,,,0.9935649935649936,1.0,0.9935649935649936,0.9671814671814671,0.9735449735449735,0.9738095238095238,0.032818532818532864,0.02645502645502651,0.02619047619047621,0.0,0.0,3860.0,3885.0,1.0,inverse_phase_volume,geometric_mean,3860.0,3860.0,3860.0,0.0,420.0,0.0,0.0,6.341285235575003e+41,4.107820930438587e+50,647789963.3647541,5.561221040831189e-06,3602.503174303349,0.0002775847658186671,179816.6252802889,647789963.3647566,0.0
7.392061482134535,18.66733694562901,224737.57786812118,0.5470385579785288,34.60569552899861,-1000000.0,solver_failed_full,98.0,34.60569552899861,0.21352704408653977,0.9636298769091007,1.577532115973054,1.0,0.0,78.0,active_set_max_passes,2.0,7.215982163223529,27.389713365775087,32.0,32.0,6049.0,66.49460238878638,0.05442339897662268,nonsingular_isothermal,1.0,0.01,2.0,0.3,1.0,0.0,strict_pass,1.0,none,none,,,0.9981981981981982,1.0,0.9981981981981982,0.9864864864864865,0.9925925925925926,0.9928571428571429,0.013513513513513487,0.007407407407407418,0.0071428571428571175,0.0,0.0,3878.0,3885.0,1.0,inverse_phase_volume,geometric_mean,3878.0,3878.0,3878.0,0.0,420.0,0.0,0.0,9.786893478260696e+42,1.4772949365269351e+51,150946256.82893163,2.0817761141365e-06,314.2363119847836,0.003182318407709748,480359.0516815926,150946256.8289317,0.0
7.348617908862784,19.02891831372981,85419.24530972583,4.703302093449098,37.555356938975734,-1000000.0,solver_failed_full,99.0,37.555356938975734,0.23039389981535408,0.9468660361147989,1.7568094342469394,1.0,0.0,81.0,active_set_max_passes,2.0,8.545568891789987,29.009788047185747,32.0,32.0,4718.0,57.56802571727202,0.054398098235196785,nonsingular_isothermal,1.0,0.01,2.0,0.3,1.0,0.0,strict_pass,1.0,none,none,,,0.9984555984555985,1.0,0.9984555984555985,0.9884169884169884,0.9936507936507937,0.9928571428571429,0.01158301158301156,0.006349206349206327,0.0071428571428571175,0.0,0.0,3879.0,3885.0,1.0,inverse_phase_volume,geometric_mean,3879.0,3879.0,3879.0,0.0,420.0,0.0,0.0,4.1031319032652914e+40,1.4526588657838531e+51,35403659936.6406,1.5264090854147507e-08,540.4046818422185,0.0018504650932909,65513236.88749424,35403659936.64022,0.0
22.79812799747235,3.4854083042831054,59844.32535612395,2.6025966619394163,19.574511032553797,-1000000.0,solver_failed_full,100.0,19.574511032553797,0.19965660848323452,0.8449138654596033,1.669189624182637,1.0,0.0,86.0,active_set_max_passes,2.0,11.083256172460594,8.491254860093202,32.0,32.0,6537.0,67.41848367789991,0.06271866705302188,nonsingular_isothermal,1.0,0.01,2.0,0.3,1.0,0.0,strict_pass,1.0,none,none,,,0.9974259974259975,1.0,0.9974259974259975,0.9806949806949807,0.9915343915343915,0.9952380952380953,0.019305019305019266,0.00846560846560851,0.004761904761904745,0.0,0.0,3875.0,3885.0,1.0,inverse_phase_volume,geometric_mean,3875.0,3875.0,3875.0,0.0,420.0,0.0,0.0,6.04529167973543e+43,1.2168979798199347e+53,2012968181.3354485,2.365962791787223e-07,476.26078180912265,0.0020996899979910237,4226609.156624187,2012968181.3354316,0.0
22.91624048452152,3.5144084700359093,59686.49174136588,1.7924342667814788,19.648797720861335,-1000000.0,solver_failed_full,101.0,19.648797720861335,0.29522830603259465,0.8362956825314638,1.6697850298845511,1.0,0.0,86.0,reduced_spear_inconsistent,2.0,11.113024346786403,8.535773374074946,32.0,32.0,6563.0,69.88033634067932,0.05429089319146792,nonsingular_isothermal,1.0,0.01,2.0,0.3,1.0,0.0,strict_pass,1.0,none,none,,,1.0,1.0,1.0,1.0,1.0,1.0,0.0,0.0,0.0,0.0,0.0,3885.0,3885.0,1.0,inverse_phase_volume,geometric_mean,3885.0,3885.0,3885.0,0.0,420.0,0.0,0.0,3.040102077491344e+43,1.2610633494113029e+53,4148095416.75626,1.1854787190759362e-07,491.7478841260986,0.002033562384873568,8435410.808381999,4148095416.756271,0.0
23.471833202569286,12.697827124101275,7398.493226405661,3.6241458431316,17.433387479043038,-1000000.0,solver_failed_full,102.0,17.433387479043038,0.32995262709873074,0.8042422146220405,1.6282641262979658,1.0,0.0,92.0,reduced_spear_inconsistent,2.0,9.99102962312574,7.4423578559172965,32.0,32.0,6069.0,55.90725538359713,0.07227042443242779,nonsingular_isothermal,1.0,0.01,2.0,0.3,1.0,0.0,strict_pass,1.0,none,none,,,0.9997425997425997,1.0,0.9997425997425997,0.9980694980694981,0.9989417989417989,0.9976190476190476,0.0019305019305019266,0.0010582010582010914,0.0023809523809523725,0.0,0.0,3884.0,3885.0,1.0,inverse_phase_volume,geometric_mean,3884.0,3884.0,3884.0,0.0,420.0,0.0,0.0,1.7487763537195183e+42,1.6567623839892506e+53,94738379808.56953,1.157813934124127e-08,1096.8941623870514,0.0009116649849095821,86369663.5985374,94738379808.56909,0.0
15.215345414344627,7.85735017280049,547723.185075301,3.78260336947427,16.064821842701907,-1000000.0,solver_failed_full,103.0,16.064821842701907,0.33418831932726434,0.8853717795802654,1.562779497425787,1.0,0.0,84.0,reduced_spear_inconsistent,2.0,9.09021637580049,6.974605466901408,32.0,32.0,6665.0,60.846285359475935,0.06589789444032929,nonsingular_isothermal,1.0,0.01,2.0,0.3,1.0,0.0,strict_pass,1.0,none,none,,,1.0,1.0,1.0,1.0,1.0,1.0,0.0,0.0,0.0,0.0,0.0,3885.0,3885.0,1.0,inverse_phase_volume,geometric_mean,3885.0,3885.0,3885.0,0.0,420.0,0.0,0.0,1.544526258071829e+43,2.662318578280374e+52,1723712086.0631957,2.088148773638742e-07,359.93672786191576,0.002778266074540842,4788930.810985425,1723712086.0632043,0.0
0.892055429943342,3.6295007888076527,21239.350238241674,3.816711342634978,600.7705612880792,-1000000.0,solver_failed_full,104.0,600.7705612880792,7.487407093316278,1.1466871970409713,1.6216605858547732,1.0,0.0,42.0,active_set_max_passes,2.0,98.42447689450053,502.3460843935786,32.0,32.0,5778.0,44.37065730532309,0.07238866034036925,nonsingular_isothermal,1.0,0.01,2.0,0.3,1.0,0.0,severe_coverage_warn,0.0,multiple,multiple,2;3;4,Lfrac coverage gap 0.185 exceeds 0.1 | third_integral coverage gap 0.121 exceeds 0.1 | 5 planned shell-band/Lfrac/third-integral cells have no successful orbit,0.954954954954955,1.0,0.954954954954955,0.9043659043659044,0.8148148148148148,0.8785714285714286,0.08731808731808732,0.18518518518518523,0.12142857142857144,5.0,0.0,3710.0,3885.0,1.0,inverse_phase_volume,geometric_mean,3710.0,3710.0,3710.0,0.0,420.0,0.0,0.0,2.0196204728173063e+40,1.2825365917735454e+48,63503841.88690896,2.4759721642275998e-06,157.23374483349784,0.006359957915261427,403881.76185815816,63503841.88690918,0.0
13.914693274706485,3.4445952779137854,2351.8029321860727,3.506366450200468,16.886428980271024,-1000000.0,solver_failed_full,105.0,16.886428980271024,0.2757141393603888,0.8628892654674342,1.6274500252233506,1.0,0.0,88.0,reduced_spear_inconsistent,2.0,8.499976175607792,8.386452804663234,32.0,32.0,6265.0,43.691411808409136,0.07598754266328499,nonsingular_isothermal,1.0,0.01,2.0,0.3,1.0,0.0,strict_pass,1.0,none,none,,,0.9994851994851995,1.0,0.9994851994851995,0.9961389961389961,0.9978835978835979,0.9976190476190476,0.0038610038610038533,0.002116402116402072,0.0023809523809523725,0.0,0.0,3883.0,3885.0,1.0,inverse_phase_volume,geometric_mean,3883.0,3883.0,3883.0,0.0,420.0,0.0,0.0,1.9064175340285566e+44,1.479089370555396e+52,77584754.86898455,5.4418050418752325e-06,422.20111021869195,0.002368539484612012,183762.55531113304,77584754.86898416,0.0
5.901990991162151,262.01142706227165,0.0,4.260404652894853,75.51528705901494,-1000000.0,solver_failed_full,106.0,75.51528705901494,0.4776184023518937,1.1879535712141123,2.699933175903133,0.0,0.0,46.0,active_set_max_passes,2.0,25.072157477408798,50.44312958160613,32.0,32.0,4364.0,81.69393586847565,0.048447619324360675,nonsingular_isothermal,1.0,0.01,2.0,0.3,1.0,0.0,strict_pass,1.0,none,none,,,1.0,1.0,1.0,1.0,1.0,1.0,0.0,0.0,0.0,0.0,0.0,3885.0,3885.0,1.0,inverse_phase_volume,geometric_mean,3885.0,3885.0,3885.0,0.0,420.0,0.0,0.0,2.0850488218261825e+34,2.1229791441410232e+50,1.0181915751409694e+16,3.395238617085329e-11,345700.33555095404,2.8926787080095453e-06,29453010900.849686,1.0181915751409644e+16,0.0
9.893151310442516,251.03798331433597,3791.7522581437315,3.140276287370278,44.160417024384095,-1000000.0,solver_failed_full,107.0,44.160417024384095,0.18897828836720265,1.032869960061622,2.407477194876219,0.0,0.0,64.0,active_set_max_passes,2.0,21.919314938442927,22.241102085941176,32.0,32.0,1765.0,49.374144036864664,0.07804059507018435,nonsingular_isothermal,1.0,0.01,2.0,0.3,1.0,0.0,strict_pass,1.0,none,none,,,1.0,1.0,1.0,1.0,1.0,1.0,0.0,0.0,0.0,0.0,0.0,3885.0,3885.0,1.0,inverse_phase_volume,geometric_mean,3885.0,3885.0,3885.0,0.0,420.0,0.0,0.0,3.580071491429621e+39,1.9744971625145874e+51,551524506491.3818,1.2246680811398575e-07,67543.44590664003,1.4805285495534548e-05,8165477.776388618,551524506491.376,0.0
18.139970807295967,24.779470170039062,78136.42274250547,3.9792928647322023,13.662450952291097,-1000000.0,solver_failed_full,108.0,13.662450952291097,0.37497588468879073,0.7975007856480967,1.5208157623294714,1.0,0.0,99.0,reduced_spear_inconsistent,2.0,8.022653634024696,5.639797318266408,32.0,32.0,6011.0,49.9929971433576,0.06749476410305484,nonsingular_isothermal,1.0,0.01,2.0,0.3,1.0,0.0,strict_pass,1.0,none,none,,,1.0,1.0,1.0,1.0,1.0,1.0,0.0,0.0,0.0,0.0,0.0,3885.0,3885.0,1.0,inverse_phase_volume,geometric_mean,3885.0,3885.0,3885.0,0.0,420.0,0.0,0.0,8.276281848269224e+42,5.969792743809338e+52,7213133691.257469,2.0981288310458967e-07,1513.40837598158,0.0006607601859950134,4766151.55944218,7213133691.257465,0.0
18.98423765675919,2.5623161549621716,1911.479622500507,3.787576624688575,17.70738877276215,-1000000.0,solver_failed_full,109.0,17.70738877276215,0.29495217384398487,0.8484613920895033,1.65562065783738,1.0,0.0,87.0,reduced_spear_inconsistent,2.0,9.794564795106352,7.9128239776558,32.0,32.0,6588.0,53.15180929924348,0.07851224975804787,nonsingular_isothermal,1.0,0.01,2.0,0.3,1.0,0.0,strict_pass,1.0,none,none,,,0.9994851994851995,1.0,0.9994851994851995,0.9961389961389961,0.9978835978835979,0.9976190476190476,0.0038610038610038533,0.002116402116402072,0.0023809523809523725,0.0,0.0,3883.0,3885.0,1.0,inverse_phase_volume,geometric_mean,3883.0,3883.0,3883.0,0.0,420.0,0.0,0.0,3.5624854320397976e+43,5.204898322558283e+52,1461030065.062772,2.8664790654991244e-07,418.80120955672453,0.0023877676978498676,3488600.394944365,1461030065.0627668,0.0
12.65564011917523,2.649850966764025,52437.95336413373,2.6048549748012757,18.778450149714164,-1000000.0,solver_failed_full,110.0,18.778450149714164,0.30673265003211014,0.9228566951076431,1.7501928790797519,1.0,0.0,83.0,active_set_max_passes,2.0,9.487026606469607,9.291423543244546,32.0,32.0,6682.0,82.9990824955076,0.044411786208646234,nonsingular_isothermal,1.0,0.01,2.0,0.3,1.0,0.0,strict_pass,1.0,none,none,,,0.9979407979407979,1.0,0.9979407979407979,0.9845559845559846,0.9915343915343915,0.9976190476190476,0.015444015444015413,0.00846560846560851,0.0023809523809523725,0.0,0.0,3877.0,3885.0,1.0,inverse_phase_volume,geometric_mean,3877.0,3877.0,3877.0,0.0,420.0,0.0,0.0,3.3356073435748415e+45,9.231529382448053e+51,2767570.769452266,0.0001122933406408507,310.7797671617636,0.0032177126880962342,8905.247580070785,2767570.769452257,0.0
24.34742613416477,42.85918171388464,28.304883095793457,2.5957196531144193,17.586608151988386,-1000000.0,solver_failed_full,111.0,17.586608151988386,0.237607359017467,0.7760799831253032,1.565906556045395,1.0,0.0,101.0,reduced_spear_inconsistent,2.0,9.478952517687498,8.107655634300881,32.0,32.0,6262.0,53.29540348809675,0.07259245608042633,nonsingular_isothermal,1.0,0.01,2.0,0.3,1.0,0.0,strict_pass,1.0,none,none,,,1.0,1.0,1.0,1.0,1.0,1.0,0.0,0.0,0.0,0.0,0.0,3885.0,3885.0,1.0,inverse_phase_volume,geometric_mean,3885.0,3885.0,3885.0,0.0,420.0,0.0,0.0,5.783734829206041e+39,1.8625628808173092e+53,32203462569064.414,2.9529708904502584e-10,9509.58875381511,0.00010515701844612518,3386420107.4041862,32203462569064.203,0.0
7.810033459702617,5.382188771331623,220.81832189151078,2.6079275028974584,35.131400249800265,-1000000.0,solver_failed_full,112.0,35.131400249800265,0.2032442768326419,0.9184455055749032,1.7293733829662843,1.0,0.0,82.0,active_set_max_passes,2.0,8.640229964157411,26.491170285642863,32.0,32.0,5077.0,39.3272814115259,0.07835096088607868,nonsingular_isothermal,1.0,0.01,2.0,0.3,1.0,0.0,strict_pass,1.0,none,none,,,1.0,1.0,1.0,1.0,1.0,1.0,0.0,0.0,0.0,0.0,0.0,3885.0,3885.0,1.0,inverse_phase_volume,geometric_mean,3885.0,3885.0,3885.0,0.0,420.0,0.0,0.0,6.191357083680353e+41,1.6374413557532206e+51,2644721235.7841744,2.0438489732349267e-07,540.5410782250065,0.001849998159776746,4892729.41932318,2644721235.7841616,0.0
12.587324457919843,207.3066251055942,0.0,3.4291648021283145,80.17551292253505,-1000000.0,solver_failed_full,113.0,80.17551292253505,inf,1.778216555851677,4.272036439867217,0.0,0.0,1.0,reduced_spear_inconsistent,2.0,54.40382780080683,25.77168512172823,32.0,32.0,6957.0,528.7848047445032,0.009143996648691621,nonsingular_isothermal,1.0,0.01,2.0,0.3,1.0,0.0,strict_pass,1.0,none,none,,,1.0,1.0,1.0,1.0,1.0,1.0,0.0,0.0,0.0,0.0,0.0,3885.0,3885.0,1.0,inverse_phase_volume,geometric_mean,3885.0,3885.0,3885.0,0.0,420.0,0.0,0.0,4.909004927434538e+34,7.256989146739226e+51,1.4783014590559296e+17,5.753975572973386e-12,850611.0484898749,1.1756254539314314e-06,173792882385.01276,1.478301459055932e+17,0.0
8.170247307800102,26.126363658511753,63007.07440118179,2.1469476999326416,29.134670821564725,-1000000.0,solver_failed_full,114.0,29.134670821564725,0.015310507682119834,0.8026179082608074,1.6321506119147686,1.0,0.0,90.0,active_set_max_passes,2.0,7.776896871699101,21.357773949865624,32.0,32.0,2878.0,45.71128044518808,0.06581295937919088,nonsingular_isothermal,1.0,0.01,2.0,0.3,1.0,0.0,strict_pass,1.0,none,none,,,0.9992277992277993,1.0,0.9992277992277993,0.9942084942084942,0.9968253968253968,0.9976190476190476,0.00579150579150578,0.0031746031746031633,0.0023809523809523725,0.0,0.0,3882.0,3885.0,1.0,inverse_phase_volume,geometric_mean,3882.0,3882.0,3882.0,0.0,420.0,0.0,0.0,6.032270357061492e+39,1.8097270567205214e+51,300007617298.19025,2.4174220821582667e-09,725.2450388723273,0.0013788443166117827,413663798.05185,300007617298.18854,0.0
8.844323503368534,212.44914501042666,1410.430398543666,1.9832038608688318,47.619896390019896,-1000000.0,solver_failed_full,115.0,47.619896390019896,0.0662885049574129,0.9615634812534558,2.342858029707151,0.0,0.0,65.0,reduced_spear_inconsistent,2.0,20.938147764230212,26.681748625789684,32.0,32.0,935.0,31.66351362716284,0.1248447139703805,nonsingular_isothermal,1.0,0.01,2.0,0.3,1.0,0.0,strict_pass,1.0,none,none,,,0.9994851994851995,1.0,0.9994851994851995,0.9961389961389961,0.9978835978835979,0.9976190476190476,0.0038610038610038533,0.002116402116402072,0.0023809523809523725,0.0,0.0,3883.0,3885.0,1.0,inverse_phase_volume,geometric_mean,3883.0,3883.0,3883.0,0.0,420.0,0.0,0.0,3.3379367179747127e+37,1.744776611247755e+51,52271111128385.78,1.7011274350045408e-09,88919.82119866875,1.1246086491399414e-05,587845436.7513806,52271111128386.1,0.0
24.640056930347004,106.98488705447566,1734.3314258438381,4.361954847351603,18.831014503509937,-1000000.0,solver_failed_full,116.0,18.831014503509937,0.3061232549138744,0.7393986733978163,1.8154023989131831,1.0,0.0,89.0,active_set_max_passes,2.0,12.016386133264302,6.8146283702456305,32.0,32.0,5825.0,74.13029267299355,0.06071937140260506,nonsingular_isothermal,1.0,0.01,2.0,0.3,1.0,0.0,strict_pass,1.0,none,none,,,1.0,1.0,1.0,1.0,1.0,1.0,0.0,0.0,0.0,0.0,0.0,3885.0,3885.0,1.0,inverse_phase_volume,geometric_mean,3885.0,3885.0,3885.0,0.0,420.0,0.0,0.0,1.355866011635057e+39,1.4549559452429847e+53,107308239365660.75,3.162175341227626e-10,33932.746843264555,2.9470057482201562e-05,3162379982.4198804,107308239365661.2,0.0
10.035519660452305,305.93557412642014,30961.631849576745,1.610148252301533,37.99910282111956,-1000000.0,solver_failed_full,117.0,37.99910282111956,0.18349782725442054,0.7875938115640999,1.8087165193553816,1.0,0.0,90.0,active_set_max_passes,2.0,14.72171066813884,23.277392152980728,32.0,32.0,707.0,35.278985840281905,0.07067906469801291,nonsingular_isothermal,1.0,0.01,2.0,0.3,1.0,0.0,strict_pass,1.0,none,none,,,0.9992277992277993,1.0,0.9992277992277993,0.9942084942084942,0.9968253968253968,0.9976190476190476,0.00579150579150578,0.0031746031746031633,0.0023809523809523725,0.0,0.0,3882.0,3885.0,1.0,inverse_phase_volume,geometric_mean,3882.0,3882.0,3882.0,0.0,420.0,0.0,0.0,2.137535282673709e+41,1.1401562340038454e+51,5333976207.296543,2.5016481962211864e-06,13343.731957669961,7.494155332048627e-05,399736.4623493142,5333976207.296478,0.0
11.981532333299839,341.2142751844838,62396.448521908074,4.814421969365687,31.56754498978898,-1000000.0,solver_failed_full,118.0,31.56754498978898,0.06551894511648015,0.7975542002775585,1.8548580515848736,1.0,0.0,87.0,active_set_max_passes,2.0,12.471394369174492,19.09615062061449,32.0,32.0,1856.0,41.974811919243685,0.061248788235293346,nonsingular_isothermal,1.0,0.01,2.0,0.3,1.0,0.0,strict_pass,1.0,none,none,,,0.9981981981981982,1.0,0.9981981981981982,0.9864864864864865,0.9925925925925926,0.9928571428571429,0.013513513513513487,0.007407407407407418,0.0071428571428571175,0.0,0.0,3878.0,3885.0,1.0,inverse_phase_volume,geometric_mean,3878.0,3878.0,3878.0,0.0,420.0,0.0,0.0,5.481799793143836e+40,1.8138264054443233e+51,33088154874.114548,2.59425829687008e-07,8583.922031029282,0.00011649686429876529,3854666.288266206,33088154874.114155,0.0
11.385921010776338,244.7665018300467,285091.8569714373,4.138689861597874,22.811180614484353,-1000000.0,solver_failed_full,119.0,22.811180614484353,0.9049521039239252,0.5444738429584608,1.2379567024497162,1.0,0.0,112.0,active_set_max_passes,2.0,6.959868409935916,15.85131220454843,32.0,32.0,5243.0,48.716173772265286,0.06047113464475845,nonsingular_isothermal,1.0,0.01,2.0,0.3,1.0,0.0,strict_pass,1.0,none,none,,,0.9904761904761905,1.0,0.9904761904761905,0.9594594594594594,0.9608465608465608,0.9642857142857143,0.04054054054054057,0.03915343915343916,0.0357142857142857,0.0,0.0,3848.0,3885.0,1.0,inverse_phase_volume,geometric_mean,3848.0,3848.0,3848.0,0.0,420.0,0.0,0.0,2.652076872636056e+43,3.5831574977065655e+51,135107603.20250648,1.799862126750046e-05,2431.750580401676,0.0004112263848354136,55559.81122874496,135107603.20250812,0.0
12.907913524070057,86.07752609775778,25561.79505599025,4.351540730190816,17.363402098858522,-1000000.0,solver_failed_full,120.0,17.363402098858522,0.08403921455035501,0.7097262391854597,1.685259614001291,1.0,0.0,97.0,active_set_max_passes,2.0,10.36999740546269,6.993404693395829,32.0,32.0,2454.0,36.788331904103586,0.07132528898569676,nonsingular_isothermal,1.0,0.01,2.0,0.3,1.0,0.0,strict_pass,1.0,none,none,,,0.9997425997425997,1.0,0.9997425997425997,0.9980694980694981,0.9989417989417989,0.9976190476190476,0.0019305019305019266,0.0010582010582010914,0.0023809523809523725,0.0,0.0,3884.0,3885.0,1.0,inverse_phase_volume,geometric_mean,3884.0,3884.0,3884.0,0.0,420.0,0.0,0.0,1.0614105003330873e+41,1.3050092659946568e+52,122950476331.742,7.387798908972072e-08,9083.333949012404,0.00011009173565711808,13535831.339230897,122950476331.74203,0.0
2.381985823073571,37.58366474529157,2619.9798190596416,0.8012858861763932,232.4455561287164,-1000000.0,solver_failed_full,121.0,232.4455561287164,1.1637263368548645,1.210853308149443,2.4727152044619656,0.0,0.0,53.0,active_set_max_passes,2.0,35.865868246516094,196.57968788220032,32.0,32.0,2890.0,47.642773819026694,0.08254546735440278,nonsingular_isothermal,1.0,0.01,2.0,0.3,1.0,0.0,strict_pass,1.0,none,none,,,0.9976833976833976,1.0,0.9976833976833976,0.9826254826254827,0.9925925925925926,0.9904761904761905,0.01737451737451734,0.007407407407407418,0.00952380952380949,0.0,0.0,3876.0,3885.0,1.0,inverse_phase_volume,geometric_mean,3876.0,3876.0,3876.0,0.0,420.0,0.0,0.0,8.234536414701835e+38,1.5164276114703302e+49,18415458200.693848,8.678026074213898e-08,1598.0982643421712,0.0006257437495006806,11523357.863275208,18415458200.69382,0.0
13.652847388611388,443.31458026286384,18736.57616263098,2.133774591450259,44.63712154923081,-1000000.0,solver_failed_full,122.0,44.63712154923081,0.4564607664320093,0.7272334874540632,1.6181177364811992,1.0,0.0,102.0,active_set_max_passes,2.0,21.12169943505418,23.515422114176634,32.0,32.0,325.0,30.99545952830019,0.08050646277780164,nonsingular_isothermal,1.0,0.01,2.0,0.3,1.0,0.0,strict_pass,1.0,none,none,,,0.9997425997425997,1.0,0.9997425997425997,0.9980694980694981,0.9989417989417989,0.9976190476190476,0.0019305019305019266,0.0010582010582010914,0.0023809523809523725,0.0,0.0,3884.0,3885.0,1.0,inverse_phase_volume,geometric_mean,3884.0,3884.0,3884.0,0.0,420.0,0.0,0.0,9.689894391546494e+37,2.155654268248024e+51,22246416536062.832,1.8336823420621572e-09,40792.861176337814,2.451409318108966e-05,545350727.9103757,22246416536062.734,0.0
15.81671908930207,27.353149047221024,2238694.449433597,3.8449471339109054,16.361265790624415,-1000000.0,solver_failed_full,123.0,16.361265790624415,0.199021416811771,0.8952626501398272,1.2660925817136994,1.0,0.0,83.0,reduced_spear_inconsistent,2.0,8.523451247778919,7.837814542845501,32.0,32.0,6022.0,58.00437332774185,0.07250411201668369,nonsingular_isothermal,1.0,0.01,2.0,0.3,1.0,0.0,strict_pass,1.0,none,none,,,0.9958815958815959,1.0,0.9958815958815959,0.9691119691119691,0.9830687830687831,0.9857142857142858,0.030888030888030937,0.016931216931216908,0.014285714285714235,0.0,0.0,3869.0,3885.0,1.0,inverse_phase_volume,geometric_mean,3869.0,3869.0,3869.0,0.0,420.0,0.0,0.0,7.015399247448829e+42,3.5408387031982077e+52,5047237624.410107,5.109474293526177e-08,257.8873089524161,0.0038776627049317666,19571485.099103507,5047237624.410114,0.0
19.98780307006004,4.755355670275566,5578.087580995047,0.35999900111645183,19.457500621847846,-1000000.0,solver_failed_full,124.0,19.457500621847846,0.34132449756299366,0.9142311964047527,1.66679405122271,1.0,0.0,86.0,active_set_max_passes,2.0,10.361400341322177,9.096100280525667,32.0,32.0,6812.0,56.19498744747841,0.07831654914161942,nonsingular_isothermal,1.0,0.01,2.0,0.3,1.0,0.0,strict_pass,1.0,none,none,,,1.0,1.0,1.0,1.0,1.0,1.0,0.0,0.0,0.0,0.0,0.0,3885.0,3885.0,1.0,inverse_phase_volume,geometric_mean,3885.0,3885.0,3885.0,0.0,420.0,0.0,0.0,3.1520083778439985e+43,6.439211179908807e+52,2042891518.0464349,2.3434803549542186e-07,478.74761398444,0.00208878325612397,4267157.596973052,2042891518.0464253,0.0
4.306996430892101,251.825521286045,1065.2811448552366,1.0513980330398323,141.31652416098282,-1000000.0,solver_failed_full,125.0,141.31652416098282,1.1645057408169919,0.8463332536614238,1.9618880396476537,1.0,0.0,83.0,active_set_max_passes,2.0,50.99001347861026,90.32651068237256,32.0,32.0,329.0,19.19833792509163,0.13988859228709324,nonsingular_isothermal,1.0,0.01,2.0,0.3,1.0,0.0,strict_pass,1.0,none,none,,,0.9994851994851995,1.0,0.9994851994851995,0.9961389961389961,0.9978835978835979,0.9976190476190476,0.0038610038610038533,0.002116402116402072,0.0023809523809523725,0.0,0.0,3883.0,3885.0,1.0,inverse_phase_volume,geometric_mean,3883.0,3883.0,3883.0,0.0,420.0,0.0,0.0,1.775708028246795e+37,6.224378992994801e+49,3505294166598.0415,1.276941811811328e-08,44760.56684027383,2.2341093301352892e-05,78312104.0246549,3505294166598.0425,0.0
10.102125411582339,5.0622404661873235,0.0,0.6806416473295622,23.53960278894451,-1000000.0,solver_failed_full,126.0,23.53960278894451,0.24382106002672543,0.910278298141964,1.7360800540105914,1.0,0.0,82.0,active_set_max_passes,2.0,8.469159345565954,15.070443443378553,32.0,32.0,5725.0,55.92434006513704,0.07610745219450886,nonsingular_isothermal,1.0,0.01,2.0,0.3,1.0,0.0,strict_pass,1.0,none,none,,,1.0,1.0,1.0,1.0,1.0,1.0,0.0,0.0,0.0,0.0,0.0,3885.0,3885.0,1.0,inverse_phase_volume,geometric_mean,3885.0,3885.0,3885.0,0.0,420.0,0.0,0.0,2.3673947486636372e+42,4.5404992865565024e+51,1917930792.5387406,2.811321897572664e-07,539.1920835093084,0.0018546266360061207,3557045.5338586965,1917930792.538751,0.0
1.5216450868934333,85.64232509974593,9087.047837041791,0.956486086038361,474.05129836310886,-1000000.0,solver_failed_full,127.0,474.05129836310886,7.759198993838368,1.7165401961215998,3.2995034090405717,0.0,0.0,13.0,active_set_max_passes,2.0,40.648411971919934,433.40288639118893,32.0,32.0,7324.0,517.3388479208863,0.019744002926135172,nonsingular_isothermal,1.0,0.01,2.0,0.3,1.0,0.0,strict_pass,1.0,none,none,,,0.9938223938223938,1.0,0.9938223938223938,0.9633204633204633,0.9746031746031746,0.9714285714285714,0.03667953667953672,0.025396825396825418,0.02857142857142858,0.0,0.0,3861.0,3885.0,1.0,inverse_phase_volume,geometric_mean,3861.0,3861.0,3861.0,0.0,420.0,0.0,0.0,3.507791574112727e+37,2.953088179515871e+48,84186534950.0657,1.263991093523354e-08,1064.1103037147589,0.0009397522009786459,79114481.51209015,84186534950.06592,0.0
11.259409895629139,49.86207301026457,765212.7668669493,0.6272153595518889,18.684225889839524,-1000000.0,solver_failed_full,128.0,18.684225889839524,0.2899832422450359,0.8829788942223705,1.4357500761540902,1.0,0.0,78.0,active_set_max_passes,2.0,8.01163807314313,10.672587816696394,32.0,32.0,6732.0,50.70590230116443,0.09037471184015289,nonsingular_isothermal,1.0,0.01,2.0,0.3,1.0,0.0,strict_pass,1.0,none,none,,,0.9953667953667954,1.0,0.9953667953667954,0.9652509652509652,0.9809523809523809,0.9785714285714285,0.03474903474903479,0.01904761904761909,0.021428571428571463,0.0,0.0,3867.0,3885.0,1.0,inverse_phase_volume,geometric_mean,3867.0,3867.0,3867.0,0.0,420.0,0.0,0.0,1.1838166774130561e+42,9.892387461286041e+51,8356350818.526608,6.454832544271936e-08,539.3884521477927,0.0018539514444888404,15492268.67066299,8356350818.526651,0.0
16.652056748090434,6.8456196265839555,27970.05720703712,0.764631257505894,18.518409318866087,-1000000.0,solver_failed_full,129.0,18.518409318866087,0.36882088130195,0.917000237193542,1.7313434178408182,1.0,0.0,83.0,active_set_max_passes,2.0,10.298455557820112,8.219953761045973,32.0,32.0,6521.0,63.17943600852892,0.07537805597316896,nonsingular_isothermal,1.0,0.01,2.0,0.3,1.0,0.0,strict_pass,1.0,none,none,,,1.0,1.0,1.0,1.0,1.0,1.0,0.0,0.0,0.0,0.0,0.0,3885.0,3885.0,1.0,inverse_phase_volume,geometric_mean,3885.0,3885.0,3885.0,0.0,420.0,0.0,0.0,7.586111103113265e+42,3.6036394918170633e+52,4750312041.090678,1.2432430759948717e-07,590.5792553901042,0.0016932528375712332,8043479.342925574,4750312041.090671,0.0
0.3859056497798219,3.6995066525421207,147079.00227347252,1.0149083884371064,659.4062914477404,-1000000.0,solver_failed_full,130.0,659.4062914477404,11.150333934262108,2.4683959714483796,11.838011211890395,0.0,0.0,7.0,reduced_spear_inconsistent,2.0,451.3264116281061,208.07987981963407,32.0,32.0,6374.0,373.08195418799335,0.012911839333189798,nonsingular_isothermal,1.0,0.01,2.0,0.3,1.0,0.0,severe_coverage_warn,0.0,multiple,multiple,1;2;3;4;5;6;7;8,Lfrac minimum coverage 0.617 is below 0.8 | Lfrac coverage gap 0.383 exceeds 0.1 | third_integral minimum coverage 0.75 is below 0.8 | third_integral coverage gap 0.25 exceeds 0.1 | 23 planned shell-band/Lfrac/third-integral cells have no successful orbit,0.9068211068211068,1.0,0.9068211068211068,0.8648648648648649,0.6169312169312169,0.75,0.06029106029106024,0.3830687830687831,0.25,23.0,0.0,3523.0,3885.0,1.0,inverse_phase_volume,geometric_mean,3523.0,3523.0,3523.0,0.0,420.0,0.0,0.0,1.9698582874626852e+43,5.983790925188336e+49,3037675.8385476936,0.0005067483571872441,1539.3372408514263,0.0006496302262179324,1973.3660421724837,3037675.838547691,0.0
11.65968313043708,9.613031423393727,0.0,1.0846728700500008,16.52503136018906,-1000000.0,solver_failed_full,131.0,16.52503136018906,0.21515316834326015,0.8055626399461535,1.5863955635677267,1.0,0.0,94.0,active_set_max_passes,2.0,7.552557033018708,8.972474327170351,32.0,32.0,6414.0,53.41116430860949,0.07701367971454676,nonsingular_isothermal,1.0,0.01,2.0,0.3,1.0,0.0,strict_pass,1.0,none,none,,,1.0,1.0,1.0,1.0,1.0,1.0,0.0,0.0,0.0,0.0,0.0,3885.0,3885.0,1.0,inverse_phase_volume,geometric_mean,3885.0,3885.0,3885.0,0.0,420.0,0.0,0.0,6.234319383260541e+40,8.441293351111436e+51,135400399501.13449,6.1874965126277695e-09,837.7894997216747,0.001193617251507943,161616252.70562127,135400399501.1342,0.0
20.71851095907982,373.3680365546806,2214443.9776491774,3.302490381335504,9.0427814896035,-1000000.0,solver_failed_full,132.0,9.0427814896035,0.025423566697861943,0.5231092764229334,0.9169102548150924,1.0,0.0,92.0,active_set_max_passes,2.0,5.361268989976547,3.681512499626951,32.0,32.0,6355.0,60.61345106735925,0.05540231479066161,nonsingular_isothermal,1.0,0.01,2.0,0.3,1.0,0.0,strict_pass,1.0,none,none,,,0.9837837837837838,1.0,0.9837837837837838,0.9521829521829522,0.9333333333333333,0.9380952380952381,0.047817047817047764,0.06666666666666665,0.06190476190476191,0.0,0.0,3822.0,3885.0,1.0,inverse_phase_volume,geometric_mean,3822.0,3822.0,3822.0,0.0,420.0,0.0,0.0,2.3585762901459007e+45,2.3205447289700813e+52,9838752.0414976,8.36208253938337e-05,822.7245665553007,0.001215473611280311,11958.743474370694,9838752.04149766,0.0
19.45731405196576,242.256428289339,700426.1160777502,1.4150115194047375,12.417951538150698,-1000000.0,solver_failed_full,133.0,12.417951538150698,0.0829830973768857,0.6168141139049852,1.4339432895144328,1.0,0.0,102.0,active_set_max_passes,2.0,7.569212939846404,4.848738598304285,32.0,32.0,6138.0,60.789518686863914,0.05578935316745472,nonsingular_isothermal,1.0,0.01,2.0,0.3,1.0,0.0,strict_pass,1.0,none,none,,,0.9956241956241956,1.0,0.9956241956241956,0.9806949806949807,0.982010582010582,0.9809523809523809,0.019305019305019266,0.017989417989418,0.01904761904761909,0.0,0.0,3868.0,3885.0,1.0,inverse_phase_volume,geometric_mean,3868.0,3868.0,3868.0,0.0,420.0,0.0,0.0,1.8422539844873895e+43,2.531245394678986e+52,1373993714.2181346,1.8111850063674342e-06,2488.556814034964,0.0004018393288673176,552124.7119893231,1373993714.2181222,0.0
23.426177625168336,2.9277836569542393,1145.1111959398213,4.275317282264862,19.731462038170285,-1000000.0,solver_failed_full,134.0,19.731462038170285,0.3478029156942526,0.8535311921228984,1.6438713086733423,1.0,0.0,87.0,active_set_max_passes,2.0,10.683181771810897,9.048280266359392,32.0,32.0,6436.0,61.3642664585722,0.06533851797041881,nonsingular_isothermal,1.0,0.01,2.0,0.3,1.0,0.0,strict_pass,1.0,none,none,,,1.0,1.0,1.0,1.0,1.0,1.0,0.0,0.0,0.0,0.0,0.0,3885.0,3885.0,1.0,inverse_phase_volume,geometric_mean,3885.0,3885.0,3885.0,0.0,420.0,0.0,0.0,1.3906503135867397e+45,1.3527309847979888e+53,97273266.44101132,4.840977868644158e-06,470.89773005165836,0.002123603356275041,206569.83508996625,97273266.44101052,0.0
18.50123110498771,18.018985975707356,1628921.811469874,1.388503022275055,18.69690251240883,-1000000.0,solver_failed_full,135.0,18.69690251240883,0.03427435070974383,0.8394970094910773,1.3719369762915243,1.0,0.0,87.0,reduced_spear_inconsistent,2.0,9.69419127987211,9.002711232536715,32.0,32.0,5456.0,54.31516602074594,0.06628366224364039,nonsingular_isothermal,1.0,0.01,2.0,0.3,1.0,0.0,strict_pass,1.0,none,none,,,0.9984555984555985,1.0,0.9984555984555985,0.9884169884169884,0.9936507936507937,0.9952380952380953,0.01158301158301156,0.006349206349206327,0.004761904761904745,0.0,0.0,3879.0,3885.0,1.0,inverse_phase_volume,geometric_mean,3879.0,3879.0,3879.0,0.0,420.0,0.0,0.0,3.1054492931297593e+44,1.0915674764181018e+53,351500660.0922437,1.5924774378659241e-06,559.7568705918785,0.001786489907560429,627952.3817556235,351500660.09224445,0.0
21.948632988105977,19.232381084063253,124490.44422179459,0.761718943261577,17.547792107139955,-1000000.0,solver_failed_full,136.0,17.547792107139955,0.3146350537543654,0.8148015983994298,1.693419307993255,1.0,0.0,89.0,active_set_max_passes,2.0,10.228877734675589,7.31891437246437,32.0,32.0,6538.0,56.988221492225186,0.07528028752782986,nonsingular_isothermal,1.0,0.01,2.0,0.3,1.0,0.0,strict_pass,1.0,none,none,,,0.9979407979407979,1.0,0.9979407979407979,0.9845559845559846,0.9915343915343915,0.9976190476190476,0.015444015444015413,0.00846560846560851,0.0023809523809523725,0.0,0.0,3877.0,3885.0,1.0,inverse_phase_volume,geometric_mean,3877.0,3877.0,3877.0,0.0,420.0,0.0,0.0,1.2357714235576261e+43,1.0613567142290462e+53,8588616745.753332,1.121827139276389e-07,963.4943354229855,0.0010378888211740114,8914029.309765397,8588616745.753425,0.0
21.453569077191364,226.20886677294607,17244.65728536472,4.7433354116592135,16.057856414313918,-1000000.0,solver_failed_full,137.0,16.057856414313918,0.07110511385169715,0.6592389539338243,1.589507937338973,1.0,0.0,105.0,active_set_max_passes,2.0,10.78088042805865,5.27697598625526,32.0,32.0,1728.0,50.29137095595975,0.05085677308074342,nonsingular_isothermal,1.0,0.01,2.0,0.3,1.0,0.0,strict_pass,1.0,none,none,,,0.9984555984555985,1.0,0.9984555984555985,0.9884169884169884,0.9947089947089947,0.9952380952380953,0.01158301158301156,0.005291005291005346,0.004761904761904745,0.0,0.0,3879.0,3885.0,1.0,inverse_phase_volume,geometric_mean,3879.0,3879.0,3879.0,0.0,420.0,0.0,0.0,2.500622113668965e+41,5.255287293853323e+52,210159194591.0874,3.1703996806885396e-07,66628.86434253404,1.5008510348594181e-05,3154176.4468725356,210159194591.0862,0.0
2.833448447912426,32.4847342209707,103836.86697111207,0.3386229588310592,145.6049939799733,-1000000.0,solver_failed_full,138.0,145.6049939799733,0.46450133413463845,1.0059769251298032,1.4226662109528125,1.0,0.0,68.0,active_set_max_passes,2.0,13.816878383391193,131.78811559658212,32.0,32.0,2685.0,48.636573769493154,0.0639841246563327,nonsingular_isothermal,1.0,0.01,2.0,0.3,1.0,0.0,strict_pass,1.0,none,none,,,0.9938223938223938,1.0,0.9938223938223938,0.9613899613899614,0.9746031746031746,0.9761904761904762,0.038610038610038644,0.025396825396825418,0.023809523809523836,0.0,0.0,3861.0,3885.0,1.0,inverse_phase_volume,geometric_mean,3861.0,3861.0,3861.0,0.0,420.0,0.0,0.0,1.0160675061455954e+41,5.124616721433027e+49,504357898.50942296,5.221826415410324e-07,263.3669397257338,0.0037969837863529275,1915038.76315931,504357898.5094218,0.0
17.043739481344335,23.202766151999025,18666.108923464,0.27774852406053885,14.178077205946918,-1000000.0,solver_failed_full,139.0,14.178077205946918,0.2642160381388745,0.8082369130766054,1.5719152768753224,1.0,0.0,97.0,active_set_max_passes,2.0,8.29809915684447,5.879978049102448,32.0,32.0,5832.0,53.03255541110998,0.07279905893281938,nonsingular_isothermal,1.0,0.01,2.0,0.3,1.0,0.0,strict_pass,1.0,none,none,,,0.9969111969111969,1.0,0.9969111969111969,0.9768339768339769,0.9915343915343915,0.9952380952380953,0.02316602316602312,0.00846560846560851,0.004761904761904745,0.0,0.0,3873.0,3885.0,1.0,inverse_phase_volume,geometric_mean,3873.0,3873.0,3873.0,0.0,420.0,0.0,0.0,3.928129353791053e+41,3.7849890641557046e+52,96356018940.74075,1.4850672151609118e-08,1430.9516471231848,0.0006988356329233214,67337019.48242435,96356018940.7411,0.0
23.350464167047743,38.80472822949847,1197860.7789177354,3.783179049490221,20.21666807652799,-1000000.0,solver_failed_full,140.0,20.21666807652799,0.41649478691301667,0.9230299110994827,1.6492594726785335,1.0,0.0,87.0,active_set_max_passes,2.0,10.810241261332738,9.40642681519525,32.0,32.0,6319.0,58.574712218217535,0.06320353583874906,nonsingular_isothermal,1.0,0.01,2.0,0.3,1.0,0.0,strict_pass,1.0,none,none,,,0.9969111969111969,1.0,0.9969111969111969,0.9768339768339769,0.9873015873015873,0.9880952380952381,0.02316602316602312,0.012698412698412653,0.011904761904761862,0.0,0.0,3873.0,3885.0,1.0,inverse_phase_volume,geometric_mean,3873.0,3873.0,3873.0,0.0,420.0,0.0,0.0,6.635908003617285e+42,1.8518250759163878e+53,27906129423.538475,3.385808736654403e-08,944.8481680842447,0.001058371105304231,29535041.042753156,27906129423.5383,0.0
14.350006680921453,27.225479483000534,0.0,3.6768520574907164,18.314334219629416,-1000000.0,solver_failed_full,141.0,18.314334219629416,0.3205960180066967,0.9292993033437289,1.7980098794408652,1.0,0.0,84.0,active_set_max_passes,2.0,10.198223345868842,8.116110873760572,32.0,32.0,6703.0,72.38722733484202,0.06659566681784873,nonsingular_isothermal,1.0,0.01,2.0,0.3,1.0,0.0,strict_pass,1.0,none,none,,,0.998970398970399,1.0,0.998970398970399,0.9922779922779923,0.9957671957671957,0.9976190476190476,0.007722007722007707,0.004232804232804255,0.0023809523809523725,0.0,0.0,3881.0,3885.0,1.0,inverse_phase_volume,geometric_mean,3881.0,3881.0,3881.0,0.0,420.0,0.0,0.0,6.79563649933818e+35,1.8955323411353013e+52,2.789337453996995e+16,1.2522352775920064e-13,3492.906761003703,0.00028629450152074635,7985719759652.165,2.7893374539969916e+16,0.0
9.072223444952035,10.787274404518827,926.3540966706421,2.414053173226352,23.542964001950377,-1000000.0,solver_failed_full,142.0,23.542964001950377,0.19583968192812762,0.8288942259811766,1.6707280119383272,1.0,0.0,89.0,active_set_max_passes,2.0,8.392227727012923,15.150736274937444,32.0,32.0,6457.0,41.037616986668326,0.07793066151312754,nonsingular_isothermal,1.0,0.01,2.0,0.3,1.0,0.0,strict_pass,1.0,none,none,,,1.0,1.0,1.0,1.0,1.0,1.0,0.0,0.0,0.0,0.0,0.0,3885.0,3885.0,1.0,inverse_phase_volume,geometric_mean,3885.0,3885.0,3885.0,0.0,420.0,0.0,0.0,4.479069211483725e+41,3.342439300766857e+51,7462352428.485134,1.1670705228815885e-07,870.9091550638876,0.0011482253851455295,8568462.491289059,7462352428.4851675,0.0
3.6411924512261358,1.9453989391255928,621242.1990707548,4.812789692133921,91.7212213040533,-1000000.0,solver_failed_full,143.0,91.7212213040533,1.0386303689765555,0.9444915789640197,2.759290233590687,0.0,0.0,39.0,reduced_spear_inconsistent,2.0,13.687696846351228,78.03352445770207,32.0,32.0,7009.0,126.30780729110344,0.05257855149009761,nonsingular_isothermal,1.0,0.01,2.0,0.3,1.0,0.0,severe_coverage_warn,0.0,inner,joint,1;2,2 planned shell-band/Lfrac/third-integral cells have no successful orbit,0.9855855855855856,1.0,0.9855855855855856,0.9382239382239382,0.9407407407407408,0.919047619047619,0.061776061776061764,0.059259259259259234,0.080952380952381,2.0,0.0,3829.0,3885.0,1.0,inverse_phase_volume,geometric_mean,3829.0,3829.0,3829.0,0.0,420.0,0.0,0.0,2.276145858965691e+43,1.080316373488268e+51,47462528.345137656,5.8058291083527804e-06,275.5593286222192,0.0036289825679280845,172240.68799429722,47462528.34513767,0.0
4.767685947011538,4.966372259029395,776891.4724483412,0.6099002647784835,62.756536744021574,-1000000.0,solver_failed_full,144.0,62.756536744021574,0.8429025223876536,1.0043367782283308,1.5809458754484436,1.0,0.0,45.0,reduced_spear_inconsistent,2.0,6.0476833607334886,56.70885338328809,32.0,32.0,6800.0,140.4219523307946,0.03387394109085917,nonsingular_isothermal,1.0,0.01,2.0,0.3,1.0,0.0,coverage_warn,0.0,inner,joint,1,1 planned shell-band/Lfrac/third-integral cells have no successful orbit,0.9902187902187902,1.0,0.9902187902187902,0.9420849420849421,0.9597883597883597,0.95,0.05791505791505791,0.040211640211640254,0.050000000000000044,1.0,0.0,3847.0,3885.0,1.0,inverse_phase_volume,geometric_mean,3847.0,3847.0,3847.0,0.0,420.0,0.0,0.0,6.659781089113633e+40,1.712501849754717e+51,25714086196.527493,8.796617475065176e-09,226.196979991705,0.004420925513844931,113680059.73143566,25714086196.52738,0.0
23.032699621932366,53.75798105598282,0.0,3.1237871005394164,17.448506635702323,-1000000.0,solver_failed_full,145.0,17.448506635702323,0.21290775007749474,0.8106385760144692,1.6394454784846098,1.0,0.0,98.0,active_set_max_passes,2.0,10.196576332274557,7.251930303427768,32.0,32.0,6122.0,54.9967667016037,0.08224358851085273,nonsingular_isothermal,1.0,0.01,2.0,0.3,1.0,0.0,strict_pass,1.0,none,none,,,1.0,1.0,1.0,1.0,1.0,1.0,0.0,0.0,0.0,0.0,0.0,3885.0,3885.0,1.0,inverse_phase_volume,geometric_mean,3885.0,3885.0,3885.0,0.0,420.0,0.0,0.0,2.3480800507842116e+37,1.0235522868876983e+53,4359103032053155.0,4.352783407331888e-12,18974.231348771133,5.270305719471293e-05,229738056415.9444,4359103032053163.0,0.0
14.071794208553095,85.95990126090253,0.0,3.5619011063237096,14.598162569226778,-1000000.0,solver_failed_full,146.0,14.598162569226778,0.19600978235192734,0.7118559364922761,1.627131833035964,1.0,0.0,99.0,active_set_max_passes,2.0,9.18856917766914,5.409593391557637,32.0,32.0,4686.0,62.61021477536934,0.04973344484332719,nonsingular_isothermal,1.0,0.01,2.0,0.3,1.0,0.0,strict_pass,1.0,none,none,,,1.0,1.0,1.0,1.0,1.0,1.0,0.0,0.0,0.0,0.0,0.0,3885.0,3885.0,1.0,inverse_phase_volume,geometric_mean,3885.0,3885.0,3885.0,0.0,420.0,0.0,0.0,1.0439008405874422e+36,1.443291324502917e+52,1.3825942736962668e+16,6.169568481651226e-12,85300.10053907869,1.17233156078388e-05,162085890281.31827,1.3825942736962526e+16,0.0
1.4905909214938977,13.63329228740163,227714.1217015497,4.045629209737891,219.22519983493893,-1000000.0,solver_failed_full,147.0,219.22519983493893,2.911968124965398,1.111757351810313,5.331800954086627,0.0,0.0,38.0,reduced_spear_inconsistent,2.0,80.09080676255019,139.13439307238878,32.0,32.0,6294.0,136.6949968332286,0.04206841007216331,nonsingular_isothermal,1.0,0.01,2.0,0.3,1.0,0.0,severe_coverage_warn,0.0,inner,multiple,1;2;3,Lfrac coverage gap 0.168 exceeds 0.1 | third_integral coverage gap 0.14 exceeds 0.1 | 6 planned shell-band/Lfrac/third-integral cells have no successful orbit,0.9590733590733591,1.0,0.9590733590733591,0.9106029106029107,0.8317460317460318,0.8595238095238096,0.08939708939708935,0.1682539682539682,0.14047619047619042,6.0,0.0,3726.0,3885.0,1.0,inverse_phase_volume,geometric_mean,3726.0,3726.0,3726.0,0.0,420.0,0.0,0.0,2.6511577902590386e+40,1.4523474442184585e+50,5478162973.002648,1.0159739407629713e-07,556.5670823823265,0.001796728609459988,9842772.140878187,5478162973.002618,0.0
0.5970481181282294,1.2521102651938583,10494.37484061137,3.7587349554913945,996.2876041311665,-1000000.0,solver_failed_full,148.0,996.2876041311665,11.839890550508017,1.2798953263128576,1.810045328889405,1.0,0.0,22.0,active_set_max_passes,2.0,236.14717930762257,760.140424823544,32.0,32.0,5717.0,74.39392237053265,0.07556001200820814,nonsingular_isothermal,1.0,0.01,2.0,0.3,1.0,0.0,severe_coverage_warn,0.0,multiple,multiple,1;2;3;4;5;6;7;8,shell_band coverage gap 0.102 exceeds 0.1 | Lfrac minimum coverage 0.62 is below 0.8 | Lfrac coverage gap 0.38 exceeds 0.1 | third_integral minimum coverage 0.64 is below 0.8 | third_integral coverage gap 0.36 exceeds 0.1 | 26 planned shell-band/Lfrac/third-integral cells have no successful orbit,0.8712998712998713,1.0,0.8712998712998713,0.8232848232848233,0.6201058201058202,0.6404761904761904,0.10187110187110182,0.37989417989417984,0.3595238095238096,26.0,0.0,3385.0,3885.0,1.0,inverse_phase_volume,geometric_mean,3385.0,3385.0,3385.0,0.0,420.0,0.0,0.0,1.6439224209286553e+34,3.3260341865276577e+47,20232306246232.555,8.789952403298618e-12,177.84100891334438,0.005623000038687728,113766258805.3069,20232306246232.43,0.0
18.046256342012253,56.62579670897788,3458.236756290594,2.963854337865867,16.07803278468694,-1000000.0,solver_failed_full,149.0,16.07803278468694,0.29692283974730316,0.8206504038506254,1.6763032147948698,1.0,0.0,96.0,active_set_max_passes,2.0,10.091713110837842,5.986319673849095,32.0,32.0,5349.0,66.09792280748026,0.06386387953479068,nonsingular_isothermal,1.0,0.01,2.0,0.3,1.0,0.0,strict_pass,1.0,none,none,,,1.0,1.0,1.0,1.0,1.0,1.0,0.0,0.0,0.0,0.0,0.0,3885.0,3885.0,1.0,inverse_phase_volume,geometric_mean,3885.0,3885.0,3885.0,0.0,420.0,0.0,0.0,1.140994520399022e+41,3.874816073471886e+52,339599884503.9859,1.7767103339430314e-08,6033.706242040883,0.00016573561255473932,56283794.88178651,339599884503.98395,0.0
2.206037406530964,61.78846115725068,3829.83404638498,3.233101807239155,215.91100899573885,-1000000.0,solver_failed_full,150.0,215.91100899573885,0.8380009535950705,0.9138629464082358,1.8246232646447804,1.0,0.0,84.0,active_set_max_passes,2.0,52.30327231743539,163.60773667830347,32.0,32.0,278.0,30.259625712025898,0.07087130288413729,nonsingular_isothermal,1.0,0.01,2.0,0.3,1.0,0.0,strict_pass,1.0,none,none,,,0.9976833976833976,1.0,0.9976833976833976,0.9826254826254827,0.9904761904761905,0.9904761904761905,0.01737451737451734,0.00952380952380949,0.00952380952380949,0.0,0.0,3876.0,3885.0,1.0,inverse_phase_volume,geometric_mean,3876.0,3876.0,3876.0,0.0,420.0,0.0,0.0,1.694208239252168e+40,1.0987655883718482e+49,648542229.2934006,3.1061955895659357e-06,2014.49901227841,0.0004964013354709935,321937.2287305776,648542229.2933972,0.0
22.689021666301258,33.798572546151505,6223.599293218827,1.5664971780321042,16.753929511155107,-1000000.0,solver_failed_full,151.0,16.753929511155107,0.21616907160789367,0.7630888415881658,1.559095293963417,1.0,0.0,100.0,reduced_spear_inconsistent,2.0,9.314313845419747,7.439615665735355,32.0,32.0,6184.0,52.66615983709955,0.0822752559201317,nonsingular_isothermal,1.0,0.01,2.0,0.3,1.0,0.0,strict_pass,1.0,none,none,,,0.9981981981981982,1.0,0.9981981981981982,0.9864864864864865,0.9925925925925926,0.9976190476190476,0.013513513513513487,0.007407407407407418,0.0023809523809523725,0.0,0.0,3878.0,3885.0,1.0,inverse_phase_volume,geometric_mean,3878.0,3878.0,3878.0,0.0,420.0,0.0,0.0,1.2472038174114278e+41,1.1940060369093295e+53,957346361709.7401,2.9724875596645078e-09,2845.7001504722975,0.0003514073680018716,336418565.2345895,957346361709.7458,0.0
20.870435529864213,442.63668309415965,103304.08921221866,4.878697925151361,16.52080453275302,-1000000.0,solver_failed_full,152.0,16.52080453275302,0.03809033421140029,0.7005287878443411,1.578851218311562,1.0,0.0,104.0,active_set_max_passes,2.0,8.721126376993597,7.799678155759413,32.0,32.0,2414.0,32.83344700495758,0.07573814925608499,nonsingular_isothermal,1.0,0.01,2.0,0.3,1.0,0.0,strict_pass,1.0,none,none,,,0.9971685971685972,1.0,0.9971685971685972,0.9787644787644788,0.9883597883597883,0.9880952380952381,0.021235521235521193,0.011640211640211673,0.011904761904761862,0.0,0.0,3874.0,3885.0,1.0,inverse_phase_volume,geometric_mean,3874.0,3874.0,3874.0,0.0,420.0,0.0,0.0,3.823881932553458e+42,9.684797618723458e+51,2532713559.0340466,5.5933903527062165e-06,14166.455587269294,7.058928705488276e-05,178782.44444644847,2532713559.034052,0.0
7.963763978431823,3.199258720910481,160362.55432355517,2.552162157322914,35.69362284409036,-1000000.0,solver_failed_full,153.0,35.69362284409036,0.04422057742398522,0.9830152355290989,1.6339088235111552,1.0,0.0,74.0,reduced_spear_inconsistent,2.0,6.962359975729858,28.731262868360506,32.0,32.0,6403.0,48.18945330721713,0.07784551791448688,nonsingular_isothermal,1.0,0.01,2.0,0.3,1.0,0.0,strict_pass,1.0,none,none,,,0.9997425997425997,1.0,0.9997425997425997,0.9980694980694981,0.9989417989417989,0.9976190476190476,0.0019305019305019266,0.0010582010582010914,0.0023809523809523725,0.0,0.0,3884.0,3885.0,1.0,inverse_phase_volume,geometric_mean,3884.0,3884.0,3884.0,0.0,420.0,0.0,0.0,9.57650507841153e+40,2.9871627658262252e+51,31192619242.27696,1.4085822616254388e-08,439.37370158307994,0.002275966896509651,70993368.81085286,31192619242.277195,0.0
20.60555542780601,345.24205334230345,739265.7350427905,0.20045643234330923,11.560817181261909,-1000000.0,solver_failed_full,154.0,11.560817181261909,0.07162908165784465,0.5964631300802857,1.290291485903475,1.0,0.0,106.0,active_set_max_passes,2.0,6.6541628478079655,4.9066543334539405,32.0,32.0,6423.0,59.08851236125977,0.060946459048218875,nonsingular_isothermal,1.0,0.01,2.0,0.3,1.0,0.0,strict_pass,1.0,none,none,,,0.9945945945945946,1.0,0.9945945945945946,0.9792099792099792,0.9777777777777777,0.9666666666666667,0.02079002079002079,0.022222222222222254,0.033333333333333326,0.0,0.0,3864.0,3885.0,1.0,inverse_phase_volume,geometric_mean,3864.0,3864.0,3864.0,0.0,420.0,0.0,0.0,1.4939419856820103e+43,1.905044683983543e+52,1275179827.7587447,2.0492352337476794e-06,2613.1434324075058,0.0003826808691778138,487986.92484472925,1275179827.7587392,0.0
22.546284344484274,135.16735539321937,4093.6301265860484,2.2389326520728345,13.35986206140848,-1000000.0,solver_failed_full,155.0,13.35986206140848,0.12593867671221837,0.5747080521966277,1.467711930590243,1.0,0.0,111.0,active_set_max_passes,2.0,8.612149168095456,4.7477128933130235,32.0,32.0,3881.0,39.92313086444366,0.08959967706256068,nonsingular_isothermal,1.0,0.01,2.0,0.3,1.0,0.0,strict_pass,1.0,none,none,,,0.9994851994851995,1.0,0.9994851994851995,0.9961389961389961,0.9978835978835979,0.9976190476190476,0.0038610038610038533,0.002116402116402072,0.0023809523809523725,0.0,0.0,3883.0,3885.0,1.0,inverse_phase_volume,geometric_mean,3883.0,3883.0,3883.0,0.0,420.0,0.0,0.0,3.432906319077955e+40,9.804353923520917e+52,2855992273670.3955,1.7398512129160258e-08,49690.016214242954,2.0124767029425197e-05,57476179.14545576,2855992273670.4297,0.0
11.674557809617895,1.1225093905021752,122498.74360384869,1.8940503106360058,20.661221933208264,-1000000.0,solver_failed_full,156.0,20.661221933208264,0.3118814809191761,0.9419392102008703,1.7679620600247958,1.0,0.0,78.0,reduced_spear_inconsistent,2.0,9.643746090698864,11.017475842509405,32.0,32.0,6605.0,82.11739596815178,0.0660398762498959,nonsingular_isothermal,1.0,0.01,2.0,0.3,1.0,0.0,strict_pass,1.0,none,none,,,1.0,1.0,1.0,1.0,1.0,1.0,0.0,0.0,0.0,0.0,0.0,3885.0,3885.0,1.0,inverse_phase_volume,geometric_mean,3885.0,3885.0,3885.0,0.0,420.0,0.0,0.0,8.437375397758076e+41,1.0224888107409117e+52,12118564868.08209,3.703713059867708e-08,448.8368696877025,0.0022279809604228654,26999931.793736707,12118564868.08226,0.0
19.444681849542057,6.426909581172157,1768.6606069385948,0.6529674389938882,20.287256994713623,-1000000.0,solver_failed_full,157.0,20.287256994713623,0.4379847379905186,0.9187751874807104,1.7637945547170553,1.0,0.0,81.0,active_set_max_passes,2.0,11.25703937896642,9.030217615747206,32.0,32.0,6602.0,77.21858834838169,0.061804185543631686,nonsingular_isothermal,1.0,0.01,2.0,0.3,1.0,0.0,strict_pass,1.0,none,none,,,0.9987129987129987,1.0,0.9987129987129987,0.9903474903474904,0.9947089947089947,0.9976190476190476,0.009652509652509633,0.005291005291005346,0.0023809523809523725,0.0,0.0,3880.0,3885.0,1.0,inverse_phase_volume,geometric_mean,3880.0,3880.0,3880.0,0.0,420.0,0.0,0.0,8.956059623955291e+42,6.572147894978237e+52,7338213646.32202,8.336758751658924e-08,611.7691683751799,0.0016346034610667558,11995069.424325261,7338213646.322013,0.0
0.10501179201632682,336.9058507114481,168.48781489035787,2.073449117423319,1056.8247214505043,-1000000.0,solver_failed_full,158.0,1056.8247214505043,2.3883448627516373,0.9196830743087382,1.3006282767722739,1.0,0.0,63.0,active_set_max_passes,2.0,399.7595834667009,657.0651379838038,32.0,32.0,2350.0,31.386299320660232,0.13514041676748903,nonsingular_isothermal,1.0,0.01,2.0,0.3,1.0,0.0,severe_coverage_warn,0.0,multiple,multiple,1;2;3;4;5;6;7;8,total orbit coverage 0.617 is below 0.85 | shell_band minimum coverage 0.341 is below 0.8 | shell_band coverage gap 0.516 exceeds 0.1 | Lfrac minimum coverage 0.361 is below 0.8 | Lfrac coverage gap 0.639 exceeds 0.1 | third_integral minimum coverage 0.395 is below 0.8 | third_integral coverage gap 0.605 exceeds 0.1 | 76 planned shell-band/Lfrac/third-integral cells have no successful orbit,0.6172458172458173,1.0,0.6172458172458173,0.340956340956341,0.36084656084656086,0.3952380952380952,0.5155925155925156,0.6391534391534391,0.6047619047619048,76.0,0.0,2398.0,3885.0,1.0,inverse_phase_volume,geometric_mean,2398.0,2398.0,2398.0,0.0,420.0,0.0,0.0,2.248249176119619e+35,2.7855793705953317e+44,1238999395.7000449,1.5288380258683507e-07,189.42293901741363,0.0052791916606682475,6540915.277352676,1238999395.700045,0.0
5.676765916131413,9.933643246651108,101762.04329263722,4.9325452013659055,61.434045013205754,-1000000.0,solver_failed_full,159.0,61.434045013205754,0.4106505085393053,1.0497195008820086,1.785699164944147,1.0,0.0,67.0,active_set_max_passes,2.0,8.8333925950419,52.600652418163854,32.0,32.0,5040.0,51.98063905891781,0.06923656156671477,nonsingular_isothermal,1.0,0.01,2.0,0.3,1.0,0.0,strict_pass,1.0,none,none,,,0.9997425997425997,1.0,0.9997425997425997,0.9980694980694981,0.9989417989417989,0.9976190476190476,0.0019305019305019266,0.0010582010582010914,0.0023809523809523725,0.0,0.0,3884.0,3885.0,1.0,inverse_phase_volume,geometric_mean,3884.0,3884.0,3884.0,0.0,420.0,0.0,0.0,8.309414461038296e+40,6.283149719113278e+50,7561483120.831323,5.220099975872913e-08,394.7169785661499,0.0025334608195284707,19156721.224152006,7561483120.831317,0.0
14.61401165681305,289.25576745689466,31182.238400772803,1.6335389177956647,23.323530699091503,-1000000.0,solver_failed_full,160.0,23.323530699091503,0.09568786747846758,0.8259524777159906,1.87849395490469,1.0,0.0,87.0,active_set_max_passes,2.0,13.31316063590781,10.01037006318369,32.0,32.0,1221.0,32.303049187967,0.10099659241389276,nonsingular_isothermal,1.0,0.01,2.0,0.3,1.0,0.0,strict_pass,1.0,none,none,,,0.9984555984555985,1.0,0.9984555984555985,0.9884169884169884,0.9936507936507937,0.9928571428571429,0.01158301158301156,0.006349206349206327,0.0071428571428571175,0.0,0.0,3879.0,3885.0,1.0,inverse_phase_volume,geometric_mean,3879.0,3879.0,3879.0,0.0,420.0,0.0,0.0,5.132679480305243e+38,6.254978554383356e+51,12186575410337.855,2.316639377379989e-09,28231.900470999422,3.542092396603719e-05,431659761.01595634,12186575410337.875,0.0
3.1709384651857713,341.2516763138156,8427.051953005166,0.839511109665857,205.94367611485325,-1000000.0,solver_failed_full,161.0,205.94367611485325,2.596438572362217,1.7269590937734725,3.9083306037541057,0.0,0.0,7.0,active_set_max_passes,2.0,46.24404371149536,159.6996324033579,32.0,32.0,6980.0,498.745288684147,0.011092018810530934,nonsingular_isothermal,1.0,0.01,2.0,0.3,1.0,0.0,strict_pass,1.0,none,none,,,0.9971685971685972,1.0,0.9971685971685972,0.9806949806949807,0.9883597883597883,0.9904761904761905,0.019305019305019266,0.011640211640211673,0.00952380952380949,0.0,0.0,3874.0,3885.0,1.0,inverse_phase_volume,geometric_mean,3874.0,3874.0,3874.0,0.0,420.0,0.0,0.0,1.0290328547393418e+37,1.1345612003925798e+49,1102550997441.1543,4.967012510551648e-09,5476.384597811385,0.0001826022227145343,201328262.78888065,1102550997441.149,0.0
5.647179121952273,1.2783412927231694,288788.4621548522,3.0002850875957714,48.785281686357955,-1000000.0,solver_failed_full,162.0,48.785281686357955,0.20553356838939862,0.9263058198379343,1.3099942533198077,1.0,0.0,76.0,reduced_spear_inconsistent,2.0,4.488289028436887,44.296992657921066,32.0,32.0,6216.0,70.66372684307441,0.05699365901288306,nonsingular_isothermal,1.0,0.01,2.0,0.3,1.0,0.0,strict_pass,1.0,none,none,,,0.9984555984555985,1.0,0.9984555984555985,0.9884169884169884,0.9957671957671957,0.9928571428571429,0.01158301158301156,0.004232804232804255,0.0071428571428571175,0.0,0.0,3879.0,3885.0,1.0,inverse_phase_volume,geometric_mean,3879.0,3879.0,3879.0,0.0,420.0,0.0,0.0,3.1104959378522166e+41,8.11106679161713e+50,2607644232.1984787,7.04438901369346e-08,183.6926038091998,0.005443877321477205,14195695.298146058,2607644232.1984644,0.0
0.8669532743435931,8.07169519258912,1181171.2948106837,2.9944313059420957,189.94413599371367,-1000000.0,solver_failed_full,163.0,189.94413599371367,3.4797422783987315,2.4678558569677174,11.835420913837835,0.0,0.0,8.0,reduced_spear_inconsistent,2.0,147.75712140368503,42.187014590028724,32.0,32.0,6510.0,361.12172267385,0.013051387827276793,nonsingular_isothermal,1.0,0.01,2.0,0.3,1.0,0.0,severe_coverage_warn,0.0,multiple,multiple,1;2;3;4;5;6;7;8,Lfrac minimum coverage 0.623 is below 0.8 | Lfrac coverage gap 0.377 exceeds 0.1 | third_integral minimum coverage 0.75 is below 0.8 | third_integral coverage gap 0.25 exceeds 0.1 | 23 planned shell-band/Lfrac/third-integral cells have no successful orbit,0.9083655083655083,1.0,0.9083655083655083,0.8690228690228691,0.6232804232804233,0.75,0.0498960498960499,0.3767195767195767,0.25,23.0,0.0,3529.0,3885.0,1.0,inverse_phase_volume,geometric_mean,3529.0,3529.0,3529.0,0.0,420.0,0.0,0.0,3.6720991943389804e+44,3.866872417086722e+51,10530413.838079348,0.00017148587097838886,1805.817188785924,0.0005537659106414387,5831.384208475244,10530413.838079397,0.0
6.785625149569285,3.2798870688303587,114.63052003038683,1.3700888897962926,47.22588418829322,-1000000.0,solver_failed_full,164.0,47.22588418829322,0.04098161032905523,0.9231497252515566,1.7257566964870006,1.0,0.0,82.0,active_set_max_passes,2.0,9.638906246506181,37.58697794178703,32.0,32.0,4161.0,57.83109593638832,0.047250947730409595,nonsingular_isothermal,1.0,0.01,2.0,0.3,1.0,0.0,strict_pass,1.0,none,none,,,1.0,1.0,1.0,1.0,1.0,1.0,0.0,0.0,0.0,0.0,0.0,3885.0,3885.0,1.0,inverse_phase_volume,geometric_mean,3885.0,3885.0,3885.0,0.0,420.0,0.0,0.0,3.4425406026655205e+42,7.781385859382687e+50,226036138.93058074,1.7506125689540292e-06,395.70170584970845,0.0025271561512545267,571228.6189042322,226036138.93057767,0.0
13.098408241182666,20.09746648446788,67911.59468677746,4.1661466589372225,15.63578146679266,-1000000.0,solver_failed_full,165.0,15.63578146679266,0.2749921041276764,0.7858112287397968,1.7004793357572296,1.0,0.0,88.0,active_set_max_passes,2.0,8.659653942168257,6.976127524624404,32.0,32.0,6506.0,64.6414930972438,0.05921822957952304,nonsingular_isothermal,1.0,0.01,2.0,0.3,1.0,0.0,strict_pass,1.0,none,none,,,0.9994851994851995,1.0,0.9994851994851995,0.9961389961389961,0.9978835978835979,0.9976190476190476,0.0038610038610038533,0.002116402116402072,0.0023809523809523725,0.0,0.0,3883.0,3885.0,1.0,inverse_phase_volume,geometric_mean,3883.0,3883.0,3883.0,0.0,420.0,0.0,0.0,9.100501227912182e+41,1.3631570574114466e+52,14978922844.716534,6.190675414250556e-08,927.296493867436,0.001078403732369722,16153326.302620571,14978922844.716688,0.0
21.250582068227853,19.796541539558643,95710.09509601348,2.6739327155925148,16.301313776872338,-1000000.0,solver_failed_full,166.0,16.301313776872338,0.26047171829750937,0.7715235310413359,1.6336261484932293,1.0,0.0,92.0,active_set_max_passes,2.0,9.605612818334096,6.695700958538242,32.0,32.0,6294.0,51.67713182023899,0.081428566984079,nonsingular_isothermal,1.0,0.01,2.0,0.3,1.0,0.0,strict_pass,1.0,none,none,,,0.9979407979407979,1.0,0.9979407979407979,0.9845559845559846,0.9915343915343915,0.9976190476190476,0.015444015444015413,0.00846560846560851,0.0023809523809523725,0.0,0.0,3877.0,3885.0,1.0,inverse_phase_volume,geometric_mean,3877.0,3877.0,3877.0,0.0,420.0,0.0,0.0,1.1308027109568575e+42,1.0971761434251705e+53,97026309964.95993,1.2187044680016573e-08,1182.4639746800897,0.0008456917262706,82054347.56793228,97026309964.95876,0.0
13.60537897876822,399.1509222030812,647576.9088847302,2.293806296079746,20.398858793159206,-1000000.0,solver_failed_full,167.0,20.398858793159206,0.3680849889821616,0.5244850704801257,0.9819416691289047,1.0,0.0,97.0,active_set_max_passes,2.0,4.642910552431367,15.755948240727838,32.0,32.0,5097.0,51.72714031316836,0.05605646132761841,nonsingular_isothermal,1.0,0.01,2.0,0.3,1.0,0.0,strict_pass,1.0,none,none,,,0.9835263835263836,1.0,0.9835263835263836,0.9521829521829522,0.9322751322751323,0.9357142857142857,0.047817047817047764,0.06772486772486774,0.06428571428571428,0.0,0.0,3821.0,3885.0,1.0,inverse_phase_volume,geometric_mean,3821.0,3821.0,3821.0,0.0,420.0,0.0,0.0,1.9021439717416466e+43,3.248236289387535e+51,170767110.04232636,6.563830046843937e-06,1120.8862879085293,0.0008921511582284658,152350.07501158968,170767110.04232675,0.0
2.5131615081476126,1.240346923583886,20489.337420859218,4.651017295277878,194.05838483269318,-1000000.0,solver_failed_full,168.0,194.05838483269318,0.6148271313461748,1.014696213356177,1.5400130926038833,1.0,0.0,76.0,active_set_max_passes,2.0,30.37340963108451,163.68497520160867,32.0,32.0,2139.0,47.944453806760436,0.06690888824139006,nonsingular_isothermal,1.0,0.01,2.0,0.3,1.0,0.0,strict_pass,1.0,none,none,,,0.9997425997425997,1.0,0.9997425997425997,0.997920997920998,0.9989417989417989,0.9976190476190476,0.0020790020790020236,0.0010582010582010914,0.0023809523809523725,0.0,0.0,3884.0,3885.0,1.0,inverse_phase_volume,geometric_mean,3884.0,3884.0,3884.0,0.0,420.0,0.0,0.0,9.726912020118047e+39,4.3117778921057873e+49,4432833239.560297,1.1345011787054568e-07,502.905453528585,0.001988445329004889,8814446.54946122,4432833239.560266,0.0
9.88987351823277,2.586130299532446,167.33028153444297,0.9804691869445494,23.83400016826621,-1000000.0,solver_failed_full,169.0,23.83400016826621,0.2493934607035868,0.8968190237794318,1.7318171489839027,1.0,0.0,82.0,active_set_max_passes,2.0,8.288438736175886,15.545561432090322,32.0,32.0,5985.0,55.1001382819409,0.07076573279328591,nonsingular_isothermal,1.0,0.01,2.0,0.3,1.0,0.0,strict_pass,1.0,none,none,,,1.0,1.0,1.0,1.0,1.0,1.0,0.0,0.0,0.0,0.0,0.0,3885.0,3885.0,1.0,inverse_phase_volume,geometric_mean,3885.0,3885.0,3885.0,0.0,420.0,0.0,0.0,9.387928024933851e+40,3.879740316599651e+51,41326907346.2777,1.0218263511577189e-08,422.2892293828007,0.0023680452410817007,97863986.2699773,41326907346.27771,0.0
23.365938185172677,25.30317590785469,730047.1201596532,1.349320938602838,19.488720325326547,-1000000.0,solver_failed_full,170.0,19.488720325326547,0.3599022592670984,0.8148525680058292,1.7108864891267879,1.0,0.0,86.0,active_set_max_passes,2.0,11.150945018987592,8.337775306338946,32.0,32.0,6423.0,74.25411398195658,0.05721118797357386,nonsingular_isothermal,1.0,0.01,2.0,0.3,1.0,0.0,strict_pass,1.0,none,none,,,0.9981981981981982,1.0,0.9981981981981982,0.9864864864864865,0.9947089947089947,0.9952380952380953,0.013513513513513487,0.005291005291005346,0.004761904761904745,0.0,0.0,3878.0,3885.0,1.0,inverse_phase_volume,geometric_mean,3878.0,3878.0,3878.0,0.0,420.0,0.0,0.0,5.712009922631236e+42,1.6757118274072175e+53,29336640693.98712,2.7966715023113855e-08,820.4494700242162,0.0012188441050129317,35756791.570748396,29336640693.986885,0.0
3.8101037555658217,7.33274320739092,56516.5720108781,1.8008232944188658,103.5901307111077,-1000000.0,solver_failed_full,171.0,103.5901307111077,0.3470325498051636,0.9157735710609448,1.4541325715992135,1.0,0.0,84.0,active_set_max_passes,2.0,12.688465462229079,90.90166524887863,32.0,32.0,1852.0,45.316593206029204,0.07651059876824523,nonsingular_isothermal,1.0,0.01,2.0,0.3,1.0,0.0,strict_pass,1.0,none,none,,,0.9997425997425997,1.0,0.9997425997425997,0.9980694980694981,0.9989417989417989,0.9976190476190476,0.0019305019305019266,0.0010582010582010914,0.0023809523809523725,0.0,0.0,3884.0,3885.0,1.0,inverse_phase_volume,geometric_mean,3884.0,3884.0,3884.0,0.0,420.0,0.0,0.0,9.000096714055098e+41,2.105564733808299e+50,233949123.07110223,2.1790866156657872e-06,509.79540283098453,0.001961571239063401,458907.871220376,233949123.07110116,0.0
13.156039267373082,60.38315940629106,10984.67011591256,0.8858670185195183,19.177352021769565,-1000000.0,solver_failed_full,172.0,19.177352021769565,0.22805878266888868,0.8973307794609866,1.8204551004994327,1.0,0.0,88.0,active_set_max_passes,2.0,10.851195734704918,8.326156287064643,32.0,32.0,3574.0,43.39607297675476,0.07784298427202253,nonsingular_isothermal,1.0,0.01,2.0,0.3,1.0,0.0,strict_pass,1.0,none,none,,,0.998970398970399,1.0,0.998970398970399,0.9922779922779923,0.9968253968253968,0.9976190476190476,0.007722007722007707,0.0031746031746031633,0.0023809523809523725,0.0,0.0,3881.0,3885.0,1.0,inverse_phase_volume,geometric_mean,3881.0,3881.0,3881.0,0.0,420.0,0.0,0.0,6.038524483307842e+39,1.0352436779747207e+52,1714398411129.112,2.710484291710811e-09,4646.849963099431,0.00021519954548586368,368937758.85667175,1714398411129.1118,0.0
9.381759913671061,31.582085572950174,18241.063063364185,3.634387614905028,27.698145025593266,-1000000.0,solver_failed_full,173.0,27.698145025593266,0.11106800672952133,0.9145878122184845,1.7844419131124905,1.0,0.0,85.0,active_set_max_passes,2.0,9.78774060485588,17.910404420737382,32.0,32.0,3975.0,54.64600430967279,0.06562150572675485,nonsingular_isothermal,1.0,0.01,2.0,0.3,1.0,0.0,strict_pass,1.0,none,none,,,0.9984555984555985,1.0,0.9984555984555985,0.9884169884169884,0.9968253968253968,0.9952380952380953,0.01158301158301156,0.0031746031746031633,0.004761904761904745,0.0,0.0,3879.0,3885.0,1.0,inverse_phase_volume,geometric_mean,3879.0,3879.0,3879.0,0.0,420.0,0.0,0.0,6.208256283944851e+41,3.610771250674593e+51,5816079564.905198,2.9237427970917053e-07,1700.4720735203969,0.0005880719922261077,3420273.4966793805,5816079564.905244,0.0
8.819774987426705,482.580401618211,2078.301100519159,0.6223729664674258,79.34832934612103,-1000000.0,solver_failed_full,174.0,79.34832934612103,0.41549233386137985,0.7782044275572098,1.878221264623918,1.0,0.0,84.0,active_set_max_passes,2.0,30.433981922616358,48.914347423504694,32.0,32.0,423.0,26.97018935149006,0.10000119558639908,nonsingular_isothermal,1.0,0.01,2.0,0.3,1.0,0.0,strict_pass,1.0,none,none,,,0.9994851994851995,1.0,0.9994851994851995,0.9961389961389961,0.9978835978835979,0.9976190476190476,0.0038610038610038533,0.002116402116402072,0.0023809523809523725,0.0,0.0,3883.0,3885.0,1.0,inverse_phase_volume,geometric_mean,3883.0,3883.0,3883.0,0.0,420.0,0.0,0.0,6.40493210242638e+37,3.482730849743957e+50,5437576533285.332,2.137739241891104e-08,116241.20735990097,8.602801215784377e-06,46778390.01146707,5437576533285.265,0.0
22.492838357837073,13.550088512243764,0.0,3.8021584966246404,16.060710565169984,-1000000.0,solver_failed_full,175.0,16.060710565169984,0.2734931654227921,0.7835800808815844,1.5789118156273074,1.0,0.0,95.0,active_set_max_passes,2.0,9.357727700417563,6.702982864752421,32.0,32.0,6305.0,50.37407819537953,0.07428790814534998,nonsingular_isothermal,1.0,0.01,2.0,0.3,1.0,0.0,strict_pass,1.0,none,none,,,1.0,1.0,1.0,1.0,1.0,1.0,0.0,0.0,0.0,0.0,0.0,3885.0,3885.0,1.0,inverse_phase_volume,geometric_mean,3885.0,3885.0,3885.0,0.0,420.0,0.0,0.0,5.361115985468065e+41,1.4759067447686338e+53,275298417114.87915,5.2451367261497986e-09,1443.9778382601587,0.0006925314042249394,190652799.3854703,275298417114.8791,0.0
18.67555300603922,5.216103336278824,2404703.62287281,4.930828974978129,17.64691091690785,-1000000.0,solver_failed_full,176.0,17.64691091690785,0.2938185498012196,0.8719162948645153,1.233075849451376,1.0,0.0,82.0,active_set_max_passes,2.0,9.30284678150206,8.344064135405791,32.0,32.0,6566.0,86.60761868704131,0.06490923659994113,nonsingular_isothermal,1.0,0.01,2.0,0.3,1.0,0.0,strict_pass,1.0,none,none,,,0.9981981981981982,1.0,0.9981981981981982,0.9864864864864865,0.9925925925925926,0.9904761904761905,0.013513513513513487,0.007407407407407418,0.00952380952380949,0.0,0.0,3878.0,3885.0,1.0,inverse_phase_volume,geometric_mean,3878.0,3878.0,3878.0,0.0,420.0,0.0,0.0,4.4526186003600224e+42,8.405131114340827e+52,18876827028.61911,1.0933559999088484e-08,206.39092090982012,0.004845174369065087,91461518.48833944,18876827028.618916,0.0
20.997034602460452,443.38223908444985,1008594.0263034898,3.492922900107471,12.087297426186787,-1000000.0,solver_failed_full,177.0,12.087297426186787,0.03274964556365312,0.5604302223906209,1.0142605091033907,1.0,0.0,99.0,active_set_max_passes,2.0,5.6434565272519155,6.44384089893487,32.0,32.0,5944.0,50.47949970279088,0.0655575317807794,nonsingular_isothermal,1.0,0.01,2.0,0.3,1.0,0.0,strict_pass,1.0,none,none,,,0.9884169884169884,1.0,0.9884169884169884,0.9521829521829522,0.9523809523809523,0.9571428571428572,0.047817047817047764,0.04761904761904767,0.042857142857142816,0.0,0.0,3840.0,3885.0,1.0,inverse_phase_volume,geometric_mean,3840.0,3840.0,3840.0,0.0,420.0,0.0,0.0,3.389558832451456e+42,1.379307164329389e+52,4069282265.0664024,4.170760240835903e-07,1697.20006798776,0.0005892057270452643,2397644.415540847,4069282265.0663986,0.0
17.2136039027857,26.536849701405387,100166.40963514957,4.427334177406351,14.531744485835405,-1000000.0,solver_failed_full,178.0,14.531744485835405,0.24469234692152675,0.8310855142045088,1.6176457496002459,1.0,0.0,94.0,reduced_spear_inconsistent,2.0,8.716453667175863,5.815290818659539,32.0,32.0,6238.0,51.19219336995716,0.07997246960658082,nonsingular_isothermal,1.0,0.01,2.0,0.3,1.0,0.0,strict_pass,1.0,none,none,,,1.0,1.0,1.0,1.0,1.0,1.0,0.0,0.0,0.0,0.0,0.0,3885.0,3885.0,1.0,inverse_phase_volume,geometric_mean,3885.0,3885.0,3885.0,0.0,420.0,0.0,0.0,5.554027911846793e+43,4.6176008744023196e+52,831396771.4409454,1.6844009925895166e-06,1400.4055470508313,0.000714078862445196,593682.8607911519,831396771.4409355,0.0
12.405088800606231,7.934345298136867,276042.03767690895,4.3280865116927085,20.22013621446346,-1000000.0,solver_failed_full,179.0,20.22013621446346,0.2960265632076613,0.991790435192628,1.7810305979877137,1.0,0.0,77.0,active_set_max_passes,2.0,10.231891548566287,9.98824466589717,32.0,32.0,6685.0,98.94771721551407,0.048592169085353625,nonsingular_isothermal,1.0,0.01,2.0,0.3,1.0,0.0,strict_pass,1.0,none,none,,,1.0,1.0,1.0,1.0,1.0,1.0,0.0,0.0,0.0,0.0,0.0,3885.0,3885.0,1.0,inverse_phase_volume,geometric_mean,3885.0,3885.0,3885.0,0.0,420.0,0.0,0.0,1.576996371322203e+42,1.2473936909976776e+52,7909933806.327175,5.2993653864780554e-08,419.1762942258278,0.00238563109072494,18870184.013950348,7909933806.327163,0.0
13.70480676133034,112.35376086859118,5778.278580118533,2.3467328861366448,23.183476714349727,-1000000.0,solver_failed_full,180.0,23.183476714349727,0.21306577427341367,0.7065805109086601,1.7291093118079068,1.0,0.0,94.0,active_set_max_passes,2.0,13.988384098107769,9.195092616241947,32.0,32.0,787.0,33.27515327568148,0.08119784617665643,nonsingular_isothermal,1.0,0.01,2.0,0.3,1.0,0.0,strict_pass,1.0,none,none,,,0.9987129987129987,1.0,0.9987129987129987,0.9903474903474904,0.9968253968253968,0.9976190476190476,0.009652509652509633,0.0031746031746031633,0.0023809523809523725,0.0,0.0,3880.0,3885.0,1.0,inverse_phase_volume,geometric_mean,3880.0,3880.0,3880.0,0.0,420.0,0.0,0.0,1.0226084169396762e+40,1.4571375002709987e+52,1424922263628.2637,1.7069526337599617e-08,24322.748108034797,4.111377528387342e-05,58583933.74380088,1424922263628.2688,0.0
10.543449110192624,1.851543702640014,17503.982261284753,1.4091882970543261,21.86296232833662,-1000000.0,solver_failed_full,181.0,21.86296232833662,0.4272012516456094,0.8922066819127226,1.8428025043302887,1.0,0.0,79.0,active_set_max_passes,2.0,9.454217421251954,12.408744907084662,32.0,32.0,6529.0,64.92860589166216,0.07447819583458282,nonsingular_isothermal,1.0,0.01,2.0,0.3,1.0,0.0,strict_pass,1.0,none,none,,,1.0,1.0,1.0,1.0,1.0,1.0,0.0,0.0,0.0,0.0,0.0,3885.0,3885.0,1.0,inverse_phase_volume,geometric_mean,3885.0,3885.0,3885.0,0.0,420.0,0.0,0.0,2.44496970155627e+44,7.063028388406303e+51,28887999.650509167,1.804185910834971e-05,521.1932196165454,0.0019186742312874378,55426.66052287281,28887999.650509354,0.0
8.49360407272714,153.88518419618632,131644.34153775542,2.5905209747431526,29.503151383367648,-1000000.0,solver_failed_full,182.0,29.503151383367648,0.06850968238249067,0.6998314313203003,1.6372987702725936,1.0,0.0,91.0,active_set_max_passes,2.0,9.694980154897452,19.80817122847019,32.0,32.0,2540.0,45.835373897913634,0.06083035436590059,nonsingular_isothermal,1.0,0.01,2.0,0.3,1.0,0.0,strict_pass,1.0,none,none,,,0.9966537966537966,1.0,0.9966537966537966,0.9768339768339769,0.9862433862433863,0.9880952380952381,0.02316602316602312,0.013756613756613745,0.011904761904761862,0.0,0.0,3872.0,3885.0,1.0,inverse_phase_volume,geometric_mean,3872.0,3872.0,3872.0,0.0,420.0,0.0,0.0,2.964476273899063e+42,1.325188287317613e+51,447022733.48764,4.514741884001729e-06,2018.1922579776096,0.0004954929323740842,221496.60505367155,447022733.48764414,0.0
1.2223080163817652,1.023046920894421,107513.98100123084,3.3078656792818566,392.7514745703083,-1000000.0,solver_failed_full,183.0,392.7514745703083,5.921118484669819,0.9906090317252224,4.750794021626164,0.0,0.0,27.0,reduced_spear_inconsistent,2.0,117.65094835846544,275.10052621184286,32.0,32.0,6769.0,180.62428545352853,0.03235011329385364,nonsingular_isothermal,1.0,0.01,2.0,0.3,1.0,0.0,severe_coverage_warn,0.0,multiple,multiple,1;2;3;4,Lfrac coverage gap 0.147 exceeds 0.1 | third_integral coverage gap 0.152 exceeds 0.1 | 5 planned shell-band/Lfrac/third-integral cells have no successful orbit,0.9642213642213642,1.0,0.9642213642213642,0.9227799227799228,0.852910052910053,0.8476190476190476,0.07722007722007718,0.14708994708994705,0.1523809523809524,5.0,0.0,3746.0,3885.0,1.0,inverse_phase_volume,geometric_mean,3746.0,3746.0,3746.0,0.0,420.0,0.0,0.0,4.320722502746156e+41,3.3010091516417463e+49,76399471.37414397,5.2009100951629085e-06,397.3467819348912,0.002516693340588974,192274.04083182424,76399471.37414324,0.0
24.53300725360629,62.7586815372644,8325.217053457669,4.482885098278357,16.19725746403558,-1000000.0,solver_failed_full,184.0,16.19725746403558,0.23607178919998617,0.7578304421692055,1.560948009099966,1.0,0.0,103.0,active_set_max_passes,2.0,9.717837687361012,6.479419776674566,32.0,32.0,4615.0,48.9154622613768,0.08302672134769003,nonsingular_isothermal,1.0,0.01,2.0,0.3,1.0,0.0,strict_pass,1.0,none,none,,,1.0,1.0,1.0,1.0,1.0,1.0,0.0,0.0,0.0,0.0,0.0,3885.0,3885.0,1.0,inverse_phase_volume,geometric_mean,3885.0,3885.0,3885.0,0.0,420.0,0.0,0.0,2.6223775250457135e+39,1.4494394816361357e+53,55271960951193.28,1.4457226954733312e-10,7990.7928370456475,0.00012514402768195397,6916955811.312064,55271960951193.7,0.0
19.492606816058082,12.848642887667284,1011737.9556705939,2.320378741584808,18.146535004593826,-1000000.0,solver_failed_full,185.0,18.146535004593826,0.26591221065494963,0.9076519197217535,1.5899980777421614,1.0,0.0,85.0,reduced_spear_inconsistent,2.0,10.171664519416366,7.974870485177449,32.0,32.0,5616.0,48.735894960545686,0.06893609193730972,nonsingular_isothermal,1.0,0.01,2.0,0.3,1.0,0.0,strict_pass,1.0,none,none,,,0.998970398970399,1.0,0.998970398970399,0.9922779922779923,0.9957671957671957,0.9952380952380953,0.007722007722007707,0.004232804232804255,0.004761904761904745,0.0,0.0,3881.0,3885.0,1.0,inverse_phase_volume,geometric_mean,3881.0,3881.0,3881.0,0.0,420.0,0.0,0.0,1.7999792630320193e+43,8.242111356823014e+52,4579003506.373394,9.583429685326114e-08,438.8255813219101,0.0022788097197697964,10434677.697183637,4579003506.37338,0.0
24.77499139717573,3.607194662189125,0.0,1.0819130886533923,20.27424120245402,-1000000.0,solver_failed_full,186.0,20.27424120245402,0.5697398061856269,0.8691704176532105,1.6396608213955035,1.0,0.0,87.0,active_set_max_passes,2.0,10.84227047113843,9.431970731315594,32.0,32.0,6568.0,55.80510518361637,0.07358232958232816,nonsingular_isothermal,1.0,0.01,2.0,0.3,1.0,0.0,strict_pass,1.0,none,none,,,1.0,1.0,1.0,1.0,1.0,1.0,0.0,0.0,0.0,0.0,0.0,3885.0,3885.0,1.0,inverse_phase_volume,geometric_mean,3885.0,3885.0,3885.0,0.0,420.0,0.0,0.0,1.1669653320638719e+45,1.403709616872406e+53,120287173.77489121,3.422868433661266e-06,411.7271700884012,0.0024287928333349773,292152.62560657394,120287173.77489085,0.0
21.18035577456872,10.434418304291022,1126.578616799783,4.978395196178978,16.06010214300829,-1000000.0,solver_failed_full,187.0,16.06010214300829,0.04078417973381221,0.7964496796906883,1.5744778751772763,1.0,0.0,95.0,reduced_spear_inconsistent,2.0,9.472860476125968,6.587241666882327,32.0,32.0,6289.0,48.20833973395151,0.07603179339667636,nonsingular_isothermal,1.0,0.01,2.0,0.3,1.0,0.0,strict_pass,1.0,none,none,,,1.0,1.0,1.0,1.0,1.0,1.0,0.0,0.0,0.0,0.0,0.0,3885.0,3885.0,1.0,inverse_phase_volume,geometric_mean,3885.0,3885.0,3885.0,0.0,420.0,0.0,0.0,1.5358492233323834e+42,9.890682943469086e+52,64398788586.87014,1.3723543260925733e-08,883.7795611231264,0.0011315038771989455,72867478.97295907,64398788586.870415,0.0
24.945864671429057,2.4565675535261637,0.0,2.0664308090817185,19.839690392726386,-1000000.0,solver_failed_full,188.0,19.839690392726386,0.3292089673022751,0.8534198764908832,1.6537445223811402,1.0,0.0,87.0,active_set_max_passes,2.0,10.796339889372359,9.043350503354032,32.0,32.0,6685.0,65.01033933721733,0.0781005581889257,nonsingular_isothermal,1.0,0.01,2.0,0.3,1.0,0.0,strict_pass,1.0,none,none,,,1.0,1.0,1.0,1.0,1.0,1.0,0.0,0.0,0.0,0.0,0.0,3885.0,3885.0,1.0,inverse_phase_volume,geometric_mean,3885.0,3885.0,3885.0,0.0,420.0,0.0,0.0,2.933279289001968e+44,1.6301610249046158e+53,555746952.230815,7.926814836359945e-07,440.5303186205072,0.0022699913212135695,1261540.7583548499,555746952.2308184,0.0
0.4787391917423611,152.73479943207747,0.0,4.622462489647885,576.2183312372223,-1000000.0,solver_failed_full,189.0,576.2183312372223,1.7957080287312692,0.7486511347485058,1.856702607126018,1.0,0.0,83.0,active_set_max_passes,2.0,183.12486774105489,393.0934634961674,32.0,32.0,4305.0,48.27873351610532,0.052785460161624116,nonsingular_isothermal,1.0,0.01,2.0,0.3,1.0,0.0,severe_coverage_warn,0.0,multiple,multiple,1;2;3;4;5;6,total orbit coverage 0.834 is below 0.85 | shell_band minimum coverage 0.605 is below 0.8 | shell_band coverage gap 0.395 exceeds 0.1 | Lfrac minimum coverage 0.605 is below 0.8 | Lfrac coverage gap 0.395 exceeds 0.1 | third_integral minimum coverage 0.714 is below 0.8 | third_integral coverage gap 0.286 exceeds 0.1 | 26 planned shell-band/Lfrac/third-integral cells have no successful orbit,0.8342342342342343,1.0,0.8342342342342343,0.604989604989605,0.6052910052910053,0.7142857142857143,0.39501039501039503,0.3947089947089947,0.2857142857142857,26.0,0.0,3241.0,3885.0,1.0,inverse_phase_volume,geometric_mean,3241.0,3241.0,3241.0,0.0,420.0,1.0,9.0,1.3802563814914188e+33,1.533949595728633e+46,11113512071367.082,4.827214904015035e-10,5364.731110685437,0.00018640263218564794,2071587902.9298036,11113512071367.12,0.0
17.59418058244682,1.4924146781336232,1008.9708910433997,4.078720105560841,17.020248324069172,-1000000.0,solver_failed_full,190.0,17.020248324069172,0.1909429945131258,0.8367949539189118,1.6507501692292728,1.0,0.0,87.0,reduced_spear_inconsistent,2.0,9.371262571579429,7.648985752489739,32.0,32.0,6082.0,47.932831824209885,0.08241161378829596,nonsingular_isothermal,1.0,0.01,2.0,0.3,1.0,0.0,strict_pass,1.0,none,none,,,0.9979407979407979,1.0,0.9979407979407979,0.9845559845559846,0.9915343915343915,0.9976190476190476,0.015444015444015413,0.00846560846560851,0.0023809523809523725,0.0,0.0,3877.0,3885.0,1.0,inverse_phase_volume,geometric_mean,3877.0,3877.0,3877.0,0.0,420.0,0.0,0.0,4.147243652075737e+44,4.4101086538689007e+52,106338306.20637871,4.348860009614743e-06,462.4504073510902,0.0021623940299414736,229945.318494763,106338306.20637932,0.0
1.7936338486891523,324.78886134663304,939532.254002283,2.988046300650739,194.49075362031854,-1000000.0,solver_failed_full,191.0,194.49075362031854,3.5936368126682225,2.403872715902745,11.528568548957871,0.0,0.0,11.0,reduced_spear_inconsistent,2.0,150.62087610843963,43.86987751187897,32.0,32.0,6415.0,317.3599763687031,0.017156362782783763,nonsingular_isothermal,1.0,0.01,2.0,0.3,1.0,0.0,severe_coverage_warn,0.0,multiple,multiple,1;2;3;4;5;6;7;8,Lfrac minimum coverage 0.684 is below 0.8 | Lfrac coverage gap 0.316 exceeds 0.1 | third_integral minimum coverage 0.76 is below 0.8 | third_integral coverage gap 0.24 exceeds 0.1 | 17 planned shell-band/Lfrac/third-integral cells have no successful orbit,0.923037323037323,1.0,0.923037323037323,0.9085239085239085,0.6835978835978836,0.7595238095238095,0.037422037422037424,0.31640211640211635,0.2404761904761905,17.0,0.0,3586.0,3885.0,1.0,inverse_phase_volume,geometric_mean,3586.0,3586.0,3586.0,0.0,420.0,0.0,0.0,2.687235621216911e+42,2.438870254272377e+51,907575887.65809,2.7905724259794634e-06,2532.6562465824936,0.0003948423720547849,358349.41630264616,907575887.6580873,0.0
7.317016083197958,154.72068959457673,1399.9881920669422,2.7198312603943036,60.7342317739608,-1000000.0,solver_failed_full,192.0,60.7342317739608,0.7110904121157517,0.7992687718369447,1.945811223076324,1.0,0.0,84.0,active_set_max_passes,2.0,25.162060339542673,35.57217143441812,32.0,32.0,449.0,29.430651037042768,0.09619324839753296,nonsingular_isothermal,1.0,0.01,2.0,0.3,1.0,0.0,strict_pass,1.0,none,none,,,0.9987129987129987,1.0,0.9987129987129987,0.9903474903474904,0.9968253968253968,0.9976190476190476,0.009652509652509633,0.0031746031746031633,0.0023809523809523725,0.0,0.0,3880.0,3885.0,1.0,inverse_phase_volume,geometric_mean,3880.0,3880.0,3880.0,0.0,420.0,0.0,0.0,1.5904835595074442e+37,1.141300669708583e+51,71758092869695.03,7.008906799485334e-10,50294.57850325108,1.9882858744613183e-05,1426756024.3109956,71758092869695.78,0.0
24.825649167523746,298.5293109970585,205911.9056255004,0.6134111194391935,12.295557370488739,-1000000.0,solver_failed_full,193.0,12.295557370488739,0.1188891795755449,0.6717973233767148,1.51383805197827,1.0,0.0,108.0,active_set_max_passes,2.0,8.426462872528264,3.8690944979604747,32.0,32.0,4930.0,53.44644295144802,0.05174212016818614,nonsingular_isothermal,1.0,0.01,2.0,0.3,1.0,0.0,strict_pass,1.0,none,none,,,0.9966537966537966,1.0,0.9966537966537966,0.974903474903475,0.9862433862433863,0.9833333333333333,0.025096525096525046,0.013756613756613745,0.01666666666666672,0.0,0.0,3872.0,3885.0,1.0,inverse_phase_volume,geometric_mean,3872.0,3872.0,3872.0,0.0,420.0,0.0,0.0,1.0584974818001896e+41,4.691867145478131e+52,443257279884.9422,3.025161969820004e-08,13409.250659538046,7.457538272570784e-05,33056081.293376155,443257279884.94745,0.0
2.1760479164166373,256.5379979320344,0.0,2.5886973523307324,184.34773270186082,-1000000.0,solver_failed_full,194.0,184.34773270186082,0.8860353847949796,0.9899525538717139,2.3274410129952914,0.0,0.0,66.0,active_set_max_passes,2.0,49.68047748815342,134.6672552137074,32.0,32.0,3361.0,21.333543332502995,0.142882878668918,nonsingular_isothermal,1.0,0.01,2.0,0.3,1.0,0.0,strict_pass,1.0,none,none,,,0.9992277992277993,1.0,0.9992277992277993,0.9937629937629938,0.9968253968253968,0.9928571428571429,0.006237006237006182,0.0031746031746031633,0.0071428571428571175,0.0,0.0,3882.0,3885.0,1.0,inverse_phase_volume,geometric_mean,3882.0,3882.0,3882.0,0.0,420.0,0.0,0.0,1.3131994488357984e+32,4.4747921606140344e+48,3.407549526906297e+16,5.81077724533288e-12,198005.11253292003,5.050374645421044e-06,172094017337.04102,3.40754952690631e+16,0.0
17.50608454409291,12.801827214001781,2475685.3117174967,3.325602960670366,16.778978959624375,-1000000.0,solver_failed_full,195.0,16.778978959624375,0.2921669532010789,0.8527201931345615,1.2059284620401844,1.0,0.0,83.0,reduced_spear_inconsistent,2.0,8.676829167934837,8.102149791689545,32.0,32.0,6550.0,73.96500847324486,0.06669664221475871,nonsingular_isothermal,1.0,0.01,2.0,0.3,1.0,0.0,strict_pass,1.0,none,none,,,0.9963963963963964,1.0,0.9963963963963964,0.972972972972973,0.9851851851851852,0.9857142857142858,0.027027027027026973,0.014814814814814836,0.014285714285714235,0.0,0.0,3871.0,3885.0,1.0,inverse_phase_volume,geometric_mean,3871.0,3871.0,3871.0,0.0,420.0,0.0,0.0,1.795179646103071e+44,6.772575712881834e+52,377264510.96878046,6.070249461541104e-07,229.0089694566813,0.004366641194764021,1647378.7549187837,377264510.9687814,0.0
18.136137050710868,269.30667881669746,4950.571090964458,4.262186568440596,17.963051532056607,-1000000.0,solver_failed_full,196.0,17.963051532056607,0.0798322245461307,0.7529441563539011,1.7687118184534945,1.0,0.0,91.0,active_set_max_passes,2.0,11.628083627088758,6.334967904967847,32.0,32.0,738.0,51.18925222862211,0.05540288383572919,nonsingular_isothermal,1.0,0.01,2.0,0.3,1.0,0.0,strict_pass,1.0,none,none,,,0.9994851994851995,1.0,0.9994851994851995,0.9961389961389961,0.9978835978835979,0.9976190476190476,0.0038610038610038533,0.002116402116402072,0.0023809523809523725,0.0,0.0,3883.0,3885.0,1.0,inverse_phase_volume,geometric_mean,3883.0,3883.0,3883.0,0.0,420.0,0.0,0.0,1.9076574047328882e+39,1.997429829713744e+52,10470589869848.385,1.084231689223142e-08,113525.45341748583,8.808597278378932e-06,92231209.43056972,10470589869848.523,0.0
2.6649162888620097,1.6221439858556461,2316057.035115646,3.1600321014287363,102.70216559957105,-1000000.0,solver_failed_full,197.0,102.70216559957105,1.9786156868256768,2.056410534679391,9.862198467087897,0.0,0.0,16.0,active_set_max_passes,2.0,87.57402857793194,15.128137021639064,32.0,32.0,6613.0,289.75582534242545,0.019122357428135173,nonsingular_isothermal,1.0,0.01,2.0,0.3,1.0,0.0,severe_coverage_warn,0.0,multiple,multiple,1;2;3;4;5;6,Lfrac minimum coverage 0.777 is below 0.8 | Lfrac coverage gap 0.223 exceeds 0.1 | third_integral minimum coverage 0.793 is below 0.8 | third_integral coverage gap 0.207 exceeds 0.1 | 12 planned shell-band/Lfrac/third-integral cells have no successful orbit,0.9451737451737452,1.0,0.9451737451737452,0.9111969111969112,0.7767195767195767,0.7928571428571428,0.08880308880308885,0.2232804232804233,0.20714285714285718,12.0,0.0,3672.0,3885.0,1.0,inverse_phase_volume,geometric_mean,3672.0,3672.0,3672.0,0.0,420.0,0.0,0.0,7.248998207523915e+43,1.489480180249077e+52,205473934.13659677,4.826774976383476e-06,991.7764435895831,0.0010082917440352313,207177.6714043676,205473934.13659498,0.0
24.41087367659964,65.05496328392945,20511.609513272346,3.8696145028873064,19.38320158177555,-1000000.0,solver_failed_full,198.0,19.38320158177555,0.08936432137493355,0.8165207401974985,1.7086570397319276,1.0,0.0,94.0,reduced_spear_inconsistent,2.0,11.314932105492561,8.068269476282993,32.0,32.0,5726.0,51.224536248111285,0.06617316505796403,nonsingular_isothermal,1.0,0.01,2.0,0.3,1.0,0.0,strict_pass,1.0,none,none,,,1.0,1.0,1.0,1.0,1.0,1.0,0.0,0.0,0.0,0.0,0.0,3885.0,3885.0,1.0,inverse_phase_volume,geometric_mean,3885.0,3885.0,3885.0,0.0,420.0,0.0,0.0,1.4710188121557711e+41,1.2294269231819418e+53,835765602059.3118,7.576991542367793e-09,6332.588898205359,0.00015791329834838918,131978502.86731377,835765602059.3153,0.0
4.201242419770263,29.128459824570527,57042.44392382547,4.8589094751250155,89.84287746646379,-1000000.0,solver_failed_full,199.0,89.84287746646379,0.29228221905320595,0.9764114503910467,1.7734489630214698,1.0,0.0,74.0,active_set_max_passes,2.0,12.755256846991703,77.08762061947209,32.0,32.0,2487.0,49.01097750384985,0.0632925508246209,nonsingular_isothermal,1.0,0.01,2.0,0.3,1.0,0.0,strict_pass,1.0,none,none,,,0.9966537966537966,1.0,0.9966537966537966,0.974903474903475,0.9862433862433863,0.9857142857142858,0.025096525096525046,0.013756613756613745,0.014285714285714235,0.0,0.0,3872.0,3885.0,1.0,inverse_phase_volume,geometric_mean,3872.0,3872.0,3872.0,0.0,420.0,0.0,0.0,2.046190433292554e+39,1.5294043125112807e+50,74743987051.60078,5.944086910633992e-09,444.284755082017,0.002250808717970517,168234417.67161858,74743987051.60081,0.0
11.638500820387776,218.92787086891565,194227.50056785878,3.0462566803859787,21.226698300957427,-1000000.0,solver_failed_full,200.0,21.226698300957427,0.31787577103384024,0.6090726126927873,1.4331317728563309,1.0,0.0,106.0,active_set_max_passes,2.0,8.189157128286359,13.037541172671062,32.0,32.0,4263.0,35.66883504711313,0.08571798074347979,nonsingular_isothermal,1.0,0.01,2.0,0.3,1.0,0.0,strict_pass,1.0,none,none,,,0.9958815958815959,1.0,0.9958815958815959,0.9691119691119691,0.9830687830687831,0.9857142857142858,0.030888030888030937,0.016931216931216908,0.014285714285714235,0.0,0.0,3869.0,3885.0,1.0,inverse_phase_volume,geometric_mean,3869.0,3869.0,3869.0,0.0,420.0,0.0,0.0,1.074209541375337e+41,3.880009740847028e+51,36119673037.71436,9.051959724234233e-08,3269.53825589902,0.00030585358595996347,11047331.522286426,36119673037.71463,0.0
20.6067738378304,17.409721370174296,31232.62726451686,3.9647873498196553,17.192215549417064,-1000000.0,solver_failed_full,201.0,17.192215549417064,0.21236267995453062,0.7895909455504367,1.6543165660514072,1.0,0.0,91.0,active_set_max_passes,2.0,10.251546899507918,6.940668649909146,32.0,32.0,6616.0,47.68901687163796,0.08171673364603564,nonsingular_isothermal,1.0,0.01,2.0,0.3,1.0,0.0,strict_pass,1.0,none,none,,,1.0,1.0,1.0,1.0,1.0,1.0,0.0,0.0,0.0,0.0,0.0,3885.0,3885.0,1.0,inverse_phase_volume,geometric_mean,3885.0,3885.0,3885.0,0.0,420.0,0.0,0.0,2.6590550747609023e+42,7.881082829343956e+52,29638659628.186184,3.381262457078148e-08,1002.1608707890396,0.0009978437885053942,29574752.409611244,29638659628.18625,0.0
13.390571119342784,243.02718533031015,404018.7814695252,4.966808266106129,13.800591535014824,-1000000.0,solver_failed_full,202.0,13.800591535014824,0.013413374600730776,0.5272594562369324,1.2188071177005895,1.0,0.0,114.0,active_set_max_passes,2.0,5.944315994503835,7.856275540510988,32.0,32.0,5788.0,45.75671909011941,0.06319708411069387,nonsingular_isothermal,1.0,0.01,2.0,0.3,1.0,0.0,strict_pass,1.0,none,none,,,0.9917631917631917,1.0,0.9917631917631917,0.9667359667359667,0.9661375661375662,0.9619047619047619,0.033264033264033266,0.033862433862433816,0.03809523809523807,0.0,0.0,3853.0,3885.0,1.0,inverse_phase_volume,geometric_mean,3853.0,3853.0,3853.0,0.0,420.0,0.0,0.0,6.977801758225248e+42,8.051314230225319e+51,1153846800.0663164,2.384703356398294e-06,2751.5823368875926,0.00036342724932997414,419339.36869629653,1153846800.0663233,0.0
1.4214238978529137,128.27194653517859,17000.947493702544,0.38720084922513787,428.44515845647686,-1000000.0,solver_failed_full,203.0,428.44515845647686,5.9385081549280585,1.3673256650807921,1.9336904997383093,1.0,0.0,25.0,active_set_max_passes,2.0,43.452395975484926,384.9927624809919,32.0,32.0,7157.0,137.7485011216817,0.06406057271056949,nonsingular_isothermal,1.0,0.01,2.0,0.3,1.0,0.0,severe_coverage_warn,0.0,inner,joint,2,1 planned shell-band/Lfrac/third-integral cells have no successful orbit,0.9788931788931788,1.0,0.9788931788931788,0.9324324324324325,0.9132275132275133,0.9214285714285714,0.06756756756756754,0.08677248677248672,0.07857142857142863,1.0,0.0,3803.0,3885.0,1.0,inverse_phase_volume,geometric_mean,3803.0,3803.0,3803.0,0.0,420.0,0.0,0.0,3.0462672203493874e+37,2.1581478834604846e+48,70845652313.22545,9.213700115500623e-09,652.750594901078,0.0015319786880493712,108534029.4848163,70845652313.22498,0.0
22.363004715170433,18.537477419741638,291797.0017459941,4.182759952228249,15.331138515247073,-1000000.0,solver_failed_full,204.0,15.331138515247073,0.3635466063402184,0.7706876204960866,1.5820001581180014,1.0,0.0,94.0,active_set_max_passes,2.0,9.033846390307584,6.297292124939485,32.0,32.0,6497.0,53.283409037233255,0.07445436948506137,nonsingular_isothermal,1.0,0.01,2.0,0.3,1.0,0.0,strict_pass,1.0,none,none,,,1.0,1.0,1.0,1.0,1.0,1.0,0.0,0.0,0.0,0.0,0.0,3885.0,3885.0,1.0,inverse_phase_volume,geometric_mean,3885.0,3885.0,3885.0,0.0,420.0,0.0,0.0,6.013819392276758e+42,1.4279836084101005e+53,23745036477.882713,4.0169109935595263e-08,953.8169807048012,0.0010484191624068938,24894751.255463213,23745036477.88298,0.0
21.1823902644557,33.85886937389088,3547.7108078756746,2.029867365762457,16.711995937349865,-1000000.0,solver_failed_full,205.0,16.711995937349865,0.2634213171600379,0.7869681521697491,1.5924266663140418,1.0,0.0,98.0,active_set_max_passes,2.0,9.569697097354616,7.142298839995247,32.0,32.0,6674.0,58.368269739251126,0.082316026101977,nonsingular_isothermal,1.0,0.01,2.0,0.3,1.0,0.0,strict_pass,1.0,none,none,,,0.9997425997425997,1.0,0.9997425997425997,0.9980694980694981,0.9989417989417989,0.9976190476190476,0.0019305019305019266,0.0010582010582010914,0.0023809523809523725,0.0,0.0,3884.0,3885.0,1.0,inverse_phase_volume,geometric_mean,3884.0,3884.0,3884.0,0.0,420.0,0.0,0.0,3.0220665160330677e+40,9.063825351657403e+52,2999214379819.503,1.0018148945110327e-09,3004.6576375348295,0.00033281662027240136,998188393.3639072,2999214379819.485,0.0
0.7808611435346585,27.479094410684496,6576.047316070147,1.7406080434430145,810.908659417547,-1000000.0,solver_failed_full,206.0,810.908659417547,9.501551159240307,1.5642647499388926,2.212204424505525,0.0,0.0,23.0,active_set_max_passes,2.0,80.88597470976688,730.0226847077802,32.0,32.0,6066.0,76.12725454568616,0.07380898152469546,nonsingular_isothermal,1.0,0.01,2.0,0.3,1.0,0.0,severe_coverage_warn,0.0,inner,multiple,2;3,Lfrac coverage gap 0.111 exceeds 0.1 | 4 planned shell-band/Lfrac/third-integral cells have no successful orbit,0.971943371943372,1.0,0.971943371943372,0.9106029106029107,0.8888888888888888,0.930952380952381,0.08939708939708935,0.11111111111111116,0.06904761904761902,4.0,0.0,3776.0,3885.0,1.0,inverse_phase_volume,geometric_mean,3776.0,3776.0,3776.0,0.0,420.0,0.0,0.0,5.222877504507793e+38,2.527323850802694e+47,483894912.0712473,4.6785515564641686e-07,226.39272940360178,0.004417102981329623,2137413.6587601346,483894912.0712456,0.0
5.232643792773659,1.744893769329854,1718.2613323771625,4.799477531338363,71.40833552012212,-71.40833552012212,pass_full,207.0,71.40833552012212,0.0003840993997670239,0.896007439116464,1.7468770775630564,1.0,1.0,81.0,none,0.0,14.91995536440158,56.488380155720556,32.0,32.0,3087.0,43.37440553263077,0.0705945240217507,nonsingular_isothermal,1.0,0.01,2.0,0.3,1.0,0.0,strict_pass,1.0,none,none,,,1.0,1.0,1.0,1.0,1.0,1.0,0.0,0.0,0.0,0.0,0.0,3885.0,3885.0,1.0,inverse_phase_volume,geometric_mean,3885.0,3885.0,3885.0,0.0,420.0,0.0,0.0,4.1096758160323786e+40,4.057443583528483e+50,9872904251.2304,5.596126394998456e-08,552.500200756027,0.0018099540934675244,17869503.463927317,9872904251.230362,0.0
23.4203867796199,77.90697153933095,87750.2348474842,1.0959668769144824,13.813399117760733,-1000000.0,solver_failed_full,208.0,13.813399117760733,0.1731202128620417,0.6963571307818518,1.527020826661104,1.0,0.0,106.0,active_set_max_passes,2.0,8.170152941730116,5.643246176030614,32.0,32.0,5634.0,51.300307921578444,0.0862205846872306,nonsingular_isothermal,1.0,0.01,2.0,0.3,1.0,0.0,strict_pass,1.0,none,none,,,1.0,1.0,1.0,1.0,1.0,1.0,0.0,0.0,0.0,0.0,0.0,3885.0,3885.0,1.0,inverse_phase_volume,geometric_mean,3885.0,3885.0,3885.0,0.0,420.0,0.0,0.0,3.4737555529631747e+42,1.0918719422516321e+53,31432031575.170742,1.8205843834989033e-07,5722.466582740058,0.00017474981907560137,5492741.830939705,31432031575.170902,0.0
18.61155984250694,25.85344739754127,4475.961076402308,4.414194172217791,18.59562904955774,-1000000.0,solver_failed_full,209.0,18.59562904955774,0.4920186540448981,0.9054765412650905,1.779615592663597,1.0,0.0,85.0,active_set_max_passes,2.0,11.088571976359027,7.507057073198712,32.0,32.0,6685.0,73.71252384593345,0.0752404338795521,nonsingular_isothermal,1.0,0.01,2.0,0.3,1.0,0.0,strict_pass,1.0,none,none,,,0.9979407979407979,1.0,0.9979407979407979,0.9845559845559846,0.9915343915343915,0.9976190476190476,0.015444015444015413,0.00846560846560851,0.0023809523809523725,0.0,0.0,3877.0,3885.0,1.0,inverse_phase_volume,geometric_mean,3877.0,3877.0,3877.0,0.0,420.0,0.0,0.0,8.125386004877871e+40,5.371698719211456e+52,661100742289.2515,2.8883121764242993e-09,1909.4653237971877,0.0005237068133876277,346222963.0724992,661100742289.2515,0.0
14.29502213982978,101.84222695347727,1322.2465006169818,4.220103973943992,17.624700337836043,-1000000.0,solver_failed_full,210.0,17.624700337836043,0.24977934509434974,0.7629363908402059,1.8818680132714694,1.0,0.0,86.0,active_set_max_passes,2.0,11.194525160569869,6.430175177266169,32.0,32.0,4675.0,69.23278292124053,0.05718077968336349,nonsingular_isothermal,1.0,0.01,2.0,0.3,1.0,0.0,strict_pass,1.0,none,none,,,1.0,1.0,1.0,1.0,1.0,1.0,0.0,0.0,0.0,0.0,0.0,3885.0,3885.0,1.0,inverse_phase_volume,geometric_mean,3885.0,3885.0,3885.0,0.0,420.0,0.0,0.0,4.6879510338208165e+37,1.8353715290060322e+52,391508255048933.6,7.302906049124387e-11,28591.480040790102,3.4975454176326223e-05,13693179034.117512,391508255048936.3,0.0
5.232643792773659,1.744893769329854,0.0,4.799477531338363,73.02753801497184,-1000000.0,solver_failed_no_bh,207.0,73.02753801497184,0.4185954393107636,0.8385131470438141,1.6284070326468434,1.0,0.0,89.0,active_set_max_passes,2.0,14.446066292590954,58.581471722380904,32.0,32.0,2758.0,35.249260553224886,0.09221569235756925,nonsingular_isothermal,1.0,0.01,2.0,0.3,1.0,0.0,strict_pass,1.0,none,none,,,0.9994851994851995,1.0,0.9994851994851995,0.9961389961389961,0.9978835978835979,0.9976190476190476,0.0038610038610038533,0.002116402116402072,0.0023809523809523725,0.0,0.0,3883.0,3885.0,1.0,inverse_phase_volume,geometric_mean,3883.0,3883.0,3883.0,0.0,420.0,0.0,0.0,1.0624929827770346e+39,3.5864116936824564e+50,337546859303.3587,1.444410869972744e-09,487.5563527029348,0.0020510449601490355,692323784.5882938,337546859303.36084,0.0
0.0,1.744893769329854,1718.2613323771625,4.799477531338363,2565.6306098362816,-1000000.0,solver_failed_no_halo,207.0,2565.6306098362816,36.56647477843353,1.7364758705823609,8.327845719610876,0.0,0.0,4.0,reduced_spear_inconsistent,2.0,1895.7831386211694,669.8474712151109,32.0,32.0,3647.0,475.4466755596985,0.008730852541842126,none,1.0,0.01,2.0,0.3,1.0,0.0,severe_coverage_warn,0.0,multiple,multiple,1;2;3;4;5;6;7;8,total orbit coverage 0.5 is below 0.85 | shell_band minimum coverage 0.22 is below 0.8 | shell_band coverage gap 0.457 exceeds 0.1 | Lfrac minimum coverage 0.26 is below 0.8 | Lfrac coverage gap 0.74 exceeds 0.1 | third_integral minimum coverage 0.271 is below 0.8 | third_integral coverage gap 0.671 exceeds 0.1 | 118 planned shell-band/Lfrac/third-integral cells have no successful orbit,0.5001287001287001,1.0,0.5001287001287001,0.2203742203742204,0.26031746031746034,0.2714285714285714,0.4572319572319572,0.7396825396825397,0.6714285714285715,118.0,0.0,1943.0,3885.0,1.0,inverse_phase_volume,geometric_mean,1943.0,1943.0,1943.0,0.0,420.0,0.0,0.0,1.6068137016073158e+37,7.239866775179951e+45,450572880.2248713,6.163415112626694e-07,277.7067699317716,0.0036009204969892706,1622477.1197892346,450572880.2248724,0.0
4.129422219659035,277.2641548284688,266.75750545946653,4.461888901612336,140.50209024137968,-1000000.0,solver_failed_full,211.0,140.50209024137968,1.1420863305532407,0.789995837836581,1.8598974878625112,1.0,0.0,89.0,active_set_max_passes,2.0,52.036463628553385,88.46562661282627,32.0,32.0,2987.0,29.940754686568518,0.12112965072102243,nonsingular_isothermal,1.0,0.01,2.0,0.3,1.0,0.0,strict_pass,1.0,none,none,,,0.9997425997425997,1.0,0.9997425997425997,0.9980694980694981,0.9989417989417989,0.9976190476190476,0.0019305019305019266,0.0010582010582010914,0.0023809523809523725,0.0,0.0,3884.0,3885.0,1.0,inverse_phase_volume,geometric_mean,3884.0,3884.0,3884.0,0.0,420.0,0.0,0.0,1.6571955285925038e+37,5.310045582948882e+49,3204236006754.6357,2.6732576747753505e-08,85657.48496848311,1.1674403005971292e-05,37407542.46909759,3204236006754.6206,0.0
17.685918244893653,2.0214393141946214,9538.55734151144,1.152603059394693,17.54724904805488,-1000000.0,solver_failed_full,212.0,17.54724904805488,0.35484737047253034,0.8726633308578232,1.6888996074293594,1.0,0.0,85.0,active_set_max_passes,2.0,9.665529975536405,7.881719072518482,32.0,32.0,6248.0,55.18577115779919,0.07877177931806649,nonsingular_isothermal,1.0,0.01,2.0,0.3,1.0,0.0,strict_pass,1.0,none,none,,,1.0,1.0,1.0,1.0,1.0,1.0,0.0,0.0,0.0,0.0,0.0,3885.0,3885.0,1.0,inverse_phase_volume,geometric_mean,3885.0,3885.0,3885.0,0.0,420.0,0.0,0.0,4.097523387809565e+41,4.7645507547805164e+52,116278793403.72789,4.293993464847494e-09,499.3003789759581,0.0020028024053395546,232883447.1189667,116278793403.72757,0.0
16.839090996838877,139.34255103183483,1960.407791989082,3.7362195018470348,14.317652102915408,-1000000.0,solver_failed_full,213.0,14.317652102915408,0.021638584375624603,0.6167948740009309,1.5261068754687204,1.0,0.0,107.0,active_set_max_passes,2.0,7.928444080326611,6.389208022588798,32.0,32.0,1557.0,29.99020900028842,0.09671723313419614,nonsingular_isothermal,1.0,0.01,2.0,0.3,1.0,0.0,strict_pass,1.0,none,none,,,0.9984555984555985,1.0,0.9984555984555985,0.9884169884169884,0.9957671957671957,0.9952380952380953,0.01158301158301156,0.004232804232804255,0.004761904761904745,0.0,0.0,3879.0,3885.0,1.0,inverse_phase_volume,geometric_mean,3879.0,3879.0,3879.0,0.0,420.0,0.0,0.0,2.198779114440198e+37,3.034542339387091e+52,1380103312542003.8,3.963988865068758e-11,54707.14163561027,1.8279149122078688e-05,25227114253.830135,1380103312542008.0,0.0
14.391537645801765,17.03879008745406,1584.592404790778,2.9470185904515547,14.437908484568018,-1000000.0,solver_failed_full,214.0,14.437908484568018,0.031362944963456485,0.7667347145347861,1.6198053255505689,1.0,0.0,93.0,active_set_max_passes,2.0,8.32975042562244,6.108158058945577,32.0,32.0,5037.0,46.82299314148251,0.07209732833306184,nonsingular_isothermal,1.0,0.01,2.0,0.3,1.0,0.0,strict_pass,1.0,none,none,,,1.0,1.0,1.0,1.0,1.0,1.0,0.0,0.0,0.0,0.0,0.0,3885.0,3885.0,1.0,inverse_phase_volume,geometric_mean,3885.0,3885.0,3885.0,0.0,420.0,0.0,0.0,2.0730245724336762e+40,2.3803377860240424e+52,1148243883684.2095,1.287537518733759e-09,1478.4070808999863,0.0006764036867242586,776676396.1825824,1148243883684.213,0.0
8.025623958376329,50.145592292454594,4177.259353020721,3.25911538781128,40.29146784771369,-1000000.0,solver_failed_full,215.0,40.29146784771369,0.07673015003775419,0.9790654238560162,1.9477073673670684,1.0,0.0,80.0,active_set_max_passes,2.0,13.252559981965716,27.038907865747966,32.0,32.0,2706.0,38.41657403046186,0.07740119375151298,nonsingular_isothermal,1.0,0.01,2.0,0.3,1.0,0.0,strict_pass,1.0,none,none,,,0.9984555984555985,1.0,0.9984555984555985,0.9884169884169884,0.9968253968253968,0.9976190476190476,0.01158301158301156,0.0031746031746031633,0.0023809523809523725,0.0,0.0,3879.0,3885.0,1.0,inverse_phase_volume,geometric_mean,3879.0,3879.0,3879.0,0.0,420.0,0.0,0.0,3.3635049178098714e+40,1.3785532635532666e+51,40985617599.480255,7.791201181810963e-08,3193.271922783199,0.00031315842314124563,12834991.378923206,40985617599.47988,0.0
22.532078170140114,6.823604556590788,99730.19996906283,3.264482653616693,24.633753000731986,-1000000.0,solver_failed_full,216.0,24.633753000731986,0.006844020470797574,0.9658009665018557,1.779000350698863,1.0,0.0,79.0,active_set_max_passes,2.0,13.346557315019346,11.287195685712641,32.0,32.0,6338.0,60.101324368183846,0.07036125277195326,nonsingular_isothermal,1.0,0.01,2.0,0.3,1.0,0.0,strict_pass,1.0,none,none,,,1.0,1.0,1.0,1.0,1.0,1.0,0.0,0.0,0.0,0.0,0.0,3885.0,3885.0,1.0,inverse_phase_volume,geometric_mean,3885.0,3885.0,3885.0,0.0,420.0,0.0,0.0,4.791502926955411e+44,1.1042031168640805e+53,230450264.49889007,2.2790700899349085e-06,525.2123050370118,0.0019039919484169928,438775.44811645546,230450264.49889132,0.0
18.17817354983743,2.5648837717700803,11567.59338752921,4.957698562548896,17.660574944651835,-1000000.0,solver_failed_full,217.0,17.660574944651835,0.3583886369503304,0.8581630615169369,1.7027146175707977,1.0,0.0,85.0,active_set_max_passes,2.0,10.138615369723642,7.5219595749282,32.0,32.0,6194.0,62.84604272696046,0.07434336805147243,nonsingular_isothermal,1.0,0.01,2.0,0.3,1.0,0.0,strict_pass,1.0,none,none,,,0.9987129987129987,1.0,0.9987129987129987,0.9903474903474904,0.9947089947089947,0.9976190476190476,0.009652509652509633,0.005291005291005346,0.0023809523809523725,0.0,0.0,3880.0,3885.0,1.0,inverse_phase_volume,geometric_mean,3880.0,3880.0,3880.0,0.0,420.0,0.0,0.0,4.759179064706464e+44,5.249605651173465e+52,110304856.77884972,4.49273255509621e-06,495.5702210355632,0.002017877502627903,222581.68892463384,110304856.77884975,0.0
7.345951451466084,1.9559571286910755,0.0,3.01816770096725,35.476634257323255,-1000000.0,solver_failed_full,218.0,35.476634257323255,0.06235460140459281,0.8216683413997687,1.615597188212921,1.0,0.0,90.0,reduced_spear_inconsistent,2.0,8.012362616463735,27.46427164085952,32.0,32.0,5295.0,52.13095333245736,0.062416291332885246,nonsingular_isothermal,1.0,0.01,2.0,0.3,1.0,0.0,strict_pass,1.0,none,none,,,1.0,1.0,1.0,1.0,1.0,1.0,0.0,0.0,0.0,0.0,0.0,3885.0,3885.0,1.0,inverse_phase_volume,geometric_mean,3885.0,3885.0,3885.0,0.0,420.0,0.0,0.0,5.900017687168682e+41,1.4724302059018884e+51,2495636935.2995663,2.091747220317497e-07,522.0241622334502,0.0019156201424117187,4780692.381406461,2495636935.299546,0.0
17.948289785627004,3.45700111831542,61871.39670080935,4.705165314748148,18.959141012664606,-1000000.0,solver_failed_full,219.0,18.959141012664606,0.32819988545229606,0.9144815861728706,1.765091071039059,1.0,0.0,81.0,reduced_spear_inconsistent,2.0,10.716116552776514,8.243024459888085,32.0,32.0,6691.0,73.16665850811263,0.07569586831586178,nonsingular_isothermal,1.0,0.01,2.0,0.3,1.0,0.0,strict_pass,1.0,none,none,,,1.0,1.0,1.0,1.0,1.0,1.0,0.0,0.0,0.0,0.0,0.0,3885.0,3885.0,1.0,inverse_phase_volume,geometric_mean,3885.0,3885.0,3885.0,0.0,420.0,0.0,0.0,1.555696284045121e+44,5.871623086502022e+52,377427338.91699153,1.46342079343129e-06,552.3350157805576,0.001810495390350735,683330.4573015496,377427338.916987,0.0
22.509318910977047,4.282787919778992,88515.18886004738,2.706207369271889,19.83198529801496,-1000000.0,solver_failed_full,220.0,19.83198529801496,0.37576514045379383,0.8638600860824592,1.6834827600729907,1.0,0.0,85.0,reduced_spear_inconsistent,2.0,11.254092251684753,8.577893046330205,32.0,32.0,6390.0,56.1366547191618,0.06771835871909537,nonsingular_isothermal,1.0,0.01,2.0,0.3,1.0,0.0,strict_pass,1.0,none,none,,,1.0,1.0,1.0,1.0,1.0,1.0,0.0,0.0,0.0,0.0,0.0,3885.0,3885.0,1.0,inverse_phase_volume,geometric_mean,3885.0,3885.0,3885.0,0.0,420.0,0.0,0.0,5.560184462778193e+43,1.146046590132742e+53,2061166491.5162005,2.2922440827410398e-07,472.4696693722117,0.0021165379807951226,4362537.164036263,2061166491.5161989,0.0
6.892993195029404,42.481952830124754,84710.86430961518,2.4376042063405468,42.38993680111519,-1000000.0,solver_failed_full,221.0,42.38993680111519,0.22891896261928935,0.9079212174543035,1.78932354642532,1.0,0.0,82.0,active_set_max_passes,2.0,9.363738236195857,33.02619856491934,32.0,32.0,3435.0,51.103712085868594,0.062486851552215325,nonsingular_isothermal,1.0,0.01,2.0,0.3,1.0,0.0,strict_pass,1.0,none,none,,,0.9971685971685972,1.0,0.9971685971685972,0.9787644787644788,0.9883597883597883,0.9904761904761905,0.021235521235521193,0.011640211640211673,0.00952380952380949,0.0,0.0,3874.0,3885.0,1.0,inverse_phase_volume,geometric_mean,3874.0,3874.0,3874.0,0.0,420.0,0.0,0.0,5.795012417917836e+40,1.078540906773549e+51,18611537456.56807,4.8853332315642825e-08,909.2356242707573,0.0010998249225023923,20469432.74082043,18611537456.568142,0.0
5.821139791912033,1.9124525589543704,175710.7548599666,2.2219901311848664,51.16078627986898,-1000000.0,solver_failed_full,222.0,51.16078627986898,0.015439429198345067,0.9270761294105778,1.3739568165375111,1.0,0.0,78.0,reduced_spear_inconsistent,2.0,6.240379237440465,44.92040704242851,32.0,32.0,5938.0,57.643529595403656,0.06773035044283242,nonsingular_isothermal,1.0,0.01,2.0,0.3,1.0,0.0,strict_pass,1.0,none,none,,,0.9994851994851995,1.0,0.9994851994851995,0.9961389961389961,0.9978835978835979,0.9976190476190476,0.0038610038610038533,0.002116402116402072,0.0023809523809523725,0.0,0.0,3883.0,3885.0,1.0,inverse_phase_volume,geometric_mean,3883.0,3883.0,3883.0,0.0,420.0,0.0,0.0,1.7410882927909002e+40,6.683018178672766e+50,38384142873.99598,5.098415727815518e-09,195.69831772750115,0.0051099059593984015,196139360.41823387,38384142873.9964,0.0
1.994775535601037,37.287250439687696,975260.8636668377,4.697395816148875,168.1262619999829,-1000000.0,solver_failed_full,223.0,168.1262619999829,3.0597092873785243,2.146404180331924,10.293792829806154,0.0,0.0,9.0,reduced_spear_inconsistent,2.0,120.45530812631348,47.67095387366946,32.0,32.0,6871.0,340.95372185029714,0.024486676142041083,nonsingular_isothermal,1.0,0.01,2.0,0.3,1.0,0.0,severe_coverage_warn,0.0,multiple,multiple,1;2;3;4;5;6,Lfrac minimum coverage 0.759 is below 0.8 | Lfrac coverage gap 0.241 exceeds 0.1 | third_integral coverage gap 0.195 exceeds 0.1 | 13 planned shell-band/Lfrac/third-integral cells have no successful orbit,0.9413127413127413,1.0,0.9413127413127413,0.9147609147609148,0.7587301587301587,0.8047619047619048,0.08523908523908519,0.2412698412698413,0.1952380952380952,13.0,0.0,3657.0,3885.0,1.0,inverse_phase_volume,geometric_mean,3657.0,3657.0,3657.0,0.0,420.0,0.0,0.0,5.845145772918893e+42,2.6370902689291056e+51,451159025.1772662,2.31660544117945e-06,1045.1574525628641,0.000956793636736616,431666.08444590005,451159025.1772631,0.0
11.074967860249188,3.135646192408618,972830.4366129984,4.715213235420009,18.140235733537356,-1000000.0,solver_failed_full,224.0,18.140235733537356,0.23147677019500534,0.9305067832146718,1.3159353127022222,1.0,0.0,77.0,reduced_spear_inconsistent,2.0,6.91421226440202,11.226023469135335,32.0,32.0,6317.0,68.11245624767658,0.05952365824728515,nonsingular_isothermal,1.0,0.01,2.0,0.3,1.0,0.0,strict_pass,1.0,none,none,,,0.9987129987129987,1.0,0.9987129987129987,0.9903474903474904,0.9947089947089947,0.9904761904761905,0.009652509652509633,0.005291005291005346,0.00952380952380949,0.0,0.0,3880.0,3885.0,1.0,inverse_phase_volume,geometric_mean,3880.0,3880.0,3880.0,0.0,420.0,0.0,0.0,1.5450789829641422e+42,8.831221070341991e+51,5715708496.273645,2.665081917354703e-08,152.32831358289553,0.006564767747237023,37522298.788945906,5715708496.273654,0.0
13.503152535798893,97.47555317371348,58867.33285551184,4.966823200230107,17.032484428863718,-1000000.0,solver_failed_full,225.0,17.032484428863718,0.06303047083916624,0.7050568298085564,1.696357663163694,1.0,0.0,95.0,active_set_max_passes,2.0,10.502028158720245,6.530456270143472,32.0,32.0,2402.0,43.485323023457674,0.07032466765287518,nonsingular_isothermal,1.0,0.01,2.0,0.3,1.0,0.0,strict_pass,1.0,none,none,,,0.9981981981981982,1.0,0.9981981981981982,0.9864864864864865,0.9925925925925926,0.9928571428571429,0.013513513513513487,0.007407407407407418,0.0071428571428571175,0.0,0.0,3878.0,3885.0,1.0,inverse_phase_volume,geometric_mean,3878.0,3878.0,3878.0,0.0,420.0,0.0,0.0,3.6179150029342375e+41,1.558264688780112e+52,43070793192.10961,1.7080506312533945e-07,7356.709550036647,0.00013593033586530796,5854627.384588619,43070793192.10917,0.0
12.161953849640852,17.838643025681446,3751.7891693291103,1.930327670289334,19.30734122687556,-1000000.0,solver_failed_full,226.0,19.30734122687556,0.3331818758175018,0.8819916707211213,1.8480098823044104,1.0,0.0,80.0,active_set_max_passes,2.0,10.099204646772131,9.208136580103426,32.0,32.0,6552.0,76.99597574684876,0.05806452036777475,nonsingular_isothermal,1.0,0.01,2.0,0.3,1.0,0.0,strict_pass,1.0,none,none,,,1.0,1.0,1.0,1.0,1.0,1.0,0.0,0.0,0.0,0.0,0.0,3885.0,3885.0,1.0,inverse_phase_volume,geometric_mean,3885.0,3885.0,3885.0,0.0,420.0,0.0,0.0,2.246898032028001e+37,1.2521212601180676e+52,557266614804023.94,2.763515524703716e-12,1540.0149414100151,0.0006493443492726211,361857927361.2775,557266614804027.4,0.0
8.806606128553717,4.734376417861868,7117.65868004349,0.7375883532054375,28.40200617864087,-1000000.0,solver_failed_full,227.0,28.40200617864087,0.30317312898084126,0.9250760913927458,1.7305909233833505,1.0,0.0,82.0,active_set_max_passes,2.0,8.192212720346356,20.209793458294513,32.0,32.0,6279.0,53.25749266998027,0.06902409836887426,nonsingular_isothermal,1.0,0.01,2.0,0.3,1.0,0.0,strict_pass,1.0,none,none,,,1.0,1.0,1.0,1.0,1.0,1.0,0.0,0.0,0.0,0.0,0.0,3885.0,3885.0,1.0,inverse_phase_volume,geometric_mean,3885.0,3885.0,3885.0,0.0,420.0,0.0,0.0,1.2614621545878459e+43,2.5470001242733925e+51,201908564.2014815,2.3571311459924952e-06,475.9249653219375,0.002101171556158131,424244.5320448809,201908564.20148155,0.0
12.774374314635292,92.17297957529996,8406.751235234817,2.3082773653699817,19.72463106458076,-1000000.0,solver_failed_full,228.0,19.72463106458076,0.06048551924438783,0.7406450549638774,1.7196598726563064,1.0,0.0,94.0,active_set_max_passes,2.0,11.936644227105251,7.787986837475506,32.0,32.0,1580.0,27.551476851673936,0.10750923488249561,nonsingular_isothermal,1.0,0.01,2.0,0.3,1.0,0.0,strict_pass,1.0,none,none,,,0.9992277992277993,1.0,0.9992277992277993,0.9942084942084942,0.9968253968253968,0.9976190476190476,0.00579150579150578,0.0031746031746031633,0.0023809523809523725,0.0,0.0,3882.0,3885.0,1.0,inverse_phase_volume,geometric_mean,3882.0,3882.0,3882.0,0.0,420.0,0.0,0.0,1.9538912964727087e+37,1.1088961741743553e+52,567532173451105.8,2.399972022197132e-11,13620.613379793807,7.341813265792427e-05,41667152398.07327,567532173451104.4,0.0
14.81817909643586,448.7978665164582,716927.5909991688,0.7049588571903578,20.785280703937037,-1000000.0,solver_failed_full,229.0,20.785280703937037,0.6468139462966853,0.5518353291787204,1.0457042801673757,1.0,0.0,88.0,active_set_max_passes,2.0,4.930744082214579,15.854536621722447,32.0,32.0,6086.0,58.97202728104761,0.06207979321490663,nonsingular_isothermal,1.0,0.01,2.0,0.3,1.0,0.0,strict_pass,1.0,none,none,,,0.9873873873873874,1.0,0.9873873873873874,0.9625779625779626,0.9481481481481482,0.9333333333333333,0.037422037422037424,0.051851851851851816,0.06666666666666665,0.0,0.0,3836.0,3885.0,1.0,inverse_phase_volume,geometric_mean,3836.0,3836.0,3836.0,0.0,420.0,0.0,0.0,1.3506412574782674e+44,4.366585676229542e+51,32329722.28600682,4.23760408530465e-05,1370.0056323594613,0.0007299240064274572,23598.24041768895,32329722.28600655,0.0
11.104637304401214,24.596885029221937,1110075.803235445,1.7275142610971117,16.509749802788008,-1000000.0,solver_failed_full,230.0,16.509749802788008,0.24405907701000018,0.8612208789167218,1.2179502471627865,1.0,0.0,83.0,reduced_spear_inconsistent,2.0,6.468151812212368,10.041597990575637,32.0,32.0,6764.0,74.87458245332911,0.07038176688825834,nonsingular_isothermal,1.0,0.01,2.0,0.3,1.0,0.0,strict_pass,1.0,none,none,,,0.9943371943371944,1.0,0.9943371943371944,0.9594594594594594,0.9767195767195768,0.9809523809523809,0.04054054054054057,0.023280423280423235,0.01904761904761909,0.0,0.0,3863.0,3885.0,1.0,inverse_phase_volume,geometric_mean,3863.0,3863.0,3863.0,0.0,420.0,0.0,0.0,6.502315820150359e+41,9.89770475583407e+51,15221814857.34908,1.7925142216456883e-08,272.8531961105589,0.0036649744780515767,55787562.96181074,15221814857.349096,0.0
10.046524945288116,2.0311159894402153,1085578.4677500608,1.0716732098481383,23.28892336337296,-1000000.0,solver_failed_full,231.0,23.28892336337296,0.27484188282099353,0.9934930428238946,1.4050113352847289,1.0,0.0,67.0,active_set_max_passes,2.0,6.381317036849077,16.90760632652388,32.0,32.0,6424.0,84.75814156354465,0.0576104085324189,nonsingular_isothermal,1.0,0.01,2.0,0.3,1.0,0.0,strict_pass,1.0,none,none,,,0.9984555984555985,1.0,0.9984555984555985,0.9884169884169884,0.9936507936507937,0.9880952380952381,0.01158301158301156,0.006349206349206327,0.011904761904761862,0.0,0.0,3879.0,3885.0,1.0,inverse_phase_volume,geometric_mean,3879.0,3879.0,3879.0,0.0,420.0,0.0,0.0,3.256884832789467e+42,8.434015483585348e+51,2589595861.2579355,6.488139768362152e-08,168.0165989141362,0.005951792897028249,15412738.253208704,2589595861.257931,0.0
8.362141686428332,276.29283913812037,18060.129636258083,0.6535589310445749,49.574406549349206,-1000000.0,solver_failed_full,232.0,49.574406549349206,0.03382371072646606,1.0194020650709594,2.2748365642820247,0.0,0.0,68.0,active_set_max_passes,2.0,20.800506918913264,28.77389963043594,32.0,32.0,844.0,35.48022403852382,0.09506404708903339,nonsingular_isothermal,1.0,0.01,2.0,0.3,1.0,0.0,strict_pass,1.0,none,none,,,0.9971685971685972,1.0,0.9971685971685972,0.9787644787644788,0.9904761904761905,0.9928571428571429,0.021235521235521193,0.00952380952380949,0.0071428571428571175,0.0,0.0,3874.0,3885.0,1.0,inverse_phase_volume,geometric_mean,3874.0,3874.0,3874.0,0.0,420.0,0.0,0.0,4.07131867696358e+39,6.850850610923985e+50,168271048141.91064,9.889966217139077e-08,16641.949814460935,6.008911282324955e-05,10111257.996685809,168271048141.91202,0.0
12.16713552160797,154.80036835934507,17094.06760361269,2.4141837371362587,25.183459102103814,-1000000.0,solver_failed_full,233.0,25.183459102103814,0.15629865997485481,0.6581411070774988,1.7165443567044256,1.0,0.0,96.0,active_set_max_passes,2.0,14.519286533012794,10.664172569091017,32.0,32.0,557.0,39.284024451181615,0.07150624911934235,nonsingular_isothermal,1.0,0.01,2.0,0.3,1.0,0.0,strict_pass,1.0,none,none,,,0.998970398970399,1.0,0.998970398970399,0.9922779922779923,0.9957671957671957,0.9976190476190476,0.007722007722007707,0.004232804232804255,0.0023809523809523725,0.0,0.0,3881.0,3885.0,1.0,inverse_phase_volume,geometric_mean,3881.0,3881.0,3881.0,0.0,420.0,0.0,0.0,1.921130628121222e+37,7.388448780629732e+51,384588568443953.06,5.7260091705738025e-11,22021.576698079116,4.541000917918958e-05,17464170423.251175,384588568443950.56,0.0
4.681010661226156,267.4979719366409,1129144.2722453661,3.184932731628574,68.10599796661869,-1000000.0,solver_failed_full,234.0,68.10599796661869,1.0603575918885326,1.348321854446617,6.466324453126621,0.0,0.0,39.0,reduced_spear_inconsistent,2.0,45.425110994551645,22.680886972067054,32.0,32.0,6208.0,190.44415598523733,0.0347841981560976,nonsingular_isothermal,1.0,0.01,2.0,0.3,1.0,0.0,severe_coverage_warn,0.0,multiple,multiple,1;2;3;4;5,Lfrac minimum coverage 0.788 is below 0.8 | Lfrac coverage gap 0.212 exceeds 0.1 | third_integral coverage gap 0.14 exceeds 0.1 | 7 planned shell-band/Lfrac/third-integral cells have no successful orbit,0.9485199485199485,1.0,0.9485199485199485,0.9147609147609148,0.7883597883597884,0.8595238095238096,0.08523908523908519,0.21164021164021163,0.14047619047619042,7.0,0.0,3685.0,3885.0,1.0,inverse_phase_volume,geometric_mean,3685.0,3685.0,3685.0,0.0,420.0,0.0,0.0,1.3893236371852258e+44,3.459835118899426e+51,24903017.744008612,4.755229635279572e-05,1184.1956798420183,0.0008444550313960007,21029.47863087179,24903017.744008414,0.0
7.026688391842248,87.37143575410653,1701.972246545643,4.312365645169606,55.661886756875845,-1000000.0,solver_failed_full,235.0,55.661886756875845,0.3423403499809865,0.7805408004938488,1.7693733091139403,1.0,0.0,91.0,active_set_max_passes,2.0,22.709878786152867,32.952007970722995,32.0,32.0,296.0,31.0785067803451,0.0713603292637012,nonsingular_isothermal,1.0,0.01,2.0,0.3,1.0,0.0,strict_pass,1.0,none,none,,,1.0,1.0,1.0,1.0,1.0,1.0,0.0,0.0,0.0,0.0,0.0,3885.0,3885.0,1.0,inverse_phase_volume,geometric_mean,3885.0,3885.0,3885.0,0.0,420.0,0.0,0.0,3.7430606370596744e+38,1.1087780720989432e+51,2962223109935.8657,5.1113690086363955e-09,15141.01540079265,6.604576863105554e-05,195642302.15238926,2962223109935.8545,0.0
15.79312795489766,6.6756366091892225,96525.35964764477,2.001043429260563,19.042400282757352,-1000000.0,solver_failed_full,236.0,19.042400282757352,0.21069948779987868,0.9066731976560954,1.7409340003338392,1.0,0.0,82.0,reduced_spear_inconsistent,2.0,10.581606503314934,8.46079377944241,32.0,32.0,6607.0,59.085935537958214,0.06900911957571691,nonsingular_isothermal,1.0,0.01,2.0,0.3,1.0,0.0,strict_pass,1.0,none,none,,,0.9971685971685972,1.0,0.9971685971685972,0.9787644787644788,0.9915343915343915,0.9952380952380953,0.021235521235521193,0.00846560846560851,0.004761904761904745,0.0,0.0,3874.0,3885.0,1.0,inverse_phase_volume,geometric_mean,3874.0,3874.0,3874.0,0.0,420.0,0.0,0.0,5.6197533740429614e+35,2.6625836200645813e+52,4.7379011904023576e+16,9.524382916317083e-15,451.25585157066746,0.0022160377455923102,104993678728184.0,4.737901190402374e+16,0.0
18.489183202392315,7.961818480118817,267421.335752386,1.2263252541205087,19.52114441624427,-1000000.0,solver_failed_full,237.0,19.52114441624427,0.40574916022680085,0.9320083126339851,1.7245841472432992,1.0,0.0,83.0,reduced_spear_inconsistent,2.0,10.672977520131008,8.848166896113264,32.0,32.0,6655.0,68.54178449794573,0.075247185777808,nonsingular_isothermal,1.0,0.01,2.0,0.3,1.0,0.0,strict_pass,1.0,none,none,,,1.0,1.0,1.0,1.0,1.0,1.0,0.0,0.0,0.0,0.0,0.0,3885.0,3885.0,1.0,inverse_phase_volume,geometric_mean,3885.0,3885.0,3885.0,0.0,420.0,0.0,0.0,1.7304447631387935e+45,4.2546540447910914e+52,24587054.931899257,1.373145170460777e-05,337.6159573559148,0.0029619453056414623,72825.51193508817,24587054.931899395,0.0
16.792032944708627,6.358014370308204,4093.667976136596,2.4932290732809546,17.215831922089173,-1000000.0,solver_failed_full,238.0,17.215831922089173,0.31316870227756866,0.8670256130173962,1.678657265295617,1.0,0.0,86.0,active_set_max_passes,2.0,9.69103900374465,7.524792918344523,32.0,32.0,6514.0,54.30024600259329,0.07556890843491423,nonsingular_isothermal,1.0,0.01,2.0,0.3,1.0,0.0,strict_pass,1.0,none,none,,,0.9992277992277993,1.0,0.9992277992277993,0.9942084942084942,0.9968253968253968,0.9976190476190476,0.00579150579150578,0.0031746031746031633,0.0023809523809523725,0.0,0.0,3882.0,3885.0,1.0,inverse_phase_volume,geometric_mean,3882.0,3882.0,3882.0,0.0,420.0,0.0,0.0,1.4907940591478875e+43,3.494975182732781e+52,2344371552.386283,2.4198237864342274e-07,567.2966046704094,0.0017627463160668566,4132532.31746088,2344371552.3862953,0.0
22.65076987574777,15.155918325202437,789.5419360371986,0.5406490809142006,18.29015918386587,-1000000.0,solver_failed_full,239.0,18.29015918386587,0.3196556324359605,0.8207709881611862,1.6844810678657756,1.0,0.0,89.0,reduced_spear_inconsistent,2.0,10.526806909679403,7.763352274186465,32.0,32.0,7016.0,61.478726803052325,0.07598170895113138,nonsingular_isothermal,1.0,0.01,2.0,0.3,1.0,0.0,strict_pass,1.0,none,none,,,1.0,1.0,1.0,1.0,1.0,1.0,0.0,0.0,0.0,0.0,0.0,3885.0,3885.0,1.0,inverse_phase_volume,geometric_mean,3885.0,3885.0,3885.0,0.0,420.0,0.0,0.0,9.409623957501722e+42,1.2495472739217412e+53,13279460258.616957,8.694583224664596e-08,1154.5937239717164,0.0008661055220013448,11501413.859185599,13279460258.61701,0.0
11.309320771514168,1.4297340831449104,1351660.7821191673,2.2672772482032877,18.56264175957282,-1000000.0,solver_failed_full,240.0,18.56264175957282,0.019161168026347042,0.8854093739543462,1.2521579448983857,1.0,0.0,78.0,active_set_max_passes,2.0,6.458982573574541,12.10365918599827,32.0,32.0,5794.0,62.84629693461013,0.06589262213228536,nonsingular_isothermal,1.0,0.01,2.0,0.3,1.0,0.0,strict_pass,1.0,none,none,,,0.9979407979407979,1.0,0.9979407979407979,0.9845559845559846,0.9915343915343915,0.9880952380952381,0.015444015444015413,0.00846560846560851,0.011904761904761862,0.0,0.0,3877.0,3885.0,1.0,inverse_phase_volume,geometric_mean,3877.0,3877.0,3877.0,0.0,420.0,0.0,0.0,9.53718503154155e+41,1.291487799246161e+52,13541603680.487791,1.1814541826828013e-08,159.98784308545046,0.0062504749155590155,84641454.1213302,13541603680.48773,0.0
1.5093539564873608,90.32718955096665,100347.10428509787,4.019638308657657,298.52297732260905,-1000000.0,solver_failed_full,241.0,298.52297732260905,4.035059931468027,0.8568426169902376,3.8837154125440287,0.0,0.0,35.0,reduced_spear_inconsistent,2.0,94.05247847451521,204.4704988480939,32.0,32.0,6318.0,134.9018656304446,0.04117100681783126,nonsingular_isothermal,1.0,0.01,2.0,0.3,1.0,0.0,severe_coverage_warn,0.0,multiple,multiple,1;2;3;4;5,shell_band coverage gap 0.133 exceeds 0.1 | Lfrac minimum coverage 0.741 is below 0.8 | Lfrac coverage gap 0.259 exceeds 0.1 | third_integral coverage gap 0.164 exceeds 0.1 | 10 planned shell-band/Lfrac/third-integral cells have no successful orbit,0.9356499356499357,1.0,0.9356499356499357,0.8669438669438669,0.7407407407407407,0.8357142857142857,0.13305613305613306,0.2592592592592593,0.16428571428571426,10.0,0.0,3635.0,3885.0,1.0,inverse_phase_volume,geometric_mean,3635.0,3635.0,3635.0,0.0,420.0,0.0,0.0,2.925921753076025e+42,2.7708502874752605e+49,9470008.159180136,5.757682450551131e-05,545.2529978468804,0.0018340110076402057,17368.099206379105,9470008.159180231,0.0
11.600267026138447,6.6061455621173835,638178.0515884887,2.2533636025361052,15.892003088344323,-1000000.0,solver_failed_full,242.0,15.892003088344323,0.22929883325543265,0.8315674759291872,1.2398849462253425,1.0,0.0,93.0,reduced_spear_inconsistent,2.0,6.144684117556472,9.74731897078785,32.0,32.0,6485.0,64.81145151137795,0.0760301283580102,nonsingular_isothermal,1.0,0.01,2.0,0.3,1.0,0.0,strict_pass,1.0,none,none,,,0.9997425997425997,1.0,0.9997425997425997,0.9980694980694981,0.9989417989417989,0.9976190476190476,0.0019305019305019266,0.0010582010582010914,0.0023809523809523725,0.0,0.0,3884.0,3885.0,1.0,inverse_phase_volume,geometric_mean,3884.0,3884.0,3884.0,0.0,420.0,0.0,0.0,2.0270210065530917e+44,2.0078179585555676e+52,99052646.81838802,4.6316156362164375e-06,458.7737878126675,0.0021797234858769504,215907.38060831383,99052646.81838742,0.0
11.542411777908146,51.24905827521085,382492.32410389255,3.5650902677976144,17.214537769519552,-1000000.0,solver_failed_full,243.0,17.214537769519552,0.2061316580569823,0.8129247305439337,1.588985383019656,1.0,0.0,91.0,reduced_spear_inconsistent,2.0,7.950184837124387,9.264352932395163,32.0,32.0,6016.0,61.45329188406035,0.05550987743162887,nonsingular_isothermal,1.0,0.01,2.0,0.3,1.0,0.0,strict_pass,1.0,none,none,,,0.9963963963963964,1.0,0.9963963963963964,0.972972972972973,0.9851851851851852,0.9833333333333333,0.027027027027026973,0.014814814814814836,0.01666666666666672,0.0,0.0,3871.0,3885.0,1.0,inverse_phase_volume,geometric_mean,3871.0,3871.0,3871.0,0.0,420.0,0.0,0.0,2.4027905136813078e+42,1.0506242818596827e+52,4372517187.318275,2.1965573237357342e-07,960.4484650964273,0.001041180278110603,4552578.661135406,4372517187.31825,0.0
19.11243221618365,1.2406617137002578,1877.826636696896,3.301141971345907,17.933782615005214,-1000000.0,solver_failed_full,244.0,17.933782615005214,0.3976694809249963,0.8793091262828,1.6893926906965895,1.0,0.0,85.0,reduced_spear_inconsistent,2.0,10.039050370471287,7.894732244533921,32.0,32.0,6445.0,56.55855075448732,0.07824991889830314,nonsingular_isothermal,1.0,0.01,2.0,0.3,1.0,0.0,strict_pass,1.0,none,none,,,1.0,1.0,1.0,1.0,1.0,1.0,0.0,0.0,0.0,0.0,0.0,3885.0,3885.0,1.0,inverse_phase_volume,geometric_mean,3885.0,3885.0,3885.0,0.0,420.0,0.0,0.0,6.803316016198773e+43,6.463132432712826e+52,949997386.1752172,5.009396291136303e-07,475.8913382895365,0.002101320027370599,1996248.533519726,949997386.1752272,0.0
24.99722965026927,145.11212783713523,0.0,1.8287335301398162,13.287956193049677,-1000000.0,solver_failed_full,245.0,13.287956193049677,0.06831479705128629,0.5710157091762177,1.4235662200145582,1.0,0.0,113.0,active_set_max_passes,2.0,8.43351180140466,4.8544443916450195,32.0,32.0,4314.0,48.73025602555374,0.07500342911274642,nonsingular_isothermal,1.0,0.01,2.0,0.3,1.0,0.0,strict_pass,1.0,none,none,,,1.0,1.0,1.0,1.0,1.0,1.0,0.0,0.0,0.0,0.0,0.0,3885.0,3885.0,1.0,inverse_phase_volume,geometric_mean,3885.0,3885.0,3885.0,0.0,420.0,0.0,0.0,4.177320151259151e+35,1.4440298587822551e+53,3.45683310470467e+17,3.1685314438074348e-12,1095308.4388251153,9.129848402087104e-07,315603621972.69525,3.456833104704647e+17,0.0
13.37957328215474,13.751419964054914,2085.03294440265,2.689135327105794,15.28820572387447,-1000000.0,solver_failed_full,246.0,15.28820572387447,0.21482766446605694,0.8172521046393783,1.6400018007681845,1.0,0.0,91.0,active_set_max_passes,2.0,8.33603393949015,6.952171784384321,32.0,32.0,6263.0,51.39269368214637,0.07340721173120113,nonsingular_isothermal,1.0,0.01,2.0,0.3,1.0,0.0,strict_pass,1.0,none,none,,,1.0,1.0,1.0,1.0,1.0,1.0,0.0,0.0,0.0,0.0,0.0,3885.0,3885.0,1.0,inverse_phase_volume,geometric_mean,3885.0,3885.0,3885.0,0.0,420.0,0.0,0.0,1.4166730463929e+40,1.8509370646356593e+52,1306537926551.5583,9.53676900885048e-10,1246.0150406824682,0.0008025585304751051,1048573158.3432109,1306537926551.56,0.0
0.40997848203468135,3.1269548745810516,3059.7494801431403,2.9965238035991177,1043.3235772164237,-1000000.0,solver_failed_full,247.0,1043.3235772164237,9.616569002052529,1.4532290774922831,2.055176270624328,0.0,0.0,25.0,active_set_max_passes,2.0,228.93892329934832,814.3846539170758,32.0,32.0,5295.0,72.11186818734849,0.06293837106683757,nonsingular_isothermal,1.0,0.01,2.0,0.3,1.0,0.0,severe_coverage_warn,0.0,multiple,multiple,1;2;3;4;5;6;7;8,total orbit coverage 0.84 is below 0.85 | shell_band minimum coverage 0.736 is below 0.8 | shell_band coverage gap 0.189 exceeds 0.1 | Lfrac minimum coverage 0.574 is below 0.8 | Lfrac coverage gap 0.426 exceeds 0.1 | third_integral minimum coverage 0.59 is below 0.8 | third_integral coverage gap 0.41 exceeds 0.1 | 30 planned shell-band/Lfrac/third-integral cells have no successful orbit,0.8396396396396396,1.0,0.8396396396396396,0.735966735966736,0.5735449735449736,0.5904761904761905,0.18918918918918914,0.4264550264550264,0.4095238095238095,30.0,0.0,3262.0,3885.0,1.0,inverse_phase_volume,geometric_mean,3262.0,3262.0,3262.0,0.0,420.0,0.0,0.0,6.299258633865656e+36,3.9588206430675e+46,6284581842.352609,2.3633900019799577e-08,148.5291789284085,0.006732683821554033,42312102.49523939,6284581842.352571,0.0
4.700034348435097,4.726101781459877,13.937622757695522,0.5782991261743895,96.21049137122262,-1000000.0,solver_failed_full,248.0,96.21049137122262,0.11656146622145513,1.0258137889785284,1.929320439917918,1.0,0.0,71.0,active_set_max_passes,2.0,16.003178895845462,80.20731247537715,32.0,32.0,2700.0,49.04329519150991,0.05742228710808617,nonsingular_isothermal,1.0,0.01,2.0,0.3,1.0,0.0,strict_pass,1.0,none,none,,,1.0,1.0,1.0,1.0,1.0,1.0,0.0,0.0,0.0,0.0,0.0,3885.0,3885.0,1.0,inverse_phase_volume,geometric_mean,3885.0,3885.0,3885.0,0.0,420.0,0.0,0.0,5.66506133803885e+40,2.0300124184101205e+50,3583390006.3523,1.3871788697689095e-07,497.08028989529583,0.002011747438649475,7208875.666961322,3583390006.3522778,0.0
15.868855385181318,155.8329519523621,420217.00239868194,0.27596247696669723,12.57577111097666,-1000000.0,solver_failed_full,249.0,12.57577111097666,0.1598792522077268,0.65102228972474,1.5125453486377,1.0,0.0,100.0,active_set_max_passes,2.0,7.885817125619863,4.689953985356798,32.0,32.0,6493.0,44.85435999559768,0.07471162315587088,nonsingular_isothermal,1.0,0.01,2.0,0.3,1.0,0.0,strict_pass,1.0,none,none,,,0.9958815958815959,1.0,0.9958815958815959,0.9691119691119691,0.9851851851851852,0.9833333333333333,0.030888030888030937,0.014814814814814836,0.01666666666666672,0.0,0.0,3869.0,3885.0,1.0,inverse_phase_volume,geometric_mean,3869.0,3869.0,3869.0,0.0,420.0,0.0,0.0,2.93729645235736e+40,2.2479078656120707e+52,765298260517.0776,4.1692157333176126e-09,3190.6935484283817,0.00031341148399932145,239853263.53075516,765298260517.073,0.0
13.302648231922026,167.37146845068418,0.0,3.069761023930352,17.75674775818798,-1000000.0,solver_failed_full,250.0,17.75674775818798,0.17680174739970056,0.7034597688180807,1.6997866218915063,1.0,0.0,95.0,active_set_max_passes,2.0,10.231517404343007,7.525230353844969,32.0,32.0,4828.0,61.167387606869745,0.055144154698940406,nonsingular_isothermal,1.0,0.01,2.0,0.3,1.0,0.0,strict_pass,1.0,none,none,,,0.9971685971685972,1.0,0.9971685971685972,0.9787644787644788,0.9915343915343915,0.9952380952380953,0.021235521235521193,0.00846560846560851,0.004761904761904745,0.0,0.0,3874.0,3885.0,1.0,inverse_phase_volume,geometric_mean,3874.0,3874.0,3874.0,0.0,420.0,0.0,0.0,2.552040764135963e+34,1.0555500371569409e+52,4.1361017895586605e+17,1.4993293700715512e-12,620137.8890690806,1.6125445931083958e-06,666964857729.8782,4.136101789558663e+17,0.0
6.798374152098277,156.76478166619495,115095.9671893705,2.3916598278059964,43.526631403869715,-43.526631403869715,pass_full,251.0,43.526631403869715,0.0013645772877310947,0.6865487767209694,1.618946151963258,1.0,1.0,87.0,none,0.0,11.237258697089086,32.28937270678064,32.0,32.0,2502.0,49.03963217248121,0.061788091157409415,nonsingular_isothermal,1.0,0.01,2.0,0.3,1.0,0.0,strict_pass,1.0,none,none,,,0.9940797940797941,1.0,0.9940797940797941,0.9652509652509652,0.9756613756613757,0.9714285714285714,0.03474903474903479,0.024338624338624326,0.02857142857142858,0.0,0.0,3862.0,3885.0,1.0,inverse_phase_volume,geometric_mean,3862.0,3862.0,3862.0,0.0,420.0,0.0,0.0,1.5577544019140076e+42,6.530537943233363e+50,419227699.51471895,4.207865557028098e-06,1764.053797340112,0.0005668761358116329,237650.17832610436,419227699.5147191,0.0
20.215565649912385,234.11245239174718,0.0,0.26600894228771316,12.340783925567584,-1000000.0,solver_failed_full,252.0,12.340783925567584,0.14915987363793626,0.6301377555815948,1.4043642654961555,1.0,0.0,109.0,active_set_max_passes,2.0,8.219127684620725,4.121656240946858,32.0,32.0,3279.0,66.28344530311993,0.052547465278172285,nonsingular_isothermal,1.0,0.01,2.0,0.3,1.0,0.0,strict_pass,1.0,none,none,,,1.0,1.0,1.0,1.0,1.0,1.0,0.0,0.0,0.0,0.0,0.0,3885.0,3885.0,1.0,inverse_phase_volume,geometric_mean,3885.0,3885.0,3885.0,0.0,420.0,0.0,0.0,3.498310510343636e+34,3.5868761983488683e+52,1.0253167029465696e+18,9.181948785061184e-12,9414405.454923209,1.0622019678120575e-07,108909341950.04187,1.0253167029465713e+18,0.0
23.62182873516514,105.73962613210938,71662.58004309385,3.3397062982618153,19.61937639093234,-1000000.0,solver_failed_full,253.0,19.61937639093234,0.27417921514086885,0.7618807011577844,1.827201656067496,1.0,0.0,88.0,active_set_max_passes,2.0,12.212514073588496,7.406862317343834,32.0,32.0,5457.0,74.06997318274986,0.06430877588115473,nonsingular_isothermal,1.0,0.01,2.0,0.3,1.0,0.0,strict_pass,1.0,none,none,,,0.9976833976833976,1.0,0.9976833976833976,0.9826254826254827,0.9904761904761905,0.9904761904761905,0.01737451737451734,0.00952380952380949,0.00952380952380949,0.0,0.0,3876.0,3885.0,1.0,inverse_phase_volume,geometric_mean,3876.0,3876.0,3876.0,0.0,420.0,0.0,0.0,2.4254961487017285e+41,9.052416227362528e+52,373219154860.6633,2.3602376026356587e-08,8808.858833260365,0.00011352208259079078,42368615.72255725,373219154860.66235,0.0
2.791812254463605,1.1432704670141478,1412347.903728695,3.0616128187514926,112.75359010017416,-1000000.0,solver_failed_full,254.0,112.75359010017416,2.013904069183326,1.7694367617648123,8.48592060058016,0.0,0.0,16.0,reduced_spear_inconsistent,2.0,74.32920512100894,38.42438497916525,32.0,32.0,6730.0,356.08872617580954,0.019933098162881472,nonsingular_isothermal,1.0,0.01,2.0,0.3,1.0,0.0,severe_coverage_warn,0.0,multiple,multiple,1;2;3;4;5,Lfrac coverage gap 0.178 exceeds 0.1 | third_integral coverage gap 0.179 exceeds 0.1 | 10 planned shell-band/Lfrac/third-integral cells have no successful orbit,0.9567567567567568,1.0,0.9567567567567568,0.915057915057915,0.8222222222222222,0.8214285714285714,0.084942084942085,0.1777777777777778,0.1785714285714286,10.0,0.0,3717.0,3885.0,1.0,inverse_phase_volume,geometric_mean,3717.0,3717.0,3717.0,0.0,420.0,0.0,0.0,5.376237537225125e+41,5.5578713637350936e+51,10337845612.758615,7.098695787439457e-08,733.8522110248839,0.001362672190635522,14087094.727589475,10337845612.758522,0.0
7.526308206915133,2.7343384198033545,45934.29493392684,4.657091755322106,38.16479490165269,-1000000.0,solver_failed_full,255.0,38.16479490165269,0.10819357147588704,0.9459385174283362,1.7730846132856575,1.0,0.0,80.0,active_set_max_passes,2.0,9.338531382571844,28.826263519080857,32.0,32.0,4777.0,61.831358451743085,0.0687978286360659,nonsingular_isothermal,1.0,0.01,2.0,0.3,1.0,0.0,strict_pass,1.0,none,none,,,1.0,1.0,1.0,1.0,1.0,1.0,0.0,0.0,0.0,0.0,0.0,3885.0,3885.0,1.0,inverse_phase_volume,geometric_mean,3885.0,3885.0,3885.0,0.0,420.0,0.0,0.0,1.8227146552369214e+42,1.2990220644600986e+51,712685367.7989703,4.822893634248362e-07,343.7205723579586,0.0029093399709534313,2073444.027251179,712685367.7989659,0.0
6.798374152098277,156.76478166619495,0.0,2.3916598278059964,55.77852011881656,-1000000.0,solver_failed_no_bh,251.0,55.77852011881656,0.5486092560014413,1.099563354429811,2.7135143557784906,0.0,0.0,49.0,active_set_max_passes,2.0,22.902108043799746,32.8764120750168,32.0,32.0,4116.0,98.72875996585678,0.037319889591777754,nonsingular_isothermal,1.0,0.01,2.0,0.3,1.0,0.0,strict_pass,1.0,none,none,,,1.0,1.0,1.0,1.0,1.0,1.0,0.0,0.0,0.0,0.0,0.0,3885.0,3885.0,1.0,inverse_phase_volume,geometric_mean,3885.0,3885.0,3885.0,0.0,420.0,0.0,0.0,5.588594813888455e+33,8.730198682539681e+50,1.562145579214992e+17,2.0073299579342656e-12,313574.1619812831,3.1890382603005694e-06,498174202027.60065,1.562145579214993e+17,0.0
0.0,156.76478166619495,115095.9671893705,2.3916598278059964,790.7942704123499,-1000000.0,solver_failed_no_halo,251.0,790.7942704123499,13.525967713166892,2.48627701757681,11.923765696582931,0.0,0.0,10.0,reduced_spear_inconsistent,2.0,537.4032395137664,253.3910308985836,32.0,32.0,6891.0,358.5362943696595,0.013361398573669256,none,1.0,0.01,2.0,0.3,1.0,0.0,severe_coverage_warn,0.0,multiple,multiple,1;2;3;4;5;6;7;8,Lfrac minimum coverage 0.631 is below 0.8 | Lfrac coverage gap 0.369 exceeds 0.1 | third_integral minimum coverage 0.75 is below 0.8 | third_integral coverage gap 0.25 exceeds 0.1 | 25 planned shell-band/Lfrac/third-integral cells have no successful orbit,0.9101673101673101,1.0,0.9101673101673101,0.8856548856548857,0.6306878306878307,0.75,0.033264033264033266,0.36931216931216926,0.25,25.0,0.0,3536.0,3885.0,1.0,inverse_phase_volume,geometric_mean,3536.0,3536.0,3536.0,0.0,420.0,0.0,0.0,1.315666254816615e+42,3.669830619023767e+49,27893324.812342238,0.00010533897503794791,2938.254246132666,0.00034033814511327646,9493.162427674602,27893324.812341988,0.0
10.336133345683669,20.169623686050876,1686185.309737118,3.562827425377921,25.28841703631745,-1000000.0,solver_failed_full,256.0,25.28841703631745,0.3907621475217269,1.115287157593907,1.5772542242096887,1.0,0.0,58.0,reduced_spear_inconsistent,2.0,7.520390585560752,17.768026450756697,32.0,32.0,7099.0,90.87247215765466,0.059169010244562566,nonsingular_isothermal,1.0,0.01,2.0,0.3,1.0,0.0,strict_pass,1.0,none,none,,,0.9933075933075933,1.0,0.9933075933075933,0.9498069498069498,0.9724867724867725,0.9738095238095238,0.050193050193050204,0.02751322751322749,0.02619047619047621,0.0,0.0,3859.0,3885.0,1.0,inverse_phase_volume,geometric_mean,3859.0,3859.0,3859.0,0.0,420.0,0.0,0.0,3.780459086375858e+41,8.087417050388092e+51,21392685030.063652,6.80428962276673e-09,145.5620247531795,0.006869923674774641,146966113.35503152,21392685030.06368,0.0
2.655979854195445,53.82934597371033,0.0,0.39876652227959397,184.71541659341904,-1000000.0,solver_failed_full,257.0,184.71541659341904,0.3450322568086506,1.279908818606051,2.565280662329841,0.0,0.0,53.0,active_set_max_passes,2.0,36.505103006790144,148.21031358662887,32.0,32.0,1490.0,39.107290502337975,0.09984807225215375,nonsingular_isothermal,1.0,0.01,2.0,0.3,1.0,0.0,strict_pass,1.0,none,none,,,1.0,1.0,1.0,1.0,1.0,1.0,0.0,0.0,0.0,0.0,0.0,3885.0,3885.0,1.0,inverse_phase_volume,geometric_mean,3885.0,3885.0,3885.0,0.0,420.0,0.0,0.0,5.608164366322087e+33,1.7428716790144087e+49,3107740011117770.5,4.651266063445239e-12,14454.925647723087,6.918057030321137e-05,214995226323.23685,3107740011117786.0,0.0
23.37099011668882,1.0262282092777641,1411815.9848067143,2.071731399244401,23.2589634386201,-1000000.0,solver_failed_full,258.0,23.2589634386201,0.004554907085790205,0.8814112408460947,1.4632085835028448,1.0,0.0,84.0,reduced_spear_inconsistent,2.0,11.814639246684534,11.44432419193557,32.0,32.0,5572.0,51.9555929559584,0.060527578452756456,nonsingular_isothermal,1.0,0.01,2.0,0.3,1.0,0.0,strict_pass,1.0,none,none,,,1.0,1.0,1.0,1.0,1.0,1.0,0.0,0.0,0.0,0.0,0.0,3885.0,3885.0,1.0,inverse_phase_volume,geometric_mean,3885.0,3885.0,3885.0,0.0,420.0,0.0,0.0,2.1467390246599802e+43,2.3602129192378227e+53,10994410089.562025,3.887206320357299e-08,427.3754038874566,0.002339863246466416,25725416.08514578,10994410089.56205,0.0
16.418114132373585,57.706402578930565,118316.6768129276,2.324690229175626,15.395778944401291,-1000000.0,solver_failed_full,259.0,15.395778944401291,0.024699992439074947,0.8089251073338976,1.6280232944281314,1.0,0.0,97.0,active_set_max_passes,2.0,9.192505767026757,6.203273177374537,32.0,32.0,5754.0,61.379604343040114,0.0576441377938501,nonsingular_isothermal,1.0,0.01,2.0,0.3,1.0,0.0,strict_pass,1.0,none,none,,,0.9987129987129987,1.0,0.9987129987129987,0.9903474903474904,0.9947089947089947,0.9928571428571429,0.009652509652509633,0.005291005291005346,0.0071428571428571175,0.0,0.0,3880.0,3885.0,1.0,inverse_phase_volume,geometric_mean,3880.0,3880.0,3880.0,0.0,420.0,0.0,0.0,1.5107495927920582e+43,3.0284700528649723e+52,2004614177.8320608,1.2386857950238435e-06,2483.0871065839838,0.000402724494581148,807307.2315976232,2004614177.8320682,0.0
11.544568428557241,319.9620127392916,22215.785166049263,4.616705930174945,35.21190379701445,-1000000.0,solver_failed_full,260.0,35.21190379701445,0.0882773242115178,0.7995997289053961,1.7861260815292015,1.0,0.0,92.0,active_set_max_passes,2.0,15.465517222230611,19.746386574783838,32.0,32.0,598.0,24.20048780893868,0.11969198945567623,nonsingular_isothermal,1.0,0.01,2.0,0.3,1.0,0.0,strict_pass,1.0,none,none,,,0.9992277992277993,1.0,0.9992277992277993,0.9942084942084942,0.9968253968253968,0.9976190476190476,0.00579150579150578,0.0031746031746031633,0.0023809523809523725,0.0,0.0,3882.0,3885.0,1.0,inverse_phase_volume,geometric_mean,3882.0,3882.0,3882.0,0.0,420.0,0.0,0.0,7.893733239402322e+40,2.125901709486716e+51,26931511935.00022,9.65603997427183e-07,26005.17558119411,3.845388380008322e-05,1035621.2305090533,26931511935.000233,0.0
0.9382449787479347,14.85432946699135,4766.144313521427,3.155401361061116,889.6209561551707,-1000000.0,solver_failed_full,261.0,889.6209561551707,14.441845758770455,1.933955853177284,2.9047403513030146,0.0,0.0,10.0,active_set_max_passes,2.0,61.035838251588295,828.5851179035824,32.0,32.0,7286.0,460.68044666427494,0.01794762216131387,nonsingular_isothermal,1.0,0.01,2.0,0.3,1.0,0.0,strict_pass,1.0,none,none,,,0.9899613899613899,1.0,0.9899613899613899,0.9498069498069498,0.9587301587301588,0.9761904761904762,0.050193050193050204,0.041269841269841234,0.023809523809523836,0.0,0.0,3846.0,3885.0,1.0,inverse_phase_volume,geometric_mean,3846.0,3846.0,3846.0,0.0,420.0,0.0,0.0,2.0320557616978862e+39,6.030348225488409e+47,296760961.9358942,1.1840255329955673e-06,351.3725561284253,0.0028459820852784644,844576.3812795613,296760961.93589497,0.0
24.725515150729137,96.34624450198442,81786.14540891584,4.904676582671658,16.72218577102968,-1000000.0,solver_failed_full,262.0,16.72218577102968,0.1983687244671941,0.7079616823246513,1.6584144884876206,1.0,0.0,98.0,active_set_max_passes,2.0,9.953086629115553,6.769099141914125,32.0,32.0,4890.0,52.51005596912999,0.08370722272173264,nonsingular_isothermal,1.0,0.01,2.0,0.3,1.0,0.0,strict_pass,1.0,none,none,,,0.998970398970399,1.0,0.998970398970399,0.9922779922779923,0.9957671957671957,0.9952380952380953,0.007722007722007707,0.004232804232804255,0.004761904761904745,0.0,0.0,3881.0,3885.0,1.0,inverse_phase_volume,geometric_mean,3881.0,3881.0,3881.0,0.0,420.0,0.0,0.0,1.551013472178494e+42,1.1107050416866845e+53,71611566347.4303,1.0327624355477119e-07,7395.773567435859,0.0001352123602597941,9682768.907736883,71611566347.43022,0.0
9.136529471977314,97.1032489881541,108407.06452002346,2.204882481331765,27.13137414292038,-1000000.0,solver_failed_full,263.0,27.13137414292038,0.18026886986919166,0.8081338729295471,1.8089424882221257,1.0,0.0,83.0,active_set_max_passes,2.0,10.166985420915552,16.96438872200483,32.0,32.0,3607.0,57.66546645822841,0.06086643453791741,nonsingular_isothermal,1.0,0.01,2.0,0.3,1.0,0.0,strict_pass,1.0,none,none,,,0.9966537966537966,1.0,0.9966537966537966,0.974903474903475,0.9862433862433863,0.9880952380952381,0.025096525096525046,0.013756613756613745,0.011904761904761862,0.0,0.0,3872.0,3885.0,1.0,inverse_phase_volume,geometric_mean,3872.0,3872.0,3872.0,0.0,420.0,0.0,0.0,1.0850301722870944e+40,2.8829083872178535e+51,265698453448.6335,9.893834019355666e-09,2628.7763976202614,0.0003804051196234357,101073051.96788865,265698453448.6318,0.0
6.79625173053717,359.27281859505166,269015.61456045875,1.9957377497257256,48.87294571064315,-1000000.0,solver_failed_full,264.0,48.87294571064315,0.10459779346169285,0.5331425532844025,0.9407442751177186,1.0,0.0,86.0,active_set_max_passes,2.0,7.654674368169235,41.218271342473926,32.0,32.0,5635.0,60.31991145573477,0.048945954479000534,nonsingular_isothermal,1.0,0.01,2.0,0.3,1.0,0.0,severe_coverage_warn,0.0,inner,joint,3,1 planned shell-band/Lfrac/third-integral cells have no successful orbit,0.9783783783783784,1.0,0.9783783783783784,0.9334719334719335,0.9111111111111111,0.9166666666666666,0.06652806652806653,0.0888888888888889,0.08333333333333337,1.0,0.0,3801.0,3885.0,1.0,inverse_phase_volume,geometric_mean,3801.0,3801.0,3801.0,0.0,420.0,0.0,0.0,1.529948489159474e+43,3.233621123054606e+50,21135490.155169204,3.6735047770588476e-05,776.4132405049413,0.0012879739136721171,27221.959972531717,21135490.155169155,0.0
18.903393064623014,22.0685641403736,109638.08850520723,3.7304461238230386,15.36275221123993,-1000000.0,solver_failed_full,265.0,15.36275221123993,0.3470953864829198,0.8074477290525331,1.6579459265180176,1.0,0.0,91.0,active_set_max_passes,2.0,9.194938513732538,6.167813697507402,32.0,32.0,6084.0,46.07410001945603,0.08130802892959273,nonsingular_isothermal,1.0,0.01,2.0,0.3,1.0,0.0,strict_pass,1.0,none,none,,,1.0,1.0,1.0,1.0,1.0,1.0,0.0,0.0,0.0,0.0,0.0,3885.0,3885.0,1.0,inverse_phase_volume,geometric_mean,3885.0,3885.0,3885.0,0.0,420.0,0.0,0.0,1.1033033837382034e+41,7.022261112903277e+52,636475988056.024,2.018939112720588e-09,1285.0062665937794,0.0007782063216319889,495309637.4721606,636475988056.0194,0.0
23.610862244313758,9.439868821375983,195.36961899818743,1.4859510931583084,17.975654556858963,-1000000.0,solver_failed_full,266.0,17.975654556858963,0.16022093807511695,0.8158135353515141,1.5822323132775997,1.0,0.0,94.0,active_set_max_passes,2.0,10.42354506409683,7.55210949276213,32.0,32.0,6840.0,61.13218016892086,0.07248693847212027,nonsingular_isothermal,1.0,0.01,2.0,0.3,1.0,0.0,strict_pass,1.0,none,none,,,0.9994851994851995,1.0,0.9994851994851995,0.9961389961389961,0.9978835978835979,0.9976190476190476,0.0038610038610038533,0.002116402116402072,0.0023809523809523725,0.0,0.0,3883.0,3885.0,1.0,inverse_phase_volume,geometric_mean,3883.0,3883.0,3883.0,0.0,420.0,0.0,0.0,8.060442060448524e+40,1.4590809391015705e+53,1810174836763.7046,4.3269564048070033e-10,783.254760375527,0.0012767238076159995,2311093310.0436525,1810174836763.7244,0.0
10.26471498639228,4.4992192381435725,1169947.978995149,4.217049161672718,21.588271013587242,-1000000.0,solver_failed_full,267.0,21.588271013587242,0.2171566678109471,0.9429733308400692,1.3335656734300274,1.0,0.0,74.0,reduced_spear_inconsistent,2.0,5.846218673135755,15.742052340451481,32.0,32.0,6205.0,53.80169628433544,0.07727816160257463,nonsingular_isothermal,1.0,0.01,2.0,0.3,1.0,0.0,strict_pass,1.0,none,none,,,0.9971685971685972,1.0,0.9971685971685972,0.9787644787644788,0.9883597883597883,0.9857142857142858,0.021235521235521193,0.011640211640211673,0.014285714285714235,0.0,0.0,3874.0,3885.0,1.0,inverse_phase_volume,geometric_mean,3874.0,3874.0,3874.0,0.0,420.0,0.0,0.0,1.862150748715158e+41,6.895918870000758e+51,37032011907.51493,3.4142162207930143e-09,126.4352957432368,0.007909183856624874,292892990.75725543,37032011907.51471,0.0
14.125612849704147,4.023974981506933,981070.4694251771,2.7546396202918806,15.38605869495913,-1000000.0,solver_failed_full,268.0,15.38605869495913,0.21018236164220916,0.8754959252389364,1.2867421371545544,1.0,0.0,89.0,reduced_spear_inconsistent,2.0,7.519535071564705,7.8665236233944285,32.0,32.0,6528.0,52.59640387499191,0.07605417657765695,nonsingular_isothermal,1.0,0.01,2.0,0.3,1.0,0.0,strict_pass,1.0,none,none,,,1.0,1.0,1.0,1.0,1.0,1.0,0.0,0.0,0.0,0.0,0.0,3885.0,3885.0,1.0,inverse_phase_volume,geometric_mean,3885.0,3885.0,3885.0,0.0,420.0,0.0,0.0,7.829377152635629e+41,2.771987969035484e+52,35404961531.35682,7.366007645749787e-09,260.7932173374547,0.00383445555144958,135758751.2927717,35404961531.35727,0.0
23.38528525845985,1.9820793877729914,309341.5127788051,1.810947833049644,22.740767447286988,-1000000.0,solver_failed_full,269.0,22.740767447286988,0.3256633192971279,0.9602015421433749,1.7975639973254551,1.0,0.0,80.0,active_set_max_passes,2.0,12.971827476505268,9.768939970781714,32.0,32.0,6414.0,92.51776344501194,0.04334204516746408,nonsingular_isothermal,1.0,0.01,2.0,0.3,1.0,0.0,strict_pass,1.0,none,none,,,0.9984555984555985,1.0,0.9984555984555985,0.9884169884169884,0.9947089947089947,0.9952380952380953,0.01158301158301156,0.005291005291005346,0.004761904761904745,0.0,0.0,3879.0,3885.0,1.0,inverse_phase_volume,geometric_mean,3879.0,3879.0,3879.0,0.0,420.0,0.0,0.0,2.1221875614681357e+42,1.4012186062723978e+53,66027085999.082504,6.214467352854795e-09,410.32317034543024,0.0024371034157250997,160914836.81873736,66027085999.08188,0.0
14.404291978079481,1.3006364944907578,2931.3118096216413,1.260144898663624,16.71927430520749,-1000000.0,solver_failed_full,270.0,16.71927430520749,0.3153855834418735,0.8900735355860016,1.7048762284747123,1.0,0.0,84.0,active_set_max_passes,2.0,9.043530860107976,7.675743445099514,32.0,32.0,6385.0,58.14420528603464,0.07918472098244755,nonsingular_isothermal,1.0,0.01,2.0,0.3,1.0,0.0,strict_pass,1.0,none,none,,,0.9979407979407979,1.0,0.9979407979407979,0.9845559845559846,0.9915343915343915,0.9976190476190476,0.015444015444015413,0.00846560846560851,0.0023809523809523725,0.0,0.0,3877.0,3885.0,1.0,inverse_phase_volume,geometric_mean,3877.0,3877.0,3877.0,0.0,420.0,0.0,0.0,1.363280433894092e+43,2.0861417991745423e+52,1530236734.3567455,3.134658540602625e-07,479.67696484952245,0.002084736339827588,3190140.128652591,1530236734.3567398,0.0
21.780182711342526,76.64098955762846,2371.656620326472,3.512414084724595,15.542715401846836,-1000000.0,solver_failed_full,271.0,15.542715401846836,0.14598026956378263,0.71802535339018,1.5688070353427257,1.0,0.0,103.0,reduced_spear_inconsistent,2.0,9.507423613559217,6.035291788287617,32.0,32.0,5770.0,54.414768875277495,0.08664720685530979,nonsingular_isothermal,1.0,0.01,2.0,0.3,1.0,0.0,strict_pass,1.0,none,none,,,0.9971685971685972,1.0,0.9971685971685972,0.9787644787644788,0.9915343915343915,0.9952380952380953,0.021235521235521193,0.00846560846560851,0.004761904761904745,0.0,0.0,3874.0,3885.0,1.0,inverse_phase_volume,geometric_mean,3874.0,3874.0,3874.0,0.0,420.0,0.0,0.0,2.5152587064668137e+38,8.909407288202844e+52,354214350408427.6,3.7398156810199005e-11,13246.963820997129,7.548899608338538e-05,26739285710.660637,354214350408426.94,0.0
7.168399463092862,218.31679044761623,8290.504225266144,2.636966013483526,70.25060570162282,-1000000.0,solver_failed_full,272.0,70.25060570162282,0.7587983996739638,1.3345126015246493,3.269558956627683,0.0,0.0,32.0,active_set_max_passes,2.0,30.88941200957408,39.36119369204873,32.0,32.0,3568.0,72.91664988164356,0.08005648761596952,nonsingular_isothermal,1.0,0.01,2.0,0.3,1.0,0.0,strict_pass,1.0,none,none,,,0.9992277992277993,1.0,0.9992277992277993,0.9942084942084942,0.9968253968253968,0.9976190476190476,0.00579150579150578,0.0031746031746031633,0.0023809523809523725,0.0,0.0,3882.0,3885.0,1.0,inverse_phase_volume,geometric_mean,3882.0,3882.0,3882.0,0.0,420.0,0.0,0.0,4.055341324707698e+38,5.974957278251552e+50,1473354965671.6543,1.5650666797609493e-08,23058.98764233055,4.3367038289410827e-05,63895041.21017652,1473354965671.6616,0.0
23.662204533178862,16.54521090170899,14.002719747912465,4.990949365954071,19.915198324186935,-1000000.0,solver_failed_full,273.0,19.915198324186935,0.37168480028743645,0.8507384989676676,1.775531661182375,1.0,0.0,84.0,active_set_max_passes,2.0,11.636320304340632,8.2788780198463,32.0,32.0,6334.0,74.54470912442277,0.06954434684625868,nonsingular_isothermal,1.0,0.01,2.0,0.3,1.0,0.0,strict_pass,1.0,none,none,,,1.0,1.0,1.0,1.0,1.0,1.0,0.0,0.0,0.0,0.0,0.0,3885.0,3885.0,1.0,inverse_phase_volume,geometric_mean,3885.0,3885.0,3885.0,0.0,420.0,0.0,0.0,3.645159339231328e+42,1.678898487411397e+53,46058301741.2192,3.622362229920821e-08,1668.3985260168922,0.0005993771778181702,27606294.912749752,46058301741.21932,0.0
20.486361127224708,1.3814865264551648,597.991593151437,3.162416701736458,18.446028974729366,-1000000.0,solver_failed_full,274.0,18.446028974729366,0.22702104555476765,0.8568764448817705,1.66994083449922,1.0,0.0,86.0,reduced_spear_inconsistent,2.0,10.24724231470306,8.198786660026304,32.0,32.0,6708.0,63.22545416503874,0.06204667449889624,nonsingular_isothermal,1.0,0.01,2.0,0.3,1.0,0.0,strict_pass,1.0,none,none,,,1.0,1.0,1.0,1.0,1.0,1.0,0.0,0.0,0.0,0.0,0.0,3885.0,3885.0,1.0,inverse_phase_volume,geometric_mean,3885.0,3885.0,3885.0,0.0,420.0,0.0,0.0,2.8107593757431906e+44,7.339945426296061e+52,261137452.3781607,1.6005724466279847e-06,417.9694110591103,0.0023925195804785277,624776.4680110269,261137452.37816,0.0
16.931162393396672,6.5663527378406945,0.0,1.0863423701523027,16.980631462704675,-1000000.0,solver_failed_full,275.0,16.980631462704675,0.3309503905751825,0.8755011649856441,1.6680587589124904,1.0,0.0,87.0,active_set_max_passes,2.0,9.633587973122022,7.347043489582662,32.0,32.0,6494.0,69.55641346310395,0.0660298850006369,nonsingular_isothermal,1.0,0.01,2.0,0.3,1.0,0.0,strict_pass,1.0,none,none,,,0.9987129987129987,1.0,0.9987129987129987,0.9903474903474904,0.9947089947089947,0.9976190476190476,0.009652509652509633,0.005291005291005346,0.0023809523809523725,0.0,0.0,3880.0,3885.0,1.0,inverse_phase_volume,geometric_mean,3880.0,3880.0,3880.0,0.0,420.0,0.0,0.0,7.746465509920173e+41,3.826922919574402e+52,49402181093.73391,1.3087439204925216e-08,646.5480416549437,0.0015466754758708093,76409141.95220624,49402181093.73355,0.0
18.398801391071206,279.93119604587463,1134219.7982952497,2.3801386731169094,11.468993779626217,-1000000.0,solver_failed_full,276.0,11.468993779626217,0.021366086292895048,0.5342906851663356,1.1443270245295925,1.0,0.0,97.0,active_set_max_passes,2.0,6.687035492994831,4.781958286631386,32.0,32.0,6335.0,53.095719921474675,0.0788974903244048,nonsingular_isothermal,1.0,0.01,2.0,0.3,1.0,0.0,strict_pass,1.0,none,none,,,0.9881595881595882,1.0,0.9881595881595882,0.9625779625779626,0.9513227513227513,0.9595238095238096,0.037422037422037424,0.04867724867724865,0.04047619047619044,0.0,0.0,3839.0,3885.0,1.0,inverse_phase_volume,geometric_mean,3839.0,3839.0,3839.0,0.0,420.0,0.0,0.0,3.818711596111052e+44,1.7765726024163307e+52,46522827.338560455,2.792278924198626e-05,1299.0471027159442,0.0007697950273775906,35813.04114477018,46522827.338560596,0.0
12.737691215814955,1.6606185179877577,1404249.5137349744,4.374919348815256,17.748015956498495,-1000000.0,solver_failed_full,277.0,17.748015956498495,0.3881534711209049,0.9593839702751233,1.3567738222862937,1.0,0.0,72.0,reduced_spear_inconsistent,2.0,7.937673664865129,9.81034229163337,32.0,32.0,6537.0,75.67257794909163,0.059076989532771296,nonsingular_isothermal,1.0,0.01,2.0,0.3,1.0,0.0,strict_pass,1.0,none,none,,,0.9987129987129987,1.0,0.9987129987129987,0.9903474903474904,0.9947089947089947,0.9904761904761905,0.009652509652509633,0.005291005291005346,0.00952380952380949,0.0,0.0,3880.0,3885.0,1.0,inverse_phase_volume,geometric_mean,3880.0,3880.0,3880.0,0.0,420.0,0.0,0.0,2.9388756604621183e+40,1.6243211250485132e+52,552701547364.2391,2.701789144715215e-10,149.32830409359946,0.006696654100974701,3701251083.7717724,552701547364.2358,0.0
1.026649794513232,9.07493640301128,2823.716382667926,2.393024504738245,883.7051164132804,-1000000.0,solver_failed_full,278.0,883.7051164132804,14.054809308060385,1.9610417779151732,3.368402883760199,0.0,0.0,6.0,active_set_max_passes,2.0,56.681203465255344,827.023912948025,32.0,32.0,6894.0,676.4351300956714,0.00887910894308681,nonsingular_isothermal,1.0,0.01,2.0,0.3,1.0,0.0,strict_pass,1.0,none,none,,,0.9940797940797941,1.0,0.9940797940797941,0.9833679833679834,0.9756613756613757,0.9809523809523809,0.016632016632016633,0.024338624338624326,0.01904761904761909,0.0,0.0,3862.0,3885.0,1.0,inverse_phase_volume,geometric_mean,3862.0,3862.0,3862.0,0.0,420.0,0.0,0.0,5.937315170153157e+37,5.988117849805648e+47,10085565071.411194,3.676777686773592e-08,370.8238061306747,0.002696698495262221,27197728.15194355,10085565071.411108,0.0
20.877604550301598,208.6364831424962,327950.53134206147,0.5165285358264265,10.101270056644184,-1000000.0,solver_failed_full,279.0,10.101270056644184,0.15502691030500593,0.5675438388614618,1.400495538810988,1.0,0.0,113.0,active_set_max_passes,2.0,6.829160283267609,3.272109773376571,32.0,32.0,5841.0,66.76377449442813,0.0567915181120907,nonsingular_isothermal,1.0,0.01,2.0,0.3,1.0,0.0,strict_pass,1.0,none,none,,,0.9956241956241956,1.0,0.9956241956241956,0.9671814671814671,0.9841269841269841,0.9833333333333333,0.032818532818532864,0.015873015873015928,0.01666666666666672,0.0,0.0,3868.0,3885.0,1.0,inverse_phase_volume,geometric_mean,3868.0,3868.0,3868.0,0.0,420.0,0.0,0.0,2.5605011130219205e+43,4.7637340473544735e+52,1860469430.4281254,3.818966502117633e-06,7105.070433018868,0.00014074455833017137,261850.94827239143,1860469430.4281213,0.0
2.0711536075386894,94.17586780344584,42541.29526915307,4.972529562948209,273.5799196049917,-1000000.0,solver_failed_full,280.0,273.5799196049917,2.9599868225522528,1.2957313680770337,1.8324408739266074,1.0,0.0,42.0,active_set_max_passes,2.0,27.12083380834349,246.45908579664817,32.0,32.0,6543.0,74.91736085821215,0.07316065224615628,nonsingular_isothermal,1.0,0.01,2.0,0.3,1.0,0.0,severe_coverage_warn,0.0,inner,multiple,2;3,Lfrac coverage gap 0.119 exceeds 0.1 | 3 planned shell-band/Lfrac/third-integral cells have no successful orbit,0.9711711711711711,1.0,0.9711711711711711,0.9126819126819127,0.8814814814814815,0.9119047619047619,0.08731808731808732,0.11851851851851847,0.08809523809523812,3.0,0.0,3773.0,3885.0,1.0,inverse_phase_volume,geometric_mean,3773.0,3773.0,3773.0,0.0,420.0,0.0,0.0,1.0973503268946624e+39,1.2373501950446894e+49,11275799211.234627,4.280828501341185e-08,482.697626388538,0.002071690319842322,23359964.074400544,11275799211.234665,0.0
11.591458793607265,6.387817208096801,1206651.4474409625,1.1540017677151144,16.90548470496336,-1000000.0,solver_failed_full,281.0,16.90548470496336,0.2752168345815704,0.9023917547604772,1.2761746581557984,1.0,0.0,79.0,reduced_spear_inconsistent,2.0,6.505183949462575,10.400300755500785,32.0,32.0,6500.0,76.73802513333055,0.07037310027964565,nonsingular_isothermal,1.0,0.01,2.0,0.3,1.0,0.0,strict_pass,1.0,none,none,,,0.9974259974259975,1.0,0.9974259974259975,0.9806949806949807,0.9894179894179894,0.9857142857142858,0.019305019305019266,0.010582010582010581,0.014285714285714235,0.0,0.0,3875.0,3885.0,1.0,inverse_phase_volume,geometric_mean,3875.0,3875.0,3875.0,0.0,420.0,0.0,0.0,6.725317594960562e+42,1.2731175086088457e+52,1893022137.070259,9.394876328076236e-08,177.84708864085553,0.005622807815647746,10644099.667512786,1893022137.0702474,0.0
17.313645288454023,2.6292186178331405,2598.1096699235495,3.9611662720688123,16.77892654900361,-1000000.0,solver_failed_full,282.0,16.77892654900361,0.34209778263591417,0.8261115931266935,1.601012438881356,1.0,0.0,90.0,active_set_max_passes,2.0,9.398642677018927,7.380283871984683,32.0,32.0,6562.0,62.96322347559408,0.04713661611660905,nonsingular_isothermal,1.0,0.01,2.0,0.3,1.0,0.0,strict_pass,1.0,none,none,,,0.9987129987129987,1.0,0.9987129987129987,0.9903474903474904,0.9947089947089947,0.9976190476190476,0.009652509652509633,0.005291005291005346,0.0023809523809523725,0.0,0.0,3880.0,3885.0,1.0,inverse_phase_volume,geometric_mean,3880.0,3880.0,3880.0,0.0,420.0,0.0,0.0,2.5950505378200083e+44,3.605289683849992e+52,138929459.4192621,2.9857034459432133e-06,414.80216573112074,0.002410787798654385,334929.44564160827,138929459.4192628,0.0
15.721181134245496,109.61959991928344,732280.4817630281,0.39357693494655044,13.639128950917884,-1000000.0,solver_failed_full,283.0,13.639128950917884,0.21399632106703415,0.704346632143616,1.545205392087151,1.0,0.0,91.0,active_set_max_passes,2.0,8.71366141090664,4.925467540011241,32.0,32.0,6442.0,52.94146038224796,0.07747906299735953,nonsingular_isothermal,1.0,0.01,2.0,0.3,1.0,0.0,strict_pass,1.0,none,none,,,0.9945945945945946,1.0,0.9945945945945946,0.9594594594594594,0.9777777777777777,0.9738095238095238,0.04054054054054057,0.022222222222222254,0.02619047619047621,0.0,0.0,3864.0,3885.0,1.0,inverse_phase_volume,geometric_mean,3864.0,3864.0,3864.0,0.0,420.0,0.0,0.0,2.3337550403222803e+40,2.8343421373495614e+52,1214498560636.4893,1.309115083790665e-09,1589.9183849712858,0.0006289631024161407,763874782.5778667,1214498560636.494,0.0
0.7303953176948041,228.0549582302751,144407.39249214102,3.4047461071197023,522.9209416877844,-1000000.0,solver_failed_full,284.0,522.9209416877844,8.652627548900568,2.161285801211305,10.365162576337479,0.0,0.0,18.0,reduced_spear_inconsistent,2.0,354.1321404518575,168.7888012359269,32.0,32.0,6245.0,255.28207608712046,0.02107216301986928,nonsingular_isothermal,1.0,0.01,2.0,0.3,1.0,0.0,severe_coverage_warn,0.0,multiple,multiple,1;2;3;4;5;6;7;8,Lfrac minimum coverage 0.594 is below 0.8 | Lfrac coverage gap 0.406 exceeds 0.1 | third_integral minimum coverage 0.738 is below 0.8 | third_integral coverage gap 0.262 exceeds 0.1 | 24 planned shell-band/Lfrac/third-integral cells have no successful orbit,0.8985842985842986,1.0,0.8985842985842986,0.841995841995842,0.5936507936507937,0.7380952380952381,0.08108108108108114,0.40634920634920635,0.26190476190476186,24.0,0.0,3491.0,3885.0,1.0,inverse_phase_volume,geometric_mean,3491.0,3491.0,3491.0,0.0,420.0,0.0,0.0,2.9677076318052107e+41,5.76788027724931e+49,194354734.11984313,9.31379691146501e-06,1810.1805223739875,0.0005524310905127492,107367.59771613975,194354734.119842,0.0
9.920094357546482,2.8287207128342744,2340.950411836235,1.8015762562303115,22.90039691139763,-1000000.0,solver_failed_full,285.0,22.90039691139763,0.26036300982921645,0.8711350961271412,1.6905369436279019,1.0,0.0,85.0,active_set_max_passes,2.0,7.90693965561534,14.99345725578229,32.0,32.0,6400.0,65.70278603018697,0.06870566589706759,nonsingular_isothermal,1.0,0.01,2.0,0.3,1.0,0.0,strict_pass,1.0,none,none,,,1.0,1.0,1.0,1.0,1.0,1.0,0.0,0.0,0.0,0.0,0.0,3885.0,3885.0,1.0,inverse_phase_volume,geometric_mean,3885.0,3885.0,3885.0,0.0,420.0,0.0,0.0,4.202385879862941e+41,3.9728629107518816e+51,9453827002.867844,4.48835189964433e-08,424.32102387230987,0.002356706228869131,22279892.984309964,9453827002.867897,0.0
10.895564252441256,3.4074378132803957,33224.618668930976,2.624895022163559,21.432587032165824,-1000000.0,solver_failed_full,286.0,21.432587032165824,0.24559551776151523,0.8779647248675319,1.7172080572300403,1.0,0.0,85.0,reduced_spear_inconsistent,2.0,8.819960929372565,12.612626102793257,32.0,32.0,6647.0,38.44516764721676,0.10479125266657531,nonsingular_isothermal,1.0,0.01,2.0,0.3,1.0,0.0,strict_pass,1.0,none,none,,,0.9974259974259975,1.0,0.9974259974259975,0.9806949806949807,0.9915343915343915,0.9952380952380953,0.019305019305019266,0.00846560846560851,0.004761904761904745,0.0,0.0,3875.0,3885.0,1.0,inverse_phase_volume,geometric_mean,3875.0,3875.0,3875.0,0.0,420.0,0.0,0.0,4.263670537966258e+44,8.387124096847988e+51,19671135.520824246,2.7363052572027205e-05,538.262315407785,0.0018578302277067358,36545.630183902926,19671135.520824224,0.0
1.7978597784136574,286.79033878633226,1167221.8225790937,3.5033355859726796,175.0568994720205,-1000000.0,solver_failed_full,287.0,175.0568994720205,3.2390577506799048,2.410827861128624,11.561924253681362,0.0,0.0,10.0,reduced_spear_inconsistent,2.0,139.11103238362543,35.9458670883951,32.0,32.0,6383.0,349.26367444752293,0.013128959108461019,nonsingular_isothermal,1.0,0.01,2.0,0.3,1.0,0.0,severe_coverage_warn,0.0,multiple,multiple,1;2;3;4;5;6;7;8,Lfrac minimum coverage 0.67 is below 0.8 | Lfrac coverage gap 0.33 exceeds 0.1 | third_integral minimum coverage 0.75 is below 0.8 | third_integral coverage gap 0.25 exceeds 0.1 | 18 planned shell-band/Lfrac/third-integral cells have no successful orbit,0.9196911196911197,1.0,0.9196911196911197,0.8981288981288982,0.6698412698412698,0.75,0.037422037422037424,0.3301587301587302,0.25,18.0,0.0,3573.0,3885.0,1.0,inverse_phase_volume,geometric_mean,3573.0,3573.0,3573.0,0.0,420.0,0.0,0.0,6.050594244925355e+43,3.7726752374470975e+51,62352144.01645338,4.1184580300108114e-05,2567.9468821295272,0.00038941615457821607,24280.932152594374,62352144.01645331,0.0
23.53968940113728,305.1987341894246,341999.18871798186,2.731526255043561,12.178551127313247,-1000000.0,solver_failed_full,288.0,12.178551127313247,0.004666360974990624,0.6368214692703575,1.514495244176065,1.0,0.0,106.0,active_set_max_passes,2.0,8.214176809961321,3.9643743173519232,32.0,32.0,6209.0,40.87807954211076,0.08828616063355965,nonsingular_isothermal,1.0,0.01,2.0,0.3,1.0,0.0,strict_pass,1.0,none,none,,,0.9979407979407979,1.0,0.9979407979407979,0.9845559845559846,0.9915343915343915,0.9880952380952381,0.015444015444015413,0.00846560846560851,0.011904761904761862,0.0,0.0,3877.0,3885.0,1.0,inverse_phase_volume,geometric_mean,3877.0,3877.0,3877.0,0.0,420.0,0.0,0.0,4.48106287758203e+42,4.5203396041539193e+52,10087650469.64278,8.820692913543077e-07,8898.00670118776,0.00011238472093603997,1133697.7829311169,10087650469.642784,0.0
15.50445560601725,225.87346151002083,2137092.5400581537,2.5977299848362176,11.392164434731644,-1000000.0,solver_failed_full,289.0,11.392164434731644,0.09045825497442905,0.6203268251974372,0.985236631881854,1.0,0.0,84.0,active_set_max_passes,2.0,5.860888373801129,5.531276060930514,32.0,32.0,6411.0,67.48351385854617,0.0551614006978009,nonsingular_isothermal,1.0,0.01,2.0,0.3,1.0,0.0,strict_pass,1.0,none,none,,,0.9827541827541828,1.0,0.9827541827541828,0.9459459459459459,0.9291005291005291,0.9380952380952381,0.05405405405405406,0.0708994708994709,0.06190476190476191,0.0,0.0,3818.0,3885.0,1.0,inverse_phase_volume,geometric_mean,3818.0,3818.0,3818.0,0.0,420.0,0.0,0.0,2.2348641490785702e+42,2.6502662498053147e+52,11858735354.88953,7.689945395592696e-08,911.9302733988449,0.0010965750662853986,13003993.507848905,11858735354.889456,0.0
24.41071926319801,320.6491913875796,638270.3679251967,2.6103939584372795,9.405714507176969,-1000000.0,solver_failed_full,290.0,9.405714507176969,0.10457947358506026,0.5854041879420631,1.2874933907641568,1.0,0.0,117.0,active_set_max_passes,2.0,6.227331551092731,3.1783829560842367,32.0,32.0,6114.0,54.77861650058582,0.05488457798558754,nonsingular_isothermal,1.0,0.01,2.0,0.3,1.0,0.0,strict_pass,1.0,none,none,,,0.9935649935649936,1.0,0.9935649935649936,0.9594594594594594,0.9735449735449735,0.969047619047619,0.04054054054054057,0.02645502645502651,0.030952380952380953,0.0,0.0,3860.0,3885.0,1.0,inverse_phase_volume,geometric_mean,3860.0,3860.0,3860.0,0.0,420.0,0.0,0.0,5.715873919609551e+41,5.66615152233532e+52,99130099824.21677,6.066249246442502e-08,6013.478933584227,0.00016629309107830663,16484650.718670044,99130099824.21638,0.0
6.775107434208408,225.3826110448335,999.9604030867106,4.924094112642599,84.18462897628137,-1000000.0,solver_failed_full,291.0,84.18462897628137,0.6815901133972915,0.6887185041799628,1.6383647825911016,1.0,0.0,102.0,reduced_spear_inconsistent,2.0,38.94880183828182,45.23582713799959,32.0,32.0,352.0,19.716276792315238,0.14339968456948646,nonsingular_isothermal,1.0,0.01,2.0,0.3,1.0,0.0,strict_pass,1.0,none,none,,,0.9997425997425997,1.0,0.9997425997425997,0.9980694980694981,0.9989417989417989,0.9976190476190476,0.0019305019305019266,0.0010582010582010914,0.0023809523809523725,0.0,0.0,3884.0,3885.0,1.0,inverse_phase_volume,geometric_mean,3884.0,3884.0,3884.0,0.0,420.0,0.0,0.0,8.862138515935337e+37,5.20798308793053e+50,5876666313176.965,1.2614299271010935e-08,74130.02759028353,1.3489810168788785e-05,79275112.99007401,5876666313177.03,0.0
9.657007342217433,409.08572344305736,1157514.1071231733,1.3158654799324068,25.803945720938753,-1000000.0,solver_failed_full,292.0,25.803945720938753,0.2036268556747025,0.5584024285532317,2.678003969549997,0.0,0.0,65.0,active_set_max_passes,2.0,10.19197967189468,15.611966049044073,32.0,32.0,6455.0,94.11897775105155,0.05603422888143117,nonsingular_isothermal,1.0,0.01,2.0,0.3,1.0,0.0,severe_coverage_warn,0.0,none,lfrac,,Lfrac coverage gap 0.114 exceeds 0.1,0.9722007722007722,1.0,0.9722007722007722,0.9417879417879418,0.8857142857142857,0.9047619047619048,0.058212058212058215,0.11428571428571432,0.09523809523809523,0.0,0.0,3777.0,3885.0,1.0,inverse_phase_volume,geometric_mean,3777.0,3777.0,3777.0,0.0,420.0,0.0,0.0,1.2644141415214533e+44,3.597949923483547e+51,28455470.44542052,2.901493670365409e-05,825.6336738465827,0.0012111909090881117,34465.00711731905,28455470.44542075,0.0
5.9208541751026935,231.84707802219964,160101.84057453804,2.3400245883153987,56.94480446871586,-1000000.0,solver_failed_full,293.0,56.94480446871586,0.10273955947101854,0.5817496799377099,1.003245675878843,1.0,0.0,98.0,active_set_max_passes,2.0,10.067899509838748,46.87690495887711,32.0,32.0,2434.0,36.09585245386465,0.09725252226034356,nonsingular_isothermal,1.0,0.01,2.0,0.3,1.0,0.0,strict_pass,1.0,none,none,,,0.9853281853281853,1.0,0.9853281853281853,0.9501039501039501,0.9396825396825397,0.9333333333333333,0.0498960498960499,0.060317460317460325,0.06666666666666665,0.0,0.0,3828.0,3885.0,1.0,inverse_phase_volume,geometric_mean,3828.0,3828.0,3828.0,0.0,420.0,0.0,0.0,1.567542963361173e+42,3.5962806616219195e+50,229421505.22692314,5.71907020811436e-06,1312.077695644057,0.0007621499880074799,174853.59745735853,229421505.22692454,0.0
3.708613086666121,3.8792721607221266,406800.27957501396,1.1180533641888664,97.40428136590054,-1000000.0,solver_failed_full,294.0,97.40428136590054,1.0837599481235713,1.0217618114568774,1.4449894112770765,1.0,0.0,48.0,reduced_spear_inconsistent,2.0,7.0290729637968825,90.37520840210367,32.0,32.0,6467.0,108.20507159676983,0.04324872219699991,nonsingular_isothermal,1.0,0.01,2.0,0.3,1.0,0.0,coverage_warn,0.0,inner,joint,1,1 planned shell-band/Lfrac/third-integral cells have no successful orbit,0.9925353925353926,1.0,0.9925353925353926,0.9498069498069498,0.9693121693121693,0.9595238095238096,0.050193050193050204,0.030687830687830653,0.04047619047619044,1.0,0.0,3856.0,3885.0,1.0,inverse_phase_volume,geometric_mean,3856.0,3856.0,3856.0,0.0,420.0,0.0,0.0,8.49856135094944e+40,4.592782346704998e+50,5404188023.178656,3.489275162199835e-08,188.56699041135215,0.005303155116484257,28659247.36556299,5404188023.178686,0.0
9.913380155713686,17.656943892943023,37100.09732478159,0.6366506352644258,22.23292097752736,-1000000.0,solver_failed_full,295.0,22.23292097752736,0.064493539895075,0.8381611984849903,1.706718231159035,1.0,0.0,88.0,active_set_max_passes,2.0,8.332731567536838,13.90018940999052,32.0,32.0,3704.0,41.91478372071016,0.07425402287665907,nonsingular_isothermal,1.0,0.01,2.0,0.3,1.0,0.0,strict_pass,1.0,none,none,,,1.0,1.0,1.0,1.0,1.0,1.0,0.0,0.0,0.0,0.0,0.0,3885.0,3885.0,1.0,inverse_phase_volume,geometric_mean,3885.0,3885.0,3885.0,0.0,420.0,0.0,0.0,4.1551490451991416e+40,5.5714398693242526e+51,134085199079.95824,7.907361694999396e-09,1060.2601670712424,0.0009431647354651649,126464431.32004428,134085199079.95982,0.0
1.2381631114593534,271.2992211037908,761.254213853272,1.0155278736741182,376.7044864903201,-1000000.0,solver_failed_full,296.0,376.7044864903201,1.5353007412814463,1.8478815533523318,4.214426862467996,0.0,0.0,4.0,active_set_max_passes,2.0,57.02051166681223,319.6839748235079,32.0,32.0,6454.0,570.3442234020534,0.006918010996583452,nonsingular_isothermal,1.0,0.01,2.0,0.3,1.0,0.0,strict_pass,1.0,none,none,,,0.998970398970399,1.0,0.998970398970399,0.9922779922779923,0.9957671957671957,0.9952380952380953,0.007722007722007707,0.004232804232804255,0.004761904761904745,0.0,0.0,3881.0,3885.0,1.0,inverse_phase_volume,geometric_mean,3881.0,3881.0,3881.0,0.0,420.0,0.0,0.0,4.807795676367052e+37,3.0320390350595426e+47,6306505598.737638,9.177120421406019e-07,5787.556131788583,0.00017278450130400042,1089666.4248487554,6306505598.737557,0.0
8.888719696810984,5.837341768344791,1551146.451145957,3.1022507720882873,17.104908541017593,-1000000.0,solver_failed_full,297.0,17.104908541017593,0.3207311477126602,0.8171229948697859,1.1555864214716596,1.0,0.0,80.0,active_set_max_passes,2.0,3.879016196836244,13.225892344181347,32.0,32.0,6469.0,83.89166156438598,0.04001967822197669,nonsingular_isothermal,1.0,0.01,2.0,0.3,1.0,0.0,strict_pass,1.0,none,none,,,0.9943371943371944,1.0,0.9943371943371944,0.9575289575289575,0.9767195767195768,0.9738095238095238,0.0424710424710425,0.023280423280423235,0.02619047619047621,0.0,0.0,3863.0,3885.0,1.0,inverse_phase_volume,geometric_mean,3863.0,3863.0,3863.0,0.0,420.0,0.0,0.0,2.3076631216192168e+39,6.677164372424892e+51,2893474489352.557,4.4966551179848743e-11,130.10956871305808,0.007685829796311036,22238752445.13168,2893474489352.549,0.0
5.543921914035319,78.18671714670496,526585.8919081582,3.5242282411435384,42.20026363724771,-1000000.0,solver_failed_full,298.0,42.20026363724771,0.3781258823106626,0.8977194657024927,1.26956704360267,1.0,0.0,70.0,reduced_spear_inconsistent,2.0,4.797591387553725,37.40267224969398,32.0,32.0,6726.0,74.17562442827183,0.061740758163555974,nonsingular_isothermal,1.0,0.01,2.0,0.3,1.0,0.0,strict_pass,1.0,none,none,,,0.9804375804375804,1.0,0.9804375804375804,0.9420849420849421,0.9195767195767196,0.9404761904761905,0.05791505791505791,0.0804232804232804,0.059523809523809534,0.0,0.0,3809.0,3885.0,1.0,inverse_phase_volume,geometric_mean,3809.0,3809.0,3809.0,0.0,420.0,0.0,0.0,6.564687924735522e+42,7.333805695217083e+50,111715983.74971567,2.6628023856550057e-06,297.47758804453997,0.0033615977814445454,375544.2031249406,111715983.74971613,0.0
1.163818679050277,342.0822846627693,829851.5539544682,1.3773247239650144,228.88505452293438,-1000000.0,solver_failed_full,299.0,228.88505452293438,4.189447862812045,2.4990533743145678,11.985038950978957,0.0,0.0,9.0,reduced_spear_inconsistent,2.0,174.1800846194789,54.704969903455556,32.0,32.0,6345.0,353.332735114307,0.013151611051850861,nonsingular_isothermal,1.0,0.01,2.0,0.3,1.0,0.0,severe_coverage_warn,0.0,multiple,multiple,1;2;3;4;5;6;7;8,Lfrac minimum coverage 0.652 is below 0.8 | Lfrac coverage gap 0.348 exceeds 0.1 | third_integral minimum coverage 0.75 is below 0.8 | third_integral coverage gap 0.25 exceeds 0.1 | 21 planned shell-band/Lfrac/third-integral cells have no successful orbit,0.9153153153153153,1.0,0.9153153153153153,0.8814968814968815,0.6518518518518519,0.75,0.0498960498960499,0.3481481481481481,0.25,21.0,0.0,3556.0,3885.0,1.0,inverse_phase_volume,geometric_mean,3556.0,3556.0,3556.0,0.0,420.0,0.0,0.0,6.497396276759499e+42,1.9058613891239244e+51,293326943.2774156,9.850306733703284e-06,2889.3603645421395,0.00034609736198775066,101519.6812682445,293326943.2774167,0.0
7.383045587520407,2.3313827538936542,1521018.7918285085,0.7130540956303775,31.39327943714757,-1000000.0,solver_failed_full,300.0,31.39327943714757,0.4822837357639145,0.9923327526522405,1.4033704371876878,1.0,0.0,49.0,reduced_spear_inconsistent,2.0,6.054009554596981,25.33926988255059,32.0,32.0,6688.0,103.22197934131647,0.051052266491130704,nonsingular_isothermal,1.0,0.01,2.0,0.3,1.0,0.0,coverage_warn,0.0,inner,joint,1,1 planned shell-band/Lfrac/third-integral cells have no successful orbit,0.993050193050193,1.0,0.993050193050193,0.9517374517374517,0.9714285714285714,0.9619047619047619,0.04826254826254828,0.02857142857142858,0.03809523809523807,1.0,0.0,3858.0,3885.0,1.0,inverse_phase_volume,geometric_mean,3858.0,3858.0,3858.0,0.0,420.0,0.0,0.0,8.317699705368504e+41,6.17217430174753e+51,7420530339.372334,2.3081453054679364e-08,171.27662266904684,0.005838508398967399,43324828.71121787,7420530339.372351,0.0
20.211782710915486,80.80690017757902,60028.703173935006,2.4331858726371953,15.526379527670928,-1000000.0,solver_failed_full,301.0,15.526379527670928,0.03812913432030207,0.7326065316345884,1.6846687816501638,1.0,0.0,97.0,active_set_max_passes,2.0,9.913204266231691,5.6131752614392365,32.0,32.0,4876.0,57.15254134404999,0.06047165534441955,nonsingular_isothermal,1.0,0.01,2.0,0.3,1.0,0.0,strict_pass,1.0,none,none,,,0.9992277992277993,1.0,0.9992277992277993,0.9942084942084942,0.9968253968253968,0.9976190476190476,0.00579150579150578,0.0031746031746031633,0.0023809523809523725,0.0,0.0,3882.0,3885.0,1.0,inverse_phase_volume,geometric_mean,3882.0,3882.0,3882.0,0.0,420.0,0.0,0.0,3.3128396120583316e+41,7.539104864716581e+52,227572286846.46127,3.5770008856158104e-08,8140.262715914059,0.0001228461580293986,27956381.113051966,227572286846.46094,0.0
23.84518521833437,28.488526082802245,0.0,4.445007156299872,20.391831886877064,-1000000.0,solver_failed_full,302.0,20.391831886877064,0.12553349979287987,0.8713326453181772,1.7068650743824527,1.0,0.0,89.0,reduced_spear_inconsistent,2.0,11.040465403120468,9.351366483756603,32.0,32.0,6495.0,57.265140014516156,0.07391957150603479,nonsingular_isothermal,1.0,0.01,2.0,0.3,1.0,0.0,strict_pass,1.0,none,none,,,1.0,1.0,1.0,1.0,1.0,1.0,0.0,0.0,0.0,0.0,0.0,3885.0,3885.0,1.0,inverse_phase_volume,geometric_mean,3885.0,3885.0,3885.0,0.0,420.0,0.0,0.0,1.6497874260215025e+39,1.4510481637763014e+53,87953644262857.25,4.5096013153386295e-11,3966.3586985660727,0.00025212041471728774,22174909267.448383,87953644262857.33,0.0
17.632581511236285,15.092121147528518,983161.3583023021,0.6135649128335032,20.494227806688354,-1000000.0,solver_failed_full,303.0,20.494227806688354,0.40769351259547904,0.9821424421748265,1.7061232642291735,1.0,0.0,76.0,active_set_max_passes,2.0,11.503581303115627,8.990646503572728,32.0,32.0,6546.0,102.07924814497875,0.045457043215440154,nonsingular_isothermal,1.0,0.01,2.0,0.3,1.0,0.0,strict_pass,1.0,none,none,,,0.9992277992277993,1.0,0.9992277992277993,0.9942084942084942,0.9968253968253968,0.9976190476190476,0.00579150579150578,0.0031746031746031633,0.0023809523809523725,0.0,0.0,3882.0,3885.0,1.0,inverse_phase_volume,geometric_mean,3882.0,3882.0,3882.0,0.0,420.0,0.0,0.0,4.856353402866555e+44,5.173857897582349e+52,106537919.8830213,3.642556253398285e-06,388.07036629394474,0.0025768522589084985,274532.4795099761,106537919.88302131,0.0
0.21324099831442067,8.518158771004211,0.0,1.289721327485902,753.089080513402,-1000000.0,solver_failed_full,304.0,753.089080513402,0.1356489120438482,1.0813097590280238,1.9179591102662412,1.0,0.0,68.0,reduced_spear_inconsistent,2.0,175.9239411806993,577.1651393327028,32.0,32.0,3883.0,66.61410296893156,0.04047873672636186,nonsingular_isothermal,1.0,0.01,2.0,0.3,1.0,0.0,severe_coverage_warn,0.0,multiple,multiple,1;2;3;4;5;6;7;8,total orbit coverage 0.775 is below 0.85 | shell_band minimum coverage 0.563 is below 0.8 | shell_band coverage gap 0.345 exceeds 0.1 | Lfrac minimum coverage 0.474 is below 0.8 | Lfrac coverage gap 0.526 exceeds 0.1 | third_integral minimum coverage 0.571 is below 0.8 | third_integral coverage gap 0.429 exceeds 0.1 | 44 planned shell-band/Lfrac/third-integral cells have no successful orbit,0.7745173745173746,1.0,0.7745173745173746,0.5634095634095634,0.4740740740740741,0.5714285714285714,0.34511434511434513,0.5259259259259259,0.4285714285714286,44.0,0.0,3009.0,3885.0,1.0,inverse_phase_volume,geometric_mean,3009.0,3009.0,3009.0,0.0,420.0,0.0,0.0,1.3730583254110624e+33,1.2689171706507408e+45,924153873995.743,6.193459746850972e-10,572.3709818488971,0.0017471186201120073,1614606441.1065948,924153873995.7352,0.0
11.240639912635006,79.5079212053631,9.181791954251253,1.3061448257479766,19.413259940911033,-1000000.0,solver_failed_full,305.0,19.413259940911033,0.13494501832041905,0.7413077644741185,1.6559692462503584,1.0,0.0,97.0,active_set_max_passes,2.0,9.743146967291086,9.670112973619947,32.0,32.0,2936.0,41.721815646425185,0.07348384546017517,nonsingular_isothermal,1.0,0.01,2.0,0.3,1.0,0.0,strict_pass,1.0,none,none,,,1.0,1.0,1.0,1.0,1.0,1.0,0.0,0.0,0.0,0.0,0.0,3885.0,3885.0,1.0,inverse_phase_volume,geometric_mean,3885.0,3885.0,3885.0,0.0,420.0,0.0,0.0,1.5537797036304647e+37,5.965611189785083e+51,383941891881211.25,1.0375798310917414e-10,39837.03633271532,2.5102268945111544e-05,9637812629.297161,383941891881213.56,0.0
19.892628471789642,132.6194751575768,789032.4398328967,4.844733311617219,13.645430535677193,-1000000.0,solver_failed_full,306.0,13.645430535677193,0.22532469432801783,0.6703843575889451,1.5464670992624137,1.0,0.0,96.0,active_set_max_passes,2.0,8.705537773203696,4.939892762473497,32.0,32.0,4847.0,52.019234702432,0.0741658578646074,nonsingular_isothermal,1.0,0.01,2.0,0.3,1.0,0.0,strict_pass,1.0,none,none,,,0.9963963963963964,1.0,0.9963963963963964,0.972972972972973,0.9851851851851852,0.9857142857142858,0.027027027027026973,0.014814814814814836,0.014285714285714235,0.0,0.0,3871.0,3885.0,1.0,inverse_phase_volume,geometric_mean,3871.0,3871.0,3871.0,0.0,420.0,0.0,0.0,3.705868097096271e+44,6.212592777101931e+52,167642037.2859412,1.4695214074863456e-05,2463.5356258631496,0.0004059206570839136,68049.36592999526,167642037.28594136,0.0
17.594811480030405,75.00510280078313,18519.24252397457,4.826052460795948,15.180003608060819,-1000000.0,solver_failed_full,307.0,15.180003608060819,0.07915801179154691,0.719586980771493,1.5298941230685146,1.0,0.0,105.0,active_set_max_passes,2.0,8.899035208858018,6.280968399202806,32.0,32.0,3293.0,47.33861727917478,0.06091535550389806,nonsingular_isothermal,1.0,0.01,2.0,0.3,1.0,0.0,strict_pass,1.0,none,none,,,0.9984555984555985,1.0,0.9984555984555985,0.9884169884169884,0.9957671957671957,0.9952380952380953,0.01158301158301156,0.004232804232804255,0.004761904761904745,0.0,0.0,3879.0,3885.0,1.0,inverse_phase_volume,geometric_mean,3879.0,3879.0,3879.0,0.0,420.0,0.0,0.0,6.070348654548438e+41,3.572981331209887e+52,58859573552.380646,1.3023542815202666e-07,7665.601762440027,0.00013045290258878402,7678402.21504611,58859573552.38087,0.0
24.281669610784622,221.83571037373173,2742.1702588822723,3.595220957015136,18.655347298508925,-1000000.0,solver_failed_full,308.0,18.655347298508925,0.29062414078022414,0.804661441587474,1.8855449538081646,1.0,0.0,84.0,active_set_max_passes,2.0,13.069862423019597,5.585484875489315,32.0,32.0,5457.0,90.93938056979117,0.040391479445054286,nonsingular_isothermal,1.0,0.01,2.0,0.3,1.0,0.0,strict_pass,1.0,none,none,,,0.9992277992277993,1.0,0.9992277992277993,0.9942084942084942,0.9968253968253968,0.9976190476190476,0.00579150579150578,0.0031746031746031633,0.0023809523809523725,0.0,0.0,3882.0,3885.0,1.0,inverse_phase_volume,geometric_mean,3882.0,3882.0,3882.0,0.0,420.0,0.0,0.0,2.3197376348998667e+38,8.617960158958562e+52,371505812955031.1,3.810032676016708e-10,141544.92866888168,7.0648945843854006e-06,2624649406.0136895,371505812955030.4,0.0
21.367035784045747,242.27011997975038,2807.358627581566,2.2484359523002286,14.645017701039043,-1000000.0,solver_failed_full,309.0,14.645017701039043,0.20221493813670577,0.7003595479783368,1.6162941502604444,1.0,0.0,98.0,active_set_max_passes,2.0,9.934161505291225,4.7108561957478186,32.0,32.0,1534.0,61.85371222286567,0.05256059159104903,nonsingular_isothermal,1.0,0.01,2.0,0.3,1.0,0.0,strict_pass,1.0,none,none,,,0.9992277992277993,1.0,0.9992277992277993,0.9942084942084942,0.9968253968253968,0.9976190476190476,0.00579150579150578,0.0031746031746031633,0.0023809523809523725,0.0,0.0,3882.0,3885.0,1.0,inverse_phase_volume,geometric_mean,3882.0,3882.0,3882.0,0.0,420.0,0.0,0.0,4.923669043189055e+40,3.768756801649481e+52,765436662901.384,1.5415715323423123e-07,117997.53693398794,8.47475316844483e-06,6486886.784167378,765436662901.3884,0.0
5.3325649874853,371.40653811061736,8732.60093097311,4.574795148548414,131.8396294375021,-1000000.0,solver_failed_full,310.0,131.8396294375021,1.3386272297450148,1.8372104178664077,4.156772054282073,0.0,0.0,7.0,active_set_max_passes,2.0,49.028807122932086,82.81082231457003,32.0,32.0,7348.0,442.59727384345945,0.011891315177786936,nonsingular_isothermal,1.0,0.01,2.0,0.3,1.0,0.0,strict_pass,1.0,none,none,,,0.998970398970399,1.0,0.998970398970399,0.9922779922779923,0.9957671957671957,0.9952380952380953,0.007722007722007707,0.004232804232804255,0.004761904761904745,0.0,0.0,3881.0,3885.0,1.0,inverse_phase_volume,geometric_mean,3881.0,3881.0,3881.0,0.0,420.0,0.0,0.0,1.840977421474105e+38,6.63945853114524e+49,360648558407.02826,3.23328031628455e-08,11660.778849938455,8.575756498505912e-05,30928342.18435867,360648558407.02893,0.0
9.286991324589161,6.568588993023174,48580.168869742236,2.3543282127068417,25.941560675384974,-1000000.0,solver_failed_full,311.0,25.941560675384974,0.1471851386346117,0.9234760003296654,1.7419327999600709,1.0,0.0,82.0,active_set_max_passes,2.0,8.471209645680863,17.470351029704112,32.0,32.0,5393.0,66.77806328789165,0.05369759941469995,nonsingular_isothermal,1.0,0.01,2.0,0.3,1.0,0.0,strict_pass,1.0,none,none,,,0.9979407979407979,1.0,0.9979407979407979,0.9845559845559846,0.9915343915343915,0.9976190476190476,0.015444015444015413,0.00846560846560851,0.0023809523809523725,0.0,0.0,3877.0,3885.0,1.0,inverse_phase_volume,geometric_mean,3877.0,3877.0,3877.0,0.0,420.0,0.0,0.0,1.6160727020080077e+44,3.961969976664775e+51,24516037.995951146,1.9974261428175324e-05,489.68975211420457,0.002042109306316016,50064.429345528566,24516037.995950993,0.0
20.062287159949975,17.430813351342255,1468131.3220252416,4.749839194290892,24.493707366586907,-1000000.0,solver_failed_full,312.0,24.493707366586907,0.4182814745168919,1.0319686165467656,1.7582335563992433,1.0,0.0,70.0,reduced_spear_inconsistent,2.0,13.193668013014793,11.300039353572116,32.0,32.0,6773.0,85.50981758423328,0.05974020860317955,nonsingular_isothermal,1.0,0.01,2.0,0.3,1.0,0.0,strict_pass,1.0,none,none,,,0.9992277992277993,1.0,0.9992277992277993,0.9942084942084942,0.9968253968253968,0.9976190476190476,0.00579150579150578,0.0031746031746031633,0.0023809523809523725,0.0,0.0,3882.0,3885.0,1.0,inverse_phase_volume,geometric_mean,3882.0,3882.0,3882.0,0.0,420.0,0.0,0.0,2.423861793531112e+44,7.848465290551191e+52,323800033.13297206,1.0159394304440924e-06,328.9612212388887,0.0030398719831898026,984310.648876848,323800033.1329709,0.0
18.55904455433263,10.105226478019217,0.0,2.1619726794318233,14.682592180104198,-1000000.0,solver_failed_full,313.0,14.682592180104198,0.10302962777530844,0.7887816608349307,1.5415853509543052,1.0,0.0,97.0,reduced_spear_inconsistent,2.0,8.643358020350073,6.039234159754123,32.0,32.0,6806.0,47.62351704109649,0.07461379208076406,nonsingular_isothermal,1.0,0.01,2.0,0.3,1.0,0.0,strict_pass,1.0,none,none,,,0.9997425997425997,1.0,0.9997425997425997,0.9980694980694981,0.9989417989417989,0.9976190476190476,0.0019305019305019266,0.0010582010582010914,0.0023809523809523725,0.0,0.0,3884.0,3885.0,1.0,inverse_phase_volume,geometric_mean,3884.0,3884.0,3884.0,0.0,420.0,0.0,0.0,2.0006893198270436e+40,5.5187539209854e+52,2758426241542.8335,3.1939921023082087e-10,881.0391630287603,0.0011350233246865966,3130878123.5787277,2758426241542.858,0.0
5.886055126926726,39.531460639802134,25810.55772281836,4.294578434001392,58.97468549678457,-1000000.0,solver_failed_full,314.0,58.97468549678457,0.2847503359252812,0.9481545376392648,1.9301411855725363,1.0,0.0,77.0,active_set_max_passes,2.0,12.771925463261166,46.20276003352341,32.0,32.0,2960.0,50.71733620252894,0.05599207179033439,nonsingular_isothermal,1.0,0.01,2.0,0.3,1.0,0.0,strict_pass,1.0,none,none,,,0.9981981981981982,1.0,0.9981981981981982,0.9864864864864865,0.9925925925925926,0.9952380952380953,0.013513513513513487,0.007407407407407418,0.004761904761904745,0.0,0.0,3878.0,3885.0,1.0,inverse_phase_volume,geometric_mean,3878.0,3878.0,3878.0,0.0,420.0,0.0,0.0,1.1759164571450909e+41,5.597137816058267e+50,4759809068.109387,2.859982626706753e-07,1361.2971241234077,0.0007345934860796382,3496524.7364159413,4759809068.109377,0.0
21.865288258151434,10.695398978951808,1296221.8937108137,3.1459757770211727,26.735707644218834,-1000000.0,solver_failed_full,315.0,26.735707644218834,0.31296533214153044,1.0320152483218625,1.8095463343070313,1.0,0.0,69.0,reduced_spear_inconsistent,2.0,14.230000727847605,12.505706916371235,32.0,32.0,6611.0,104.5023293160126,0.05494981304965911,nonsingular_isothermal,1.0,0.01,2.0,0.3,1.0,0.0,strict_pass,1.0,none,none,,,0.9992277992277993,1.0,0.9992277992277993,0.9942084942084942,0.9968253968253968,0.9976190476190476,0.00579150579150578,0.0031746031746031633,0.0023809523809523725,0.0,0.0,3882.0,3885.0,1.0,inverse_phase_volume,geometric_mean,3882.0,3882.0,3882.0,0.0,420.0,0.0,0.0,6.448760749452555e+42,1.2289442134693283e+53,19057060126.996574,2.079130298952195e-08,396.2211111899228,0.002523843308088308,48097033.67335675,19057060126.996544,0.0
4.648783930032324,7.512423516408329,388.186359621287,1.2651406291265785,92.8353070100285,-1000000.0,solver_failed_full,316.0,92.8353070100285,0.07492785919068012,0.9787795798591197,1.8926438527865295,1.0,0.0,75.0,active_set_max_passes,2.0,16.287302934279502,76.54800407574899,32.0,32.0,3201.0,39.48561009308573,0.07854421857798916,nonsingular_isothermal,1.0,0.01,2.0,0.3,1.0,0.0,strict_pass,1.0,none,none,,,1.0,1.0,1.0,1.0,1.0,1.0,0.0,0.0,0.0,0.0,0.0,3885.0,3885.0,1.0,inverse_phase_volume,geometric_mean,3885.0,3885.0,3885.0,0.0,420.0,0.0,0.0,1.952033538130185e+40,2.043706031584433e+50,10469625606.648436,5.8643810158356043e-08,613.9787365053495,0.0016287208995083614,17052098.035576086,10469625606.648357,0.0
5.098767765049711,21.322217653547767,578672.3852639573,3.0669447608048577,49.454228068484795,-1000000.0,solver_failed_full,317.0,49.454228068484795,0.5736262800128245,0.9100782664143484,1.287045027184041,1.0,0.0,70.0,active_set_max_passes,2.0,3.3691958291655464,46.08503223931925,32.0,32.0,6547.0,46.48027589222935,0.11618946911174846,nonsingular_isothermal,1.0,0.01,2.0,0.3,1.0,0.0,coverage_warn,0.0,inner,joint,1,1 planned shell-band/Lfrac/third-integral cells have no successful orbit,0.9902187902187902,1.0,0.9902187902187902,0.9382239382239382,0.9597883597883597,0.9571428571428572,0.061776061776061764,0.040211640211640254,0.042857142857142816,1.0,0.0,3847.0,3885.0,1.0,inverse_phase_volume,geometric_mean,3847.0,3847.0,3847.0,0.0,420.0,0.0,0.0,1.4183541603640003e+43,9.132567600550628e+50,64388485.30050411,3.0147977225173333e-06,194.11825884030137,0.00515149891604317,331697.21223120985,64388485.30050437,0.0
14.523010185532515,17.552402436463037,607.6308651040251,1.7745793537570165,15.953244396627438,-1000000.0,solver_failed_full,318.0,15.953244396627438,0.2409930333300938,0.8270223427038832,1.7210094652558108,1.0,0.0,87.0,active_set_max_passes,2.0,9.278777167336234,6.674467229291201,32.0,32.0,5601.0,53.69823740623239,0.0674087604623413,nonsingular_isothermal,1.0,0.01,2.0,0.3,1.0,0.0,strict_pass,1.0,none,none,,,1.0,1.0,1.0,1.0,1.0,1.0,0.0,0.0,0.0,0.0,0.0,3885.0,3885.0,1.0,inverse_phase_volume,geometric_mean,3885.0,3885.0,3885.0,0.0,420.0,0.0,0.0,1.7104568451075933e+40,2.505856728373328e+52,1465021894905.3352,1.1043504996884482e-09,1617.8976616932207,0.0006180860654396668,905509618.8050019,1465021894905.3323,0.0
17.31248653338727,275.8786285499008,713986.4568452357,4.274655076986164,12.052228364950523,-1000000.0,solver_failed_full,319.0,12.052228364950523,0.13619692012196438,0.5925186879768344,1.3468943571240113,1.0,0.0,99.0,active_set_max_passes,2.0,7.084814908310889,4.9674134566396315,32.0,32.0,5692.0,61.25050357220386,0.05205637805075102,nonsingular_isothermal,1.0,0.01,2.0,0.3,1.0,0.0,strict_pass,1.0,none,none,,,0.9907335907335907,1.0,0.9907335907335907,0.9633204633204633,0.9619047619047619,0.969047619047619,0.03667953667953672,0.03809523809523807,0.030952380952380953,0.0,0.0,3849.0,3885.0,1.0,inverse_phase_volume,geometric_mean,3849.0,3849.0,3849.0,0.0,420.0,0.0,0.0,2.713830782526871e+43,1.715745231900645e+52,632222628.9669764,3.6989219587774925e-06,2338.542165121991,0.0004276168353576959,270349.03984038194,632222628.9669781,0.0
2.5429458179071744,14.862587338868414,654199.5756040916,3.078524787998537,114.41195759034395,-1000000.0,solver_failed_full,320.0,114.41195759034395,1.7843663855754244,1.1367890071043731,5.451848555626579,0.0,0.0,35.0,reduced_spear_inconsistent,2.0,41.60387017181717,72.80808741852677,32.0,32.0,6237.0,119.45703291693083,0.041339677556639316,nonsingular_isothermal,1.0,0.01,2.0,0.3,1.0,0.0,severe_coverage_warn,0.0,multiple,multiple,1;2;3;4,Lfrac coverage gap 0.154 exceeds 0.1 | third_integral coverage gap 0.148 exceeds 0.1 | 7 planned shell-band/Lfrac/third-integral cells have no successful orbit,0.9624195624195624,1.0,0.9624195624195624,0.916988416988417,0.8455026455026455,0.8523809523809524,0.08301158301158296,0.15449735449735447,0.14761904761904765,7.0,0.0,3739.0,3885.0,1.0,inverse_phase_volume,geometric_mean,3739.0,3739.0,3739.0,0.0,420.0,0.0,0.0,2.968136624361052e+43,1.2001182528378153e+51,40433389.85772475,1.3779162252842157e-05,557.1382392820095,0.0017948866717328747,72573.35254860905,40433389.857724585,0.0
1.0207806726877182,60.30995715588875,0.0,0.728007296011105,647.5500495748316,-1000000.0,solver_failed_full,321.0,647.5500495748316,8.448623840679943,1.9403723228059588,3.9618839588727486,0.0,0.0,10.0,active_set_max_passes,2.0,53.23770902632432,594.3123405485072,32.0,32.0,4871.0,159.724208138551,0.03899977724628491,nonsingular_isothermal,1.0,0.01,2.0,0.3,1.0,0.0,coverage_warn,0.0,inner,joint,2,1 planned shell-band/Lfrac/third-integral cells have no successful orbit,0.9904761904761905,1.0,0.9904761904761905,0.9667359667359667,0.964021164021164,0.969047619047619,0.033264033264033266,0.035978835978836,0.030952380952380953,1.0,0.0,3848.0,3885.0,1.0,inverse_phase_volume,geometric_mean,3848.0,3848.0,3848.0,0.0,420.0,0.0,0.0,1.7054329366495396e+32,3.9591047087025465e+47,2321466076807761.5,4.910084464311465e-12,11398.594518159918,8.773011430548111e-05,203662484274.6425,2321466076807770.5,0.0
15.605517049391581,6.73541468708954,5383.134257652379,2.378792409033817,17.27847181453078,-1000000.0,solver_failed_full,322.0,17.27847181453078,0.45420933344880154,0.8791975957509665,1.7011574847680828,1.0,0.0,85.0,active_set_max_passes,2.0,9.626099058144721,7.652372756386047,32.0,32.0,5924.0,54.9977571822915,0.07425468270066801,nonsingular_isothermal,1.0,0.01,2.0,0.3,1.0,0.0,strict_pass,1.0,none,none,,,1.0,1.0,1.0,1.0,1.0,1.0,0.0,0.0,0.0,0.0,0.0,3885.0,3885.0,1.0,inverse_phase_volume,geometric_mean,3885.0,3885.0,3885.0,0.0,420.0,0.0,0.0,1.5140583234533943e+41,2.7784707090441285e+52,183511471520.24857,3.3868567096488383e-09,621.5270586158837,0.0016089404091705368,295259022.0752751,183511471520.24802,0.0
6.526995188081402,1.3156740402504254,342.81701214251325,4.471728703178065,48.35936516208868,-48.35936516208868,pass_full,323.0,48.35936516208868,0.00244182161490869,0.9167310349032112,1.7570512940016796,1.0,1.0,80.0,none,0.0,10.522992148685406,37.83637301340327,32.0,32.0,4218.0,49.536255927396724,0.06565260019639521,nonsingular_isothermal,1.0,0.01,2.0,0.3,1.0,0.0,strict_pass,1.0,none,none,,,1.0,1.0,1.0,1.0,1.0,1.0,0.0,0.0,0.0,0.0,0.0,3885.0,3885.0,1.0,inverse_phase_volume,geometric_mean,3885.0,3885.0,3885.0,0.0,420.0,0.0,0.0,5.978788876659936e+40,8.17964801431122e+50,13681111982.801437,3.264783515960713e-08,446.6586888146304,0.0022388459578696653,30629902.26185746,13681111982.801537,0.0
4.178748624341952,15.509693792674746,1339.7450140539827,2.4546270125101155,113.48335251391309,-1000000.0,solver_failed_full,324.0,113.48335251391309,0.2529728131115121,0.9046206110199382,1.8837605538431599,1.0,0.0,78.0,active_set_max_passes,2.0,23.215992872958907,90.26735964095418,32.0,32.0,3039.0,40.062172118703444,0.06461273170272762,nonsingular_isothermal,1.0,0.01,2.0,0.3,1.0,0.0,strict_pass,1.0,none,none,,,1.0,1.0,1.0,1.0,1.0,1.0,0.0,0.0,0.0,0.0,0.0,3885.0,3885.0,1.0,inverse_phase_volume,geometric_mean,3885.0,3885.0,3885.0,0.0,420.0,0.0,0.0,8.233764922376288e+36,1.884597410266237e+50,22888647271731.152,5.726934958309904e-11,1310.8179420890347,0.0007628824475855985,17461347252.58192,22888647271731.453,0.0
23.24331540479584,276.3747740671403,0.0,3.178971374257686,12.803686315626845,-1000000.0,solver_failed_full,325.0,12.803686315626845,0.04669314952622727,0.6465548549020697,1.3531747945143184,1.0,0.0,109.0,active_set_max_passes,2.0,7.923372879675511,4.880313435951332,32.0,32.0,3284.0,37.909722157705076,0.10323397606450427,nonsingular_isothermal,1.0,0.01,2.0,0.3,1.0,0.0,strict_pass,1.0,none,none,,,1.0,1.0,1.0,1.0,1.0,1.0,0.0,0.0,0.0,0.0,0.0,3885.0,3885.0,1.0,inverse_phase_volume,geometric_mean,3885.0,3885.0,3885.0,0.0,420.0,0.0,0.0,1.803314454545537e+34,5.154347634908517e+52,2.858263361620695e+18,1.1918777443461673e-12,3406700.488195742,2.9353916009493994e-07,839012226500.2722,2.858263361620674e+18,0.0
6.526995188081402,1.3156740402504254,0.0,4.471728703178065,49.434176936868695,-1000000.0,solver_failed_no_bh,323.0,49.434176936868695,0.13550969312005634,0.9123191024697574,1.757046209338834,1.0,0.0,81.0,active_set_max_passes,2.0,10.495901688503501,38.9382752483652,32.0,32.0,4062.0,45.85706655363866,0.07000224222919894,nonsingular_isothermal,1.0,0.01,2.0,0.3,1.0,0.0,strict_pass,1.0,none,none,,,0.9979407979407979,1.0,0.9979407979407979,0.9845559845559846,0.9915343915343915,0.9976190476190476,0.015444015444015413,0.00846560846560851,0.0023809523809523725,0.0,0.0,3877.0,3885.0,1.0,inverse_phase_volume,geometric_mean,3877.0,3877.0,3877.0,0.0,420.0,0.0,0.0,1.4447227403827563e+42,8.10892125522782e+50,561278716.5708688,7.813635753042458e-07,438.56274472199743,0.002280175441335982,1279813.9452694885,561278716.570875,0.0
0.0,1.3156740402504254,342.81701214251325,4.471728703178065,1414.0446664830297,-1000000.0,solver_failed_no_halo,323.0,1414.0446664830297,6.877405565883919,0.9545616011965841,2.544189024872347,0.0,0.0,27.0,reduced_spear_inconsistent,2.0,724.2406922906744,689.8039741923559,32.0,32.0,2393.0,45.59679241437003,0.10252556662495907,none,1.0,0.01,2.0,0.3,1.0,0.0,severe_coverage_warn,0.0,multiple,multiple,1;2;3;4;5;6;7;8,total orbit coverage 0.433 is below 0.85 | shell_band minimum coverage 0.21 is below 0.8 | shell_band coverage gap 0.361 exceeds 0.1 | Lfrac minimum coverage 0.247 is below 0.8 | Lfrac coverage gap 0.753 exceeds 0.1 | third_integral minimum coverage 0.214 is below 0.8 | third_integral coverage gap 0.63 exceeds 0.1 | 122 planned shell-band/Lfrac/third-integral cells have no successful orbit,0.432947232947233,1.0,0.432947232947233,0.20997920997921,0.24656084656084656,0.21428571428571427,0.3614493614493614,0.7534391534391535,0.6295238095238095,122.0,0.0,1682.0,3885.0,1.0,inverse_phase_volume,geometric_mean,1682.0,1682.0,1682.0,0.0,420.0,0.0,0.0,3.918644396066954e+36,1.3660962496752642e+45,348614498.17859995,9.74923226976732e-07,339.87237153515593,0.00294228093764474,1025721.7925774851,348614498.17860115,0.0
0.7777054203099376,4.125959699352764,2916.393918913214,2.1900785337918385,976.1142354279185,-1000000.0,solver_failed_full,326.0,976.1142354279185,14.520341306334444,1.973054159671615,2.9483574947173503,0.0,0.0,6.0,active_set_max_passes,2.0,74.50015877726538,901.6140766506531,32.0,32.0,7045.0,609.6588997349824,0.019822824718925363,nonsingular_isothermal,1.0,0.01,2.0,0.3,1.0,0.0,strict_pass,1.0,none,none,,,0.9891891891891892,1.0,0.9891891891891892,0.9667359667359667,0.9576719576719577,0.969047619047619,0.033264033264033266,0.042328042328042326,0.030952380952380953,0.0,0.0,3843.0,3885.0,1.0,inverse_phase_volume,geometric_mean,3843.0,3843.0,3843.0,0.0,420.0,0.0,0.0,5.870386960083372e+37,2.3085216483926534e+47,3932486331.9740467,5.852064107343415e-08,230.13162115963877,0.004345339397345641,17087987.78785007,3932486331.9740458,0.0
13.744837962402567,1.0935233023026942,1099.3679236783883,4.383950086596184,13.79463789157288,-1000000.0,solver_failed_full,327.0,13.79463789157288,0.17825991417002385,0.7578523790908751,1.4697834514014982,1.0,0.0,99.0,active_set_max_passes,2.0,7.0362665073196045,6.758371384253275,32.0,32.0,6429.0,49.68577659434811,0.08198263915966614,nonsingular_isothermal,1.0,0.01,2.0,0.3,1.0,0.0,strict_pass,1.0,none,none,,,0.9979407979407979,1.0,0.9979407979407979,0.9845559845559846,0.9915343915343915,0.9976190476190476,0.015444015444015413,0.00846560846560851,0.0023809523809523725,0.0,0.0,3877.0,3885.0,1.0,inverse_phase_volume,geometric_mean,3877.0,3877.0,3877.0,0.0,420.0,0.0,0.0,5.807668039448074e+42,1.8033209476083324e+52,3105068911.2384415,1.5774600667547324e-07,489.8122212000202,0.0020415987121555285,6339304.690338527,3105068911.23842,0.0
13.223356932232432,7.958600803470733,134468.83236585985,2.3498794130120193,18.383063016082644,-1000000.0,solver_failed_full,328.0,18.383063016082644,0.3496384577667513,0.9077482043207636,1.7249933747869826,1.0,0.0,83.0,active_set_max_passes,2.0,9.244340449149936,9.138722566932714,32.0,32.0,6993.0,79.11273420429055,0.05518848005947278,nonsingular_isothermal,1.0,0.01,2.0,0.3,1.0,0.0,strict_pass,1.0,none,none,,,1.0,1.0,1.0,1.0,1.0,1.0,0.0,0.0,0.0,0.0,0.0,3885.0,3885.0,1.0,inverse_phase_volume,geometric_mean,3885.0,3885.0,3885.0,0.0,420.0,0.0,0.0,5.668391635841232e+44,1.3637678971642314e+52,24059168.539822284,1.7269821626199036e-05,415.4975491573945,0.0024067530651575284,57904.47762835943,24059168.539822523,0.0
23.439730918504083,17.84887241463528,1495852.1007848217,3.2823381824965483,18.928372263922146,-1000000.0,solver_failed_full,329.0,18.928372263922146,0.3766917264133518,0.8731300605909094,1.6082803132782904,1.0,0.0,88.0,reduced_spear_inconsistent,2.0,10.489709717076392,8.438662546845753,32.0,32.0,6309.0,66.14675900782073,0.06980107400972708,nonsingular_isothermal,1.0,0.01,2.0,0.3,1.0,0.0,strict_pass,1.0,none,none,,,0.9981981981981982,1.0,0.9981981981981982,0.9864864864864865,0.9947089947089947,0.9952380952380953,0.013513513513513487,0.005291005291005346,0.004761904761904745,0.0,0.0,3878.0,3885.0,1.0,inverse_phase_volume,geometric_mean,3878.0,3878.0,3878.0,0.0,420.0,0.0,0.0,1.972337457336345e+43,2.1221810171845943e+53,10759725772.539017,5.269024895250283e-08,566.932629615738,0.00176387801259171,18978843.711697802,10759725772.538948,0.0
19.84072874412467,39.151932940277554,0.0,2.8299218984740286,21.038409192516536,-1000000.0,solver_failed_full,330.0,21.038409192516536,0.028785335877724805,0.8963341323614831,1.8135894133018597,1.0,0.0,86.0,reduced_spear_inconsistent,2.0,11.970243056314644,9.068166136201894,32.0,32.0,6036.0,70.34380903552068,0.06977433660827727,nonsingular_isothermal,1.0,0.01,2.0,0.3,1.0,0.0,strict_pass,1.0,none,none,,,1.0,1.0,1.0,1.0,1.0,1.0,0.0,0.0,0.0,0.0,0.0,3885.0,3885.0,1.0,inverse_phase_volume,geometric_mean,3885.0,3885.0,3885.0,0.0,420.0,0.0,0.0,3.171937504461468e+36,7.601186284007044e+52,2.3963858913725904e+16,3.952534310681469e-13,9471.79745728315,0.00010557658190115434,2530022313272.688,2.396385891372588e+16,0.0
14.237674277293783,7.135440854657308,598513.3893002492,4.436327923758475,20.759502102542772,-1000000.0,solver_failed_full,331.0,20.759502102542772,0.4434485617206718,1.01301095146956,1.7067056007816483,1.0,0.0,71.0,active_set_max_passes,2.0,10.486894171865623,10.272607930677154,32.0,32.0,6581.0,86.69765351914769,0.039763477737936086,nonsingular_isothermal,1.0,0.01,2.0,0.3,1.0,0.0,strict_pass,1.0,none,none,,,1.0,1.0,1.0,1.0,1.0,1.0,0.0,0.0,0.0,0.0,0.0,3885.0,3885.0,1.0,inverse_phase_volume,geometric_mean,3885.0,3885.0,3885.0,0.0,420.0,0.0,0.0,7.78605900192566e+42,2.637229605791414e+52,3387117417.3470435,1.1865368391515814e-07,401.89395942142363,0.002488218537645165,8427888.347023744,3387117417.3470497,0.0
24.46858068862757,70.2614423858098,33230.7760494124,1.1627654753603498,17.826257652189874,-1000000.0,solver_failed_full,332.0,17.826257652189874,0.3618361865524484,0.8163791232893729,1.6896880239702683,1.0,0.0,95.0,active_set_max_passes,2.0,10.724481908197118,7.101775743992755,32.0,32.0,6182.0,61.141297124467876,0.06902327837730146,nonsingular_isothermal,1.0,0.01,2.0,0.3,1.0,0.0,strict_pass,1.0,none,none,,,0.9987129987129987,1.0,0.9987129987129987,0.9903474903474904,0.9968253968253968,0.9976190476190476,0.009652509652509633,0.0031746031746031633,0.0023809523809523725,0.0,0.0,3880.0,3885.0,1.0,inverse_phase_volume,geometric_mean,3880.0,3880.0,3880.0,0.0,420.0,0.0,0.0,8.863215261653985e+41,1.2946043087013777e+53,146064861394.30496,4.5842225891499924e-08,6695.938370848331,0.0001493442658244339,21813949.487680096,146064861394.30444,0.0
19.341804543420434,37.44065964964474,0.0,0.938909397931964,17.99703815362758,-1000000.0,solver_failed_full,333.0,17.99703815362758,0.34563077773717765,0.842612320511805,1.702184441321171,1.0,0.0,92.0,active_set_max_passes,2.0,10.23842591213114,7.758612241496441,32.0,32.0,6266.0,70.60449318189781,0.07327146371405267,nonsingular_isothermal,1.0,0.01,2.0,0.3,1.0,0.0,strict_pass,1.0,none,none,,,1.0,1.0,1.0,1.0,1.0,1.0,0.0,0.0,0.0,0.0,0.0,3885.0,3885.0,1.0,inverse_phase_volume,geometric_mean,3885.0,3885.0,3885.0,0.0,420.0,0.0,0.0,3.8572618948685275e+36,6.520281496547059e+52,1.6903911827250452e+16,4.755996821000112e-13,8039.495091286951,0.00012438592083771288,2102608638392.0576,1.6903911827250488e+16,0.0
24.836897474660198,3.54662828333983,346083.6193086619,3.567666203211659,23.371230911958644,-1000000.0,solver_failed_full,334.0,23.371230911958644,0.07200861982291684,0.9192130284453811,1.7482625552228521,1.0,0.0,82.0,reduced_spear_inconsistent,2.0,12.726613135845476,10.644617776113169,32.0,32.0,6382.0,61.86172561803968,0.07375869603008012,nonsingular_isothermal,1.0,0.01,2.0,0.3,1.0,0.0,strict_pass,1.0,none,none,,,0.9981981981981982,1.0,0.9981981981981982,0.9864864864864865,0.9925925925925926,0.9976190476190476,0.013513513513513487,0.007407407407407418,0.0023809523809523725,0.0,0.0,3878.0,3885.0,1.0,inverse_phase_volume,geometric_mean,3878.0,3878.0,3878.0,0.0,420.0,0.0,0.0,5.389399269990057e+42,1.2033984441751894e+53,22328990373.30759,1.209813704046662e-08,270.1391855115349,0.0037017954211507765,82657354.32282972,22328990373.307568,0.0
3.516095216302184,134.81779025129217,595.198298671555,3.1531341407781404,139.0730903291702,-1000000.0,solver_failed_full,335.0,139.0730903291702,0.24804685670028448,0.9557214549318744,2.4294237393657085,0.0,0.0,60.0,active_set_max_passes,2.0,37.76589049153066,101.30719983763953,32.0,32.0,1560.0,28.40105516742403,0.10519264177186594,nonsingular_isothermal,1.0,0.01,2.0,0.3,1.0,0.0,strict_pass,1.0,none,none,,,0.9997425997425997,1.0,0.9997425997425997,0.9980694980694981,0.9989417989417989,0.9976190476190476,0.0019305019305019266,0.0010582010582010914,0.0023809523809523725,0.0,0.0,3884.0,3885.0,1.0,inverse_phase_volume,geometric_mean,3884.0,3884.0,3884.0,0.0,420.0,0.0,0.0,1.8029246007320473e+39,5.375458568841345e+49,29815215603.90673,7.637093375628893e-07,22770.158558154362,4.391712940628092e-05,1309398.6819529398,29815215603.906773,0.0
20.308727534353075,19.226289348055563,9573.27689204987,2.038738321873088,15.42948754296083,-1000000.0,solver_failed_full,336.0,15.42948754296083,0.32576327832386553,0.7691342339156726,1.593188317808031,1.0,0.0,95.0,active_set_max_passes,2.0,9.180631790884583,6.248855752076253,32.0,32.0,5879.0,53.725530392935,0.07885638167423104,nonsingular_isothermal,1.0,0.01,2.0,0.3,1.0,0.0,strict_pass,1.0,none,none,,,0.9984555984555985,1.0,0.9984555984555985,0.9884169884169884,0.9936507936507937,0.9976190476190476,0.01158301158301156,0.006349206349206327,0.0023809523809523725,0.0,0.0,3879.0,3885.0,1.0,inverse_phase_volume,geometric_mean,3879.0,3879.0,3879.0,0.0,420.0,0.0,0.0,2.1078675718420964e+40,9.923797622964538e+52,4707979645178.557,3.5169673988532396e-10,1655.7810926557736,0.0006039445699890558,2843358742.3246093,4707979645178.587,0.0
7.015642251355173,11.485842726752884,4019.7926874721434,4.605557720347084,40.305143764515414,-1000000.0,solver_failed_full,337.0,40.305143764515414,0.08568435119566686,0.8168825335316832,1.6410230880465613,1.0,0.0,91.0,active_set_max_passes,2.0,10.505914738147625,29.799229026367787,32.0,32.0,3927.0,34.09556056293438,0.07522490610016552,nonsingular_isothermal,1.0,0.01,2.0,0.3,1.0,0.0,strict_pass,1.0,none,none,,,1.0,1.0,1.0,1.0,1.0,1.0,0.0,0.0,0.0,0.0,0.0,3885.0,3885.0,1.0,inverse_phase_volume,geometric_mean,3885.0,3885.0,3885.0,0.0,420.0,0.0,0.0,1.5201375884389618e+42,1.2461434674869656e+51,819757025.2615341,1.0415160454129482e-06,853.7900951498686,0.0011712480686771924,960138.8326221248,819757025.2615278,0.0
2.2902845164615964,444.4602566151943,0.0,4.649642005498066,295.0486997587911,-1000000.0,solver_failed_full,338.0,295.0486997587911,inf,1.966103978635174,4.4890717772367665,0.0,0.0,1.0,active_set_max_passes,2.0,59.43023264155993,235.6184671172311,32.0,32.0,7174.0,412.1314184938803,0.010987855988681839,nonsingular_isothermal,1.0,0.01,2.0,0.3,1.0,0.0,strict_pass,1.0,none,none,,,1.0,1.0,1.0,1.0,1.0,1.0,0.0,0.0,0.0,0.0,0.0,3885.0,3885.0,1.0,inverse_phase_volume,geometric_mean,3885.0,3885.0,3885.0,0.0,420.0,0.0,0.0,3.0072646914725723e+33,2.0812224605285048e+48,692064940751653.4,2.7477574204552724e-10,190162.6576387289,5.258655997013885e-06,3639331451.0067315,692064940751651.5,0.0
13.050175243321888,33.71723869316844,215236.2880853558,0.464729516709637,16.37610312952301,-1000000.0,solver_failed_full,339.0,16.37610312952301,0.07678721587820903,0.8714941344058735,1.6062555304218051,1.0,0.0,92.0,active_set_max_passes,2.0,7.930270135538216,8.44583299398479,32.0,32.0,4830.0,52.09428078465154,0.07919036922162377,nonsingular_isothermal,1.0,0.01,2.0,0.3,1.0,0.0,strict_pass,1.0,none,none,,,0.9997425997425997,1.0,0.9997425997425997,0.9980694980694981,0.9989417989417989,0.9976190476190476,0.0019305019305019266,0.0010582010582010914,0.0023809523809523725,0.0,0.0,3884.0,3885.0,1.0,inverse_phase_volume,geometric_mean,3884.0,3884.0,3884.0,0.0,420.0,0.0,0.0,9.195028440403791e+42,1.5842981729392594e+52,1722994315.0340996,6.124655241568344e-07,1055.2746162766134,0.0009476206331280458,1632744.963688649,1722994315.0341122,0.0
18.48556760620362,68.06722681851022,6608.525546871111,4.216358475281563,18.28134909884228,-1000000.0,solver_failed_full,340.0,18.28134909884228,0.24068773458478532,0.8476230497221509,1.763404887049601,1.0,0.0,91.0,active_set_max_passes,2.0,11.442121603242619,6.839227495599654,32.0,32.0,4773.0,66.2355436091432,0.05729408821913552,nonsingular_isothermal,1.0,0.01,2.0,0.3,1.0,0.0,strict_pass,1.0,none,none,,,1.0,1.0,1.0,1.0,1.0,1.0,0.0,0.0,0.0,0.0,0.0,3885.0,3885.0,1.0,inverse_phase_volume,geometric_mean,3885.0,3885.0,3885.0,0.0,420.0,0.0,0.0,2.1131039560827683e+40,4.883403174064834e+52,2311009432360.154,4.070220699712809e-09,9406.318428823875,0.00010631151896109428,245686923.08762497,2311009432360.1606,0.0
17.443857062066805,6.20675003520104,0.0,1.9772957837478051,17.976231227181245,-1000000.0,solver_failed_full,341.0,17.976231227181245,0.3158124507297053,0.878720043304756,1.693745902686171,1.0,0.0,85.0,active_set_max_passes,2.0,10.081075525494212,7.895155701687033,32.0,32.0,6443.0,60.09178561072492,0.07335796053123306,nonsingular_isothermal,1.0,0.01,2.0,0.3,1.0,0.0,strict_pass,1.0,none,none,,,0.9987129987129987,1.0,0.9987129987129987,0.9903474903474904,0.9947089947089947,0.9976190476190476,0.009652509652509633,0.005291005291005346,0.0023809523809523725,0.0,0.0,3880.0,3885.0,1.0,inverse_phase_volume,geometric_mean,3880.0,3880.0,3880.0,0.0,420.0,0.0,0.0,9.366614434131647e+42,4.2258099250501437e+52,4511566003.66876,1.3609885340264246e-07,614.0189601496595,0.0016286142039592106,7347600.475674428,4511566003.668756,0.0
16.577413102026625,2.6202333210739845,1936.2167085528154,2.1125014123342822,17.141870048837387,-1000000.0,solver_failed_full,342.0,17.141870048837387,0.33168580690541916,0.8551308611606501,1.6494398476459027,1.0,0.0,87.0,active_set_max_passes,2.0,9.606166769986997,7.535703278850391,32.0,32.0,6675.0,67.07223106467764,0.06405620216392098,nonsingular_isothermal,1.0,0.01,2.0,0.3,1.0,0.0,strict_pass,1.0,none,none,,,1.0,1.0,1.0,1.0,1.0,1.0,0.0,0.0,0.0,0.0,0.0,3885.0,3885.0,1.0,inverse_phase_volume,geometric_mean,3885.0,3885.0,3885.0,0.0,420.0,0.0,0.0,2.2351920921535558e+44,3.012896919962483e+52,134793646.17202216,3.0913476197692516e-06,416.6940172538998,0.0023998424709579655,323483.5168988997,134793646.17202228,0.0
12.813354889060543,5.788501924704031,7421.76774277006,0.9895796100852912,18.711825269751508,-1000000.0,solver_failed_full,343.0,18.711825269751508,0.03165155643252504,0.8911379944355088,1.6974121239954791,1.0,0.0,84.0,active_set_max_passes,2.0,9.371077732353157,9.340747537398348,32.0,32.0,6394.0,52.64698308653932,0.05982638381698389,nonsingular_isothermal,1.0,0.01,2.0,0.3,1.0,0.0,strict_pass,1.0,none,none,,,1.0,1.0,1.0,1.0,1.0,1.0,0.0,0.0,0.0,0.0,0.0,3885.0,3885.0,1.0,inverse_phase_volume,geometric_mean,3885.0,3885.0,3885.0,0.0,420.0,0.0,0.0,9.087059139254244e+41,1.1340178125554552e+52,12479480931.91921,4.1267207904060127e-08,514.9933341522669,0.0019417727059440584,24232315.45795018,12479480931.91928,0.0
6.190224664924671,96.88023399684175,1817675.6095129487,0.5533022052228439,41.2044050017948,-1000000.0,solver_failed_full,344.0,41.2044050017948,0.7452005027407935,0.8929280418324372,4.282332451069949,0.0,0.0,37.0,reduced_spear_inconsistent,2.0,21.804282672822985,19.400122328971808,32.0,32.0,6414.0,154.8743989233592,0.03067883783673506,nonsingular_isothermal,1.0,0.01,2.0,0.3,1.0,0.0,severe_coverage_warn,0.0,inner,multiple,1;2,Lfrac coverage gap 0.123 exceeds 0.1 | third_integral coverage gap 0.102 exceeds 0.1 | 4 planned shell-band/Lfrac/third-integral cells have no successful orbit,0.9701415701415701,1.0,0.9701415701415701,0.920997920997921,0.8772486772486773,0.8976190476190476,0.079002079002079,0.12275132275132272,0.10238095238095235,4.0,0.0,3769.0,3885.0,1.0,inverse_phase_volume,geometric_mean,3769.0,3769.0,3769.0,0.0,420.0,0.0,0.0,7.880948264482482e+44,9.017413448303825e+51,11442041.167740075,5.7445273536870885e-05,657.2911847009649,0.0015213957273060809,17407.872544259997,11442041.167740053,0.0
11.785533087406256,13.277796360822716,427.3695300963593,1.014633826032623,16.182628485682184,-1000000.0,solver_failed_full,345.0,16.182628485682184,0.1478373192935578,0.8050089780705255,1.6185908602283445,1.0,0.0,92.0,active_set_max_passes,2.0,7.860009869262853,8.32261861641933,32.0,32.0,6215.0,55.92123944621857,0.06090384231671874,nonsingular_isothermal,1.0,0.01,2.0,0.3,1.0,0.0,strict_pass,1.0,none,none,,,1.0,1.0,1.0,1.0,1.0,1.0,0.0,0.0,0.0,0.0,0.0,3885.0,3885.0,1.0,inverse_phase_volume,geometric_mean,3885.0,3885.0,3885.0,0.0,420.0,0.0,0.0,1.5318645886499398e+40,1.11311499006566e+52,726640591024.2161,1.7225263018913535e-09,1251.6575300610928,0.0007989405855699127,580542659.2917557,726640591024.2174,0.0
2.7701484628476796,22.179448732291494,41015.16357163242,2.9687936949871587,163.06138373913817,-1000000.0,solver_failed_full,346.0,163.06138373913817,0.8302172425428864,0.9853462280019093,1.5733295825777727,1.0,0.0,73.0,active_set_max_passes,2.0,21.496640679750463,141.5647430593877,32.0,32.0,1378.0,39.05633808751246,0.06619972155151978,nonsingular_isothermal,1.0,0.01,2.0,0.3,1.0,0.0,strict_pass,1.0,none,none,,,0.9961389961389961,1.0,0.9961389961389961,0.971042471042471,0.9841269841269841,0.9857142857142858,0.02895752895752901,0.015873015873015928,0.014285714285714235,0.0,0.0,3870.0,3885.0,1.0,inverse_phase_volume,geometric_mean,3870.0,3870.0,3870.0,0.0,420.0,0.0,0.0,6.677526335999779e+37,5.010864951772337e+49,750407366386.2375,6.868957345796552e-10,515.451619167862,0.0019400462872041925,1455825025.0483043,750407366386.2417,0.0
23.872253230405555,293.41927083900134,176506.41357591204,0.9991361242536896,14.870583417591305,-1000000.0,solver_failed_full,347.0,14.870583417591305,0.012642598227881052,0.7498226248153139,1.664415518879609,1.0,0.0,99.0,active_set_max_passes,2.0,9.985958360848855,4.884625056742451,32.0,32.0,4136.0,40.09330597498213,0.08729322114568723,nonsingular_isothermal,1.0,0.01,2.0,0.3,1.0,0.0,strict_pass,1.0,none,none,,,0.9963963963963964,1.0,0.9963963963963964,0.972972972972973,0.9851851851851852,0.9785714285714285,0.027027027027026973,0.014814814814814836,0.021428571428571463,0.0,0.0,3871.0,3885.0,1.0,inverse_phase_volume,geometric_mean,3871.0,3871.0,3871.0,0.0,420.0,0.0,0.0,3.316221340612276e+42,4.974251716454997e+52,14999757873.630348,1.1305199452270299e-06,16957.525449715347,5.897086830064502e-05,884548.7461074213,14999757873.630398,0.0
9.411880761858832,28.131020826955165,53690.767071721864,1.0790721153935303,21.546877478609172,-1000000.0,solver_failed_full,348.0,21.546877478609172,0.011489482761170677,0.7764120447956998,1.5478666275504345,1.0,0.0,98.0,active_set_max_passes,2.0,6.950442473425325,14.59643500518384,32.0,32.0,3039.0,43.118148411121915,0.06320187372993467,nonsingular_isothermal,1.0,0.01,2.0,0.3,1.0,0.0,strict_pass,1.0,none,none,,,0.9994851994851995,1.0,0.9994851994851995,0.9961389961389961,0.9978835978835979,0.9976190476190476,0.0038610038610038533,0.002116402116402072,0.0023809523809523725,0.0,0.0,3883.0,3885.0,1.0,inverse_phase_volume,geometric_mean,3883.0,3883.0,3883.0,0.0,420.0,0.0,0.0,1.1089948866627063e+39,3.564689718153856e+51,3214342790056.5547,3.254609489233456e-10,1046.1430546167217,0.0009558922133898531,3072565244.180879,3214342790056.558,0.0
18.605778951993983,403.81919572379365,238.1589737350523,1.7951327490260733,15.981365910179338,-1000000.0,solver_failed_full,349.0,15.981365910179338,0.0671460386142364,0.6906300959442991,1.2425869934697706,1.0,0.0,95.0,active_set_max_passes,2.0,8.35559984837708,7.625766061802254,32.0,32.0,2550.0,53.481277107754586,0.07219916196176439,nonsingular_isothermal,1.0,0.01,2.0,0.3,1.0,0.0,strict_pass,1.0,none,none,,,1.0,1.0,1.0,1.0,1.0,1.0,0.0,0.0,0.0,0.0,0.0,3885.0,3885.0,1.0,inverse_phase_volume,geometric_mean,3885.0,3885.0,3885.0,0.0,420.0,0.0,0.0,3.060130369347892e+35,1.1386746431898824e+52,3.721000433823124e+16,2.3604980189487646e-11,878341.4152547049,1.1385094481853803e-06,42363941506.0956,3.721000433823154e+16,0.0
10.609729810220447,14.918899851254888,803649.943565068,2.3687278561796963,17.16932921734241,-1000000.0,solver_failed_full,350.0,17.16932921734241,0.28523062448624614,0.8632160144907222,1.2207717949503105,1.0,0.0,86.0,active_set_max_passes,2.0,6.2708721669714045,10.898457050371004,32.0,32.0,6524.0,68.44591938521069,0.0694358082970105,nonsingular_isothermal,1.0,0.01,2.0,0.3,1.0,0.0,strict_pass,1.0,none,none,,,0.9971685971685972,1.0,0.9971685971685972,0.9787644787644788,0.9883597883597883,0.9880952380952381,0.021235521235521193,0.011640211640211673,0.011904761904761862,0.0,0.0,3874.0,3885.0,1.0,inverse_phase_volume,geometric_mean,3874.0,3874.0,3874.0,0.0,420.0,0.0,0.0,4.1180753532100806e+42,9.618826173933579e+51,2335757689.920756,1.2418734298992055e-07,290.0715413795352,0.003447425401485976,8052350.391949068,2335757689.92077,0.0
16.994716394676882,10.915207261474002,19263.22649913071,1.8307865598805153,15.287461744765874,-1000000.0,solver_failed_full,351.0,15.287461744765874,0.005541881838516005,0.795333965585376,1.607326555547793,1.0,0.0,93.0,reduced_spear_inconsistent,2.0,8.975755426263312,6.311706318502566,32.0,32.0,6663.0,46.907512068277505,0.0752191091751814,nonsingular_isothermal,1.0,0.01,2.0,0.3,1.0,0.0,strict_pass,1.0,none,none,,,1.0,1.0,1.0,1.0,1.0,1.0,0.0,0.0,0.0,0.0,0.0,3885.0,3885.0,1.0,inverse_phase_volume,geometric_mean,3885.0,3885.0,3885.0,0.0,420.0,0.0,0.0,8.05640978704078e+41,4.18948562713795e+52,52001893372.864296,1.5812775536918074e-08,822.2942673998599,0.0012161096576315136,63240004.745865196,52001893372.86488,0.0
10.198847440711658,6.473147536366198,8760.323512581634,1.788777842834926,22.351042565809284,-1000000.0,solver_failed_full,352.0,22.351042565809284,0.2583782168938633,0.9284847475914422,1.7328388309898597,1.0,0.0,82.0,active_set_max_passes,2.0,8.448676022484381,13.902366543324902,32.0,32.0,5781.0,57.102940147054355,0.06366437307630922,nonsingular_isothermal,1.0,0.01,2.0,0.3,1.0,0.0,strict_pass,1.0,none,none,,,1.0,1.0,1.0,1.0,1.0,1.0,0.0,0.0,0.0,0.0,0.0,3885.0,3885.0,1.0,inverse_phase_volume,geometric_mean,3885.0,3885.0,3885.0,0.0,420.0,0.0,0.0,9.937930838806402e+41,4.991650147426118e+51,5022826409.632814,1.145348046620375e-07,575.2884416786178,0.0017382584588039496,8730970.493648116,5022826409.632816,0.0
19.673594140758645,30.769327327223003,182809.3098726021,4.53526296136854,16.258749501723432,-1000000.0,solver_failed_full,353.0,16.258749501723432,0.22877976104204478,0.8225606683745186,1.6771883821005353,1.0,0.0,91.0,reduced_spear_inconsistent,2.0,9.982931789741205,6.275817711982234,32.0,32.0,6643.0,74.58757803727508,0.06331497079109698,nonsingular_isothermal,1.0,0.01,2.0,0.3,1.0,0.0,strict_pass,1.0,none,none,,,0.9992277992277993,1.0,0.9992277992277993,0.9942084942084942,0.9968253968253968,0.9976190476190476,0.00579150579150578,0.0031746031746031633,0.0023809523809523725,0.0,0.0,3882.0,3885.0,1.0,inverse_phase_volume,geometric_mean,3882.0,3882.0,3882.0,0.0,420.0,0.0,0.0,1.1792287776684322e+43,7.28209388533959e+52,6175302047.612615,2.159418469728657e-07,1333.5061297767913,0.0007499028145955241,4630876.3864822155,6175302047.612632,0.0
5.312206101832373,49.02113445965003,1394370.7879675957,2.6489347237343313,49.52740003400526,-1000000.0,solver_failed_full,354.0,49.52740003400526,0.7326404800383983,0.8433991827969407,3.5734730789017153,0.0,0.0,37.0,reduced_spear_inconsistent,2.0,16.555640671236034,32.97175936276923,32.0,32.0,6765.0,203.7938197446871,0.03447162110537692,nonsingular_isothermal,1.0,0.01,2.0,0.3,1.0,0.0,severe_coverage_warn,0.0,inner,multiple,1;2;3,Lfrac coverage gap 0.112 exceeds 0.1 | third_integral coverage gap 0.114 exceeds 0.1 | 5 planned shell-band/Lfrac/third-integral cells have no successful orbit,0.9727155727155727,1.0,0.9727155727155727,0.9266409266409267,0.8878306878306879,0.8857142857142857,0.07335907335907332,0.11216931216931214,0.11428571428571432,5.0,0.0,3779.0,3885.0,1.0,inverse_phase_volume,geometric_mean,3779.0,3779.0,3779.0,0.0,420.0,0.0,0.0,3.7121446989348055e+43,5.398281459590284e+51,145422172.2859918,3.3263413284161136e-06,483.7237817429421,0.002067295505705392,300630.6031967455,145422172.28599155,0.0
12.707101497378826,13.932791352910726,69242.70403284952,0.9306096207551049,16.229577056331227,-1000000.0,solver_failed_full,355.0,16.229577056331227,0.2096977848079682,0.8489983548529624,1.6524242342872637,1.0,0.0,89.0,active_set_max_passes,2.0,8.37033611980454,7.859240936526684,32.0,32.0,6619.0,55.49688919598022,0.07237711564315434,nonsingular_isothermal,1.0,0.01,2.0,0.3,1.0,0.0,strict_pass,1.0,none,none,,,1.0,1.0,1.0,1.0,1.0,1.0,0.0,0.0,0.0,0.0,0.0,3885.0,3885.0,1.0,inverse_phase_volume,geometric_mean,3885.0,3885.0,3885.0,0.0,420.0,0.0,0.0,4.722065693305089e+40,1.3376579160353413e+52,283278125065.4482,2.725391371301998e-09,772.0437577319806,0.0012952633707416824,366919779.12965626,283278125065.4482,0.0
10.43288422494631,7.239440555411626,729122.8649959605,0.7282891786629104,20.116721357744193,-1000000.0,solver_failed_full,356.0,20.116721357744193,0.310917944735575,0.9189531759880974,1.3254880365405992,1.0,0.0,75.0,reduced_spear_inconsistent,2.0,7.135136100189775,12.981585257554412,32.0,32.0,6723.0,78.52486993978385,0.06878646267013287,nonsingular_isothermal,1.0,0.01,2.0,0.3,1.0,0.0,strict_pass,1.0,none,none,,,0.9981981981981982,1.0,0.9981981981981982,0.9864864864864865,0.9925925925925926,0.9904761904761905,0.013513513513513487,0.007407407407407418,0.00952380952380949,0.0,0.0,3878.0,3885.0,1.0,inverse_phase_volume,geometric_mean,3878.0,3878.0,3878.0,0.0,420.0,0.0,0.0,2.620073273087144e+43,8.281474975513044e+51,316077991.4278986,7.135738488657123e-07,225.54498888495058,0.004433705244101411,1401396.6481389236,316077991.42790055,0.0
19.969832003269108,113.6615527137215,62009.0752261919,0.9446567271996968,15.047683678523956,-1000000.0,solver_failed_full,357.0,15.047683678523956,0.19097478439809734,0.6714712223694548,1.6500373295950037,1.0,0.0,99.0,active_set_max_passes,2.0,9.635512340779131,5.41217133774483,32.0,32.0,2858.0,42.82837500801935,0.08015051721146317,nonsingular_isothermal,1.0,0.01,2.0,0.3,1.0,0.0,strict_pass,1.0,none,none,,,0.9966537966537966,1.0,0.9966537966537966,0.974903474903475,0.9862433862433863,0.9833333333333333,0.025096525096525046,0.013756613756613745,0.01666666666666672,0.0,0.0,3872.0,3885.0,1.0,inverse_phase_volume,geometric_mean,3872.0,3872.0,3872.0,0.0,420.0,0.0,0.0,1.71416474784747e+41,4.2970551455766814e+52,250679239027.20712,3.3131338168208676e-08,8305.338639959657,0.00012040448238783163,30182904.020446554,250679239027.20844,0.0
4.925143798264264,6.587914724264652,26002.58278286908,2.166887962754633,84.89672237530215,-1000000.0,solver_failed_full,358.0,84.89672237530215,0.10021656902604548,0.9833438254822803,1.8182941559725911,1.0,0.0,79.0,active_set_max_passes,2.0,15.052769051267314,69.84395332403484,32.0,32.0,2706.0,40.57213936436967,0.07141941753245441,nonsingular_isothermal,1.0,0.01,2.0,0.3,1.0,0.0,strict_pass,1.0,none,none,,,0.9984555984555985,1.0,0.9984555984555985,0.9884169884169884,0.9957671957671957,0.9952380952380953,0.01158301158301156,0.004232804232804255,0.004761904761904745,0.0,0.0,3879.0,3885.0,1.0,inverse_phase_volume,geometric_mean,3879.0,3879.0,3879.0,0.0,420.0,0.0,0.0,2.5381994390461937e+39,1.8804497664278505e+50,74085973603.96893,3.462607760620559e-09,256.53066715423324,0.0038981694122316095,288799676.1783907,74085973603.96909,0.0
12.279748988743316,87.07649294730335,226854.13742239703,2.5403971800381084,16.41659481785846,-1000000.0,solver_failed_full,359.0,16.41659481785846,0.052911669042796206,0.743317898996148,1.5807735088286494,1.0,0.0,95.0,active_set_max_passes,2.0,7.881709639649483,8.534885178208977,32.0,32.0,4344.0,46.05257914772471,0.06808500733361605,nonsingular_isothermal,1.0,0.01,2.0,0.3,1.0,0.0,strict_pass,1.0,none,none,,,0.9971685971685972,1.0,0.9971685971685972,0.9787644787644788,0.9883597883597883,0.9880952380952381,0.021235521235521193,0.011640211640211673,0.011904761904761862,0.0,0.0,3874.0,3885.0,1.0,inverse_phase_volume,geometric_mean,3874.0,3874.0,3874.0,0.0,420.0,0.0,0.0,1.1970998562234922e+42,1.0261717147325661e+52,8572148007.517472,2.576838130151181e-07,2208.903784307066,0.00045271324496087113,3880724.94076813,8572148007.517537,0.0
17.251442543406416,1.8650350126970097,0.0,0.5793841885467973,15.99146534478641,-1000000.0,solver_failed_full,360.0,15.99146534478641,0.19921679432875194,0.8126071028681662,1.5780082828110515,1.0,0.0,92.0,reduced_spear_inconsistent,2.0,9.083270895545098,6.9081944492413125,32.0,32.0,6615.0,58.600592292983684,0.05909626374404657,nonsingular_isothermal,1.0,0.01,2.0,0.3,1.0,0.0,strict_pass,1.0,none,none,,,1.0,1.0,1.0,1.0,1.0,1.0,0.0,0.0,0.0,0.0,0.0,3885.0,3885.0,1.0,inverse_phase_volume,geometric_mean,3885.0,3885.0,3885.0,0.0,420.0,0.0,0.0,1.2386909959509788e+44,4.4762639950072556e+52,361370512.06791884,1.4324961963925723e-06,517.6618840257294,0.0019317628569120167,698082.1327960807,361370512.06791854,0.0
17.57373452524594,5.745271535698165,3423.357319767434,2.573913774911141,20.497893537380982,-1000000.0,solver_failed_full,361.0,20.497893537380982,0.4069896761453897,0.9546949666507291,1.7784698683265703,1.0,0.0,79.0,active_set_max_passes,2.0,11.201414611174625,9.29647892620637,32.0,32.0,6631.0,71.93446308514854,0.06964556131240528,nonsingular_isothermal,1.0,0.01,2.0,0.3,1.0,0.0,strict_pass,1.0,none,none,,,1.0,1.0,1.0,1.0,1.0,1.0,0.0,0.0,0.0,0.0,0.0,3885.0,3885.0,1.0,inverse_phase_volume,geometric_mean,3885.0,3885.0,3885.0,0.0,420.0,0.0,0.0,1.562263192828373e+43,4.3568789209520874e+52,2788825174.242408,2.0871429458595882e-07,582.0676789655678,0.0017180132760114225,4791238.673823324,2788825174.2424073,0.0
11.882226012501981,3.3058652279537877,0.0,4.886819017360128,18.88023388036824,-1000000.0,solver_failed_full,362.0,18.88023388036824,0.24875168638419964,0.8934788346241204,1.677496803979884,1.0,0.0,85.0,active_set_max_passes,2.0,8.237645292282567,10.64258858808567,32.0,32.0,6102.0,48.24658729528381,0.07974998263107566,nonsingular_isothermal,1.0,0.01,2.0,0.3,1.0,0.0,strict_pass,1.0,none,none,,,1.0,1.0,1.0,1.0,1.0,1.0,0.0,0.0,0.0,0.0,0.0,3885.0,3885.0,1.0,inverse_phase_volume,geometric_mean,3885.0,3885.0,3885.0,0.0,420.0,0.0,0.0,4.3807519381319255e+42,7.91046822175253e+51,1805732973.1219096,2.385654812828087e-07,430.78555580106644,0.0023213405986662015,4191721.2608581237,1805732973.121914,0.0
6.020281254028623,256.6689120431628,0.0,4.5320229769661315,75.36350285612681,-1000000.0,solver_failed_full,363.0,75.36350285612681,0.5170870724744816,1.204133888359741,2.759004151309929,0.0,0.0,44.0,active_set_max_passes,2.0,25.506878532517106,49.8566243236097,32.0,32.0,4792.0,123.37957402387725,0.026036555129239542,nonsingular_isothermal,1.0,0.01,2.0,0.3,1.0,0.0,strict_pass,1.0,none,none,,,1.0,1.0,1.0,1.0,1.0,1.0,0.0,0.0,0.0,0.0,0.0,3885.0,3885.0,1.0,inverse_phase_volume,geometric_mean,3885.0,3885.0,3885.0,0.0,420.0,0.0,0.0,1.712208807850292e+35,2.4326884043318223e+50,1420789563269508.5,2.377215776575833e-10,337752.3364998591,2.9607493181632426e-06,4206601730.7036834,1420789563269520.2,0.0
16.188415198449142,2.343002688177998,133398.0754858266,0.867701925272186,19.83689363066628,-1000000.0,solver_failed_full,364.0,19.83689363066628,0.09385989113783921,0.9490752485551631,1.7863103842027492,1.0,0.0,81.0,reduced_spear_inconsistent,2.0,11.234955110868727,8.601938519797548,32.0,32.0,6302.0,75.82086360110382,0.041445542151916016,nonsingular_isothermal,1.0,0.01,2.0,0.3,1.0,0.0,strict_pass,1.0,none,none,,,0.9984555984555985,1.0,0.9984555984555985,0.9884169884169884,0.9936507936507937,0.9976190476190476,0.01158301158301156,0.006349206349206327,0.0023809523809523725,0.0,0.0,3879.0,3885.0,1.0,inverse_phase_volume,geometric_mean,3879.0,3879.0,3879.0,0.0,420.0,0.0,0.0,1.3858099145508706e+42,2.6011887035813395e+52,18770169532.409233,1.795475208778909e-08,337.0137406001782,0.002967238066374173,55695561.54886112,18770169532.40914,0.0
18.32003492578708,249.2910696998596,117287.10448223549,1.0874709031897585,13.68227679899013,-1000000.0,solver_failed_full,365.0,13.68227679899013,0.005585501134643067,0.6372621705686442,1.4725799215620172,1.0,0.0,111.0,active_set_max_passes,2.0,7.47938182647324,6.202894972516883,32.0,32.0,3135.0,51.80375036355458,0.059261653352271695,nonsingular_isothermal,1.0,0.01,2.0,0.3,1.0,0.0,strict_pass,1.0,none,none,,,0.9961389961389961,1.0,0.9961389961389961,0.971042471042471,0.9841269841269841,0.9833333333333333,0.02895752895752901,0.015873015873015928,0.01666666666666672,0.0,0.0,3870.0,3885.0,1.0,inverse_phase_volume,geometric_mean,3870.0,3870.0,3870.0,0.0,420.0,0.0,0.0,1.1702504666774988e+42,1.997336313265933e+52,17067596810.592558,7.830739798166952e-07,13365.190960377324,7.482122799177485e-05,1277018.5522370231,17067596810.592398,0.0
5.624315951718323,93.88228313765575,0.0,4.75264173853077,64.45239819479676,-1000000.0,solver_failed_full,366.0,64.45239819479676,0.43193702911496246,1.0233152168353192,2.409700753505789,0.0,0.0,60.0,active_set_max_passes,2.0,20.636363470617834,43.816034724178934,32.0,32.0,2133.0,47.39332553945042,0.05579945319877136,nonsingular_isothermal,1.0,0.01,2.0,0.3,1.0,0.0,strict_pass,1.0,none,none,,,0.9992277992277993,1.0,0.9992277992277993,0.9942084942084942,0.9968253968253968,0.9976190476190476,0.00579150579150578,0.0031746031746031633,0.0023809523809523725,0.0,0.0,3882.0,3885.0,1.0,inverse_phase_volume,geometric_mean,3882.0,3882.0,3882.0,0.0,420.0,0.0,0.0,3.086994764614319e+35,4.362784641673823e+50,1413278924759983.2,4.166551923456699e-11,58885.00022339506,1.6982253480618976e-05,24000660939.0906,1413278924759979.0,0.0
15.68410129410068,29.951343847382045,413652.7374107211,0.6856972494539828,17.13670826488829,-1000000.0,solver_failed_full,367.0,17.13670826488829,0.2932949027151608,0.8493722912289433,1.7437571356806822,1.0,0.0,83.0,active_set_max_passes,2.0,10.027107809577096,7.109600455311196,32.0,32.0,6414.0,57.93567592981276,0.07602817636075296,nonsingular_isothermal,1.0,0.01,2.0,0.3,1.0,0.0,strict_pass,1.0,none,none,,,0.998970398970399,1.0,0.998970398970399,0.9922779922779923,0.9957671957671957,0.9952380952380953,0.007722007722007707,0.004232804232804255,0.004761904761904745,0.0,0.0,3881.0,3885.0,1.0,inverse_phase_volume,geometric_mean,3881.0,3881.0,3881.0,0.0,420.0,0.0,0.0,3.676013541255026e+41,2.6130503726526924e+52,71083807046.05817,8.965443549784397e-09,637.2978593752002,0.0015691249943635287,111539378.33048408,71083807046.0581,0.0
5.683231466241686,65.25096924977142,202462.4873198742,2.6907522322448663,50.9754020160617,-1000000.0,solver_failed_full,368.0,50.9754020160617,0.3736145030081417,0.8457057443296361,1.3179382419427383,1.0,0.0,83.0,active_set_max_passes,2.0,7.722933326828601,43.252468689233105,32.0,32.0,5609.0,34.853196296213085,0.1043024244395302,nonsingular_isothermal,1.0,0.01,2.0,0.3,1.0,0.0,strict_pass,1.0,none,none,,,0.9940797940797941,1.0,0.9940797940797941,0.9613899613899614,0.9756613756613757,0.9785714285714285,0.038610038610038644,0.024338624338624326,0.021428571428571463,0.0,0.0,3862.0,3885.0,1.0,inverse_phase_volume,geometric_mean,3862.0,3862.0,3862.0,0.0,420.0,0.0,0.0,2.4179084834000068e+42,5.486533269794573e+50,226912362.79048645,2.325782845560572e-06,527.7488808237293,0.0018948405886511103,429962.75508213876,226912362.79048598,0.0
20.707277511584124,204.93441221353936,646516.3890612099,1.2120156133272113,11.182798649302027,-1000000.0,solver_failed_full,369.0,11.182798649302027,0.1822130491062115,0.6079066671945177,1.4291447867666114,1.0,0.0,106.0,active_set_max_passes,2.0,7.378201815651288,3.8045968336507343,32.0,32.0,5614.0,70.44547157283684,0.0458735301396913,nonsingular_isothermal,1.0,0.01,2.0,0.3,1.0,0.0,strict_pass,1.0,none,none,,,0.9943371943371944,1.0,0.9943371943371944,0.9594594594594594,0.9788359788359788,0.9785714285714285,0.04054054054054057,0.021164021164021163,0.021428571428571463,0.0,0.0,3863.0,3885.0,1.0,inverse_phase_volume,geometric_mean,3863.0,3863.0,3863.0,0.0,420.0,0.0,0.0,4.665790513179767e+42,4.1013393086483364e+52,8790234574.533537,3.4868594573432943e-07,3065.031255847817,0.0003262609469616617,2867910.2563024415,8790234574.533508,0.0
1.6831924504975255,1.5351956196199075,8118.124611705605,3.5604321762356927,315.9934345498608,-1000000.0,solver_failed_full,370.0,315.9934345498608,2.388514535712261,1.0931626625032496,1.7899146337938574,1.0,0.0,62.0,active_set_max_passes,2.0,44.09112894912767,271.90230560073314,32.0,32.0,2141.0,42.51501544397746,0.08243824392543474,nonsingular_isothermal,1.0,0.01,2.0,0.3,1.0,0.0,strict_pass,1.0,none,none,,,0.9976833976833976,1.0,0.9976833976833976,0.9916839916839917,0.9904761904761905,0.9809523809523809,0.008316008316008316,0.00952380952380949,0.01904761904761909,0.0,0.0,3876.0,3885.0,1.0,inverse_phase_volume,geometric_mean,3876.0,3876.0,3876.0,0.0,420.0,0.0,0.0,3.2566299636533842e+38,6.553126886921703e+48,20122417837.027485,2.1008198403844486e-08,422.73574628533703,0.0023655439805769884,47600464.38903589,20122417837.027695,0.0
6.670349393856265,1.3456814497883034,22154.12309784618,0.2204239925540021,46.69881451773204,-1000000.0,solver_failed_full,371.0,46.69881451773204,0.358466047589566,0.9723323536266649,1.8443155816877819,1.0,0.0,78.0,active_set_max_passes,2.0,9.921205545754873,36.777608971977166,32.0,32.0,5615.0,71.54152664985767,0.04571977154791881,nonsingular_isothermal,1.0,0.01,2.0,0.3,1.0,0.0,strict_pass,1.0,none,none,,,1.0,1.0,1.0,1.0,1.0,1.0,0.0,0.0,0.0,0.0,0.0,3885.0,3885.0,1.0,inverse_phase_volume,geometric_mean,3885.0,3885.0,3885.0,0.0,420.0,0.0,0.0,4.759112166863157e+41,8.71890871963549e+50,1832045224.8097208,2.1553763012535208e-07,394.8746860379569,0.0025324489904219286,4639561.079976714,1832045224.8097293,0.0
10.467357589958718,22.122002633051437,350518.4910844461,2.205474337420456,18.65291481602621,-1000000.0,solver_failed_full,372.0,18.65291481602621,0.2378300146810659,0.8391485036411457,1.5753346680931692,1.0,0.0,87.0,reduced_spear_inconsistent,2.0,7.760770990198457,10.892143825827752,32.0,32.0,5554.0,55.435449381828136,0.05815458619415089,nonsingular_isothermal,1.0,0.01,2.0,0.3,1.0,0.0,strict_pass,1.0,none,none,,,0.9987129987129987,1.0,0.9987129987129987,0.9903474903474904,0.9947089947089947,0.9952380952380953,0.009652509652509633,0.005291005291005346,0.004761904761904745,0.0,0.0,3880.0,3885.0,1.0,inverse_phase_volume,geometric_mean,3880.0,3880.0,3880.0,0.0,420.0,0.0,0.0,4.754987327842454e+43,7.824289560794115e+51,164549114.88364235,3.0649588805881142e-06,504.33627095553214,0.00198280404878548,326268.6512153523,164549114.88364193,0.0
14.466924015976268,54.41531225583795,37668.00436399445,0.5440419001519906,16.259303901619205,-1000000.0,solver_failed_full,373.0,16.259303901619205,0.26826469684375454,0.8444091876399477,1.7046201136061891,1.0,0.0,94.0,active_set_max_passes,2.0,9.522780069480355,6.736523832138848,32.0,32.0,5179.0,54.11566629455119,0.061860772285046654,nonsingular_isothermal,1.0,0.01,2.0,0.3,1.0,0.0,strict_pass,1.0,none,none,,,0.9987129987129987,1.0,0.9987129987129987,0.9903474903474904,0.9968253968253968,0.9976190476190476,0.009652509652509633,0.0031746031746031633,0.0023809523809523725,0.0,0.0,3880.0,3885.0,1.0,inverse_phase_volume,geometric_mean,3880.0,3880.0,3880.0,0.0,420.0,0.0,0.0,4.761353409502155e+42,1.5176324856118266e+52,3187397269.4047713,8.643636128948785e-07,2755.0702195139957,0.0003629671552169743,1156920.519422209,3187397269.404791,0.0
5.578327219466433,53.06941164343275,1359.362963942389,3.495471679125631,75.59312615075392,-1000000.0,solver_failed_full,374.0,75.59312615075392,0.364498878113551,1.2353256871320566,2.4539412615001712,0.0,0.0,57.0,active_set_max_passes,2.0,19.314157491050356,56.27896865970359,32.0,32.0,2244.0,55.28101696397872,0.05463667636324396,nonsingular_isothermal,1.0,0.01,2.0,0.3,1.0,0.0,strict_pass,1.0,none,none,,,0.9994851994851995,1.0,0.9994851994851995,0.9961389961389961,0.9978835978835979,0.9976190476190476,0.0038610038610038533,0.002116402116402072,0.0023809523809523725,0.0,0.0,3883.0,3885.0,1.0,inverse_phase_volume,geometric_mean,3883.0,3883.0,3883.0,0.0,420.0,0.0,0.0,7.418842348275181e+36,3.179350374100729e+50,42855073943442.15,8.950304788599396e-11,3835.6597353177126,0.00026071134276908656,11172803872.26329,42855073943442.125,0.0
18.43142186125309,1.512798767747808,339354.08377170697,0.3462757551294107,21.655468944750897,-1000000.0,solver_failed_full,375.0,21.655468944750897,0.3670034304874932,1.0047659194868521,1.8504181528985701,1.0,0.0,74.0,reduced_spear_inconsistent,2.0,12.883144921729029,8.772324023021858,32.0,32.0,6987.0,107.41150994226899,0.0566207534777346,nonsingular_isothermal,1.0,0.01,2.0,0.3,1.0,0.0,strict_pass,1.0,none,none,,,1.0,1.0,1.0,1.0,1.0,1.0,0.0,0.0,0.0,0.0,0.0,3885.0,3885.0,1.0,inverse_phase_volume,geometric_mean,3885.0,3885.0,3885.0,0.0,420.0,0.0,0.0,3.9590999776938976e+42,6.786204726020303e+52,17140776348.803247,2.7634369315637226e-08,473.67454397957016,0.0021111541937603694,36186821.873084635,17140776348.803299,0.0
20.726641853099732,474.44758357140233,6876.7987266111495,2.019830954692678,27.007024229575364,-1000000.0,solver_failed_full,376.0,27.007024229575364,0.052030034268458536,0.7240344316075252,1.784373699705504,1.0,0.0,80.0,active_set_max_passes,2.0,15.370690899873207,11.636333329702154,32.0,32.0,808.0,47.55233126848939,0.06808305490933451,nonsingular_isothermal,1.0,0.01,2.0,0.3,1.0,0.0,strict_pass,1.0,none,none,,,0.9981981981981982,1.0,0.9981981981981982,0.9864864864864865,0.9947089947089947,0.9952380952380953,0.013513513513513487,0.005291005291005346,0.004761904761904745,0.0,0.0,3878.0,3885.0,1.0,inverse_phase_volume,geometric_mean,3878.0,3878.0,3878.0,0.0,420.0,0.0,0.0,5.228200357371085e+39,1.1876370439069459e+52,2271598184320.789,7.425164720566766e-08,168669.90697522194,5.928739856048552e-06,13467714.692310147,2271598184320.782,0.0
8.130810985347425,362.39280873544527,48870.39734202807,0.7968168028838227,54.61221887660779,-1000000.0,solver_failed_full,377.0,54.61221887660779,0.188672864759873,0.7142606908523007,1.6605154168909209,1.0,0.0,94.0,active_set_max_passes,2.0,14.732033479173216,39.880185397434566,32.0,32.0,1599.0,35.59112197584185,0.07301266315204187,nonsingular_isothermal,1.0,0.01,2.0,0.3,1.0,0.0,strict_pass,1.0,none,none,,,0.9958815958815959,1.0,0.9958815958815959,0.9691119691119691,0.9830687830687831,0.9857142857142858,0.030888030888030937,0.016931216931216908,0.014285714285714235,0.0,0.0,3869.0,3885.0,1.0,inverse_phase_volume,geometric_mean,3869.0,3869.0,3869.0,0.0,420.0,0.0,0.0,2.4727383301624914e+40,4.1917294252595784e+50,16951771136.188627,3.7248573150876213e-07,6314.292872032368,0.00015837086119797482,2684666.593669177,16951771136.188704,0.0
19.82975429007107,3.775419638582032,538.1843644860628,4.391344278580739,17.54747157472024,-1000000.0,solver_failed_full,378.0,17.54747157472024,0.37460186873180135,0.8598803338785123,1.5948293012304784,1.0,0.0,90.0,reduced_spear_inconsistent,2.0,9.552371147271854,7.995100427448385,32.0,32.0,6652.0,59.61626402108044,0.07382164514656589,nonsingular_isothermal,1.0,0.01,2.0,0.3,1.0,0.0,strict_pass,1.0,none,none,,,1.0,1.0,1.0,1.0,1.0,1.0,0.0,0.0,0.0,0.0,0.0,3885.0,3885.0,1.0,inverse_phase_volume,geometric_mean,3885.0,3885.0,3885.0,0.0,420.0,0.0,0.0,7.807052786545309e+41,5.481604456679455e+52,70213492934.57402,5.608639699237266e-09,393.80218389496673,0.0025393459988193355,178296352.34654006,70213492934.57396,0.0
15.410748725201529,1.2173610508294173,1178.954005092517,2.7149931135253427,16.907960829750806,-1000000.0,solver_failed_full,379.0,16.907960829750806,0.3596745536335142,0.8767454573121758,1.6854094201737309,1.0,0.0,85.0,active_set_max_passes,2.0,9.290460178373602,7.617500651377196,32.0,32.0,6580.0,57.7263476558636,0.07696958135257553,nonsingular_isothermal,1.0,0.01,2.0,0.3,1.0,0.0,strict_pass,1.0,none,none,,,1.0,1.0,1.0,1.0,1.0,1.0,0.0,0.0,0.0,0.0,0.0,3885.0,3885.0,1.0,inverse_phase_volume,geometric_mean,3885.0,3885.0,3885.0,0.0,420.0,0.0,0.0,5.310249831483986e+43,2.7643010118826463e+52,520559502.7739294,9.334709689125705e-07,485.9271834310256,0.0020579215036689628,1071270.5946976917,520559502.77392906,0.0
8.930622026863006,14.765062897232049,467.8315866620503,0.726740249362136,27.9654542247353,-1000000.0,solver_failed_full,380.0,27.9654542247353,0.18566916755644058,0.8934800934204893,1.8408332457191943,1.0,0.0,80.0,active_set_max_passes,2.0,9.305729849411714,18.65972437532359,32.0,32.0,5029.0,48.11428353885411,0.0718612298663608,nonsingular_isothermal,1.0,0.01,2.0,0.3,1.0,0.0,strict_pass,1.0,none,none,,,1.0,1.0,1.0,1.0,1.0,1.0,0.0,0.0,0.0,0.0,0.0,3885.0,3885.0,1.0,inverse_phase_volume,geometric_mean,3885.0,3885.0,3885.0,0.0,420.0,0.0,0.0,1.4860335381416727e+40,3.77465588995491e+51,254008795432.38474,5.504838536756844e-09,1398.2774057713802,0.0007151656716131627,181658370.78105226,254008795432.38528,0.0
0.04334691320422579,249.36884228079566,18319.70452263298,0.4838054245132907,1984.311470221816,-1000000.0,solver_failed_full,381.0,1984.311470221816,34.7114298866079,2.5535726053772163,12.24650399793598,0.0,0.0,7.0,reduced_spear_inconsistent,2.0,1477.3044298639884,507.00704035782786,32.0,32.0,6610.0,288.5094057670228,0.020032191277827006,nonsingular_isothermal,1.0,0.01,2.0,0.3,1.0,0.0,severe_coverage_warn,0.0,multiple,multiple,1;2;3;4;5;6;7;8,Lfrac minimum coverage 0.608 is below 0.8 | Lfrac coverage gap 0.392 exceeds 0.1 | third_integral minimum coverage 0.75 is below 0.8 | third_integral coverage gap 0.25 exceeds 0.1 | 25 planned shell-band/Lfrac/third-integral cells have no successful orbit,0.9047619047619048,1.0,0.9047619047619048,0.8711018711018711,0.6084656084656085,0.75,0.047817047817047875,0.3915343915343915,0.25,25.0,0.0,3515.0,3885.0,1.0,inverse_phase_volume,geometric_mean,3515.0,3515.0,3515.0,0.0,420.0,0.0,0.0,1.1432048922538977e+41,9.29537934680337e+47,8130982.827126436,0.0003073980696491206,2499.4484254088484,0.000400088271409891,3253.110864168567,8130982.827126543,0.0
8.297281978945136,17.239414876028267,1126.8707100907527,0.28771963224996233,30.935860590081322,-1000000.0,solver_failed_full,382.0,30.935860590081322,0.04538469605048334,0.8335540867719798,1.7347725636170959,1.0,0.0,86.0,active_set_max_passes,2.0,8.943225367028761,21.99263522305256,32.0,32.0,3641.0,54.88286727752063,0.0543665322996357,nonsingular_isothermal,1.0,0.01,2.0,0.3,1.0,0.0,strict_pass,1.0,none,none,,,1.0,1.0,1.0,1.0,1.0,1.0,0.0,0.0,0.0,0.0,0.0,3885.0,3885.0,1.0,inverse_phase_volume,geometric_mean,3885.0,3885.0,3885.0,0.0,420.0,0.0,0.0,6.198996723190273e+39,2.6657294828096207e+51,430025954496.34644,3.354078709005514e-09,1442.3408982959832,0.0006933173712132995,298144464.3248997,430025954496.35046,0.0
3.1311513767990293,235.18075844923302,180205.26895918662,2.4473375358578697,110.27995043792839,-1000000.0,solver_failed_full,383.0,110.27995043792839,0.6056647600524769,0.6222472930519531,1.9754972437655263,1.0,0.0,67.0,active_set_max_passes,2.0,29.816545909967026,80.46340452796136,32.0,32.0,5452.0,48.941271671731926,0.07228757876643205,nonsingular_isothermal,1.0,0.01,2.0,0.3,1.0,0.0,severe_coverage_warn,0.0,multiple,multiple,2;4,Lfrac coverage gap 0.178 exceeds 0.1 | third_integral coverage gap 0.129 exceeds 0.1 | 3 planned shell-band/Lfrac/third-integral cells have no successful orbit,0.9567567567567568,1.0,0.9567567567567568,0.920997920997921,0.8222222222222222,0.8714285714285714,0.079002079002079,0.1777777777777778,0.12857142857142856,3.0,0.0,3717.0,3885.0,1.0,inverse_phase_volume,geometric_mean,3717.0,3717.0,3717.0,0.0,420.0,0.0,0.0,6.872900896969142e+40,8.785146300971616e+49,1278229736.2742054,4.6742729685446866e-07,597.4794703856538,0.0016736976742557064,2139370.1367666284,1278229736.2742088,0.0
16.343673579158445,64.88213321799611,45868.59119235889,2.909618365779922,13.673134443799238,-1000000.0,solver_failed_full,384.0,13.673134443799238,0.2366612556554042,0.7391191330447322,1.5602229217471415,1.0,0.0,103.0,active_set_max_passes,2.0,8.46133871295582,5.211795730843419,32.0,32.0,3582.0,46.20500350757429,0.0727473945319973,nonsingular_isothermal,1.0,0.01,2.0,0.3,1.0,0.0,strict_pass,1.0,none,none,,,0.9992277992277993,1.0,0.9992277992277993,0.9942084942084942,0.9968253968253968,0.9976190476190476,0.00579150579150578,0.0031746031746031633,0.0023809523809523725,0.0,0.0,3882.0,3885.0,1.0,inverse_phase_volume,geometric_mean,3882.0,3882.0,3882.0,0.0,420.0,0.0,0.0,6.523724901156523e+40,2.862669330972766e+52,438809020053.1407,1.0334769128751922e-08,4534.989913863117,0.00022050765690637513,96760748.8413014,438809020053.14417,0.0
20.579777795884834,36.35540521478837,4331.483878704502,1.0639907360011462,18.744194242876645,-1000000.0,solver_failed_full,385.0,18.744194242876645,0.16842851176404494,0.8362455621550446,1.7007746048938193,1.0,0.0,92.0,active_set_max_passes,2.0,10.7469803552222,7.997213887654443,32.0,32.0,6198.0,64.02542747055335,0.0712105799606944,nonsingular_isothermal,1.0,0.01,2.0,0.3,1.0,0.0,strict_pass,1.0,none,none,,,1.0,1.0,1.0,1.0,1.0,1.0,0.0,0.0,0.0,0.0,0.0,3885.0,3885.0,1.0,inverse_phase_volume,geometric_mean,3885.0,3885.0,3885.0,0.0,420.0,0.0,0.0,1.847438210962708e+38,8.330731348980949e+52,450934234203143.8,7.459595761205924e-12,3363.78710204442,0.0002972839747771869,134055521507.01785,450934234203145.06,0.0
12.977315083547461,79.73328900345723,145089.6982505327,1.1693242409916422,16.140882982591464,-1000000.0,solver_failed_full,386.0,16.140882982591464,0.07954337619673169,0.7559943027929877,1.5882454309125513,1.0,0.0,98.0,active_set_max_passes,2.0,8.804007187833582,7.33687579475788,32.0,32.0,4142.0,39.78409181474363,0.08466899219589763,nonsingular_isothermal,1.0,0.01,2.0,0.3,1.0,0.0,strict_pass,1.0,none,none,,,0.9969111969111969,1.0,0.9969111969111969,0.9768339768339769,0.9873015873015873,0.9880952380952381,0.02316602316602312,0.012698412698412653,0.011904761904761862,0.0,0.0,3873.0,3885.0,1.0,inverse_phase_volume,geometric_mean,3873.0,3873.0,3873.0,0.0,420.0,0.0,0.0,2.5564704261221676e+39,1.1199913981461212e+52,4381006667247.085,5.824024025460508e-10,2551.508808574971,0.0003919249648048459,1717025883.8706107,4381006667247.0894,0.0
11.697605951885775,14.003962628607894,0.0,3.6217544126679404,17.59527069989468,-1000000.0,solver_failed_full,387.0,17.59527069989468,0.15553173022438216,0.8296863095049525,1.678233544988109,1.0,0.0,89.0,reduced_spear_inconsistent,2.0,8.18672606044105,9.408544639453625,32.0,32.0,5548.0,45.213786321642594,0.07310513286556469,nonsingular_isothermal,1.0,0.01,2.0,0.3,1.0,0.0,strict_pass,1.0,none,none,,,1.0,1.0,1.0,1.0,1.0,1.0,0.0,0.0,0.0,0.0,0.0,3885.0,3885.0,1.0,inverse_phase_volume,geometric_mean,3885.0,3885.0,3885.0,0.0,420.0,0.0,0.0,1.5323859280394986e+39,1.1669564480241817e+52,7615290813308.11,2.1099505667907972e-10,1606.788716781623,0.0006223593615985722,4739447528.957917,7615290813308.126,0.0
9.861970575849103,285.9390743888754,952004.4756585628,3.4937438289037366,19.707776491813537,-1000000.0,solver_failed_full,388.0,19.707776491813537,0.11037539045830158,0.614558529913176,0.9251502618534964,1.0,0.0,76.0,active_set_max_passes,2.0,4.3355575187573,15.372218973056233,32.0,32.0,6490.0,71.8483100034911,0.05270760826307732,nonsingular_isothermal,1.0,0.01,2.0,0.3,1.0,0.0,severe_coverage_warn,0.0,none,lfrac,,Lfrac coverage gap 0.104 exceeds 0.1,0.9747747747747748,1.0,0.9747747747747748,0.944015444015444,0.8962962962962963,0.9238095238095239,0.055984555984555984,0.10370370370370374,0.07619047619047614,0.0,0.0,3787.0,3885.0,1.0,inverse_phase_volume,geometric_mean,3787.0,3787.0,3787.0,0.0,420.0,0.0,0.0,9.361536453903262e+42,2.4924508663278794e+51,266243781.5203572,2.040356784964909e-06,543.2323060797729,0.0018408330815530536,490110.36078045465,266243781.52035588,0.0
14.664285834014004,160.03460173427717,0.0,0.7978644892578042,16.104263478654985,-1000000.0,solver_failed_full,389.0,16.104263478654985,0.18510796254363626,0.7043417971282818,1.716017023466113,1.0,0.0,94.0,active_set_max_passes,2.0,10.148204367020991,5.956059111633994,32.0,32.0,3435.0,60.2172125346744,0.0704324507730205,nonsingular_isothermal,1.0,0.01,2.0,0.3,1.0,0.0,strict_pass,1.0,none,none,,,0.9994851994851995,1.0,0.9994851994851995,0.9961389961389961,0.9978835978835979,0.9976190476190476,0.0038610038610038533,0.002116402116402072,0.0023809523809523725,0.0,0.0,3883.0,3885.0,1.0,inverse_phase_volume,geometric_mean,3883.0,3883.0,3883.0,0.0,420.0,0.0,0.0,6.12700414799014e+33,1.8846698680507688e+52,3.0760055363582587e+18,5.282555403421661e-13,1624916.9667044336,6.154160615530678e-07,1893023212501.04,3.0760055363582725e+18,0.0
3.1858887854910476,14.205978879269098,87492.51179386747,1.1046806127291051,130.00626140632352,-1000000.0,solver_failed_full,390.0,130.00626140632352,0.7938289550430682,0.989030558700361,1.3987004297153538,1.0,0.0,71.0,reduced_spear_inconsistent,2.0,12.975506574554974,117.03075483176852,32.0,32.0,2490.0,61.87189347275248,0.05615499196231537,nonsingular_isothermal,1.0,0.01,2.0,0.3,1.0,0.0,strict_pass,1.0,none,none,,,0.9951093951093951,1.0,0.9951093951093951,0.9633204633204633,0.9798941798941799,0.9857142857142858,0.03667953667953672,0.02010582010582007,0.014285714285714235,0.0,0.0,3866.0,3885.0,1.0,inverse_phase_volume,geometric_mean,3866.0,3866.0,3866.0,0.0,420.0,0.0,0.0,4.379368229572126e+40,7.53295871593444e+49,1720101695.2781858,1.3230794103614914e-07,227.58311367504479,0.004393999114661261,7558125.32617963,1720101695.2781737,0.0
12.872319717089601,1.592726014025353,194399.40155033921,3.155782551139728,18.605444506165618,-1000000.0,solver_failed_full,391.0,18.605444506165618,0.2870189862873538,0.9151305433885555,1.7316083033613403,1.0,0.0,79.0,reduced_spear_inconsistent,2.0,9.798843845660299,8.806600660505318,32.0,32.0,6481.0,86.04100033019617,0.0562499410623289,nonsingular_isothermal,1.0,0.01,2.0,0.3,1.0,0.0,strict_pass,1.0,none,none,,,0.9987129987129987,1.0,0.9987129987129987,0.9903474903474904,0.9968253968253968,0.9952380952380953,0.009652509652509633,0.0031746031746031633,0.004761904761904745,0.0,0.0,3880.0,3885.0,1.0,inverse_phase_volume,geometric_mean,3880.0,3880.0,3880.0,0.0,420.0,0.0,0.0,7.495542689535091e+42,1.5837029706252298e+52,2112859650.357696,2.0882583033092927e-07,441.219670858659,0.0022664447350089737,4788679.63036606,2112859650.357678,0.0
22.865722085304164,2.016650230646527,0.0,3.08975512948781,18.030407993610222,-1000000.0,solver_failed_full,392.0,18.030407993610222,0.3360866062400163,0.8191576128225312,1.6183832716924407,1.0,0.0,90.0,reduced_spear_inconsistent,2.0,10.21819993802273,7.812208055587488,32.0,32.0,6672.0,63.69248888907469,0.06778817372436288,nonsingular_isothermal,1.0,0.01,2.0,0.3,1.0,0.0,strict_pass,1.0,none,none,,,1.0,1.0,1.0,1.0,1.0,1.0,0.0,0.0,0.0,0.0,0.0,3885.0,3885.0,1.0,inverse_phase_volume,geometric_mean,3885.0,3885.0,3885.0,0.0,420.0,0.0,0.0,1.214387989764358e+44,1.3626008041540581e+53,1122047332.1861982,4.6340140935032797e-07,519.9583150928631,0.0019232310955954281,2157956.319990403,1122047332.1862054,0.0
18.542881241635104,22.052972280667042,97.54657002807903,4.300992711770117,13.15672935509352,-1000000.0,solver_failed_full,393.0,13.15672935509352,0.39698342129906194,0.7657634069966035,1.5379108350289707,1.0,0.0,99.0,active_set_max_passes,2.0,7.859990774185338,5.296738580908183,32.0,32.0,5333.0,44.28260669458362,0.06114548590112924,nonsingular_isothermal,1.0,0.01,2.0,0.3,1.0,0.0,strict_pass,1.0,none,none,,,1.0,1.0,1.0,1.0,1.0,1.0,0.0,0.0,0.0,0.0,0.0,3885.0,3885.0,1.0,inverse_phase_volume,geometric_mean,3885.0,3885.0,3885.0,0.0,420.0,0.0,0.0,5.5422458662070205e+41,4.856442890378473e+52,87625901261.25359,1.8880827328161167e-08,1654.4495111882113,0.0006044306539652628,52963780.803634495,87625901261.25267,0.0
18.342767294117856,88.54629704000759,334965.35845409223,2.1959647242124842,13.037704389032358,-1000000.0,solver_failed_full,394.0,13.037704389032358,0.059162614952182224,0.6697476032222689,1.5274377828607724,1.0,0.0,102.0,active_set_max_passes,2.0,8.22056185624463,4.817142532787729,32.0,32.0,5129.0,50.74437009332833,0.0839187452089132,nonsingular_isothermal,1.0,0.01,2.0,0.3,1.0,0.0,strict_pass,1.0,none,none,,,0.9979407979407979,1.0,0.9979407979407979,0.9845559845559846,0.9915343915343915,0.9880952380952381,0.015444015444015413,0.00846560846560851,0.011904761904761862,0.0,0.0,3877.0,3885.0,1.0,inverse_phase_volume,geometric_mean,3877.0,3877.0,3877.0,0.0,420.0,0.0,0.0,2.4528876667744095e+42,3.8272167604997745e+52,15602902702.562943,1.5003714564976726e-07,2341.0149853435914,0.0004271651425816182,6665016.157627437,15602902702.562994,0.0
13.71312255971765,2.765585315326479,2394514.0176174804,1.616656475455951,19.939818557900807,-1000000.0,solver_failed_full,395.0,19.939818557900807,0.3170830822259916,0.9790464837051309,1.3845808154493506,1.0,0.0,67.0,active_set_max_passes,2.0,8.63023519991924,11.309583357981568,32.0,32.0,6985.0,80.10053570811874,0.06564066751592314,nonsingular_isothermal,1.0,0.01,2.0,0.3,1.0,0.0,strict_pass,1.0,none,none,,,0.9966537966537966,1.0,0.9966537966537966,0.974903474903475,0.9862433862433863,0.9857142857142858,0.025096525096525046,0.013756613756613745,0.014285714285714235,0.0,0.0,3872.0,3885.0,1.0,inverse_phase_volume,geometric_mean,3872.0,3872.0,3872.0,0.0,420.0,0.0,0.0,3.995323996854351e+42,2.8661785409882603e+52,7173832568.384682,1.9821101008581024e-08,142.19325995660162,0.007032682141932796,50451284.192895055,7173832568.384712,0.0
24.281238024855252,14.307944087900992,433803.24221211363,0.8880966968469397,18.98714739386672,-1000000.0,solver_failed_full,396.0,18.98714739386672,0.41524973958137323,0.885561422729576,1.6945039222847917,1.0,0.0,86.0,active_set_max_passes,2.0,10.711005860023992,8.276141533842727,32.0,32.0,5483.0,45.54206797531377,0.07324387064194907,nonsingular_isothermal,1.0,0.01,2.0,0.3,1.0,0.0,strict_pass,1.0,none,none,,,1.0,1.0,1.0,1.0,1.0,1.0,0.0,0.0,0.0,0.0,0.0,3885.0,3885.0,1.0,inverse_phase_volume,geometric_mean,3885.0,3885.0,3885.0,0.0,420.0,0.0,0.0,1.9927742144935495e+44,1.4440962055371636e+53,724666244.1907254,7.245694833981472e-07,525.0710461893531,0.0019045041756870675,1380129.88804071,724666244.1907303,0.0
10.721504598148002,13.819403475474386,0.0,1.7879979924864626,18.445245173998934,-1000000.0,solver_failed_full,397.0,18.445245173998934,0.014402806182083339,0.7620234060695665,1.5467298200383355,1.0,0.0,97.0,active_set_max_passes,2.0,7.300209557659536,11.145035616339394,32.0,32.0,4995.0,42.25172189460618,0.07121838398465936,nonsingular_isothermal,1.0,0.01,2.0,0.3,1.0,0.0,strict_pass,1.0,none,none,,,1.0,1.0,1.0,1.0,1.0,1.0,0.0,0.0,0.0,0.0,0.0,3885.0,3885.0,1.0,inverse_phase_volume,geometric_mean,3885.0,3885.0,3885.0,0.0,420.0,0.0,0.0,6.1117956680281165e+40,8.075568424403325e+51,132130864038.0118,1.1757051778111031e-08,1553.4694099814699,0.0006437204321982292,85055336.90527532,132130864038.0132,0.0
20.4191630361034,41.16610842793752,265.69515628159706,4.966786285593635,16.182688031697246,-1000000.0,solver_failed_full,398.0,16.182688031697246,0.17564092579108603,0.7415937848021924,1.517183854975148,1.0,0.0,104.0,reduced_spear_inconsistent,2.0,9.059704650711408,7.122983380985841,32.0,32.0,6393.0,55.17837377157043,0.06279898277144554,nonsingular_isothermal,1.0,0.01,2.0,0.3,1.0,0.0,strict_pass,1.0,none,none,,,0.9981981981981982,1.0,0.9981981981981982,0.9864864864864865,0.9925925925925926,0.9976190476190476,0.013513513513513487,0.007407407407407418,0.0023809523809523725,0.0,0.0,3878.0,3885.0,1.0,inverse_phase_volume,geometric_mean,3878.0,3878.0,3878.0,0.0,420.0,0.0,0.0,1.1547333740345223e+40,8.386553768697918e+52,7262762086278.101,7.467386010717214e-10,5423.384800224063,0.00018438669517949118,1339156698.9637299,7262762086278.124,0.0
13.89023330230557,5.9597070447780505,1672830.6624189105,4.612311889680348,14.153965994884796,-1000000.0,solver_failed_full,399.0,14.153965994884796,0.2610683996180363,0.8370413198925001,1.1837551868585348,1.0,0.0,86.0,reduced_spear_inconsistent,2.0,6.795013997997402,7.358951996887393,32.0,32.0,6458.0,53.17608912958,0.07509942973978707,nonsingular_isothermal,1.0,0.01,2.0,0.3,1.0,0.0,strict_pass,1.0,none,none,,,0.9969111969111969,1.0,0.9969111969111969,0.9768339768339769,0.9873015873015873,0.9857142857142858,0.02316602316602312,0.012698412698412653,0.014285714285714235,0.0,0.0,3873.0,3885.0,1.0,inverse_phase_volume,geometric_mean,3873.0,3873.0,3873.0,0.0,420.0,0.0,0.0,3.028592991626642e+42,2.641439012062637e+52,8721670489.78058,2.0459096865695315e-08,178.43750138109846,0.005604203108987986,48878012.87439744,8721670489.780642,0.0
20.4676389081187,171.0793289448202,276994.38786202174,1.4061532873891396,11.733752305477356,-1000000.0,solver_failed_full,400.0,11.733752305477356,0.08063535340276928,0.5888992777384501,1.49627058201372,1.0,0.0,108.0,reduced_spear_inconsistent,2.0,7.375386633578796,4.358365671898558,32.0,32.0,4721.0,32.85974888815236,0.0871212771226971,nonsingular_isothermal,1.0,0.01,2.0,0.3,1.0,0.0,strict_pass,1.0,none,none,,,0.9961389961389961,1.0,0.9961389961389961,0.971042471042471,0.9841269841269841,0.9761904761904762,0.02895752895752901,0.015873015873015928,0.023809523809523836,0.0,0.0,3870.0,3885.0,1.0,inverse_phase_volume,geometric_mean,3870.0,3870.0,3870.0,0.0,420.0,0.0,0.0,1.687901204979188e+42,4.727942007003529e+52,28010774523.155964,2.3041748644216624e-07,6454.172258923865,0.0001549385358621858,4339948.3929836005,28010774523.155964,0.0
24.93590353512371,6.7167953243947816,2312547.212582282,1.7482577357124043,22.85691529643158,-1000000.0,solver_failed_full,401.0,22.85691529643158,0.3816494187846473,0.960027543392471,1.4813340514537046,1.0,0.0,81.0,active_set_max_passes,2.0,11.458935329246131,11.397979967185446,32.0,32.0,6472.0,73.3601707205748,0.06654555247744019,nonsingular_isothermal,1.0,0.01,2.0,0.3,1.0,0.0,strict_pass,1.0,none,none,,,1.0,1.0,1.0,1.0,1.0,1.0,0.0,0.0,0.0,0.0,0.0,3885.0,3885.0,1.0,inverse_phase_volume,geometric_mean,3885.0,3885.0,3885.0,0.0,420.0,0.0,0.0,1.2480779966915051e+36,3.3471662678192805e+53,2.6818566441297654e+17,1.6825317764969218e-15,451.2309023757677,0.002216160273454052,594342415381912.1,2.6818566441297357e+17,0.0
13.302019981307458,36.5221538528548,230747.06100513964,3.788919391544742,17.33986850567597,-1000000.0,solver_failed_full,402.0,17.33986850567597,0.19590570106473848,0.8989399983261346,1.684864238281512,1.0,0.0,88.0,active_set_max_passes,2.0,8.79008156444412,8.549786941231845,32.0,32.0,4790.0,57.46444389078596,0.07904171224972678,nonsingular_isothermal,1.0,0.01,2.0,0.3,1.0,0.0,strict_pass,1.0,none,none,,,0.9979407979407979,1.0,0.9979407979407979,0.9845559845559846,0.9915343915343915,0.9904761904761905,0.015444015444015413,0.00846560846560851,0.00952380952380949,0.0,0.0,3877.0,3885.0,1.0,inverse_phase_volume,geometric_mean,3877.0,3877.0,3877.0,0.0,420.0,0.0,0.0,2.4288105650318503e+42,1.916152856848557e+52,7889264335.538781,1.581668029947124e-07,1247.8197179323768,0.0008013978186344007,6322439.229130973,7889264335.538805,0.0
18.623921389169183,153.15883088976761,17751.968454473434,4.947851356119136,18.71428292481911,-1000000.0,solver_failed_full,403.0,18.71428292481911,0.1666687131254676,0.7215387996687855,1.8071313746969573,1.0,0.0,91.0,active_set_max_passes,2.0,12.740617444775944,5.973665480043161,32.0,32.0,1889.0,40.09053053437094,0.07844544250960374,nonsingular_isothermal,1.0,0.01,2.0,0.3,1.0,0.0,strict_pass,1.0,none,none,,,0.9984555984555985,1.0,0.9984555984555985,0.9884169884169884,0.9936507936507937,0.9952380952380953,0.01158301158301156,0.006349206349206327,0.004761904761904745,0.0,0.0,3879.0,3885.0,1.0,inverse_phase_volume,geometric_mean,3879.0,3879.0,3879.0,0.0,420.0,0.0,0.0,1.913597243842641e+41,3.944275598627793e+52,206118377904.19284,1.5309873567197946e-07,31556.463055891472,3.168922950043046e-05,6531732.58166248,206118377904.19467,0.0
24.203485439103453,73.46737724729373,602228.336399271,3.578071279676714,16.225940639835443,-1000000.0,solver_failed_full,404.0,16.225940639835443,0.24984408048950435,0.7298099898855069,1.5377177665825914,1.0,0.0,101.0,reduced_spear_inconsistent,2.0,8.82245836131,7.403482278525443,32.0,32.0,5821.0,56.66848551634472,0.05299672713350269,nonsingular_isothermal,1.0,0.01,2.0,0.3,1.0,0.0,strict_pass,1.0,none,none,,,0.9956241956241956,1.0,0.9956241956241956,0.9671814671814671,0.9841269841269841,0.9809523809523809,0.032818532818532864,0.015873015873015928,0.01904761904761909,0.0,0.0,3868.0,3885.0,1.0,inverse_phase_volume,geometric_mean,3868.0,3868.0,3868.0,0.0,420.0,0.0,0.0,1.0174130360466986e+42,2.0741530859758155e+53,203865393157.84955,1.5062748050169414e-08,3070.773053285438,0.0003256508972325696,66388948.19652466,203865393157.85077,0.0
17.34753151652012,3.0220895854698533,27569.35936231092,3.3881067773256177,17.938724743941282,-1000000.0,solver_failed_full,405.0,17.938724743941282,0.14306854353485932,0.873658573780912,1.7095307000114885,1.0,0.0,84.0,active_set_max_passes,2.0,10.347447777208519,7.591276966732763,32.0,32.0,6568.0,69.11982167179995,0.05509296065790906,nonsingular_isothermal,1.0,0.01,2.0,0.3,1.0,0.0,strict_pass,1.0,none,none,,,1.0,1.0,1.0,1.0,1.0,1.0,0.0,0.0,0.0,0.0,0.0,3885.0,3885.0,1.0,inverse_phase_volume,geometric_mean,3885.0,3885.0,3885.0,0.0,420.0,0.0,0.0,6.37877549929432e+44,4.6203661943222706e+52,72433434.83139388,7.565272336312712e-06,547.978660754057,0.001824888579828875,132182.94802159054,72433434.83139431,0.0
22.802584421596684,26.399989629335245,3791.085011820197,0.5913845515339105,21.550413694358497,-1000000.0,solver_failed_full,406.0,21.550413694358497,0.2032094568295335,0.9143065018125898,1.7956545121508924,1.0,0.0,84.0,reduced_spear_inconsistent,2.0,12.09745581794556,9.452957876412936,32.0,32.0,6479.0,50.96294757143535,0.07789776448687205,nonsingular_isothermal,1.0,0.01,2.0,0.3,1.0,0.0,strict_pass,1.0,none,none,,,1.0,1.0,1.0,1.0,1.0,1.0,0.0,0.0,0.0,0.0,0.0,3885.0,3885.0,1.0,inverse_phase_volume,geometric_mean,3885.0,3885.0,3885.0,0.0,420.0,0.0,0.0,6.737892426198378e+41,1.2005156850572233e+53,178173768460.49954,1.151659046650985e-08,2051.9543232343162,0.0004873402827134024,86831254.6936519,178173768460.49902,0.0
9.755483536994975,7.338483594146595,229.22029948751128,0.5794086179282516,23.793398892447996,-1000000.0,solver_failed_full,407.0,23.793398892447996,0.24142113885417515,0.8863376215691757,1.7207810117367557,1.0,0.0,84.0,active_set_max_passes,2.0,8.378227714068615,15.415171178379383,32.0,32.0,6263.0,72.9117042343607,0.050492456959803415,nonsingular_isothermal,1.0,0.01,2.0,0.3,1.0,0.0,strict_pass,1.0,none,none,,,1.0,1.0,1.0,1.0,1.0,1.0,0.0,0.0,0.0,0.0,0.0,3885.0,3885.0,1.0,inverse_phase_volume,geometric_mean,3885.0,3885.0,3885.0,0.0,420.0,0.0,0.0,2.634799992991693e+42,3.9444699219668935e+51,1497066165.3479555,4.146582029365092e-07,620.7707658002372,0.0016109006014658203,2411624.7861931627,1497066165.3479629,0.0
22.467352268330192,31.973790114686583,0.0,4.4527899727649505,17.543389544579203,-1000000.0,solver_failed_full,408.0,17.543389544579203,0.2950006967905594,0.7888551276472663,1.5748842684850417,1.0,0.0,98.0,reduced_spear_inconsistent,2.0,9.609705520284212,7.933684024294997,32.0,32.0,6114.0,55.300083626681655,0.061639651349600734,nonsingular_isothermal,1.0,0.01,2.0,0.3,1.0,0.0,strict_pass,1.0,none,none,,,1.0,1.0,1.0,1.0,1.0,1.0,0.0,0.0,0.0,0.0,0.0,3885.0,3885.0,1.0,inverse_phase_volume,geometric_mean,3885.0,3885.0,3885.0,0.0,420.0,0.0,0.0,1.7213928083816133e+37,1.239111093688403e+53,7198305277302553.0,7.499053615950289e-13,5398.04772184704,0.00018525215995271563,1333501600619.3455,7198305277302639.0,0.0
14.902239890860757,11.016184233009483,14527.509828725515,3.48025824528297,13.832153158672323,-1000000.0,solver_failed_full,409.0,13.832153158672323,0.11250839593304285,0.7711973059648313,1.5479367079960893,1.0,0.0,97.0,reduced_spear_inconsistent,2.0,7.897144202363276,5.935008956309042,32.0,32.0,6548.0,47.1457890641923,0.07912073506236206,nonsingular_isothermal,1.0,0.01,2.0,0.3,1.0,0.0,strict_pass,1.0,none,none,,,1.0,1.0,1.0,1.0,1.0,1.0,0.0,0.0,0.0,0.0,0.0,3885.0,3885.0,1.0,inverse_phase_volume,geometric_mean,3885.0,3885.0,3885.0,0.0,420.0,0.0,0.0,1.2145507118138044e+39,2.5250617798873885e+52,20790089333663.746,4.117999716730335e-11,856.1358198682502,0.001168038968576141,24283634501.898254,20790089333663.594,0.0
3.5271470213234455,260.2147338385321,20818.063423590444,0.24772530644434454,174.1625178078962,-1000000.0,solver_failed_full,410.0,174.1625178078962,1.804120553681912,1.622984993712481,3.6605096558670693,0.0,0.0,9.0,active_set_max_passes,2.0,41.46555837889171,132.69695942900447,32.0,32.0,6776.0,570.7104635680555,0.009294214918486794,nonsingular_isothermal,1.0,0.01,2.0,0.3,1.0,0.0,strict_pass,1.0,none,none,,,0.9953667953667954,1.0,0.9953667953667954,0.9768339768339769,0.9809523809523809,0.9785714285714285,0.02316602316602312,0.01904761904761909,0.021428571428571463,0.0,0.0,3867.0,3885.0,1.0,inverse_phase_volume,geometric_mean,3867.0,3867.0,3867.0,0.0,420.0,0.0,0.0,5.1049721664493686e+39,2.668542457681469e+49,5227339877.031112,5.7053547635215e-07,2982.382846796528,0.0003353023576681752,1752739.385101397,5227339877.031101,0.0
3.808718093751198,369.41006085147853,0.0,1.2849656870935702,168.49983299720597,-1000000.0,solver_failed_full,411.0,168.49983299720597,1.2741412903953915,0.7337262512409322,1.5082151443682392,1.0,0.0,93.0,active_set_max_passes,2.0,60.18709109304378,108.31274190416215,32.0,32.0,2801.0,29.221890111673034,0.08863168633061232,nonsingular_isothermal,1.0,0.01,2.0,0.3,1.0,0.0,strict_pass,1.0,none,none,,,1.0,1.0,1.0,1.0,1.0,1.0,0.0,0.0,0.0,0.0,0.0,3885.0,3885.0,1.0,inverse_phase_volume,geometric_mean,3885.0,3885.0,3885.0,0.0,420.0,0.0,0.0,4.449609686901764e+34,2.3180789310579447e+49,520962307746144.94,1.2951393550879962e-09,674718.7872794875,1.4820989408521864e-06,772117684.534462,520962307746138.0,0.0
14.573317728502666,15.460359704086166,181478.1308008346,2.160245618193138,15.641028352902982,-1000000.0,solver_failed_full,412.0,15.641028352902982,0.35138466930389356,0.8796853296853525,1.6424874491744796,1.0,0.0,88.0,reduced_spear_inconsistent,2.0,8.668994487419228,6.972033865483752,32.0,32.0,6265.0,48.749702756903325,0.07134498587700694,nonsingular_isothermal,1.0,0.01,2.0,0.3,1.0,0.0,strict_pass,1.0,none,none,,,1.0,1.0,1.0,1.0,1.0,1.0,0.0,0.0,0.0,0.0,0.0,3885.0,3885.0,1.0,inverse_phase_volume,geometric_mean,3885.0,3885.0,3885.0,0.0,420.0,0.0,0.0,1.84978907770786e+43,1.736075471509939e+52,938526177.0824014,5.082285504883498e-07,476.98579857396027,0.002096498476452947,1967618.7003644595,938526177.0823996,0.0
12.159111926459248,264.75954771453104,1075079.5197659843,1.844274002319675,14.957275873528072,-1000000.0,solver_failed_full,413.0,14.957275873528072,0.04518218011905972,0.6055902103673955,1.0209456423971062,1.0,0.0,83.0,active_set_max_passes,2.0,4.720782774554331,10.23649309897374,32.0,32.0,6179.0,51.119386311077136,0.08978917426256343,nonsingular_isothermal,1.0,0.01,2.0,0.3,1.0,0.0,strict_pass,1.0,none,none,,,0.9812097812097812,1.0,0.9812097812097812,0.9478764478764479,0.9227513227513228,0.930952380952381,0.05212355212355213,0.07724867724867723,0.06904761904761902,0.0,0.0,3812.0,3885.0,1.0,inverse_phase_volume,geometric_mean,3812.0,3812.0,3812.0,0.0,420.0,0.0,0.0,3.01079119591519e+43,8.160028616855882e+51,271026055.4742814,4.113390337964258e-06,1114.835957924473,0.0008969929547856827,243108.46232378375,271026055.4742811,0.0
9.36519725769774,3.295287559897383,16646.928288841988,3.188892101007301,26.968217199012216,-1000000.0,solver_failed_full,414.0,26.968217199012216,0.36288841915728653,0.9467173123578757,1.8217912048475589,1.0,0.0,78.0,active_set_max_passes,2.0,8.987020809778235,17.98119638923398,32.0,32.0,6858.0,67.18676236159668,0.0684120487565514,nonsingular_isothermal,1.0,0.01,2.0,0.3,1.0,0.0,strict_pass,1.0,none,none,,,1.0,1.0,1.0,1.0,1.0,1.0,0.0,0.0,0.0,0.0,0.0,3885.0,3885.0,1.0,inverse_phase_volume,geometric_mean,3885.0,3885.0,3885.0,0.0,420.0,0.0,0.0,1.082230005780615e+42,4.131168781196895e+51,3817274293.9400144,1.367601257044458e-07,522.050912287584,0.0019155219854287441,7312072.834454056,3817274293.9399996,0.0
11.104435698311347,3.4455570139696485,101779.8482961881,2.7186191522376473,20.818131680078523,-1000000.0,solver_failed_full,415.0,20.818131680078523,0.34037659990129043,0.9261214925262463,1.7617277651038812,1.0,0.0,82.0,active_set_max_passes,2.0,9.309517919041182,11.508613761037335,32.0,32.0,6261.0,67.01558851118803,0.07126260255285174,nonsingular_isothermal,1.0,0.01,2.0,0.3,1.0,0.0,strict_pass,1.0,none,none,,,1.0,1.0,1.0,1.0,1.0,1.0,0.0,0.0,0.0,0.0,0.0,3885.0,3885.0,1.0,inverse_phase_volume,geometric_mean,3885.0,3885.0,3885.0,0.0,420.0,0.0,0.0,2.328141843483964e+42,6.038160948373831e+51,2593553724.088384,1.3003673766893542e-07,337.2572652495745,0.002965095501382269,7690134.479887762,2593553724.0884056,0.0
23.217739377771913,24.171658337019267,7934.049049581698,2.750276418546514,19.371825847365752,-1000000.0,solver_failed_full,416.0,19.371825847365752,0.38804646455827196,0.8702215810751989,1.7034242039514322,1.0,0.0,89.0,active_set_max_passes,2.0,11.033890873015466,8.337934974350281,32.0,32.0,6650.0,92.32863694541705,0.050322692087406085,nonsingular_isothermal,1.0,0.01,2.0,0.3,1.0,0.0,strict_pass,1.0,none,none,,,1.0,1.0,1.0,1.0,1.0,1.0,0.0,0.0,0.0,0.0,0.0,3885.0,3885.0,1.0,inverse_phase_volume,geometric_mean,3885.0,3885.0,3885.0,0.0,420.0,0.0,0.0,3.497336937436684e+41,1.2384341162318031e+53,354107750664.56506,4.773151312684548e-09,1690.2098749163438,0.0005916425024137873,209505195.72730103,354107750664.56555,0.0
11.70011706832719,126.9748790650787,13621.775890553845,2.2478429059748057,27.145023629411085,-1000000.0,solver_failed_full,417.0,27.145023629411085,0.34022399753867916,0.693481514107132,1.7058320668799043,1.0,0.0,95.0,active_set_max_passes,2.0,15.42289256454911,11.722131064861973,32.0,32.0,563.0,31.738374385043187,0.07833272769874164,nonsingular_isothermal,1.0,0.01,2.0,0.3,1.0,0.0,strict_pass,1.0,none,none,,,1.0,1.0,1.0,1.0,1.0,1.0,0.0,0.0,0.0,0.0,0.0,3885.0,3885.0,1.0,inverse_phase_volume,geometric_mean,3885.0,3885.0,3885.0,0.0,420.0,0.0,0.0,2.0446523807986122e+40,5.479006467000856e+51,267967627086.8515,5.332554395896971e-08,14289.51947780082,6.998135952391743e-05,18752738.851936143,267967627086.8537,0.0
13.679820567053477,1.9464549747070152,3523.3786709328615,1.758017189084051,16.19327426955387,-1000000.0,solver_failed_full,418.0,16.19327426955387,0.23501059209448272,0.8406376882384458,1.64328898801386,1.0,0.0,88.0,reduced_spear_inconsistent,2.0,8.369504134515548,7.823770135038313,32.0,32.0,6167.0,48.45737726525495,0.07729218959686877,nonsingular_isothermal,1.0,0.01,2.0,0.3,1.0,0.0,strict_pass,1.0,none,none,,,1.0,1.0,1.0,1.0,1.0,1.0,0.0,0.0,0.0,0.0,0.0,3885.0,3885.0,1.0,inverse_phase_volume,geometric_mean,3885.0,3885.0,3885.0,0.0,420.0,0.0,0.0,2.1202476156131996e+43,1.6930441140366618e+52,798512448.0599943,6.25193705568503e-07,499.22495634520664,0.002003104987621081,1599504.2673865007,798512448.0599976,0.0
11.544395706362447,213.8222747604185,962884.2105465318,3.9750921391096745,14.952342696439215,-1000000.0,solver_failed_full,419.0,14.952342696439215,0.11928641536481521,0.5934637089452363,0.9491108216911969,1.0,0.0,95.0,reduced_spear_inconsistent,2.0,4.290003177969,10.662339518470214,32.0,32.0,6022.0,54.75181981029624,0.05963706573571969,nonsingular_isothermal,1.0,0.01,2.0,0.3,1.0,0.0,severe_coverage_warn,0.0,inner,joint,2,1 planned shell-band/Lfrac/third-integral cells have no successful orbit,0.9799227799227799,1.0,0.9799227799227799,0.9397089397089398,0.9174603174603174,0.9238095238095239,0.06029106029106024,0.08253968253968258,0.07619047619047614,1.0,0.0,3807.0,3885.0,1.0,inverse_phase_volume,geometric_mean,3807.0,3807.0,3807.0,0.0,420.0,0.0,0.0,3.004490008034209e+44,5.9589351985007805e+51,19833433.236809526,4.002086239039452e-05,793.7511022994264,0.0012598407701143203,24986.967803072923,19833433.23680941,0.0
4.360778618383468,27.285004801749498,31958.118709625393,3.764629421089475,92.38887193009967,-1000000.0,solver_failed_full,420.0,92.38887193009967,0.30131622685837556,0.9659787539468146,2.0140659423338954,0.0,0.0,69.0,active_set_max_passes,2.0,15.699028014792464,76.68984391530721,32.0,32.0,1704.0,53.490050098218774,0.06497290074768018,nonsingular_isothermal,1.0,0.01,2.0,0.3,1.0,0.0,strict_pass,1.0,none,none,,,0.9971685971685972,1.0,0.9971685971685972,0.9787644787644788,0.9883597883597883,0.9880952380952381,0.021235521235521193,0.011640211640211673,0.011904761904761862,0.0,0.0,3874.0,3885.0,1.0,inverse_phase_volume,geometric_mean,3874.0,3874.0,3874.0,0.0,420.0,0.0,0.0,1.004324229869241e+41,2.0057325536301574e+50,1997096648.6503026,3.7872081346048234e-07,756.3420673360482,0.0013221530881154767,2640467.5012780754,1997096648.650309,0.0
19.86589232510983,125.26900608640594,1320757.5966667049,3.6312302145933217,14.005315190819065,-1000000.0,solver_failed_full,421.0,14.005315190819065,0.2936834857342294,0.6849402927522923,1.465764874500664,1.0,0.0,93.0,reduced_spear_inconsistent,2.0,9.149728973613273,4.855586217205787,32.0,32.0,6273.0,59.27040381962529,0.07710610763151893,nonsingular_isothermal,1.0,0.01,2.0,0.3,1.0,0.0,strict_pass,1.0,none,none,,,0.9927927927927928,1.0,0.9927927927927928,0.9594594594594594,0.9703703703703703,0.9714285714285714,0.04054054054054057,0.029629629629629672,0.02857142857142858,0.0,0.0,3857.0,3885.0,1.0,inverse_phase_volume,geometric_mean,3857.0,3857.0,3857.0,0.0,420.0,0.0,0.0,4.4602790324912104e+42,6.864322838821673e+52,15389895539.758924,9.717789385792064e-08,1495.557635247163,0.0006686469156601478,10290406.18499156,15389895539.75876,0.0
1.9494262346829383,378.08193777020034,1178.680427980079,2.3722060427813263,317.6020550633593,-1000000.0,solver_failed_full,422.0,317.6020550633593,1.8512140361256115,1.891849165579161,4.375951009793467,0.0,0.0,2.0,active_set_max_passes,2.0,57.557194476315836,260.04486058704333,32.0,32.0,7416.0,501.55653379668087,0.008766866193251493,nonsingular_isothermal,1.0,0.01,2.0,0.3,1.0,0.0,strict_pass,1.0,none,none,,,0.9994851994851995,1.0,0.9994851994851995,0.9961389961389961,0.9978835978835979,0.9976190476190476,0.0038610038610038533,0.002116402116402072,0.0023809523809523725,0.0,0.0,3883.0,3885.0,1.0,inverse_phase_volume,geometric_mean,3883.0,3883.0,3883.0,0.0,420.0,0.0,0.0,6.078084487980009e+36,1.3841330982088655e+48,227725215229.58765,4.382586227123716e-08,9980.253918339731,0.00010019785149578191,22817577.29741916,227725215229.58728,0.0
24.570960877395784,8.894516706652801,363618.652615779,2.435456160978162,21.527128168029304,-1000000.0,solver_failed_full,423.0,21.527128168029304,0.22305037594299648,0.9175970540606031,1.6849667250753468,1.0,0.0,85.0,active_set_max_passes,2.0,11.398821376053936,10.128306791975366,32.0,32.0,6550.0,69.53872770508059,0.06724844833721434,nonsingular_isothermal,1.0,0.01,2.0,0.3,1.0,0.0,strict_pass,1.0,none,none,,,1.0,1.0,1.0,1.0,1.0,1.0,0.0,0.0,0.0,0.0,0.0,3885.0,3885.0,1.0,inverse_phase_volume,geometric_mean,3885.0,3885.0,3885.0,0.0,420.0,0.0,0.0,3.01542159253108e+44,1.4532642623492088e+53,481943972.9253149,8.571249910227346e-07,413.0862234670722,0.002420802106656824,1166690.9849481634,481943972.9253156,0.0
16.32595879719989,67.28886861203057,92999.5992122233,2.894292918389567,14.559489238548654,-1000000.0,solver_failed_full,424.0,14.559489238548654,0.19669129429187038,0.7610245606720035,1.6117754740763865,1.0,0.0,99.0,active_set_max_passes,2.0,8.818327071869719,5.741162166678935,32.0,32.0,5219.0,48.8219202189208,0.08353718073170222,nonsingular_isothermal,1.0,0.01,2.0,0.3,1.0,0.0,strict_pass,1.0,none,none,,,0.9987129987129987,1.0,0.9987129987129987,0.9903474903474904,0.9947089947089947,0.9952380952380953,0.009652509652509633,0.005291005291005346,0.004761904761904745,0.0,0.0,3880.0,3885.0,1.0,inverse_phase_volume,geometric_mean,3880.0,3880.0,3880.0,0.0,420.0,0.0,0.0,1.131387918136441e+43,2.6461536755114127e+52,2338856225.254738,1.3764867299233467e-06,3219.4045572617747,0.0003106164454368971,726487.2070765896,2338856225.254751,0.0
1.5456976871259935,256.3326994758686,0.0,1.3492974263446218,333.60712203129174,-1000000.0,solver_failed_full,425.0,333.60712203129174,2.5376950882117626,1.8396857265588442,4.264615846655729,0.0,0.0,6.0,active_set_max_passes,2.0,55.54529421009767,278.0618278211941,32.0,32.0,6153.0,261.33188736830266,0.025801928215261227,nonsingular_isothermal,1.0,0.01,2.0,0.3,1.0,0.0,strict_pass,1.0,none,none,,,0.9987129987129987,1.0,0.9987129987129987,0.9916839916839917,0.9957671957671957,0.9904761904761905,0.008316008316008316,0.004232804232804255,0.00952380952380949,0.0,0.0,3880.0,3885.0,1.0,inverse_phase_volume,geometric_mean,3880.0,3880.0,3880.0,0.0,420.0,0.0,0.0,1.5565780957876096e+32,1.121629420444593e+48,7205738173239950.0,2.647649068025836e-11,190782.6595881696,5.241566514266215e-06,37769355919.42436,7205738173239956.0,0.0
9.984002381438655,1.0928813596396527,17602.5060056099,4.467663648351979,25.361295199631968,-1000000.0,solver_failed_full,426.0,25.361295199631968,0.30664586072565925,0.96161654939982,1.8651729773682921,1.0,0.0,76.0,active_set_max_passes,2.0,9.666813059364658,15.69448214026731,32.0,32.0,6929.0,78.34802822692951,0.06940649241935958,nonsingular_isothermal,1.0,0.01,2.0,0.3,1.0,0.0,strict_pass,1.0,none,none,,,1.0,1.0,1.0,1.0,1.0,1.0,0.0,0.0,0.0,0.0,0.0,3885.0,3885.0,1.0,inverse_phase_volume,geometric_mean,3885.0,3885.0,3885.0,0.0,420.0,0.0,0.0,6.192490092207603e+43,3.93162253280657e+51,63490170.743332736,5.3926538576655695e-06,342.38051418287955,0.0029207269648116093,185437.4536905454,63490170.743332855,0.0
6.751323477600516,1.5782134837410906,8664.84827479756,1.3201945317720272,48.36627973141395,-1000000.0,solver_failed_full,427.0,48.36627973141395,0.24525875838168787,0.9827511752685739,1.8763094206162674,1.0,0.0,76.0,active_set_max_passes,2.0,10.716281038802972,37.64999869261097,32.0,32.0,5261.0,60.51566130916335,0.062238039615354936,nonsingular_isothermal,1.0,0.01,2.0,0.3,1.0,0.0,strict_pass,1.0,none,none,,,1.0,1.0,1.0,1.0,1.0,1.0,0.0,0.0,0.0,0.0,0.0,3885.0,3885.0,1.0,inverse_phase_volume,geometric_mean,3885.0,3885.0,3885.0,0.0,420.0,0.0,0.0,7.965066124773915e+43,9.241016555974118e+50,11601933.256061222,3.4211376805185546e-05,396.918110291723,0.0025194113699297566,29230.04255848675,11601933.2560612,0.0
16.514472950647612,20.166983121325586,16632.0802635684,3.122339672850498,15.830901620534965,-1000000.0,solver_failed_full,428.0,15.830901620534965,0.22324854713523123,0.8200955412950631,1.6603991979455104,1.0,0.0,91.0,active_set_max_passes,2.0,9.368547255228927,6.462354365306033,32.0,32.0,6507.0,59.97639931831136,0.06020158443501594,nonsingular_isothermal,1.0,0.01,2.0,0.3,1.0,0.0,strict_pass,1.0,none,none,,,1.0,1.0,1.0,1.0,1.0,1.0,0.0,0.0,0.0,0.0,0.0,3885.0,3885.0,1.0,inverse_phase_volume,geometric_mean,3885.0,3885.0,3885.0,0.0,420.0,0.0,0.0,1.7395892850194818e+41,3.705178073861594e+52,212991543795.35623,6.521070380201516e-09,1388.9328474772872,0.0007199772125890001,153349058.00680804,212991543795.35556,0.0
15.439764579186722,5.217375466296088,158978.1354693282,3.5143410071555654,17.561457304826757,-1000000.0,solver_failed_full,429.0,17.561457304826757,0.2914071114769996,0.879365140125163,1.7584006513387085,1.0,0.0,83.0,active_set_max_passes,2.0,10.205366860539852,7.356090444286895,32.0,32.0,6598.0,75.2768657384802,0.07083276354258099,nonsingular_isothermal,1.0,0.01,2.0,0.3,1.0,0.0,strict_pass,1.0,none,none,,,0.9979407979407979,1.0,0.9979407979407979,0.9845559845559846,0.9915343915343915,0.9976190476190476,0.015444015444015413,0.00846560846560851,0.0023809523809523725,0.0,0.0,3877.0,3885.0,1.0,inverse_phase_volume,geometric_mean,3877.0,3877.0,3877.0,0.0,420.0,0.0,0.0,8.502311334912465e+44,3.0709952051717733e+52,36119533.66799865,1.3352072320042458e-05,482.27062570132654,0.0020735245870423524,74894.74113309926,36119533.66799866,0.0
9.20897521602363,1.1869467108326852,2295004.0072943848,3.706828590158881,28.610390150797922,-1000000.0,solver_failed_full,430.0,28.610390150797922,0.3131143359686952,1.0764815053516572,1.5223747445119709,1.0,0.0,44.0,reduced_spear_inconsistent,2.0,9.060661794715237,19.549728356082685,32.0,32.0,6567.0,134.62916154323074,0.04514829510496244,nonsingular_isothermal,1.0,0.01,2.0,0.3,1.0,0.0,strict_pass,1.0,none,none,,,0.9938223938223938,1.0,0.9938223938223938,0.9536679536679536,0.9746031746031746,0.969047619047619,0.04633204633204635,0.025396825396825418,0.030952380952380953,0.0,0.0,3861.0,3885.0,1.0,inverse_phase_volume,geometric_mean,3861.0,3861.0,3861.0,0.0,420.0,0.0,0.0,4.219908947951511e+42,1.4215506359121205e+52,3368676086.2510796,5.025496101206515e-08,169.29268537682248,0.00590692975171453,19898532.99776556,3368676086.2510448,0.0
13.674424356926417,4.9253142557771525,426314.5948451382,4.613716192170771,18.21584369364445,-1000000.0,solver_failed_full,431.0,18.21584369364445,0.4414267779928629,0.9460061547420563,1.6676667829928324,1.0,0.0,76.0,reduced_spear_inconsistent,2.0,9.477326246032584,8.738517447611862,32.0,32.0,6397.0,52.5829570560725,0.08474413659295718,nonsingular_isothermal,1.0,0.01,2.0,0.3,1.0,0.0,strict_pass,1.0,none,none,,,1.0,1.0,1.0,1.0,1.0,1.0,0.0,0.0,0.0,0.0,0.0,3885.0,3885.0,1.0,inverse_phase_volume,geometric_mean,3885.0,3885.0,3885.0,0.0,420.0,0.0,0.0,6.342736122410817e+42,1.998442227102253e+52,3150757320.7107706,1.2286934388896988e-07,387.131484749103,0.002583101709353587,8138726.62088636,3150757320.7107863,0.0
0.27884388923116454,14.030610058660672,976691.1277437782,2.5738727989308203,227.81307868610787,-1000000.0,solver_failed_full,432.0,227.81307868610787,4.213328962188342,2.605589627570079,12.495968872717373,0.0,0.0,6.0,reduced_spear_inconsistent,2.0,177.67526513470014,50.13781355140776,32.0,32.0,6945.0,360.9878659983367,0.013676183030505787,nonsingular_isothermal,1.0,0.01,2.0,0.3,1.0,0.0,severe_coverage_warn,0.0,multiple,multiple,1;2;3;4;5;6;7;8,Lfrac minimum coverage 0.65 is below 0.8 | Lfrac coverage gap 0.35 exceeds 0.1 | third_integral minimum coverage 0.75 is below 0.8 | third_integral coverage gap 0.25 exceeds 0.1 | 24 planned shell-band/Lfrac/third-integral cells have no successful orbit,0.9148005148005148,1.0,0.9148005148005148,0.896049896049896,0.6497354497354497,0.75,0.022869022869022926,0.3502645502645503,0.25,24.0,0.0,3554.0,3885.0,1.0,inverse_phase_volume,geometric_mean,3554.0,3554.0,3554.0,0.0,420.0,0.0,0.0,1.8878486729139254e+44,2.639436502519394e+51,13981186.841874251,0.00023187777959379663,3241.92656097979,0.00030845856042395215,4312.616766262811,13981186.841874178,0.0
10.992313248926935,1.7664396542670924,3980.804436758942,2.9615099386449875,17.77134439063304,-1000000.0,solver_failed_full,433.0,17.77134439063304,0.26991734671800316,0.837387412286064,1.6249535744263042,1.0,0.0,89.0,reduced_spear_inconsistent,2.0,7.415456832691928,10.355887557941116,32.0,32.0,6185.0,46.602521794969974,0.07665138415257916,nonsingular_isothermal,1.0,0.01,2.0,0.3,1.0,0.0,strict_pass,1.0,none,none,,,1.0,1.0,1.0,1.0,1.0,1.0,0.0,0.0,0.0,0.0,0.0,3885.0,3885.0,1.0,inverse_phase_volume,geometric_mean,3885.0,3885.0,3885.0,0.0,420.0,0.0,0.0,3.7353982227519957e+43,6.91593710533078e+51,185145911.97282234,2.635817851131901e-06,488.01089984206465,0.0020491345589281527,379388.88666778296,185145911.97282386,0.0
3.0780636299082453,2.545687917854503,63586.160401297544,4.598125063016433,136.74234624399918,-1000000.0,solver_failed_full,434.0,136.74234624399918,0.7291045086517727,0.9382544975372232,1.3268922353745656,1.0,0.0,73.0,active_set_max_passes,2.0,16.61120857508413,120.13113766891504,32.0,32.0,1814.0,46.696770048561376,0.06766180565737644,nonsingular_isothermal,1.0,0.01,2.0,0.3,1.0,0.0,strict_pass,1.0,none,none,,,0.9997425997425997,1.0,0.9997425997425997,0.9980694980694981,0.9989417989417989,0.9976190476190476,0.0019305019305019266,0.0010582010582010914,0.0023809523809523725,0.0,0.0,3884.0,3885.0,1.0,inverse_phase_volume,geometric_mean,3884.0,3884.0,3884.0,0.0,420.0,0.0,0.0,2.502530777367547e+40,7.02733944638967e+49,2808093115.1551485,8.095210623899099e-08,227.32105218701855,0.004399064628547,12352983.096545361,2808093115.155146,0.0
7.778911346700024,1.3755308242874256,349090.9448090096,1.3897042669780308,26.772600337250648,-1000000.0,solver_failed_full,435.0,26.772600337250648,0.2206851492323132,0.8422189151874987,1.2435571426410434,1.0,0.0,85.0,reduced_spear_inconsistent,2.0,5.270148301650089,21.50245203560055,32.0,32.0,6727.0,65.60916980485379,0.06928424732165693,nonsingular_isothermal,1.0,0.01,2.0,0.3,1.0,0.0,strict_pass,1.0,none,none,,,1.0,1.0,1.0,1.0,1.0,1.0,0.0,0.0,0.0,0.0,0.0,3885.0,3885.0,1.0,inverse_phase_volume,geometric_mean,3885.0,3885.0,3885.0,0.0,420.0,0.0,0.0,5.477642971837204e+40,2.4259591545746494e+51,44288376716.910805,4.692174269037241e-09,207.80878164851748,0.004812116177512531,213120814.07521635,44288376716.91092,0.0
5.697453228771473,5.775697449956955,4046.2037619150487,4.072951256643805,70.72072191027718,-1000000.0,solver_failed_full,436.0,70.72072191027718,0.5165167656606968,1.1313118310230024,2.070324881004642,0.0,0.0,64.0,active_set_max_passes,2.0,13.034457987716953,57.686263922560244,32.0,32.0,5428.0,90.2407057874017,0.03650488397652874,nonsingular_isothermal,1.0,0.01,2.0,0.3,1.0,0.0,strict_pass,1.0,none,none,,,0.9966537966537966,1.0,0.9966537966537966,0.974903474903475,0.9915343915343915,0.9952380952380953,0.025096525096525046,0.00846560846560851,0.004761904761904745,0.0,0.0,3872.0,3885.0,1.0,inverse_phase_volume,geometric_mean,3872.0,3872.0,3872.0,0.0,420.0,0.0,0.0,6.651687111832737e+41,4.614447346060128e+50,693725857.5875362,7.357299824720138e-07,510.394913043259,0.0019592671761508016,1359194.3020183207,693725857.5875338,0.0
18.008805230359005,46.95191929653213,42697.44035378524,3.3485738251523496,15.395929091179546,-1000000.0,solver_failed_full,437.0,15.395929091179546,0.325586201654005,0.7979378814553487,1.6192178388949667,1.0,0.0,98.0,active_set_max_passes,2.0,8.92421490372716,6.4717141874523865,32.0,32.0,5818.0,59.93095572258594,0.07674406199880417,nonsingular_isothermal,1.0,0.01,2.0,0.3,1.0,0.0,strict_pass,1.0,none,none,,,1.0,1.0,1.0,1.0,1.0,1.0,0.0,0.0,0.0,0.0,0.0,3885.0,3885.0,1.0,inverse_phase_volume,geometric_mean,3885.0,3885.0,3885.0,0.0,420.0,0.0,0.0,7.587300345134832e+41,3.634109111488411e+52,47897261821.44211,5.110414261959328e-08,2447.748499210978,0.00040853870416929927,19567885.27778961,47897261821.442116,0.0
14.872189208452061,3.0257615070715533,2370.690603537963,2.804629400563568,17.27616730410993,-1000000.0,solver_failed_full,438.0,17.27616730410993,0.31496346338889225,0.8648555361370929,1.6596121195061013,1.0,0.0,86.0,active_set_max_passes,2.0,9.165871519143748,8.110295784966176,32.0,32.0,6615.0,71.14266286070982,0.06930193229818214,nonsingular_isothermal,1.0,0.01,2.0,0.3,1.0,0.0,strict_pass,1.0,none,none,,,1.0,1.0,1.0,1.0,1.0,1.0,0.0,0.0,0.0,0.0,0.0,3885.0,3885.0,1.0,inverse_phase_volume,geometric_mean,3885.0,3885.0,3885.0,0.0,420.0,0.0,0.0,1.3612663233374285e+43,2.1462563198485665e+52,1576661585.6525204,2.8974901355739054e-07,456.83613915665404,0.0021889686788923004,3451262.828206075,1576661585.6525376,0.0
20.181731826307765,3.342517765903224,928.4844197611912,2.2394642873423716,19.427458490622694,-1000000.0,solver_failed_full,439.0,19.427458490622694,0.4974134423414398,0.9015936305840971,1.6964085314625506,1.0,0.0,84.0,active_set_max_passes,2.0,10.558023724223428,8.869434766399262,32.0,32.0,6756.0,55.51567271188134,0.07692661332474995,nonsingular_isothermal,1.0,0.01,2.0,0.3,1.0,0.0,strict_pass,1.0,none,none,,,0.9987129987129987,1.0,0.9987129987129987,0.9903474903474904,0.9947089947089947,0.9976190476190476,0.009652509652509633,0.005291005291005346,0.0023809523809523725,0.0,0.0,3880.0,3885.0,1.0,inverse_phase_volume,geometric_mean,3880.0,3880.0,3880.0,0.0,420.0,0.0,0.0,3.948629338928576e+44,5.889678313926691e+52,149157538.18323195,2.5296247282465063e-06,377.31259699267224,0.0026503223268196925,395315.55366047646,149157538.18323046,0.0
7.717301404114741,3.989085959066397,3106.730079545345,1.7342414466415073,36.325858887485765,-1000000.0,solver_failed_full,440.0,36.325858887485765,0.1628449941476191,0.9160861720914709,1.7073254332182686,1.0,0.0,83.0,active_set_max_passes,2.0,8.379484978938128,27.946373908547645,32.0,32.0,4884.0,52.92246107508676,0.07153171793965002,nonsingular_isothermal,1.0,0.01,2.0,0.3,1.0,0.0,strict_pass,1.0,none,none,,,1.0,1.0,1.0,1.0,1.0,1.0,0.0,0.0,0.0,0.0,0.0,3885.0,3885.0,1.0,inverse_phase_volume,geometric_mean,3885.0,3885.0,3885.0,0.0,420.0,0.0,0.0,1.7287833233175604e+39,1.2393134707545503e+51,716870329577.3872,5.427509355608554e-10,389.08204205394935,0.0025701520294307027,1842465732.4019961,716870329577.394,0.0
21.62098893699201,5.588834479657185,0.0,3.297524450170869,20.539136519546787,-1000000.0,solver_failed_full,441.0,20.539136519546787,0.36762852103750276,0.9091321356428297,1.7136248247006725,1.0,0.0,83.0,active_set_max_passes,2.0,11.241144164303217,9.29799235524357,32.0,32.0,6667.0,69.66217525180032,0.06801077553619946,nonsingular_isothermal,1.0,0.01,2.0,0.3,1.0,0.0,strict_pass,1.0,none,none,,,0.9974259974259975,1.0,0.9974259974259975,0.9806949806949807,0.9915343915343915,0.9952380952380953,0.019305019305019266,0.00846560846560851,0.004761904761904745,0.0,0.0,3875.0,3885.0,1.0,inverse_phase_volume,geometric_mean,3875.0,3875.0,3875.0,0.0,420.0,0.0,0.0,4.866908911627884e+40,9.998003706430866e+52,2054282068551.5425,2.8333706426747763e-10,582.0542504807149,0.001718052912033726,3529365290.013642,2054282068551.5413,0.0
13.421567742767932,92.39290460641156,66998.88366894583,1.2667498170717053,15.894730930838593,-1000000.0,solver_failed_full,442.0,15.894730930838593,0.08224246558826209,0.6895795199943859,1.6119776966320585,1.0,0.0,99.0,active_set_max_passes,2.0,9.422894196316818,6.471836734521779,32.0,32.0,2914.0,43.615964412862766,0.07682019982933364,nonsingular_isothermal,1.0,0.01,2.0,0.3,1.0,0.0,strict_pass,1.0,none,none,,,0.9963963963963964,1.0,0.9963963963963964,0.972972972972973,0.9873015873015873,0.9880952380952381,0.027027027027026973,0.012698412698412653,0.011904761904761862,0.0,0.0,3871.0,3885.0,1.0,inverse_phase_volume,geometric_mean,3871.0,3871.0,3871.0,0.0,420.0,0.0,0.0,7.024936397407097e+40,9.521649997753085e+51,135540728899.23282,2.8976591230193357e-08,3927.5082963555033,0.00025461435713017874,34510615.55363381,135540728899.23206,0.0
22.69228419364822,16.796745772307776,132486.52393983363,1.2575480666590477,17.011391954592536,-1000000.0,solver_failed_full,443.0,17.011391954592536,0.36504759717960766,0.7857491162412737,1.6440305408040787,1.0,0.0,91.0,reduced_spear_inconsistent,2.0,9.771260619759634,7.2401313348328955,32.0,32.0,6162.0,64.34220022667732,0.07174675759009431,nonsingular_isothermal,1.0,0.01,2.0,0.3,1.0,0.0,strict_pass,1.0,none,none,,,0.9979407979407979,1.0,0.9979407979407979,0.9845559845559846,0.9915343915343915,0.9976190476190476,0.015444015444015413,0.00846560846560851,0.0023809523809523725,0.0,0.0,3877.0,3885.0,1.0,inverse_phase_volume,geometric_mean,3877.0,3877.0,3877.0,0.0,420.0,0.0,0.0,1.056242401020104e+42,1.5296384742469837e+53,144818885586.27078,7.487802789900067e-09,1084.3752555230922,0.0009221899844234362,133550525.84302184,144818885586.2701,0.0
10.114441827407417,1.9137154146822146,1989662.7971368553,4.6724389041777235,17.548982275210708,-1000000.0,solver_failed_full,444.0,17.548982275210708,0.188418496303548,0.8694071411754273,1.2295273702741896,1.0,0.0,72.0,reduced_spear_inconsistent,2.0,5.331370665080842,12.217611610129872,32.0,32.0,5954.0,67.26312612634653,0.061536757995410765,nonsingular_isothermal,1.0,0.01,2.0,0.3,1.0,0.0,strict_pass,1.0,none,none,,,0.9951093951093951,1.0,0.9951093951093951,0.9633204633204633,0.9798941798941799,0.9738095238095238,0.03667953667953672,0.02010582010582007,0.02619047619047621,0.0,0.0,3866.0,3885.0,1.0,inverse_phase_volume,geometric_mean,3866.0,3866.0,3866.0,0.0,420.0,0.0,0.0,2.606441344539033e+41,1.1017830082483269e+52,42271544324.477585,2.8659982194073013e-09,121.15017076554889,0.00825421865838894,348918569.88201606,42271544324.477356,0.0
18.499426708648304,1.0139728695603911,481.0390749924379,4.930609698696736,17.76755957851185,-1000000.0,solver_failed_full,445.0,17.76755957851185,0.1059652768802728,0.8637695776207512,1.6695144201757584,1.0,0.0,86.0,active_set_max_passes,2.0,10.175961735339179,7.591597843172673,32.0,32.0,6497.0,64.363486379526,0.07691156322312882,nonsingular_isothermal,1.0,0.01,2.0,0.3,1.0,0.0,strict_pass,1.0,none,none,,,1.0,1.0,1.0,1.0,1.0,1.0,0.0,0.0,0.0,0.0,0.0,3885.0,3885.0,1.0,inverse_phase_volume,geometric_mean,3885.0,3885.0,3885.0,0.0,420.0,0.0,0.0,6.753670973246174e+44,5.976642972917736e+52,88494731.18535773,5.68160238629515e-06,502.7918758772701,0.0019888945068080154,176006.68473600777,88494731.18535663,0.0
13.482980110901597,266.7141613889171,59477.71704950641,2.056872105365052,24.151744606974745,-1000000.0,solver_failed_full,446.0,24.151744606974745,0.14941565402852675,0.8532831344478892,1.9917612934425335,1.0,0.0,81.0,active_set_max_passes,2.0,13.16587326055263,10.985871346422112,32.0,32.0,2773.0,45.51515970180207,0.06239349743702029,nonsingular_isothermal,1.0,0.01,2.0,0.3,1.0,0.0,strict_pass,1.0,none,none,,,0.9979407979407979,1.0,0.9979407979407979,0.9845559845559846,0.9915343915343915,0.9880952380952381,0.015444015444015413,0.00846560846560851,0.011904761904761862,0.0,0.0,3877.0,3885.0,1.0,inverse_phase_volume,geometric_mean,3877.0,3877.0,3877.0,0.0,420.0,0.0,0.0,4.971911645246946e+41,6.707348437107306e+51,13490481962.847036,1.3298531090300271e-06,17940.359380605525,5.574024348035373e-05,751962.7492764095,13490481962.846954,0.0
9.91994297821803,2.466715398602329,552645.5400617705,1.394261407199784,20.950851421273413,-1000000.0,solver_failed_full,447.0,20.950851421273413,0.23312543414067832,0.9074867763980016,1.3209136680657008,1.0,0.0,80.0,reduced_spear_inconsistent,2.0,6.680677048239982,14.270174373033429,32.0,32.0,6594.0,84.91215652432301,0.05882750253525195,nonsingular_isothermal,1.0,0.01,2.0,0.3,1.0,0.0,strict_pass,1.0,none,none,,,1.0,1.0,1.0,1.0,1.0,1.0,0.0,0.0,0.0,0.0,0.0,3885.0,3885.0,1.0,inverse_phase_volume,geometric_mean,3885.0,3885.0,3885.0,0.0,420.0,0.0,0.0,3.864538489410567e+42,6.813637257090872e+51,1763117970.1693466,1.3349275579688404e-07,235.3634766329155,0.004248747572503143,7491043.195793713,1763117970.1693544,0.0
2.7612036826184267,19.259008789218782,7449.182740004282,2.4687462901246615,176.02438605788717,-1000000.0,solver_failed_full,448.0,176.02438605788717,0.05319541970033015,0.8466382404741484,1.7034944007333623,1.0,0.0,86.0,active_set_max_passes,2.0,35.747919523966424,140.27646653392077,32.0,32.0,864.0,30.040361390241035,0.08558891456510832,nonsingular_isothermal,1.0,0.01,2.0,0.3,1.0,0.0,strict_pass,1.0,none,none,,,0.9971685971685972,1.0,0.9971685971685972,0.9787644787644788,0.9904761904761905,0.9904761904761905,0.021235521235521193,0.00952380952380949,0.00952380952380949,0.0,0.0,3874.0,3885.0,1.0,inverse_phase_volume,geometric_mean,3874.0,3874.0,3874.0,0.0,420.0,0.0,0.0,1.4582056193520297e+40,3.2875363164658216e+49,2254508056.227815,3.321544074551811e-07,748.8447875192802,0.0013353902125869486,3010647.9924850427,2254508056.2278094,0.0
15.32065947535298,13.754979536492796,1733140.936012943,4.274580139961358,17.390937928024798,-1000000.0,solver_failed_full,449.0,17.390937928024798,0.6068924277068106,0.9170082781123543,1.3011416652942012,1.0,0.0,77.0,active_set_max_passes,2.0,9.13677952374724,8.254158404277558,32.0,32.0,6407.0,65.32958675661854,0.0630072053049015,nonsingular_isothermal,1.0,0.01,2.0,0.3,1.0,0.0,strict_pass,1.0,none,none,,,0.9958815958815959,1.0,0.9958815958815959,0.9691119691119691,0.9851851851851852,0.9857142857142858,0.030888030888030937,0.014814814814814836,0.014285714285714235,0.0,0.0,3869.0,3885.0,1.0,inverse_phase_volume,geometric_mean,3869.0,3869.0,3869.0,0.0,420.0,0.0,0.0,2.886369285774536e+42,3.811925663151009e+52,13206645739.816023,1.84334783410928e-08,243.44441820338304,0.004107713815662681,54249121.16400472,13206645739.815962,0.0
13.024946065481553,21.841597662698852,32410.45997172754,1.8896832186295365,16.39185214631955,-1000000.0,solver_failed_full,450.0,16.39185214631955,0.0963101175917096,0.8059118161716705,1.6515167160652338,1.0,0.0,91.0,active_set_max_passes,2.0,8.512823706382692,7.879028439936851,32.0,32.0,6158.0,62.67777213230244,0.05093405437062776,nonsingular_isothermal,1.0,0.01,2.0,0.3,1.0,0.0,strict_pass,1.0,none,none,,,0.9997425997425997,1.0,0.9997425997425997,0.9980694980694981,0.9989417989417989,0.9976190476190476,0.0019305019305019266,0.0010582010582010914,0.0023809523809523725,0.0,0.0,3884.0,3885.0,1.0,inverse_phase_volume,geometric_mean,3884.0,3884.0,3884.0,0.0,420.0,0.0,0.0,1.364238836339097e+43,1.4348997010138412e+52,1051795083.670511,1.1964230989414373e-06,1258.3919334564391,0.0007946649794975155,835824.7186006128,1051795083.6705092,0.0
5.033304053567339,3.882953749113946,19330.664991988735,3.120221789395273,78.15066382208052,-1000000.0,solver_failed_full,451.0,78.15066382208052,0.36070153174516406,1.0351223514092516,1.9173450468143565,1.0,0.0,74.0,active_set_max_passes,2.0,14.02147257850841,64.12919124357211,32.0,32.0,4530.0,62.45853717679422,0.050654429881916506,nonsingular_isothermal,1.0,0.01,2.0,0.3,1.0,0.0,strict_pass,1.0,none,none,,,1.0,1.0,1.0,1.0,1.0,1.0,0.0,0.0,0.0,0.0,0.0,3885.0,3885.0,1.0,inverse_phase_volume,geometric_mean,3885.0,3885.0,3885.0,0.0,420.0,0.0,0.0,2.10197384135397e+40,2.7958689156843687e+50,13301159418.25152,2.761271462152946e-08,367.28111915164783,0.002722710065548202,36215200.63153466,13301159418.251513,0.0
0.19635157911690182,3.402856700943227,236776.0016282525,3.2656065199076743,552.0730757059912,-1000000.0,solver_failed_full,452.0,552.0730757059912,9.383134869807009,2.5968580635916303,12.454093762941705,0.0,0.0,5.0,reduced_spear_inconsistent,2.0,384.563280001372,167.509795704619,32.0,32.0,6779.0,388.866056920801,0.014228276876220068,nonsingular_isothermal,1.0,0.01,2.0,0.3,1.0,0.0,severe_coverage_warn,0.0,multiple,multiple,1;2;3;4;5;6;7;8,Lfrac minimum coverage 0.628 is below 0.8 | Lfrac coverage gap 0.372 exceeds 0.1 | third_integral minimum coverage 0.75 is below 0.8 | third_integral coverage gap 0.25 exceeds 0.1 | 25 planned shell-band/Lfrac/third-integral cells have no successful orbit,0.9093951093951094,1.0,0.9093951093951094,0.8835758835758836,0.6275132275132275,0.75,0.0353430353430354,0.37248677248677253,0.25,25.0,0.0,3533.0,3885.0,1.0,inverse_phase_volume,geometric_mean,3533.0,3533.0,3533.0,0.0,420.0,0.0,0.0,2.7983256166111155e+43,1.5523111974990716e+50,5547285.806499469,0.0004341205858031897,2408.1909639352675,0.0004152494610999961,2303.50744171656,5547285.806499465,0.0
7.736327097160337,8.8736502932633,571.5151077339999,3.1195818126522346,36.592461134508866,-1000000.0,solver_failed_full,453.0,36.592461134508866,0.30406175838874105,0.9899231959177762,1.8524716975254911,1.0,0.0,78.0,active_set_max_passes,2.0,9.721882027152354,26.870579107356523,32.0,32.0,6236.0,57.93302191067196,0.06411407848476584,nonsingular_isothermal,1.0,0.01,2.0,0.3,1.0,0.0,strict_pass,1.0,none,none,,,1.0,1.0,1.0,1.0,1.0,1.0,0.0,0.0,0.0,0.0,0.0,3885.0,3885.0,1.0,inverse_phase_volume,geometric_mean,3885.0,3885.0,3885.0,0.0,420.0,0.0,0.0,9.189881892828457e+41,1.634649820854411e+51,1778749542.0697942,4.0213890407498753e-07,715.304391471832,0.0013980062361177033,2486702.952305078,1778749542.0697918,0.0
5.448871908709616,69.07321234407661,6338.763647942958,0.5088212292497982,72.21779367609066,-1000000.0,solver_failed_full,454.0,72.21779367609066,0.0953154331983086,1.0429367211658138,2.2251714929108437,0.0,0.0,68.0,active_set_max_passes,2.0,19.2240407435513,52.99375293253935,32.0,32.0,1482.0,46.36537983438933,0.07138822287820396,nonsingular_isothermal,1.0,0.01,2.0,0.3,1.0,0.0,strict_pass,1.0,none,none,,,0.9981981981981982,1.0,0.9981981981981982,0.9864864864864865,0.9925925925925926,0.9904761904761905,0.013513513513513487,0.007407407407407418,0.00952380952380949,0.0,0.0,3878.0,3885.0,1.0,inverse_phase_volume,geometric_mean,3878.0,3878.0,3878.0,0.0,420.0,0.0,0.0,6.289415197656324e+39,3.699245693509304e+50,58817005671.49365,8.053548720710368e-08,4736.856207816741,0.00021111048259176712,12416886.45191178,58817005671.49389,0.0
2.9365813295223835,198.87058797036002,230565.43150527048,1.8394409582474462,114.27199661280045,-1000000.0,solver_failed_full,455.0,114.27199661280045,0.7767322513271608,0.6272018208963892,2.899663567675767,0.0,0.0,59.0,active_set_max_passes,2.0,36.756066397622654,77.51593021517778,32.0,32.0,5481.0,55.16414615392389,0.06548123749693847,nonsingular_isothermal,1.0,0.01,2.0,0.3,1.0,0.0,severe_coverage_warn,0.0,multiple,multiple,1;3;4,Lfrac coverage gap 0.181 exceeds 0.1 | third_integral coverage gap 0.133 exceeds 0.1 | 5 planned shell-band/Lfrac/third-integral cells have no successful orbit,0.955984555984556,1.0,0.955984555984556,0.9247104247104247,0.819047619047619,0.8666666666666667,0.07528957528957525,0.18095238095238098,0.1333333333333333,5.0,0.0,3714.0,3885.0,1.0,inverse_phase_volume,geometric_mean,3714.0,3714.0,3714.0,0.0,420.0,0.0,0.0,2.3270844349410227e+43,1.4039677416492787e+50,6033162.014101394,0.00011151558840704424,672.7916119575387,0.0014863443334116836,8967.356172214142,6033162.014101337,0.0
19.604734318635277,1.1173684704932094,609889.3653806676,1.9213519239532424,20.243515669835705,-1000000.0,solver_failed_full,456.0,20.243515669835705,0.3542962977709294,0.9402791819327786,1.6642881137275938,1.0,0.0,78.0,reduced_spear_inconsistent,2.0,11.453056453506035,8.790459216329662,32.0,32.0,6651.0,75.09645023015659,0.07438225363123435,nonsingular_isothermal,1.0,0.01,2.0,0.3,1.0,0.0,strict_pass,1.0,none,none,,,1.0,1.0,1.0,1.0,1.0,1.0,0.0,0.0,0.0,0.0,0.0,3885.0,3885.0,1.0,inverse_phase_volume,geometric_mean,3885.0,3885.0,3885.0,0.0,420.0,0.0,0.0,2.664892148097688e+43,7.464034370811473e+52,2800876716.9581757,1.2314361023661272e-07,344.9100707539035,0.00289930647085544,8120599.989545237,2800876716.9581957,0.0
2.7503974114447436,146.54321005822493,338158.7214241128,2.8253131140036687,109.10860969021252,-1000000.0,solver_failed_full,457.0,109.10860969021252,1.199895246258933,0.8606815634573322,4.127683773562796,0.0,0.0,52.0,reduced_spear_inconsistent,2.0,42.111556740000985,66.99705295021153,32.0,32.0,6172.0,113.94542569806714,0.03353817793691728,nonsingular_isothermal,1.0,0.01,2.0,0.3,1.0,0.0,severe_coverage_warn,0.0,multiple,multiple,1;2;3;4;5,Lfrac minimum coverage 0.786 is below 0.8 | Lfrac coverage gap 0.214 exceeds 0.1 | third_integral coverage gap 0.148 exceeds 0.1 | 6 planned shell-band/Lfrac/third-integral cells have no successful orbit,0.948005148005148,1.0,0.948005148005148,0.9106029106029107,0.7862433862433862,0.8523809523809524,0.08939708939708935,0.2137566137566138,0.14761904761904765,6.0,0.0,3683.0,3885.0,1.0,inverse_phase_volume,geometric_mean,3683.0,3683.0,3683.0,0.0,420.0,0.0,0.0,2.0035777037297984e+43,3.0827347046785586e+50,15386149.980306903,4.931806625552931e-05,758.8151641462825,0.001317843985267567,20276.54520797203,15386149.980306815,0.0
19.096115102818718,2.453274499603035,18738.67716903581,1.9347069588356123,18.25943665859049,-1000000.0,solver_failed_full,458.0,18.25943665859049,0.0912317381275436,0.8694441589240138,1.7012115512981436,1.0,0.0,85.0,reduced_spear_inconsistent,2.0,10.06328193954119,8.196154719049302,32.0,32.0,6075.0,59.920386260491306,0.07882745070249085,nonsingular_isothermal,1.0,0.01,2.0,0.3,1.0,0.0,strict_pass,1.0,none,none,,,1.0,1.0,1.0,1.0,1.0,1.0,0.0,0.0,0.0,0.0,0.0,3885.0,3885.0,1.0,inverse_phase_volume,geometric_mean,3885.0,3885.0,3885.0,0.0,420.0,0.0,0.0,1.3016814735380405e+39,6.930567458523235e+52,53243190438023.05,1.0377049887852957e-11,552.5072433638229,0.0018099310226445404,96366502118.34946,53243190438023.26,0.0
21.34558039293081,64.7678153783235,243426.78238857788,3.2211893469935027,18.143380558334954,-1000000.0,solver_failed_full,459.0,18.143380558334954,0.44326881805759655,0.8593977581650436,1.7283271701430731,1.0,0.0,89.0,active_set_max_passes,2.0,10.692064827004828,7.451315731330133,32.0,32.0,5847.0,62.03180745255522,0.07417543186233365,nonsingular_isothermal,1.0,0.01,2.0,0.3,1.0,0.0,strict_pass,1.0,none,none,,,0.9974259974259975,1.0,0.9974259974259975,0.9806949806949807,0.9894179894179894,0.9857142857142858,0.019305019305019266,0.010582010582010581,0.014285714285714235,0.0,0.0,3875.0,3885.0,1.0,inverse_phase_volume,geometric_mean,3875.0,3875.0,3875.0,0.0,420.0,0.0,0.0,9.766463614308842e+41,1.0474510250707342e+53,107249774988.78038,2.93814708190717e-08,3151.1561341848533,0.0003173438437885217,34035055.84039359,107249774988.78027,0.0
18.17913278244085,3.954801150057793,1833.897244365251,3.067234502873634,18.397176831537838,-1000000.0,solver_failed_full,460.0,18.397176831537838,0.3292214146498509,0.8931800354183331,1.6805511319142266,1.0,0.0,85.0,reduced_spear_inconsistent,2.0,10.30434240050447,8.09283443103337,32.0,32.0,6747.0,55.33522182169727,0.07913516965546219,nonsingular_isothermal,1.0,0.01,2.0,0.3,1.0,0.0,strict_pass,1.0,none,none,,,0.998970398970399,1.0,0.998970398970399,0.9922779922779923,0.9957671957671957,0.9976190476190476,0.007722007722007707,0.004232804232804255,0.0023809523809523725,0.0,0.0,3881.0,3885.0,1.0,inverse_phase_volume,geometric_mean,3881.0,3881.0,3881.0,0.0,420.0,0.0,0.0,8.118360398580097e+42,3.805868271065031e+52,4687976493.04985,8.204728162826905e-08,384.6357275919667,0.002599862488751514,12188094.232429197,4687976493.049857,0.0
23.93415194232568,153.98522194993456,422789.9404623938,4.051053334193521,11.743554180837206,-1000000.0,solver_failed_full,461.0,11.743554180837206,0.1358359699300138,0.5545985919722134,1.4427840209164156,1.0,0.0,110.0,active_set_max_passes,2.0,7.49729985713154,4.246254323705664,32.0,32.0,5961.0,56.02650242155743,0.049342286985705974,nonsingular_isothermal,1.0,0.01,2.0,0.3,1.0,0.0,strict_pass,1.0,none,none,,,0.9961389961389961,1.0,0.9961389961389961,0.971042471042471,0.9841269841269841,0.9833333333333333,0.02895752895752901,0.015873015873015928,0.01666666666666672,0.0,0.0,3870.0,3885.0,1.0,inverse_phase_volume,geometric_mean,3870.0,3870.0,3870.0,0.0,420.0,0.0,0.0,4.837982398104122e+39,7.928386222647672e+52,16387794684318.4,2.7828602127339025e-10,4560.494180144209,0.00021927448221595552,3593425194.0653267,16387794684318.496,0.0
4.463088219860281,184.09321942104708,181.21246518606563,1.8769764988256492,122.44123358981723,-1000000.0,solver_failed_full,462.0,122.44123358981723,0.9465944174855707,0.717576060098177,1.7197218763431859,1.0,0.0,96.0,active_set_max_passes,2.0,44.72416353326508,77.71707005655216,32.0,32.0,3393.0,24.069973846960085,0.08455609108979495,nonsingular_isothermal,1.0,0.01,2.0,0.3,1.0,0.0,strict_pass,1.0,none,none,,,0.9987129987129987,1.0,0.9987129987129987,0.9903474903474904,0.9968253968253968,0.9976190476190476,0.009652509652509633,0.0031746031746031633,0.0023809523809523725,0.0,0.0,3880.0,3885.0,1.0,inverse_phase_volume,geometric_mean,3880.0,3880.0,3880.0,0.0,420.0,0.0,0.0,3.544700429998368e+38,1.24073018472747e+50,350023989115.5037,2.2048882919148845e-07,77176.37954901227,1.2957332357951978e-05,4535377.160225781,350023989115.5063,0.0
16.575590640170923,33.34130944720289,134973.7133003547,3.5550423526605432,16.384518976169655,-1000000.0,solver_failed_full,463.0,16.384518976169655,0.33321176516612994,0.8400772028459469,1.7138217137724956,1.0,0.0,89.0,active_set_max_passes,2.0,9.60774393789111,6.776775038278544,32.0,32.0,6246.0,63.238716147340156,0.0731231702360847,nonsingular_isothermal,1.0,0.01,2.0,0.3,1.0,0.0,strict_pass,1.0,none,none,,,0.998970398970399,1.0,0.998970398970399,0.9922779922779923,0.9957671957671957,0.9976190476190476,0.007722007722007707,0.004232804232804255,0.0023809523809523725,0.0,0.0,3881.0,3885.0,1.0,inverse_phase_volume,geometric_mean,3881.0,3881.0,3881.0,0.0,420.0,0.0,0.0,1.1754815797580653e+42,3.540849597194726e+52,30122544310.081787,4.570403180146689e-08,1376.7217230890842,0.0007263632026929908,21879907.758332703,30122544310.08202,0.0
22.82036681781541,8.46993580667861,169431.0102972113,0.7802870336532164,21.217201915330207,-1000000.0,solver_failed_full,464.0,21.217201915330207,0.5273249017875941,0.8924802241403584,1.6945404365849146,1.0,0.0,84.0,active_set_max_passes,2.0,11.373105374178577,9.844096541151629,32.0,32.0,6323.0,58.668133300688126,0.06908211550312841,nonsingular_isothermal,1.0,0.01,2.0,0.3,1.0,0.0,strict_pass,1.0,none,none,,,0.9984555984555985,1.0,0.9984555984555985,0.9884169884169884,0.9936507936507937,0.9976190476190476,0.01158301158301156,0.006349206349206327,0.0023809523809523725,0.0,0.0,3879.0,3885.0,1.0,inverse_phase_volume,geometric_mean,3879.0,3879.0,3879.0,0.0,420.0,0.0,0.0,7.302220150468111e+43,1.2879185471867423e+53,1763735577.1917942,3.168377482879674e-07,558.8180088528262,0.0017894913624076961,3156189.5809558663,1763735577.1917932,0.0
15.05986396303173,12.602550512921006,46418.93093606138,3.9349121198249315,14.875777517929201,-1000000.0,solver_failed_full,465.0,14.875777517929201,0.23624957606629948,0.8124166264451884,1.6407587959997885,1.0,0.0,91.0,active_set_max_passes,2.0,8.608789938723628,6.26698757920557,32.0,32.0,6585.0,64.60515022999304,0.06482732822821718,nonsingular_isothermal,1.0,0.01,2.0,0.3,1.0,0.0,strict_pass,1.0,none,none,,,1.0,1.0,1.0,1.0,1.0,1.0,0.0,0.0,0.0,0.0,0.0,3885.0,3885.0,1.0,inverse_phase_volume,geometric_mean,3885.0,3885.0,3885.0,0.0,420.0,0.0,0.0,5.043144266671009e+43,2.9499196305238615e+52,584936594.025122,1.5690810185236268e-06,917.8129067246792,0.001089546674134944,637315.7205998935,584936594.0251218,0.0
5.293113288993522,3.928566119894917,1449.9573685126934,3.5781632342658547,73.06258539969767,-1000000.0,solver_failed_full,466.0,73.06258539969767,0.3714642915437736,0.8509963797777461,1.6167103746690217,1.0,0.0,89.0,active_set_max_passes,2.0,13.346895451395465,59.71568994830221,32.0,32.0,3015.0,38.974569142798636,0.08257463953271908,nonsingular_isothermal,1.0,0.01,2.0,0.3,1.0,0.0,strict_pass,1.0,none,none,,,1.0,1.0,1.0,1.0,1.0,1.0,0.0,0.0,0.0,0.0,0.0,3885.0,3885.0,1.0,inverse_phase_volume,geometric_mean,3885.0,3885.0,3885.0,0.0,420.0,0.0,0.0,5.4028500406895624e+41,3.41595184559039e+50,632249982.8543111,7.57496682287932e-07,478.9272643887457,0.0020879997326447865,1320137.795164481,632249982.8543152,0.0
10.564018342388106,8.893483191728553,0.0,3.6113764492408325,21.398951497467465,-1000000.0,solver_failed_full,467.0,21.398951497467465,0.019415641773100845,0.8756266114706187,1.695162688580184,1.0,0.0,87.0,active_set_max_passes,2.0,8.117230049307013,13.281721448160447,32.0,32.0,4806.0,56.27515524608472,0.07523970508956405,nonsingular_isothermal,1.0,0.01,2.0,0.3,1.0,0.0,strict_pass,1.0,none,none,,,1.0,1.0,1.0,1.0,1.0,1.0,0.0,0.0,0.0,0.0,0.0,3885.0,3885.0,1.0,inverse_phase_volume,geometric_mean,3885.0,3885.0,3885.0,0.0,420.0,0.0,0.0,4.1002142865691575e+41,5.757009854913101e+51,14040753610.783262,5.5826039905806574e-08,783.8396713831872,0.001275771100275353,17912787.68272417,14040753610.783318,0.0
5.1862304645203,63.5508504306734,670.8708489559024,0.2910133542258583,100.77367097256707,-1000000.0,solver_failed_full,468.0,100.77367097256707,1.2274001835049546,1.4904881606163811,3.1232050044130064,0.0,0.0,34.0,active_set_max_passes,2.0,26.98295319657916,73.79071777598789,32.0,32.0,4229.0,160.29418456313778,0.023941685148620304,nonsingular_isothermal,1.0,0.01,2.0,0.3,1.0,0.0,strict_pass,1.0,none,none,,,1.0,1.0,1.0,1.0,1.0,1.0,0.0,0.0,0.0,0.0,0.0,3885.0,3885.0,1.0,inverse_phase_volume,geometric_mean,3885.0,3885.0,3885.0,0.0,420.0,0.0,0.0,2.0034837980436098e+36,2.770469214202388e+50,138282586408122.45,5.2197384134135376e-11,7217.989281806538,0.00013854273828316316,19158048177.859413,138282586408122.52,0.0
18.975559503093386,496.52472898040537,0.0,4.640196504308196,19.896449700192893,-1000000.0,solver_failed_full,469.0,19.896449700192893,0.02661368471896708,0.5349236222974184,0.8137119338956564,1.0,0.0,101.0,active_set_max_passes,2.0,9.553612293961189,10.342837406231704,32.0,32.0,4690.0,50.985936165349905,0.06377560380858699,nonsingular_isothermal,1.0,0.01,2.0,0.3,1.0,0.0,strict_pass,1.0,none,none,,,0.9966537966537966,1.0,0.9966537966537966,0.974903474903475,0.9915343915343915,0.9952380952380953,0.025096525096525046,0.00846560846560851,0.004761904761904745,0.0,0.0,3872.0,3885.0,1.0,inverse_phase_volume,geometric_mean,3872.0,3872.0,3872.0,0.0,420.0,0.0,0.0,1.4797691079415885e+35,7.714115128876401e+51,5.2130532307212504e+16,6.045002093503957e-11,3151291.7693257695,3.173301849526785e-07,16542591458.729416,5.213053230721278e+16,0.0
15.119054984851768,1.4588751899500867,24020.731378286935,4.871340259830727,15.918641678901706,-1000000.0,solver_failed_full,470.0,15.918641678901706,0.18279650161140637,0.818330801075661,1.6827052064503287,1.0,0.0,87.0,reduced_spear_inconsistent,2.0,9.442777629206088,6.4758640496956215,32.0,32.0,6315.0,51.247249080898264,0.0702577079060133,nonsingular_isothermal,1.0,0.01,2.0,0.3,1.0,0.0,strict_pass,1.0,none,none,,,0.9979407979407979,1.0,0.9979407979407979,0.9845559845559846,0.9915343915343915,0.9976190476190476,0.015444015444015413,0.00846560846560851,0.0023809523809523725,0.0,0.0,3877.0,3885.0,1.0,inverse_phase_volume,geometric_mean,3877.0,3877.0,3877.0,0.0,420.0,0.0,0.0,1.3071857620182647e+45,2.8990807755444265e+52,22178032.0730262,2.3642564066575737e-05,524.3455441570933,0.0019071393113629688,42296.59681513701,22178032.073026195,0.0
24.718706566386466,58.66827595094518,0.0,0.9460221945551579,15.677308956070375,-1000000.0,solver_failed_full,471.0,15.677308956070375,0.22246241444490877,0.7465295943130784,1.5266561349417145,1.0,0.0,105.0,active_set_max_passes,2.0,9.06283396275732,6.614474993313058,32.0,32.0,5681.0,38.35416792522091,0.09013012295283687,nonsingular_isothermal,1.0,0.01,2.0,0.3,1.0,0.0,strict_pass,1.0,none,none,,,1.0,1.0,1.0,1.0,1.0,1.0,0.0,0.0,0.0,0.0,0.0,3885.0,3885.0,1.0,inverse_phase_volume,geometric_mean,3885.0,3885.0,3885.0,0.0,420.0,0.0,0.0,2.3111259495151977e+36,1.643472109798004e+53,7.111131741404026e+16,4.650821171843766e-13,33072.60205869207,3.0236508098919966e-05,2150157924914.4968,7.1111317414040264e+16,0.0
11.554683799346268,47.55846596349365,1917364.6959162212,2.4776858668564725,17.403086466318005,-1000000.0,solver_failed_full,472.0,17.403086466318005,0.42586307135319146,0.9335715546145618,1.3202695539815192,1.0,0.0,74.0,reduced_spear_inconsistent,2.0,6.964404671745016,10.438681794572982,32.0,32.0,6559.0,78.93444746465453,0.06418552176289502,nonsingular_isothermal,1.0,0.01,2.0,0.3,1.0,0.0,strict_pass,1.0,none,none,,,0.9915057915057915,1.0,0.9915057915057915,0.9401544401544402,0.9661375661375662,0.9738095238095238,0.05984555984555984,0.033862433862433816,0.02619047619047621,0.0,0.0,3852.0,3885.0,1.0,inverse_phase_volume,geometric_mean,3852.0,3852.0,3852.0,0.0,420.0,0.0,0.0,4.0832305530783225e+43,1.1300961029844929e+52,276765195.6690323,8.257665693030496e-07,228.54344613010355,0.004375535666994044,1210995.9850324336,276765195.6690317,0.0
1.3759966741019758,327.6118269747051,2297.9377602162062,0.512959233848766,442.55020009678896,-1000000.0,solver_failed_full,473.0,442.55020009678896,1.5728847476821102,0.7617599685583775,1.7062565685220872,1.0,0.0,87.0,active_set_max_passes,2.0,110.04911655014422,332.50108354664474,32.0,32.0,408.0,38.960717779729436,0.09196961551360704,nonsingular_isothermal,1.0,0.01,2.0,0.3,1.0,0.0,strict_pass,1.0,none,none,,,0.9969111969111969,1.0,0.9969111969111969,0.9806949806949807,0.9873015873015873,0.9904761904761905,0.019305019305019266,0.012698412698412653,0.00952380952380949,0.0,0.0,3873.0,3885.0,1.0,inverse_phase_volume,geometric_mean,3873.0,3873.0,3873.0,0.0,420.0,0.0,0.0,2.1770164028638605e+36,3.5441436376420223e+47,162798205515.57208,1.7290074522904327e-08,2814.7931055593035,0.0003552658978825012,57836650.65614902,162798205515.57025,0.0
16.53960215154321,203.2320797365979,5064.096161129661,2.7676386419832353,17.871433956540713,-1000000.0,solver_failed_full,474.0,17.871433956540713,0.0074330312767934,0.7107214114479451,1.7244284357589592,1.0,0.0,96.0,active_set_max_passes,2.0,11.140876868645998,6.730557087894709,32.0,32.0,1069.0,45.87294784480966,0.054808919506057645,nonsingular_isothermal,1.0,0.01,2.0,0.3,1.0,0.0,strict_pass,1.0,none,none,,,0.9992277992277993,1.0,0.9992277992277993,0.9942084942084942,0.9968253968253968,0.9976190476190476,0.00579150579150578,0.0031746031746031633,0.0023809523809523725,0.0,0.0,3882.0,3885.0,1.0,inverse_phase_volume,geometric_mean,3882.0,3882.0,3882.0,0.0,420.0,0.0,0.0,1.1411020656771993e+38,2.105343745682299e+52,184500914423711.97,4.496843322534485e-10,82967.1705027777,1.2052960152070275e-05,2223782169.569532,184500914423712.28,0.0
23.296288724970523,1.9390762195436155,174926.00375582237,3.15296642050594,19.65685696790209,-1000000.0,solver_failed_full,475.0,19.65685696790209,0.28748680795384374,0.8506399791936385,1.6638599909559981,1.0,0.0,88.0,reduced_spear_inconsistent,2.0,11.421184420401493,8.235672547500593,32.0,32.0,6587.0,54.8356776877647,0.07475125148121176,nonsingular_isothermal,1.0,0.01,2.0,0.3,1.0,0.0,strict_pass,1.0,none,none,,,1.0,1.0,1.0,1.0,1.0,1.0,0.0,0.0,0.0,0.0,0.0,3885.0,3885.0,1.0,inverse_phase_volume,geometric_mean,3885.0,3885.0,3885.0,0.0,420.0,0.0,0.0,6.787742942740648e+45,1.2506971489641808e+53,18425817.82360771,1.959864267783957e-05,361.12101957185587,0.002769154786906609,51023.94162891252,18425817.82360775,0.0
4.340561278949121,294.3998507109054,0.0,2.228515934397732,129.56801882025567,-1000000.0,solver_failed_full,476.0,129.56801882025567,0.24153693645422436,0.9904015359558311,2.1859722049165775,0.0,0.0,65.0,active_set_max_passes,2.0,39.245948860329186,90.3220699599265,32.0,32.0,1921.0,78.43871975541909,0.04017577982129482,nonsingular_isothermal,1.0,0.01,2.0,0.3,1.0,0.0,strict_pass,1.0,none,none,,,1.0,1.0,1.0,1.0,1.0,1.0,0.0,0.0,0.0,0.0,0.0,3885.0,3885.0,1.0,inverse_phase_volume,geometric_mean,3885.0,3885.0,3885.0,0.0,420.0,0.0,0.0,9.970504537080182e+34,5.908799279226736e+49,592627911381212.9,7.815774393962656e-10,463184.60549208906,2.1589663994501635e-06,1279463748.048378,592627911381217.6,0.0
12.547380391413235,1.5594408319693762,16555.972842592615,3.4845753946347373,16.706008103760063,-1000000.0,solver_failed_full,477.0,16.706008103760063,0.4073056484439199,0.8468468746114485,1.7089535463367698,1.0,0.0,85.0,active_set_max_passes,2.0,8.730023394194491,7.975984709565571,32.0,32.0,6408.0,49.21596875906465,0.07790020519526393,nonsingular_isothermal,1.0,0.01,2.0,0.3,1.0,0.0,strict_pass,1.0,none,none,,,1.0,1.0,1.0,1.0,1.0,1.0,0.0,0.0,0.0,0.0,0.0,3885.0,3885.0,1.0,inverse_phase_volume,geometric_mean,3885.0,3885.0,3885.0,0.0,420.0,0.0,0.0,3.8299186590879236e+44,1.3763653934652975e+52,35937196.47803362,1.4860661609949692e-05,534.0505160703284,0.0018724820403849423,67291.75498690232,35937196.47803328,0.0
9.5867532534117,466.0317279495949,118902.7296768443,2.6860844408787696,50.69024683163481,-1000000.0,solver_failed_full,478.0,50.69024683163481,0.04274456334194099,0.6507107159104781,1.4334396023821896,1.0,0.0,93.0,active_set_max_passes,2.0,11.299997030322086,39.39024980131272,32.0,32.0,1827.0,38.0164290126821,0.07070389303638727,nonsingular_isothermal,1.0,0.01,2.0,0.3,1.0,0.0,strict_pass,1.0,none,none,,,0.9925353925353926,1.0,0.9925353925353926,0.9691119691119691,0.9693121693121693,0.9642857142857143,0.030888030888030937,0.030687830687830653,0.0357142857142857,0.0,0.0,3856.0,3885.0,1.0,inverse_phase_volume,geometric_mean,3856.0,3856.0,3856.0,0.0,420.0,0.0,0.0,6.821905244060155e+39,3.981063029322586e+50,58357055498.37275,3.9048171635307425e-08,2278.7363192316175,0.00043883971636402263,25609393.682745397,58357055498.37269,0.0
21.599702007318644,4.181234443606364,1312785.9770344645,0.20423832131839142,22.76085850558767,-1000000.0,solver_failed_full,479.0,22.76085850558767,0.33305373826428664,0.9245117790579273,1.5809616343193575,1.0,0.0,77.0,active_set_max_passes,2.0,11.656017909954913,11.10484059563275,32.0,32.0,6058.0,72.24290751777852,0.05119432447411621,nonsingular_isothermal,1.0,0.01,2.0,0.3,1.0,0.0,strict_pass,1.0,none,none,,,1.0,1.0,1.0,1.0,1.0,1.0,0.0,0.0,0.0,0.0,0.0,3885.0,3885.0,1.0,inverse_phase_volume,geometric_mean,3885.0,3885.0,3885.0,0.0,420.0,0.0,0.0,9.755393542361117e+42,1.6807712208231488e+53,17229148301.651688,2.650764044460847e-08,456.7040683470147,0.002189601690257281,37724972.24298949,17229148301.6515,0.0
23.755243214963453,293.7294266782111,0.0,0.7815189067878678,12.076522259571707,-1000000.0,solver_failed_full,480.0,12.076522259571707,0.16186595476792398,0.6413683057575081,1.3460065972229083,1.0,0.0,107.0,active_set_max_passes,2.0,8.173618777256257,3.902903482315453,32.0,32.0,3116.0,64.83323002748548,0.0561832120387162,nonsingular_isothermal,1.0,0.01,2.0,0.3,1.0,0.0,strict_pass,1.0,none,none,,,0.9994851994851995,1.0,0.9994851994851995,0.9961389961389961,0.9978835978835979,0.9976190476190476,0.0038610038610038533,0.002116402116402072,0.0023809523809523725,0.0,0.0,3883.0,3885.0,1.0,inverse_phase_volume,geometric_mean,3883.0,3883.0,3883.0,0.0,420.0,0.0,0.0,1.0921938322034263e+34,5.054900648227853e+52,4.628208381318119e+18,2.719782388539348e-12,12587719.645999117,7.944250651609008e-08,367676474490.68427,4.628208381318079e+18,0.0
12.025387210987532,11.414736348673088,0.0,2.4179956943421934,15.996938838515915,-1000000.0,solver_failed_full,481.0,15.996938838515915,0.17419748668248225,0.7988388670819362,1.6260483192975377,1.0,0.0,92.0,active_set_max_passes,2.0,7.7691157721917214,8.227823066324197,32.0,32.0,6522.0,49.03154563329984,0.07176204072820168,nonsingular_isothermal,1.0,0.01,2.0,0.3,1.0,0.0,strict_pass,1.0,none,none,,,0.9981981981981982,1.0,0.9981981981981982,0.9864864864864865,0.9925925925925926,0.9976190476190476,0.013513513513513487,0.007407407407407418,0.0023809523809523725,0.0,0.0,3878.0,3885.0,1.0,inverse_phase_volume,geometric_mean,3878.0,3878.0,3878.0,0.0,420.0,0.0,0.0,2.4669423635428627e+38,1.1630420557458154e+52,47145084252212.92,2.467378941958105e-11,1163.2478810075088,0.0008596620001008581,40528837423.18085,47145084252212.945,0.0
6.349339431859066,433.8921447337105,22609.959109560452,4.348655855795429,94.57948655030195,-1000000.0,solver_failed_full,482.0,94.57948655030195,0.1951757830412788,0.8273688899155061,1.845119921926028,1.0,0.0,84.0,active_set_max_passes,2.0,23.738123379457505,70.84136317084445,32.0,32.0,798.0,29.831599796522468,0.08759480633757312,nonsingular_isothermal,1.0,0.01,2.0,0.3,1.0,0.0,strict_pass,1.0,none,none,,,0.9984555984555985,1.0,0.9984555984555985,0.9884169884169884,0.9936507936507937,0.9952380952380953,0.01158301158301156,0.006349206349206327,0.004761904761904745,0.0,0.0,3879.0,3885.0,1.0,inverse_phase_volume,geometric_mean,3879.0,3879.0,3879.0,0.0,420.0,0.0,0.0,7.299617365329567e+39,9.118067529658489e+49,12491158198.189777,4.732954697063332e-07,5912.008586588352,0.0001691472509475956,2112845.0703753247,12491158198.18979,0.0
15.364884522234847,333.18962032843723,37036.563219885546,3.820102676653682,22.08102098575116,-1000000.0,solver_failed_full,483.0,22.08102098575116,0.026389945008673976,0.7407389215605084,1.683176487560722,1.0,0.0,98.0,active_set_max_passes,2.0,11.696560267388604,10.384460718362556,32.0,32.0,799.0,32.01431883511894,0.07437323629917045,nonsingular_isothermal,1.0,0.01,2.0,0.3,1.0,0.0,strict_pass,1.0,none,none,,,0.9981981981981982,1.0,0.9981981981981982,0.9864864864864865,0.9925925925925926,0.9928571428571429,0.013513513513513487,0.007407407407407418,0.0071428571428571175,0.0,0.0,3878.0,3885.0,1.0,inverse_phase_volume,geometric_mean,3878.0,3878.0,3878.0,0.0,420.0,0.0,0.0,8.272882508591615e+40,5.998534228121833e+51,72508393802.18674,3.760702613086336e-07,27268.25060425772,3.667268628680778e-05,2659077.579067916,72508393802.18686,0.0
23.63358589377129,3.994058231852608,1208634.713523356,0.8769877835875795,24.629294519022796,-1000000.0,solver_failed_full,484.0,24.629294519022796,0.4828826257757832,0.9806112520911859,1.6923521043287693,1.0,0.0,74.0,active_set_max_passes,2.0,13.203431445047517,11.425863073975265,32.0,32.0,6514.0,74.2237369581512,0.06043410412683686,nonsingular_isothermal,1.0,0.01,2.0,0.3,1.0,0.0,strict_pass,1.0,none,none,,,0.9992277992277993,1.0,0.9992277992277993,0.9942084942084942,0.9968253968253968,0.9976190476190476,0.00579150579150578,0.0031746031746031633,0.0023809523809523725,0.0,0.0,3882.0,3885.0,1.0,inverse_phase_volume,geometric_mean,3882.0,3882.0,3882.0,0.0,420.0,0.0,0.0,9.71785162256697e+43,1.7556420178789592e+53,1806615377.6231527,2.0660670675984757e-07,373.2588535524189,0.0026791059086280033,4840113.932808411,1806615377.623157,0.0
6.448638083407052,1.6710240219889225,109775.52334531015,0.6282492521037943,51.10674904198448,-1000000.0,solver_failed_full,485.0,51.10674904198448,0.45719197609708573,0.9539390483805523,1.629051974778857,1.0,0.0,73.0,active_set_max_passes,2.0,7.51189447206616,43.59485456991831,32.0,32.0,5935.0,82.5217275014074,0.03980528916991746,nonsingular_isothermal,1.0,0.01,2.0,0.3,1.0,0.0,strict_pass,1.0,none,none,,,1.0,1.0,1.0,1.0,1.0,1.0,0.0,0.0,0.0,0.0,0.0,3885.0,3885.0,1.0,inverse_phase_volume,geometric_mean,3885.0,3885.0,3885.0,0.0,420.0,0.0,0.0,1.9598856638537971e+40,1.376814475477636e+51,70249734505.95857,6.128298810186231e-09,430.51136438876364,0.002322819053614976,163177421.82183367,70249734505.95842,0.0
17.359002788842187,1.5247380071236178,0.0,2.6751105415986167,17.700495332263323,-1000000.0,solver_failed_full,486.0,17.700495332263323,0.29744734434100195,0.8585157813130504,1.6868480213682095,1.0,0.0,85.0,active_set_max_passes,2.0,9.926404956609288,7.774090375654046,32.0,32.0,6343.0,65.65649136745238,0.07771913784875287,nonsingular_isothermal,1.0,0.01,2.0,0.3,1.0,0.0,strict_pass,1.0,none,none,,,0.9979407979407979,1.0,0.9979407979407979,0.9845559845559846,0.9915343915343915,0.9976190476190476,0.015444015444015413,0.00846560846560851,0.0023809523809523725,0.0,0.0,3877.0,3885.0,1.0,inverse_phase_volume,geometric_mean,3877.0,3877.0,3877.0,0.0,420.0,0.0,0.0,9.045222426424127e+44,4.3115068492415796e+52,47666123.02032754,1.0021396147116615e-05,477.6811015838971,0.0020934468554108495,99786.49534653142,47666123.02032755,0.0
20.889570800453257,147.7269831196976,9699.052195384098,2.091107439190565,17.9071491421595,-1000000.0,solver_failed_full,487.0,17.9071491421595,0.19200009980916732,0.7359472158362327,1.833612940914945,1.0,0.0,90.0,active_set_max_passes,2.0,12.898859874193336,5.008289267966166,32.0,32.0,2307.0,51.098774261272666,0.05788759609196692,nonsingular_isothermal,1.0,0.01,2.0,0.3,1.0,0.0,strict_pass,1.0,none,none,,,0.998970398970399,1.0,0.998970398970399,0.9922779922779923,0.9957671957671957,0.9952380952380953,0.007722007722007707,0.004232804232804255,0.004761904761904745,0.0,0.0,3881.0,3885.0,1.0,inverse_phase_volume,geometric_mean,3881.0,3881.0,3881.0,0.0,420.0,0.0,0.0,9.137641123451621e+40,7.417747213360458e+52,811779223231.1377,5.952305225734004e-08,48319.577125810356,2.0695545356208025e-05,16800213.733607482,811779223231.145,0.0
7.733974162443272,2.0546860710296855,878255.8571272781,4.065671286395088,31.402503427624257,-1000000.0,solver_failed_full,488.0,31.402503427624257,0.502593772849,1.0423414200193974,1.4740933728145191,1.0,0.0,62.0,active_set_max_passes,2.0,4.210006224129334,27.19249720349492,32.0,32.0,6836.0,101.52515895507403,0.043099381779199704,nonsingular_isothermal,1.0,0.01,2.0,0.3,1.0,0.0,strict_pass,1.0,none,none,,,0.9956241956241956,1.0,0.9956241956241956,0.9671814671814671,0.9841269841269841,0.9809523809523809,0.032818532818532864,0.015873015873015928,0.01904761904761909,0.0,0.0,3868.0,3885.0,1.0,inverse_phase_volume,geometric_mean,3868.0,3868.0,3868.0,0.0,420.0,0.0,0.0,3.0096618645749434e+41,3.171618874372975e+51,10538123606.855433,1.2603765892199053e-08,132.82004288386253,0.007528984167505481,79341365.79123053,10538123606.855463,0.0
6.65837757921734,5.590566294501969,101.4791761972806,2.6841764340937946,49.63866325320821,-1000000.0,solver_failed_full,489.0,49.63866325320821,0.26855487402402645,0.931699084170794,1.742893871857916,1.0,0.0,81.0,active_set_max_passes,2.0,10.734895922050319,38.903767331157894,32.0,32.0,2642.0,36.442840303414926,0.08826635141198348,nonsingular_isothermal,1.0,0.01,2.0,0.3,1.0,0.0,strict_pass,1.0,none,none,,,1.0,1.0,1.0,1.0,1.0,1.0,0.0,0.0,0.0,0.0,0.0,3885.0,3885.0,1.0,inverse_phase_volume,geometric_mean,3885.0,3885.0,3885.0,0.0,420.0,0.0,0.0,5.220935111697609e+40,8.849571221901541e+50,16950165119.029922,3.407861194429687e-08,577.6380994831749,0.0017311877469556134,29343918.162938915,16950165119.029852,0.0
7.6502186846953455,22.948016849917675,2073575.5053541258,1.7353405897026635,30.79100436321792,-1000000.0,solver_failed_full,490.0,30.79100436321792,0.6258270027984452,0.9705878222024887,1.784874614673958,1.0,0.0,45.0,active_set_max_passes,2.0,10.18074185257989,20.610262510638034,32.0,32.0,6531.0,170.093996063867,0.02786917301049475,nonsingular_isothermal,1.0,0.01,2.0,0.3,1.0,0.0,severe_coverage_warn,0.0,inner,joint,1;2,3 planned shell-band/Lfrac/third-integral cells have no successful orbit,0.9832689832689833,1.0,0.9832689832689833,0.9208494208494209,0.9322751322751323,0.9261904761904762,0.0791505791505791,0.06772486772486774,0.07380952380952377,3.0,0.0,3820.0,3885.0,1.0,inverse_phase_volume,geometric_mean,3820.0,3820.0,3820.0,0.0,420.0,0.0,0.0,5.850701302696656e+43,1.171051312876052e+52,200155716.77472255,1.4243401669977092e-06,285.0898270564551,0.003507666374226585,702079.4773399158,200155716.77472296,0.0
12.048491821265786,25.33626503277946,163335.66194519622,2.8640966008259823,17.14558664057916,-1000000.0,solver_failed_full,491.0,17.14558664057916,0.2161918017427169,0.83801894758086,1.6621413881594571,1.0,0.0,88.0,active_set_max_passes,2.0,8.47180476546132,8.67378187511784,32.0,32.0,6150.0,55.74881484379604,0.07057340180416792,nonsingular_isothermal,1.0,0.01,2.0,0.3,1.0,0.0,strict_pass,1.0,none,none,,,0.9981981981981982,1.0,0.9981981981981982,0.9864864864864865,0.9947089947089947,0.9952380952380953,0.013513513513513487,0.005291005291005346,0.004761904761904745,0.0,0.0,3878.0,3885.0,1.0,inverse_phase_volume,geometric_mean,3878.0,3878.0,3878.0,0.0,420.0,0.0,0.0,9.432869958404164e+38,9.278808235587704e+51,9836675663402.738,7.152596814080981e-11,703.5777501120288,0.0014213070266090317,13980936238.868475,9836675663402.812,0.0
12.541023217611812,86.03679504866538,0.0,2.0872612656742873,15.913560873967986,-1000000.0,solver_failed_full,492.0,15.913560873967986,0.15368341319679857,0.7106429674866199,1.625905522194852,1.0,0.0,99.0,active_set_max_passes,2.0,9.173214983117347,6.740345890850637,32.0,32.0,3928.0,57.25770952617624,0.049987146331286314,nonsingular_isothermal,1.0,0.01,2.0,0.3,1.0,0.0,strict_pass,1.0,none,none,,,0.9979407979407979,1.0,0.9979407979407979,0.9845559845559846,0.9915343915343915,0.9976190476190476,0.015444015444015413,0.00846560846560851,0.0023809523809523725,0.0,0.0,3877.0,3885.0,1.0,inverse_phase_volume,geometric_mean,3877.0,3877.0,3877.0,0.0,420.0,0.0,0.0,6.753428734240615e+34,8.991896723647477e+51,1.3314565204571698e+17,6.80633907438466e-13,90623.44541031867,1.1034672048411622e-05,1469218604996.4119,1.3314565204571688e+17,0.0
2.7117861853532017,15.142450479809757,135036.27676250535,1.8380092690639704,148.97454640126293,-1000000.0,solver_failed_full,493.0,148.97454640126293,1.3838859303937738,0.9903005186251522,1.4004964242646636,1.0,0.0,66.0,active_set_max_passes,2.0,13.93187388971453,135.0426725115484,32.0,32.0,5496.0,73.71459871938382,0.05071291816601705,nonsingular_isothermal,1.0,0.01,2.0,0.3,1.0,0.0,strict_pass,1.0,none,none,,,0.9907335907335907,1.0,0.9907335907335907,0.9343629343629344,0.9619047619047619,0.969047619047619,0.06563706563706562,0.03809523809523807,0.030952380952380953,0.0,0.0,3849.0,3885.0,1.0,inverse_phase_volume,geometric_mean,3849.0,3849.0,3849.0,0.0,420.0,0.0,0.0,4.778001158018272e+39,5.199165038041587e+49,10881464583.399132,1.4144601266106657e-08,153.91397772344314,0.006497135703924353,70698352.05579132,10881464583.399206,0.0
3.1880193882915324,65.45653008379611,238873.0626881724,0.48418629989138057,114.26269778865343,-1000000.0,solver_failed_full,494.0,114.26269778865343,0.8058057545852648,0.9494461652392853,1.3427196436243931,1.0,0.0,58.0,reduced_spear_inconsistent,2.0,12.608528840388091,101.65416894826532,32.0,32.0,6868.0,87.74693759692433,0.05502654756359139,nonsingular_isothermal,1.0,0.01,2.0,0.3,1.0,0.0,severe_coverage_warn,0.0,inner,joint,1,1 planned shell-band/Lfrac/third-integral cells have no successful orbit,0.984041184041184,1.0,0.984041184041184,0.9343629343629344,0.9343915343915344,0.9476190476190476,0.06563706563706562,0.06560846560846556,0.05238095238095242,1.0,0.0,3823.0,3885.0,1.0,inverse_phase_volume,geometric_mean,3823.0,3823.0,3823.0,0.0,420.0,0.0,0.0,2.9786204204706162e+40,1.5362515325285744e+50,5157594173.365164,7.025116198962934e-08,362.3269837498447,0.0027599379699813167,14234639.992824923,5157594173.365166,0.0
22.56734923479335,126.11635064800777,0.0,2.1740639702791267,16.04683167175187,-1000000.0,solver_failed_full,495.0,16.04683167175187,0.24888556577974086,0.6897630925459507,1.7232112040581689,1.0,0.0,94.0,active_set_max_passes,2.0,10.805156883025548,5.241674788726315,32.0,32.0,5257.0,63.70312127173423,0.07749665953552286,nonsingular_isothermal,1.0,0.01,2.0,0.3,1.0,0.0,strict_pass,1.0,none,none,,,1.0,1.0,1.0,1.0,1.0,1.0,0.0,0.0,0.0,0.0,0.0,3885.0,3885.0,1.0,inverse_phase_volume,geometric_mean,3885.0,3885.0,3885.0,0.0,420.0,0.0,0.0,6.668003237462118e+35,1.0417122194239262e+53,1.562255119450734e+17,3.756517785187894e-12,586863.9141217527,1.70397254957567e-06,266203983897.81134,1.562255119450736e+17,0.0
3.3525400389068203,14.268553141876806,1156.1064898699515,3.803323804463463,150.31552334282424,-1000000.0,solver_failed_full,496.0,150.31552334282424,0.5827245361488735,0.8772395776403672,1.7797334060342351,1.0,0.0,83.0,active_set_max_passes,2.0,32.7862387010862,117.52928464173803,32.0,32.0,2763.0,31.217299449065838,0.08011096597694137,nonsingular_isothermal,1.0,0.01,2.0,0.3,1.0,0.0,strict_pass,1.0,none,none,,,1.0,1.0,1.0,1.0,1.0,1.0,0.0,0.0,0.0,0.0,0.0,3885.0,3885.0,1.0,inverse_phase_volume,geometric_mean,3885.0,3885.0,3885.0,0.0,420.0,0.0,0.0,5.544730159037576e+37,6.869325464312101e+49,1238892654336.932,8.290795896132338e-10,1027.1406134325055,0.000973576535600314,1206156818.390018,1238892654336.922,0.0
18.756561896641124,5.458317464426948,8681.167490193031,1.2853300316635894,18.642773437443264,-1000000.0,solver_failed_full,497.0,18.642773437443264,0.24343340256471535,0.8755606979833005,1.6612270315725348,1.0,0.0,86.0,reduced_spear_inconsistent,2.0,10.250363199699942,8.39241023774332,32.0,32.0,6320.0,53.52488764180594,0.07613566152582195,nonsingular_isothermal,1.0,0.01,2.0,0.3,1.0,0.0,strict_pass,1.0,none,none,,,1.0,1.0,1.0,1.0,1.0,1.0,0.0,0.0,0.0,0.0,0.0,3885.0,3885.0,1.0,inverse_phase_volume,geometric_mean,3885.0,3885.0,3885.0,0.0,420.0,0.0,0.0,2.439675073815667e+40,5.265496753671414e+52,2158277883060.9375,2.4173534873668893e-10,521.7320567324177,0.0019166926530505926,4136755361.704479,2158277883060.9346,0.0
20.584573624476167,301.88578887420124,239176.8254080544,3.9232259407477885,13.61402625037485,-1000000.0,solver_failed_full,498.0,13.61402625037485,0.1265196882363,0.6915909654404537,1.5664599694085142,1.0,0.0,103.0,active_set_max_passes,2.0,8.660093120210506,4.9539331301643434,32.0,32.0,5049.0,62.099850877979485,0.04553086369002754,nonsingular_isothermal,1.0,0.01,2.0,0.3,1.0,0.0,strict_pass,1.0,none,none,,,0.9966537966537966,1.0,0.9966537966537966,0.974903474903475,0.9862433862433863,0.9857142857142858,0.025096525096525046,0.013756613756613745,0.014285714285714235,0.0,0.0,3872.0,3885.0,1.0,inverse_phase_volume,geometric_mean,3872.0,3872.0,3872.0,0.0,420.0,0.0,0.0,3.032743040190304e+42,2.4042415286213347e+52,7927613704.029699,1.0957875846841002e-06,8686.980673047301,0.00011511479507519275,912585.626974671,7927613704.029721,0.0
5.841860846117084,5.971793105967182,11108.046122906517,0.603803798567823,61.67627782503466,-1000000.0,solver_failed_full,499.0,61.67627782503466,0.05253909464248352,0.9677148574463774,1.9190916848618376,1.0,0.0,72.0,active_set_max_passes,2.0,12.096654006275932,49.57962381875873,32.0,32.0,4626.0,50.349151235053895,0.06875129054358778,nonsingular_isothermal,1.0,0.01,2.0,0.3,1.0,0.0,strict_pass,1.0,none,none,,,1.0,1.0,1.0,1.0,1.0,1.0,0.0,0.0,0.0,0.0,0.0,3885.0,3885.0,1.0,inverse_phase_volume,geometric_mean,3885.0,3885.0,3885.0,0.0,420.0,0.0,0.0,7.895695989193082e+41,4.1269017070737716e+50,522677381.79411966,7.075653127083284e-07,369.8283850947223,0.0027039568629754446,1413297.09362423,522677381.7941136,0.0
8.182124140952359,460.966669169615,699857.735482169,2.9080212413124786,39.5080787389729,-1000000.0,solver_failed_full,500.0,39.5080787389729,0.2763348787095481,0.5575370241932881,2.6738536360401666,0.0,0.0,64.0,active_set_max_passes,2.0,13.052572998848555,26.455505740124362,32.0,32.0,6233.0,101.05772321733484,0.039486560213653515,nonsingular_isothermal,1.0,0.01,2.0,0.3,1.0,0.0,severe_coverage_warn,0.0,none,multiple,,Lfrac coverage gap 0.139 exceeds 0.1 | third_integral coverage gap 0.107 exceeds 0.1,0.9662805662805662,1.0,0.9662805662805662,0.9313929313929314,0.8613756613756614,0.8928571428571429,0.06860706860706856,0.13862433862433865,0.1071428571428571,0.0,0.0,3754.0,3885.0,1.0,inverse_phase_volume,geometric_mean,3754.0,3754.0,3754.0,0.0,420.0,0.0,0.0,2.662248972640549e+43,1.3191586913518728e+51,49550538.09424393,1.6470299826961283e-05,816.1122189994671,0.0012253216858166573,60715.34887076168,49550538.0942441,0.0
7.926834109956024,66.0944845981528,351.13561833153585,2.593426278502558,36.105383972644574,-36.105383972644574,pass_full,501.0,36.105383972644574,0.0006930589638756146,0.8372078175307676,1.7603329362338191,1.0,1.0,90.0,none,0.0,12.30477806628426,23.80060590636032,32.0,32.0,3944.0,40.26036955413287,0.10306901116010045,nonsingular_isothermal,1.0,0.01,2.0,0.3,1.0,0.0,strict_pass,1.0,none,none,,,1.0,1.0,1.0,1.0,1.0,1.0,0.0,0.0,0.0,0.0,0.0,3885.0,3885.0,1.0,inverse_phase_volume,geometric_mean,3885.0,3885.0,3885.0,0.0,420.0,0.0,0.0,1.4420522187138112e+39,1.544301462338198e+51,1070905368264.3922,8.738384385091258e-09,9357.982747952066,0.00010686063726916397,114437630.10770288,1070905368264.4034,0.0
24.384026798964147,88.2446000539518,779758.0496937988,1.347189658767846,14.395836464376746,-1000000.0,solver_failed_full,502.0,14.395836464376746,0.1443449046808496,0.6677744594328202,1.460144458164841,1.0,0.0,104.0,active_set_max_passes,2.0,8.127258892843562,6.268577571533187,32.0,32.0,5719.0,38.572054622687844,0.10818780838226211,nonsingular_isothermal,1.0,0.01,2.0,0.3,1.0,0.0,strict_pass,1.0,none,none,,,0.9958815958815959,1.0,0.9958815958815959,0.9691119691119691,0.9830687830687831,0.9833333333333333,0.030888030888030937,0.016931216931216908,0.01666666666666672,0.0,0.0,3869.0,3885.0,1.0,inverse_phase_volume,geometric_mean,3869.0,3869.0,3869.0,0.0,420.0,0.0,0.0,1.0506428419585385e+43,1.6070297590086518e+53,15295680842.530024,1.642673824016804e-07,2512.5814540539222,0.0003979970473739472,6087635.812901164,15295680842.529938,0.0
7.501021503172689,34.45856669780406,483154.8630611682,2.739406578163032,30.24542899217631,-1000000.0,solver_failed_full,503.0,30.24542899217631,0.2884107685359609,0.8875612511779429,1.2552011588525578,1.0,0.0,84.0,active_set_max_passes,2.0,5.235227005651567,25.010201986524745,32.0,32.0,6332.0,68.95711379092917,0.0666384293582981,nonsingular_isothermal,1.0,0.01,2.0,0.3,1.0,0.0,strict_pass,1.0,none,none,,,0.9940797940797941,1.0,0.9940797940797941,0.9555984555984556,0.9767195767195768,0.9857142857142858,0.044401544401544424,0.023280423280423235,0.014285714285714235,0.0,0.0,3862.0,3885.0,1.0,inverse_phase_volume,geometric_mean,3862.0,3862.0,3862.0,0.0,420.0,0.0,0.0,4.8110254339936e+42,2.398984591071011e+51,498643090.539563,8.112157762927593e-07,404.50714178507184,0.0024721442385097206,1232717.6433500603,498643090.53956246,0.0
7.645745527641312,16.23182432734274,1433543.2100892002,4.822455004092376,31.462857564959126,-1000000.0,solver_failed_full,504.0,31.462857564959126,0.6402641683482031,1.0662667594453832,1.5079289123151245,1.0,0.0,52.0,reduced_spear_inconsistent,2.0,5.918370144113299,25.544487420845826,32.0,32.0,6604.0,121.9921102442723,0.04655511772960177,nonsingular_isothermal,1.0,0.01,2.0,0.3,1.0,0.0,coverage_warn,0.0,inner,joint,1,1 planned shell-band/Lfrac/third-integral cells have no successful orbit,0.9904761904761905,1.0,0.9904761904761905,0.9362934362934363,0.9608465608465608,0.9595238095238096,0.06370656370656369,0.03915343915343916,0.04047619047619044,1.0,0.0,3848.0,3885.0,1.0,inverse_phase_volume,geometric_mean,3848.0,3848.0,3848.0,0.0,420.0,0.0,0.0,6.510922654808345e+42,5.711127791492404e+51,877161056.0101972,2.2908733740291303e-07,200.9464907949014,0.004976449183283637,4365147.420790113,877161056.0101879,0.0
4.520662349159793,97.76099766218354,34187.80871337488,0.6331037465076526,81.8707217983663,-1000000.0,solver_failed_full,505.0,81.8707217983663,0.4099050618838618,0.7103780121341767,1.570967192753515,1.0,0.0,96.0,active_set_max_passes,2.0,18.043513765218936,63.827208033147365,32.0,32.0,344.0,32.18867336796667,0.0708825715216222,nonsingular_isothermal,1.0,0.01,2.0,0.3,1.0,0.0,strict_pass,1.0,none,none,,,0.9951093951093951,1.0,0.9951093951093951,0.9633204633204633,0.982010582010582,0.9833333333333333,0.03667953667953672,0.017989417989418,0.01666666666666672,0.0,0.0,3866.0,3885.0,1.0,inverse_phase_volume,geometric_mean,3866.0,3866.0,3866.0,0.0,420.0,0.0,0.0,1.9767123775452393e+39,1.9096015555591953e+50,96604927315.25337,2.416455460217599e-08,2334.415040948678,0.00042837283964449277,41382927.03768482,96604927315.25316,0.0
7.926834109956024,66.0944845981528,0.0,2.593426278502558,36.036331280321136,-36.036331280321136,pass_no_bh,501.0,36.036331280321136,0.002278747188768193,0.85861150911753,1.8148780321680593,1.0,1.0,87.0,none,0.0,12.364904843772988,23.671426436548156,32.0,32.0,2872.0,48.82049506532933,0.08210333990537706,nonsingular_isothermal,1.0,0.01,2.0,0.3,1.0,0.0,strict_pass,1.0,none,none,,,1.0,1.0,1.0,1.0,1.0,1.0,0.0,0.0,0.0,0.0,0.0,3885.0,3885.0,1.0,inverse_phase_volume,geometric_mean,3885.0,3885.0,3885.0,0.0,420.0,0.0,0.0,2.4152875750207478e+34,1.8075056840336304e+51,7.483604448294749e+16,4.918143751236613e-13,36805.44245410761,2.7169894812347154e-05,2033287456773.8308,7.483604448294805e+16,0.0
0.0,66.0944845981528,351.13561833153585,2.593426278502558,1638.5357625692436,-1000000.0,solver_failed_no_halo,501.0,1638.5357625692436,9.510784416450178,0.8789902357330479,4.215489081212676,0.0,0.0,33.0,reduced_spear_inconsistent,2.0,1068.4774567247869,570.0583058444572,32.0,32.0,2095.0,38.65605364722863,0.098676771350892,none,1.0,0.01,2.0,0.3,1.0,0.0,severe_coverage_warn,0.0,multiple,multiple,1;2;3;4;5;6;7;8,total orbit coverage 0.448 is below 0.85 | shell_band minimum coverage 0.231 is below 0.8 | shell_band coverage gap 0.35 exceeds 0.1 | Lfrac minimum coverage 0.233 is below 0.8 | Lfrac coverage gap 0.767 exceeds 0.1 | third_integral minimum coverage 0.231 is below 0.8 | third_integral coverage gap 0.6 exceeds 0.1 | 126 planned shell-band/Lfrac/third-integral cells have no successful orbit,0.44813384813384816,1.0,0.44813384813384816,0.23076923076923078,0.2328042328042328,0.23095238095238096,0.35031185031185025,0.7671957671957672,0.5995238095238096,126.0,0.0,1741.0,3885.0,1.0,inverse_phase_volume,geometric_mean,1741.0,1741.0,1741.0,0.0,420.0,0.0,0.0,7.558961853129777e+35,7.401209253540111e+44,979130388.1862628,3.625374471038124e-07,354.97143131481215,0.0028171281173135702,2758335.7470756685,979130388.1862617,0.0
15.853668219912048,66.0944845981528,0.0,2.593426278502558,15.232061205498331,-1000000.0,solver_failed_no_bh_halo_up,501.0,15.232061205498331,0.11731967669711807,0.7645429303101373,1.6082699672502248,1.0,0.0,100.0,active_set_max_passes,2.0,8.98867300751476,6.243388197983568,32.0,32.0,5090.0,54.13342671307204,0.0657238020430417,nonsingular_isothermal,1.0,0.01,2.0,0.3,1.0,0.0,strict_pass,1.0,none,none,,,0.9992277992277993,1.0,0.9992277992277993,0.9942084942084942,0.9968253968253968,0.9976190476190476,0.00579150579150578,0.0031746031746031633,0.0023809523809523725,0.0,0.0,3882.0,3885.0,1.0,inverse_phase_volume,geometric_mean,3882.0,3882.0,3882.0,0.0,420.0,0.0,0.0,3.551351540855467e+35,2.948577811757224e+52,8.302692025377349e+16,5.794211086485174e-13,48107.55018111363,2.0786757925424072e-05,1725860492608.6838,8.302692025377374e+16,0.0
3.963417054978012,66.0944845981528,0.0,2.593426278502558,108.01884261191483,-1000000.0,solver_failed_no_bh_halo_down,501.0,108.01884261191483,0.11975747154890826,1.0322538361325193,2.1952878599398273,0.0,0.0,69.0,active_set_max_passes,2.0,26.65115728302933,81.36768532888549,32.0,32.0,1531.0,31.789470888632366,0.10205000674024381,nonsingular_isothermal,1.0,0.01,2.0,0.3,1.0,0.0,strict_pass,1.0,none,none,,,1.0,1.0,1.0,1.0,1.0,1.0,0.0,0.0,0.0,0.0,0.0,3885.0,3885.0,1.0,inverse_phase_volume,geometric_mean,3885.0,3885.0,3885.0,0.0,420.0,0.0,0.0,1.2799643367835696e+34,9.50242931075832e+49,7423979745120895.0,3.005155440205653e-12,22310.21311902638,4.482252117740595e-05,332761489346.31036,7423979745120810.0,0.0
7.926834109956024,132.1889691963056,0.0,2.593426278502558,39.297641807644084,-1000000.0,solver_failed_no_bh_halo_scale_up,501.0,39.297641807644084,0.22147344921700807,0.8630355723596198,2.1458526044473385,0.0,0.0,72.0,active_set_max_passes,2.0,15.943763518781125,23.353878288862962,32.0,32.0,2778.0,55.6663238383805,0.05353946051613174,nonsingular_isothermal,1.0,0.01,2.0,0.3,1.0,0.0,strict_pass,1.0,none,none,,,0.9981981981981982,1.0,0.9981981981981982,0.9864864864864865,0.9925925925925926,0.9976190476190476,0.013513513513513487,0.007407407407407418,0.0023809523809523725,0.0,0.0,3878.0,3885.0,1.0,inverse_phase_volume,geometric_mean,3878.0,3878.0,3878.0,0.0,420.0,0.0,0.0,1.4892776621454334e+34,1.4784568826984381e+51,9.92734209528526e+16,2.0970404389108837e-12,208180.37824715613,4.8035266744149104e-06,476862525607.45026,9.927342095285317e+16,0.0
7.926834109956024,33.0472422990764,0.0,2.593426278502558,34.41191410372457,-1000000.0,solver_failed_no_bh_halo_scale_down,501.0,34.41191410372457,0.042909775874356626,0.8249057551789022,1.6684871366295253,1.0,0.0,93.0,active_set_max_passes,2.0,9.628618612646129,24.78329549107844,32.0,32.0,3690.0,42.296360608333195,0.0553601620490574,nonsingular_isothermal,1.0,0.01,2.0,0.3,1.0,0.0,strict_pass,1.0,none,none,,,1.0,1.0,1.0,1.0,1.0,1.0,0.0,0.0,0.0,0.0,0.0,3885.0,3885.0,1.0,inverse_phase_volume,geometric_mean,3885.0,3885.0,3885.0,0.0,420.0,0.0,0.0,2.798271713039551e+36,1.861477165713766e+51,665223879811079.6,8.152132334394447e-12,5422.99310021923,0.00018440001333573042,122667292308.40947,665223879811079.9,0.0
7.926834109956024,66.0944845981528,0.0,5.0,36.683529011304266,-1000000.0,solver_failed_no_bh_ml_up,501.0,36.683529011304266,0.2026523523741517,0.7597923856356907,1.6088302782145645,1.0,0.0,100.0,active_set_max_passes,2.0,12.499963801384446,24.183565209919816,32.0,32.0,2093.0,27.607516636853195,0.1109949271712469,nonsingular_isothermal,1.0,0.01,2.0,0.3,1.0,0.0,strict_pass,1.0,none,none,,,0.998970398970399,1.0,0.998970398970399,0.9922779922779923,0.9957671957671957,0.9976190476190476,0.007722007722007707,0.004232804232804255,0.0023809523809523725,0.0,0.0,3881.0,3885.0,1.0,inverse_phase_volume,geometric_mean,3881.0,3881.0,3881.0,0.0,420.0,0.0,0.0,3.38719060485934e+34,1.6198348498929398e+51,4.782237077444323e+16,5.875202045896059e-13,28096.609061360818,3.559148357782526e-05,1702069124071.2634,4.782237077444313e+16,0.0
7.926834109956024,66.0944845981528,0.0,1.296713139251279,35.99236909129268,-1000000.0,solver_failed_no_bh_ml_down,501.0,35.99236909129268,0.12782252761654433,0.8085847613051378,1.6894181750564528,1.0,0.0,95.0,active_set_max_passes,2.0,12.189730238048243,23.802638853244435,32.0,32.0,2310.0,36.179351961378565,0.09749559403541114,nonsingular_isothermal,1.0,0.01,2.0,0.3,1.0,0.0,strict_pass,1.0,none,none,,,1.0,1.0,1.0,1.0,1.0,1.0,0.0,0.0,0.0,0.0,0.0,3885.0,3885.0,1.0,inverse_phase_volume,geometric_mean,3885.0,3885.0,3885.0,0.0,420.0,0.0,0.0,4.718833263103111e+34,1.8370896755983312e+51,3.893101479051325e+16,1.1040004936884607e-12,42979.859548519606,2.32667116762238e-05,905796696393.6805,3.893101479051344e+16,0.0
15.05329048922435,127.13600179033408,21581.855616877285,3.852048563485267,20.227550517985595,-1000000.0,solver_failed_full,506.0,20.227550517985595,0.01805622200205903,0.7159650635173729,1.8054721751465073,1.0,0.0,90.0,active_set_max_passes,2.0,13.044250172949072,7.183300345036515,32.0,32.0,1169.0,40.577921869616354,0.05902836239620504,nonsingular_isothermal,1.0,0.01,2.0,0.3,1.0,0.0,strict_pass,1.0,none,none,,,0.998970398970399,1.0,0.998970398970399,0.9922779922779923,0.9957671957671957,0.9952380952380953,0.007722007722007707,0.004232804232804255,0.004761904761904745,0.0,0.0,3881.0,3885.0,1.0,inverse_phase_volume,geometric_mean,3881.0,3881.0,3881.0,0.0,420.0,0.0,0.0,1.1153433756492056e+41,1.6697410053995764e+52,149706452905.38205,1.0619532541173166e-07,15898.12548252308,6.290049736362359e-05,9416610.346292395,149706452905.38162,0.0
7.963710752215289,10.220802639960642,0.0,3.51432339461931,31.756420222273515,-1000000.0,solver_failed_full,507.0,31.756420222273515,0.061762539463693145,0.8378477369888855,1.6727663831101562,1.0,0.0,89.0,active_set_max_passes,2.0,9.024293183682659,22.732127038590857,32.0,32.0,5228.0,43.20674917452975,0.0684938359927058,nonsingular_isothermal,1.0,0.01,2.0,0.3,1.0,0.0,strict_pass,1.0,none,none,,,0.9987129987129987,1.0,0.9987129987129987,0.9903474903474904,0.9947089947089947,0.9976190476190476,0.009652509652509633,0.005291005291005346,0.0023809523809523725,0.0,0.0,3880.0,3885.0,1.0,inverse_phase_volume,geometric_mean,3880.0,3880.0,3880.0,0.0,420.0,0.0,0.0,6.491569070869452e+40,1.868038139537619e+51,28776373156.38116,3.0042081382023587e-08,864.5021442434766,0.0011567351297608374,33286641.737092637,28776373156.380985,0.0
13.058224448350996,54.506041152614074,71738.06426892955,2.902914479750083,18.711005640444036,-1000000.0,solver_failed_full,508.0,18.711005640444036,0.2660453132626124,0.9033321144928098,1.7938429186849967,1.0,0.0,87.0,active_set_max_passes,2.0,10.130885477628077,8.580120162815964,32.0,32.0,5182.0,52.57353733720247,0.07246222118026222,nonsingular_isothermal,1.0,0.01,2.0,0.3,1.0,0.0,strict_pass,1.0,none,none,,,0.998970398970399,1.0,0.998970398970399,0.9922779922779923,0.9957671957671957,0.9952380952380953,0.007722007722007707,0.004232804232804255,0.004761904761904745,0.0,0.0,3881.0,3885.0,1.0,inverse_phase_volume,geometric_mean,3881.0,3881.0,3881.0,0.0,420.0,0.0,0.0,2.5095745752066432e+41,1.188817102510402e+52,47371260222.9608,4.9027664002126615e-08,2322.5022295686163,0.00043057009257887384,20396647.899778057,47371260222.96057,0.0
7.441669932630083,302.58445110654753,1237110.6768819173,3.571442933377948,33.461122568281745,-1000000.0,solver_failed_full,509.0,33.461122568281745,0.40771761996121114,0.7753674608318597,3.7185317108084144,0.0,0.0,54.0,reduced_spear_inconsistent,2.0,16.45384539807378,17.007277170207956,32.0,32.0,6249.0,104.26882957073356,0.04984144666559365,nonsingular_isothermal,1.0,0.01,2.0,0.3,1.0,0.0,severe_coverage_warn,0.0,inner,multiple,1,Lfrac coverage gap 0.151 exceeds 0.1 | third_integral coverage gap 0.117 exceeds 0.1 | 1 planned shell-band/Lfrac/third-integral cells have no successful orbit,0.9631917631917631,1.0,0.9631917631917631,0.9293139293139293,0.8486772486772487,0.8833333333333333,0.07068607068607069,0.1513227513227513,0.1166666666666667,1.0,0.0,3742.0,3885.0,1.0,inverse_phase_volume,geometric_mean,3742.0,3742.0,3742.0,0.0,420.0,0.0,0.0,4.0832060250607884e+43,4.114164953363355e+51,100758201.47483511,8.438955041259477e-06,850.2939322843022,0.0011760639021773502,118498.08360286684,100758201.47483563,0.0
10.661077067202838,337.9845277161202,19300.95632842595,4.346019386879428,40.76879797480566,-1000000.0,solver_failed_full,510.0,40.76879797480566,0.20703259086972992,0.815270480432283,1.8855490829357722,1.0,0.0,87.0,active_set_max_passes,2.0,17.43359649842591,23.335201476379755,32.0,32.0,440.0,34.03633685617747,0.07581587604509182,nonsingular_isothermal,1.0,0.01,2.0,0.3,1.0,0.0,strict_pass,1.0,none,none,,,0.9992277992277993,1.0,0.9992277992277993,0.9942084942084942,0.9968253968253968,0.9976190476190476,0.00579150579150578,0.0031746031746031633,0.0023809523809523725,0.0,0.0,3882.0,3885.0,1.0,inverse_phase_volume,geometric_mean,3882.0,3882.0,3882.0,0.0,420.0,0.0,0.0,1.3345197191873797e+41,1.1868964416860103e+51,8893809695.13691,2.4574733470467234e-06,21856.3002795047,4.575339774855352e-05,406922.01248154056,8893809695.13691,0.0
2.058711946400865,1.1657343492849606,1719083.994850949,2.139515310398095,134.9415214874111,-1000000.0,solver_failed_full,511.0,134.9415214874111,2.5862060918402108,2.237500554922062,10.730675694725045,0.0,0.0,11.0,reduced_spear_inconsistent,2.0,110.61445666589046,24.327064821520644,32.0,32.0,6741.0,321.22144707605116,0.019003445647484112,nonsingular_isothermal,1.0,0.01,2.0,0.3,1.0,0.0,severe_coverage_warn,0.0,multiple,multiple,1;2;3;4;5;6;7,Lfrac minimum coverage 0.752 is below 0.8 | Lfrac coverage gap 0.248 exceeds 0.1 | third_integral minimum coverage 0.764 is below 0.8 | third_integral coverage gap 0.236 exceeds 0.1 | 14 planned shell-band/Lfrac/third-integral cells have no successful orbit,0.9397683397683397,1.0,0.9397683397683397,0.915057915057915,0.7523809523809524,0.7642857142857142,0.0703890703890705,0.24761904761904763,0.23571428571428577,14.0,0.0,3651.0,3885.0,1.0,inverse_phase_volume,geometric_mean,3651.0,3651.0,3651.0,0.0,420.0,0.0,0.0,2.720174093019529e+44,8.221269275079609e+51,30223320.250629954,3.739959847717452e-05,1130.3400420206074,0.0008846895295440386,26738.254973788382,30223320.250629675,0.0
13.253031882544065,60.18920742608013,71080.37540163904,4.327744686533867,16.32245998225983,-1000000.0,solver_failed_full,512.0,16.32245998225983,0.1951531597175915,0.8267315104895401,1.6894114194940788,1.0,0.0,94.0,active_set_max_passes,2.0,9.375023073419804,6.947436908840018,32.0,32.0,5612.0,56.50377501781612,0.06610669513597503,nonsingular_isothermal,1.0,0.01,2.0,0.3,1.0,0.0,strict_pass,1.0,none,none,,,0.9966537966537966,1.0,0.9966537966537966,0.974903474903475,0.9883597883597883,0.9904761904761905,0.025096525096525046,0.011640211640211673,0.00952380952380949,0.0,0.0,3872.0,3885.0,1.0,inverse_phase_volume,geometric_mean,3872.0,3872.0,3872.0,0.0,420.0,0.0,0.0,2.9653674279705286e+39,1.0844181060639284e+52,3656943472958.07,6.278417637635221e-10,2295.9818400454933,0.000435543514568994,1592758012.7922997,3656943472958.068,0.0
3.4170021928528307,27.694327402003726,1023660.4414314615,0.963557056885137,80.38984280758639,-1000000.0,solver_failed_full,513.0,80.38984280758639,1.2678722270676843,1.0980461066817375,5.266044132475137,0.0,0.0,35.0,reduced_spear_inconsistent,2.0,32.48088066015689,47.908962147429506,32.0,32.0,7018.0,216.05014932628185,0.03292828497278492,nonsingular_isothermal,1.0,0.01,2.0,0.3,1.0,0.0,severe_coverage_warn,0.0,inner,multiple,1;2;3,Lfrac coverage gap 0.124 exceeds 0.1 | third_integral coverage gap 0.129 exceeds 0.1 | 5 planned shell-band/Lfrac/third-integral cells have no successful orbit,0.9698841698841699,1.0,0.9698841698841699,0.9227799227799228,0.8761904761904762,0.8714285714285714,0.07722007722007718,0.12380952380952381,0.12857142857142856,5.0,0.0,3768.0,3885.0,1.0,inverse_phase_volume,geometric_mean,3768.0,3768.0,3768.0,0.0,420.0,0.0,0.0,1.7025529265063856e+44,2.9033138818584262e+51,17052708.533507884,3.34037034558614e-05,569.6236189725355,0.0017555451822797664,29936.80031082088,17052708.533507913,0.0
16.509980862446685,13.590838771535687,276.1388645129757,3.8434787365913294,14.309438153686896,-1000000.0,solver_failed_full,514.0,14.309438153686896,0.18509089840035742,0.7856942430916433,1.5785584250197922,1.0,0.0,95.0,active_set_max_passes,2.0,8.488786559204067,5.820651594482835,32.0,32.0,5934.0,52.11974917408913,0.07129844931668711,nonsingular_isothermal,1.0,0.01,2.0,0.3,1.0,0.0,strict_pass,1.0,none,none,,,1.0,1.0,1.0,1.0,1.0,1.0,0.0,0.0,0.0,0.0,0.0,3885.0,3885.0,1.0,inverse_phase_volume,geometric_mean,3885.0,3885.0,3885.0,0.0,420.0,0.0,0.0,4.6490564487300844e+42,4.295633795900156e+52,9239797028.219633,1.39079481663785e-07,1285.0661813633674,0.0007781700386349506,7190133.2104287725,9239797028.219631,0.0
4.523263364330518,26.525605712371313,10389.940847132464,2.1405279439801923,102.47285418502265,-1000000.0,solver_failed_full,515.0,102.47285418502265,0.39464958657978855,1.1451225918046184,2.2331005374740966,0.0,0.0,61.0,active_set_max_passes,2.0,18.23984956072997,84.23300462429268,32.0,32.0,3431.0,56.68202326123957,0.05049931431021456,nonsingular_isothermal,1.0,0.01,2.0,0.3,1.0,0.0,strict_pass,1.0,none,none,,,1.0,1.0,1.0,1.0,1.0,1.0,0.0,0.0,0.0,0.0,0.0,3885.0,3885.0,1.0,inverse_phase_volume,geometric_mean,3885.0,3885.0,3885.0,0.0,420.0,0.0,0.0,1.537286151643268e+39,2.1479920546430005e+50,139726234595.0963,8.68154370457776e-09,1213.039412313407,0.000824375523044947,115186887.72743286,139726234595.09555,0.0
15.982128592928625,204.89227756429474,7949.32162378969,0.49512418498237826,19.366228389811596,-1000000.0,solver_failed_full,516.0,19.366228389811596,0.11182318365847266,0.7374677110381,1.8031950690612346,1.0,0.0,92.0,active_set_max_passes,2.0,12.68959106070358,6.67663732910801,32.0,32.0,1607.0,44.381948312122304,0.07152633663015692,nonsingular_isothermal,1.0,0.01,2.0,0.3,1.0,0.0,strict_pass,1.0,none,none,,,0.9979407979407979,1.0,0.9979407979407979,0.9845559845559846,0.9915343915343915,0.9928571428571429,0.015444015444015413,0.00846560846560851,0.0071428571428571175,0.0,0.0,3877.0,3885.0,1.0,inverse_phase_volume,geometric_mean,3877.0,3877.0,3877.0,0.0,420.0,0.0,0.0,2.6877476506090024e+37,1.8728098492864773e+52,696795269772490.5,9.960314360474675e-11,69402.99931825719,1.4408599193449259e-05,10039843762.043102,696795269772486.1,0.0
14.23610436580574,144.62267064295366,15682.3268368352,2.993948985176133,20.463966001219642,-1000000.0,solver_failed_full,517.0,20.463966001219642,0.15936429805364227,0.7588433949589464,1.9250276466573297,1.0,0.0,83.0,active_set_max_passes,2.0,12.996196660378423,7.467769340841206,32.0,32.0,1500.0,45.71754137130638,0.0550617588029303,nonsingular_isothermal,1.0,0.01,2.0,0.3,1.0,0.0,strict_pass,1.0,none,none,,,0.9984555984555985,1.0,0.9984555984555985,0.9884169884169884,0.9936507936507937,0.9928571428571429,0.01158301158301156,0.006349206349206327,0.0071428571428571175,0.0,0.0,3879.0,3885.0,1.0,inverse_phase_volume,geometric_mean,3879.0,3879.0,3879.0,0.0,420.0,0.0,0.0,4.1399837400737584e+39,1.3237674477956687e+52,3197518470862.6035,7.02184743871571e-09,22452.486884872662,4.453849611972155e-05,142412664.0072515,3197518470862.5913,0.0
16.884937185313152,6.552474268284318,18010.918564570376,3.7564783667859394,18.000077494623223,-1000000.0,solver_failed_full,518.0,18.000077494623223,0.3769663301901822,0.8910676399558595,1.6866912173456787,1.0,0.0,85.0,active_set_max_passes,2.0,9.980814798998022,8.019262695625203,32.0,32.0,6576.0,67.06287050977946,0.06990166724159995,nonsingular_isothermal,1.0,0.01,2.0,0.3,1.0,0.0,strict_pass,1.0,none,none,,,0.9992277992277993,1.0,0.9992277992277993,0.9942084942084942,0.9968253968253968,0.9976190476190476,0.00579150579150578,0.0031746031746031633,0.0023809523809523725,0.0,0.0,3882.0,3885.0,1.0,inverse_phase_volume,geometric_mean,3882.0,3882.0,3882.0,0.0,420.0,0.0,0.0,4.2654503576975757e+42,3.697743399546339e+52,8669057401.81284,6.597287170321332e-08,571.9226117575877,0.001748488308456416,15157745.512407236,8669057401.8128,0.0
17.522981276873317,6.177025906366256,0.0,4.239357968599314,18.30821026219344,-1000000.0,solver_failed_full,519.0,18.30821026219344,0.3525718891371774,0.883375072788177,1.7107252609004768,1.0,0.0,84.0,active_set_max_passes,2.0,10.133356516841763,8.174853745351669,32.0,32.0,6630.0,58.789200190725936,0.07291433659671309,nonsingular_isothermal,1.0,0.01,2.0,0.3,1.0,0.0,strict_pass,1.0,none,none,,,1.0,1.0,1.0,1.0,1.0,1.0,0.0,0.0,0.0,0.0,0.0,3885.0,3885.0,1.0,inverse_phase_volume,geometric_mean,3885.0,3885.0,3885.0,0.0,420.0,0.0,0.0,3.4085290881558514e+42,4.437525879170687e+52,13018888102.174194,4.862688787049813e-08,633.068011942986,0.0015796091117143032,20564754.270583265,13018888102.17418,0.0
2.8586397247576056,125.37518196120844,1314.037614155715,3.2140709288534652,186.52274061570884,-1000000.0,solver_failed_full,520.0,186.52274061570884,1.5910828504971164,1.4036042395396628,3.579999063334175,0.0,0.0,22.0,active_set_max_passes,2.0,39.70922178253053,146.8135188331783,32.0,32.0,4676.0,243.92140167323015,0.019455221899555133,nonsingular_isothermal,1.0,0.01,2.0,0.3,1.0,0.0,strict_pass,1.0,none,none,,,0.9997425997425997,1.0,0.9997425997425997,0.9980694980694981,0.9989417989417989,0.9976190476190476,0.0019305019305019266,0.0010582010582010914,0.0023809523809523725,0.0,0.0,3884.0,3885.0,1.0,inverse_phase_volume,geometric_mean,3884.0,3884.0,3884.0,0.0,420.0,0.0,0.0,3.676963474356577e+39,1.9939793565548084e+49,5422896829.030183,1.731386460960275e-06,9389.130148967233,0.00010650613892171853,577571.8030308336,5422896829.030165,0.0
1.9635214980376736,296.3442904268321,37718.70946352363,4.467165390876856,247.44163211954515,-1000000.0,solver_failed_full,521.0,247.44163211954515,2.0255355574830674,0.7308984326053188,1.1375911919725612,1.0,0.0,56.0,active_set_max_passes,2.0,55.2573220395497,192.18431007999544,32.0,32.0,3911.0,38.690942970939865,0.1185790265341617,nonsingular_isothermal,1.0,0.01,2.0,0.3,1.0,0.0,severe_coverage_warn,0.0,multiple,multiple,3;4;5,Lfrac coverage gap 0.165 exceeds 0.1 | third_integral coverage gap 0.148 exceeds 0.1 | 4 planned shell-band/Lfrac/third-integral cells have no successful orbit,0.9598455598455599,1.0,0.9598455598455599,0.9272349272349273,0.834920634920635,0.8523809523809524,0.07276507276507271,0.16507936507936505,0.14761904761904765,4.0,0.0,3729.0,3885.0,1.0,inverse_phase_volume,geometric_mean,3729.0,3729.0,3729.0,0.0,420.0,0.0,0.0,3.6250848260694196e+37,3.749033718081374e+48,103419199769.35681,3.839310311671208e-09,397.058400099274,0.0025185212043114472,260463447.55204517,103419199769.35622,0.0
16.550821152040832,3.2992093866698933,2143023.4790923814,2.2154015867017787,15.388417807236687,-1000000.0,solver_failed_full,522.0,15.388417807236687,0.25007876647878824,0.8371063284565442,1.1838471228514762,1.0,0.0,87.0,reduced_spear_inconsistent,2.0,7.80654206880823,7.581875738428458,32.0,32.0,6699.0,66.7763034910367,0.07240649880645815,nonsingular_isothermal,1.0,0.01,2.0,0.3,1.0,0.0,strict_pass,1.0,none,none,,,0.998970398970399,1.0,0.998970398970399,0.9922779922779923,0.9957671957671957,0.9928571428571429,0.007722007722007707,0.004232804232804255,0.0071428571428571175,0.0,0.0,3881.0,3885.0,1.0,inverse_phase_volume,geometric_mean,3881.0,3881.0,3881.0,0.0,420.0,0.0,0.0,9.99976822660184e+42,4.9066143680726e+52,4906728092.976996,3.459137127392767e-08,169.73045320437888,0.005891694631816378,28908943.565175273,4906728092.977012,0.0
20.085219681634634,1.1768084984936942,173260.2266878067,2.8835050342091866,19.67241476115962,-1000000.0,solver_failed_full,523.0,19.67241476115962,0.2791003421840266,0.9326651268723186,1.7583195009747667,1.0,0.0,83.0,reduced_spear_inconsistent,2.0,11.64132804588743,8.031086715272195,32.0,32.0,6708.0,79.84798460700445,0.0645447044684772,nonsingular_isothermal,1.0,0.01,2.0,0.3,1.0,0.0,strict_pass,1.0,none,none,,,0.9987129987129987,1.0,0.9987129987129987,0.9903474903474904,0.9947089947089947,0.9976190476190476,0.009652509652509633,0.005291005291005346,0.0023809523809523725,0.0,0.0,3880.0,3885.0,1.0,inverse_phase_volume,geometric_mean,3880.0,3880.0,3880.0,0.0,420.0,0.0,0.0,3.420940774411594e+43,7.013203071011701e+52,2050080236.2525496,1.8829638162501435e-07,386.02269052730975,0.0025905212945746604,5310776.507598882,2050080236.2525501,0.0
22.928042299191855,89.35632562524165,256649.0334691618,3.257720556091442,13.798110324384723,-1000000.0,solver_failed_full,524.0,13.798110324384723,0.1132017608620739,0.6523270278427543,1.538717014232525,1.0,0.0,104.0,active_set_max_passes,2.0,8.161460836580632,5.63664948780409,32.0,32.0,6235.0,53.72789692006596,0.0830067267830764,nonsingular_isothermal,1.0,0.01,2.0,0.3,1.0,0.0,strict_pass,1.0,none,none,,,0.9974259974259975,1.0,0.9974259974259975,0.9806949806949807,0.9894179894179894,0.9880952380952381,0.019305019305019266,0.010582010582010581,0.011904761904761862,0.0,0.0,3875.0,3885.0,1.0,inverse_phase_volume,geometric_mean,3875.0,3875.0,3875.0,0.0,420.0,0.0,0.0,5.448307896462678e+41,1.0037345967292247e+53,184228684539.0843,2.190659464519992e-08,4035.823114216157,0.0002477809288711161,45648354.57979845,184228684539.08557,0.0
11.657235975651675,318.22912044218407,861444.389648059,0.9330000734384005,16.550680526788092,-1000000.0,solver_failed_full,525.0,16.550680526788092,0.16746924799841878,0.5279957087373084,0.9417866411061876,1.0,0.0,90.0,active_set_max_passes,2.0,3.9600151309651737,12.590665395822917,32.0,32.0,6500.0,65.78674696862745,0.05720442900067337,nonsingular_isothermal,1.0,0.01,2.0,0.3,1.0,0.0,strict_pass,1.0,none,none,,,0.985070785070785,1.0,0.985070785070785,0.9584199584199584,0.9386243386243386,0.930952380952381,0.04158004158004158,0.06137566137566142,0.06904761904761902,0.0,0.0,3827.0,3885.0,1.0,inverse_phase_volume,geometric_mean,3827.0,3827.0,3827.0,0.0,420.0,0.0,0.0,6.219054080880185e+42,3.5820701206963644e+51,575983111.5971566,1.4524411974464233e-06,836.5816003170921,0.0011953406572902954,688496.0312046555,575983111.5971572,0.0
10.771966645505984,3.1778637130855456,829035.4541857755,0.2890768544308221,15.516880571337833,-1000000.0,solver_failed_full,526.0,15.516880571337833,0.2019436813978306,0.7994899813970775,1.1306495746730503,1.0,0.0,88.0,active_set_max_passes,2.0,5.68905798494072,9.827822586397113,32.0,32.0,6610.0,79.52692599384582,0.05096869241293472,nonsingular_isothermal,1.0,0.01,2.0,0.3,1.0,0.0,strict_pass,1.0,none,none,,,0.9994851994851995,1.0,0.9994851994851995,0.9961389961389961,0.9978835978835979,0.9952380952380953,0.0038610038610038533,0.002116402116402072,0.004761904761904745,0.0,0.0,3883.0,3885.0,1.0,inverse_phase_volume,geometric_mean,3883.0,3883.0,3883.0,0.0,420.0,0.0,0.0,2.972518876871411e+43,8.475313804176456e+51,285122287.03142035,6.1927924753066e-07,176.57031536703823,0.0056634661263491055,1614780.4144696302,285122287.03141934,0.0
1.375224775902062,1.6956197478752537,3228.1584574445224,2.0409600879117704,509.6660064812774,-1000000.0,solver_failed_full,527.0,509.6660064812774,6.315995740896426,1.5090227234946194,2.6671684433419682,0.0,0.0,30.0,active_set_max_passes,2.0,43.524619618417724,466.1413868628597,32.0,32.0,5756.0,125.69072402390947,0.04312163992833628,nonsingular_isothermal,1.0,0.01,2.0,0.3,1.0,0.0,strict_pass,1.0,none,none,,,0.9969111969111969,1.0,0.9969111969111969,0.9854469854469855,0.9883597883597883,0.9833333333333333,0.014553014553014498,0.011640211640211673,0.01666666666666672,0.0,0.0,3873.0,3885.0,1.0,inverse_phase_volume,geometric_mean,3873.0,3873.0,3873.0,0.0,420.0,0.0,0.0,3.3899071931204714e+37,1.9500152039916232e+48,57524147208.18945,6.250914175151314e-09,359.57850719716316,0.002781033849310917,159976600.53871933,57524147208.18958,0.0
16.16857218618401,1.2640734671997207,0.0,3.7216239402115394,16.43772008486879,-1000000.0,solver_failed_full,528.0,16.43772008486879,0.22296535371200576,0.8509911352056878,1.6390538179367702,1.0,0.0,88.0,reduced_spear_inconsistent,2.0,9.152183759261826,7.285536325606966,32.0,32.0,6386.0,52.28743231086857,0.07326851333751577,nonsingular_isothermal,1.0,0.01,2.0,0.3,1.0,0.0,strict_pass,1.0,none,none,,,1.0,1.0,1.0,1.0,1.0,1.0,0.0,0.0,0.0,0.0,0.0,3885.0,3885.0,1.0,inverse_phase_volume,geometric_mean,3885.0,3885.0,3885.0,0.0,420.0,0.0,0.0,2.0738813287298835e+41,3.0361581767181267e+52,146399802855.52667,3.0278483921205686e-09,443.2764076828761,0.0022559287673965473,330267526.80296683,146399802855.52713,0.0
15.489944726500548,32.926205715754854,0.0,3.6478168290368416,15.923978925212563,-1000000.0,solver_failed_full,529.0,15.923978925212563,0.06286364853040816,0.7970878508568907,1.616398309536525,1.0,0.0,96.0,active_set_max_passes,2.0,8.848683595569927,7.075295329642633,32.0,32.0,5689.0,51.7885852977366,0.07032247520222654,nonsingular_isothermal,1.0,0.01,2.0,0.3,1.0,0.0,strict_pass,1.0,none,none,,,0.998970398970399,1.0,0.998970398970399,0.9922779922779923,0.9957671957671957,0.9976190476190476,0.007722007722007707,0.004232804232804255,0.0023809523809523725,0.0,0.0,3881.0,3885.0,1.0,inverse_phase_volume,geometric_mean,3881.0,3881.0,3881.0,0.0,420.0,0.0,0.0,6.6131009702880705e+37,2.709580467471101e+52,409729184484698.7,1.3667730829041919e-11,5600.068206339705,0.00017856925365086152,73165034672.4086,409729184484697.56,0.0
2.069291887255048,1.03757423746626,1617611.0154898642,4.262005401544508,139.63124420273866,-1000000.0,solver_failed_full,530.0,139.63124420273866,2.638249049227227,2.233363232309469,10.710833792517457,0.0,0.0,11.0,active_set_max_passes,2.0,111.72611875944298,27.905125443295642,32.0,32.0,6892.0,374.17786228755267,0.014610139032559,nonsingular_isothermal,1.0,0.01,2.0,0.3,1.0,0.0,severe_coverage_warn,0.0,multiple,multiple,1;2;3;4;5;6;7;8,Lfrac minimum coverage 0.731 is below 0.8 | Lfrac coverage gap 0.269 exceeds 0.1 | third_integral minimum coverage 0.75 is below 0.8 | third_integral coverage gap 0.25 exceeds 0.1 | 15 planned shell-band/Lfrac/third-integral cells have no successful orbit,0.9346203346203347,1.0,0.9346203346203347,0.916988416988417,0.7312169312169312,0.75,0.04974754974754969,0.2687830687830688,0.25,15.0,0.0,3631.0,3885.0,1.0,inverse_phase_volume,geometric_mean,3631.0,3631.0,3631.0,0.0,420.0,0.0,0.0,1.6501360912599613e+45,7.265544769825263e+51,4402997.309317474,0.0002377812644825504,1046.9502677227767,0.00095515520730044,4205.545807724415,4402997.309317477,0.0
8.664788565669221,40.27655835811646,0.0,2.2256125623215888,32.81809069350216,-1000000.0,solver_failed_full,531.0,32.81809069350216,0.36749458661314094,0.9836579314970721,2.0033516002063125,0.0,0.0,76.0,active_set_max_passes,2.0,11.562562919426576,21.255527774075585,32.0,32.0,5103.0,59.564864642604164,0.06319686234983544,nonsingular_isothermal,1.0,0.01,2.0,0.3,1.0,0.0,strict_pass,1.0,none,none,,,1.0,1.0,1.0,1.0,1.0,1.0,0.0,0.0,0.0,0.0,0.0,3885.0,3885.0,1.0,inverse_phase_volume,geometric_mean,3885.0,3885.0,3885.0,0.0,420.0,0.0,0.0,3.7381835100452576e+35,2.7773580917660875e+51,7429699703887631.0,1.2474291905507213e-12,9268.024287655413,0.00010789786139554624,801648708860.5928,7429699703887577.0,0.0
11.47436840715489,1.0243627972685883,247306.15502170075,3.1747279148990195,20.854981787969937,-1000000.0,solver_failed_full,532.0,20.854981787969937,0.3455979920321077,0.9915571809965473,1.6683134466335077,1.0,0.0,75.0,active_set_max_passes,2.0,9.11381750124163,11.741164286728305,32.0,32.0,6506.0,57.50440878848868,0.06853964268742287,nonsingular_isothermal,1.0,0.01,2.0,0.3,1.0,0.0,strict_pass,1.0,none,none,,,1.0,1.0,1.0,1.0,1.0,1.0,0.0,0.0,0.0,0.0,0.0,3885.0,3885.0,1.0,inverse_phase_volume,geometric_mean,3885.0,3885.0,3885.0,0.0,420.0,0.0,0.0,2.0030826653497298e+43,9.647202643148474e+51,481617798.9071716,7.315366733605804e-07,352.32108244380123,0.0028383200717473672,1366985.4655490278,481617798.90717703,0.0
23.25553626280624,289.0123423514021,139493.55386449015,3.9217369564980875,14.011548514491322,-1000000.0,solver_failed_full,533.0,14.011548514491322,0.17877899568735955,0.7181457427238269,1.6477729685957905,1.0,0.0,100.0,active_set_max_passes,2.0,9.320568461607769,4.690980052883558,32.0,32.0,3387.0,44.64361497415604,0.06189027329188365,nonsingular_isothermal,1.0,0.01,2.0,0.3,1.0,0.0,strict_pass,1.0,none,none,,,0.9974259974259975,1.0,0.9974259974259975,0.9806949806949807,0.9915343915343915,0.9928571428571429,0.019305019305019266,0.00846560846560851,0.0071428571428571175,0.0,0.0,3875.0,3885.0,1.0,inverse_phase_volume,geometric_mean,3875.0,3875.0,3875.0,0.0,420.0,0.0,0.0,3.179294224152222e+41,4.071050450136813e+52,128048873841.5641,1.3688706277652697e-07,17528.234232013652,5.705081223604344e-05,7305292.25857184,128048873841.56325,0.0
21.288805710612397,188.06578889299865,1428.1039924199922,0.9993338468783279,13.14055512870252,-1000000.0,solver_failed_full,534.0,13.14055512870252,0.16121879565571184,0.6242863936574988,1.506096195126009,1.0,0.0,107.0,active_set_max_passes,2.0,8.906448573102653,4.234106555599862,32.0,32.0,5979.0,84.00614204416182,0.05541933494069748,nonsingular_isothermal,1.0,0.01,2.0,0.3,1.0,0.0,strict_pass,1.0,none,none,,,0.9974259974259975,1.0,0.9974259974259975,0.9806949806949807,0.9915343915343915,0.9952380952380953,0.019305019305019266,0.00846560846560851,0.004761904761904745,0.0,0.0,3875.0,3885.0,1.0,inverse_phase_volume,geometric_mean,3875.0,3875.0,3875.0,0.0,420.0,0.0,0.0,9.65161745656878e+37,6.693111723362111e+52,693470473055980.5,1.956454688188019e-10,135674.35581303397,7.370589629908027e-06,5111286277.353836,693470473055982.2,0.0
18.371776875612227,25.8543464379278,0.0,1.9027587945449307,18.87695237567382,-1000000.0,solver_failed_full,535.0,18.87695237567382,0.3397950928045539,0.9252240738820979,1.7978914387245424,1.0,0.0,84.0,active_set_max_passes,2.0,11.185999641327475,7.690952734346343,32.0,32.0,6768.0,74.2000454042771,0.07611445237476419,nonsingular_isothermal,1.0,0.01,2.0,0.3,1.0,0.0,strict_pass,1.0,none,none,,,1.0,1.0,1.0,1.0,1.0,1.0,0.0,0.0,0.0,0.0,0.0,3885.0,3885.0,1.0,inverse_phase_volume,geometric_mean,3885.0,3885.0,3885.0,0.0,420.0,0.0,0.0,1.4215688992605736e+40,5.294118743529325e+52,3724137990274.7246,8.926336892639802e-10,3324.2910335870665,0.00030081602058799076,1120280370.354998,3724137990274.7183,0.0
12.107822189650285,102.17756622228623,0.0,2.3707011887682827,18.21165885469534,-1000000.0,solver_failed_full,536.0,18.21165885469534,0.08030672247956971,0.6882626972760089,1.6934443564453987,1.0,0.0,96.0,active_set_max_passes,2.0,9.810600139990333,8.401058714705005,32.0,32.0,2271.0,47.62772427788051,0.053401726959768185,nonsingular_isothermal,1.0,0.01,2.0,0.3,1.0,0.0,strict_pass,1.0,none,none,,,0.9992277992277993,1.0,0.9992277992277993,0.9942084942084942,0.9968253968253968,0.9976190476190476,0.00579150579150578,0.0031746031746031633,0.0023809523809523725,0.0,0.0,3882.0,3885.0,1.0,inverse_phase_volume,geometric_mean,3882.0,3882.0,3882.0,0.0,420.0,0.0,0.0,1.945375289043041e+34,8.223079213322999e+51,4.226988622523345e+17,3.8183219205582137e-13,161400.03315330914,6.19578559225034e-06,2618951520603.602,4.2269886225233075e+17,0.0
12.333907596557644,351.1327601327593,71738.6801194031,2.122184354748774,29.2450408403993,-29.2450408403993,pass_full,537.0,29.2450408403993,0.00036932367685338363,0.7462906540582941,1.6992461926553888,1.0,1.0,94.0,none,0.0,11.20517810606329,18.039862734336022,32.0,32.0,895.0,37.35679192877312,0.07275634702512845,nonsingular_isothermal,1.0,0.01,2.0,0.3,1.0,0.0,strict_pass,1.0,none,none,,,0.9987129987129987,1.0,0.9987129987129987,0.9903474903474904,0.9947089947089947,0.9928571428571429,0.009652509652509633,0.005291005291005346,0.0071428571428571175,0.0,0.0,3880.0,3885.0,1.0,inverse_phase_volume,geometric_mean,3880.0,3880.0,3880.0,0.0,420.0,0.0,0.0,7.780977446686227e+40,1.9980433124043467e+51,25678564500.341484,3.304341611206247e-07,8485.074919452156,0.00011785399769511589,3026321.481437117,25678564500.341373,0.0
1.7222125601350196,7.041546829345422,3889.4185449297584,1.8975957645783461,298.15296496845,-1000000.0,solver_failed_full,538.0,298.15296496845,2.2984611089089526,1.1932553092141298,2.2378006000748827,0.0,0.0,57.0,active_set_max_passes,2.0,40.95187433009931,257.20109063835065,32.0,32.0,3982.0,49.39066189945909,0.05811397587715348,nonsingular_isothermal,1.0,0.01,2.0,0.3,1.0,0.0,strict_pass,1.0,none,none,,,0.9997425997425997,1.0,0.9997425997425997,0.9980694980694981,0.9989417989417989,0.9976190476190476,0.0019305019305019266,0.0010582010582010914,0.0023809523809523725,0.0,0.0,3884.0,3885.0,1.0,inverse_phase_volume,geometric_mean,3884.0,3884.0,3884.0,0.0,420.0,0.0,0.0,6.884293186418455e+39,5.576855790789542e+48,810084004.2361552,6.258731911000533e-07,507.00986079038677,0.0019723482269971672,1597767.7494739315,810084004.2361476,0.0
7.778238743575638,286.9250188014231,0.0,2.4219216307349183,58.34100249760893,-58.34100249760893,pass_full,539.0,58.34100249760893,0.0012243240733056382,0.8572337564608483,1.8104927168252658,1.0,1.0,80.0,none,0.0,19.915693606177477,38.42530889143145,32.0,32.0,2077.0,40.274102369505435,0.1025884371671532,nonsingular_isothermal,1.0,0.01,2.0,0.3,1.0,0.0,strict_pass,1.0,none,none,,,1.0,1.0,1.0,1.0,1.0,1.0,0.0,0.0,0.0,0.0,0.0,3885.0,3885.0,1.0,inverse_phase_volume,geometric_mean,3885.0,3885.0,3885.0,0.0,420.0,0.0,0.0,2.348976999338978e+33,6.1908467768777154e+50,2.6355501899847773e+17,2.9267076054255043e-12,771348.4785509049,1.2964308970682767e-06,341680869707.0418,2.6355501899847667e+17,0.0
3.284633920186736,18.27248199529377,7763.602751487619,4.6477018568921515,149.16040316023273,-1000000.0,solver_failed_full,540.0,149.16040316023273,0.12953369164182504,0.9460766174219525,1.8392677170715104,1.0,0.0,78.0,active_set_max_passes,2.0,29.36066976338427,119.79973339684844,32.0,32.0,1418.0,29.673222264417383,0.11780185262929631,nonsingular_isothermal,1.0,0.01,2.0,0.3,1.0,0.0,strict_pass,1.0,none,none,,,0.9984555984555985,1.0,0.9984555984555985,0.9884169884169884,0.9968253968253968,0.9976190476190476,0.01158301158301156,0.0031746031746031633,0.0023809523809523725,0.0,0.0,3879.0,3885.0,1.0,inverse_phase_volume,geometric_mean,3879.0,3879.0,3879.0,0.0,420.0,0.0,0.0,8.777908352435008e+40,5.781356905747697e+49,658625799.4074337,1.1013926551683938e-06,725.4056179717579,0.0013785390893387495,907941.4097301278,658625799.4074324,0.0
12.333907596557644,351.1327601327593,0.0,2.122184354748774,30.19674106085157,-1000000.0,solver_failed_no_bh,537.0,30.19674106085157,0.053923620661013416,0.7124419217500051,1.391670477367718,1.0,0.0,95.0,active_set_max_passes,2.0,11.960453701124711,18.236287359726855,32.0,32.0,1671.0,37.40818088969899,0.1162888209409547,nonsingular_isothermal,1.0,0.01,2.0,0.3,1.0,0.0,strict_pass,1.0,none,none,,,1.0,1.0,1.0,1.0,1.0,1.0,0.0,0.0,0.0,0.0,0.0,3885.0,3885.0,1.0,inverse_phase_volume,geometric_mean,3885.0,3885.0,3885.0,0.0,420.0,0.0,0.0,9.65422186560989e+34,2.784881006125163e+51,2.8846250323347344e+16,8.032124740858058e-11,2316966.809031437,4.315987592493958e-07,12450005848.554235,2.8846250323347436e+16,0.0
7.778238743575638,286.9250188014231,0.0,2.4219216307349183,58.34100249760893,-58.34100249760893,pass_no_bh,539.0,58.34100249760893,0.0012243240733056382,0.8572337564608483,1.8104927168252658,1.0,1.0,80.0,none,0.0,19.915693606177477,38.42530889143145,32.0,32.0,2077.0,40.274102369505435,0.1025884371671532,nonsingular_isothermal,1.0,0.01,2.0,0.3,1.0,0.0,strict_pass,1.0,none,none,,,1.0,1.0,1.0,1.0,1.0,1.0,0.0,0.0,0.0,0.0,0.0,3885.0,3885.0,1.0,inverse_phase_volume,geometric_mean,3885.0,3885.0,3885.0,0.0,420.0,0.0,0.0,2.348976999338978e+33,6.1908467768777154e+50,2.6355501899847773e+17,2.9267076054255043e-12,771348.4785509049,1.2964308970682767e-06,341680869707.0418,2.6355501899847667e+17,0.0
0.0,351.1327601327593,71738.6801194031,2.122184354748774,989.0609175297516,-1000000.0,solver_failed_no_halo,537.0,989.0609175297516,17.05471281252096,2.447471301353979,11.737660019436746,0.0,0.0,11.0,reduced_spear_inconsistent,2.0,670.3045608980808,318.75635663167105,32.0,32.0,6693.0,331.95376947973267,0.01459695848557274,none,1.0,0.01,2.0,0.3,1.0,0.0,severe_coverage_warn,0.0,multiple,multiple,1;2;3;4;5;6;7;8,Lfrac minimum coverage 0.6 is below 0.8 | Lfrac coverage gap 0.4 exceeds 0.1 | third_integral minimum coverage 0.75 is below 0.8 | third_integral coverage gap 0.25 exceeds 0.1 | 24 planned shell-band/Lfrac/third-integral cells have no successful orbit,0.9027027027027027,1.0,0.9027027027027027,0.8794178794178794,0.6,0.75,0.04158004158004158,0.4,0.25,24.0,0.0,3507.0,3885.0,1.0,inverse_phase_volume,geometric_mean,3507.0,3507.0,3507.0,0.0,420.0,0.0,0.0,6.4584130403366614e+41,1.4246665253311532e+49,22059080.40308442,0.00011915555423906993,2628.461951433755,0.00038045062796306675,8392.390991641327,22059080.40308463,0.0
0.0,286.9250188014231,0.0,2.4219216307349183,990.3516940491138,-1000000.0,solver_failed_no_halo,539.0,990.3516940491138,2.5688022470186525,1.4998817739067667,2.1211531466149594,0.0,0.0,32.0,reduced_spear_inconsistent,2.0,294.44165085091663,695.9100431981973,32.0,32.0,2081.0,97.30517138395837,0.03641512678598346,none,1.0,0.01,2.0,0.3,1.0,0.0,severe_coverage_warn,0.0,multiple,multiple,1;2;3;4;5;6;7;8,total orbit coverage 0.37 is below 0.85 | shell_band minimum coverage 0.125 is below 0.8 | shell_band coverage gap 0.632 exceeds 0.1 | Lfrac minimum coverage 0.192 is below 0.8 | Lfrac coverage gap 0.808 exceeds 0.1 | third_integral minimum coverage 0.198 is below 0.8 | third_integral coverage gap 0.483 exceeds 0.1 | 142 planned shell-band/Lfrac/third-integral cells have no successful orbit,0.3698841698841699,1.0,0.3698841698841699,0.12474012474012475,0.19153439153439153,0.1976190476190476,0.632016632016632,0.8084656084656084,0.4833333333333334,142.0,0.0,1437.0,3885.0,1.0,inverse_phase_volume,geometric_mean,1437.0,1437.0,1437.0,0.0,399.0,1.0,9.0,3.1082995831283405e+28,9.80479334838948e+43,3154391359703324.0,2.9843431179570417e-12,9413.786145673783,0.00010622718474006995,335082113709.6859,3154391359703328.5,0.0
15.556477487151277,286.9250188014231,0.0,2.4219216307349183,16.3054801992892,-1000000.0,solver_failed_no_bh_halo_up,539.0,16.3054801992892,0.13027969266869732,0.6983814364852057,1.4751185572650443,1.0,0.0,99.0,active_set_max_passes,2.0,8.96931241876108,7.336167780528113,32.0,32.0,2809.0,66.61819446423152,0.04833595404783963,nonsingular_isothermal,1.0,0.01,2.0,0.3,1.0,0.0,strict_pass,1.0,none,none,,,1.0,1.0,1.0,1.0,1.0,1.0,0.0,0.0,0.0,0.0,0.0,3885.0,3885.0,1.0,inverse_phase_volume,geometric_mean,3885.0,3885.0,3885.0,0.0,420.0,0.0,0.0,8.028917527859455e+33,1.0053694209233756e+52,1.2521855124739482e+18,1.8934600811350442e-12,2370963.2820450594,4.2176950084923135e-07,528133658566.7784,1.2521855124739535e+18,0.0
3.889119371787819,286.9250188014231,0.0,2.4219216307349183,132.6835780022275,-1000000.0,solver_failed_no_bh_halo_down,539.0,132.6835780022275,0.01689127502797305,1.0896062464080754,2.4951927422848277,0.0,0.0,54.0,active_set_max_passes,2.0,36.81375590005292,95.86982210217457,32.0,32.0,2110.0,75.66852612321031,0.048645515257387674,nonsingular_isothermal,1.0,0.01,2.0,0.3,1.0,0.0,strict_pass,1.0,none,none,,,1.0,1.0,1.0,1.0,1.0,1.0,0.0,0.0,0.0,0.0,0.0,3885.0,3885.0,1.0,inverse_phase_volume,geometric_mean,3885.0,3885.0,3885.0,0.0,420.0,0.0,0.0,1.7691076766153824e+35,3.9132689555499787e+49,221200156851772.75,1.7664107955978e-09,390730.3450509007,2.559309796810712e-06,566119728.486812,221200156851774.25,0.0
7.778238743575638,500.0,0.0,2.4219216307349183,88.5264493544242,-88.5264493544242,pass_no_bh_halo_scale_up,539.0,88.5264493544242,0.000620765234970122,0.8331198906096617,1.4728152250241855,1.0,1.0,57.0,none,0.0,27.672060872040007,60.85438848238418,32.0,32.0,2759.0,42.270988950526515,0.08868178785244053,nonsingular_isothermal,1.0,0.01,2.0,0.3,1.0,0.0,strict_pass,1.0,none,none,,,1.0,1.0,1.0,1.0,1.0,1.0,0.0,0.0,0.0,0.0,0.0,3885.0,3885.0,1.0,inverse_phase_volume,geometric_mean,3885.0,3885.0,3885.0,0.0,420.0,0.0,0.0,1.5013230915181278e+35,2.1097802496062055e+50,1405280623155412.8,9.869523860454843e-10,1386945.0640867043,7.210090910547308e-07,1013220104.7780986,1405280623155397.0,0.0
7.778238743575638,143.46250940071155,0.0,2.4219216307349183,40.36135337575623,-1000000.0,solver_failed_no_bh_halo_scale_down,539.0,40.36135337575623,0.15913951332748866,0.8521631578665867,2.054419497732192,0.0,0.0,77.0,active_set_max_passes,2.0,15.96221672785458,24.39913664790166,32.0,32.0,2271.0,56.75389423842945,0.0666246487028668,nonsingular_isothermal,1.0,0.01,2.0,0.3,1.0,0.0,strict_pass,1.0,none,none,,,0.998970398970399,1.0,0.998970398970399,0.9922779922779923,0.9957671957671957,0.9976190476190476,0.007722007722007707,0.004232804232804255,0.0023809523809523725,0.0,0.0,3881.0,3885.0,1.0,inverse_phase_volume,geometric_mean,3881.0,3881.0,3881.0,0.0,420.0,0.0,0.0,1.3026937868977875e+33,1.4132977166771032e+51,1.0849040126634103e+18,2.516928169256064e-13,273062.5470411486,3.662164624317033e-06,3973097095955.5557,1.0849040126634148e+18,0.0
7.778238743575638,286.9250188014231,0.0,4.843843261469837,59.63343942388203,-59.63343942388203,pass_no_bh_ml_up,539.0,59.63343942388203,0.0025977138367920816,0.8773530805563413,1.894470036054572,1.0,1.0,77.0,none,0.0,20.575831878234272,39.057607545647755,32.0,32.0,4478.0,45.4402159383534,0.09231322276219235,nonsingular_isothermal,1.0,0.01,2.0,0.3,1.0,0.0,strict_pass,1.0,none,none,,,1.0,1.0,1.0,1.0,1.0,1.0,0.0,0.0,0.0,0.0,0.0,3885.0,3885.0,1.0,inverse_phase_volume,geometric_mean,3885.0,3885.0,3885.0,0.0,420.0,0.0,0.0,4.472178487578046e+35,6.1394636759599444e+50,1372812756246863.0,3.7353667387785796e-10,512795.91082554596,1.9500935535739906e-06,2677113306.22114,1372812756246858.0,0.0
7.778238743575638,286.9250188014231,0.0,1.2109608153674591,57.98333297676048,-57.98333297676048,pass_no_bh_ml_down,539.0,57.98333297676048,0.0004744985708242666,0.8343776616802644,1.7661809848560721,1.0,1.0,81.0,none,0.0,19.77888122837844,38.204451748382006,32.0,32.0,2697.0,36.974857602256044,0.12722160721985598,nonsingular_isothermal,1.0,0.01,2.0,0.3,1.0,0.0,strict_pass,1.0,none,none,,,0.9994851994851995,1.0,0.9994851994851995,0.9961389961389961,0.9978835978835979,0.9976190476190476,0.0038610038610038533,0.002116402116402072,0.0023809523809523725,0.0,0.0,3883.0,3885.0,1.0,inverse_phase_volume,geometric_mean,3883.0,3883.0,3883.0,0.0,420.0,0.0,0.0,2.96973998796471e+33,6.249858185325349e+50,2.1045135973700662e+17,6.345036450177183e-12,1335321.5485206663,7.488832941457796e-07,157603507537.309,2.1045135973700794e+17,0.0
6.445575995788663,296.97557946999086,823844.7211650345,2.757203440854339,40.98897140907892,-1000000.0,solver_failed_full,541.0,40.98897140907892,0.3967828108735887,0.6694808154309944,3.2107171988971026,0.0,0.0,56.0,active_set_max_passes,2.0,15.39526218477858,25.593709224300344,32.0,32.0,5620.0,99.47946597715058,0.05405741620068316,nonsingular_isothermal,1.0,0.01,2.0,0.3,1.0,0.0,severe_coverage_warn,0.0,none,multiple,,Lfrac coverage gap 0.158 exceeds 0.1 | third_integral coverage gap 0.124 exceeds 0.1,0.9616473616473616,1.0,0.9616473616473616,0.9272349272349273,0.8423280423280424,0.8761904761904762,0.07276507276507271,0.15767195767195763,0.12380952380952381,0.0,0.0,3736.0,3885.0,1.0,inverse_phase_volume,geometric_mean,3736.0,3736.0,3736.0,0.0,420.0,0.0,0.0,1.4600668746318672e+42,1.759836590206375e+51,1205312318.7594335,6.258316133315056e-07,754.3225530175545,0.001325692829943437,1597873.8988218796,1205312318.7594337,0.0
7.603572636070849,1.7412328786482199,905904.9447909932,4.2013940463132835,30.50733186674743,-1000000.0,solver_failed_full,542.0,30.50733186674743,0.3438022589985259,1.025336469730224,1.4500447414880921,1.0,0.0,65.0,active_set_max_passes,2.0,3.6803529933551378,26.826978873392292,32.0,32.0,6719.0,85.17952860388019,0.057900852448837095,nonsingular_isothermal,1.0,0.01,2.0,0.3,1.0,0.0,strict_pass,1.0,none,none,,,0.9961389961389961,1.0,0.9961389961389961,0.971042471042471,0.9841269841269841,0.9809523809523809,0.02895752895752901,0.015873015873015928,0.01904761904761909,0.0,0.0,3870.0,3885.0,1.0,inverse_phase_volume,geometric_mean,3870.0,3870.0,3870.0,0.0,420.0,0.0,0.0,1.1432982756850532e+43,3.258370856037925e+51,284997443.39118683,4.814004812790888e-07,137.19790641182806,0.007288740959343009,2077272.538953397,284997443.3911886,0.0
7.8324092746551885,16.725500724598824,12501.611321815384,2.073840662953918,35.56640246794722,-1000000.0,solver_failed_full,543.0,35.56640246794722,0.16866920563515464,0.9195847329104933,1.8748700646552439,1.0,0.0,78.0,active_set_max_passes,2.0,10.004603339029284,25.56179912891794,32.0,32.0,4309.0,53.30661633126008,0.06681239206858539,nonsingular_isothermal,1.0,0.01,2.0,0.3,1.0,0.0,strict_pass,1.0,none,none,,,1.0,1.0,1.0,1.0,1.0,1.0,0.0,0.0,0.0,0.0,0.0,3885.0,3885.0,1.0,inverse_phase_volume,geometric_mean,3885.0,3885.0,3885.0,0.0,420.0,0.0,0.0,8.64336761002526e+40,2.128610558411908e+51,24627097382.07799,4.484945519635681e-08,1104.511900653831,0.000905377297798273,22296814.880400855,24627097382.078167,0.0
20.289350135206327,2.412840364397164,0.0,4.120780912925819,18.01340071865325,-1000000.0,solver_failed_full,544.0,18.01340071865325,0.29834270693413245,0.8382779713734655,1.6523703601101352,1.0,0.0,87.0,active_set_max_passes,2.0,10.029264944867162,7.984135773786089,32.0,32.0,6374.0,60.264283517171826,0.07753664488736783,nonsingular_isothermal,1.0,0.01,2.0,0.3,1.0,0.0,strict_pass,1.0,none,none,,,0.9976833976833976,1.0,0.9976833976833976,0.9826254826254827,0.9915343915343915,0.9952380952380953,0.01737451737451734,0.00846560846560851,0.004761904761904745,0.0,0.0,3876.0,3885.0,1.0,inverse_phase_volume,geometric_mean,3876.0,3876.0,3876.0,0.0,420.0,0.0,0.0,3.7189623355762436e+43,7.095701368606687e+52,1907978819.986416,2.2533990730523508e-07,429.9437704360883,0.0023258855430925503,4437740.353933163,1907978819.9864051,0.0
12.703412759795704,11.003872942703227,7903.6570256074065,1.5945339499687332,14.5780131649342,-1000000.0,solver_failed_full,545.0,14.5780131649342,0.30973744313523,0.7778503705433295,1.5723691293670876,1.0,0.0,95.0,active_set_max_passes,2.0,7.6264725035813825,6.951540661352815,32.0,32.0,6394.0,44.76869355140491,0.07675099865897188,nonsingular_isothermal,1.0,0.01,2.0,0.3,1.0,0.0,strict_pass,1.0,none,none,,,1.0,1.0,1.0,1.0,1.0,1.0,0.0,0.0,0.0,0.0,0.0,3885.0,3885.0,1.0,inverse_phase_volume,geometric_mean,3885.0,3885.0,3885.0,0.0,420.0,0.0,0.0,7.765799051551577e+42,1.303520325860931e+52,1678539860.7507012,4.996128041829441e-07,838.6200067625018,0.0011924351815317486,2001549.9835625275,1678539860.7506921,0.0
20.408803905543923,259.6265905623991,1963198.8764066207,2.816121102531672,9.636908118651585,-1000000.0,solver_failed_full,546.0,9.636908118651585,0.17446049033999067,0.5129271816202133,0.9133693229078008,1.0,0.0,107.0,reduced_spear_inconsistent,2.0,5.495513301900452,4.1413948167511325,32.0,32.0,6268.0,64.03580475175275,0.06742345055386958,nonsingular_isothermal,1.0,0.01,2.0,0.3,1.0,0.0,strict_pass,1.0,none,none,,,0.9876447876447877,1.0,0.9876447876447877,0.9667359667359667,0.9513227513227513,0.9547619047619048,0.033264033264033266,0.04867724867724865,0.04523809523809519,0.0,0.0,3837.0,3885.0,1.0,inverse_phase_volume,geometric_mean,3837.0,3837.0,3837.0,0.0,420.0,0.0,0.0,1.8199827046071567e+45,3.9659619573738606e+52,21791206.84682503,5.273493080125532e-05,1149.1577851431514,0.0008702025195569025,18962.76310229264,21791206.846824884,0.0
17.291149462591726,2.6290481719348753,5057.729692413026,2.203300222504638,16.85457396379063,-1000000.0,solver_failed_full,547.0,16.85457396379063,0.252599898355939,0.8347330653341434,1.6291095759621335,1.0,0.0,89.0,active_set_max_passes,2.0,9.425935127175542,7.428638836615098,32.0,32.0,6508.0,62.65287687907042,0.061751591343707606,nonsingular_isothermal,1.0,0.01,2.0,0.3,1.0,0.0,strict_pass,1.0,none,none,,,1.0,1.0,1.0,1.0,1.0,1.0,0.0,0.0,0.0,0.0,0.0,3885.0,3885.0,1.0,inverse_phase_volume,geometric_mean,3885.0,3885.0,3885.0,0.0,420.0,0.0,0.0,3.631412884020246e+44,3.693003331179332e+52,101696046.39092708,4.21751680187999e-06,428.90478433849705,0.002331519806994709,237106.3464534966,101696046.39092593,0.0
11.638427005352023,6.606274009870335,7118.608121840792,3.1361508295508083,19.112369146046806,-1000000.0,solver_failed_full,548.0,19.112369146046806,0.21509698082534356,0.8725754524761589,1.6601452676139938,1.0,0.0,87.0,active_set_max_passes,2.0,8.187258416095753,10.925110729951056,32.0,32.0,5191.0,61.32149581999021,0.05712703330496745,nonsingular_isothermal,1.0,0.01,2.0,0.3,1.0,0.0,strict_pass,1.0,none,none,,,1.0,1.0,1.0,1.0,1.0,1.0,0.0,0.0,0.0,0.0,0.0,3885.0,3885.0,1.0,inverse_phase_volume,geometric_mean,3885.0,3885.0,3885.0,0.0,420.0,0.0,0.0,1.350522605573813e+42,8.326170442687334e+51,6165147038.875141,9.28722144802646e-08,572.5708580967764,0.0017465087261408947,10767483.101337058,6165147038.875099,0.0
0.3595543849747279,54.3341068336646,1170845.8238097946,1.6771018114399108,202.10839808555966,-1000000.0,solver_failed_full,549.0,202.10839808555966,3.7554125239104508,2.5733547924510183,12.34137603430459,0.0,0.0,7.0,reduced_spear_inconsistent,2.0,160.93012361749751,41.178274468062234,32.0,32.0,6962.0,378.4701488757519,0.013066440166870856,nonsingular_isothermal,1.0,0.01,2.0,0.3,1.0,0.0,severe_coverage_warn,0.0,multiple,multiple,1;2;3;4;5;6;7;8,Lfrac minimum coverage 0.658 is below 0.8 | Lfrac coverage gap 0.342 exceeds 0.1 | third_integral minimum coverage 0.75 is below 0.8 | third_integral coverage gap 0.25 exceeds 0.1 | 24 planned shell-band/Lfrac/third-integral cells have no successful orbit,0.9168597168597169,1.0,0.9168597168597169,0.9126819126819127,0.6582010582010582,0.75,0.006237006237006293,0.34179894179894177,0.25,24.0,0.0,3562.0,3885.0,1.0,inverse_phase_volume,geometric_mean,3562.0,3562.0,3562.0,0.0,420.0,0.0,0.0,2.3844162279278542e+44,3.7976581228252165e+51,15926993.275521873,0.00020276664089298585,3229.462926002751,0.00030964901066003075,4931.777710554322,15926993.27552191,0.0
16.963699621926065,83.26320995765766,1067593.3717602815,3.905553292294086,14.542146552002993,-1000000.0,solver_failed_full,550.0,14.542146552002993,0.18097973462590033,0.7816206752223918,1.4950129512806065,1.0,0.0,93.0,reduced_spear_inconsistent,2.0,8.874313458218712,5.667833093784278,32.0,32.0,6175.0,48.68978772337056,0.07749420244509136,nonsingular_isothermal,1.0,0.01,2.0,0.3,1.0,0.0,strict_pass,1.0,none,none,,,0.9971685971685972,1.0,0.9971685971685972,0.9787644787644788,0.9883597883597883,0.9809523809523809,0.021235521235521193,0.011640211640211673,0.01904761904761909,0.0,0.0,3874.0,3885.0,1.0,inverse_phase_volume,geometric_mean,3874.0,3874.0,3874.0,0.0,420.0,0.0,0.0,1.5035415229299734e+39,4.234601875836812e+52,28164183105397.59,3.827491513801701e-11,1077.9817182906643,0.0009276595168846477,26126772493.003864,28164183105397.57,0.0
16.615106591149917,8.955363131868843,49977.72146504985,2.1989802829105356,17.722423038482525,-1000000.0,solver_failed_full,551.0,17.722423038482525,0.37284583427262774,0.8826784352140349,1.6873499210244365,1.0,0.0,86.0,reduced_spear_inconsistent,2.0,10.013747325231508,7.708675713251016,32.0,32.0,6425.0,61.88725676830765,0.06080620803618229,nonsingular_isothermal,1.0,0.01,2.0,0.3,1.0,0.0,strict_pass,1.0,none,none,,,0.9971685971685972,1.0,0.9971685971685972,0.9787644787644788,0.9915343915343915,0.9952380952380953,0.021235521235521193,0.00846560846560851,0.004761904761904745,0.0,0.0,3874.0,3885.0,1.0,inverse_phase_volume,geometric_mean,3874.0,3874.0,3874.0,0.0,420.0,0.0,0.0,4.650167640336384e+42,3.265209439970352e+52,7021702640.669,8.097339326209648e-08,568.5710892923948,0.0017587950193607847,12349735.631841162,7021702640.669031,0.0
13.622867059185213,1.3397496266292008,0.0,0.45902194643705857,17.374845310769267,-1000000.0,solver_failed_full,552.0,17.374845310769267,0.35233874618840844,0.8904336086760662,1.720004702689882,1.0,0.0,83.0,active_set_max_passes,2.0,8.89730814894615,8.47753716182311,32.0,32.0,6365.0,59.68885867343702,0.07846597485480543,nonsingular_isothermal,1.0,0.01,2.0,0.3,1.0,0.0,strict_pass,1.0,none,none,,,0.9987129987129987,1.0,0.9987129987129987,0.9903474903474904,0.9947089947089947,0.9976190476190476,0.009652509652509633,0.005291005291005346,0.0023809523809523725,0.0,0.0,3880.0,3885.0,1.0,inverse_phase_volume,geometric_mean,3880.0,3880.0,3880.0,0.0,420.0,0.0,0.0,5.600753909482475e+43,1.4002447499605857e+52,250010047.32414177,1.6126647703929463e-06,403.1823955639192,0.0024802670230711084,620091.6758145199,250010047.32414332,0.0
9.228138588001752,50.57500753664774,2628.608443498831,2.2218692528906883,29.482119072023867,-1000000.0,solver_failed_full,553.0,29.482119072023867,0.01732303967039428,0.9421998936008001,1.8681136519202297,1.0,0.0,84.0,active_set_max_passes,2.0,11.888430751795932,17.593688320227933,32.0,32.0,3192.0,36.07124205045685,0.07628759872970162,nonsingular_isothermal,1.0,0.01,2.0,0.3,1.0,0.0,strict_pass,1.0,none,none,,,0.9976833976833976,1.0,0.9976833976833976,0.9826254826254827,0.9915343915343915,0.9952380952380953,0.01737451737451734,0.00846560846560851,0.004761904761904745,0.0,0.0,3876.0,3885.0,1.0,inverse_phase_volume,geometric_mean,3876.0,3876.0,3876.0,0.0,420.0,0.0,0.0,7.000387774834667e+39,2.6405822464375043e+51,377205139396.7056,1.077074937606205e-08,4062.7820198044687,0.0002461367592761296,92844050.5934059,377205139396.7059,0.0
14.432906184655817,9.943430573489026,26008.631636575843,1.4364484793990617,16.680399293605543,-1000000.0,solver_failed_full,554.0,16.680399293605543,0.30319196342559707,0.9013027234639432,1.7131598126355305,1.0,0.0,86.0,active_set_max_passes,2.0,9.352788080698373,7.327611212907165,32.0,32.0,7076.0,69.17985195661215,0.07138356001898348,nonsingular_isothermal,1.0,0.01,2.0,0.3,1.0,0.0,strict_pass,1.0,none,none,,,1.0,1.0,1.0,1.0,1.0,1.0,0.0,0.0,0.0,0.0,0.0,3885.0,3885.0,1.0,inverse_phase_volume,geometric_mean,3885.0,3885.0,3885.0,0.0,420.0,0.0,0.0,1.0643493131385095e+43,2.021885195328503e+52,1899644384.0100305,3.5862345686374645e-07,681.2570358054772,0.0014678747483578799,2788440.0221481742,1899644384.0100243,0.0
24.748905604731817,113.56824178987496,13014.012174224372,2.6628663647278747,19.3927880731724,-1000000.0,solver_failed_full,555.0,19.3927880731724,0.29904114941949445,0.732921853498591,1.8368616408616727,1.0,0.0,88.0,active_set_max_passes,2.0,12.790301413884347,6.602486659288048,32.0,32.0,5079.0,54.506898677139716,0.08163992821927615,nonsingular_isothermal,1.0,0.01,2.0,0.3,1.0,0.0,strict_pass,1.0,none,none,,,0.9984555984555985,1.0,0.9984555984555985,0.9884169884169884,0.9968253968253968,0.9976190476190476,0.01158301158301156,0.0031746031746031633,0.0023809523809523725,0.0,0.0,3879.0,3885.0,1.0,inverse_phase_volume,geometric_mean,3879.0,3879.0,3879.0,0.0,420.0,0.0,0.0,2.786526393738685e+40,1.402057298808316e+53,5031559370687.225,4.985096703180566e-09,25082.810030670324,3.986794138205557e-05,200597914.05089194,5031559370687.256,0.0
9.140284488891472,2.2778755382564606,216.64880643307333,3.5672666309950265,26.721458616802064,-1000000.0,solver_failed_full,556.0,26.721458616802064,0.3283780347818599,0.929502431875941,1.8175045584738205,1.0,0.0,78.0,active_set_max_passes,2.0,8.776564833510058,17.944893783292006,32.0,32.0,6386.0,73.58020967001725,0.05704649740919365,nonsingular_isothermal,1.0,0.01,2.0,0.3,1.0,0.0,strict_pass,1.0,none,none,,,1.0,1.0,1.0,1.0,1.0,1.0,0.0,0.0,0.0,0.0,0.0,3885.0,3885.0,1.0,inverse_phase_volume,geometric_mean,3885.0,3885.0,3885.0,0.0,420.0,0.0,0.0,7.156839272226975e+41,3.4336515058120325e+51,4797720579.162304,1.05083274101689e-07,504.16018668342974,0.0019834965679825013,9516262.30290751,4797720579.162335,0.0
0.5815261810710182,1.5279879477415317,306201.3912730791,1.0571735787705179,408.07439756211494,-1000000.0,solver_failed_full,557.0,408.07439756211494,6.938830077762702,2.452209463234474,11.760383445545784,0.0,0.0,8.0,reduced_spear_inconsistent,2.0,286.7121260182044,121.3622715439106,32.0,32.0,6597.0,371.28131371038177,0.011425775265751864,nonsingular_isothermal,1.0,0.01,2.0,0.3,1.0,0.0,severe_coverage_warn,0.0,multiple,multiple,1;2;3;4;5;6;7;8,Lfrac minimum coverage 0.626 is below 0.8 | Lfrac coverage gap 0.374 exceeds 0.1 | third_integral minimum coverage 0.75 is below 0.8 | third_integral coverage gap 0.25 exceeds 0.1 | 23 planned shell-band/Lfrac/third-integral cells have no successful orbit,0.9091377091377091,1.0,0.9091377091377091,0.8648648648648649,0.6264550264550265,0.75,0.06860706860706856,0.3735449735449735,0.25,23.0,0.0,3532.0,3885.0,1.0,inverse_phase_volume,geometric_mean,3532.0,3532.0,3532.0,0.0,420.0,0.0,0.0,7.975399294764527e+43,2.603186204472771e+50,3264019.9045352372,0.00047240901338669314,1541.95242277603,0.0006485284404558122,2116.809738304981,3264019.904535259,0.0
1.6433798328021747,11.235495965899347,22242.116126564997,4.703172952504791,246.72182583353188,-1000000.0,solver_failed_full,558.0,246.72182583353188,1.2496760000216796,0.8990941296862602,1.2715111120522198,1.0,0.0,80.0,reduced_spear_inconsistent,2.0,35.222692405283546,211.49913342824834,32.0,32.0,860.0,35.59115904052965,0.09401105867391994,nonsingular_isothermal,1.0,0.01,2.0,0.3,1.0,0.0,strict_pass,1.0,none,none,,,0.992020592020592,1.0,0.992020592020592,0.944015444015444,0.9671957671957672,0.9809523809523809,0.055984555984555984,0.032804232804232836,0.01904761904761909,0.0,0.0,3854.0,3885.0,1.0,inverse_phase_volume,geometric_mean,3854.0,3854.0,3854.0,0.0,420.0,0.0,0.0,9.932778808725449e+39,4.571782204887936e+48,460272225.2177663,3.9508940175535955e-07,181.8486781058943,0.005499077642003419,2531072.7029301655,460272225.2177635,0.0
24.413653149519206,130.20985213552655,0.0,4.171744338923626,13.172226482673903,-1000000.0,solver_failed_full,559.0,13.172226482673903,0.17850457348433402,0.5755548210443239,1.455967996951421,1.0,0.0,111.0,active_set_max_passes,2.0,8.61130866845452,4.560917814219375,32.0,32.0,4605.0,41.05672730154652,0.07495372745427377,nonsingular_isothermal,1.0,0.01,2.0,0.3,1.0,0.0,strict_pass,1.0,none,none,,,0.998970398970399,1.0,0.998970398970399,0.9922779922779923,0.9957671957671957,0.9976190476190476,0.007722007722007707,0.004232804232804255,0.0023809523809523725,0.0,0.0,3881.0,3885.0,1.0,inverse_phase_volume,geometric_mean,3881.0,3881.0,3881.0,0.0,420.0,0.0,0.0,1.656480992486412e+35,1.4509099450555597e+53,8.758989397624865e+17,6.435493582124669e-13,563684.2005431294,1.774042981932907e-06,1553882366968.116,8.758989397624879e+17,0.0
1.8122755804575397,41.738851698292095,7634.956860284699,4.083626117030381,469.66615389898817,-1000000.0,solver_failed_full,560.0,469.66615389898817,6.97226862931393,1.9540931666761472,3.626115521454762,0.0,0.0,9.0,active_set_max_passes,2.0,41.083852008786856,428.5823018902013,32.0,32.0,7398.0,668.809165304258,0.007476908876870967,nonsingular_isothermal,1.0,0.01,2.0,0.3,1.0,0.0,strict_pass,1.0,none,none,,,0.9951093951093951,1.0,0.9951093951093951,0.9652509652509652,0.9809523809523809,0.9833333333333333,0.03474903474903479,0.01904761904761909,0.01666666666666672,0.0,0.0,3866.0,3885.0,1.0,inverse_phase_volume,geometric_mean,3866.0,3866.0,3866.0,0.0,420.0,0.0,0.0,2.4163623750573566e+39,6.727610690450238e+48,2784189474.184536,3.191717390572092e-07,888.6345963402567,0.0011253219311046288,3133109.4756505284,2784189474.1845407,0.0
20.980385237274383,6.882603731946915,71214.4077290545,0.2304170291433721,21.004186007077873,-1000000.0,solver_failed_full,561.0,21.004186007077873,0.4072103866065362,0.929782594457738,1.7338085290406677,1.0,0.0,82.0,reduced_spear_inconsistent,2.0,11.419855386101506,9.584330620976367,32.0,32.0,6205.0,49.40148906537253,0.07390089199745872,nonsingular_isothermal,1.0,0.01,2.0,0.3,1.0,0.0,strict_pass,1.0,none,none,,,0.9974259974259975,1.0,0.9974259974259975,0.9806949806949807,0.9915343915343915,0.9952380952380953,0.019305019305019266,0.00846560846560851,0.004761904761904745,0.0,0.0,3875.0,3885.0,1.0,inverse_phase_volume,geometric_mean,3875.0,3875.0,3875.0,0.0,420.0,0.0,0.0,1.2919782144543574e+42,8.969251352314407e+52,69422620691.03387,8.03489796729475e-09,557.803673874662,0.0017927454529901485,124457087.57851066,69422620691.0338,0.0
4.626508193824735,5.941660220567925,49842.66650610799,0.3850225156525511,83.10528003645197,-1000000.0,solver_failed_full,562.0,83.10528003645197,0.3352913542080955,0.9537779081477198,1.6733329614750831,1.0,0.0,76.0,active_set_max_passes,2.0,12.269721811155346,70.83555822529665,32.0,32.0,3263.0,49.190460314743405,0.0630350379707048,nonsingular_isothermal,1.0,0.01,2.0,0.3,1.0,0.0,strict_pass,1.0,none,none,,,1.0,1.0,1.0,1.0,1.0,1.0,0.0,0.0,0.0,0.0,0.0,3885.0,3885.0,1.0,inverse_phase_volume,geometric_mean,3885.0,3885.0,3885.0,0.0,420.0,0.0,0.0,8.1641618350697e+39,2.6499258954327207e+50,32458027522.798332,1.2589386914256114e-08,408.6266669580802,0.0024472215860121215,79431985.59316726,32458027522.798183,0.0
11.720436273037993,89.63211736197935,675.6922522214568,3.7076924134703266,18.56280062898471,-1000000.0,solver_failed_full,563.0,18.56280062898471,0.16406043425408612,0.756657176991339,1.7537245555228365,1.0,0.0,92.0,active_set_max_passes,2.0,10.2153182854084,8.347482343576306,32.0,32.0,4146.0,49.56719405055428,0.06498097902870492,nonsingular_isothermal,1.0,0.01,2.0,0.3,1.0,0.0,strict_pass,1.0,none,none,,,1.0,1.0,1.0,1.0,1.0,1.0,0.0,0.0,0.0,0.0,0.0,3885.0,3885.0,1.0,inverse_phase_volume,geometric_mean,3885.0,3885.0,3885.0,0.0,420.0,0.0,0.0,1.7271050118310533e+39,7.701578394623678e+51,4459241529534.194,4.579251668177458e-09,20419.989212925702,4.8971622343806496e-05,218376292.12416708,4459241529534.204,0.0
22.3004628631767,4.5484709511150685,280.191691684689,2.37301343870699,20.12139364820413,-1000000.0,solver_failed_full,564.0,20.12139364820413,0.33345527427923827,0.8891445717758178,1.6633789069724603,1.0,0.0,86.0,active_set_max_passes,2.0,10.736595118372998,9.384798529831134,32.0,32.0,6533.0,69.6940592317904,0.06796317439662,nonsingular_isothermal,1.0,0.01,2.0,0.3,1.0,0.0,strict_pass,1.0,none,none,,,1.0,1.0,1.0,1.0,1.0,1.0,0.0,0.0,0.0,0.0,0.0,3885.0,3885.0,1.0,inverse_phase_volume,geometric_mean,3885.0,3885.0,3885.0,0.0,420.0,0.0,0.0,4.0788793930763336e+43,1.000941750471379e+53,2453962605.931474,1.9409463707050347e-07,476.3009813828545,0.0020995127851651265,5152125.865470241,2453962605.9314647,0.0
21.11677182450277,159.73414004182732,1543.1904691377354,1.8491993212027011,15.217322554132984,-1000000.0,solver_failed_full,565.0,15.217322554132984,0.21862803407534237,0.6876669434972145,1.6806420857752251,1.0,0.0,97.0,active_set_max_passes,2.0,10.575983037004894,4.641339517128089,32.0,32.0,6283.0,65.59179200302762,0.07156674281818586,nonsingular_isothermal,1.0,0.01,2.0,0.3,1.0,0.0,strict_pass,1.0,none,none,,,0.9994851994851995,1.0,0.9994851994851995,0.9961389961389961,0.9978835978835979,0.9976190476190476,0.0038610038610038533,0.002116402116402072,0.0023809523809523725,0.0,0.0,3883.0,3885.0,1.0,inverse_phase_volume,geometric_mean,3883.0,3883.0,3883.0,0.0,420.0,0.0,0.0,1.6222972713636253e+38,8.083769507237143e+52,498291506120966.0,2.0418046788643575e-10,101741.39286361593,9.828841259726977e-06,4897628114.733264,498291506120967.6,0.0
6.427090320556136,3.2227295810220036,5491.561947119422,3.3957223559370164,50.16898358210287,-1000000.0,solver_failed_full,566.0,50.16898358210287,0.13533783275964595,0.9139135045583721,1.7979531075497797,1.0,0.0,79.0,active_set_max_passes,2.0,10.625529139623822,39.54345444247903,32.0,32.0,4630.0,52.23143765095935,0.05376582304172389,nonsingular_isothermal,1.0,0.01,2.0,0.3,1.0,0.0,strict_pass,1.0,none,none,,,1.0,1.0,1.0,1.0,1.0,1.0,0.0,0.0,0.0,0.0,0.0,3885.0,3885.0,1.0,inverse_phase_volume,geometric_mean,3885.0,3885.0,3885.0,0.0,420.0,0.0,0.0,1.3113409330973707e+42,9.351674668730367e+50,713138317.6335257,7.965549487260465e-07,568.05385603715,0.001760396464828506,1255406.1732958022,713138317.6335231,0.0
18.846706748287122,4.964178617905474,8610.589984351796,4.03350167366472,19.044876546257306,-1000000.0,solver_failed_full,567.0,19.044876546257306,0.2880183213483676,0.9125980496204319,1.684638681600152,1.0,0.0,85.0,active_set_max_passes,2.0,10.330733436644433,8.71414310961287,32.0,32.0,6668.0,64.21061925622482,0.07311249099062503,nonsingular_isothermal,1.0,0.01,2.0,0.3,1.0,0.0,strict_pass,1.0,none,none,,,1.0,1.0,1.0,1.0,1.0,1.0,0.0,0.0,0.0,0.0,0.0,3885.0,3885.0,1.0,inverse_phase_volume,geometric_mean,3885.0,3885.0,3885.0,0.0,420.0,0.0,0.0,2.969845194558686e+43,5.245930587143435e+52,1766398665.0735078,2.798137540922327e-07,494.26264169772764,0.0020232158282591024,3573805.7381924773,1766398665.0735114,0.0
9.039190743121242,52.15196270958546,4183.167219275816,0.351263265621396,33.484152436163555,-1000000.0,solver_failed_full,568.0,33.484152436163555,0.09905258564014474,0.9293695653017605,1.8184519515380109,1.0,0.0,87.0,active_set_max_passes,2.0,13.419632875449558,20.064519560713993,32.0,32.0,2125.0,40.20447510365973,0.054908023157644384,nonsingular_isothermal,1.0,0.01,2.0,0.3,1.0,0.0,strict_pass,1.0,none,none,,,0.9987129987129987,1.0,0.9987129987129987,0.9903474903474904,0.9947089947089947,0.9976190476190476,0.009652509652509633,0.005291005291005346,0.0023809523809523725,0.0,0.0,3880.0,3885.0,1.0,inverse_phase_volume,geometric_mean,3880.0,3880.0,3880.0,0.0,420.0,0.0,0.0,7.049117982021608e+38,2.2856888503478538e+51,3242517512371.5884,1.1589318621883209e-09,3757.85685879106,0.0002661091248488134,862863497.524158,3242517512371.6,0.0
23.054817883064548,31.257510101672285,2324666.9003905356,2.9028081296862918,22.19501996695604,-1000000.0,solver_failed_full,569.0,22.19501996695604,0.3414748138652506,0.9144904114786491,1.6227372252127672,1.0,0.0,79.0,reduced_spear_inconsistent,2.0,11.953006003610865,10.242013963345174,32.0,32.0,6128.0,93.21244730581813,0.04321829333147197,nonsingular_isothermal,1.0,0.01,2.0,0.3,1.0,0.0,strict_pass,1.0,none,none,,,0.9971685971685972,1.0,0.9971685971685972,0.9787644787644788,0.9883597883597883,0.9857142857142858,0.021235521235521193,0.011640211640211673,0.014285714285714235,0.0,0.0,3874.0,3885.0,1.0,inverse_phase_volume,geometric_mean,3874.0,3874.0,3874.0,0.0,420.0,0.0,0.0,2.5575322631769054e+44,1.515334482056204e+53,592498676.8979765,7.029536752723156e-07,416.4991225194202,0.002400965442498316,1422568.8479580285,592498676.8979814,0.0
5.301259121080198,390.8408213235094,141647.17696362594,3.163205371557182,80.87966218905048,-80.87966218905048,pass_full,570.0,80.87966218905048,0.001060940531488086,0.6625325997215372,1.2245715781785174,1.0,1.0,63.0,none,0.0,14.638579489768283,66.24108269928217,32.0,32.0,4062.0,56.35180267514634,0.061004101338292316,nonsingular_isothermal,1.0,0.01,2.0,0.3,1.0,0.0,severe_coverage_warn,0.0,inner,joint,2,1 planned shell-band/Lfrac/third-integral cells have no successful orbit,0.9824967824967825,1.0,0.9824967824967825,0.9542619542619543,0.928042328042328,0.930952380952381,0.04573804573804574,0.071957671957672,0.06904761904761902,1.0,0.0,3817.0,3885.0,1.0,inverse_phase_volume,geometric_mean,3817.0,3817.0,3817.0,0.0,420.0,0.0,0.0,6.9429177773108954e+41,1.54433370008717e+50,222432952.4877818,5.703364800639632e-06,1268.6162717211587,0.0007882604238106443,175335.09339747127,222432952.48778114,0.0
5.301259121080198,390.8408213235094,0.0,3.163205371557182,140.29005054550308,-1000000.0,solver_failed_no_bh,570.0,140.29005054550308,0.4518416614747309,0.7695948131862147,1.5904502127769526,1.0,0.0,88.0,active_set_max_passes,2.0,48.29378442374453,91.99626612175851,32.0,32.0,703.0,25.606716097355037,0.10410983830671214,nonsingular_isothermal,1.0,0.01,2.0,0.3,1.0,0.0,strict_pass,1.0,none,none,,,1.0,1.0,1.0,1.0,1.0,1.0,0.0,0.0,0.0,0.0,0.0,3885.0,3885.0,1.0,inverse_phase_volume,geometric_mean,3885.0,3885.0,3885.0,0.0,420.0,0.0,0.0,2.9274500619416975e+34,7.236452115897984e+49,2471930165428080.5,2.429701330738622e-10,600605.2012433481,1.6649872460808553e-06,4115732198.640246,2471930165428052.5,0.0
0.0,390.8408213235094,141647.17696362594,3.163205371557182,740.532840135394,-1000000.0,solver_failed_no_halo,570.0,740.532840135394,12.678313515352784,2.619361568463933,12.562016780993316,0.0,0.0,5.0,reduced_spear_inconsistent,2.0,505.9025380274414,234.6303021079525,32.0,32.0,6896.0,385.71067711823264,0.012462208130396406,none,1.0,0.01,2.0,0.3,1.0,0.0,severe_coverage_warn,0.0,multiple,multiple,1;2;3;4;5;6;7;8,Lfrac minimum coverage 0.63 is below 0.8 | Lfrac coverage gap 0.37 exceeds 0.1 | third_integral minimum coverage 0.75 is below 0.8 | third_integral coverage gap 0.25 exceeds 0.1 | 25 planned shell-band/Lfrac/third-integral cells have no successful orbit,0.9099099099099099,1.0,0.9099099099099099,0.8898128898128899,0.6296296296296297,0.75,0.029106029106029108,0.37037037037037035,0.25,25.0,0.0,3535.0,3885.0,1.0,inverse_phase_volume,geometric_mean,3535.0,3535.0,3535.0,0.0,420.0,0.0,0.0,3.268451038279658e+42,5.533405047546411e+49,16929747.4024849,0.00016944779508739531,2868.708368737635,0.00034858893671371917,5901.522645864082,16929747.40248496,0.0
5.852418894974104,137.04570208914356,1897981.3896194242,4.970240535764841,47.9898001653664,-1000000.0,solver_failed_full,571.0,47.9898001653664,0.8219663774718384,1.1755103436740393,5.637549562172188,0.0,0.0,32.0,reduced_spear_inconsistent,2.0,31.735653490038317,16.25414667532808,32.0,32.0,6385.0,217.6415615917386,0.028145783165499837,nonsingular_isothermal,1.0,0.01,2.0,0.3,1.0,0.0,severe_coverage_warn,0.0,multiple,multiple,1;2;3;4,Lfrac coverage gap 0.186 exceeds 0.1 | third_integral coverage gap 0.133 exceeds 0.1 | 6 planned shell-band/Lfrac/third-integral cells have no successful orbit,0.9546975546975547,1.0,0.9546975546975547,0.9106029106029107,0.8137566137566138,0.8666666666666667,0.08939708939708935,0.1862433862433862,0.1333333333333333,6.0,0.0,3709.0,3885.0,1.0,inverse_phase_volume,geometric_mean,3709.0,3709.0,3709.0,0.0,420.0,0.0,0.0,3.194826144897053e+41,9.934619477099712e+51,31095962742.660717,2.7147486947887252e-08,844.177242688362,0.0011845853565246628,36835822.111992024,31095962742.66042,0.0
21.9858244005624,5.642563650316422,62303.835787939075,0.9077490196485718,21.871832658050952,-1000000.0,solver_failed_full,572.0,21.871832658050952,0.4336541196439967,0.9505655339342032,1.7518594448881721,1.0,0.0,81.0,active_set_max_passes,2.0,11.804164253602352,10.067668404448598,32.0,32.0,6558.0,66.5858433304617,0.07069796673752725,nonsingular_isothermal,1.0,0.01,2.0,0.3,1.0,0.0,strict_pass,1.0,none,none,,,0.9992277992277993,1.0,0.9992277992277993,0.9942084942084942,0.9968253968253968,0.9976190476190476,0.00579150579150578,0.0031746031746031633,0.0023809523809523725,0.0,0.0,3882.0,3885.0,1.0,inverse_phase_volume,geometric_mean,3882.0,3882.0,3882.0,0.0,420.0,0.0,0.0,1.2803600221702647e+42,9.92439386304646e+52,77512525314.7485,6.512313795736288e-09,504.78588794959546,0.001981037948707182,153555254.14864305,77512525314.74858,0.0
1.3408511163288868,16.772664820711196,0.0,2.5120199262099887,548.8882697984377,-1000000.0,solver_failed_full,573.0,548.8882697984377,7.204904633940373,1.631376147192075,3.3668288671711823,0.0,0.0,20.0,active_set_max_passes,2.0,42.1249637329879,506.76330606544974,32.0,32.0,5303.0,189.71076468244243,0.02960593517284688,nonsingular_isothermal,1.0,0.01,2.0,0.3,1.0,0.0,strict_pass,1.0,none,none,,,1.0,1.0,1.0,1.0,1.0,1.0,0.0,0.0,0.0,0.0,0.0,3885.0,3885.0,1.0,inverse_phase_volume,geometric_mean,3885.0,3885.0,3885.0,0.0,420.0,0.0,0.0,1.199001918318689e+36,1.7094115608485093e+48,1425695434453.9722,1.1005394975709542e-09,1569.0341371231941,0.0006373347630495079,908645261.898497,1425695434453.9868,0.0
18.263611781948395,249.67539405440738,102554.712831661,3.209926834971919,14.662434572574833,-14.662434572574833,pass_full,574.0,14.662434572574833,0.001805533422020389,0.6719929755181675,1.573258086776271,1.0,1.0,103.0,none,0.0,8.728252711681133,5.934181860893704,32.0,32.0,2334.0,53.517439061873496,0.06067845731651899,nonsingular_isothermal,1.0,0.01,2.0,0.3,1.0,0.0,strict_pass,1.0,none,none,,,0.9966537966537966,1.0,0.9966537966537966,0.974903474903475,0.9862433862433863,0.9880952380952381,0.025096525096525046,0.013756613756613745,0.011904761904761862,0.0,0.0,3872.0,3885.0,1.0,inverse_phase_volume,geometric_mean,3872.0,3872.0,3872.0,0.0,420.0,0.0,0.0,4.981323172586433e+42,1.521863222336078e+52,3055138503.5833497,3.7470878193905555e-06,11447.872273328216,8.735247704762102e-05,266873.91601156676,3055138503.583338,0.0
4.547621020048101,1.1147321958868452,282250.7938336127,4.004906195761696,87.71403594586764,-1000000.0,solver_failed_full,575.0,87.71403594586764,1.0297940568081287,1.124619520212273,1.5904521779935648,1.0,0.0,55.0,active_set_max_passes,2.0,5.0045304829421,82.70950546292552,32.0,32.0,7270.0,100.21151496179193,0.054498613392497834,nonsingular_isothermal,1.0,0.01,2.0,0.3,1.0,0.0,strict_pass,1.0,none,none,,,0.9979407979407979,1.0,0.9979407979407979,0.9845559845559846,0.9915343915343915,0.9880952380952381,0.015444015444015413,0.00846560846560851,0.011904761904761862,0.0,0.0,3877.0,3885.0,1.0,inverse_phase_volume,geometric_mean,3877.0,3877.0,3877.0,0.0,420.0,0.0,0.0,8.975017635364998e+40,4.175322411540709e+50,4652160676.641285,3.4229232782318045e-08,159.2398907415003,0.006279833497395041,29214794.452435832,4652160676.641271,0.0
18.263611781948395,249.67539405440738,0.0,3.209926834971919,11.948981111371824,-1000000.0,solver_failed_no_bh,574.0,11.948981111371824,0.06591583312130034,0.5675538800868886,1.2645708975352932,1.0,0.0,118.0,active_set_max_passes,2.0,7.455614336362649,4.493366775009171,32.0,32.0,3459.0,52.311861746483984,0.057487829050020596,nonsingular_isothermal,1.0,0.01,2.0,0.3,1.0,0.0,strict_pass,1.0,none,none,,,1.0,1.0,1.0,1.0,1.0,1.0,0.0,0.0,0.0,0.0,0.0,3885.0,3885.0,1.0,inverse_phase_volume,geometric_mean,3885.0,3885.0,3885.0,0.0,420.0,0.0,0.0,2.2084298485663e+34,2.4232322171138005e+52,1.0972647461212992e+18,1.85094379150752e-12,2030975.3694733023,4.923742626476718e-07,540264920300.7617,1.0972647461213037e+18,0.0
0.0,249.67539405440738,102554.712831661,3.209926834971919,873.5960978960105,-1000000.0,solver_failed_no_halo,574.0,873.5960978960105,15.052406926074923,2.581350196371063,12.37972064446596,0.0,0.0,7.0,reduced_spear_inconsistent,2.0,601.2908245952077,272.30527330080287,32.0,32.0,6722.0,375.5557787500519,0.01248275959124065,none,1.0,0.01,2.0,0.3,1.0,0.0,severe_coverage_warn,0.0,multiple,multiple,1;2;3;4;5;6;7;8,Lfrac minimum coverage 0.6 is below 0.8 | Lfrac coverage gap 0.4 exceeds 0.1 | third_integral minimum coverage 0.75 is below 0.8 | third_integral coverage gap 0.25 exceeds 0.1 | 25 planned shell-band/Lfrac/third-integral cells have no successful orbit,0.9027027027027027,1.0,0.9027027027027027,0.8752598752598753,0.6,0.75,0.04365904365904372,0.4,0.25,25.0,0.0,3507.0,3885.0,1.0,inverse_phase_volume,geometric_mean,3507.0,3507.0,3507.0,0.0,420.0,0.0,0.0,3.0696208448352586e+41,2.9017112792126105e+49,94529957.47324423,2.704478553517698e-05,2556.542426513304,0.00039115329737118143,36975.70456601722,94529957.47324471,0.0
11.702193319486174,1.1390756760275398,385.16037317083055,4.662017316464584,18.738449186319162,-1000000.0,solver_failed_full,576.0,18.738449186319162,0.2912192585316049,0.8849919166675311,1.7072920745614637,1.0,0.0,84.0,active_set_max_passes,2.0,8.523509182320502,10.214940003998663,32.0,32.0,6412.0,58.35172806038083,0.07334688054573009,nonsingular_isothermal,1.0,0.01,2.0,0.3,1.0,0.0,strict_pass,1.0,none,none,,,1.0,1.0,1.0,1.0,1.0,1.0,0.0,0.0,0.0,0.0,0.0,3885.0,3885.0,1.0,inverse_phase_volume,geometric_mean,3885.0,3885.0,3885.0,0.0,420.0,0.0,0.0,6.927292499269139e+43,9.470725122927717e+51,136716114.18064016,3.6710155038636603e-06,501.8869747851227,0.001992480479151982,272404.18869043805,136716114.18063968,0.0
7.147356710181799,40.252780194376356,675332.4273254479,0.7161757523717207,31.43476504739758,-1000000.0,solver_failed_full,577.0,31.43476504739758,0.22427209135520698,0.9202750839693649,1.3014655048633879,1.0,0.0,76.0,active_set_max_passes,2.0,4.476856613096926,26.957908434300652,32.0,32.0,6519.0,79.62592643046051,0.06367442749824861,nonsingular_isothermal,1.0,0.01,2.0,0.3,1.0,0.0,strict_pass,1.0,none,none,,,0.993050193050193,1.0,0.993050193050193,0.9478764478764479,0.9714285714285714,0.9785714285714285,0.05212355212355213,0.02857142857142858,0.021428571428571463,0.0,0.0,3858.0,3885.0,1.0,inverse_phase_volume,geometric_mean,3858.0,3858.0,3858.0,0.0,420.0,0.0,0.0,1.090548854739237e+43,1.9208179714681448e+51,176133142.78592634,1.483329169907193e-06,261.26342848179223,0.003827554456477215,674159.1956036075,176133142.7859257,0.0
18.96607641031696,23.660222699234918,50352.290804762684,3.344264985200734,14.413545649466787,-1000000.0,solver_failed_full,578.0,14.413545649466787,0.2847903111560388,0.7844765004818136,1.54946093011566,1.0,0.0,98.0,active_set_max_passes,2.0,8.667141876416446,5.746403773050338,32.0,32.0,6512.0,66.97130626641061,0.05925560908799974,nonsingular_isothermal,1.0,0.01,2.0,0.3,1.0,0.0,strict_pass,1.0,none,none,,,1.0,1.0,1.0,1.0,1.0,1.0,0.0,0.0,0.0,0.0,0.0,3885.0,3885.0,1.0,inverse_phase_volume,geometric_mean,3885.0,3885.0,3885.0,0.0,420.0,0.0,0.0,1.5652584439978757e+41,5.297959812325102e+52,338471888309.60187,3.518328655737646e-09,1190.855343801308,0.0008397325545921623,284225863.4278559,338471888309.60297,0.0
14.800547711603999,6.865993422139364,7419.676490155378,2.1032669679499603,17.712936667853825,-1000000.0,solver_failed_full,579.0,17.712936667853825,0.26559271110388494,0.8751564387085363,1.704296747893098,1.0,0.0,85.0,active_set_max_passes,2.0,9.493048606506866,8.219888061346957,32.0,32.0,6192.0,64.20485141093427,0.05310289734547619,nonsingular_isothermal,1.0,0.01,2.0,0.3,1.0,0.0,strict_pass,1.0,none,none,,,0.9979407979407979,1.0,0.9979407979407979,0.9845559845559846,0.9915343915343915,0.9976190476190476,0.015444015444015413,0.00846560846560851,0.0023809523809523725,0.0,0.0,3877.0,3885.0,1.0,inverse_phase_volume,geometric_mean,3877.0,3877.0,3877.0,0.0,420.0,0.0,0.0,2.9671536297318787e+41,2.2959379368286815e+52,77378465133.13669,8.110681089331441e-09,627.5920538768182,0.001593391748386089,123294207.84591956,77378465133.13599,0.0
5.274619305301645,4.532140312794642,319808.08113361435,3.403464041065231,61.85188665780752,-1000000.0,solver_failed_full,580.0,61.85188665780752,0.45347549493146744,1.0005114442524339,1.4149368537711469,1.0,0.0,68.0,reduced_spear_inconsistent,2.0,4.3775626655251365,57.474323992282386,32.0,32.0,6243.0,53.312453633824,0.07229855610661215,nonsingular_isothermal,1.0,0.01,2.0,0.3,1.0,0.0,strict_pass,1.0,none,none,,,0.9963963963963964,1.0,0.9963963963963964,0.972972972972973,0.9851851851851852,0.9857142857142858,0.027027027027026973,0.014814814814814836,0.014285714285714235,0.0,0.0,3871.0,3885.0,1.0,inverse_phase_volume,geometric_mean,3871.0,3871.0,3871.0,0.0,420.0,0.0,0.0,3.223622143861006e+41,5.660136513645446e+50,1755831254.7345178,8.408256573217854e-08,147.63479689082772,0.0067734708961565155,11893071.902506161,1755831254.734507,0.0
11.330056142512701,4.121973527474219,46747.39993263708,1.2978078181394288,20.338288496544163,-1000000.0,solver_failed_full,581.0,20.338288496544163,0.35007534395157336,0.9008430271542962,1.7573260249848204,1.0,0.0,83.0,active_set_max_passes,2.0,8.804926466021598,11.53336203052257,32.0,32.0,6597.0,82.27681166717197,0.0609119535088827,nonsingular_isothermal,1.0,0.01,2.0,0.3,1.0,0.0,strict_pass,1.0,none,none,,,1.0,1.0,1.0,1.0,1.0,1.0,0.0,0.0,0.0,0.0,0.0,3885.0,3885.0,1.0,inverse_phase_volume,geometric_mean,3885.0,3885.0,3885.0,0.0,420.0,0.0,0.0,6.366548330938578e+44,9.419326667438622e+51,14795028.919618666,3.553753884575645e-05,525.7789149550371,0.0019019400960297481,28139.258724142357,14795028.919618629,0.0
1.8525695966441713,44.854129449767726,5490.991395870822,3.6598570563224957,458.07298745994666,-1000000.0,solver_failed_full,582.0,458.07298745994666,6.670582161499965,1.885983890971405,3.7543942198692384,0.0,0.0,9.0,active_set_max_passes,2.0,41.7939133509958,416.27907410895085,32.0,32.0,7227.0,712.0781389952051,0.007256926644110911,nonsingular_isothermal,1.0,0.01,2.0,0.3,1.0,0.0,strict_pass,1.0,none,none,,,0.9963963963963964,1.0,0.9963963963963964,0.974903474903475,0.9873015873015873,0.9880952380952381,0.025096525096525046,0.012698412698412653,0.011904761904761862,0.0,0.0,3871.0,3885.0,1.0,inverse_phase_volume,geometric_mean,3871.0,3871.0,3871.0,0.0,420.0,0.0,0.0,2.9591092290169957e+38,6.314292205885262e+48,21338489785.937523,5.016535737003779e-08,1070.452965848469,0.0009341839687532408,19934075.07542783,21338489785.937763,0.0
5.340832656707686,7.781455233423044,1676.7952023374705,1.0654908405792622,68.4463380791327,-1000000.0,solver_failed_full,583.0,68.4463380791327,0.19083887170232572,0.8936896670929249,1.7215906566735737,1.0,0.0,84.0,active_set_max_passes,2.0,13.5414810250688,54.9048570540639,32.0,32.0,3401.0,49.90701605534503,0.053861050582878364,nonsingular_isothermal,1.0,0.01,2.0,0.3,1.0,0.0,strict_pass,1.0,none,none,,,0.9987129987129987,1.0,0.9987129987129987,0.9903474903474904,0.9947089947089947,0.9976190476190476,0.009652509652509633,0.005291005291005346,0.0023809523809523725,0.0,0.0,3880.0,3885.0,1.0,inverse_phase_volume,geometric_mean,3880.0,3880.0,3880.0,0.0,420.0,0.0,0.0,1.3453813274613485e+40,3.523058259745236e+50,26186317498.497093,2.241184404318133e-08,586.8836638415493,0.0017039152077505885,44619264.620674714,26186317498.497192,0.0
22.89144045377118,144.92382373541327,3423.125582862901,1.8931695725797777,14.117798793472337,-1000000.0,solver_failed_full,584.0,14.117798793472337,0.20031348886007905,0.6370935053978646,1.5566163133066881,1.0,0.0,105.0,active_set_max_passes,2.0,9.609683257886374,4.508115535585967,32.0,32.0,4939.0,60.05775545343589,0.07301506838960817,nonsingular_isothermal,1.0,0.01,2.0,0.3,1.0,0.0,strict_pass,1.0,none,none,,,0.9981981981981982,1.0,0.9981981981981982,0.9864864864864865,0.9947089947089947,0.9976190476190476,0.013513513513513487,0.005291005291005346,0.0023809523809523725,0.0,0.0,3878.0,3885.0,1.0,inverse_phase_volume,geometric_mean,3878.0,3878.0,3878.0,0.0,420.0,0.0,0.0,1.2080148082272045e+39,1.0242285006080316e+53,84786088186378.73,7.175904416673543e-10,60841.68646891077,1.643609929371346e-05,1393552564.1568668,84786088186378.75,0.0
8.290970497238495,440.8891981971239,1785.3697695137757,2.0904908635299537,75.73540609292697,-1000000.0,solver_failed_full,585.0,75.73540609292697,0.26563127542719656,0.9352516392438341,2.162797080203475,0.0,0.0,70.0,active_set_max_passes,2.0,27.43579380092837,48.29961229199856,32.0,32.0,619.0,32.23504618988827,0.11232022931534126,nonsingular_isothermal,1.0,0.01,2.0,0.3,1.0,0.0,strict_pass,1.0,none,none,,,0.9994851994851995,1.0,0.9994851994851995,0.9961389961389961,0.9978835978835979,0.9976190476190476,0.0038610038610038533,0.002116402116402072,0.0023809523809523725,0.0,0.0,3883.0,3885.0,1.0,inverse_phase_volume,geometric_mean,3883.0,3883.0,3883.0,0.0,420.0,0.0,0.0,1.1605608819100761e+39,3.164499849514083e+50,272669870132.61047,3.6005334211091076e-07,98175.69803419501,1.0185820116620875e-05,2777366.248393162,272669870132.61215,0.0
24.642254858262095,167.6193028508676,3797.187671601808,1.7638348218143132,14.543943181550652,-1000000.0,solver_failed_full,586.0,14.543943181550652,0.21014325114816224,0.6451050578880392,1.5980290839326436,1.0,0.0,103.0,active_set_max_passes,2.0,9.982051867417061,4.561891314133592,32.0,32.0,4610.0,58.5143238422426,0.06473639435549428,nonsingular_isothermal,1.0,0.01,2.0,0.3,1.0,0.0,strict_pass,1.0,none,none,,,0.9994851994851995,1.0,0.9994851994851995,0.9961389961389961,0.9978835978835979,0.9976190476190476,0.0038610038610038533,0.002116402116402072,0.0023809523809523725,0.0,0.0,3883.0,3885.0,1.0,inverse_phase_volume,geometric_mean,3883.0,3883.0,3883.0,0.0,420.0,0.0,0.0,8.889184341964543e+40,1.3038135582534985e+53,1466741500790.331,5.809285087615168e-08,85207.19527927545,1.1736098069211127e-05,17213822.0954572,1466741500790.3281,0.0
6.132679525787784,14.499403103434327,192410.74792291407,1.426005118433918,42.09039712600262,-1000000.0,solver_failed_full,587.0,42.09039712600262,0.1638138847818027,0.7826038076799903,1.216351827032789,1.0,0.0,98.0,reduced_spear_inconsistent,2.0,5.553582253765911,36.5368148722367,32.0,32.0,4749.0,51.5698713625684,0.07513793604179468,nonsingular_isothermal,1.0,0.01,2.0,0.3,1.0,0.0,strict_pass,1.0,none,none,,,0.9997425997425997,1.0,0.9997425997425997,0.9980694980694981,0.9989417989417989,0.9976190476190476,0.0019305019305019266,0.0010582010582010914,0.0023809523809523725,0.0,0.0,3884.0,3885.0,1.0,inverse_phase_volume,geometric_mean,3884.0,3884.0,3884.0,0.0,420.0,0.0,0.0,2.3862370866187135e+42,1.308053695049747e+51,548165855.9348153,8.559159546309161e-07,469.1839018785187,0.0021313604239109646,1168339.0110787398,548165855.934813,0.0
10.38241494305738,298.3993004713147,178432.2480828668,2.1296609308192878,32.53478871511911,-1000000.0,solver_failed_full,588.0,32.53478871511911,0.2186698342126192,0.7028753224269506,1.5991502919594025,1.0,0.0,90.0,active_set_max_passes,2.0,10.404973952803472,22.129814762315636,32.0,32.0,5035.0,46.961254986914085,0.04965602058561002,nonsingular_isothermal,1.0,0.01,2.0,0.3,1.0,0.0,strict_pass,1.0,none,none,,,0.9945945945945946,1.0,0.9945945945945946,0.9806949806949807,0.9777777777777777,0.9738095238095238,0.019305019305019266,0.022222222222222254,0.02619047619047621,0.0,0.0,3864.0,3885.0,1.0,inverse_phase_volume,geometric_mean,3864.0,3864.0,3864.0,0.0,420.0,0.0,0.0,1.6711928445137684e+41,1.8565436042210885e+51,11109092588.062437,3.0297164193368213e-07,3365.740021798594,0.00029711148024606397,3300638.9430298274,11109092588.062502,0.0
12.097644582459077,3.4419190437775975,20110.4473740007,4.9653095937935285,18.01073389587081,-1000000.0,solver_failed_full,589.0,18.01073389587081,0.36039994403127196,0.8866199237663309,1.7436202791879483,1.0,0.0,82.0,reduced_spear_inconsistent,2.0,8.854020950992096,9.156712944878718,32.0,32.0,6567.0,46.127588259655006,0.09975000151276217,nonsingular_isothermal,1.0,0.01,2.0,0.3,1.0,0.0,strict_pass,1.0,none,none,,,1.0,1.0,1.0,1.0,1.0,1.0,0.0,0.0,0.0,0.0,0.0,3885.0,3885.0,1.0,inverse_phase_volume,geometric_mean,3885.0,3885.0,3885.0,0.0,420.0,0.0,0.0,5.561577664560591e+43,9.906794750936935e+51,178129217.0756668,2.7038449411605353e-06,481.633782462928,0.0020762663177119876,369843.6936146136,178129217.0756666,0.0
23.848266077354648,1.9703180659588582,781356.5584080789,4.619421469639906,21.903101576794374,-1000000.0,solver_failed_full,590.0,21.903101576794374,0.32541533637536446,0.891189825316267,1.6571233035656148,1.0,0.0,82.0,active_set_max_passes,2.0,12.414909820970133,9.488191755824237,32.0,32.0,6194.0,68.7802992639925,0.07045547517936407,nonsingular_isothermal,1.0,0.01,2.0,0.3,1.0,0.0,strict_pass,1.0,none,none,,,1.0,1.0,1.0,1.0,1.0,1.0,0.0,0.0,0.0,0.0,0.0,3885.0,3885.0,1.0,inverse_phase_volume,geometric_mean,3885.0,3885.0,3885.0,0.0,420.0,0.0,0.0,2.5715330550744513e+42,1.9320121644426777e+53,75130753642.47037,5.899675155397526e-09,443.2470406707797,0.0022560782323254058,169500857.87098205,75130753642.47124,0.0
10.793624278891858,439.15223099439305,101.12646779123997,0.9963535436149793,47.986738434021404,-47.986738434021404,pass_full,591.0,47.986738434021404,5.3088990583205486e-05,0.7892499301221911,1.440336080373607,1.0,1.0,72.0,none,0.0,15.599909498547397,32.38682893547402,32.0,32.0,3908.0,43.215389846843806,0.09259928155847667,nonsingular_isothermal,1.0,0.01,2.0,0.3,1.0,0.0,strict_pass,1.0,none,none,,,0.9984555984555985,1.0,0.9984555984555985,0.9884169884169884,0.9957671957671957,0.9976190476190476,0.01158301158301156,0.004232804232804255,0.0023809523809523725,0.0,0.0,3879.0,3885.0,1.0,inverse_phase_volume,geometric_mean,3879.0,3879.0,3879.0,0.0,420.0,0.0,0.0,4.473477232202579e+37,1.0195655481186368e+51,22791343181077.047,3.1959292337132754e-08,728395.1994799584,1.3728810962976627e-06,31289804.21253331,22791343181077.043,0.0
1.9964919600697044,75.34300539650432,770047.6894073811,4.146993838533958,164.40024202046033,-1000000.0,solver_failed_full,592.0,164.40024202046033,2.852871571093573,1.9908815500702204,9.547932497008558,0.0,0.0,15.0,reduced_spear_inconsistent,2.0,113.38431844002744,51.01592358043292,32.0,32.0,6684.0,365.3160598465274,0.01816849107493084,nonsingular_isothermal,1.0,0.01,2.0,0.3,1.0,0.0,severe_coverage_warn,0.0,multiple,multiple,1;2;3;4;5,Lfrac minimum coverage 0.759 is below 0.8 | Lfrac coverage gap 0.241 exceeds 0.1 | third_integral coverage gap 0.188 exceeds 0.1 | 13 planned shell-band/Lfrac/third-integral cells have no successful orbit,0.9413127413127413,1.0,0.9413127413127413,0.9085239085239085,0.7587301587301587,0.8119047619047619,0.09147609147609148,0.2412698412698413,0.1880952380952381,13.0,0.0,3657.0,3885.0,1.0,inverse_phase_volume,geometric_mean,3657.0,3657.0,3657.0,0.0,420.0,0.0,0.0,1.5491732597675112e+43,1.6204407271555774e+51,104600354.8627454,1.1009334188025701e-05,1151.5802628700562,0.000868371951345991,90832.01426364636,104600354.86274657,0.0
9.449378792063087,3.063947801296769,640.2890490509653,1.10255071565146,25.858338541275057,-1000000.0,solver_failed_full,593.0,25.858338541275057,0.27855278255010063,0.9302570780063338,1.7749772523688843,1.0,0.0,80.0,active_set_max_passes,2.0,8.552011860819942,17.30632668045511,32.0,32.0,6278.0,68.76216037237721,0.06308927871596437,nonsingular_isothermal,1.0,0.01,2.0,0.3,1.0,0.0,strict_pass,1.0,none,none,,,1.0,1.0,1.0,1.0,1.0,1.0,0.0,0.0,0.0,0.0,0.0,3885.0,3885.0,1.0,inverse_phase_volume,geometric_mean,3885.0,3885.0,3885.0,0.0,420.0,0.0,0.0,7.14019660442274e+41,3.445601885198245e+51,4825640071.400821,9.559229511533425e-08,461.2940098257291,0.0021678148397760184,10461094.158200486,4825640071.400812,0.0
5.850270589635246,33.746545874962315,10253.073955737853,2.692893987366969,66.52194043608473,-1000000.0,solver_failed_full,594.0,66.52194043608473,0.3125516258937324,0.8901818979891463,1.7331606813460505,1.0,0.0,87.0,reduced_spear_inconsistent,2.0,16.488402721268425,50.03353771481631,32.0,32.0,1099.0,35.97466279005308,0.07149015846622976,nonsingular_isothermal,1.0,0.01,2.0,0.3,1.0,0.0,strict_pass,1.0,none,none,,,0.998970398970399,1.0,0.998970398970399,0.9922779922779923,0.9968253968253968,0.9976190476190476,0.007722007722007707,0.0031746031746031633,0.0023809523809523725,0.0,0.0,3881.0,3885.0,1.0,inverse_phase_volume,geometric_mean,3881.0,3881.0,3881.0,0.0,420.0,0.0,0.0,2.5427255789925217e+41,5.66458856268629e+50,2227762448.880037,7.506814373821284e-07,1672.3399172711981,0.0005979645583247973,1332122.9887971214,2227762448.880039,0.0
11.239071607255378,20.25273834606625,347982.067595965,2.538030653833865,22.848270405061175,-1000000.0,solver_failed_full,595.0,22.848270405061175,0.35505086871938474,0.9936630057311159,1.8373492356086687,1.0,0.0,74.0,active_set_max_passes,2.0,10.378558029406793,12.469712375654385,32.0,32.0,7261.0,103.91316503752965,0.0485634723012342,nonsingular_isothermal,1.0,0.01,2.0,0.3,1.0,0.0,strict_pass,1.0,none,none,,,0.9987129987129987,1.0,0.9987129987129987,0.9903474903474904,0.9947089947089947,0.9952380952380953,0.009652509652509633,0.005291005291005346,0.004761904761904745,0.0,0.0,3880.0,3885.0,1.0,inverse_phase_volume,geometric_mean,3880.0,3880.0,3880.0,0.0,420.0,0.0,0.0,9.179931923084228e+41,1.0206906521502178e+52,11118717009.039553,4.8018218889637636e-08,533.900987112003,0.0018730064640060642,20825428.829385437,11118717009.03965,0.0
10.793624278891858,439.15223099439305,0.0,0.9963535436149793,46.64155846807587,-46.64155846807587,pass_no_bh,591.0,46.64155846807587,0.0008359153262489372,0.779624475480557,1.3357043082900677,1.0,1.0,73.0,none,0.0,15.733790620949948,30.90776784712593,32.0,32.0,2785.0,41.72765878690749,0.098373837568898,nonsingular_isothermal,1.0,0.01,2.0,0.3,1.0,0.0,strict_pass,1.0,none,none,,,1.0,1.0,1.0,1.0,1.0,1.0,0.0,0.0,0.0,0.0,0.0,3885.0,3885.0,1.0,inverse_phase_volume,geometric_mean,3885.0,3885.0,3885.0,0.0,420.0,0.0,0.0,1.7153823308169507e+34,1.0377773985787426e+51,6.049831457016939e+16,7.08192089995839e-11,4284442.783667368,2.3340258010028245e-07,14120462712.395948,6.049831457016897e+16,0.0
0.0,439.15223099439305,101.12646779123997,0.9963535436149793,1640.2687778210056,-1000000.0,solver_failed_no_halo,591.0,1640.2687778210056,8.818367072117326,0.7785044122710018,3.733576001407353,0.0,0.0,35.0,reduced_spear_inconsistent,2.0,1017.7978300924627,622.4709477285436,32.0,32.0,2596.0,68.31665973606812,0.06377844350579245,none,1.0,0.01,2.0,0.3,1.0,0.0,severe_coverage_warn,0.0,multiple,multiple,1;2;3;4;5;6;7;8,total orbit coverage 0.427 is below 0.85 | shell_band minimum coverage 0.208 is below 0.8 | shell_band coverage gap 0.36 exceeds 0.1 | Lfrac minimum coverage 0.224 is below 0.8 | Lfrac coverage gap 0.776 exceeds 0.1 | third_integral minimum coverage 0.21 is below 0.8 | third_integral coverage gap 0.61 exceeds 0.1 | 131 planned shell-band/Lfrac/third-integral cells have no successful orbit,0.4272844272844273,1.0,0.4272844272844273,0.2079002079002079,0.22433862433862434,0.20952380952380953,0.35966735966735963,0.7756613756613757,0.6095238095238095,131.0,0.0,1660.0,3885.0,1.0,inverse_phase_volume,geometric_mean,1660.0,1660.0,1660.0,0.0,420.0,0.0,0.0,7.602727719244433e+33,1.0958566929892544e+44,14413993680.391356,3.265756305006396e-08,470.7259074206046,0.0021243785061238972,30620778.362029117,14413993680.39137,0.0
21.587248557783717,439.15223099439305,0.0,0.9963535436149793,13.760702509674376,-1000000.0,solver_failed_no_bh_halo_up,591.0,13.760702509674376,0.024394284967865332,0.575812577866674,0.9599319470061236,1.0,0.0,104.0,active_set_max_passes,2.0,7.414727768652842,6.345974741021532,32.0,32.0,2426.0,37.30870471821384,0.07682432385489192,nonsingular_isothermal,1.0,0.01,2.0,0.3,1.0,0.0,strict_pass,1.0,none,none,,,1.0,1.0,1.0,1.0,1.0,1.0,0.0,0.0,0.0,0.0,0.0,3885.0,3885.0,1.0,inverse_phase_volume,geometric_mean,3885.0,3885.0,3885.0,0.0,420.0,0.0,0.0,3.364264254269993e+33,1.6823040513896764e+52,5.000511030768352e+18,3.5398171949728698e-12,17700894.93036518,5.649431872987054e-08,282500463984.4585,5.000511030768312e+18,0.0
5.396812139445929,439.15223099439305,0.0,0.9963535436149793,146.65903880449648,-1000000.0,solver_failed_no_bh_halo_down,591.0,146.65903880449648,0.43923936729606794,0.6782099670115062,1.2584674340820803,1.0,0.0,90.0,active_set_max_passes,2.0,55.65375397810778,91.00528482638865,32.0,32.0,1745.0,34.139163585927186,0.06947737341551419,nonsingular_isothermal,1.0,0.01,2.0,0.3,1.0,0.0,strict_pass,1.0,none,none,,,1.0,1.0,1.0,1.0,1.0,1.0,0.0,0.0,0.0,0.0,0.0,3885.0,3885.0,1.0,inverse_phase_volume,geometric_mean,3885.0,3885.0,3885.0,0.0,420.0,0.0,0.0,5.1272248167079865e+33,6.629938597092599e+49,1.2930852135618764e+16,1.0742358892070658e-10,1389078.544211147,7.199016961045185e-07,9308942384.508656,1.2930852135618726e+16,0.0
10.793624278891858,500.0,0.0,0.9963535436149793,62.58399751127817,-62.58399751127817,pass_no_bh_halo_scale_up,591.0,62.58399751127817,8.47569995272579e-05,0.956248287910596,1.3888925240812335,1.0,1.0,41.0,none,0.0,23.045236433061078,39.53876107821708,32.0,32.0,6165.0,185.67319475476313,0.023761792940302135,nonsingular_isothermal,1.0,0.01,2.0,0.3,1.0,0.0,strict_pass,1.0,none,none,,,1.0,1.0,1.0,1.0,1.0,1.0,0.0,0.0,0.0,0.0,0.0,3885.0,3885.0,1.0,inverse_phase_volume,geometric_mean,3885.0,3885.0,3885.0,0.0,420.0,0.0,0.0,1.4561456073701713e+33,7.81814164652108e+50,5.369065845441654e+17,8.80442513910418e-12,4727153.830311228,2.1154378213542538e-07,113579249547.88663,5.3690658454416704e+17,0.0
10.793624278891858,219.57611549719653,0.0,0.9963535436149793,26.740825405720887,-1000000.0,solver_failed_no_bh_halo_scale_down,591.0,26.740825405720887,0.04784452270659756,0.7947876245895664,1.8289096716544908,1.0,0.0,84.0,active_set_max_passes,2.0,12.218824356441578,14.522001049279313,32.0,32.0,2006.0,47.91190094269972,0.07093699846573968,nonsingular_isothermal,1.0,0.01,2.0,0.3,1.0,0.0,strict_pass,1.0,none,none,,,0.9984555984555985,1.0,0.9984555984555985,0.9884169884169884,0.9936507936507937,0.9976190476190476,0.01158301158301156,0.006349206349206327,0.0023809523809523725,0.0,0.0,3879.0,3885.0,1.0,inverse_phase_volume,geometric_mean,3879.0,3879.0,3879.0,0.0,420.0,0.0,0.0,6.672409722115405e+33,3.780483987181651e+51,5.665845091393901e+17,3.3471146652814054e-12,1896423.3196617283,5.273084282566054e-07,298764786988.83356,5.665845091393929e+17,0.0
10.793624278891858,439.15223099439305,0.0,1.9927070872299586,47.50852239069773,-47.50852239069773,pass_no_bh_ml_up,591.0,47.50852239069773,0.002384183102840609,0.7748221834726395,1.3727779552852388,1.0,1.0,74.0,none,0.0,15.667010782750518,31.841511607947215,32.0,32.0,2219.0,38.23538668495915,0.10732657806640608,nonsingular_isothermal,1.0,0.01,2.0,0.3,1.0,0.0,strict_pass,1.0,none,none,,,0.9994851994851995,1.0,0.9994851994851995,0.9961389961389961,0.9978835978835979,0.9976190476190476,0.0038610038610038533,0.002116402116402072,0.0023809523809523725,0.0,0.0,3883.0,3885.0,1.0,inverse_phase_volume,geometric_mean,3883.0,3883.0,3883.0,0.0,420.0,0.0,0.0,3.8631302225401077e+34,1.023548710885324e+51,2.6495319906982436e+16,8.559355071805098e-11,2267828.508249294,4.409504494552697e-07,11683123221.445097,2.649531990698252e+16,0.0
10.793624278891858,439.15223099439305,0.0,0.49817677180748965,46.16471903789667,-46.16471903789667,pass_no_bh_ml_down,591.0,46.16471903789667,0.00158468004114809,0.7789979263331628,1.3109017793859248,1.0,1.0,73.0,none,0.0,15.771801786484776,30.392917251411898,32.0,32.0,2395.0,39.18068467749854,0.10934144960467412,nonsingular_isothermal,1.0,0.01,2.0,0.3,1.0,0.0,strict_pass,1.0,none,none,,,0.9979407979407979,1.0,0.9979407979407979,0.9845559845559846,0.9915343915343915,0.9976190476190476,0.015444015444015413,0.00846560846560851,0.0023809523809523725,0.0,0.0,3877.0,3885.0,1.0,inverse_phase_volume,geometric_mean,3877.0,3877.0,3877.0,0.0,420.0,0.0,0.0,1.1585154963361583e+33,1.0485000549842422e+51,9.050375746376778e+17,9.267987714421395e-12,8387877.122831732,1.1921967684505157e-07,107898287180.93315,9.050375746376774e+17,0.0
13.36213228763401,338.61661061758326,137635.53994351238,4.309445798894068,23.738116225880315,-1000000.0,solver_failed_full,596.0,23.738116225880315,0.01209527132759547,0.7620413957583407,1.6965320956232421,1.0,0.0,92.0,active_set_max_passes,2.0,10.38374812533171,13.354368100548596,32.0,32.0,3970.0,53.507686656195666,0.0714239629927062,nonsingular_isothermal,1.0,0.01,2.0,0.3,1.0,0.0,strict_pass,1.0,none,none,,,0.9963963963963964,1.0,0.9963963963963964,0.9768339768339769,0.9851851851851852,0.9880952380952381,0.02316602316602312,0.014814814814814836,0.011904761904761862,0.0,0.0,3871.0,3885.0,1.0,inverse_phase_volume,geometric_mean,3871.0,3871.0,3871.0,0.0,420.0,0.0,0.0,1.102604950820697e+41,3.059740615552967e+51,27750107717.868706,1.9183158545725983e-07,5323.347160128449,0.00018785173499296458,5212905.881043247,27750107717.86846,0.0
9.600591906485922,452.87152096951075,1509148.489458928,0.5749758256919716,32.223332046528725,-1000000.0,solver_failed_full,597.0,32.223332046528725,0.43429223083838053,0.8887692652354999,4.262387659167941,0.0,0.0,55.0,reduced_spear_inconsistent,2.0,19.53488795865167,12.688444087877052,32.0,32.0,5819.0,104.12603808904423,0.042616912981810876,nonsingular_isothermal,1.0,0.01,2.0,0.3,1.0,0.0,strict_pass,1.0,none,none,,,0.9765765765765766,1.0,0.9765765765765766,0.9459459459459459,0.9037037037037037,0.9166666666666666,0.05405405405405406,0.09629629629629632,0.08333333333333337,0.0,0.0,3794.0,3885.0,1.0,inverse_phase_volume,geometric_mean,3794.0,3794.0,3794.0,0.0,420.0,0.0,0.0,2.5832268847907522e+44,6.003783332610306e+51,23241409.292999934,4.377349078901891e-05,1017.3576156109434,0.000982938530812963,22844.87670448393,23241409.29299976,0.0
18.635980652502678,12.123605029773863,27586.455790594257,2.46713225758519,13.37346624761089,-1000000.0,solver_failed_full,598.0,13.37346624761089,0.2418353286856174,0.72364389299044,1.4893349713322193,1.0,0.0,101.0,active_set_max_passes,2.0,8.020903316621412,5.352562930989479,32.0,32.0,6575.0,54.072443835667904,0.07604617196486996,nonsingular_isothermal,1.0,0.01,2.0,0.3,1.0,0.0,strict_pass,1.0,none,none,,,1.0,1.0,1.0,1.0,1.0,1.0,0.0,0.0,0.0,0.0,0.0,3885.0,3885.0,1.0,inverse_phase_volume,geometric_mean,3885.0,3885.0,3885.0,0.0,420.0,0.0,0.0,7.315969345509429e+42,6.378858546460807e+52,8719088674.662334,1.074825487113832e-07,937.1498731932573,0.001067065181999744,9303835.943500403,8719088674.662271,0.0
23.238195812507225,6.494901211643992,1009339.6414775326,1.3950877584430028,20.145406822509955,-1000000.0,solver_failed_full,599.0,20.145406822509955,0.31443779289290674,0.8845882958157252,1.624614500607107,1.0,0.0,84.0,active_set_max_passes,2.0,11.35680245298746,8.788604369522501,32.0,32.0,6426.0,76.4594217827781,0.049033315576345486,nonsingular_isothermal,1.0,0.01,2.0,0.3,1.0,0.0,strict_pass,1.0,none,none,,,1.0,1.0,1.0,1.0,1.0,1.0,0.0,0.0,0.0,0.0,0.0,3885.0,3885.0,1.0,inverse_phase_volume,geometric_mean,3885.0,3885.0,3885.0,0.0,420.0,0.0,0.0,3.1240463820554963e+41,1.6000710993714092e+53,512179047200.5179,8.361388621500281e-10,428.25280574332356,0.0023350693482656532,1195973593.9418283,512179047200.51434,0.0
13.626391000794207,48.623711454393046,76601.1945038345,3.0482580045711427,15.852654603722963,-1000000.0,solver_failed_full,600.0,15.852654603722963,0.268205816250628,0.8136963561913445,1.6254700275329028,1.0,0.0,95.0,active_set_max_passes,2.0,8.505785962416875,7.346868641306089,32.0,32.0,6244.0,54.56720195630574,0.06864065450021901,nonsingular_isothermal,1.0,0.01,2.0,0.3,1.0,0.0,strict_pass,1.0,none,none,,,0.9981981981981982,1.0,0.9981981981981982,0.9864864864864865,0.9947089947089947,0.9952380952380953,0.013513513513513487,0.005291005291005346,0.004761904761904745,0.0,0.0,3878.0,3885.0,1.0,inverse_phase_volume,geometric_mean,3878.0,3878.0,3878.0,0.0,420.0,0.0,0.0,1.1615644336580969e+43,1.4751385489097835e+52,1269958433.785849,1.6466701513070718e-06,2091.2026463158404,0.0004781937330472214,607286.1642668591,1269958433.785852,0.0
21.55418143811855,155.86848467370376,8288.908768370455,0.7447044618667433,19.276382417244925,-1000000.0,solver_failed_full,601.0,19.276382417244925,0.33021951059800614,0.7811019120487042,1.9567268308871728,1.0,0.0,84.0,active_set_max_passes,2.0,13.92193720102665,5.354445216218273,32.0,32.0,3241.0,69.52234103522854,0.06221307773221654,nonsingular_isothermal,1.0,0.01,2.0,0.3,1.0,0.0,strict_pass,1.0,none,none,,,0.9984555984555985,1.0,0.9984555984555985,0.9884169884169884,0.9957671957671957,0.9952380952380953,0.01158301158301156,0.004232804232804255,0.004761904761904745,0.0,0.0,3879.0,3885.0,1.0,inverse_phase_volume,geometric_mean,3879.0,3879.0,3879.0,0.0,420.0,0.0,0.0,1.743658211288819e+40,8.94786782392994e+52,5131663858203.125,1.213132854993567e-08,62253.90027169288,1.606325058567783e-05,82431202.47578348,5131663858203.148,0.0
18.62674194212278,11.225927513580537,30711.399047229017,4.912751615800073,16.219428925052117,-1000000.0,solver_failed_full,602.0,16.219428925052117,0.07635407942125383,0.823585858817723,1.63571601775271,1.0,0.0,91.0,active_set_max_passes,2.0,9.63700250109207,6.582426423960049,32.0,32.0,6881.0,64.81304594236758,0.07541441487603166,nonsingular_isothermal,1.0,0.01,2.0,0.3,1.0,0.0,strict_pass,1.0,none,none,,,1.0,1.0,1.0,1.0,1.0,1.0,0.0,0.0,0.0,0.0,0.0,3885.0,3885.0,1.0,inverse_phase_volume,geometric_mean,3885.0,3885.0,3885.0,0.0,420.0,0.0,0.0,2.4479342289449253e+43,6.188727084230475e+52,2528142713.5801167,3.301257096661065e-07,834.6049074578335,0.0011981717230083776,3029149.1111413687,2528142713.580121,0.0
15.778849370624739,64.3783984638496,3028.889076302839,0.6798650073177535,16.546910692952306,-1000000.0,solver_failed_full,603.0,16.546910692952306,0.2925692144089176,0.8201151210957971,1.6899636083600107,1.0,0.0,95.0,active_set_max_passes,2.0,10.099700386607603,6.4472103063447,32.0,32.0,4989.0,56.774819012936,0.06321333642658808,nonsingular_isothermal,1.0,0.01,2.0,0.3,1.0,0.0,strict_pass,1.0,none,none,,,1.0,1.0,1.0,1.0,1.0,1.0,0.0,0.0,0.0,0.0,0.0,3885.0,3885.0,1.0,inverse_phase_volume,geometric_mean,3885.0,3885.0,3885.0,0.0,420.0,0.0,0.0,8.163859002414738e+40,2.3492182458389275e+52,287758307087.8694,2.810778816996351e-08,8088.249539773106,0.0001236361458783642,35577328.03282679,287758307087.8681,0.0
4.022295441894508,2.378644686070292,2053348.2855867883,2.56270328795953,73.12605838997327,-1000000.0,solver_failed_full,604.0,73.12605838997327,1.364669254229824,1.4414288366259522,6.912849853302798,0.0,0.0,22.0,reduced_spear_inconsistent,2.0,47.57096551579366,25.555092874179618,32.0,32.0,6395.0,284.6367494422282,0.023252442782695483,nonsingular_isothermal,1.0,0.01,2.0,0.3,1.0,0.0,severe_coverage_warn,0.0,multiple,multiple,1;2;3;4,Lfrac coverage gap 0.133 exceeds 0.1 | third_integral coverage gap 0.155 exceeds 0.1 | 7 planned shell-band/Lfrac/third-integral cells have no successful orbit,0.9670527670527671,1.0,0.9670527670527671,0.918918918918919,0.8666666666666667,0.8452380952380952,0.08108108108108103,0.1333333333333333,0.15476190476190477,7.0,0.0,3757.0,3885.0,1.0,inverse_phase_volume,geometric_mean,3757.0,3757.0,3757.0,0.0,420.0,0.0,0.0,1.6170595354316414e+43,1.184552141336107e+52,732534650.3212788,8.346521089192701e-07,611.4115907470964,0.0016355594416816329,1198103.9636919228,732534650.32128,0.0
12.77339113950223,57.86100673407664,2452638.5957416017,4.300272120088087,15.511138927054231,-1000000.0,solver_failed_full,605.0,15.511138927054231,0.2849683729398347,0.8488746914367074,1.2004901013849507,1.0,0.0,76.0,reduced_spear_inconsistent,2.0,7.308752811704846,8.202386115349386,32.0,32.0,6609.0,85.66370780520076,0.06821132605113336,nonsingular_isothermal,1.0,0.01,2.0,0.3,1.0,0.0,strict_pass,1.0,none,none,,,0.9889317889317889,1.0,0.9889317889317889,0.9382239382239382,0.9544973544973545,0.969047619047619,0.061776061776061764,0.04550264550264549,0.030952380952380953,0.0,0.0,3842.0,3885.0,1.0,inverse_phase_volume,geometric_mean,3842.0,3842.0,3842.0,0.0,420.0,0.0,0.0,2.9369338864039576e+43,2.1883071043383845e+52,745099205.1502367,4.204282945247411e-07,313.260788073057,0.0031922284501397138,2378526.8808570937,745099205.1502433,0.0
18.885195123482077,7.252313094455362,47173.52016847971,3.089792787271261,20.41165417132273,-1000000.0,solver_failed_full,606.0,20.41165417132273,0.1524540071099949,0.9083536462678807,1.7289044694848588,1.0,0.0,83.0,active_set_max_passes,2.0,11.171588752756824,9.240065418565907,32.0,32.0,6238.0,77.22975471373194,0.061956740356396665,nonsingular_isothermal,1.0,0.01,2.0,0.3,1.0,0.0,strict_pass,1.0,none,none,,,0.9994851994851995,1.0,0.9994851994851995,0.9961389961389961,0.9978835978835979,0.9976190476190476,0.0038610038610038533,0.002116402116402072,0.0023809523809523725,0.0,0.0,3883.0,3885.0,1.0,inverse_phase_volume,geometric_mean,3883.0,3883.0,3883.0,0.0,420.0,0.0,0.0,1.6086968713536405e+43,6.181309679616146e+52,3842432834.7296863,1.6154141431508146e-07,620.7120345329437,0.0016110530235690572,6190363.03625231,3842432834.729702,0.0
2.950595826570526,57.163672325307786,0.0,2.47290225069698,160.83127339450755,-1000000.0,solver_failed_full,607.0,160.83127339450755,0.419617255527271,1.2896779231189357,2.6001107403195918,0.0,0.0,52.0,active_set_max_passes,2.0,33.87748747322872,126.9537859212788,32.0,32.0,2116.0,45.86949220347719,0.07002342200651601,nonsingular_isothermal,1.0,0.01,2.0,0.3,1.0,0.0,strict_pass,1.0,none,none,,,0.998970398970399,1.0,0.998970398970399,0.9922779922779923,0.9957671957671957,0.9976190476190476,0.007722007722007707,0.004232804232804255,0.0023809523809523725,0.0,0.0,3881.0,3885.0,1.0,inverse_phase_volume,geometric_mean,3881.0,3881.0,3881.0,0.0,420.0,0.0,0.0,1.721766538336667e+33,2.8344757461009e+49,1.6462602118166258e+16,8.134902110737494e-13,13392.165671930261,7.467052189295881e-05,1229271091879.6072,1.6462602118166306e+16,0.0
3.6484034393787472,45.31969066382343,349558.7321795325,3.994563015073247,88.10612674834255,-1000000.0,solver_failed_full,608.0,88.10612674834255,0.7187160012320106,0.914389714735372,1.2931423358731027,1.0,0.0,64.0,active_set_max_passes,2.0,8.125913852631832,79.98021289571072,32.0,32.0,6341.0,61.68849008243617,0.06857782755183485,nonsingular_isothermal,1.0,0.01,2.0,0.3,1.0,0.0,severe_coverage_warn,0.0,inner,joint,1,2 planned shell-band/Lfrac/third-integral cells have no successful orbit,0.9801801801801802,1.0,0.9801801801801802,0.9285714285714286,0.9185185185185185,0.9285714285714286,0.0714285714285714,0.08148148148148149,0.0714285714285714,2.0,0.0,3808.0,3885.0,1.0,inverse_phase_volume,geometric_mean,3808.0,3808.0,3808.0,0.0,420.0,0.0,0.0,7.54401842445545e+41,3.263083519744832e+50,432539176.8883931,6.89625774904504e-07,298.290165038212,0.003352440399340342,1450061.8108980558,432539176.88838965,0.0
17.821257504342462,2.2329802746212013,51073.599380342435,1.660642704942235,18.105784650809056,-1000000.0,solver_failed_full,609.0,18.105784650809056,0.11746159991347938,0.8286958078495748,1.676078884856468,1.0,0.0,87.0,active_set_max_passes,2.0,11.111915753206555,6.993868897602502,32.0,32.0,6154.0,43.9209646254425,0.07937847285357666,nonsingular_isothermal,1.0,0.01,2.0,0.3,1.0,0.0,strict_pass,1.0,none,none,,,1.0,1.0,1.0,1.0,1.0,1.0,0.0,0.0,0.0,0.0,0.0,3885.0,3885.0,1.0,inverse_phase_volume,geometric_mean,3885.0,3885.0,3885.0,0.0,420.0,0.0,0.0,1.229301580383982e+41,5.733066199879676e+52,466367756404.32416,1.1534293803287834e-09,537.9222722747674,0.001859004639780385,866979822.9996114,466367756404.32654,0.0
24.73027193696546,19.46263688692578,836305.7723712388,1.6031548231726596,17.205414976010864,-1000000.0,solver_failed_full,610.0,17.205414976010864,0.12117163509745055,0.7825583839421124,1.5001832124605177,1.0,0.0,97.0,active_set_max_passes,2.0,9.700350535661338,7.505064440349521,32.0,32.0,6563.0,57.20647439087407,0.07337294096902733,nonsingular_isothermal,1.0,0.01,2.0,0.3,1.0,0.0,strict_pass,1.0,none,none,,,0.9997425997425997,1.0,0.9997425997425997,0.9980694980694981,0.9989417989417989,0.9976190476190476,0.0019305019305019266,0.0010582010582010914,0.0023809523809523725,0.0,0.0,3884.0,3885.0,1.0,inverse_phase_volume,geometric_mean,3884.0,3884.0,3884.0,0.0,420.0,0.0,0.0,2.628360214477326e+44,1.8916633644533607e+53,719712372.0081631,8.224247722051574e-07,591.9092836020529,0.001689448075412027,1215916.681739428,719712372.0081702,0.0
22.02421663405535,24.784503524000506,7818.136436554691,1.9944448781438913,19.384888259531753,-1000000.0,solver_failed_full,611.0,19.384888259531753,0.20065176740569157,0.8765897477161488,1.7224834191584817,1.0,0.0,88.0,active_set_max_passes,2.0,11.215173254162433,8.169715005369325,32.0,32.0,6463.0,83.05590463090024,0.05458682207131213,nonsingular_isothermal,1.0,0.01,2.0,0.3,1.0,0.0,strict_pass,1.0,none,none,,,1.0,1.0,1.0,1.0,1.0,1.0,0.0,0.0,0.0,0.0,0.0,3885.0,3885.0,1.0,inverse_phase_volume,geometric_mean,3885.0,3885.0,3885.0,0.0,420.0,0.0,0.0,9.634132555369348e+42,1.0312545145271662e+53,10704176100.96533,1.6428136817826457e-07,1758.4966950876455,0.0005686675458609029,6087117.553798813,10704176100.965208,0.0
20.213696459749112,341.70957289329596,528.6330814655043,0.4838568041045496,13.633977109956517,-1000000.0,solver_failed_full,612.0,13.633977109956517,0.06873320258901039,0.669857218268364,1.343273983166023,1.0,0.0,102.0,active_set_max_passes,2.0,8.253527362900568,5.380449747055946,32.0,32.0,3862.0,69.05687853696092,0.053271590242740904,nonsingular_isothermal,1.0,0.01,2.0,0.3,1.0,0.0,strict_pass,1.0,none,none,,,0.9992277992277993,1.0,0.9992277992277993,0.9942084942084942,0.9968253968253968,0.9976190476190476,0.00579150579150578,0.0031746031746031633,0.0023809523809523725,0.0,0.0,3882.0,3885.0,1.0,inverse_phase_volume,geometric_mean,3882.0,3882.0,3882.0,0.0,420.0,0.0,0.0,8.496505697538373e+38,2.203589714811245e+52,25935246715007.49,2.120992509837719e-08,550084.640233236,1.8179020588104401e-06,47147738.39896831,25935246715007.21,0.0
21.90200495475109,6.578850123070181,13359.714131430292,0.7248615015287105,20.20856911553157,-1000000.0,solver_failed_full,613.0,20.20856911553157,0.3991266139816787,0.8989815862561917,1.7200828242853394,1.0,0.0,84.0,active_set_max_passes,2.0,11.101468254180212,9.107100861351359,32.0,32.0,6520.0,68.82684086954401,0.06647684857883741,nonsingular_isothermal,1.0,0.01,2.0,0.3,1.0,0.0,strict_pass,1.0,none,none,,,1.0,1.0,1.0,1.0,1.0,1.0,0.0,0.0,0.0,0.0,0.0,3885.0,3885.0,1.0,inverse_phase_volume,geometric_mean,3885.0,3885.0,3885.0,0.0,420.0,0.0,0.0,1.9645196003213692e+44,1.077054046523909e+53,548253143.591806,1.1004843743121468e-06,603.3440176902927,0.0016574292123226419,908690.7759367741,548253143.5918028,0.0
16.85191102073963,7.778266927994434,117474.20200469939,3.608141269107613,21.133294128956695,-1000000.0,solver_failed_full,614.0,21.133294128956695,0.07421746305030297,0.9780190098134052,1.799490801087077,1.0,0.0,78.0,reduced_spear_inconsistent,2.0,11.661122544316449,9.47217158464024,32.0,32.0,6226.0,65.06834890399297,0.05663083013225469,nonsingular_isothermal,1.0,0.01,2.0,0.3,1.0,0.0,strict_pass,1.0,none,none,,,0.9979407979407979,1.0,0.9979407979407979,0.9845559845559846,0.9915343915343915,0.9976190476190476,0.015444015444015413,0.00846560846560851,0.0023809523809523725,0.0,0.0,3877.0,3885.0,1.0,inverse_phase_volume,geometric_mean,3877.0,3877.0,3877.0,0.0,420.0,0.0,0.0,4.1681733180107386e+42,3.715684098227025e+52,8914418414.828144,5.578100397032521e-08,497.25520899066976,0.0020110397677478398,17927249.93856309,8914418414.828161,0.0
14.982413243821672,2.0731231896988502,1963.8217471494627,3.580808778357511,15.418583182970504,-1000000.0,solver_failed_full,615.0,15.418583182970504,0.2705007066196039,0.8235587967766179,1.6201142565794815,1.0,0.0,90.0,active_set_max_passes,2.0,8.472432582440232,6.946150600530271,32.0,32.0,6488.0,70.62694843406813,0.06785505862235802,nonsingular_isothermal,1.0,0.01,2.0,0.3,1.0,0.0,strict_pass,1.0,none,none,,,1.0,1.0,1.0,1.0,1.0,1.0,0.0,0.0,0.0,0.0,0.0,3885.0,3885.0,1.0,inverse_phase_volume,geometric_mean,3885.0,3885.0,3885.0,0.0,420.0,0.0,0.0,3.5436137488466754e+44,2.5604296615630884e+52,72254761.46762384,7.257892555960921e-06,524.4172953886007,0.0019068783748998701,137781.04212616073,72254761.46762407,0.0
6.201715477395714,25.567048208879207,268180.3436303005,0.5787901315770017,83.54978184728942,-1000000.0,solver_failed_full,616.0,83.54978184728942,1.3033079285902147,1.5597330606850432,2.205795648102271,0.0,0.0,32.0,reduced_spear_inconsistent,2.0,13.722976408062959,69.82680543922646,32.0,32.0,7721.0,387.9849551986335,0.02107440055740773,nonsingular_isothermal,1.0,0.01,2.0,0.3,1.0,0.0,strict_pass,1.0,none,none,,,0.9961389961389961,1.0,0.9961389961389961,0.971042471042471,0.9841269841269841,0.9857142857142858,0.02895752895752901,0.015873015873015928,0.014285714285714235,0.0,0.0,3870.0,3885.0,1.0,inverse_phase_volume,geometric_mean,3870.0,3870.0,3870.0,0.0,420.0,0.0,0.0,3.8767217071685334e+42,1.15384038588852e+51,297633019.09314966,1.4162023798057773e-06,421.50858994849676,0.002372430891911806,706113.7689495644,297633019.09314954,0.0
24.800359402033735,85.43940659699038,107.33138100041583,4.021822538143386,15.900770960218551,-1000000.0,solver_failed_full,617.0,15.900770960218551,0.21820909276251044,0.6912677611322735,1.5780762594566533,1.0,0.0,102.0,active_set_max_passes,2.0,9.748325472984869,6.15244548723368,32.0,32.0,5612.0,59.97188465846738,0.06762938936452635,nonsingular_isothermal,1.0,0.01,2.0,0.3,1.0,0.0,strict_pass,1.0,none,none,,,0.998970398970399,1.0,0.998970398970399,0.9922779922779923,0.9957671957671957,0.9976190476190476,0.007722007722007707,0.004232804232804255,0.0023809523809523725,0.0,0.0,3881.0,3885.0,1.0,inverse_phase_volume,geometric_mean,3881.0,3881.0,3881.0,0.0,420.0,0.0,0.0,1.8172873816315468e+38,1.451509798308689e+53,798723313098412.9,5.3197890135357966e-11,42490.39505875831,2.3534730581279347e-05,18797737982.757896,798723313098409.5,0.0
14.590514727473428,233.8114632394125,53277.13946654355,2.5857869879052178,20.495141468205695,-20.495141468205695,pass_full,618.0,20.495141468205695,0.00025136311091955577,0.7313458332084259,1.730177533104754,1.0,1.0,94.0,none,0.0,11.780206215386828,8.714935252818861,32.0,32.0,1932.0,41.05774601842323,0.06870798165200599,nonsingular_isothermal,1.0,0.01,2.0,0.3,1.0,0.0,strict_pass,1.0,none,none,,,0.9987129987129987,1.0,0.9987129987129987,0.9903474903474904,0.9947089947089947,0.9928571428571429,0.009652509652509633,0.005291005291005346,0.0071428571428571175,0.0,0.0,3880.0,3885.0,1.0,inverse_phase_volume,geometric_mean,3880.0,3880.0,3880.0,0.0,420.0,0.0,0.0,1.9481934875609634e+40,1.0494991749042077e+52,538703769212.4338,3.806035151078813e-08,20503.254816411903,4.877274408156633e-05,26274061.071573444,538703769212.4387,0.0
7.237919604759627,1.2647077750864093,1181397.304664862,1.3584460576094983,31.9457341059312,-1000000.0,solver_failed_full,619.0,31.9457341059312,0.5463741725311415,1.0022405088139255,1.4173821203242267,1.0,0.0,56.0,reduced_spear_inconsistent,2.0,4.190522414769421,27.75521169116178,32.0,32.0,6510.0,105.55692986368878,0.04728740723202404,nonsingular_isothermal,1.0,0.01,2.0,0.3,1.0,0.0,strict_pass,1.0,none,none,,,0.9948519948519948,1.0,0.9948519948519948,0.9613899613899614,0.9788359788359788,0.9738095238095238,0.038610038610038644,0.021164021164021163,0.02619047619047621,0.0,0.0,3865.0,3885.0,1.0,inverse_phase_volume,geometric_mean,3865.0,3865.0,3865.0,0.0,420.0,0.0,0.0,1.1971713185641307e+41,3.852249162700106e+51,32177927277.112152,4.440629442156207e-09,142.89025125430462,0.006998378064436882,225193300.41518542,32177927277.111942,0.0
21.653595615127756,3.681343738641744,2989.6161348464093,3.9092560445355238,18.487163655399794,-1000000.0,solver_failed_full,620.0,18.487163655399794,0.4008104403743218,0.8536116514456044,1.6113832738691485,1.0,0.0,89.0,active_set_max_passes,2.0,10.002827631437988,8.484336023961808,32.0,32.0,6327.0,54.12164599422621,0.06926636617068531,nonsingular_isothermal,1.0,0.01,2.0,0.3,1.0,0.0,strict_pass,1.0,none,none,,,1.0,1.0,1.0,1.0,1.0,1.0,0.0,0.0,0.0,0.0,0.0,3885.0,3885.0,1.0,inverse_phase_volume,geometric_mean,3885.0,3885.0,3885.0,0.0,420.0,0.0,0.0,5.031834306157286e+44,7.594181243610989e+52,150922720.8518819,2.500782738397004e-06,377.42493513829794,0.002649533475136122,399874.80105568777,150922720.85188273,0.0
14.590514727473428,233.8114632394125,0.0,2.5857869879052178,15.314161190710998,-1000000.0,solver_failed_no_bh,618.0,15.314161190710998,0.03872805017542902,0.6179207615689968,1.3811694311442426,1.0,0.0,111.0,active_set_max_passes,2.0,8.124378934838631,7.189782255872365,32.0,32.0,1685.0,45.82834498941115,0.061077876652977155,nonsingular_isothermal,1.0,0.01,2.0,0.3,1.0,0.0,strict_pass,1.0,none,none,,,1.0,1.0,1.0,1.0,1.0,1.0,0.0,0.0,0.0,0.0,0.0,3885.0,3885.0,1.0,inverse_phase_volume,geometric_mean,3885.0,3885.0,3885.0,0.0,420.0,0.0,0.0,6.46368721694584e+34,9.238882214012698e+51,1.4293516848697648e+17,8.969347931664725e-12,1282035.2578308142,7.800097492575875e-07,111490824931.6178,1.429351684869768e+17,0.0
0.0,233.8114632394125,53277.13946654355,2.5857869879052178,1258.0187800391232,-1000000.0,solver_failed_no_halo,618.0,1258.0187800391232,22.126976207725193,2.565503186104244,12.303721053078089,0.0,0.0,6.0,reduced_spear_inconsistent,2.0,871.7489335649436,386.26984647417976,32.0,32.0,6391.0,350.13852623080425,0.01435479152842967,none,1.0,0.01,2.0,0.3,1.0,0.0,severe_coverage_warn,0.0,multiple,multiple,1;2;3;4;5;6;7;8,shell_band coverage gap 0.103 exceeds 0.1 | Lfrac minimum coverage 0.519 is below 0.8 | Lfrac coverage gap 0.481 exceeds 0.1 | third_integral minimum coverage 0.719 is below 0.8 | third_integral coverage gap 0.281 exceeds 0.1 | 27 planned shell-band/Lfrac/third-integral cells have no successful orbit,0.8689832689832689,1.0,0.8689832689832689,0.8024948024948025,0.5185185185185185,0.719047619047619,0.10291060291060283,0.4814814814814815,0.28095238095238095,27.0,0.0,3376.0,3885.0,1.0,inverse_phase_volume,geometric_mean,3376.0,3376.0,3376.0,0.0,420.0,0.0,0.0,1.3741879463065889e+42,7.862112277796605e+48,5721278.736964357,0.00039266020223572537,2246.518465903358,0.0004451332206601228,2546.731230479199,5721278.736964301,0.0
2.2341954828998727,3.7008576406868716,495372.1993172585,0.43270256380655303,142.7334308707271,-1000000.0,solver_failed_full,621.0,142.7334308707271,2.187119983541635,1.1595919455689907,5.561207606739354,0.0,0.0,31.0,reduced_spear_inconsistent,2.0,49.58802483271676,93.14540603801035,32.0,32.0,6785.0,219.48302280258196,0.03639058861102517,nonsingular_isothermal,1.0,0.01,2.0,0.3,1.0,0.0,severe_coverage_warn,0.0,multiple,multiple,1;2;3;4,Lfrac coverage gap 0.119 exceeds 0.1 | third_integral coverage gap 0.14 exceeds 0.1 | 6 planned shell-band/Lfrac/third-integral cells have no successful orbit,0.9711711711711711,1.0,0.9711711711711711,0.9227799227799228,0.8814814814814815,0.8595238095238096,0.07722007722007718,0.11851851851851847,0.14047619047619042,6.0,0.0,3773.0,3885.0,1.0,inverse_phase_volume,geometric_mean,3773.0,3773.0,3773.0,0.0,420.0,0.0,0.0,4.166078784409544e+42,6.892331960709864e+50,165439309.17731577,3.0973929375323093e-06,512.4305478360426,0.001951483970311544,322852.1599189476,165439309.17731598,0.0
9.72715364464496,221.1241757349329,9042.741484172611,4.867613420045989,54.82518209514989,-1000000.0,solver_failed_full,622.0,54.82518209514989,0.7454241818641378,1.3724162165767873,3.214678361632601,0.0,0.0,34.0,active_set_max_passes,2.0,29.433916345777963,25.391265749371914,32.0,32.0,2760.0,115.5133484325912,0.0443583016837278,nonsingular_isothermal,1.0,0.01,2.0,0.3,1.0,0.0,strict_pass,1.0,none,none,,,0.9994851994851995,1.0,0.9994851994851995,0.9961389961389961,0.9978835978835979,0.9976190476190476,0.0038610038610038533,0.002116402116402072,0.0023809523809523725,0.0,0.0,3883.0,3885.0,1.0,inverse_phase_volume,geometric_mean,3883.0,3883.0,3883.0,0.0,420.0,0.0,0.0,3.6837367148542973e+39,2.4910200234637673e+51,676220972421.5577,5.873696801178934e-08,39719.16962602614,2.517675997296646e-05,17025053.11134354,676220972421.5581,0.0
20.683635307150773,4.404394455438484,139834.78880498596,1.604313472262123,19.639813565167966,-1000000.0,solver_failed_full,623.0,19.639813565167966,0.20034309012302742,0.8973150184880639,1.7200282990583216,1.0,0.0,85.0,active_set_max_passes,2.0,10.846343193056754,8.793470372111216,32.0,32.0,6684.0,76.2908688101914,0.06343236232812913,nonsingular_isothermal,1.0,0.01,2.0,0.3,1.0,0.0,strict_pass,1.0,none,none,,,1.0,1.0,1.0,1.0,1.0,1.0,0.0,0.0,0.0,0.0,0.0,3885.0,3885.0,1.0,inverse_phase_volume,geometric_mean,3885.0,3885.0,3885.0,0.0,420.0,0.0,0.0,2.0307882057494145e+44,1.088251982828195e+53,535876651.1186238,1.040894923495461e-06,557.791285769128,0.0017927852684559578,960711.7658349888,535876651.1186278,0.0
15.096819760909808,3.3207175591142137,7329.9806170291085,1.4923441927290897,17.248750782131197,-1000000.0,solver_failed_full,624.0,17.248750782131197,0.3541085213293087,0.8644096114406783,1.701279320889329,1.0,0.0,84.0,active_set_max_passes,2.0,9.358510906323847,7.890239875807346,32.0,32.0,6410.0,57.83447679683781,0.07744482386868634,nonsingular_isothermal,1.0,0.01,2.0,0.3,1.0,0.0,strict_pass,1.0,none,none,,,1.0,1.0,1.0,1.0,1.0,1.0,0.0,0.0,0.0,0.0,0.0,3885.0,3885.0,1.0,inverse_phase_volume,geometric_mean,3885.0,3885.0,3885.0,0.0,420.0,0.0,0.0,3.981098910629335e+43,2.1076542332097543e+52,529415189.254008,8.197453305301777e-07,433.9856293027241,0.002304223763369031,1219891.0597676,529415189.2540088,0.0
11.086080736315756,1.8467113885410416,78294.35940202589,2.968963964988818,20.096915343642202,-1000000.0,solver_failed_full,625.0,20.096915343642202,0.27483850609797855,0.919346712593886,1.721591402799864,1.0,0.0,84.0,active_set_max_passes,2.0,8.904256006393206,11.192659337249001,32.0,32.0,6093.0,77.06561628657538,0.05130131069226264,nonsingular_isothermal,1.0,0.01,2.0,0.3,1.0,0.0,strict_pass,1.0,none,none,,,1.0,1.0,1.0,1.0,1.0,1.0,0.0,0.0,0.0,0.0,0.0,3885.0,3885.0,1.0,inverse_phase_volume,geometric_mean,3885.0,3885.0,3885.0,0.0,420.0,0.0,0.0,1.0375550958455193e+43,5.8161484702418184e+51,560562855.2671847,5.994050108853435e-07,336.00418436334684,0.002976153412776027,1668321.0547789095,560562855.2671859,0.0
13.651262779977417,1.0041838561862284,130419.1237392351,4.094653411699208,18.532708328809345,-1000000.0,solver_failed_full,626.0,18.532708328809345,0.2750042877761416,0.9528565160518067,1.7424291760972315,1.0,0.0,81.0,reduced_spear_inconsistent,2.0,10.088298849840799,8.444409478968549,32.0,32.0,6420.0,79.55401263302144,0.06355768727276348,nonsingular_isothermal,1.0,0.01,2.0,0.3,1.0,0.0,strict_pass,1.0,none,none,,,0.9994851994851995,1.0,0.9994851994851995,0.9961389961389961,0.9978835978835979,0.9976190476190476,0.0038610038610038533,0.002116402116402072,0.0023809523809523725,0.0,0.0,3883.0,3885.0,1.0,inverse_phase_volume,geometric_mean,3883.0,3883.0,3883.0,0.0,420.0,0.0,0.0,4.931311799338293e+41,1.431600396483436e+52,29030822927.796516,1.2105873459006387e-08,351.44346877473004,0.0028454078361063095,82604531.04736789,29030822927.796856,0.0
17.75274371219359,96.71446782615467,6060.052515911941,0.7844197967592486,18.25077179703126,-1000000.0,solver_failed_full,627.0,18.25077179703126,0.21646771398748044,0.7776532609168907,1.8637321169885044,1.0,0.0,87.0,active_set_max_passes,2.0,12.477909758948929,5.772862038082327,32.0,32.0,2911.0,57.01232224998927,0.07156035180587907,nonsingular_isothermal,1.0,0.01,2.0,0.3,1.0,0.0,strict_pass,1.0,none,none,,,1.0,1.0,1.0,1.0,1.0,1.0,0.0,0.0,0.0,0.0,0.0,3885.0,3885.0,1.0,inverse_phase_volume,geometric_mean,3885.0,3885.0,3885.0,0.0,420.0,0.0,0.0,4.3065370449160803e+39,4.227730143697962e+52,9817006331546.246,2.0974499787795657e-09,20590.679721780747,4.8565662402208294e-05,476769415.29822123,9817006331546.348,0.0
10.175990511929712,87.53401699252694,26359.128145619852,2.2640165094687204,24.345487251257616,-1000000.0,solver_failed_full,628.0,24.345487251257616,0.10790486588045312,0.7157534258677287,1.6734012197272932,1.0,0.0,97.0,active_set_max_passes,2.0,11.179766471883164,13.165720779374446,32.0,32.0,1229.0,35.84255391039409,0.07034628566277472,nonsingular_isothermal,1.0,0.01,2.0,0.3,1.0,0.0,strict_pass,1.0,none,none,,,0.9979407979407979,1.0,0.9979407979407979,0.9845559845559846,0.9915343915343915,0.9928571428571429,0.015444015444015413,0.00846560846560851,0.0071428571428571175,0.0,0.0,3877.0,3885.0,1.0,inverse_phase_volume,geometric_mean,3877.0,3877.0,3877.0,0.0,420.0,0.0,0.0,2.238326169005458e+40,4.122525071233363e+51,184178924784.00946,3.204859938009206e-08,5902.67657465882,0.00016941466932021443,31202611.63803557,184178924784.00922,0.0
23.808549914837972,20.70490186300753,0.0,2.7876604859248086,12.852719605364152,-1000000.0,solver_failed_full,629.0,12.852719605364152,0.24910181076620397,0.6617008912563584,1.3733928445088677,1.0,0.0,110.0,reduced_spear_inconsistent,2.0,7.439451096913214,5.413268508450939,32.0,32.0,6139.0,41.42413032456917,0.08380328946252232,nonsingular_isothermal,1.0,0.01,2.0,0.3,1.0,0.0,strict_pass,1.0,none,none,,,0.9992277992277993,1.0,0.9992277992277993,0.9942084942084942,0.9968253968253968,0.9976190476190476,0.00579150579150578,0.0031746031746031633,0.0023809523809523725,0.0,0.0,3882.0,3885.0,1.0,inverse_phase_volume,geometric_mean,3882.0,3882.0,3882.0,0.0,420.0,0.0,0.0,3.4004839498569237e+40,1.3924723890131387e+53,4094924162402.6113,4.869958218968985e-10,1994.2109580747392,0.0005014514617678286,2053405707.0652018,4094924162402.634,0.0
12.266382878105622,8.044357796492285,1412.3281348150786,3.9637705632348785,17.812914585728794,-1000000.0,solver_failed_full,630.0,17.812914585728794,0.1950826086930384,0.8684676910587209,1.6596328925447947,1.0,0.0,88.0,active_set_max_passes,2.0,8.380828874034012,9.432085711694787,32.0,32.0,6114.0,67.3710790110852,0.06442101140762223,nonsingular_isothermal,1.0,0.01,2.0,0.3,1.0,0.0,strict_pass,1.0,none,none,,,1.0,1.0,1.0,1.0,1.0,1.0,0.0,0.0,0.0,0.0,0.0,3885.0,3885.0,1.0,inverse_phase_volume,geometric_mean,3885.0,3885.0,3885.0,0.0,420.0,0.0,0.0,3.8701386830427464e+40,9.628080335843204e+51,248778690490.5821,2.5210713220630264e-09,627.1888221362025,0.0015944161705465417,396656767.00557864,248778690490.58295,0.0
8.439135533993209,15.58294317150896,698211.8395925505,3.7493033418409984,22.846433054250916,-1000000.0,solver_failed_full,631.0,22.846433054250916,0.303379780290733,0.8384142701943919,1.185696831795934,1.0,0.0,84.0,reduced_spear_inconsistent,2.0,4.704683402180698,18.14174965207022,32.0,32.0,6580.0,73.25950317287561,0.06849341085617289,nonsingular_isothermal,1.0,0.01,2.0,0.3,1.0,0.0,strict_pass,1.0,none,none,,,0.9943371943371944,1.0,0.9943371943371944,0.9575289575289575,0.9767195767195768,0.9833333333333333,0.0424710424710425,0.023280423280423235,0.01666666666666672,0.0,0.0,3863.0,3885.0,1.0,inverse_phase_volume,geometric_mean,3863.0,3863.0,3863.0,0.0,420.0,0.0,0.0,5.6057979851877405e+41,3.9830347679276744e+51,7105205678.927585,3.2551854905291164e-08,231.28762433270296,0.0043236208719992664,30720215.573259216,7105205678.927629,0.0
5.638123262718644,21.727265634614234,0.0,2.111598509925053,66.82817554410842,-1000000.0,solver_failed_full,632.0,66.82817554410842,0.33861960064086816,0.9892428249421193,1.9993037687431696,1.0,0.0,73.0,active_set_max_passes,2.0,14.411047913344973,52.41712763076346,32.0,32.0,3657.0,47.98489122082658,0.0666068993372724,nonsingular_isothermal,1.0,0.01,2.0,0.3,1.0,0.0,strict_pass,1.0,none,none,,,1.0,1.0,1.0,1.0,1.0,1.0,0.0,0.0,0.0,0.0,0.0,3885.0,3885.0,1.0,inverse_phase_volume,geometric_mean,3885.0,3885.0,3885.0,0.0,420.0,0.0,0.0,6.787552805139831e+35,4.154248320668622e+50,612039189960016.8,3.2687962110902514e-12,2000.6313851800585,0.0004998422035201648,305923017350.31287,612039189960019.5,0.0
18.542156038126265,2.0707259794529507,104864.71864090025,1.7547589021902545,18.980775322770203,-1000000.0,solver_failed_full,633.0,18.980775322770203,0.22512224607110198,0.9083588604864675,1.7631541682362732,1.0,0.0,83.0,active_set_max_passes,2.0,11.050238417488394,7.9305369052818095,32.0,32.0,6677.0,84.13918706053596,0.06097314268826941,nonsingular_isothermal,1.0,0.01,2.0,0.3,1.0,0.0,strict_pass,1.0,none,none,,,0.9981981981981982,1.0,0.9981981981981982,0.9864864864864865,0.9925925925925926,0.9976190476190476,0.013513513513513487,0.007407407407407418,0.0023809523809523725,0.0,0.0,3878.0,3885.0,1.0,inverse_phase_volume,geometric_mean,3878.0,3878.0,3878.0,0.0,420.0,0.0,0.0,5.521841343471014e+45,5.933495838131988e+52,10745502.213944832,3.964319873057973e-05,425.9860797273001,0.0023474945487424416,25225.007870735368,10745502.213944849,0.0
8.226972567915098,16.802259595576395,10201.091020471249,2.106501798452808,33.0136087711807,-1000000.0,solver_failed_full,634.0,33.0136087711807,0.21108826220300614,0.9146349961001239,1.917253428302873,1.0,0.0,76.0,active_set_max_passes,2.0,10.226866915030037,22.786741856150666,32.0,32.0,4664.0,62.3481052759324,0.05827011372963173,nonsingular_isothermal,1.0,0.01,2.0,0.3,1.0,0.0,strict_pass,1.0,none,none,,,0.9971685971685972,1.0,0.9971685971685972,0.9787644787644788,0.9915343915343915,0.9952380952380953,0.021235521235521193,0.00846560846560851,0.004761904761904745,0.0,0.0,3874.0,3885.0,1.0,inverse_phase_volume,geometric_mean,3874.0,3874.0,3874.0,0.0,420.0,0.0,0.0,6.558399808179017e+40,2.6034360031787382e+51,39696207601.3112,2.9158279483537713e-08,1157.4731156755777,0.0008639509518252042,34295576.34100406,39696207601.31159,0.0
17.20962237755375,70.01745483442056,124.34409635523207,3.6040581143777963,16.25118451633539,-1000000.0,solver_failed_full,635.0,16.25118451633539,0.25164176107506364,0.8249903831381019,1.7262437955767345,1.0,0.0,93.0,active_set_max_passes,2.0,10.45999496359854,5.791189552736854,32.0,32.0,5117.0,64.46552770659471,0.06727831815650856,nonsingular_isothermal,1.0,0.01,2.0,0.3,1.0,0.0,strict_pass,1.0,none,none,,,0.9981981981981982,1.0,0.9981981981981982,0.9864864864864865,0.9925925925925926,0.9976190476190476,0.013513513513513487,0.007407407407407418,0.0023809523809523725,0.0,0.0,3878.0,3885.0,1.0,inverse_phase_volume,geometric_mean,3878.0,3878.0,3878.0,0.0,420.0,0.0,0.0,4.975972606715771e+39,4.295752445712089e+52,8632990543224.394,2.6304063950056285e-09,22708.273532920633,4.403681321480826e-05,380169392.03717995,8632990543224.422,0.0
14.279896312488482,2.5925498107849023,145618.62751612836,1.3267094529974695,17.65147591632634,-1000000.0,solver_failed_full,636.0,17.65147591632634,0.3142788563245311,0.9189286633418298,1.7228608062613195,1.0,0.0,84.0,reduced_spear_inconsistent,2.0,9.933342025986223,7.7181338903401215,32.0,32.0,6487.0,80.35051960827113,0.06157315160914442,nonsingular_isothermal,1.0,0.01,2.0,0.3,1.0,0.0,strict_pass,1.0,none,none,,,1.0,1.0,1.0,1.0,1.0,1.0,0.0,0.0,0.0,0.0,0.0,3885.0,3885.0,1.0,inverse_phase_volume,geometric_mean,3885.0,3885.0,3885.0,0.0,420.0,0.0,0.0,8.311399717359831e+42,1.5863950799316586e+52,1908697853.4051147,1.7382014408877755e-07,331.7701359008179,0.003014135064582631,5753073.127641963,1908697853.4051173,0.0
13.717570618752935,66.82427985942623,86300.14199096238,3.9436380372899364,14.946181067835113,-1000000.0,solver_failed_full,637.0,14.946181067835113,0.13091421908317002,0.7631369184287682,1.6278332896755414,1.0,0.0,98.0,active_set_max_passes,2.0,9.102171449352642,5.844009618482474,32.0,32.0,4948.0,53.005144538923574,0.05588808809597934,nonsingular_isothermal,1.0,0.01,2.0,0.3,1.0,0.0,strict_pass,1.0,none,none,,,0.9981981981981982,1.0,0.9981981981981982,0.9864864864864865,0.9925925925925926,0.9880952380952381,0.013513513513513487,0.007407407407407418,0.011904761904761862,0.0,0.0,3878.0,3885.0,1.0,inverse_phase_volume,geometric_mean,3878.0,3878.0,3878.0,0.0,420.0,0.0,0.0,1.0233561298826555e+41,1.3640304040886018e+52,133289904096.73026,2.127322924808129e-08,2835.5066863045386,0.0003526706548885909,47007437.76783177,133289904096.73149,0.0
17.301731073224058,9.609713794406968,293796.3392117907,2.3992678664552463,17.946285380035757,-1000000.0,solver_failed_full,638.0,17.946285380035757,0.13362457168171815,0.9041405584314752,1.693962522944862,1.0,0.0,85.0,active_set_max_passes,2.0,10.288426913061851,7.65785846697391,32.0,32.0,6642.0,63.58433419363686,0.07541382377534371,nonsingular_isothermal,1.0,0.01,2.0,0.3,1.0,0.0,strict_pass,1.0,none,none,,,1.0,1.0,1.0,1.0,1.0,1.0,0.0,0.0,0.0,0.0,0.0,3885.0,3885.0,1.0,inverse_phase_volume,geometric_mean,3885.0,3885.0,3885.0,0.0,420.0,0.0,0.0,6.889106726424685e+42,3.2896052994676016e+52,4775082503.584386,7.249964238953288e-08,346.1917738903795,0.002888572390852495,13793171.483896516,4775082503.584333,0.0
24.7491390859946,22.757090603790914,0.0,1.4120481180463216,17.335799893410847,-1000000.0,solver_failed_full,639.0,17.335799893410847,0.31518290234946633,0.7953945408513026,1.586855424849958,1.0,0.0,96.0,reduced_spear_inconsistent,2.0,9.775229213659033,7.560570679751815,32.0,32.0,6465.0,57.14814595719567,0.07708427481847023,nonsingular_isothermal,1.0,0.01,2.0,0.3,1.0,0.0,strict_pass,1.0,none,none,,,0.9966537966537966,1.0,0.9966537966537966,0.974903474903475,0.9915343915343915,0.9952380952380953,0.025096525096525046,0.00846560846560851,0.004761904761904745,0.0,0.0,3872.0,3885.0,1.0,inverse_phase_volume,geometric_mean,3872.0,3872.0,3872.0,0.0,420.0,0.0,0.0,5.089243854606791e+40,1.530391811020442e+53,3007110397422.063,7.448063488512818e-10,2239.7149156966393,0.00044648539552586796,1342630875.1829312,3007110397422.044,0.0
9.547846936968732,348.15567381414644,399945.3808658542,2.7823398837480995,36.087214558973514,-1000000.0,solver_failed_full,640.0,36.087214558973514,0.6685493544551022,0.561340597698216,1.0483377713081286,1.0,0.0,89.0,active_set_max_passes,2.0,6.074635825918986,30.012578733054536,32.0,32.0,4651.0,52.65788576363243,0.05970986659262841,nonsingular_isothermal,1.0,0.01,2.0,0.3,1.0,0.0,strict_pass,1.0,none,none,,,0.9809523809523809,1.0,0.9809523809523809,0.9438669438669439,0.9216931216931217,0.9357142857142857,0.05613305613305608,0.07830687830687832,0.06428571428571428,0.0,0.0,3811.0,3885.0,1.0,inverse_phase_volume,geometric_mean,3811.0,3811.0,3811.0,0.0,420.0,0.0,0.0,2.6556822070890358e+41,1.0476062190859676e+51,3944772519.428357,2.3238041494331085e-07,916.6878749217368,0.0010908838519167454,4303288.640929356,3944772519.4283805,0.0
13.450245765077703,3.0069669213836265,957305.5344045843,4.9347733617929315,16.781767582247642,-1000000.0,solver_failed_full,641.0,16.781767582247642,0.3122904093753611,0.8934558759687969,1.3457621410565495,1.0,0.0,80.0,reduced_spear_inconsistent,2.0,8.29468227821554,8.487085304032101,32.0,32.0,6561.0,88.47815208399409,0.05755164653359174,nonsingular_isothermal,1.0,0.01,2.0,0.3,1.0,0.0,strict_pass,1.0,none,none,,,0.9997425997425997,1.0,0.9997425997425997,0.9980694980694981,0.9989417989417989,0.9976190476190476,0.0019305019305019266,0.0010582010582010914,0.0023809523809523725,0.0,0.0,3884.0,3885.0,1.0,inverse_phase_volume,geometric_mean,3884.0,3884.0,3884.0,0.0,420.0,0.0,0.0,4.792576316908033e+43,2.1977797720715893e+52,458580026.0118765,5.056491992469403e-07,231.8806229435451,0.004312563884406441,1977655.6582889734,458580026.0118739,0.0
22.87940808811092,1.1785760489867119,65808.55347504867,0.9474635908539464,19.589382298725923,-1000000.0,solver_failed_full,642.0,19.589382298725923,0.4328625188359183,0.8739974353030664,1.7674511660112397,1.0,0.0,83.0,active_set_max_passes,2.0,11.84099779734316,7.748384501382758,32.0,32.0,6327.0,69.91388260422349,0.07255677678008696,nonsingular_isothermal,1.0,0.01,2.0,0.3,1.0,0.0,strict_pass,1.0,none,none,,,0.9981981981981982,1.0,0.9981981981981982,0.9864864864864865,0.9925925925925926,0.9976190476190476,0.013513513513513487,0.007407407407407418,0.0023809523809523725,0.0,0.0,3878.0,3885.0,1.0,inverse_phase_volume,geometric_mean,3878.0,3878.0,3878.0,0.0,420.0,0.0,0.0,9.712926986630822e+45,1.535085218127623e+53,15804558.40181402,3.268946578989657e-05,516.6425712005256,0.0019355741391505808,30590.89452324648,15804558.401814139,0.0
18.394693303994945,13.13862876563666,16206.75673643429,4.561191101086677,14.260786762173927,-1000000.0,solver_failed_full,643.0,14.260786762173927,0.3256810427678385,0.7665074581180478,1.564758074221043,1.0,0.0,96.0,reduced_spear_inconsistent,2.0,8.557412896742798,5.703373865431132,32.0,32.0,6494.0,55.56974271740848,0.06594201150898639,nonsingular_isothermal,1.0,0.01,2.0,0.3,1.0,0.0,strict_pass,1.0,none,none,,,1.0,1.0,1.0,1.0,1.0,1.0,0.0,0.0,0.0,0.0,0.0,3885.0,3885.0,1.0,inverse_phase_volume,geometric_mean,3885.0,3885.0,3885.0,0.0,420.0,0.0,0.0,6.055694504478828e+41,6.289303721258267e+52,103857678365.48987,1.020872148749149e-08,1060.2541127707473,0.0009431701211577609,97955459.08714199,103857678365.48897,0.0
17.385381205318772,1.2124378966027838,2314912.9250510335,3.739039737309232,16.570440148812246,-1000000.0,solver_failed_full,644.0,16.570440148812246,0.23883630489229546,0.8633180949568915,1.2209161585300206,1.0,0.0,84.0,active_set_max_passes,2.0,8.407141995592646,8.163298153219603,32.0,32.0,6246.0,68.5212559139133,0.05853544689403234,nonsingular_isothermal,1.0,0.01,2.0,0.3,1.0,0.0,strict_pass,1.0,none,none,,,0.998970398970399,1.0,0.998970398970399,0.9922779922779923,0.9978835978835979,0.9976190476190476,0.007722007722007707,0.002116402116402072,0.0023809523809523725,0.0,0.0,3881.0,3885.0,1.0,inverse_phase_volume,geometric_mean,3881.0,3881.0,3881.0,0.0,420.0,0.0,0.0,3.409898658797252e+43,6.161446133182647e+52,1806929398.7041616,9.655644346071535e-08,174.47067632348447,0.00573162219045858,10356636.638204852,1806929398.7041793,0.0
1.580676750540852,56.487023329986215,90348.42754875212,3.870062518528976,282.90448329896515,-1000000.0,solver_failed_full,645.0,282.90448329896515,3.3711244331399257,0.945398919380926,2.3385119865083515,0.0,0.0,44.0,reduced_spear_inconsistent,2.0,57.663704955096044,225.2407783438691,32.0,32.0,6684.0,83.18179536752436,0.04369783868808024,nonsingular_isothermal,1.0,0.01,2.0,0.3,1.0,0.0,severe_coverage_warn,0.0,multiple,multiple,1;2;4,shell_band coverage gap 0.11 exceeds 0.1 | Lfrac minimum coverage 0.797 is below 0.8 | Lfrac coverage gap 0.203 exceeds 0.1 | third_integral coverage gap 0.129 exceeds 0.1 | 6 planned shell-band/Lfrac/third-integral cells have no successful orbit,0.9505791505791505,1.0,0.9505791505791505,0.8898128898128899,0.7968253968253968,0.8714285714285714,0.11018711018711014,0.20317460317460323,0.12857142857142856,6.0,0.0,3693.0,3885.0,1.0,inverse_phase_volume,geometric_mean,3693.0,3693.0,3693.0,0.0,420.0,0.0,0.0,8.748681929366398e+40,2.2396068228499715e+49,255993627.48945767,1.5661270841561784e-06,400.918553382627,0.002494272194596153,638517.7870407592,255993627.4894575,0.0
12.00615505690231,22.93561600382876,5340.0279448221645,4.087446927353965,19.33696688787354,-19.33696688787354,pass_full,646.0,19.33696688787354,0.0006385190897120196,0.8846774935398375,1.7070366730935516,1.0,1.0,88.0,none,0.0,8.620861789861335,10.716105098012207,32.0,32.0,4195.0,47.46570605618299,0.07328067804357134,nonsingular_isothermal,1.0,0.01,2.0,0.3,1.0,0.0,strict_pass,1.0,none,none,,,0.9987129987129987,1.0,0.9987129987129987,0.9903474903474904,0.9947089947089947,0.9976190476190476,0.009652509652509633,0.005291005291005346,0.0023809523809523725,0.0,0.0,3880.0,3885.0,1.0,inverse_phase_volume,geometric_mean,3880.0,3880.0,3880.0,0.0,420.0,0.0,0.0,2.3629964451645377e+40,9.345376657043761e+51,395488392552.0689,3.847076663615096e-09,1521.4741657177165,0.0006572572985675873,259937632.50361133,395488392552.07043,0.0
20.351226715417457,112.08753339465474,212853.82720002596,0.8411813093296001,12.682761011993389,-1000000.0,solver_failed_full,647.0,12.682761011993389,0.17807416316391134,0.6295743384207061,1.5528630162890265,1.0,0.0,104.0,active_set_max_passes,2.0,8.274799979509218,4.407961032484171,32.0,32.0,5313.0,41.92711392855303,0.07493789430243514,nonsingular_isothermal,1.0,0.01,2.0,0.3,1.0,0.0,strict_pass,1.0,none,none,,,0.9984555984555985,1.0,0.9984555984555985,0.9884169884169884,0.9936507936507937,0.9928571428571429,0.01158301158301156,0.006349206349206327,0.0071428571428571175,0.0,0.0,3879.0,3885.0,1.0,inverse_phase_volume,geometric_mean,3879.0,3879.0,3879.0,0.0,420.0,0.0,0.0,3.8170590207397494e+42,7.255099373050081e+52,19007040063.12178,3.4434243960301777e-07,6544.930544967659,0.00015279000947823523,2904085.8313975777,19007040063.121807,0.0
7.363043361004118,1.0420222238509906,441693.9486478331,2.5765994257204685,30.148333354632342,-1000000.0,solver_failed_full,648.0,30.148333354632342,0.37536870483290485,0.9000618653349758,1.272879696931425,1.0,0.0,77.0,reduced_spear_inconsistent,2.0,4.514996307999179,25.63333704663316,32.0,32.0,6619.0,66.86318474740875,0.06624138880368695,nonsingular_isothermal,1.0,0.01,2.0,0.3,1.0,0.0,strict_pass,1.0,none,none,,,0.9994851994851995,1.0,0.9994851994851995,0.9961389961389961,0.9978835978835979,0.9976190476190476,0.0038610038610038533,0.002116402116402072,0.0023809523809523725,0.0,0.0,3883.0,3885.0,1.0,inverse_phase_volume,geometric_mean,3883.0,3883.0,3883.0,0.0,420.0,0.0,0.0,3.979132320740914e+38,1.6933374785092872e+51,4255544530858.898,3.4127042670498343e-11,145.22914979082887,0.006885670001100215,29302275314.481487,4255544530858.939,0.0
19.468114023434467,19.076208779535794,1644.9962651953078,0.30687407092373425,15.327775966655537,-1000000.0,solver_failed_full,649.0,15.327775966655537,0.27306491500329244,0.7757499292633384,1.5937937729201261,1.0,0.0,95.0,active_set_max_passes,2.0,9.194557279389619,6.133218687265923,32.0,32.0,5889.0,53.003727422720786,0.07770388796510469,nonsingular_isothermal,1.0,0.01,2.0,0.3,1.0,0.0,strict_pass,1.0,none,none,,,0.9994851994851995,1.0,0.9994851994851995,0.9961389961389961,0.9978835978835979,0.9976190476190476,0.0038610038610038533,0.002116402116402072,0.0023809523809523725,0.0,0.0,3883.0,3885.0,1.0,inverse_phase_volume,geometric_mean,3883.0,3883.0,3883.0,0.0,420.0,0.0,0.0,6.477654780610713e+39,8.430630844576676e+52,13014943108440.607,1.4296426385893344e-10,1860.6717606641091,0.0005374403057759532,6994755003.85695,13014943108440.598,0.0
24.66083957970702,139.49322042230366,0.0,2.539306037293909,14.168873104254368,-1000000.0,solver_failed_full,650.0,14.168873104254368,0.1590405915780977,0.6185853890109748,1.4882322261600613,1.0,0.0,108.0,active_set_max_passes,2.0,8.818533625705735,5.350339478548642,32.0,32.0,4156.0,49.97124258475803,0.09059873320150016,nonsingular_isothermal,1.0,0.01,2.0,0.3,1.0,0.0,strict_pass,1.0,none,none,,,1.0,1.0,1.0,1.0,1.0,1.0,0.0,0.0,0.0,0.0,0.0,3885.0,3885.0,1.0,inverse_phase_volume,geometric_mean,3885.0,3885.0,3885.0,0.0,420.0,0.0,0.0,2.4403927321048873e+35,1.3673479894792983e+53,5.602983370221454e+17,1.4771773483146335e-12,827660.0117474641,1.2082255827349556e-06,676966784754.0021,5.6029833702214035e+17,0.0
12.00615505690231,22.93561600382876,0.0,4.087446927353965,17.52529999435809,-1000000.0,solver_failed_no_bh,646.0,17.52529999435809,0.13217078641082836,0.8239590850519145,1.6346280483078046,1.0,0.0,93.0,active_set_max_passes,2.0,8.12180633291375,9.40349366144434,32.0,32.0,4714.0,47.7470120420461,0.07205922782184646,nonsingular_isothermal,1.0,0.01,2.0,0.3,1.0,0.0,strict_pass,1.0,none,none,,,0.9994851994851995,1.0,0.9994851994851995,0.9961389961389961,0.9978835978835979,0.9976190476190476,0.0038610038610038533,0.002116402116402072,0.0023809523809523725,0.0,0.0,3883.0,3885.0,1.0,inverse_phase_volume,geometric_mean,3883.0,3883.0,3883.0,0.0,420.0,0.0,0.0,1.988006289377008e+37,8.568539044683034e+51,431011666837744.4,5.255616613922172e-12,2265.232077026737,0.00044145587118498005,190272630874.74677,431011666837744.25,0.0
0.0,22.93561600382876,5340.0279448221645,4.087446927353965,2185.196952505702,-1000000.0,solver_failed_no_halo,646.0,2185.196952505702,33.3231803421545,2.065904069386836,9.907727860105524,0.0,0.0,14.0,reduced_spear_inconsistent,2.0,1713.3909150442257,471.8060374614765,32.0,32.0,3644.0,109.71868185503484,0.04622252302138285,none,1.0,0.01,2.0,0.3,1.0,0.0,severe_coverage_warn,0.0,multiple,multiple,1;2;3;4;5;6;7;8,total orbit coverage 0.56 is below 0.85 | shell_band minimum coverage 0.374 is below 0.8 | shell_band coverage gap 0.46 exceeds 0.1 | Lfrac minimum coverage 0.311 is below 0.8 | Lfrac coverage gap 0.689 exceeds 0.1 | third_integral minimum coverage 0.307 is below 0.8 | third_integral coverage gap 0.693 exceeds 0.1 | 102 planned shell-band/Lfrac/third-integral cells have no successful orbit,0.5598455598455598,1.0,0.5598455598455598,0.37422037422037424,0.3111111111111111,0.30714285714285716,0.45975645975645973,0.6888888888888889,0.6928571428571428,102.0,0.0,2175.0,3885.0,1.0,inverse_phase_volume,geometric_mean,2175.0,2175.0,2175.0,0.0,420.0,0.0,0.0,1.3945723087925716e+40,7.875878020622146e+46,5647522.162146705,0.00013294832079204207,750.8285880932523,0.0013318619134355615,7521.7196730465,5647522.162146742,0.0
4.987627555603616,10.605398073923933,5784.76230260546,4.978970939660111,79.84252923837386,-1000000.0,solver_failed_full,651.0,79.84252923837386,0.249046494669372,1.0090652613129825,1.9159389817027062,1.0,0.0,75.0,active_set_max_passes,2.0,14.750563444461804,65.09196579391201,32.0,32.0,3987.0,43.709665042886485,0.06670092565852347,nonsingular_isothermal,1.0,0.01,2.0,0.3,1.0,0.0,strict_pass,1.0,none,none,,,1.0,1.0,1.0,1.0,1.0,1.0,0.0,0.0,0.0,0.0,0.0,3885.0,3885.0,1.0,inverse_phase_volume,geometric_mean,3885.0,3885.0,3885.0,0.0,420.0,0.0,0.0,7.778086285572484e+40,2.8944670399678435e+50,3721310015.9826837,1.7848028892212515e-07,664.1804868213823,0.001505614843919571,5602859.59889006,3721310015.982654,0.0
13.636663167188184,104.12982311027869,282094.6538089829,2.3896024819077084,13.15224415469509,-1000000.0,solver_failed_full,652.0,13.15224415469509,0.18497839538798289,0.669491907173726,1.4890023873688918,1.0,0.0,102.0,active_set_max_passes,2.0,6.893082515410515,6.259161639284574,32.0,32.0,5994.0,44.78594585891855,0.0790477324411841,nonsingular_isothermal,1.0,0.01,2.0,0.3,1.0,0.0,strict_pass,1.0,none,none,,,0.9958815958815959,1.0,0.9958815958815959,0.9691119691119691,0.9830687830687831,0.9833333333333333,0.030888030888030937,0.016931216931216908,0.01666666666666672,0.0,0.0,3869.0,3885.0,1.0,inverse_phase_volume,geometric_mean,3869.0,3869.0,3869.0,0.0,420.0,0.0,0.0,2.1221052934493228e+42,1.5785229596346544e+52,7438476142.09983,3.7721268122358606e-07,2805.887529779187,0.00035639347243497546,2651024.34190771,7438476142.099918,0.0
0.6722023022340262,451.73790473287886,269173.80853072315,1.2132588912720177,478.8603907992503,-1000000.0,solver_failed_full,653.0,478.8603907992503,8.249725991976845,2.554619769169344,12.251526019060337,0.0,0.0,7.0,reduced_spear_inconsistent,2.0,336.85651470435107,142.00387609489928,32.0,32.0,6387.0,329.26720190626094,0.018516892938759775,nonsingular_isothermal,1.0,0.01,2.0,0.3,1.0,0.0,severe_coverage_warn,0.0,multiple,multiple,1;2;3;4;5;6;7;8,Lfrac minimum coverage 0.633 is below 0.8 | Lfrac coverage gap 0.367 exceeds 0.1 | third_integral minimum coverage 0.75 is below 0.8 | third_integral coverage gap 0.25 exceeds 0.1 | 23 planned shell-band/Lfrac/third-integral cells have no successful orbit,0.9106821106821107,1.0,0.9106821106821107,0.8835758835758836,0.6328042328042328,0.75,0.04573804573804574,0.3671957671957672,0.25,23.0,0.0,3538.0,3885.0,1.0,inverse_phase_volume,geometric_mean,3538.0,3538.0,3538.0,0.0,420.0,0.0,0.0,1.1966592718102866e+43,2.002484779739068e+50,16733959.506365933,0.0001735784029540208,2904.6539662122295,0.0003442750880594686,5761.085382637667,16733959.5063658,0.0
21.525793950285316,76.31547549017567,1813325.2023908123,3.366318158240743,15.818078394920994,-1000000.0,solver_failed_full,654.0,15.818078394920994,0.21476667347997846,0.7780758535054079,1.4479896151605975,1.0,0.0,95.0,reduced_spear_inconsistent,2.0,9.32343097680966,6.4946474181113345,32.0,32.0,5922.0,50.37689580288895,0.07966597084195018,nonsingular_isothermal,1.0,0.01,2.0,0.3,1.0,0.0,strict_pass,1.0,none,none,,,0.9971685971685972,1.0,0.9971685971685972,0.9787644787644788,0.9883597883597883,0.9857142857142858,0.021235521235521193,0.011640211640211673,0.014285714285714235,0.0,0.0,3874.0,3885.0,1.0,inverse_phase_volume,geometric_mean,3874.0,3874.0,3874.0,0.0,420.0,0.0,0.0,7.322455951005341e+43,1.1688773706218775e+53,1596291433.4245956,6.302712324809549e-07,1006.0965691433169,0.000993940373786874,1586618.5040108385,1596291433.4246066,0.0
16.609365747302093,42.28121620762301,606499.6125292982,3.0333666164052655,15.966008479652082,-1000000.0,solver_failed_full,655.0,15.966008479652082,0.3498750711447336,0.8623597860032801,1.6313846329137431,1.0,0.0,89.0,active_set_max_passes,2.0,9.098913737848422,6.86709474180366,32.0,32.0,5717.0,67.1551020060485,0.07426087914332886,nonsingular_isothermal,1.0,0.01,2.0,0.3,1.0,0.0,strict_pass,1.0,none,none,,,0.9984555984555985,1.0,0.9984555984555985,0.9884169884169884,0.9936507936507937,0.9928571428571429,0.01158301158301156,0.006349206349206327,0.0071428571428571175,0.0,0.0,3879.0,3885.0,1.0,inverse_phase_volume,geometric_mean,3879.0,3879.0,3879.0,0.0,420.0,0.0,0.0,3.658437371800406e+42,4.582943961138059e+52,12527053207.09831,7.727460497141909e-08,968.0230880344664,0.0010330332120801597,12940862.012427777,12527053207.098255,0.0
9.43287478330774,83.94376787511322,42923.96622211772,1.5134714523135624,25.20542107112851,-1000000.0,solver_failed_full,656.0,25.20542107112851,0.05721063614621613,0.681858358232404,1.573370481538937,1.0,0.0,102.0,active_set_max_passes,2.0,11.168771830839527,14.036649240288977,32.0,32.0,947.0,30.344450837672717,0.07442230005675977,nonsingular_isothermal,1.0,0.01,2.0,0.3,1.0,0.0,strict_pass,1.0,none,none,,,0.9981981981981982,1.0,0.9981981981981982,0.9864864864864865,0.9925925925925926,0.9952380952380953,0.013513513513513487,0.007407407407407418,0.004761904761904745,0.0,0.0,3878.0,3885.0,1.0,inverse_phase_volume,geometric_mean,3878.0,3878.0,3878.0,0.0,420.0,0.0,0.0,4.209253777351916e+39,3.225218130897866e+51,766220879399.4082,5.393527635261634e-09,4132.633487755209,0.0002419764547141553,185407411.92503244,766220879399.4136,0.0
23.77322450520732,23.620566050655206,540049.11552896,0.9058106086735314,18.410562875316437,-1000000.0,solver_failed_full,657.0,18.410562875316437,0.2975081643900701,0.805491302906739,1.6278089823588968,1.0,0.0,90.0,active_set_max_passes,2.0,10.278594884283603,8.131967991032845,32.0,32.0,7016.0,64.8840370941083,0.06014765322847749,nonsingular_isothermal,1.0,0.01,2.0,0.3,1.0,0.0,strict_pass,1.0,none,none,,,0.9984555984555985,1.0,0.9984555984555985,0.9884169884169884,0.9957671957671957,0.9976190476190476,0.01158301158301156,0.004232804232804255,0.0023809523809523725,0.0,0.0,3879.0,3885.0,1.0,inverse_phase_volume,geometric_mean,3879.0,3879.0,3879.0,0.0,420.0,0.0,0.0,5.067946232608323e+41,1.6969076271588862e+53,334831418739.3298,2.5861749584244064e-09,865.93263043737,0.0011548242494279428,386671441.8305392,334831418739.32935,0.0
1.0215929518506972,4.188122516026388,79749.28863191656,2.77234781685382,493.1386104280165,-1000000.0,solver_failed_full,658.0,493.1386104280165,7.557808540694111,1.0291241823191168,4.935506194969501,0.0,0.0,26.0,active_set_max_passes,2.0,155.0206758471612,338.1179345808553,32.0,32.0,6879.0,144.15883282694367,0.047314779947996245,nonsingular_isothermal,1.0,0.01,2.0,0.3,1.0,0.0,severe_coverage_warn,0.0,multiple,multiple,1;2;3;5;7,Lfrac minimum coverage 0.799 is below 0.8 | Lfrac coverage gap 0.201 exceeds 0.1 | third_integral coverage gap 0.162 exceeds 0.1 | 7 planned shell-band/Lfrac/third-integral cells have no successful orbit,0.9510939510939511,1.0,0.9510939510939511,0.8981288981288982,0.798941798941799,0.8380952380952381,0.08731808731808732,0.20105820105820105,0.16190476190476188,7.0,0.0,3695.0,3885.0,1.0,inverse_phase_volume,geometric_mean,3695.0,3695.0,3695.0,0.0,420.0,0.0,0.0,1.9881325226582556e+40,1.797196278351107e+49,903962013.5322495,4.5354657483553934e-07,409.98887501899173,0.0024390905727714623,2204845.225350032,903962013.5322549,0.0
17.789837013757303,379.66794174031367,689891.2634717461,0.5784086153615083,12.877894805359762,-1000000.0,solver_failed_full,659.0,12.877894805359762,0.16153980297163706,0.5358408365435983,1.1031754953430932,1.0,0.0,105.0,active_set_max_passes,2.0,5.578513211617546,7.299381593742218,32.0,32.0,5491.0,36.25427711868197,0.0902954778845847,nonsingular_isothermal,1.0,0.01,2.0,0.3,1.0,0.0,strict_pass,1.0,none,none,,,0.9915057915057915,1.0,0.9915057915057915,0.9646569646569647,0.9650793650793651,0.9571428571428572,0.03534303534303529,0.03492063492063491,0.042857142857142816,0.0,0.0,3852.0,3885.0,1.0,inverse_phase_volume,geometric_mean,3852.0,3852.0,3852.0,0.0,420.0,0.0,0.0,9.269490636735113e+42,1.1619975541217818e+52,1253572175.2787259,1.9255381355279997e-06,2413.801029135967,0.00041428435398337506,519335.3388068791,1253572175.2787209,0.0
17.57728779039338,14.41553776573697,682.8802475048581,4.929129319156248,14.93237888466337,-1000000.0,solver_failed_full,660.0,14.93237888466337,0.22736470205291148,0.8031226130195065,1.6165781925613931,1.0,0.0,93.0,active_set_max_passes,2.0,8.932779820141516,5.999599064521855,32.0,32.0,6015.0,44.001611665634165,0.07867314608345392,nonsingular_isothermal,1.0,0.01,2.0,0.3,1.0,0.0,strict_pass,1.0,none,none,,,1.0,1.0,1.0,1.0,1.0,1.0,0.0,0.0,0.0,0.0,0.0,3885.0,3885.0,1.0,inverse_phase_volume,geometric_mean,3885.0,3885.0,3885.0,0.0,420.0,0.0,0.0,8.344260484615854e+40,5.859676982855513e+52,702240419466.636,2.0585390006350877e-09,1445.5892912944123,0.0006917594132871433,485781420.5567571,702240419466.6354,0.0
21.362176312834162,90.08159480606422,1347.832133522455,0.9003067399738218,14.437575111766035,-1000000.0,solver_failed_full,661.0,14.437575111766035,0.20609023063710197,0.6802657906109189,1.5871156867353593,1.0,0.0,102.0,active_set_max_passes,2.0,9.397876888615897,5.03969822315014,32.0,32.0,5956.0,67.29994231323334,0.06740637373006485,nonsingular_isothermal,1.0,0.01,2.0,0.3,1.0,0.0,strict_pass,1.0,none,none,,,1.0,1.0,1.0,1.0,1.0,1.0,0.0,0.0,0.0,0.0,0.0,3885.0,3885.0,1.0,inverse_phase_volume,geometric_mean,3885.0,3885.0,3885.0,0.0,420.0,0.0,0.0,1.7217190640958312e+40,8.59102426236375e+52,4989794468515.899,4.595670406919573e-09,22931.450775569647,4.360823088722169e-05,217596109.2628244,4989794468515.932,0.0
1.2125434341781427,96.63871803196453,1177.6375008993618,2.3633184321090686,583.126926311108,-1000000.0,solver_failed_full,662.0,583.126926311108,8.557313713682106,1.876341132797854,4.140489271454684,0.0,0.0,2.0,active_set_max_passes,2.0,53.63685237853482,529.4900739325732,32.0,32.0,6918.0,666.3605170445775,0.00808465491118615,nonsingular_isothermal,1.0,0.01,2.0,0.3,1.0,0.0,strict_pass,1.0,none,none,,,0.9971685971685972,1.0,0.9971685971685972,0.9787644787644788,0.9883597883597883,0.9904761904761905,0.021235521235521193,0.011640211640211673,0.00952380952380949,0.0,0.0,3874.0,3885.0,1.0,inverse_phase_volume,geometric_mean,3874.0,3874.0,3874.0,0.0,420.0,0.0,0.0,4.4681394518362473e+36,1.0799441114257417e+48,241698837528.87857,1.3967089382089631e-08,3375.829267313043,0.0002962235115628166,71596878.39345586,241698837528.88116,0.0
2.4131121598568535,118.74656659966105,116148.46530961909,1.822977136121166,147.06661250345624,-1000000.0,solver_failed_full,663.0,147.06661250345624,0.45590297081790254,0.7938692322496983,1.1227006349981306,1.0,0.0,69.0,active_set_max_passes,2.0,24.418161553440186,122.64845095001604,32.0,32.0,4271.0,58.6638852303215,0.04879308421128957,nonsingular_isothermal,1.0,0.01,2.0,0.3,1.0,0.0,severe_coverage_warn,0.0,inner,multiple,1;2,Lfrac coverage gap 0.127 exceeds 0.1 | 2 planned shell-band/Lfrac/third-integral cells have no successful orbit,0.9691119691119691,1.0,0.9691119691119691,0.9376299376299376,0.873015873015873,0.9023809523809524,0.062370062370062374,0.12698412698412698,0.0976190476190476,2.0,0.0,3765.0,3885.0,1.0,inverse_phase_volume,geometric_mean,3765.0,3765.0,3765.0,0.0,420.0,0.0,0.0,2.5139871558992764e+41,3.6477032429110706e+49,145096335.68936247,2.9171917217567927e-06,423.27382933025217,0.002362536804088039,342795.4332044311,145096335.68936223,0.0
9.739519258514488,295.4308326779447,3418.976558126128,3.529165464003165,49.91899372306353,-1000000.0,solver_failed_full,664.0,49.91899372306353,0.40338090957794037,1.1861658156993375,2.7510904417827358,0.0,0.0,51.0,active_set_max_passes,2.0,25.430897172626608,24.488096550436925,32.0,32.0,2023.0,68.55908568637865,0.04855143482141284,nonsingular_isothermal,1.0,0.01,2.0,0.3,1.0,0.0,strict_pass,1.0,none,none,,,0.9997425997425997,1.0,0.9997425997425997,0.9980694980694981,0.9989417989417989,0.9976190476190476,0.0019305019305019266,0.0010582010582010914,0.0023809523809523725,0.0,0.0,3884.0,3885.0,1.0,inverse_phase_volume,geometric_mean,3884.0,3884.0,3884.0,0.0,420.0,0.0,0.0,2.5624683925018256e+39,1.4414251373054594e+51,562514309063.5927,1.3584937217799157e-07,76417.2157274263,1.308605646621456e-05,7361094.011459894,562514309063.5966,0.0
22.792206314149137,101.0934037820873,45940.44826612521,2.5477774488818103,16.15005973181682,-1000000.0,solver_failed_full,665.0,16.15005973181682,0.21582980520152972,0.7135897060328587,1.6887651830652575,1.0,0.0,96.0,active_set_max_passes,2.0,10.312600778609388,5.837458953207438,32.0,32.0,4564.0,60.111303950930505,0.07367342708909434,nonsingular_isothermal,1.0,0.01,2.0,0.3,1.0,0.0,strict_pass,1.0,none,none,,,0.9984555984555985,1.0,0.9984555984555985,0.9884169884169884,0.9936507936507937,0.9952380952380953,0.01158301158301156,0.006349206349206327,0.004761904761904745,0.0,0.0,3879.0,3885.0,1.0,inverse_phase_volume,geometric_mean,3879.0,3879.0,3879.0,0.0,420.0,0.0,0.0,1.6187116686927084e+41,1.081497689766625e+53,668122501791.8453,1.9752457225530785e-08,13197.061138058165,7.57744462603241e-05,50626612.607339956,668122501791.8517,0.0
22.706699018837906,7.799887481923826,110315.40525222146,3.3589962814205223,21.537885256624463,-1000000.0,solver_failed_full,666.0,21.537885256624463,0.38183355731818125,0.9256825597663151,1.7431521184513403,1.0,0.0,82.0,active_set_max_passes,2.0,11.788426941917107,9.74945831470736,32.0,32.0,5915.0,61.38088749257296,0.06629793993916862,nonsingular_isothermal,1.0,0.01,2.0,0.3,1.0,0.0,strict_pass,1.0,none,none,,,1.0,1.0,1.0,1.0,1.0,1.0,0.0,0.0,0.0,0.0,0.0,3885.0,3885.0,1.0,inverse_phase_volume,geometric_mean,3885.0,3885.0,3885.0,0.0,420.0,0.0,0.0,1.798565765446933e+44,1.2691610857694456e+53,705651753.2757922,8.5898899773605e-07,606.1470922970542,0.0016497645748169828,1164159.2647118862,705651753.2757864,0.0
11.033334008055743,463.77162384180406,5355.908217089753,0.39306170092544546,63.171998736962465,-1000000.0,solver_failed_full,667.0,63.171998736962465,0.3598245051120017,0.9026583472376282,2.012689888218812,0.0,0.0,81.0,active_set_max_passes,2.0,27.95678349453213,35.21521524243032,32.0,32.0,534.0,32.974538633425254,0.08038483880342134,nonsingular_isothermal,1.0,0.01,2.0,0.3,1.0,0.0,strict_pass,1.0,none,none,,,0.9984555984555985,1.0,0.9984555984555985,0.9884169884169884,0.9936507936507937,0.9928571428571429,0.01158301158301156,0.006349206349206327,0.0071428571428571175,0.0,0.0,3879.0,3885.0,1.0,inverse_phase_volume,geometric_mean,3879.0,3879.0,3879.0,0.0,420.0,0.0,0.0,2.878438331046972e+39,1.0279899392666341e+51,357134606004.4733,2.7135928796355045e-07,96911.79239251792,1.0318661695469839e-05,3685151.1791051063,357134606004.4767,0.0
10.696477894460573,15.674683483328831,741726.3554067146,4.966049571636001,23.918129183439184,-1000000.0,solver_failed_full,668.0,23.918129183439184,0.3824158955958161,1.0732543154797856,1.5444266742282329,1.0,0.0,67.0,reduced_spear_inconsistent,2.0,9.01532976069503,14.902799422744158,32.0,32.0,6876.0,72.94430512261344,0.06459815173852847,nonsingular_isothermal,1.0,0.01,2.0,0.3,1.0,0.0,strict_pass,1.0,none,none,,,0.9979407979407979,1.0,0.9979407979407979,0.9845559845559846,0.9915343915343915,0.9928571428571429,0.015444015444015413,0.00846560846560851,0.0071428571428571175,0.0,0.0,3877.0,3885.0,1.0,inverse_phase_volume,geometric_mean,3877.0,3877.0,3877.0,0.0,420.0,0.0,0.0,5.59227077735796e+42,7.471306044319558e+51,1336005773.2843435,1.8158729297662658e-07,242.60167177184692,0.0041219831367874625,5506993.268128719,1336005773.2843342,0.0
1.3500209310656264,98.76257180475871,665080.434427681,1.7768429279184321,inf,-1000000.0,physics_exception_full,669.0,inf,inf,inf,inf,0.0,0.0,0.0,exception,3.0,inf,inf,0.0,0.0,0.0,0.0,0.0,nonsingular_isothermal,1.0,0.01,2.0,0.3,1.0,0.0,severe_coverage_warn,0.0,multiple,multiple,1;2;3;4;5;6;7,Lfrac minimum coverage 0.705 is below 0.8 | Lfrac coverage gap 0.295 exceeds 0.1 | third_integral minimum coverage 0.76 is below 0.8 | third_integral coverage gap 0.24 exceeds 0.1 | 16 planned shell-band/Lfrac/third-integral cells have no successful orbit,0.9281853281853282,1.0,0.9281853281853282,0.9064449064449065,0.7047619047619048,0.7595238095238095,0.06652806652806653,0.2952380952380952,0.2404761904761905,16.0,0.0,3606.0,3885.0,1.0,inverse_phase_volume,geometric_mean,3606.0,3606.0,3606.0,0.0,420.0,0.0,0.0,1.903534822299463e+40,1.2242513276034106e+51,64314627358.61693,2.7397129187589417e-08,1762.0361543956985,0.0005675252448738524,36500174.64066959,64314627358.61685,0.0
21.69564189563342,18.27860105017876,63778.587734642584,4.349076690875697,17.000230865340136,-1000000.0,solver_failed_full,670.0,17.000230865340136,0.3051949657450237,0.7846813427468401,1.6557909110502447,1.0,0.0,91.0,active_set_max_passes,2.0,9.980612071480483,7.0196187938596575,32.0,32.0,6609.0,51.302477613556846,0.0811290872858683,nonsingular_isothermal,1.0,0.01,2.0,0.3,1.0,0.0,strict_pass,1.0,none,none,,,1.0,1.0,1.0,1.0,1.0,1.0,0.0,0.0,0.0,0.0,0.0,3885.0,3885.0,1.0,inverse_phase_volume,geometric_mean,3885.0,3885.0,3885.0,0.0,420.0,0.0,0.0,2.943535444226734e+43,1.2635856768299588e+53,4292748297.997487,2.94549158966284e-07,1264.4254008291036,0.0007908730711549169,3395019.0301323063,4292748297.997476,0.0
16.79422551485283,267.8985080272927,11759.106864286754,3.2286793646278173,23.565459134872672,-1000000.0,solver_failed_full,671.0,23.565459134872672,0.25264032433533856,0.9182882282682172,2.1356633265584897,0.0,0.0,76.0,active_set_max_passes,2.0,15.313549243609927,8.251909891262738,32.0,32.0,1981.0,69.74321739774832,0.037203846887356604,nonsingular_isothermal,1.0,0.01,2.0,0.3,1.0,0.0,strict_pass,1.0,none,none,,,0.998970398970399,1.0,0.998970398970399,0.9922779922779923,0.9957671957671957,0.9976190476190476,0.007722007722007707,0.004232804232804255,0.0023809523809523725,0.0,0.0,3881.0,3885.0,1.0,inverse_phase_volume,geometric_mean,3881.0,3881.0,3881.0,0.0,420.0,0.0,0.0,9.120150058498878e+34,1.4730651279929842e+52,1.6151764154584995e+17,4.4187792328258836e-13,71371.08001978144,1.4011277393067848e-05,2263068479572.9956,1.6151764154584938e+17,0.0
16.61225630827833,2.14366209896558,110245.12079514936,4.590224011734535,18.14046352312193,-1000000.0,solver_failed_full,672.0,18.14046352312193,0.3835874440118161,0.8982639710343174,1.7362478570812934,1.0,0.0,83.0,reduced_spear_inconsistent,2.0,10.486477514058219,7.653986009063711,32.0,32.0,6650.0,79.03058997533586,0.06268744863431787,nonsingular_isothermal,1.0,0.01,2.0,0.3,1.0,0.0,strict_pass,1.0,none,none,,,1.0,1.0,1.0,1.0,1.0,1.0,0.0,0.0,0.0,0.0,0.0,3885.0,3885.0,1.0,inverse_phase_volume,geometric_mean,3885.0,3885.0,3885.0,0.0,420.0,0.0,0.0,5.8795267898503185e+44,2.597146150074882e+52,44172707.13959959,6.696867064828083e-06,295.8187476074807,0.0033804483593003753,149323.55537591534,44172707.13959957,0.0
24.560156437415557,64.48750591094276,1315387.1871217927,3.6147735301253636,19.387149319014696,-1000000.0,solver_failed_full,673.0,19.387149319014696,0.06833210912687449,0.8474972092675507,1.6339088019813328,1.0,0.0,91.0,active_set_max_passes,2.0,10.302622613818425,9.08452670519627,32.0,32.0,6001.0,51.69599707921241,0.07264443713242949,nonsingular_isothermal,1.0,0.01,2.0,0.3,1.0,0.0,strict_pass,1.0,none,none,,,0.9974259974259975,1.0,0.9974259974259975,0.9806949806949807,0.9894179894179894,0.9904761904761905,0.019305019305019266,0.010582010582010581,0.00952380952380949,0.0,0.0,3875.0,3885.0,1.0,inverse_phase_volume,geometric_mean,3875.0,3875.0,3875.0,0.0,420.0,0.0,0.0,6.817084030477377e+43,1.5279916746016172e+53,2241415343.8191037,4.804997347755863e-07,1076.999478227,0.0009285055566101483,2081166.6014072667,2241415343.819085,0.0
12.611205645362917,16.69269782526482,120557.1468115668,4.5095419097059475,16.819281336956145,-1000000.0,solver_failed_full,674.0,16.819281336956145,0.3031555232261489,0.8580100926181335,1.7074858214725068,1.0,0.0,85.0,active_set_max_passes,2.0,8.959587488604354,7.859693848351789,32.0,32.0,6458.0,42.364435972656885,0.0710512365717119,nonsingular_isothermal,1.0,0.01,2.0,0.3,1.0,0.0,strict_pass,1.0,none,none,,,0.998970398970399,1.0,0.998970398970399,0.9922779922779923,0.9968253968253968,0.9976190476190476,0.007722007722007707,0.0031746031746031633,0.0023809523809523725,0.0,0.0,3881.0,3885.0,1.0,inverse_phase_volume,geometric_mean,3881.0,3881.0,3881.0,0.0,420.0,0.0,0.0,3.9911886908741345e+40,1.3684958068982434e+52,342879255502.83136,2.1726853338853595e-09,744.9687297245324,0.0013423382218603602,460259930.14447457,342879255502.83124,0.0
22.588087189006718,3.3874850120602873,63395.259450264115,3.5148864679451455,21.103858357655245,-1000000.0,solver_failed_full,675.0,21.103858357655245,0.4184607990327187,0.8935849605735088,1.7827406354554118,1.0,0.0,80.0,active_set_max_passes,2.0,12.045684041471878,9.058174316183377,32.0,32.0,6583.0,61.11857347587312,0.07514868227872183,nonsingular_isothermal,1.0,0.01,2.0,0.3,1.0,0.0,strict_pass,1.0,none,none,,,1.0,1.0,1.0,1.0,1.0,1.0,0.0,0.0,0.0,0.0,0.0,3885.0,3885.0,1.0,inverse_phase_volume,geometric_mean,3885.0,3885.0,3885.0,0.0,420.0,0.0,0.0,8.91704669410178e+44,1.1782171837656663e+53,132130875.18595178,3.5461360388820314e-06,468.55405834592483,0.0021342254584885453,281997.0776742293,132130875.18595111,0.0
22.363742980959838,4.06669707867347,174499.90845298546,0.25619595525696875,20.65726060958117,-1000000.0,solver_failed_full,676.0,20.65726060958117,0.03611776020068547,0.8961911097652834,1.7278835630964846,1.0,0.0,84.0,active_set_max_passes,2.0,11.378845005244935,9.278415604336244,32.0,32.0,6404.0,67.6595499350554,0.055370733528667476,nonsingular_isothermal,1.0,0.01,2.0,0.3,1.0,0.0,strict_pass,1.0,none,none,,,0.9987129987129987,1.0,0.9987129987129987,0.9903474903474904,0.9947089947089947,0.9976190476190476,0.009652509652509633,0.005291005291005346,0.0023809523809523725,0.0,0.0,3880.0,3885.0,1.0,inverse_phase_volume,geometric_mean,3880.0,3880.0,3880.0,0.0,420.0,0.0,0.0,5.451436729642618e+44,1.4499651360489706e+53,265978531.52448243,2.023358613408788e-06,538.1699527418757,0.0018581490752227735,494227.7623813222,265978531.52447915,0.0
20.597565638358514,6.600181293355622,286522.86782056803,2.4210712866682957,20.318554058428273,-1000000.0,solver_failed_full,677.0,20.318554058428273,0.34662462105071157,0.9184733370850359,1.7742526615246412,1.0,0.0,82.0,active_set_max_passes,2.0,11.473229896950484,8.845324161477784,32.0,32.0,6955.0,83.90975891756935,0.06881497903612273,nonsingular_isothermal,1.0,0.01,2.0,0.3,1.0,0.0,strict_pass,1.0,none,none,,,0.9979407979407979,1.0,0.9979407979407979,0.9845559845559846,0.9915343915343915,0.9976190476190476,0.015444015444015413,0.00846560846560851,0.0023809523809523725,0.0,0.0,3877.0,3885.0,1.0,inverse_phase_volume,geometric_mean,3877.0,3877.0,3877.0,0.0,420.0,0.0,0.0,4.328416122914228e+45,1.1499602122206745e+53,26567690.803407125,2.149681128603279e-05,571.1206355065157,0.0017509435622355331,46518.52717569019,26567690.8034073,0.0
8.030599430927786,2.4587153678468447,2034.7533286859107,2.9357282977185846,31.243485510747345,-1000000.0,solver_failed_full,678.0,31.243485510747345,0.271939826588266,0.8539873106458512,1.7040187267384332,1.0,0.0,85.0,active_set_max_passes,2.0,8.03799572741267,23.205489783334674,32.0,32.0,5892.0,51.097790155888234,0.056938638189907714,nonsingular_isothermal,1.0,0.01,2.0,0.3,1.0,0.0,strict_pass,1.0,none,none,,,0.9979407979407979,1.0,0.9979407979407979,0.9845559845559846,0.9915343915343915,0.9976190476190476,0.015444015444015413,0.00846560846560851,0.0023809523809523725,0.0,0.0,3877.0,3885.0,1.0,inverse_phase_volume,geometric_mean,3877.0,3877.0,3877.0,0.0,420.0,0.0,0.0,4.783016895896288e+42,2.1073534067738644e+51,440590834.74740016,1.183817453469984e-06,521.5791200128826,0.0019172546630610917,844724.8324214332,440590834.7474009,0.0
8.38932867786846,61.29940179044367,45158.50385819869,2.961922721978586,32.604340655568194,-1000000.0,solver_failed_full,679.0,32.604340655568194,0.2250632232428984,0.9457404865375575,1.9027883549911,1.0,0.0,80.0,active_set_max_passes,2.0,11.331440765807352,21.27289988976084,32.0,32.0,3480.0,48.403520671195466,0.06710421535112579,nonsingular_isothermal,1.0,0.01,2.0,0.3,1.0,0.0,strict_pass,1.0,none,none,,,0.9966537966537966,1.0,0.9966537966537966,0.974903474903475,0.9862433862433863,0.9880952380952381,0.025096525096525046,0.013756613756613745,0.011904761904761862,0.0,0.0,3872.0,3885.0,1.0,inverse_phase_volume,geometric_mean,3872.0,3872.0,3872.0,0.0,420.0,0.0,0.0,1.0264645830606343e+40,2.3314739874793756e+51,227136330464.278,1.0880785786720602e-08,2471.421756163587,0.0004046253932604001,91905127.03783257,227136330464.27774,0.0
6.1453874592517055,1.4568063588434494,1253689.768927374,1.3306572920256445,42.09058868022351,-1000000.0,solver_failed_full,680.0,42.09058868022351,0.423052760047149,1.0028107696802853,1.491968116232313,1.0,0.0,46.0,reduced_spear_inconsistent,2.0,6.3480201550903566,35.74256852513315,32.0,32.0,6284.0,131.3137542342475,0.038530411308824335,nonsingular_isothermal,1.0,0.01,2.0,0.3,1.0,0.0,coverage_warn,0.0,inner,joint,1,1 planned shell-band/Lfrac/third-integral cells have no successful orbit,0.9922779922779923,1.0,0.9922779922779923,0.9517374517374517,0.9682539682539683,0.9571428571428572,0.04826254826254828,0.031746031746031744,0.042857142857142816,1.0,0.0,3855.0,3885.0,1.0,inverse_phase_volume,geometric_mean,3855.0,3855.0,3855.0,0.0,420.0,0.0,0.0,5.454457899926207e+40,4.190818691318683e+51,76832909304.79784,2.6643907606998384e-09,204.71289366939317,0.004884890160436001,375320322.6606808,76832909304.79828,0.0
17.436405903812656,382.5143103952678,32518.901006135464,1.6282289801298597,23.66638726743624,-1000000.0,solver_failed_full,681.0,23.66638726743624,0.05383575612372837,0.8390734184990484,1.8643299345480895,1.0,0.0,88.0,active_set_max_passes,2.0,13.091943404506729,10.574443862929506,32.0,32.0,1699.0,43.2259528012647,0.06936742831717287,nonsingular_isothermal,1.0,0.01,2.0,0.3,1.0,0.0,strict_pass,1.0,none,none,,,0.9981981981981982,1.0,0.9981981981981982,0.9864864864864865,0.9925925925925926,0.9928571428571429,0.013513513513513487,0.007407407407407418,0.0071428571428571175,0.0,0.0,3878.0,3885.0,1.0,inverse_phase_volume,geometric_mean,3878.0,3878.0,3878.0,0.0,420.0,0.0,0.0,1.3986002024656078e+39,7.03812641066959e+51,5032264687408.167,7.110898849817434e-09,35783.925177667734,2.7945508913149822e-05,140629197.67529446,5032264687408.183,0.0
4.058628813474366,109.25207420962072,395627.062730831,3.053316728120873,66.20733874115462,-1000000.0,solver_failed_full,682.0,66.20733874115462,0.11138283580976349,0.7707743241351143,1.3252394265927394,1.0,0.0,66.0,active_set_max_passes,2.0,9.897567662617515,56.309771078537096,32.0,32.0,5779.0,81.3409716926145,0.043827581922327295,nonsingular_isothermal,1.0,0.01,2.0,0.3,1.0,0.0,severe_coverage_warn,0.0,inner,multiple,1;3,Lfrac coverage gap 0.126 exceeds 0.1 | 2 planned shell-band/Lfrac/third-integral cells have no successful orbit,0.9693693693693693,1.0,0.9693693693693693,0.9362934362934363,0.8740740740740741,0.9142857142857143,0.06370656370656369,0.12592592592592589,0.08571428571428574,2.0,0.0,3766.0,3885.0,1.0,inverse_phase_volume,geometric_mean,3766.0,3766.0,3766.0,0.0,420.0,0.0,0.0,1.3057891873693454e+43,4.277272195696432e+50,32756223.110665075,1.4908217698857017e-05,488.33690512612634,0.0020477665920860984,67077.0993689385,32756223.11066507,0.0
6.666621840849346,86.50136562144057,571.0254496759032,4.018861520835288,71.46120222581419,-1000000.0,solver_failed_full,683.0,71.46120222581419,0.9352901778857756,1.368421656173374,3.158478062933813,0.0,0.0,34.0,active_set_max_passes,2.0,27.207513854653325,44.25368837116085,32.0,32.0,5182.0,213.34560252143095,0.02197033591766424,nonsingular_isothermal,1.0,0.01,2.0,0.3,1.0,0.0,strict_pass,1.0,none,none,,,0.9997425997425997,1.0,0.9997425997425997,0.9980694980694981,0.9989417989417989,0.9976190476190476,0.0019305019305019266,0.0010582010582010914,0.0023809523809523725,0.0,0.0,3884.0,3885.0,1.0,inverse_phase_volume,geometric_mean,3884.0,3884.0,3884.0,0.0,420.0,0.0,0.0,1.079455275167912e+39,7.052649958329094e+50,653352678945.5947,2.2048294639138042e-08,14405.312368662637,6.94188348303646e-05,45354981.70570049,653352678945.5948,0.0
15.701474422404743,184.7798526980905,1666.1887850193853,4.507830397558152,17.19029694788952,-1000000.0,solver_failed_full,684.0,17.19029694788952,0.14762213108138056,0.6867708243645801,1.6721304112133821,1.0,0.0,98.0,active_set_max_passes,2.0,10.536252456762698,6.654044491126821,32.0,32.0,1916.0,58.38789789808787,0.060833086497513365,nonsingular_isothermal,1.0,0.01,2.0,0.3,1.0,0.0,strict_pass,1.0,none,none,,,0.998970398970399,1.0,0.998970398970399,0.9922779922779923,0.9978835978835979,0.9976190476190476,0.007722007722007707,0.002116402116402072,0.0023809523809523725,0.0,0.0,3881.0,3885.0,1.0,inverse_phase_volume,geometric_mean,3881.0,3881.0,3881.0,0.0,420.0,0.0,0.0,9.546972784153328e+39,1.9896988384126577e+52,2084114916212.2744,4.683466276322528e-08,97608.8192606093,1.0244975890242704e-05,21351707.069089927,2084114916212.2727,0.0
22.31555618159964,2.763133720644049,2092987.038342166,3.7065651742930683,21.123507080744442,-1000000.0,solver_failed_full,685.0,21.123507080744442,0.2679362258036555,0.9792989644643078,1.3984998938815119,1.0,0.0,80.0,reduced_spear_inconsistent,2.0,10.914997707449498,10.208509373294936,32.0,32.0,6602.0,56.65812657466503,0.07456337856634161,nonsingular_isothermal,1.0,0.01,2.0,0.3,1.0,0.0,strict_pass,1.0,none,none,,,1.0,1.0,1.0,1.0,1.0,1.0,0.0,0.0,0.0,0.0,0.0,3885.0,3885.0,1.0,inverse_phase_volume,geometric_mean,3885.0,3885.0,3885.0,0.0,420.0,0.0,0.0,2.1915369565469304e+43,2.854230745895935e+53,13023876861.256176,3.617440700682704e-08,471.1310223858838,0.0021225518008469025,27643853.285867944,13023876861.256338,0.0
20.85745319267191,16.467356180311327,13639.348986712745,2.9197640770353823,19.47707989954052,-1000000.0,solver_failed_full,686.0,19.47707989954052,0.38151837223637486,0.8582703223323416,1.7943827539160833,1.0,0.0,83.0,reduced_spear_inconsistent,2.0,11.432037754797495,8.045042144743022,32.0,32.0,6519.0,63.90627984763679,0.07289331769332304,nonsingular_isothermal,1.0,0.01,2.0,0.3,1.0,0.0,strict_pass,1.0,none,none,,,1.0,1.0,1.0,1.0,1.0,1.0,0.0,0.0,0.0,0.0,0.0,3885.0,3885.0,1.0,inverse_phase_volume,geometric_mean,3885.0,3885.0,3885.0,0.0,420.0,0.0,0.0,4.143700297538388e+41,1.0162544541388205e+53,245252885384.2393,5.277314006576044e-09,1294.2764871914385,0.0007726324397424431,189490335.18829903,245252885384.2399,0.0
11.899474511418335,1.4151657540494935,73698.83032546505,0.44687637195056895,19.897105806831437,-1000000.0,solver_failed_full,687.0,19.897105806831437,0.04567096023345485,0.8999379685213367,1.6942498671571053,1.0,0.0,86.0,active_set_max_passes,2.0,9.086759483513305,10.810346323318136,32.0,32.0,6126.0,54.38580905866765,0.06397607308584446,nonsingular_isothermal,1.0,0.01,2.0,0.3,1.0,0.0,strict_pass,1.0,none,none,,,0.9981981981981982,1.0,0.9981981981981982,0.9864864864864865,0.9947089947089947,0.9952380952380953,0.013513513513513487,0.005291005291005346,0.004761904761904745,0.0,0.0,3878.0,3885.0,1.0,inverse_phase_volume,geometric_mean,3878.0,3878.0,3878.0,0.0,420.0,0.0,0.0,8.075740086263729e+42,9.122979109442488e+51,1129677158.0056221,3.513592359672088e-07,396.92250312646024,0.0025193834870113124,2846089.9775332124,1129677158.0056138,0.0
18.623766710244528,178.60777871666605,64077.342250363545,2.4494475408222733,15.136997157697268,-1000000.0,solver_failed_full,688.0,15.136997157697268,0.0921773143738065,0.6267174614969945,1.5441554394720018,1.0,0.0,106.0,active_set_max_passes,2.0,9.418934763340648,5.718062394356613,32.0,32.0,1358.0,46.053252690767366,0.07549325441497898,nonsingular_isothermal,1.0,0.01,2.0,0.3,1.0,0.0,strict_pass,1.0,none,none,,,0.9963963963963964,1.0,0.9963963963963964,0.972972972972973,0.9873015873015873,0.9880952380952381,0.027027027027026973,0.012698412698412653,0.011904761904761862,0.0,0.0,3871.0,3885.0,1.0,inverse_phase_volume,geometric_mean,3871.0,3871.0,3871.0,0.0,420.0,0.0,0.0,6.620491500652813e+40,2.678548550578047e+52,404584546376.0401,3.5715958976248525e-08,14450.125060790604,6.920355331134327e-05,27998688.22407961,404584546376.0355,0.0
14.32703387532979,6.190220525117703,113721.5286321687,2.409143568939991,18.864067856469614,-1000000.0,solver_failed_full,689.0,18.864067856469614,0.1880636489545573,0.9411978563273886,1.8010936217874176,1.0,0.0,80.0,reduced_spear_inconsistent,2.0,10.132632033462599,8.731435823007013,32.0,32.0,6291.0,69.32465542643727,0.07490652122777305,nonsingular_isothermal,1.0,0.01,2.0,0.3,1.0,0.0,strict_pass,1.0,none,none,,,1.0,1.0,1.0,1.0,1.0,1.0,0.0,0.0,0.0,0.0,0.0,3885.0,3885.0,1.0,inverse_phase_volume,geometric_mean,3885.0,3885.0,3885.0,0.0,420.0,0.0,0.0,1.7759547622125897e+44,2.287289653732805e+52,128792112.41187045,3.899121864578636e-06,502.1761414903907,0.0019913331546021593,256468.0034970044,128792112.41186969,0.0
10.058138705539,10.491822547507597,0.0,0.6445684372214948,19.568552058778117,-1000000.0,solver_failed_full,690.0,19.568552058778117,0.08404259396158054,0.7900539691132652,1.6068814747938436,1.0,0.0,93.0,active_set_max_passes,2.0,7.6632640830075225,11.905287975770591,32.0,32.0,5817.0,44.207680990701284,0.07322654753573005,nonsingular_isothermal,1.0,0.01,2.0,0.3,1.0,0.0,strict_pass,1.0,none,none,,,0.9994851994851995,1.0,0.9994851994851995,0.9961389961389961,0.9978835978835979,0.9976190476190476,0.0038610038610038533,0.002116402116402072,0.0023809523809523725,0.0,0.0,3883.0,3885.0,1.0,inverse_phase_volume,geometric_mean,3883.0,3883.0,3883.0,0.0,420.0,0.0,0.0,3.772079686651409e+40,5.107146971441504e+51,135393400874.18129,7.219649204668237e-09,977.4928589386093,0.0010230253764573068,138510884.89914417,135393400874.18109,0.0
24.004282001422947,7.975610349481488,0.0,1.579125003313161,19.20352516512514,-1000000.0,solver_failed_full,691.0,19.20352516512514,0.26631738779257574,0.8445180453359923,1.61126277010953,1.0,0.0,91.0,active_set_max_passes,2.0,10.57436987851985,8.629155286605286,32.0,32.0,6587.0,61.62366520623013,0.06635701538760011,nonsingular_isothermal,1.0,0.01,2.0,0.3,1.0,0.0,strict_pass,1.0,none,none,,,0.9997425997425997,1.0,0.9997425997425997,0.9980694980694981,0.9989417989417989,0.9976190476190476,0.0019305019305019266,0.0010582010582010914,0.0023809523809523725,0.0,0.0,3884.0,3885.0,1.0,inverse_phase_volume,geometric_mean,3884.0,3884.0,3884.0,0.0,420.0,0.0,0.0,1.7553681688886676e+43,1.3968425270467081e+53,7957547321.43204,8.231465585702476e-08,655.0227692296658,0.0015266644870620938,12148504.899746351,7957547321.432018,0.0
15.319645764110213,21.36165526895911,163037.89559903057,2.7306797276943553,13.49975728234957,-1000000.0,solver_failed_full,692.0,13.49975728234957,0.15762277306503236,0.7490779092268439,1.575872777944177,1.0,0.0,95.0,active_set_max_passes,2.0,7.987945054766828,5.511812227582741,32.0,32.0,6091.0,50.3985939512545,0.07789082858138206,nonsingular_isothermal,1.0,0.01,2.0,0.3,1.0,0.0,strict_pass,1.0,none,none,,,1.0,1.0,1.0,1.0,1.0,1.0,0.0,0.0,0.0,0.0,0.0,3885.0,3885.0,1.0,inverse_phase_volume,geometric_mean,3885.0,3885.0,3885.0,0.0,420.0,0.0,0.0,4.520175946874048e+42,3.3176078683055415e+52,7339554714.899652,1.415734019785594e-07,1039.0857299961312,0.0009623844993076012,7063473.689439526,7339554714.899735,0.0
4.965382363971102,385.5360154630774,0.0,3.149113950988676,139.64376942419744,-1000000.0,solver_failed_full,693.0,139.64376942419744,0.5152719907373751,0.8294221925712075,1.721516647882935,1.0,0.0,82.0,active_set_max_passes,2.0,46.23118510676961,93.4125843174278,32.0,32.0,690.0,18.92326366989247,0.1712927414408716,nonsingular_isothermal,1.0,0.01,2.0,0.3,1.0,0.0,strict_pass,1.0,none,none,,,1.0,1.0,1.0,1.0,1.0,1.0,0.0,0.0,0.0,0.0,0.0,3885.0,3885.0,1.0,inverse_phase_volume,geometric_mean,3885.0,3885.0,3885.0,0.0,420.0,0.0,0.0,2.1791955109800914e+33,6.431197668149362e+49,2.9511797522274336e+16,2.102332152347082e-11,620436.008046344,1.6117697667948765e-06,47566223010.173805,2.9511797522274388e+16,0.0
9.4195454618021,11.424536413792705,225.02036474117403,0.7938334840692542,22.770919764055204,-1000000.0,solver_failed_full,694.0,22.770919764055204,0.005156857638315415,0.7900859712057893,1.609010601622957,1.0,0.0,93.0,active_set_max_passes,2.0,7.699213908636626,15.071705855418575,32.0,32.0,5221.0,47.538342027961455,0.06649697745148427,nonsingular_isothermal,1.0,0.01,2.0,0.3,1.0,0.0,strict_pass,1.0,none,none,,,1.0,1.0,1.0,1.0,1.0,1.0,0.0,0.0,0.0,0.0,0.0,3885.0,3885.0,1.0,inverse_phase_volume,geometric_mean,3885.0,3885.0,3885.0,0.0,420.0,0.0,0.0,5.906159206414765e+39,4.378509931354466e+51,741346411149.7203,1.4610129305689887e-09,1083.1166927206584,0.0009232615531832685,684456639.0049347,741346411149.7224,0.0
23.410512381037304,367.84960028184577,564672.3374561792,3.068473342951139,10.174166452003929,-1000000.0,solver_failed_full,695.0,10.174166452003929,0.012173124764654375,0.57720602864861,1.3198999752948244,1.0,0.0,113.0,reduced_spear_inconsistent,2.0,6.33491698503944,3.839249466964492,32.0,32.0,5286.0,42.47301493979577,0.06753654045807912,nonsingular_isothermal,1.0,0.01,2.0,0.3,1.0,0.0,strict_pass,1.0,none,none,,,0.9927927927927928,1.0,0.9927927927927928,0.9594594594594594,0.9703703703703703,0.9714285714285714,0.04054054054054057,0.029629629629629672,0.02857142857142858,0.0,0.0,3857.0,3885.0,1.0,inverse_phase_volume,geometric_mean,3857.0,3857.0,3857.0,0.0,420.0,0.0,0.0,4.472008348096811e+39,2.680249793643565e+52,5993391749333.878,7.163723778000721e-10,4293.500298557608,0.00023291019691694157,1395922052.5377147,5993391749333.828,0.0
10.321791226809632,12.563305727579433,1310206.000711195,0.25427917974042363,20.815790339559214,-1000000.0,solver_failed_full,696.0,20.815790339559214,0.38969725049350856,0.9745400314805298,1.378207729595134,1.0,0.0,71.0,reduced_spear_inconsistent,2.0,6.197861701006433,14.617928638552776,32.0,32.0,6558.0,77.53434257752383,0.059813055193024545,nonsingular_isothermal,1.0,0.01,2.0,0.3,1.0,0.0,strict_pass,1.0,none,none,,,0.9943371943371944,1.0,0.9943371943371944,0.9575289575289575,0.9767195767195768,0.9809523809523809,0.0424710424710425,0.023280423280423235,0.01904761904761909,0.0,0.0,3863.0,3885.0,1.0,inverse_phase_volume,geometric_mean,3863.0,3863.0,3863.0,0.0,420.0,0.0,0.0,4.824878945250845e+42,8.353282992702557e+51,1731293797.7282805,9.434817885412197e-08,163.3444168771003,0.006122033547999355,10599038.71113577,1731293797.7282848,0.0
17.22713491308186,4.8452894654360295,163042.10425749014,3.334594172810406,18.244523372870482,-1000000.0,solver_failed_full,697.0,18.244523372870482,0.38858892662846145,0.8955496271625455,1.8080280158505784,1.0,0.0,81.0,active_set_max_passes,2.0,10.984681922394055,7.259841450476428,32.0,32.0,6635.0,89.14475483177637,0.06405015420075902,nonsingular_isothermal,1.0,0.01,2.0,0.3,1.0,0.0,strict_pass,1.0,none,none,,,1.0,1.0,1.0,1.0,1.0,1.0,0.0,0.0,0.0,0.0,0.0,3885.0,3885.0,1.0,inverse_phase_volume,geometric_mean,3885.0,3885.0,3885.0,0.0,420.0,0.0,0.0,2.945137035033609e+42,5.579800865772468e+52,18945810668.225132,3.072479727790357e-08,582.1061920467629,0.0017178996094919844,32547000.748453185,18945810668.225224,0.0
5.59070345911366,6.2002850442550335,14347.384556803418,2.01851386823381,65.62434239398642,-1000000.0,solver_failed_full,698.0,65.62434239398642,0.41483930060660157,0.9247706052821508,1.734671047444495,1.0,0.0,83.0,active_set_max_passes,2.0,12.612877168303864,53.01146522568257,32.0,32.0,3257.0,36.431264940291435,0.0879657317260757,nonsingular_isothermal,1.0,0.01,2.0,0.3,1.0,0.0,strict_pass,1.0,none,none,,,0.9979407979407979,1.0,0.9979407979407979,0.9845559845559846,0.9915343915343915,0.9976190476190476,0.015444015444015413,0.00846560846560851,0.0023809523809523725,0.0,0.0,3877.0,3885.0,1.0,inverse_phase_volume,geometric_mean,3877.0,3877.0,3877.0,0.0,420.0,0.0,0.0,2.374711680699679e+41,4.508361219948854e+50,1898487827.634099,2.352557493444712e-07,446.6301765114222,0.002238988882952081,4250693.140492641,1898487827.63412,0.0
23.80573373713907,345.9929473242174,26133.180390178342,1.121807097441806,17.19653694304964,-1000000.0,solver_failed_full,699.0,17.19653694304964,0.12207140529611138,0.7559116434450194,1.7359658629636272,1.0,0.0,96.0,active_set_max_passes,2.0,12.380745266738614,4.81579167631101,32.0,32.0,1653.0,46.62219286276577,0.06632219129862743,nonsingular_isothermal,1.0,0.01,2.0,0.3,1.0,0.0,strict_pass,1.0,none,none,,,0.9969111969111969,1.0,0.9969111969111969,0.9768339768339769,0.9894179894179894,0.9904761904761905,0.02316602316602312,0.010582010582010581,0.00952380952380949,0.0,0.0,3873.0,3885.0,1.0,inverse_phase_volume,geometric_mean,3873.0,3873.0,3873.0,0.0,420.0,0.0,0.0,3.030315933112629e+39,4.1145712078681573e+52,13578027171714.143,6.264545444993371e-09,85060.16827055787,1.1756383984795536e-05,159628501.18665844,13578027171714.115,0.0
2.8915460149493115,19.966052045995323,1087040.5355226586,4.531372508724928,104.51912022622658,-1000000.0,solver_failed_full,700.0,104.51912022622658,1.9918682180392295,1.5008500334628607,7.197823902246216,0.0,0.0,22.0,reduced_spear_inconsistent,2.0,57.63465624488838,46.88446398133819,32.0,32.0,6319.0,194.82763326818096,0.03254991211564938,nonsingular_isothermal,1.0,0.01,2.0,0.3,1.0,0.0,severe_coverage_warn,0.0,multiple,multiple,1;2;3;4,Lfrac coverage gap 0.17 exceeds 0.1 | third_integral coverage gap 0.164 exceeds 0.1 | 8 planned shell-band/Lfrac/third-integral cells have no successful orbit,0.9585585585585585,1.0,0.9585585585585585,0.915057915057915,0.8296296296296296,0.8357142857142857,0.084942084942085,0.1703703703703704,0.16428571428571426,8.0,0.0,3724.0,3885.0,1.0,inverse_phase_volume,geometric_mean,3724.0,3724.0,3724.0,0.0,420.0,0.0,0.0,4.165241337670692e+43,3.2794790990817777e+51,78734431.77042282,8.795090029214006e-06,692.4764158198803,0.0014440925021482745,113699.80258057317,78734431.7704233,0.0
20.142945232901386,2.9748409878026174,23231.038946641955,0.36542877004415464,21.74615025062913,-1000000.0,solver_failed_full,701.0,21.74615025062913,0.390143783627817,0.940764190025413,1.8279175074262752,1.0,0.0,77.0,active_set_max_passes,2.0,12.231072028909113,9.515078221720017,32.0,32.0,6953.0,70.65746492894147,0.06856658593021796,nonsingular_isothermal,1.0,0.01,2.0,0.3,1.0,0.0,strict_pass,1.0,none,none,,,1.0,1.0,1.0,1.0,1.0,1.0,0.0,0.0,0.0,0.0,0.0,3885.0,3885.0,1.0,inverse_phase_volume,geometric_mean,3885.0,3885.0,3885.0,0.0,420.0,0.0,0.0,7.358409733058846e+43,6.768606870143413e+52,919846422.7582152,4.6975595372699676e-07,432.1033336051497,0.0023142612477824267,2128764.9301006193,919846422.7582111,0.0
2.478352663334707,388.94162058016354,3095.2932711267486,1.2247284983718405,205.61729568652615,-1000000.0,solver_failed_full,702.0,205.61729568652615,1.3894527589558834,1.3378112027452898,3.117069459089901,0.0,0.0,34.0,active_set_max_passes,2.0,38.67352868025491,166.94376700627123,32.0,32.0,3182.0,48.366170088280285,0.07366222225245571,nonsingular_isothermal,1.0,0.01,2.0,0.3,1.0,0.0,strict_pass,1.0,none,none,,,0.9966537966537966,1.0,0.9966537966537966,0.9787644787644788,0.9883597883597883,0.9880952380952381,0.021235521235521193,0.011640211640211673,0.011904761904761862,0.0,0.0,3872.0,3885.0,1.0,inverse_phase_volume,geometric_mean,3872.0,3872.0,3872.0,0.0,420.0,0.0,0.0,6.172882006205669e+38,3.689062909190227e+48,5976240766.438707,1.5250212234671402e-06,9113.894005368593,0.00010972258393733173,655728.5791252775,5976240766.438731,0.0
10.374640713645075,154.36570222089546,3118.0038170232256,3.166039833445587,45.73363916652646,-1000000.0,solver_failed_full,703.0,45.73363916652646,0.7362287989780611,1.2585913425419273,3.069464693393828,0.0,0.0,39.0,active_set_max_passes,2.0,26.519611091139517,19.21402807538693,32.0,32.0,3267.0,184.38775453181614,0.02133585093726108,nonsingular_isothermal,1.0,0.01,2.0,0.3,1.0,0.0,strict_pass,1.0,none,none,,,0.9992277992277993,1.0,0.9992277992277993,0.9942084942084942,0.9968253968253968,0.9976190476190476,0.00579150579150578,0.0031746031746031633,0.0023809523809523725,0.0,0.0,3882.0,3885.0,1.0,inverse_phase_volume,geometric_mean,3882.0,3882.0,3882.0,0.0,420.0,0.0,0.0,7.884821066324627e+39,4.531262150041551e+51,574681671521.269,8.558618318645504e-08,49184.81081271754,2.0331480054029886e-05,11684128.94195124,574681671521.2692,0.0
17.003857975086888,46.398175207161856,13866.707334269002,0.48279525835313475,16.079782957236638,-1000000.0,solver_failed_full,704.0,16.079782957236638,0.2687978427108959,0.816558147235712,1.6343685660219875,1.0,0.0,97.0,active_set_max_passes,2.0,9.228437109982112,6.8513458472545175,32.0,32.0,5857.0,58.74331829920814,0.0750259223896075,nonsingular_isothermal,1.0,0.01,2.0,0.3,1.0,0.0,strict_pass,1.0,none,none,,,1.0,1.0,1.0,1.0,1.0,1.0,0.0,0.0,0.0,0.0,0.0,3885.0,3885.0,1.0,inverse_phase_volume,geometric_mean,3885.0,3885.0,3885.0,0.0,420.0,0.0,0.0,5.569606929508581e+40,3.9326431293170686e+52,706089887327.8396,6.11622041863882e-09,4318.60138626891,0.00023155644861772205,163499666.7145218,706089887327.8385,0.0
7.071969184574711,26.77013670059298,11994.741703958438,2.6055962423183057,44.98781458413344,-1000000.0,solver_failed_full,705.0,44.98781458413344,0.14976760420570656,0.8759186760711236,1.682727139599903,1.0,0.0,89.0,active_set_max_passes,2.0,10.731606714794081,34.25620786933937,32.0,32.0,2700.0,54.992324760260416,0.057720936231582684,nonsingular_isothermal,1.0,0.01,2.0,0.3,1.0,0.0,strict_pass,1.0,none,none,,,0.9997425997425997,1.0,0.9997425997425997,0.9980694980694981,0.9989417989417989,0.9976190476190476,0.0019305019305019266,0.0010582010582010914,0.0023809523809523725,0.0,0.0,3884.0,3885.0,1.0,inverse_phase_volume,geometric_mean,3884.0,3884.0,3884.0,0.0,420.0,0.0,0.0,1.63635930566581e+38,1.0935363600438458e+51,6682739886390.063,1.9030312483389825e-10,1271.7462828321718,0.0007863203639746488,5254774459.81419,6682739886390.13,0.0
0.4524530479245864,1.5861322939674611,110591.27404465442,4.8974940837178735,658.2908870639844,-1000000.0,solver_failed_full,706.0,658.2908870639844,11.051444216885898,2.2693207927097485,10.883280194186542,0.0,0.0,13.0,reduced_spear_inconsistent,2.0,434.19119277177424,224.09969429221013,32.0,32.0,5728.0,279.26414447211965,0.018248381425004474,nonsingular_isothermal,1.0,0.01,2.0,0.3,1.0,0.0,severe_coverage_warn,0.0,multiple,multiple,1;2;3;4;5;6;7;8,total orbit coverage 0.843 is below 0.85 | shell_band minimum coverage 0.73 is below 0.8 | shell_band coverage gap 0.187 exceeds 0.1 | Lfrac minimum coverage 0.508 is below 0.8 | Lfrac coverage gap 0.492 exceeds 0.1 | third_integral minimum coverage 0.655 is below 0.8 | third_integral coverage gap 0.345 exceeds 0.1 | 31 planned shell-band/Lfrac/third-integral cells have no successful orbit,0.8432432432432433,1.0,0.8432432432432433,0.7297297297297297,0.5079365079365079,0.6547619047619048,0.18711018711018712,0.4920634920634921,0.34523809523809523,31.0,0.0,3276.0,3885.0,1.0,inverse_phase_volume,geometric_mean,3276.0,3276.0,3276.0,0.0,420.0,0.0,0.0,8.059315558333472e+42,3.394565375569823e+49,4211977.246702773,0.0002825656099493543,1190.159919807375,0.0008402232198861545,3539.0010843118353,4211977.246702787,0.0
10.67380411279551,39.37872153306046,0.0,1.8032589261297887,22.82731095850635,-1000000.0,solver_failed_full,707.0,22.82731095850635,0.1671596960640045,0.91388091028102,1.8468357188499898,1.0,0.0,84.0,active_set_max_passes,2.0,9.883840702587769,12.943470255918573,32.0,32.0,4462.0,54.669547194754564,0.06762665670745248,nonsingular_isothermal,1.0,0.01,2.0,0.3,1.0,0.0,strict_pass,1.0,none,none,,,1.0,1.0,1.0,1.0,1.0,1.0,0.0,0.0,0.0,0.0,0.0,3885.0,3885.0,1.0,inverse_phase_volume,geometric_mean,3885.0,3885.0,3885.0,0.0,420.0,0.0,0.0,1.5976123291714113e+35,6.71830111465834e+51,4.2052136128310504e+16,2.2847125196993063e-13,9607.70418924509,0.0001040831378967105,4376918283494.2017,4.205213612831067e+16,0.0
2.5591220564585986,2.776835082395364,2042.645418915531,3.087757496204606,198.78021431023973,-1000000.0,solver_failed_full,708.0,198.78021431023973,0.3015617012582652,0.8795837217051015,1.7180076265075779,1.0,0.0,86.0,reduced_spear_inconsistent,2.0,42.15141976068414,156.62879454955558,32.0,32.0,3748.0,41.13556980679256,0.06056794787350672,nonsingular_isothermal,1.0,0.01,2.0,0.3,1.0,0.0,strict_pass,1.0,none,none,,,0.9984555984555985,1.0,0.9984555984555985,0.9884169884169884,0.9936507936507937,0.9976190476190476,0.01158301158301156,0.006349206349206327,0.0023809523809523725,0.0,0.0,3879.0,3885.0,1.0,inverse_phase_volume,geometric_mean,3879.0,3879.0,3879.0,0.0,420.0,0.0,0.0,1.8303053384543395e+42,1.9177293368194284e+49,10477647.070837464,3.828636564359862e-05,401.151026838661,0.002492826723841817,26118.958621166417,10477647.070837405,0.0
16.480240368167966,5.414024924128662,0.0,2.7545465438932095,17.727205318864105,-1000000.0,solver_failed_full,709.0,17.727205318864105,0.3413500013268589,0.8878846824704545,1.6937513899002838,1.0,0.0,84.0,active_set_max_passes,2.0,9.952366597212992,7.774838721651119,32.0,32.0,6872.0,60.4564960422626,0.0757305625210858,nonsingular_isothermal,1.0,0.01,2.0,0.3,1.0,0.0,strict_pass,1.0,none,none,,,0.9981981981981982,1.0,0.9981981981981982,0.9864864864864865,0.9925925925925926,0.9976190476190476,0.013513513513513487,0.007407407407407418,0.0023809523809523725,0.0,0.0,3878.0,3885.0,1.0,inverse_phase_volume,geometric_mean,3878.0,3878.0,3878.0,0.0,420.0,0.0,0.0,2.432436108830289e+42,3.3803978564665866e+52,13897170183.401667,4.177610231757409e-08,580.5696035065301,0.0017224463595065776,23937130.18984365,13897170183.40172,0.0
20.423669706923736,344.84112183330984,38791.613174665166,0.2923283637617738,18.90403467849738,-1000000.0,solver_failed_full,710.0,18.90403467849738,0.15171518280435947,0.750244201447271,1.7694545486189124,1.0,0.0,93.0,active_set_max_passes,2.0,12.323704676710102,6.580330001787267,32.0,32.0,1261.0,42.182114911232674,0.06145817933805513,nonsingular_isothermal,1.0,0.01,2.0,0.3,1.0,0.0,strict_pass,1.0,none,none,,,0.9953667953667954,1.0,0.9953667953667954,0.9652509652509652,0.9830687830687831,0.9833333333333333,0.03474903474903479,0.016931216931216908,0.01666666666666672,0.0,0.0,3867.0,3885.0,1.0,inverse_phase_volume,geometric_mean,3867.0,3867.0,3867.0,0.0,420.0,0.0,0.0,7.038229450062261e+38,1.83175641662111e+52,26025812736254.37,1.6962059695145342e-09,44145.138924702485,2.265255075322519e-05,589551043.9019425,26025812736254.625,0.0
8.379563698419867,50.42702773947269,6987.406588864899,0.5686250593528133,39.00403765537093,-1000000.0,solver_failed_full,711.0,39.00403765537093,0.1381663618537914,0.9480056057706685,1.8736697765920234,1.0,0.0,84.0,active_set_max_passes,2.0,13.277456950895985,25.72658070447495,32.0,32.0,1342.0,44.149889078971704,0.057997895687171105,nonsingular_isothermal,1.0,0.01,2.0,0.3,1.0,0.0,strict_pass,1.0,none,none,,,1.0,1.0,1.0,1.0,1.0,1.0,0.0,0.0,0.0,0.0,0.0,3885.0,3885.0,1.0,inverse_phase_volume,geometric_mean,3885.0,3885.0,3885.0,0.0,420.0,0.0,0.0,5.647495142632939e+39,2.778921133713021e+51,492062598289.80566,9.868982593406846e-09,4856.15721738862,0.00020592414026861887,101327567.51117063,492062598289.80383,0.0
13.146624300992338,499.1980328014348,124946.71353701854,3.7395130038764974,33.3170137479321,-1000000.0,solver_failed_full,712.0,33.3170137479321,0.13188707845210246,0.7199965017226952,1.58222940323651,1.0,0.0,95.0,active_set_max_passes,2.0,10.130474088013003,23.186539659919102,32.0,32.0,2185.0,35.855377477697175,0.0664975267120056,nonsingular_isothermal,1.0,0.01,2.0,0.3,1.0,0.0,strict_pass,1.0,none,none,,,0.9961389961389961,1.0,0.9961389961389961,0.972972972972973,0.9841269841269841,0.9880952380952381,0.027027027027026973,0.015873015873015928,0.011904761904761862,0.0,0.0,3870.0,3885.0,1.0,inverse_phase_volume,geometric_mean,3870.0,3870.0,3870.0,0.0,420.0,0.0,0.0,3.650529684081852e+41,1.1605573894602026e+51,3179147931.6571984,1.3080635519046014e-06,4158.52753551373,0.0002404697315239644,764488.849600582,3179147931.657235,0.0
13.03423436511163,25.318073044950452,30645.357032273045,1.3326152742956012,16.143225724524825,-1000000.0,solver_failed_full,713.0,16.143225724524825,0.15302654950451355,0.8416686933218522,1.6341543770424525,1.0,0.0,93.0,active_set_max_passes,2.0,8.118253464799633,8.024972259725184,32.0,32.0,4568.0,52.79420192682577,0.06595290554566562,nonsingular_isothermal,1.0,0.01,2.0,0.3,1.0,0.0,strict_pass,1.0,none,none,,,0.9987129987129987,1.0,0.9987129987129987,0.9903474903474904,0.9947089947089947,0.9976190476190476,0.009652509652509633,0.005291005291005346,0.0023809523809523725,0.0,0.0,3880.0,3885.0,1.0,inverse_phase_volume,geometric_mean,3880.0,3880.0,3880.0,0.0,420.0,0.0,0.0,1.2108414969739377e+40,1.2771671708602413e+52,1054776512080.2853,1.2391937741829413e-09,1307.072486924294,0.0007650685099746271,806976294.4535023,1054776512080.2906,0.0
11.789922309782582,1.7428452541275112,0.0,1.709819054851725,17.75670625205074,-1000000.0,solver_failed_full,714.0,17.75670625205074,0.2779853566593147,0.8483020367779652,1.660455051018912,1.0,0.0,87.0,active_set_max_passes,2.0,7.878146214192595,9.878560037858147,32.0,32.0,5596.0,51.434797139744354,0.0749740795098797,nonsingular_isothermal,1.0,0.01,2.0,0.3,1.0,0.0,strict_pass,1.0,none,none,,,1.0,1.0,1.0,1.0,1.0,1.0,0.0,0.0,0.0,0.0,0.0,3885.0,3885.0,1.0,inverse_phase_volume,geometric_mean,3885.0,3885.0,3885.0,0.0,420.0,0.0,0.0,2.1570013328753985e+39,9.081343829984473e+51,4210170708554.2476,1.1464504080792278e-10,482.6751926905221,0.0020717866075233996,8722575289.369978,4210170708554.2407,0.0
10.863496380614137,34.110276139324554,35941.061833118736,4.72795574600237,23.087470559692616,-1000000.0,solver_failed_full,715.0,23.087470559692616,0.2965593339903485,0.953647187363309,1.8405006481752337,1.0,0.0,81.0,active_set_max_passes,2.0,9.905933658193772,13.18153690149884,32.0,32.0,5787.0,56.714567438127645,0.0717943928494372,nonsingular_isothermal,1.0,0.01,2.0,0.3,1.0,0.0,strict_pass,1.0,none,none,,,0.9994851994851995,1.0,0.9994851994851995,0.9961389961389961,0.9978835978835979,0.9976190476190476,0.0038610038610038533,0.002116402116402072,0.0023809523809523725,0.0,0.0,3883.0,3885.0,1.0,inverse_phase_volume,geometric_mean,3883.0,3883.0,3883.0,0.0,420.0,0.0,0.0,4.510814231497962e+41,6.76119653633791e+51,14988860523.508268,1.1428826430071348e-07,1713.0508530772581,0.0005837538320614585,8749804.768832745,14988860523.508396,0.0
23.48539738551835,1.467420389034861,5443.264094803107,0.5478730130117334,19.533590436320527,-1000000.0,solver_failed_full,716.0,19.533590436320527,0.4105654930937881,0.8714184874195523,1.6865913610209233,1.0,0.0,85.0,reduced_spear_inconsistent,2.0,10.902600393575048,8.630990042745477,32.0,32.0,6352.0,52.935824883378814,0.07764037209861674,nonsingular_isothermal,1.0,0.01,2.0,0.3,1.0,0.0,strict_pass,1.0,none,none,,,0.9979407979407979,1.0,0.9979407979407979,0.9845559845559846,0.9915343915343915,0.9976190476190476,0.015444015444015413,0.00846560846560851,0.0023809523809523725,0.0,0.0,3877.0,3885.0,1.0,inverse_phase_volume,geometric_mean,3877.0,3877.0,3877.0,0.0,420.0,0.0,0.0,1.6963362254471758e+44,1.2504486740448875e+53,737146713.774419,5.59004353431049e-07,412.06822211729275,0.002426782620755832,1788894.8339350384,737146713.774421,0.0
22.262944097289374,32.13706161195211,45024.2057310699,0.976259536342925,18.361095197396924,-1000000.0,solver_failed_full,717.0,18.361095197396924,0.2684018810684847,0.8310441257115183,1.657125194019266,1.0,0.0,93.0,active_set_max_passes,2.0,10.292323272553213,8.068771924843709,32.0,32.0,6543.0,82.3641362978996,0.04460006669368446,nonsingular_isothermal,1.0,0.01,2.0,0.3,1.0,0.0,strict_pass,1.0,none,none,,,1.0,1.0,1.0,1.0,1.0,1.0,0.0,0.0,0.0,0.0,0.0,3885.0,3885.0,1.0,inverse_phase_volume,geometric_mean,3885.0,3885.0,3885.0,0.0,420.0,0.0,0.0,2.0026201472794807e+43,1.164666313709677e+53,5815712556.831373,3.71026467288932e-07,2157.7832847290265,0.0004634385700719614,2695225.511287482,5815712556.831372,0.0
7.993476281375777,1.8632980967621051,162179.27316242046,1.4348018144022747,36.941031334809686,-1000000.0,solver_failed_full,718.0,36.941031334809686,0.4167104770742114,1.015741649304402,1.7224206708213634,1.0,0.0,68.0,active_set_max_passes,2.0,7.878130480246118,29.06290085456358,32.0,32.0,6116.0,72.8498316016519,0.04313447846999042,nonsingular_isothermal,1.0,0.01,2.0,0.3,1.0,0.0,strict_pass,1.0,none,none,,,1.0,1.0,1.0,1.0,1.0,1.0,0.0,0.0,0.0,0.0,0.0,3885.0,3885.0,1.0,inverse_phase_volume,geometric_mean,3885.0,3885.0,3885.0,0.0,420.0,0.0,0.0,9.134349134066706e+39,3.091489429786038e+51,338446602424.7176,1.276972821847516e-09,432.18711294299555,0.002313812628957073,783102022.9179243,338446602424.7172,0.0
16.949769784932922,169.29716986763313,0.0,0.9606892792565569,13.520119828390369,-1000000.0,solver_failed_full,719.0,13.520119828390369,0.15294270448542058,0.6392864621742772,1.5519650191206864,1.0,0.0,104.0,active_set_max_passes,2.0,8.780690347598563,4.739429480791806,32.0,32.0,2513.0,46.4327846758959,0.0737957540251556,nonsingular_isothermal,1.0,0.01,2.0,0.3,1.0,0.0,strict_pass,1.0,none,none,,,1.0,1.0,1.0,1.0,1.0,1.0,0.0,0.0,0.0,0.0,0.0,3885.0,3885.0,1.0,inverse_phase_volume,geometric_mean,3885.0,3885.0,3885.0,0.0,420.0,0.0,0.0,3.2143778211327295e+34,2.527622647984469e+52,7.863489572902007e+17,2.0456347393380163e-12,1608582.7442750505,6.216652538136457e-07,488845824119.9052,7.863489572901957e+17,0.0
22.664862517848572,5.229561296978506,7322.274587000975,4.818851663382439,21.452042219293123,-1000000.0,solver_failed_full,720.0,21.452042219293123,0.39614519182402574,0.9080452870948365,1.6977218830697065,1.0,0.0,84.0,reduced_spear_inconsistent,2.0,11.511157862949968,9.940884356343162,32.0,32.0,6845.0,64.52168838374033,0.07525771261430181,nonsingular_isothermal,1.0,0.01,2.0,0.3,1.0,0.0,strict_pass,1.0,none,none,,,0.9987129987129987,1.0,0.9987129987129987,0.9903474903474904,0.9947089947089947,0.9976190476190476,0.009652509652509633,0.005291005291005346,0.0023809523809523725,0.0,0.0,3880.0,3885.0,1.0,inverse_phase_volume,geometric_mean,3880.0,3880.0,3880.0,0.0,420.0,0.0,0.0,1.413330511071428e+43,1.1338700249651503e+53,8022681291.33912,6.471352424005688e-08,519.1759802173266,0.001926129170269782,15452720.45902597,8022681291.339145,0.0
8.058122543411885,1.4039217087830067,2398.680247506954,2.9591883661127554,33.919028319712275,-1000000.0,solver_failed_full,721.0,33.919028319712275,0.2925897996138218,0.9566624172428156,1.857307056421483,1.0,0.0,76.0,active_set_max_passes,2.0,9.256586629184405,24.662441690527878,32.0,32.0,6256.0,68.1457434428431,0.04659641316830623,nonsingular_isothermal,1.0,0.01,2.0,0.3,1.0,0.0,strict_pass,1.0,none,none,,,1.0,1.0,1.0,1.0,1.0,1.0,0.0,0.0,0.0,0.0,0.0,3885.0,3885.0,1.0,inverse_phase_volume,geometric_mean,3885.0,3885.0,3885.0,0.0,420.0,0.0,0.0,2.427900760327237e+42,2.2211499924110784e+51,914843814.3376616,5.955135104158048e-07,544.8018513584061,0.001835529738943811,1679223.0277055695,914843814.3376623,0.0
6.121761792138411,26.991441355401832,252569.94698412388,0.8675976026191126,44.178364507301055,-1000000.0,solver_failed_full,722.0,44.178364507301055,0.24250779932241073,0.8775836593363808,1.285278268482231,1.0,0.0,84.0,active_set_max_passes,2.0,5.550493166190421,38.627871341110634,32.0,32.0,6002.0,69.49347806073786,0.051249437785844724,nonsingular_isothermal,1.0,0.01,2.0,0.3,1.0,0.0,strict_pass,1.0,none,none,,,0.9969111969111969,1.0,0.9969111969111969,0.9768339768339769,0.9873015873015873,0.9880952380952381,0.02316602316602312,0.012698412698412653,0.011904761904761862,0.0,0.0,3873.0,3885.0,1.0,inverse_phase_volume,geometric_mean,3873.0,3873.0,3873.0,0.0,420.0,0.0,0.0,8.256201464698762e+39,1.0158544648318077e+51,123041385215.14052,3.416593538462865e-09,420.3824016895675,0.002378786542873535,292689191.3662937,123041385215.13998,0.0
1.988036513146993,266.8784078668886,46943.61260911267,0.32034320796137566,209.81192605357307,-1000000.0,solver_failed_full,723.0,209.81192605357307,1.2466492102334996,0.6369336108549127,1.0053924535195309,1.0,0.0,71.0,active_set_max_passes,2.0,53.543571236572355,156.26835481700073,32.0,32.0,1444.0,30.859120719654435,0.10731054847621925,nonsingular_isothermal,1.0,0.01,2.0,0.3,1.0,0.0,severe_coverage_warn,0.0,multiple,multiple,2;4,Lfrac coverage gap 0.139 exceeds 0.1 | third_integral coverage gap 0.121 exceeds 0.1 | 3 planned shell-band/Lfrac/third-integral cells have no successful orbit,0.9662805662805662,1.0,0.9662805662805662,0.9355509355509356,0.8613756613756614,0.8785714285714286,0.0644490644490644,0.13862433862433865,0.12142857142857144,3.0,0.0,3754.0,3885.0,1.0,inverse_phase_volume,geometric_mean,3754.0,3754.0,3754.0,0.0,420.0,0.0,0.0,1.025399570759758e+40,6.201791991116012e+48,604817104.2748599,9.436310924208e-07,570.7242248216671,0.0017521597235730928,1059736.17023851,604817104.274856,0.0
1.0018585293997266,306.8744577731271,0.0,0.3584330585247967,541.6480626948663,-1000000.0,solver_failed_full,724.0,541.6480626948663,3.559918341251432,0.7033509412190828,1.6754766742493485,1.0,0.0,97.0,reduced_spear_inconsistent,2.0,203.73135821240206,337.9167044824642,32.0,32.0,5077.0,51.921760180746816,0.060254484391459175,nonsingular_isothermal,1.0,0.01,2.0,0.3,1.0,0.0,strict_pass,1.0,none,none,,,1.0,1.0,1.0,1.0,1.0,1.0,0.0,0.0,0.0,0.0,0.0,3885.0,3885.0,1.0,inverse_phase_volume,geometric_mean,3885.0,3885.0,3885.0,0.0,420.0,0.0,0.0,2.736445916239181e+30,1.5351138891205645e+47,5.6098820737167704e+16,5.272438943876697e-12,295777.60716019984,3.3809185543190136e-06,189665543905.70602,5.609882073716755e+16,0.0
10.27864525063656,1.8997532236749384,947256.1301474815,4.60700254650957,19.379142629016705,-1000000.0,solver_failed_full,725.0,19.379142629016705,0.005264358204840391,0.8909933114875698,1.260054825089314,1.0,0.0,76.0,reduced_spear_inconsistent,2.0,6.145044064362796,13.234098564653907,32.0,32.0,6203.0,76.77825169518464,0.06730938662272189,nonsingular_isothermal,1.0,0.01,2.0,0.3,1.0,0.0,strict_pass,1.0,none,none,,,0.9984555984555985,1.0,0.9984555984555985,0.9884169884169884,0.9936507936507937,0.9880952380952381,0.01158301158301156,0.006349206349206327,0.011904761904761862,0.0,0.0,3879.0,3885.0,1.0,inverse_phase_volume,geometric_mean,3879.0,3879.0,3879.0,0.0,420.0,0.0,0.0,5.315043589842945e+41,5.995424175872363e+51,11280103492.151272,1.1148364224447695e-08,125.7547022199663,0.007951988930408585,89699258.10344982,11280103492.151232,0.0
16.172806263398822,454.42981758005953,12443.07938957504,4.193028634756344,34.84153967496498,-1000000.0,solver_failed_full,726.0,34.84153967496498,0.17385194170866214,1.046955697063811,2.3276765659204504,0.0,0.0,67.0,active_set_max_passes,2.0,19.27072828573149,15.57081138923347,32.0,32.0,897.0,41.560009652505286,0.060303124943379305,nonsingular_isothermal,1.0,0.01,2.0,0.3,1.0,0.0,strict_pass,1.0,none,none,,,0.998970398970399,1.0,0.998970398970399,0.9922779922779923,0.9957671957671957,0.9976190476190476,0.007722007722007707,0.004232804232804255,0.0023809523809523725,0.0,0.0,3881.0,3885.0,1.0,inverse_phase_volume,geometric_mean,3881.0,3881.0,3881.0,0.0,420.0,0.0,0.0,2.1959448990538592e+39,5.09326942870484e+51,2319397645587.2446,3.845275113197429e-08,89187.22044185242,1.1212368712084397e-05,26005941.592264343,2319397645587.2183,0.0
14.470683045961627,208.41100000014137,6074.548511249837,1.4157513133007817,20.591449797041182,-20.591449797041182,pass_full,727.0,20.591449797041182,0.0009887465936593287,0.6825830576136727,1.6247068853957054,1.0,1.0,102.0,none,0.0,12.107485560273291,8.48396423676788,32.0,32.0,709.0,40.46791080293401,0.05929532529303259,nonsingular_isothermal,1.0,0.01,2.0,0.3,1.0,0.0,strict_pass,1.0,none,none,,,0.9979407979407979,1.0,0.9979407979407979,0.9845559845559846,0.9936507936507937,0.9952380952380953,0.015444015444015413,0.006349206349206327,0.004761904761904745,0.0,0.0,3877.0,3885.0,1.0,inverse_phase_volume,geometric_mean,3877.0,3877.0,3877.0,0.0,420.0,0.0,0.0,4.188079990853675e+38,1.2578216098050816e+52,30033371199977.83,2.3958395600259925e-09,71955.1388418515,1.389754805696194e-05,417390219.56426454,30033371199977.54,0.0
3.7846662254956973,33.057034839528676,1122.534926355006,2.250948009628613,134.49288614825164,-1000000.0,solver_failed_full,728.0,134.49288614825164,0.11526484685558103,1.0495013123623946,2.0851460792045935,0.0,0.0,70.0,active_set_max_passes,2.0,25.30270662080564,109.19017952744599,32.0,32.0,889.0,33.373421693951975,0.06678928362298005,nonsingular_isothermal,1.0,0.01,2.0,0.3,1.0,0.0,strict_pass,1.0,none,none,,,1.0,1.0,1.0,1.0,1.0,1.0,0.0,0.0,0.0,0.0,0.0,3885.0,3885.0,1.0,inverse_phase_volume,geometric_mean,3885.0,3885.0,3885.0,0.0,420.0,0.0,0.0,4.215991875210833e+39,9.527827039255656e+49,22599253796.662476,9.743072472542327e-08,2201.86167566261,0.0004541611360300679,10263702.77772411,22599253796.662594,0.0
12.972854617018381,1.8784782068545496,42529.79075553949,4.350308210223896,20.853101019941814,-1000000.0,solver_failed_full,729.0,20.853101019941814,0.3614786549061968,0.972541819632132,1.8521133264826832,1.0,0.0,77.0,active_set_max_passes,2.0,10.580641156108836,10.272459863832982,32.0,32.0,6770.0,104.06146000372914,0.04402161056234834,nonsingular_isothermal,1.0,0.01,2.0,0.3,1.0,0.0,strict_pass,1.0,none,none,,,0.9994851994851995,1.0,0.9994851994851995,0.9961389961389961,0.9978835978835979,0.9976190476190476,0.0038610038610038533,0.002116402116402072,0.0023809523809523725,0.0,0.0,3883.0,3885.0,1.0,inverse_phase_volume,geometric_mean,3883.0,3883.0,3883.0,0.0,420.0,0.0,0.0,1.8126200528742866e+45,1.3533202120439566e+52,7466099.748251078,5.591286627464388e-05,417.451036817114,0.0023954905169827176,17884.971145782478,7466099.748251064,0.0
3.00878637677765,47.60090466184299,97963.2273712739,3.5002948522165336,133.00203896926016,-1000000.0,solver_failed_full,730.0,133.00203896926016,0.5546795889147802,0.9114917796862827,1.2890440368238048,1.0,0.0,77.0,active_set_max_passes,2.0,13.596003324227661,119.40603564503249,32.0,32.0,1788.0,39.19936545474889,0.06439139414842653,nonsingular_isothermal,1.0,0.01,2.0,0.3,1.0,0.0,strict_pass,1.0,none,none,,,0.9894465894465895,1.0,0.9894465894465895,0.9517374517374517,0.9566137566137566,0.9571428571428572,0.04826254826254828,0.04338624338624342,0.042857142857142816,0.0,0.0,3844.0,3885.0,1.0,inverse_phase_volume,geometric_mean,3844.0,3844.0,3844.0,0.0,420.0,0.0,0.0,8.40221874458034e+41,5.919522436062621e+49,70451896.2908562,4.7342977035573786e-06,333.540250821062,0.0029981388978941583,211224.57070002047,70451896.29085597,0.0
14.470683045961627,208.41100000014137,0.0,1.4157513133007817,15.067231292509042,-1000000.0,solver_failed_no_bh,727.0,15.067231292509042,0.11859207203832334,0.6209876608392966,1.4610935156273652,1.0,0.0,108.0,active_set_max_passes,2.0,8.447526669221338,6.619704623287703,32.0,32.0,2825.0,51.79108648861176,0.0764139472702573,nonsingular_isothermal,1.0,0.01,2.0,0.3,1.0,0.0,strict_pass,1.0,none,none,,,1.0,1.0,1.0,1.0,1.0,1.0,0.0,0.0,0.0,0.0,0.0,3885.0,3885.0,1.0,inverse_phase_volume,geometric_mean,3885.0,3885.0,3885.0,0.0,420.0,0.0,0.0,4.298900230758254e+33,1.2744073820682923e+52,2.964496298262563e+18,6.966466797191801e-13,2065206.5032244085,4.842130791466613e-07,1435447880700.5903,2.9644962982625536e+18,0.0
0.0,208.41100000014137,6074.548511249837,1.4157513133007817,2829.6484734617443,-1000000.0,solver_failed_no_halo,727.0,2829.6484734617443,44.18168300820935,2.5819121755167598,12.382415801768335,0.0,0.0,3.0,reduced_spear_inconsistent,2.0,2306.3525304923955,523.2959429693477,32.0,32.0,4941.0,364.8226058959894,0.012148413943737333,none,1.0,0.01,2.0,0.3,1.0,0.0,severe_coverage_warn,0.0,multiple,multiple,1;2;3;4;5;6;7;8,total orbit coverage 0.678 is below 0.85 | shell_band minimum coverage 0.553 is below 0.8 | shell_band coverage gap 0.337 exceeds 0.1 | Lfrac minimum coverage 0.378 is below 0.8 | Lfrac coverage gap 0.622 exceeds 0.1 | third_integral minimum coverage 0.457 is below 0.8 | third_integral coverage gap 0.543 exceeds 0.1 | 64 planned shell-band/Lfrac/third-integral cells have no successful orbit,0.6782496782496783,1.0,0.6782496782496783,0.553014553014553,0.37777777777777777,0.45714285714285713,0.3369468369468369,0.6222222222222222,0.5428571428571429,64.0,0.0,2635.0,3885.0,1.0,inverse_phase_volume,geometric_mean,2635.0,2635.0,2635.0,0.0,420.0,0.0,0.0,1.1144823957737356e+40,1.0228436836157382e+47,9177746.436323235,0.0001059685406739542,972.5523965327536,0.0010282222362158581,9436.762964178368,9177746.436323203,0.0
22.135084976674317,168.25843909546518,2733.0134358045466,0.4376723013119651,14.680360666210872,-1000000.0,solver_failed_full,731.0,14.680360666210872,0.21894022684468695,0.6608786288687284,1.6377930201675146,1.0,0.0,100.0,reduced_spear_inconsistent,2.0,10.302167234197801,4.378193432013073,32.0,32.0,3963.0,52.68563188510106,0.07170991272482198,nonsingular_isothermal,1.0,0.01,2.0,0.3,1.0,0.0,strict_pass,1.0,none,none,,,0.9981981981981982,1.0,0.9981981981981982,0.9864864864864865,0.9957671957671957,0.9952380952380953,0.013513513513513487,0.004232804232804255,0.004761904761904745,0.0,0.0,3878.0,3885.0,1.0,inverse_phase_volume,geometric_mean,3878.0,3878.0,3878.0,0.0,420.0,0.0,0.0,1.4461153670390345e+39,8.113800069018496e+52,56107557211232.4,1.5064415398469665e-09,84522.75488234071,1.1831133537850757e-05,663816001.8486918,56107557211232.41,0.0
18.572817711214174,1.6260738400162316,71349.30660056612,2.6753268678712114,21.55382842374761,-1000000.0,solver_failed_full,732.0,21.55382842374761,0.2940887280337776,0.9813727404765424,1.8314543706455106,1.0,0.0,78.0,active_set_max_passes,2.0,11.901092335463611,9.652736088283989,32.0,32.0,6724.0,97.34153396378773,0.057051316080732564,nonsingular_isothermal,1.0,0.01,2.0,0.3,1.0,0.0,strict_pass,1.0,none,none,,,1.0,1.0,1.0,1.0,1.0,1.0,0.0,0.0,0.0,0.0,0.0,3885.0,3885.0,1.0,inverse_phase_volume,geometric_mean,3885.0,3885.0,3885.0,0.0,420.0,0.0,0.0,4.118969500094205e+45,4.6581585632940846e+52,11309038.736964544,3.084944021436042e-05,348.8775143978779,0.002866335486613071,32415.499051243714,11309038.736964677,0.0
18.47421762032585,1.2579058555963745,7289.130088054722,2.6511193597696927,17.760408868435032,-1000000.0,solver_failed_full,733.0,17.760408868435032,0.22407248797215473,0.87539193072221,1.6961234665853722,1.0,0.0,85.0,active_set_max_passes,2.0,9.952386865639285,7.808022002795756,32.0,32.0,6153.0,56.88778420059705,0.07909833399188289,nonsingular_isothermal,1.0,0.01,2.0,0.3,1.0,0.0,strict_pass,1.0,none,none,,,0.9979407979407979,1.0,0.9979407979407979,0.9845559845559846,0.9915343915343915,0.9976190476190476,0.015444015444015413,0.00846560846560851,0.0023809523809523725,0.0,0.0,3877.0,3885.0,1.0,inverse_phase_volume,geometric_mean,3877.0,3877.0,3877.0,0.0,420.0,0.0,0.0,3.233898297673575e+44,6.054461877799936e+52,187218685.32957384,2.720931206507856e-06,509.40916335461196,0.00196305852335812,367521.2359681218,187218685.32957387,0.0
10.565576600181908,39.305093053686576,3365.2756845776057,4.092447299245659,24.177297135810043,-1000000.0,solver_failed_full,734.0,24.177297135810043,0.20532910292549644,0.8912036442294322,1.8257544987305705,1.0,0.0,85.0,active_set_max_passes,2.0,10.31568730591025,13.861609829899797,32.0,32.0,3140.0,47.77409951638082,0.06852456926141602,nonsingular_isothermal,1.0,0.01,2.0,0.3,1.0,0.0,strict_pass,1.0,none,none,,,1.0,1.0,1.0,1.0,1.0,1.0,0.0,0.0,0.0,0.0,0.0,3885.0,3885.0,1.0,inverse_phase_volume,geometric_mean,3885.0,3885.0,3885.0,0.0,420.0,0.0,0.0,1.4700024670454392e+39,5.279572561544683e+51,3591539932688.757,8.619709952005709e-10,3095.803250082332,0.000323017943718938,1160131843.84158,3591539932688.7715,0.0
1.8625000842351551,7.204579090097441,4122.384409297242,4.723426676318584,259.9262610969196,-1000000.0,solver_failed_full,735.0,259.9262610969196,1.2095874527602746,1.0334077108813517,1.963268887764498,1.0,0.0,71.0,active_set_max_passes,2.0,43.77678532101067,216.14947577590888,32.0,32.0,2027.0,51.211904172307996,0.062476210294070966,nonsingular_isothermal,1.0,0.01,2.0,0.3,1.0,0.0,strict_pass,1.0,none,none,,,0.9992277992277993,1.0,0.9992277992277993,0.9958419958419958,0.9968253968253968,0.9952380952380953,0.004158004158004158,0.0031746031746031633,0.004761904761904745,0.0,0.0,3882.0,3885.0,1.0,inverse_phase_volume,geometric_mean,3882.0,3882.0,3882.0,0.0,420.0,0.0,0.0,1.648219346230795e+38,4.71487617861011e+48,28605878152.03269,1.1016889756003448e-08,315.14780597461316,0.0031731142690568353,90769720.1431165,28605878152.032818,0.0
3.7392906330058038,40.70612627059274,0.0,0.5279295060822399,132.05863523749673,-1000000.0,solver_failed_full,736.0,132.05863523749673,0.6386328621726705,0.9351477035291142,1.929168026171483,1.0,0.0,80.0,active_set_max_passes,2.0,28.471135226106295,103.58750001139042,32.0,32.0,601.0,37.18536818759954,0.06151814246577261,nonsingular_isothermal,1.0,0.01,2.0,0.3,1.0,0.0,strict_pass,1.0,none,none,,,0.9987129987129987,1.0,0.9987129987129987,0.9903474903474904,0.9947089947089947,0.9976190476190476,0.009652509652509633,0.005291005291005346,0.0023809523809523725,0.0,0.0,3880.0,3885.0,1.0,inverse_phase_volume,geometric_mean,3880.0,3880.0,3880.0,0.0,420.0,0.0,0.0,2.5221659626494054e+34,1.0293054652446201e+50,4081037808326410.5,2.4562891741934114e-12,10024.20898806612,9.975849477904001e-05,407118188894.99316,4081037808326391.0,0.0
15.655567838698422,279.9142375254277,17536.99631282192,4.972211295915614,21.785630247383846,-1000000.0,solver_failed_full,737.0,21.785630247383846,0.09087961994803351,0.7816353120860395,1.8141663909564985,1.0,0.0,91.0,active_set_max_passes,2.0,13.456528248771503,8.329101998612334,32.0,32.0,1056.0,40.04825178374299,0.07326202255299005,nonsingular_isothermal,1.0,0.01,2.0,0.3,1.0,0.0,strict_pass,1.0,none,none,,,0.9994851994851995,1.0,0.9994851994851995,0.9961389961389961,0.9978835978835979,0.9976190476190476,0.0038610038610038533,0.002116402116402072,0.0023809523809523725,0.0,0.0,3883.0,3885.0,1.0,inverse_phase_volume,geometric_mean,3883.0,3883.0,3883.0,0.0,420.0,0.0,0.0,7.303508770459116e+38,9.848903189717769e+51,13485166512778.273,3.6209748020414454e-09,48829.44814410375,2.0479445048177386e-05,276168726.5639674,13485166512778.414,0.0
9.139373794520303,2.1991541259523664,50981.842002635676,4.8817419992885895,26.556051109815634,-1000000.0,solver_failed_full,738.0,26.556051109815634,0.06468017727279118,0.9138576181114805,1.733947025216746,1.0,0.0,84.0,active_set_max_passes,2.0,8.473765019817158,18.082286089998483,32.0,32.0,5478.0,77.929693596462,0.04426117049499545,nonsingular_isothermal,1.0,0.01,2.0,0.3,1.0,0.0,strict_pass,1.0,none,none,,,1.0,1.0,1.0,1.0,1.0,1.0,0.0,0.0,0.0,0.0,0.0,3885.0,3885.0,1.0,inverse_phase_volume,geometric_mean,3885.0,3885.0,3885.0,0.0,420.0,0.0,0.0,6.230155500814416e+41,3.3634418433325275e+51,5398648304.83421,7.805988399857051e-08,421.41786042443937,0.0023729416664799875,12810677.505212698,5398648304.83423,0.0
13.744029796406423,35.483864591077094,374675.96716561605,4.180902824956506,16.72415660705387,-1000000.0,solver_failed_full,739.0,16.72415660705387,0.27376386412420217,0.910923042391256,1.6980961754028276,1.0,0.0,85.0,active_set_max_passes,2.0,9.254933411353779,7.469223195700088,32.0,32.0,6648.0,62.08285540410594,0.055035887910863,nonsingular_isothermal,1.0,0.01,2.0,0.3,1.0,0.0,strict_pass,1.0,none,none,,,0.9969111969111969,1.0,0.9969111969111969,0.9768339768339769,0.9873015873015873,0.9833333333333333,0.02316602316602312,0.012698412698412653,0.01666666666666672,0.0,0.0,3873.0,3885.0,1.0,inverse_phase_volume,geometric_mean,3873.0,3873.0,3873.0,0.0,420.0,0.0,0.0,8.18701911577933e+41,2.0552772521843203e+52,25104097390.25846,3.3978649852253086e-08,853.003335080461,0.0011723283589573225,29430245.29662679,25104097390.258705,0.0
11.381906789545587,8.438425124912747,368322.39488436887,3.5200722052140736,22.930279760992573,-1000000.0,solver_failed_full,740.0,22.930279760992573,0.35047717828844327,1.0061771354241424,1.7334194998045072,1.0,0.0,71.0,reduced_spear_inconsistent,2.0,9.37257093337006,13.557708827622506,32.0,32.0,6752.0,104.65301483105017,0.0440005149579078,nonsingular_isothermal,1.0,0.01,2.0,0.3,1.0,0.0,strict_pass,1.0,none,none,,,1.0,1.0,1.0,1.0,1.0,1.0,0.0,0.0,0.0,0.0,0.0,3885.0,3885.0,1.0,inverse_phase_volume,geometric_mean,3885.0,3885.0,3885.0,0.0,420.0,0.0,0.0,8.212107726143698e+42,1.0425074960901118e+52,1269476157.468358,3.279986203276019e-07,416.38642818840725,0.002401615260013994,3048793.3119999394,1269476157.4683592,0.0
10.984769355248858,3.191037097170012,20896.834784704897,1.961012316131057,19.36520129525741,-1000000.0,solver_failed_full,741.0,19.36520129525741,0.24115129507153554,0.8622968976546491,1.6617275406737042,1.0,0.0,87.0,active_set_max_passes,2.0,8.151757236969043,11.213444058288369,32.0,32.0,6602.0,64.88914301999678,0.05633449632061772,nonsingular_isothermal,1.0,0.01,2.0,0.3,1.0,0.0,strict_pass,1.0,none,none,,,0.9971685971685972,1.0,0.9971685971685972,0.9787644787644788,0.9915343915343915,0.9952380952380953,0.021235521235521193,0.00846560846560851,0.004761904761904745,0.0,0.0,3874.0,3885.0,1.0,inverse_phase_volume,geometric_mean,3874.0,3874.0,3874.0,0.0,420.0,0.0,0.0,9.951257928366696e+42,7.755437810547895e+51,779342457.644528,6.626373106998068e-07,516.4213902477458,0.0019364031368264284,1509121.179644875,779342457.6445245,0.0
23.50109526184046,386.7807141579167,401824.9381031828,4.194150357495058,13.253049251478988,-13.253049251478988,pass_full,742.0,13.253049251478988,0.0018179420826403003,0.6610657490862416,1.5051008850378704,1.0,1.0,102.0,none,0.0,7.96639677316243,5.286652478316553,32.0,32.0,4637.0,50.66943518922756,0.059754647016112473,nonsingular_isothermal,1.0,0.01,2.0,0.3,1.0,0.0,strict_pass,1.0,none,none,,,0.9969111969111969,1.0,0.9969111969111969,0.9768339768339769,0.9873015873015873,0.9880952380952381,0.02316602316602312,0.012698412698412653,0.011904761904761862,0.0,0.0,3873.0,3885.0,1.0,inverse_phase_volume,geometric_mean,3873.0,3873.0,3873.0,0.0,420.0,0.0,0.0,2.1422153754795552e+42,2.2173013678602194e+52,10350506271.405392,5.419873430123545e-07,5609.843392871743,0.0001782580956307389,1845061.5367547525,10350506271.405434,0.0
1.5043897358806846,236.14386522170224,3479.7048187170512,2.8415740637296185,407.1602735778694,-1000000.0,solver_failed_full,743.0,407.1602735778694,4.693724414196367,1.6814145629801744,3.886483082916124,0.0,0.0,6.0,active_set_max_passes,2.0,51.17084372426434,355.98942985360515,32.0,32.0,6302.0,378.91296038285475,0.018998102459502397,nonsingular_isothermal,1.0,0.01,2.0,0.3,1.0,0.0,severe_coverage_warn,0.0,inner,joint,3,2 planned shell-band/Lfrac/third-integral cells have no successful orbit,0.9817245817245818,1.0,0.9817245817245818,0.9397089397089398,0.926984126984127,0.9285714285714286,0.06029106029106024,0.07301587301587298,0.0714285714285714,2.0,0.0,3814.0,3885.0,1.0,inverse_phase_volume,geometric_mean,3814.0,3814.0,3814.0,0.0,420.0,0.0,0.0,2.8171296577207135e+39,1.0289426818154469e+48,365245056.7887404,6.110840861488503e-06,2231.9544174813363,0.00044803782378694657,163643.6003925679,365245056.7887425,0.0
11.25265998744859,13.060742147382747,65171.135869494436,4.333000162446158,19.121109321571446,-1000000.0,solver_failed_full,744.0,19.121109321571446,0.3217523309358974,0.9312872901632165,1.7173170312057724,1.0,0.0,84.0,active_set_max_passes,2.0,8.519335473377444,10.601773848194004,32.0,32.0,5780.0,59.48701346005534,0.07489985501728877,nonsingular_isothermal,1.0,0.01,2.0,0.3,1.0,0.0,strict_pass,1.0,none,none,,,0.9984555984555985,1.0,0.9984555984555985,0.9884169884169884,0.9936507936507937,0.9976190476190476,0.01158301158301156,0.006349206349206327,0.0023809523809523725,0.0,0.0,3879.0,3885.0,1.0,inverse_phase_volume,geometric_mean,3879.0,3879.0,3879.0,0.0,420.0,0.0,0.0,7.495462413972248e+39,6.57288846934281e+51,876915673286.5908,6.264810062439821e-10,549.3710133917057,0.001820263493383464,1596217586.8593717,876915673286.5961,0.0
1.3488941136482913,180.62004969325213,1251.328222654698,3.810907528464184,436.82745052866335,-1000000.0,solver_failed_full,745.0,436.82745052866335,4.888505882871584,1.6940365594072062,4.274234904586896,0.0,0.0,2.0,active_set_max_passes,2.0,56.01219452627752,380.81525600238587,32.0,32.0,6644.0,619.3818926489688,0.00593243158141866,nonsingular_isothermal,1.0,0.01,2.0,0.3,1.0,0.0,coverage_warn,0.0,inner,joint,2,2 planned shell-band/Lfrac/third-integral cells have no successful orbit,0.9904761904761905,1.0,0.9904761904761905,0.9459459459459459,0.9619047619047619,0.9571428571428572,0.05405405405405406,0.03809523809523807,0.042857142857142816,2.0,0.0,3848.0,3885.0,1.0,inverse_phase_volume,geometric_mean,3848.0,3848.0,3848.0,0.0,420.0,0.0,0.0,2.5495473063634104e+38,8.82993649240374e+47,3463335028.287225,1.09055512754409e-06,3776.9577735017074,0.00026476335187429863,916964.1907529988,3463335028.287241,0.0
23.50109526184046,386.7807141579167,0.0,4.194150357495058,12.669250477100618,-1000000.0,solver_failed_no_bh,742.0,12.669250477100618,0.12113311056303466,0.684820408299782,1.2380105661122682,1.0,0.0,97.0,active_set_max_passes,2.0,8.287744925337316,4.381505551763306,32.0,32.0,2312.0,47.29381928793121,0.08363006046560938,nonsingular_isothermal,1.0,0.01,2.0,0.3,1.0,0.0,strict_pass,1.0,none,none,,,0.9976833976833976,1.0,0.9976833976833976,0.9826254826254827,0.9915343915343915,0.9952380952380953,0.01737451737451734,0.00846560846560851,0.004761904761904745,0.0,0.0,3876.0,3885.0,1.0,inverse_phase_volume,geometric_mean,3876.0,3876.0,3876.0,0.0,420.0,0.0,0.0,2.0750491216658467e+35,2.909185224895233e+52,1.4019837865619986e+17,2.9060258251696466e-11,4074201.090218259,2.454468932328593e-07,34411256477.44794,1.4019837865619853e+17,0.0
0.0,386.7807141579167,401824.9381031828,4.194150357495058,393.4514760875805,-1000000.0,solver_failed_no_halo,742.0,393.4514760875805,6.908289037314432,2.6605300664527416,12.759453961415485,0.0,0.0,5.0,reduced_spear_inconsistent,2.0,284.674766636576,108.77670945100436,32.0,32.0,6694.0,348.3075404990329,0.013817175526399675,none,1.0,0.01,2.0,0.3,1.0,0.0,severe_coverage_warn,0.0,multiple,multiple,1;2;3;4;5;6;7;8,Lfrac minimum coverage 0.641 is below 0.8 | Lfrac coverage gap 0.359 exceeds 0.1 | third_integral minimum coverage 0.75 is below 0.8 | third_integral coverage gap 0.25 exceeds 0.1 | 25 planned shell-band/Lfrac/third-integral cells have no successful orbit,0.9127413127413128,1.0,0.9127413127413128,0.8856548856548857,0.6412698412698413,0.75,0.033264033264033266,0.3587301587301587,0.25,25.0,0.0,3546.0,3885.0,1.0,inverse_phase_volume,geometric_mean,3546.0,3546.0,3546.0,0.0,420.0,0.0,0.0,3.311036931219223e+43,4.468857324367956e+50,13496851.340532733,0.00026519871768688867,3579.3476683198796,0.00027938051641387295,3770.7572974793447,13496851.340532864,0.0
10.395898414180913,232.11666092590622,2346744.4097303795,1.0304978295108402,17.06971611487146,-1000000.0,solver_failed_full,746.0,17.06971611487146,0.18496996625167839,0.5995120449102159,2.512075934202182,0.0,0.0,64.0,active_set_max_passes,2.0,9.607783749341376,7.461932365530084,32.0,32.0,6101.0,84.9153442822971,0.06111148644154955,nonsingular_isothermal,1.0,0.01,2.0,0.3,1.0,0.0,severe_coverage_warn,0.0,inner,joint,1,1 planned shell-band/Lfrac/third-integral cells have no successful orbit,0.9770913770913771,1.0,0.9770913770913771,0.9305019305019305,0.9058201058201059,0.9238095238095239,0.06949806949806947,0.09417989417989414,0.07619047619047614,1.0,0.0,3796.0,3885.0,1.0,inverse_phase_volume,geometric_mean,3796.0,3796.0,3796.0,0.0,420.0,0.0,0.0,3.777268565862448e+44,1.4911260920051966e+52,39476305.85448546,1.8298781845977276e-05,722.3683089163086,0.0013843353697232266,54648.446460376574,39476305.85448565,0.0
3.687998033964554,2.1195304684147986,171783.2649921113,2.3660376891094894,120.61098619523196,-1000000.0,solver_failed_full,747.0,120.61098619523196,1.4379740333765483,1.1402732959353086,1.6125899599234261,1.0,0.0,54.0,reduced_spear_inconsistent,2.0,8.033544643411282,112.57744155182068,32.0,32.0,6635.0,75.0247357141084,0.05731007019615054,nonsingular_isothermal,1.0,0.01,2.0,0.3,1.0,0.0,strict_pass,1.0,none,none,,,0.9979407979407979,1.0,0.9979407979407979,0.9845559845559846,0.9915343915343915,0.9857142857142858,0.015444015444015413,0.00846560846560851,0.014285714285714235,0.0,0.0,3877.0,3885.0,1.0,inverse_phase_volume,geometric_mean,3877.0,3877.0,3877.0,0.0,420.0,0.0,0.0,3.1509202239878975e+38,1.5587262394069466e+50,494689210961.4177,3.00305321252324e-10,148.55780241782605,0.006731386596494281,3329944324.0959926,494689210961.4138,0.0
13.524388973778187,3.7189400304421443,3511.763516606371,2.0549207141573467,17.01067099439655,-1000000.0,solver_failed_full,748.0,17.01067099439655,0.3195609764974918,0.8675684720083517,1.6391192454329804,1.0,0.0,87.0,active_set_max_passes,2.0,8.411952115668612,8.598718878727933,32.0,32.0,6035.0,55.001235671635094,0.07059900801417579,nonsingular_isothermal,1.0,0.01,2.0,0.3,1.0,0.0,strict_pass,1.0,none,none,,,1.0,1.0,1.0,1.0,1.0,1.0,0.0,0.0,0.0,0.0,0.0,3885.0,3885.0,1.0,inverse_phase_volume,geometric_mean,3885.0,3885.0,3885.0,0.0,420.0,0.0,0.0,5.974660384578684e+43,1.406902426046293e+52,235478225.62060213,1.956174926319576e-06,460.6366006532446,0.002170908691540936,511201.7266684013,235478225.62060148,0.0
21.5491177059044,27.788902361036804,15969.42538706195,2.968698184698058,22.395190578633564,-1000000.0,solver_failed_full,749.0,22.395190578633564,0.4519080220738658,0.9632233875526257,1.8715199686715558,1.0,0.0,80.0,reduced_spear_inconsistent,2.0,12.714760967115863,9.680429611517692,32.0,32.0,6780.0,79.98968046150142,0.0721553648343844,nonsingular_isothermal,1.0,0.01,2.0,0.3,1.0,0.0,strict_pass,1.0,none,none,,,0.9966537966537966,1.0,0.9966537966537966,0.974903474903475,0.9915343915343915,0.9952380952380953,0.025096525096525046,0.00846560846560851,0.004761904761904745,0.0,0.0,3872.0,3885.0,1.0,inverse_phase_volume,geometric_mean,3872.0,3872.0,3872.0,0.0,420.0,0.0,0.0,5.500561848334515e+41,9.655045120647007e+52,175528343955.81616,1.0760767682791162e-08,1888.8197310535843,0.0005294311487535127,92930172.77932876,175528343955.81488,0.0
2.2149532396038007,2.94045630843857,489811.2428028893,2.4374418009908263,144.40563924127886,-1000000.0,solver_failed_full,750.0,144.40563924127886,2.251737905694995,1.169946750420775,5.6108675062652935,0.0,0.0,31.0,reduced_spear_inconsistent,2.0,50.71300024972097,93.6926389915579,32.0,32.0,6712.0,190.30140636762465,0.03530903952046092,nonsingular_isothermal,1.0,0.01,2.0,0.3,1.0,0.0,severe_coverage_warn,0.0,multiple,multiple,1;2;3;4,Lfrac coverage gap 0.148 exceeds 0.1 | third_integral coverage gap 0.148 exceeds 0.1 | 6 planned shell-band/Lfrac/third-integral cells have no successful orbit,0.963963963963964,1.0,0.963963963963964,0.916988416988417,0.8518518518518519,0.8523809523809524,0.08301158301158296,0.14814814814814814,0.14761904761904765,6.0,0.0,3745.0,3885.0,1.0,inverse_phase_volume,geometric_mean,3745.0,3745.0,3745.0,0.0,420.0,0.0,0.0,3.662969529828205e+42,6.691561846286929e+50,182681340.6935647,2.76689742876645e-06,505.46053184863433,0.0019783938349106573,361415.63818136335,182681340.6935655,0.0
10.401508705949395,21.50498124412099,14511.988997260338,4.6010432491301065,21.619550903341306,-21.619550903341306,pass_full,751.0,21.619550903341306,0.0012989338549971308,0.8061484057633255,1.662224256038889,1.0,1.0,90.0,none,0.0,8.291836037160383,13.327714866180921,32.0,32.0,4674.0,49.62814473326675,0.07268419192371693,nonsingular_isothermal,1.0,0.01,2.0,0.3,1.0,0.0,strict_pass,1.0,none,none,,,0.9979407979407979,1.0,0.9979407979407979,0.9845559845559846,0.9915343915343915,0.9976190476190476,0.015444015444015413,0.00846560846560851,0.0023809523809523725,0.0,0.0,3877.0,3885.0,1.0,inverse_phase_volume,geometric_mean,3877.0,3877.0,3877.0,0.0,420.0,0.0,0.0,1.4800915784912516e+42,4.568415730537003e+51,3086576396.3023624,3.29385619802725e-07,1016.6738793645017,0.0009835995792722401,3035955.244794591,3086576396.302322,0.0
23.293107014147786,59.42046197488528,1313.6103276878234,2.708915613606908,16.52914074005317,-1000000.0,solver_failed_full,752.0,16.52914074005317,0.32061045617655637,0.7790623515384673,1.5748766614347192,1.0,0.0,102.0,active_set_max_passes,2.0,10.064363432478238,6.464777307574923,32.0,32.0,6598.0,66.83882264976474,0.05489274872874219,nonsingular_isothermal,1.0,0.01,2.0,0.3,1.0,0.0,strict_pass,1.0,none,none,,,0.998970398970399,1.0,0.998970398970399,0.9922779922779923,0.9957671957671957,0.9976190476190476,0.007722007722007707,0.004232804232804255,0.0023809523809523725,0.0,0.0,3881.0,3885.0,1.0,inverse_phase_volume,geometric_mean,3881.0,3881.0,3881.0,0.0,420.0,0.0,0.0,2.8091992590486885e+40,1.1814581266284006e+53,4205675773346.4995,1.9723740447546483e-09,8295.165736002044,0.00012055214227485251,507003224.190366,4205675773346.487,0.0
22.41759707784585,77.3065206379502,874.7396321098306,0.9481751271512411,15.093773384472316,-1000000.0,solver_failed_full,753.0,15.093773384472316,0.23545005259956575,0.7127003268465496,1.5788391974925926,1.0,0.0,102.0,active_set_max_passes,2.0,9.572418534634506,5.521354849837815,32.0,32.0,6695.0,57.27566080407868,0.08460754682465675,nonsingular_isothermal,1.0,0.01,2.0,0.3,1.0,0.0,strict_pass,1.0,none,none,,,0.9979407979407979,1.0,0.9979407979407979,0.9845559845559846,0.9915343915343915,0.9976190476190476,0.015444015444015413,0.00846560846560851,0.0023809523809523725,0.0,0.0,3877.0,3885.0,1.0,inverse_phase_volume,geometric_mean,3877.0,3877.0,3877.0,0.0,420.0,0.0,0.0,1.9419426727677603e+39,9.77162212983767e+52,50318798113183.4,3.2474767883600426e-10,16340.9128890737,6.119609147838043e-05,3079313772.4165053,50318798113183.03,0.0
2.356498740658697,3.7636915527128862,39.28124119734366,1.0197352359967609,220.54549653388884,-1000000.0,solver_failed_full,754.0,220.54549653388884,0.7454368981726418,1.001039945415515,1.8701009819749395,1.0,0.0,74.0,active_set_max_passes,2.0,41.26044199390136,179.28505453998744,32.0,32.0,2839.0,47.84504262351566,0.05429145326625046,nonsingular_isothermal,1.0,0.01,2.0,0.3,1.0,0.0,strict_pass,1.0,none,none,,,1.0,1.0,1.0,1.0,1.0,1.0,0.0,0.0,0.0,0.0,0.0,3885.0,3885.0,1.0,inverse_phase_volume,geometric_mean,3885.0,3885.0,3885.0,0.0,420.0,0.0,0.0,2.430223133061685e+39,1.0621923460242881e+49,4370760575.742273,8.678588248476518e-08,379.3203136954122,0.0026362943504338212,11522611.41292819,4370760575.742258,0.0
10.847080191115266,75.13485139542574,26090.103719712184,3.69861418360817,21.252439426412167,-21.252439426412167,pass_full,755.0,21.252439426412167,0.0010804017257584064,0.7856446330758607,1.717741639639128,1.0,1.0,93.0,none,0.0,10.47368301993262,10.778756406479545,32.0,32.0,1743.0,43.93348721753634,0.05013576142187989,nonsingular_isothermal,1.0,0.01,2.0,0.3,1.0,0.0,strict_pass,1.0,none,none,,,0.9979407979407979,1.0,0.9979407979407979,0.9845559845559846,0.9915343915343915,0.9928571428571429,0.015444015444015413,0.00846560846560851,0.0071428571428571175,0.0,0.0,3877.0,3885.0,1.0,inverse_phase_volume,geometric_mean,3877.0,3877.0,3877.0,0.0,420.0,0.0,0.0,1.8268389123165857e+40,5.2310422556007756e+51,286343925582.7638,1.68066919654284e-08,4812.494153441058,0.0002077924602329073,59500108.769590944,286343925582.7634,0.0
10.401508705949395,21.50498124412099,0.0,4.6010432491301065,19.323383113454494,-1000000.0,solver_failed_no_bh,751.0,19.323383113454494,0.08039164707982493,0.7544878710219053,1.549426806161693,1.0,0.0,98.0,active_set_max_passes,2.0,7.591757614448201,11.731625499006288,32.0,32.0,4654.0,44.50801981240976,0.07197891195539674,nonsingular_isothermal,1.0,0.01,2.0,0.3,1.0,0.0,strict_pass,1.0,none,none,,,0.9997425997425997,1.0,0.9997425997425997,0.9980694980694981,0.9989417989417989,0.9976190476190476,0.0019305019305019266,0.0010582010582010914,0.0023809523809523725,0.0,0.0,3884.0,3885.0,1.0,inverse_phase_volume,geometric_mean,3884.0,3884.0,3884.0,0.0,420.0,0.0,0.0,1.44771545666587e+39,4.835687729483532e+51,3340219728412.8325,6.021956300668389e-10,2011.465723913246,0.0004971499082045157,1660589931.3633478,3340219728412.8237,0.0
10.847080191115266,75.13485139542574,0.0,3.69861418360817,20.121067507178683,-1000000.0,solver_failed_no_bh,755.0,20.121067507178683,0.027062193930863288,0.7507952223675011,1.6260198296820183,1.0,0.0,99.0,active_set_max_passes,2.0,9.896555483946553,10.22451202323213,32.0,32.0,3020.0,44.16575409243143,0.061737723096291,nonsingular_isothermal,1.0,0.01,2.0,0.3,1.0,0.0,strict_pass,1.0,none,none,,,0.9994851994851995,1.0,0.9994851994851995,0.9961389961389961,0.9978835978835979,0.9976190476190476,0.0038610038610038533,0.002116402116402072,0.0023809523809523725,0.0,0.0,3883.0,3885.0,1.0,inverse_phase_volume,geometric_mean,3883.0,3883.0,3883.0,0.0,420.0,0.0,0.0,1.1285097034229451e+35,6.053756503692163e+51,5.364381436269604e+16,1.0344537838936497e-12,55492.046749979,1.8020600402532067e-05,966693742697.7484,5.364381436269563e+16,0.0
0.0,21.50498124412099,14511.988997260338,4.6010432491301065,1910.2334634444549,-1000000.0,solver_failed_no_halo,751.0,1910.2334634444549,31.884706506142038,2.3916428443458733,11.46991614541936,0.0,0.0,8.0,reduced_spear_inconsistent,2.0,1423.194675664357,487.03878778009823,32.0,32.0,4437.0,275.5129290139106,0.019123104544268587,none,1.0,0.01,2.0,0.3,1.0,0.0,severe_coverage_warn,0.0,multiple,multiple,1;2;3;4;5;6;7;8,total orbit coverage 0.637 is below 0.85 | shell_band minimum coverage 0.538 is below 0.8 | shell_band coverage gap 0.334 exceeds 0.1 | Lfrac minimum coverage 0.349 is below 0.8 | Lfrac coverage gap 0.651 exceeds 0.1 | third_integral minimum coverage 0.374 is below 0.8 | third_integral coverage gap 0.626 exceeds 0.1 | 71 planned shell-band/Lfrac/third-integral cells have no successful orbit,0.6365508365508366,1.0,0.6365508365508366,0.5384615384615384,0.3492063492063492,0.3738095238095238,0.3341253341253342,0.6507936507936508,0.6261904761904762,71.0,0.0,2473.0,3885.0,1.0,inverse_phase_volume,geometric_mean,2473.0,2473.0,2473.0,0.0,420.0,0.0,0.0,1.0234526506896952e+41,5.8231523693890805e+47,5689713.506008228,0.00016103086037397418,916.2194611539267,0.0010914415622001266,6209.989797468785,5689713.506008233,0.0
0.0,75.13485139542574,26090.103719712184,3.69861418360817,1737.1348869320755,-1000000.0,solver_failed_no_halo,755.0,1737.1348869320755,29.896264878762395,2.560982316617292,12.28203972467978,0.0,0.0,5.0,reduced_spear_inconsistent,2.0,1236.228536844886,500.9063500871895,32.0,32.0,5440.0,360.6884732430652,0.013405059114690577,none,1.0,0.01,2.0,0.3,1.0,0.0,severe_coverage_warn,0.0,multiple,multiple,1;2;3;4;5;6;7;8,total orbit coverage 0.743 is below 0.85 | shell_band minimum coverage 0.622 is below 0.8 | shell_band coverage gap 0.274 exceeds 0.1 | Lfrac minimum coverage 0.414 is below 0.8 | Lfrac coverage gap 0.586 exceeds 0.1 | third_integral minimum coverage 0.529 is below 0.8 | third_integral coverage gap 0.471 exceeds 0.1 | 51 planned shell-band/Lfrac/third-integral cells have no successful orbit,0.7431145431145432,1.0,0.7431145431145432,0.6216216216216216,0.41375661375661377,0.5285714285714286,0.27413127413127414,0.5862433862433862,0.4714285714285714,51.0,0.0,2887.0,3885.0,1.0,inverse_phase_volume,geometric_mean,2887.0,2887.0,2887.0,0.0,420.0,0.0,0.0,3.299813534166631e+41,1.8864753103314118e+48,5716914.882609698,0.00022714909528532906,1298.592043408034,0.0007700647829133414,4402.394818010914,5716914.882609732,0.0
1.4792768723323886,2.3297012123666048,636907.8118466001,0.22560651919380864,207.21489900751007,-1000000.0,solver_failed_full,756.0,207.21489900751007,3.521267284798398,2.091284997759453,10.029450516485866,0.0,0.0,12.0,reduced_spear_inconsistent,2.0,134.08531159924325,73.12958740826684,32.0,32.0,6644.0,309.2546444290983,0.022915970400134558,nonsingular_isothermal,1.0,0.01,2.0,0.3,1.0,0.0,severe_coverage_warn,0.0,multiple,multiple,1;2;3;4;5;6,Lfrac coverage gap 0.196 exceeds 0.1 | third_integral coverage gap 0.19 exceeds 0.1 | 12 planned shell-band/Lfrac/third-integral cells have no successful orbit,0.9521235521235522,1.0,0.9521235521235522,0.9111969111969112,0.8042328042328042,0.8095238095238095,0.08880308880308885,0.1957671957671958,0.19047619047619047,12.0,0.0,3699.0,3885.0,1.0,inverse_phase_volume,geometric_mean,3699.0,3699.0,3699.0,0.0,420.0,0.0,0.0,4.808969212362217e+42,1.1268161734106469e+51,234315530.76155853,3.8900706676684655e-06,911.5039731947086,0.001097087922167935,257064.7387748756,234315530.76155898,0.0
8.088574777943172,25.654146140611424,0.0,1.237396467981468,33.59079759467054,-1000000.0,solver_failed_full,757.0,33.59079759467054,0.19701909943427154,0.9276963204492645,1.797597045289627,1.0,0.0,84.0,active_set_max_passes,2.0,9.966863180925007,23.623934413745534,32.0,32.0,5158.0,55.76896232792264,0.06897543051738889,nonsingular_isothermal,1.0,0.01,2.0,0.3,1.0,0.0,strict_pass,1.0,none,none,,,1.0,1.0,1.0,1.0,1.0,1.0,0.0,0.0,0.0,0.0,0.0,3885.0,3885.0,1.0,inverse_phase_volume,geometric_mean,3885.0,3885.0,3885.0,0.0,420.0,0.0,0.0,1.2801314553157148e+38,1.9021251465882787e+51,14858826714160.879,2.0320452481315867e-10,3019.380821732108,0.0003311937311128368,4921150259.422,14858826714160.775,0.0
21.293440467907576,47.30736724636566,588728.0982529282,2.7659757567313368,18.093840570685302,-1000000.0,solver_failed_full,758.0,18.093840570685302,0.3187997479466631,0.8576662806659497,1.6070206043447028,1.0,0.0,91.0,reduced_spear_inconsistent,2.0,9.887527440829265,8.206313129856039,32.0,32.0,6607.0,58.0721248158982,0.07704557677462238,nonsingular_isothermal,1.0,0.01,2.0,0.3,1.0,0.0,strict_pass,1.0,none,none,,,0.9976833976833976,1.0,0.9976833976833976,0.9826254826254827,0.9904761904761905,0.9880952380952381,0.01737451737451734,0.00952380952380949,0.011904761904761862,0.0,0.0,3876.0,3885.0,1.0,inverse_phase_volume,geometric_mean,3876.0,3876.0,3876.0,0.0,420.0,0.0,0.0,5.946817131795593e+42,1.2251759877168896e+53,20602213933.33744,7.544512076930891e-08,1554.3365183157796,0.0006433613237650507,13254667.628642729,20602213933.33741,0.0
16.390439056529885,2.1772633486385677,156227.91635638534,2.8176421065348904,18.798697275722656,-1000000.0,solver_failed_full,759.0,18.798697275722656,0.41207749360835066,0.9467213923131793,1.7818663743065004,1.0,0.0,81.0,active_set_max_passes,2.0,11.107574140879569,7.691123134843094,32.0,32.0,6538.0,86.13193410822298,0.06362466036832143,nonsingular_isothermal,1.0,0.01,2.0,0.3,1.0,0.0,strict_pass,1.0,none,none,,,1.0,1.0,1.0,1.0,1.0,1.0,0.0,0.0,0.0,0.0,0.0,3885.0,3885.0,1.0,inverse_phase_volume,geometric_mean,3885.0,3885.0,3885.0,0.0,420.0,0.0,0.0,6.112083379314564e+42,3.2796404487608964e+52,5365830675.445873,7.43874973737343e-08,399.1507152776316,0.002505319323565396,13443119.278174466,5365830675.445856,0.0
19.77752454000756,263.244156962633,3251.316803526928,4.493632736622104,16.42776038661331,-1000000.0,solver_failed_full,760.0,16.42776038661331,0.13796525123184722,0.7329642782328144,1.7069441813424935,1.0,0.0,93.0,active_set_max_passes,2.0,10.751277129926347,5.676483256686962,32.0,32.0,634.0,48.526316417836796,0.04524465823197947,nonsingular_isothermal,1.0,0.01,2.0,0.3,1.0,0.0,strict_pass,1.0,none,none,,,0.9994851994851995,1.0,0.9994851994851995,0.9961389961389961,0.9978835978835979,0.9976190476190476,0.0038610038610038533,0.002116402116402072,0.0023809523809523725,0.0,0.0,3883.0,3885.0,1.0,inverse_phase_volume,geometric_mean,3883.0,3883.0,3883.0,0.0,420.0,0.0,0.0,1.140217218919347e+40,2.824427511835857e+52,2477095999754.0977,5.467593874751973e-08,135437.54915428057,7.383476785015306e-06,18289580.808438577,2477095999754.0864,0.0
12.505660774705138,2.0418257830548963,858160.1488465954,3.927502648621714,18.921462699268897,-1000000.0,solver_failed_full,761.0,18.921462699268897,0.3057944061872462,0.9531020830089416,1.4047638919703855,1.0,0.0,74.0,active_set_max_passes,2.0,8.66770967869004,10.253753020578852,32.0,32.0,7025.0,86.24114498604791,0.06945353605114024,nonsingular_isothermal,1.0,0.01,2.0,0.3,1.0,0.0,strict_pass,1.0,none,none,,,1.0,1.0,1.0,1.0,1.0,1.0,0.0,0.0,0.0,0.0,0.0,3885.0,3885.0,1.0,inverse_phase_volume,geometric_mean,3885.0,3885.0,3885.0,0.0,420.0,0.0,0.0,1.9295705689903558e+43,1.4201287355620943e+52,735981755.932966,2.558080718182366e-07,188.27007387861164,0.005311518604091889,3909180.788910156,735981755.9329643,0.0
16.734913669898692,388.76178268360144,147598.05704469766,3.4096843792960976,21.423016577862956,-1000000.0,solver_failed_full,762.0,21.423016577862956,0.3471955406488405,0.6532993911820449,1.5257457658936704,1.0,0.0,104.0,active_set_max_passes,2.0,9.063730909045598,12.359285668817352,32.0,32.0,1852.0,32.237157170794696,0.07810652388157498,nonsingular_isothermal,1.0,0.01,2.0,0.3,1.0,0.0,strict_pass,1.0,none,none,,,0.9951093951093951,1.0,0.9951093951093951,0.9652509652509652,0.982010582010582,0.9833333333333333,0.03474903474903479,0.017989417989418,0.01666666666666672,0.0,0.0,3866.0,3885.0,1.0,inverse_phase_volume,geometric_mean,3866.0,3866.0,3866.0,0.0,420.0,0.0,0.0,1.836185642161632e+41,6.353556259003808e+51,34601927567.215614,2.437385508947411e-07,8433.823683397972,0.00011857018092143727,4102756.8118752446,34601927567.2158,0.0
19.589516540105496,370.7537644578297,189862.35344949915,2.17565494539826,15.488855132454052,-1000000.0,solver_failed_full,763.0,15.488855132454052,0.13210309337738835,0.7357899215950422,1.652158996274241,1.0,0.0,97.0,active_set_max_passes,2.0,9.178735425451627,6.31011970700242,32.0,32.0,5124.0,45.38571913637075,0.06635241873347536,nonsingular_isothermal,1.0,0.01,2.0,0.3,1.0,0.0,strict_pass,1.0,none,none,,,0.9963963963963964,1.0,0.9963963963963964,0.972972972972973,0.9851851851851852,0.9857142857142858,0.027027027027026973,0.014814814814814836,0.014285714285714235,0.0,0.0,3871.0,3885.0,1.0,inverse_phase_volume,geometric_mean,3871.0,3871.0,3871.0,0.0,420.0,0.0,0.0,2.0171699982053663e+41,1.1430613259992436e+52,56666583729.49237,1.4270346699748207e-07,8086.517961101611,0.0001236626202786263,7007538.226227149,56666583729.49197,0.0
10.067357112197728,45.203400879962274,13338.078842347979,4.727956971897407,22.67005781399029,-1000000.0,solver_failed_full,764.0,22.67005781399029,0.13203983804262265,0.7969060751116686,1.6274327128995323,1.0,0.0,97.0,active_set_max_passes,2.0,9.44409012948002,13.225967684510273,32.0,32.0,1961.0,42.452105062609114,0.060185162244503425,nonsingular_isothermal,1.0,0.01,2.0,0.3,1.0,0.0,strict_pass,1.0,none,none,,,0.9987129987129987,1.0,0.9987129987129987,0.9903474903474904,0.9968253968253968,0.9976190476190476,0.009652509652509633,0.0031746031746031633,0.0023809523809523725,0.0,0.0,3880.0,3885.0,1.0,inverse_phase_volume,geometric_mean,3880.0,3880.0,3880.0,0.0,420.0,0.0,0.0,2.901236344408007e+40,3.433849859249596e+51,118358156717.15872,1.8778233771614112e-08,2222.557135612146,0.0004499321902582162,53253144.686676435,118358156717.15874,0.0
14.999498092392141,10.028754285527551,17297.77961485955,1.7532046463110786,15.666520233627798,-1000000.0,solver_failed_full,765.0,15.666520233627798,0.01702569456220715,0.8450984800070687,1.6101748104559637,1.0,0.0,92.0,active_set_max_passes,2.0,8.777189538473243,6.889330695154562,32.0,32.0,6435.0,46.22805866680108,0.06844680715318063,nonsingular_isothermal,1.0,0.01,2.0,0.3,1.0,0.0,strict_pass,1.0,none,none,,,1.0,1.0,1.0,1.0,1.0,1.0,0.0,0.0,0.0,0.0,0.0,3885.0,3885.0,1.0,inverse_phase_volume,geometric_mean,3885.0,3885.0,3885.0,0.0,420.0,0.0,0.0,1.6623931492121632e+42,2.3671762363796258e+52,14239569246.910524,5.085931711150618e-08,724.2147678598747,0.0013808058664076923,19662080.751252647,14239569246.910547,0.0
4.27386268552215,2.952303613989169,95389.59940119878,1.7328763376033063,81.53192685066026,-1000000.0,solver_failed_full,766.0,81.53192685066026,0.2433568382749911,0.9003363846224275,1.3505224501487036,1.0,0.0,80.0,active_set_max_passes,2.0,9.25045477579904,72.2814720748612,32.0,32.0,5476.0,54.8813135869148,0.06901381042052593,nonsingular_isothermal,1.0,0.01,2.0,0.3,1.0,0.0,strict_pass,1.0,none,none,,,1.0,1.0,1.0,1.0,1.0,1.0,0.0,0.0,0.0,0.0,0.0,3885.0,3885.0,1.0,inverse_phase_volume,geometric_mean,3885.0,3885.0,3885.0,0.0,420.0,0.0,0.0,6.070813227616439e+40,2.1994901942172527e+50,3623056931.1730094,6.35769981049986e-08,230.34308364748645,0.004341350233594965,15728959.054475667,3623056931.1729784,0.0
9.578625224480344,41.16037982834278,90094.92216713553,3.0481918176991853,20.714184801957717,-1000000.0,solver_failed_full,767.0,20.714184801957717,0.15349884807480763,0.7630356710201454,1.5143776331449188,1.0,0.0,99.0,active_set_max_passes,2.0,7.2130061675330275,13.501178634424686,32.0,32.0,5552.0,60.14947381768834,0.04472112381103689,nonsingular_isothermal,1.0,0.01,2.0,0.3,1.0,0.0,strict_pass,1.0,none,none,,,0.9966537966537966,1.0,0.9966537966537966,0.974903474903475,0.9873015873015873,0.9857142857142858,0.025096525096525046,0.012698412698412653,0.014285714285714235,0.0,0.0,3872.0,3885.0,1.0,inverse_phase_volume,geometric_mean,3872.0,3872.0,3872.0,0.0,420.0,0.0,0.0,3.5607335762805934e+42,4.572881655050401e+51,1284252684.7591498,1.1172138809007887e-06,1434.7849259970176,0.0006969685713035423,895083.7588893173,1284252684.7591414,0.0
3.850839685468263,36.68623707859256,672068.2174315349,4.47550709350543,69.21194067813943,-1000000.0,solver_failed_full,768.0,69.21194067813943,0.8818285606111544,0.8341863881086402,2.639542434758742,0.0,0.0,51.0,reduced_spear_inconsistent,2.0,12.303507656108009,56.90843302203143,32.0,32.0,6380.0,102.21857149952696,0.050531585199277085,nonsingular_isothermal,1.0,0.01,2.0,0.3,1.0,0.0,severe_coverage_warn,0.0,inner,multiple,1;2,Lfrac coverage gap 0.123 exceeds 0.1 | third_integral coverage gap 0.105 exceeds 0.1 | 4 planned shell-band/Lfrac/third-integral cells have no successful orbit,0.9701415701415701,1.0,0.9701415701415701,0.9106029106029107,0.8772486772486773,0.8952380952380953,0.08939708939708935,0.12275132275132272,0.10476190476190472,4.0,0.0,3769.0,3885.0,1.0,inverse_phase_volume,geometric_mean,3769.0,3769.0,3769.0,0.0,420.0,0.0,0.0,1.8384481905501967e+42,1.2535949408683257e+51,681876675.8355912,5.921756973392361e-07,403.7907960123006,0.0024765299503496786,1688688.0101517169,681876675.8355898,0.0
6.465784179801911,25.060145042574714,322027.4215486124,3.1703642036807484,46.52486498090178,-1000000.0,solver_failed_full,769.0,46.52486498090178,0.08416909326190591,1.0322231339648302,1.4597839554481808,1.0,0.0,69.0,reduced_spear_inconsistent,2.0,6.677371280611596,39.84749370029018,32.0,32.0,6200.0,62.29963982381188,0.06041377714173359,nonsingular_isothermal,1.0,0.01,2.0,0.3,1.0,0.0,strict_pass,1.0,none,none,,,0.9953667953667954,1.0,0.9953667953667954,0.9652509652509652,0.9809523809523809,0.9833333333333333,0.03474903474903479,0.01904761904761909,0.01666666666666672,0.0,0.0,3867.0,3885.0,1.0,inverse_phase_volume,geometric_mean,3867.0,3867.0,3867.0,0.0,420.0,0.0,0.0,3.1781665108584707e+38,1.1823225323021833e+51,3720140301845.9854,8.934388989691582e-11,332.37180552920955,0.0030086787849161224,11192707203.075567,3720140301846.0156,0.0
9.559062126624127,75.82266423042715,66218.88868633054,1.3948725297692322,24.77874753372705,-1000000.0,solver_failed_full,770.0,24.77874753372705,0.19509263700226498,0.8675974141102168,1.780066512893583,1.0,0.0,87.0,active_set_max_passes,2.0,10.735565000590345,14.043182533136696,32.0,32.0,2413.0,44.721348283091274,0.08518020461553232,nonsingular_isothermal,1.0,0.01,2.0,0.3,1.0,0.0,strict_pass,1.0,none,none,,,0.9958815958815959,1.0,0.9958815958815959,0.9691119691119691,0.9830687830687831,0.9833333333333333,0.030888030888030937,0.016931216931216908,0.01666666666666672,0.0,0.0,3869.0,3885.0,1.0,inverse_phase_volume,geometric_mean,3869.0,3869.0,3869.0,0.0,420.0,0.0,0.0,2.3972051683113133e+42,4.1523674872101296e+51,1732170254.803523,1.8822408848108011e-06,3260.3616730443428,0.00030671443854456067,531281.6271656526,1732170254.8035276,0.0
6.154005177931415,2.3745138892357653,13505.528548666302,1.5996260407151446,52.975037582423234,-1000000.0,solver_failed_full,771.0,52.975037582423234,0.03741626353490801,0.8969597330617073,1.7656017542466158,1.0,0.0,83.0,active_set_max_passes,2.0,10.814560828150961,42.16047675427226,32.0,32.0,3884.0,49.36423468452442,0.059132677261165036,nonsingular_isothermal,1.0,0.01,2.0,0.3,1.0,0.0,strict_pass,1.0,none,none,,,0.9981981981981982,1.0,0.9981981981981982,0.9864864864864865,0.9925925925925926,0.9976190476190476,0.013513513513513487,0.007407407407407418,0.0023809523809523725,0.0,0.0,3878.0,3885.0,1.0,inverse_phase_volume,geometric_mean,3878.0,3878.0,3878.0,0.0,420.0,0.0,0.0,1.9074499613824253e+41,6.003629461088812e+50,3147463672.7758136,1.1317069867509282e-07,356.20066290251214,0.00280740634183965,8836209.475660726,3147463672.7758102,0.0
16.73778174901272,1.883006519625328,0.0,1.7012984164659077,16.352644397841214,-1000000.0,solver_failed_full,772.0,16.352644397841214,0.2550428004618972,0.8391439124854099,1.645692837305896,1.0,0.0,88.0,active_set_max_passes,2.0,9.259581975375886,7.093062422465325,32.0,32.0,6438.0,52.42320022722562,0.06040199584820826,nonsingular_isothermal,1.0,0.01,2.0,0.3,1.0,0.0,strict_pass,1.0,none,none,,,0.9976833976833976,1.0,0.9976833976833976,0.9826254826254827,0.9915343915343915,0.9952380952380953,0.01737451737451734,0.00846560846560851,0.004761904761904745,0.0,0.0,3876.0,3885.0,1.0,inverse_phase_volume,geometric_mean,3876.0,3876.0,3876.0,0.0,420.0,0.0,0.0,2.126402740979108e+43,3.966456326982932e+52,1865336349.7624943,2.758457480424574e-07,514.5451007510203,0.0019434642338259929,3625214.479818927,1865336349.7624876,0.0
